<gpx version="1.1" creator="Reese Field Notes" xmlns="http://www.topografix.com/GPX/1/1"><trk><trkseg><trkpt lat="40.75319114222369" lon="-74.00933730562552"><time>2026-06-13T13:25:48Z</time></trkpt><trkpt lat="40.75319555993055" lon="-74.00936450095337"><time>2026-06-13T13:25:49Z</time></trkpt><trkpt lat="40.75320433824865" lon="-74.00939298693385"><time>2026-06-13T13:25:50Z</time></trkpt><trkpt lat="40.75321311661153" lon="-74.0094231741512"><time>2026-06-13T13:25:51Z</time></trkpt><trkpt lat="40.753219193128565" lon="-74.00945172531252"><time>2026-06-13T13:25:52Z</time></trkpt><trkpt lat="40.753220876962544" lon="-74.00948217397598"><time>2026-06-13T13:25:53Z</time></trkpt><trkpt lat="40.75322297833285" lon="-74.00951356500647"><time>2026-06-13T13:25:54Z</time></trkpt><trkpt lat="40.75322345338067" lon="-74.00954446236712"><time>2026-06-13T13:25:55Z</time></trkpt><trkpt lat="40.75322693517166" lon="-74.00957621284083"><time>2026-06-13T13:25:56Z</time></trkpt><trkpt lat="40.75323282544582" lon="-74.00960822756159"><time>2026-06-13T13:25:57Z</time></trkpt><trkpt lat="40.75323619986741" lon="-74.00964041774401"><time>2026-06-13T13:25:58Z</time></trkpt><trkpt lat="40.753236296065" lon="-74.00967159141899"><time>2026-06-13T13:25:59Z</time></trkpt><trkpt lat="40.75323324414483" lon="-74.00970335526188"><time>2026-06-13T13:26:00Z</time></trkpt><trkpt lat="40.75322968200421" lon="-74.00973550585134"><time>2026-06-13T13:26:01Z</time></trkpt><trkpt lat="40.75322487852549" lon="-74.00976857877578"><time>2026-06-13T13:26:02Z</time></trkpt><trkpt lat="40.75321918931474" lon="-74.00980125519713"><time>2026-06-13T13:26:03Z</time></trkpt><trkpt lat="40.7532135720706" lon="-74.00983596278189"><time>2026-06-13T13:26:04Z</time></trkpt><trkpt lat="40.75320370044668" lon="-74.00986756814447"><time>2026-06-13T13:26:05Z</time></trkpt><trkpt lat="40.7531895270902" lon="-74.0098964601762"><time>2026-06-13T13:26:06Z</time></trkpt><trkpt lat="40.75317168570639" lon="-74.00992219963273"><time>2026-06-13T13:26:07Z</time></trkpt><trkpt lat="40.75315501189968" lon="-74.00994581119548"><time>2026-06-13T13:26:08Z</time></trkpt><trkpt lat="40.7531375981181" lon="-74.00997037426896"><time>2026-06-13T13:26:09Z</time></trkpt><trkpt lat="40.753121006989446" lon="-74.00999600403478"><time>2026-06-13T13:26:10Z</time></trkpt><trkpt lat="40.75310447847616" lon="-74.01002092305654"><time>2026-06-13T13:26:11Z</time></trkpt><trkpt lat="40.753086701416414" lon="-74.01004317799084"><time>2026-06-13T13:26:12Z</time></trkpt><trkpt lat="40.753069401799266" lon="-74.01006873095061"><time>2026-06-13T13:26:13Z</time></trkpt><trkpt lat="40.7530512713759" lon="-74.01009289149357"><time>2026-06-13T13:26:14Z</time></trkpt><trkpt lat="40.75303320304467" lon="-74.01011691081158"><time>2026-06-13T13:26:15Z</time></trkpt><trkpt lat="40.75301379083803" lon="-74.0101402922623"><time>2026-06-13T13:26:16Z</time></trkpt><trkpt lat="40.752995944839206" lon="-74.01016323743566"><time>2026-06-13T13:26:17Z</time></trkpt><trkpt lat="40.752975596970714" lon="-74.01018724808614"><time>2026-06-13T13:26:18Z</time></trkpt><trkpt lat="40.75295479900053" lon="-74.01020976549695"><time>2026-06-13T13:26:19Z</time></trkpt><trkpt lat="40.75293522949927" lon="-74.01023232041577"><time>2026-06-13T13:26:20Z</time></trkpt><trkpt lat="40.752916218628286" lon="-74.01025140887215"><time>2026-06-13T13:26:21Z</time></trkpt><trkpt lat="40.75289367504185" lon="-74.01027247143753"><time>2026-06-13T13:26:22Z</time></trkpt><trkpt lat="40.75287212455806" lon="-74.010294238845"><time>2026-06-13T13:26:23Z</time></trkpt><trkpt lat="40.752849663340555" lon="-74.0103134688094"><time>2026-06-13T13:26:24Z</time></trkpt><trkpt lat="40.752826972971484" lon="-74.01032975246535"><time>2026-06-13T13:26:25Z</time></trkpt><trkpt lat="40.75280400727594" lon="-74.01034629744642"><time>2026-06-13T13:26:26Z</time></trkpt><trkpt lat="40.75278286404932" lon="-74.01036621083892"><time>2026-06-13T13:26:27Z</time></trkpt><trkpt lat="40.75276197768807" lon="-74.01038662699644"><time>2026-06-13T13:26:28Z</time></trkpt><trkpt lat="40.75274071685134" lon="-74.01040831391813"><time>2026-06-13T13:26:29Z</time></trkpt><trkpt lat="40.75271851584292" lon="-74.01042761670044"><time>2026-06-13T13:26:30Z</time></trkpt><trkpt lat="40.75269631164859" lon="-74.01044605726513"><time>2026-06-13T13:26:31Z</time></trkpt><trkpt lat="40.75267498245201" lon="-74.01046443605435"><time>2026-06-13T13:26:32Z</time></trkpt><trkpt lat="40.75265354506082" lon="-74.01048431961198"><time>2026-06-13T13:26:33Z</time></trkpt><trkpt lat="40.752632552023975" lon="-74.0105058645748"><time>2026-06-13T13:26:34Z</time></trkpt><trkpt lat="40.75261205131039" lon="-74.01052865474291"><time>2026-06-13T13:26:35Z</time></trkpt><trkpt lat="40.75259079575515" lon="-74.01055121142181"><time>2026-06-13T13:26:36Z</time></trkpt><trkpt lat="40.752569595917805" lon="-74.01057029587054"><time>2026-06-13T13:26:37Z</time></trkpt><trkpt lat="40.75254739989666" lon="-74.01058868008633"><time>2026-06-13T13:26:38Z</time></trkpt><trkpt lat="40.75252508421804" lon="-74.01060596751331"><time>2026-06-13T13:26:39Z</time></trkpt><trkpt lat="40.752502687816005" lon="-74.0106254656487"><time>2026-06-13T13:26:40Z</time></trkpt><trkpt lat="40.752480748633495" lon="-74.01064531201135"><time>2026-06-13T13:26:41Z</time></trkpt><trkpt lat="40.75245877571332" lon="-74.0106650118875"><time>2026-06-13T13:26:42Z</time></trkpt><trkpt lat="40.7524374534608" lon="-74.01068731817077"><time>2026-06-13T13:26:43Z</time></trkpt><trkpt lat="40.752415673887356" lon="-74.01070653428211"><time>2026-06-13T13:26:44Z</time></trkpt><trkpt lat="40.752394190835815" lon="-74.0107266328714"><time>2026-06-13T13:26:45Z</time></trkpt><trkpt lat="40.75237151939875" lon="-74.0107462338555"><time>2026-06-13T13:26:46Z</time></trkpt><trkpt lat="40.7523502684502" lon="-74.0107673803248"><time>2026-06-13T13:26:47Z</time></trkpt><trkpt lat="40.75232964277205" lon="-74.01079063382792"><time>2026-06-13T13:26:48Z</time></trkpt><trkpt lat="40.752309952343786" lon="-74.01081258985435"><time>2026-06-13T13:26:49Z</time></trkpt><trkpt lat="40.75228718112936" lon="-74.01083218282137"><time>2026-06-13T13:26:50Z</time></trkpt><trkpt lat="40.752267745784465" lon="-74.01085438504484"><time>2026-06-13T13:26:51Z</time></trkpt><trkpt lat="40.75224855126027" lon="-74.01087984781199"><time>2026-06-13T13:26:52Z</time></trkpt><trkpt lat="40.75223045077657" lon="-74.01090718610115"><time>2026-06-13T13:26:53Z</time></trkpt><trkpt lat="40.75221226410651" lon="-74.01093421286082"><time>2026-06-13T13:26:54Z</time></trkpt><trkpt lat="40.752191968206404" lon="-74.0109579687052"><time>2026-06-13T13:26:55Z</time></trkpt><trkpt lat="40.75217371515048" lon="-74.0109820642388"><time>2026-06-13T13:26:56Z</time></trkpt><trkpt lat="40.7521547676742" lon="-74.01100854067987"><time>2026-06-13T13:26:57Z</time></trkpt><trkpt lat="40.75213631466922" lon="-74.01103505272235"><time>2026-06-13T13:26:58Z</time></trkpt><trkpt lat="40.752116863709844" lon="-74.0110596290752"><time>2026-06-13T13:26:59Z</time></trkpt><trkpt lat="40.75209827518911" lon="-74.01108461905801"><time>2026-06-13T13:27:00Z</time></trkpt><trkpt lat="40.75208174718431" lon="-74.01110971095954"><time>2026-06-13T13:27:01Z</time></trkpt><trkpt lat="40.752065212875245" lon="-74.01113572209513"><time>2026-06-13T13:27:02Z</time></trkpt><trkpt lat="40.752049603968636" lon="-74.01116698212329"><time>2026-06-13T13:27:03Z</time></trkpt><trkpt lat="40.75203486243507" lon="-74.01119693349528"><time>2026-06-13T13:27:04Z</time></trkpt><trkpt lat="40.752022812333465" lon="-74.01122800934476"><time>2026-06-13T13:27:05Z</time></trkpt><trkpt lat="40.752011377800414" lon="-74.01126076609052"><time>2026-06-13T13:27:06Z</time></trkpt><trkpt lat="40.75200293718062" lon="-74.01129330383293"><time>2026-06-13T13:27:07Z</time></trkpt><trkpt lat="40.75199545956056" lon="-74.0113254057247"><time>2026-06-13T13:27:08Z</time></trkpt><trkpt lat="40.751987036440134" lon="-74.0113600292111"><time>2026-06-13T13:27:09Z</time></trkpt><trkpt lat="40.7519831522512" lon="-74.01139311934294"><time>2026-06-13T13:27:10Z</time></trkpt><trkpt lat="40.75198050387731" lon="-74.01142658946952"><time>2026-06-13T13:27:11Z</time></trkpt><trkpt lat="40.75198018106604" lon="-74.01146180557512"><time>2026-06-13T13:27:12Z</time></trkpt><trkpt lat="40.751982308493" lon="-74.01149625595723"><time>2026-06-13T13:27:13Z</time></trkpt><trkpt lat="40.751986648989295" lon="-74.0115299734047"><time>2026-06-13T13:27:14Z</time></trkpt><trkpt lat="40.75198756826533" lon="-74.01156466388738"><time>2026-06-13T13:27:15Z</time></trkpt><trkpt lat="40.7519901269256" lon="-74.01159898290882"><time>2026-06-13T13:27:16Z</time></trkpt><trkpt lat="40.75199229365493" lon="-74.0116338322375"><time>2026-06-13T13:27:17Z</time></trkpt><trkpt lat="40.75199468984627" lon="-74.01166705654681"><time>2026-06-13T13:27:18Z</time></trkpt><trkpt lat="40.75200156367914" lon="-74.01169857909234"><time>2026-06-13T13:27:19Z</time></trkpt><trkpt lat="40.75200587987529" lon="-74.01173318864502"><time>2026-06-13T13:27:20Z</time></trkpt><trkpt lat="40.75201349419767" lon="-74.0117644377266"><time>2026-06-13T13:27:21Z</time></trkpt><trkpt lat="40.75201910153699" lon="-74.01179610098232"><time>2026-06-13T13:27:22Z</time></trkpt><trkpt lat="40.75202963357229" lon="-74.01182724691273"><time>2026-06-13T13:27:23Z</time></trkpt><trkpt lat="40.752037178950886" lon="-74.0118596177797"><time>2026-06-13T13:27:24Z</time></trkpt><trkpt lat="40.75204715841082" lon="-74.01189055351978"><time>2026-06-13T13:27:25Z</time></trkpt><trkpt lat="40.752054539237754" lon="-74.01192238874077"><time>2026-06-13T13:27:26Z</time></trkpt><trkpt lat="40.75206485708232" lon="-74.0119540017039"><time>2026-06-13T13:27:27Z</time></trkpt><trkpt lat="40.75207542468299" lon="-74.01198450180442"><time>2026-06-13T13:27:28Z</time></trkpt><trkpt lat="40.752084851771855" lon="-74.0120164614762"><time>2026-06-13T13:27:29Z</time></trkpt><trkpt lat="40.752093268917854" lon="-74.01205613045217"><time>2026-06-13T13:27:30Z</time></trkpt><trkpt lat="40.75210288358564" lon="-74.01208541764987"><time>2026-06-13T13:27:31Z</time></trkpt><trkpt lat="40.75211553096818" lon="-74.01210750853149"><time>2026-06-13T13:27:32Z</time></trkpt><trkpt lat="40.75212652058921" lon="-74.01214262114776"><time>2026-06-13T13:27:33Z</time></trkpt><trkpt lat="40.752138421813356" lon="-74.0121698992356"><time>2026-06-13T13:27:34Z</time></trkpt><trkpt lat="40.75215068292558" lon="-74.0121999911022"><time>2026-06-13T13:27:35Z</time></trkpt><trkpt lat="40.75216485943254" lon="-74.01222677409459"><time>2026-06-13T13:27:36Z</time></trkpt><trkpt lat="40.75217998534434" lon="-74.01225351976807"><time>2026-06-13T13:27:37Z</time></trkpt><trkpt lat="40.75219369695781" lon="-74.01227907326108"><time>2026-06-13T13:27:38Z</time></trkpt><trkpt lat="40.75220736507824" lon="-74.01230995520524"><time>2026-06-13T13:27:39Z</time></trkpt><trkpt lat="40.75222062138117" lon="-74.01233937860086"><time>2026-06-13T13:27:40Z</time></trkpt><trkpt lat="40.752232654104546" lon="-74.01236967493419"><time>2026-06-13T13:27:41Z</time></trkpt><trkpt lat="40.752244206695266" lon="-74.01239997038708"><time>2026-06-13T13:27:42Z</time></trkpt><trkpt lat="40.75225651607346" lon="-74.01242920509125"><time>2026-06-13T13:27:43Z</time></trkpt><trkpt lat="40.75227047175087" lon="-74.01245654508682"><time>2026-06-13T13:27:44Z</time></trkpt><trkpt lat="40.752283826792684" lon="-74.01248731697923"><time>2026-06-13T13:27:45Z</time></trkpt><trkpt lat="40.75229536194445" lon="-74.0125179378605"><time>2026-06-13T13:27:46Z</time></trkpt><trkpt lat="40.75231102949161" lon="-74.01254140327217"><time>2026-06-13T13:27:47Z</time></trkpt><trkpt lat="40.752327059616206" lon="-74.01257022146072"><time>2026-06-13T13:27:48Z</time></trkpt><trkpt lat="40.75234315514875" lon="-74.01259558573999"><time>2026-06-13T13:27:49Z</time></trkpt><trkpt lat="40.752358237214104" lon="-74.01262657005141"><time>2026-06-13T13:27:50Z</time></trkpt><trkpt lat="40.752373829616076" lon="-74.01265184294051"><time>2026-06-13T13:27:51Z</time></trkpt><trkpt lat="40.75239017980773" lon="-74.01267641181528"><time>2026-06-13T13:27:52Z</time></trkpt><trkpt lat="40.75240665740875" lon="-74.01270421792921"><time>2026-06-13T13:27:53Z</time></trkpt><trkpt lat="40.752424190137496" lon="-74.01273029112826"><time>2026-06-13T13:27:54Z</time></trkpt><trkpt lat="40.752442776105234" lon="-74.01275307394212"><time>2026-06-13T13:27:55Z</time></trkpt><trkpt lat="40.75246049535983" lon="-74.0127769210027"><time>2026-06-13T13:27:56Z</time></trkpt><trkpt lat="40.75247726594616" lon="-74.01279943375125"><time>2026-06-13T13:27:57Z</time></trkpt><trkpt lat="40.752496499819095" lon="-74.0128244610583"><time>2026-06-13T13:27:58Z</time></trkpt><trkpt lat="40.75251572568457" lon="-74.01284587643501"><time>2026-06-13T13:27:59Z</time></trkpt><trkpt lat="40.75253655636369" lon="-74.01286602708304"><time>2026-06-13T13:28:00Z</time></trkpt><trkpt lat="40.752559583889024" lon="-74.0128850619816"><time>2026-06-13T13:28:01Z</time></trkpt><trkpt lat="40.75258198555958" lon="-74.0129034158746"><time>2026-06-13T13:28:02Z</time></trkpt><trkpt lat="40.75260445579463" lon="-74.01292209222589"><time>2026-06-13T13:28:03Z</time></trkpt><trkpt lat="40.75262764047257" lon="-74.01293685424811"><time>2026-06-13T13:28:04Z</time></trkpt><trkpt lat="40.752652526027916" lon="-74.0129480820461"><time>2026-06-13T13:28:05Z</time></trkpt><trkpt lat="40.752676692039614" lon="-74.01295776347447"><time>2026-06-13T13:28:06Z</time></trkpt><trkpt lat="40.752699870240626" lon="-74.01296841551115"><time>2026-06-13T13:28:07Z</time></trkpt><trkpt lat="40.752723989728786" lon="-74.01298220628111"><time>2026-06-13T13:28:08Z</time></trkpt><trkpt lat="40.75274933747602" lon="-74.01299495357698"><time>2026-06-13T13:28:09Z</time></trkpt><trkpt lat="40.752774820571005" lon="-74.01300405732492"><time>2026-06-13T13:28:10Z</time></trkpt><trkpt lat="40.75280076151454" lon="-74.01301327198655"><time>2026-06-13T13:28:11Z</time></trkpt><trkpt lat="40.75282615796312" lon="-74.01301930090514"><time>2026-06-13T13:28:12Z</time></trkpt><trkpt lat="40.75285220169185" lon="-74.0130264678328"><time>2026-06-13T13:28:13Z</time></trkpt><trkpt lat="40.75287813651379" lon="-74.01303503877342"><time>2026-06-13T13:28:14Z</time></trkpt><trkpt lat="40.75290464686832" lon="-74.01304329537545"><time>2026-06-13T13:28:15Z</time></trkpt><trkpt lat="40.75293076748821" lon="-74.01305236617034"><time>2026-06-13T13:28:16Z</time></trkpt><trkpt lat="40.75295760822441" lon="-74.01305746589443"><time>2026-06-13T13:28:17Z</time></trkpt><trkpt lat="40.752984107507615" lon="-74.01306320857537"><time>2026-06-13T13:28:18Z</time></trkpt><trkpt lat="40.75300959013868" lon="-74.01306917808806"><time>2026-06-13T13:28:19Z</time></trkpt><trkpt lat="40.75303588524871" lon="-74.01307508591252"><time>2026-06-13T13:28:20Z</time></trkpt><trkpt lat="40.75306355735994" lon="-74.01307712748469"><time>2026-06-13T13:28:21Z</time></trkpt><trkpt lat="40.75308975247407" lon="-74.01308239449747"><time>2026-06-13T13:28:22Z</time></trkpt><trkpt lat="40.753115260835386" lon="-74.01308519057223"><time>2026-06-13T13:28:23Z</time></trkpt><trkpt lat="40.753140454948536" lon="-74.01308782138678"><time>2026-06-13T13:28:24Z</time></trkpt><trkpt lat="40.753168419178685" lon="-74.01309320334859"><time>2026-06-13T13:28:25Z</time></trkpt><trkpt lat="40.753192547197514" lon="-74.01309629288203"><time>2026-06-13T13:28:26Z</time></trkpt><trkpt lat="40.75321975313897" lon="-74.01309918653688"><time>2026-06-13T13:28:27Z</time></trkpt><trkpt lat="40.75324395730189" lon="-74.01309941318836"><time>2026-06-13T13:28:28Z</time></trkpt><trkpt lat="40.75327138678368" lon="-74.01310107219749"><time>2026-06-13T13:28:29Z</time></trkpt><trkpt lat="40.75329545879201" lon="-74.0130995436009"><time>2026-06-13T13:28:30Z</time></trkpt><trkpt lat="40.75332162256061" lon="-74.0130978722779"><time>2026-06-13T13:28:31Z</time></trkpt><trkpt lat="40.753348757903865" lon="-74.01309736469635"><time>2026-06-13T13:28:32Z</time></trkpt><trkpt lat="40.75337318200238" lon="-74.01309794638289"><time>2026-06-13T13:28:33Z</time></trkpt><trkpt lat="40.7533978130525" lon="-74.01309799776224"><time>2026-06-13T13:28:34Z</time></trkpt><trkpt lat="40.75342345627487" lon="-74.01309665657067"><time>2026-06-13T13:28:35Z</time></trkpt><trkpt lat="40.753448719932194" lon="-74.01309470928591"><time>2026-06-13T13:28:36Z</time></trkpt><trkpt lat="40.753475248083646" lon="-74.01309013443021"><time>2026-06-13T13:28:37Z</time></trkpt><trkpt lat="40.75350073114524" lon="-74.01308767203766"><time>2026-06-13T13:28:38Z</time></trkpt><trkpt lat="40.75352325203673" lon="-74.01308613422965"><time>2026-06-13T13:28:39Z</time></trkpt><trkpt lat="40.75355131584754" lon="-74.01308566907439"><time>2026-06-13T13:28:40Z</time></trkpt><trkpt lat="40.75357527126465" lon="-74.01308402493359"><time>2026-06-13T13:28:41Z</time></trkpt><trkpt lat="40.75359947969712" lon="-74.01308051256703"><time>2026-06-13T13:28:42Z</time></trkpt><trkpt lat="40.753625483061796" lon="-74.01308059104996"><time>2026-06-13T13:28:43Z</time></trkpt><trkpt lat="40.7536512366245" lon="-74.01307588045378"><time>2026-06-13T13:28:44Z</time></trkpt><trkpt lat="40.75367732067623" lon="-74.01307299010874"><time>2026-06-13T13:28:45Z</time></trkpt><trkpt lat="40.7537012055997" lon="-74.01307084436998"><time>2026-06-13T13:28:46Z</time></trkpt><trkpt lat="40.753726070819695" lon="-74.01307676148453"><time>2026-06-13T13:28:47Z</time></trkpt><trkpt lat="40.753753231855484" lon="-74.01307900063857"><time>2026-06-13T13:28:48Z</time></trkpt><trkpt lat="40.75377621354667" lon="-74.0130825978897"><time>2026-06-13T13:28:49Z</time></trkpt><trkpt lat="40.75380024743213" lon="-74.01308879258504"><time>2026-06-13T13:28:50Z</time></trkpt><trkpt lat="40.75382497933674" lon="-74.01309345593982"><time>2026-06-13T13:28:51Z</time></trkpt><trkpt lat="40.75384947709181" lon="-74.01310008495373"><time>2026-06-13T13:28:52Z</time></trkpt><trkpt lat="40.753873441687" lon="-74.01310317486663"><time>2026-06-13T13:28:53Z</time></trkpt><trkpt lat="40.75389744906841" lon="-74.01310515952945"><time>2026-06-13T13:28:54Z</time></trkpt><trkpt lat="40.75392205231244" lon="-74.01310865078882"><time>2026-06-13T13:28:55Z</time></trkpt><trkpt lat="40.753946250036265" lon="-74.01311218651232"><time>2026-06-13T13:28:56Z</time></trkpt><trkpt lat="40.75397044577545" lon="-74.01311173718261"><time>2026-06-13T13:28:57Z</time></trkpt><trkpt lat="40.75399453755083" lon="-74.01311178756178"><time>2026-06-13T13:28:58Z</time></trkpt><trkpt lat="40.75401528662709" lon="-74.0131128699681"><time>2026-06-13T13:28:59Z</time></trkpt><trkpt lat="40.75404297259656" lon="-74.01311420761392"><time>2026-06-13T13:29:00Z</time></trkpt><trkpt lat="40.7540657378859" lon="-74.01311686711335"><time>2026-06-13T13:29:01Z</time></trkpt><trkpt lat="40.754088699584344" lon="-74.01311497833463"><time>2026-06-13T13:29:02Z</time></trkpt><trkpt lat="40.75411164904011" lon="-74.01311045000442"><time>2026-06-13T13:29:03Z</time></trkpt><trkpt lat="40.754136890542306" lon="-74.01310975594909"><time>2026-06-13T13:29:04Z</time></trkpt><trkpt lat="40.75416040216483" lon="-74.01310703359601"><time>2026-06-13T13:29:05Z</time></trkpt><trkpt lat="40.75418560518672" lon="-74.01310393130342"><time>2026-06-13T13:29:06Z</time></trkpt><trkpt lat="40.75421051354814" lon="-74.01310302812897"><time>2026-06-13T13:29:07Z</time></trkpt><trkpt lat="40.75423517318399" lon="-74.01310493306791"><time>2026-06-13T13:29:08Z</time></trkpt><trkpt lat="40.75425956159675" lon="-74.01310603649917"><time>2026-06-13T13:29:09Z</time></trkpt><trkpt lat="40.75428423600666" lon="-74.01310483941076"><time>2026-06-13T13:29:10Z</time></trkpt><trkpt lat="40.75430783985757" lon="-74.01310532016507"><time>2026-06-13T13:29:11Z</time></trkpt><trkpt lat="40.75433035388304" lon="-74.01310438900005"><time>2026-06-13T13:29:12Z</time></trkpt><trkpt lat="40.75435516342404" lon="-74.01310206608687"><time>2026-06-13T13:29:13Z</time></trkpt><trkpt lat="40.75437773256162" lon="-74.01309988641026"><time>2026-06-13T13:29:14Z</time></trkpt><trkpt lat="40.75440191488972" lon="-74.01309960719281"><time>2026-06-13T13:29:15Z</time></trkpt><trkpt lat="40.754424862356174" lon="-74.01310028139827"><time>2026-06-13T13:29:16Z</time></trkpt><trkpt lat="40.75445031138659" lon="-74.0131022604907"><time>2026-06-13T13:29:17Z</time></trkpt><trkpt lat="40.75447342955871" lon="-74.01310100541787"><time>2026-06-13T13:29:18Z</time></trkpt><trkpt lat="40.75449741583189" lon="-74.01309724322786"><time>2026-06-13T13:29:19Z</time></trkpt><trkpt lat="40.754521029212285" lon="-74.01309408474938"><time>2026-06-13T13:29:20Z</time></trkpt><trkpt lat="40.75454399124913" lon="-74.01309179219594"><time>2026-06-13T13:29:21Z</time></trkpt><trkpt lat="40.754565586124535" lon="-74.01308770844163"><time>2026-06-13T13:29:22Z</time></trkpt><trkpt lat="40.75458894593669" lon="-74.01308215832653"><time>2026-06-13T13:29:23Z</time></trkpt><trkpt lat="40.75461432759271" lon="-74.01308229176027"><time>2026-06-13T13:29:24Z</time></trkpt><trkpt lat="40.75463945664223" lon="-74.01307861696165"><time>2026-06-13T13:29:25Z</time></trkpt><trkpt lat="40.75466264997993" lon="-74.01307625912888"><time>2026-06-13T13:29:26Z</time></trkpt><trkpt lat="40.75468557467515" lon="-74.01306768993105"><time>2026-06-13T13:29:27Z</time></trkpt><trkpt lat="40.75470944630671" lon="-74.01306150146446"><time>2026-06-13T13:29:28Z</time></trkpt><trkpt lat="40.754731478320664" lon="-74.01305489700106"><time>2026-06-13T13:29:29Z</time></trkpt><trkpt lat="40.75475640467337" lon="-74.01305483654421"><time>2026-06-13T13:29:30Z</time></trkpt><trkpt lat="40.75477776916057" lon="-74.01305133604876"><time>2026-06-13T13:29:31Z</time></trkpt><trkpt lat="40.75479985889831" lon="-74.01304587451621"><time>2026-06-13T13:29:32Z</time></trkpt><trkpt lat="40.75482240047756" lon="-74.0130418563531"><time>2026-06-13T13:29:33Z</time></trkpt><trkpt lat="40.75484462264782" lon="-74.01303412899739"><time>2026-06-13T13:29:34Z</time></trkpt><trkpt lat="40.754867586589434" lon="-74.01302610529056"><time>2026-06-13T13:29:35Z</time></trkpt><trkpt lat="40.75489208045325" lon="-74.01302206120846"><time>2026-06-13T13:29:36Z</time></trkpt><trkpt lat="40.75491512981449" lon="-74.01301895131223"><time>2026-06-13T13:29:37Z</time></trkpt><trkpt lat="40.75493828178246" lon="-74.01301276922297"><time>2026-06-13T13:29:38Z</time></trkpt><trkpt lat="40.754961084193376" lon="-74.013007669322"><time>2026-06-13T13:29:39Z</time></trkpt><trkpt lat="40.754983246513454" lon="-74.01300251815191"><time>2026-06-13T13:29:40Z</time></trkpt><trkpt lat="40.755004739171426" lon="-74.01299489441627"><time>2026-06-13T13:29:41Z</time></trkpt><trkpt lat="40.755030312573815" lon="-74.01298653942835"><time>2026-06-13T13:29:42Z</time></trkpt><trkpt lat="40.75505203041236" lon="-74.01297638194391"><time>2026-06-13T13:29:43Z</time></trkpt><trkpt lat="40.75507505835443" lon="-74.01296696465438"><time>2026-06-13T13:29:44Z</time></trkpt><trkpt lat="40.75509367473055" lon="-74.01295751949075"><time>2026-06-13T13:29:45Z</time></trkpt><trkpt lat="40.75511886814861" lon="-74.01295175573654"><time>2026-06-13T13:29:46Z</time></trkpt><trkpt lat="40.75514397329866" lon="-74.01294062324057"><time>2026-06-13T13:29:47Z</time></trkpt><trkpt lat="40.755166222640746" lon="-74.01293010941002"><time>2026-06-13T13:29:48Z</time></trkpt><trkpt lat="40.755188361561075" lon="-74.0129196808993"><time>2026-06-13T13:29:49Z</time></trkpt><trkpt lat="40.75520866757698" lon="-74.01291104471463"><time>2026-06-13T13:29:50Z</time></trkpt><trkpt lat="40.75522824920339" lon="-74.012902377705"><time>2026-06-13T13:29:51Z</time></trkpt><trkpt lat="40.75525211585033" lon="-74.01290146240596"><time>2026-06-13T13:29:52Z</time></trkpt><trkpt lat="40.755273148787744" lon="-74.01289502288256"><time>2026-06-13T13:29:53Z</time></trkpt><trkpt lat="40.75530649171467" lon="-74.01288127929176"><time>2026-06-13T13:29:55Z</time></trkpt><trkpt lat="40.7553380058929" lon="-74.01288081431406"><time>2026-06-13T13:29:57Z</time></trkpt><trkpt lat="40.755366005880816" lon="-74.01286463583808"><time>2026-06-13T13:29:59Z</time></trkpt><trkpt lat="40.75539283067483" lon="-74.01285263433309"><time>2026-06-13T13:30:01Z</time></trkpt><trkpt lat="40.75541962084539" lon="-74.0128414853898"><time>2026-06-13T13:30:03Z</time></trkpt><trkpt lat="40.75544376588173" lon="-74.01284052764207"><time>2026-06-13T13:30:05Z</time></trkpt><trkpt lat="40.75547031842918" lon="-74.01284603489079"><time>2026-06-13T13:30:07Z</time></trkpt><trkpt lat="40.75549411827701" lon="-74.01284698984897"><time>2026-06-13T13:30:09Z</time></trkpt><trkpt lat="40.75551646280694" lon="-74.01285050614042"><time>2026-06-13T13:30:11Z</time></trkpt><trkpt lat="40.75554007212248" lon="-74.01286014376466"><time>2026-06-13T13:30:13Z</time></trkpt><trkpt lat="40.75556239984465" lon="-74.01286976710718"><time>2026-06-13T13:30:15Z</time></trkpt><trkpt lat="40.755584661392874" lon="-74.01288667063044"><time>2026-06-13T13:30:17Z</time></trkpt><trkpt lat="40.755605787573735" lon="-74.01289565148068"><time>2026-06-13T13:30:19Z</time></trkpt><trkpt lat="40.75562565161793" lon="-74.01290235903072"><time>2026-06-13T13:30:21Z</time></trkpt><trkpt lat="40.75564811484658" lon="-74.01290667531752"><time>2026-06-13T13:30:23Z</time></trkpt><trkpt lat="40.755670013060026" lon="-74.01291280106797"><time>2026-06-13T13:30:25Z</time></trkpt><trkpt lat="40.75568980294597" lon="-74.01292360060087"><time>2026-06-13T13:30:27Z</time></trkpt><trkpt lat="40.755710079581355" lon="-74.0129338494771"><time>2026-06-13T13:30:29Z</time></trkpt><trkpt lat="40.75572928714327" lon="-74.01294408523285"><time>2026-06-13T13:30:31Z</time></trkpt><trkpt lat="40.75574953979524" lon="-74.01295498369988"><time>2026-06-13T13:30:33Z</time></trkpt><trkpt lat="40.75576877463893" lon="-74.01296591661814"><time>2026-06-13T13:30:35Z</time></trkpt><trkpt lat="40.755786521913244" lon="-74.01298320859065"><time>2026-06-13T13:30:37Z</time></trkpt><trkpt lat="40.755800152078706" lon="-74.01300096018524"><time>2026-06-13T13:30:39Z</time></trkpt><trkpt lat="40.75582476901123" lon="-74.0129872610149"><time>2026-06-13T13:30:42Z</time></trkpt><trkpt lat="40.755842805483546" lon="-74.01297952969294"><time>2026-06-13T13:30:44Z</time></trkpt><trkpt lat="40.75586781062969" lon="-74.01297725714053"><time>2026-06-13T13:30:47Z</time></trkpt><trkpt lat="40.75588517206676" lon="-74.01298373556786"><time>2026-06-13T13:30:49Z</time></trkpt><trkpt lat="40.75590163797375" lon="-74.01299560513796"><time>2026-06-13T13:30:51Z</time></trkpt><trkpt lat="40.75591778278445" lon="-74.01300860428861"><time>2026-06-13T13:30:53Z</time></trkpt><trkpt lat="40.7559342727457" lon="-74.01302132359862"><time>2026-06-13T13:30:55Z</time></trkpt><trkpt lat="40.75595086632621" lon="-74.01303059012574"><time>2026-06-13T13:30:57Z</time></trkpt><trkpt lat="40.75596837360238" lon="-74.01304279498527"><time>2026-06-13T13:30:59Z</time></trkpt><trkpt lat="40.75599321002707" lon="-74.01305578027954"><time>2026-06-13T13:31:02Z</time></trkpt><trkpt lat="40.75600945942289" lon="-74.01306791318898"><time>2026-06-13T13:31:04Z</time></trkpt><trkpt lat="40.75602575785724" lon="-74.01308129878102"><time>2026-06-13T13:31:06Z</time></trkpt><trkpt lat="40.756041117058636" lon="-74.01309631223265"><time>2026-06-13T13:31:08Z</time></trkpt><trkpt lat="40.756057457925635" lon="-74.01310992156687"><time>2026-06-13T13:31:10Z</time></trkpt><trkpt lat="40.75607382468777" lon="-74.01312509646357"><time>2026-06-13T13:31:12Z</time></trkpt><trkpt lat="40.75609033203155" lon="-74.01313899397624"><time>2026-06-13T13:31:14Z</time></trkpt><trkpt lat="40.756105956703976" lon="-74.01315125344853"><time>2026-06-13T13:31:16Z</time></trkpt><trkpt lat="40.75612314223626" lon="-74.01316374174283"><time>2026-06-13T13:31:18Z</time></trkpt><trkpt lat="40.7561406303832" lon="-74.01317562618524"><time>2026-06-13T13:31:20Z</time></trkpt><trkpt lat="40.75615693380278" lon="-74.01318621126794"><time>2026-06-13T13:31:22Z</time></trkpt><trkpt lat="40.756176294017045" lon="-74.01319713870838"><time>2026-06-13T13:31:24Z</time></trkpt><trkpt lat="40.75619328077192" lon="-74.01320879342691"><time>2026-06-13T13:31:26Z</time></trkpt><trkpt lat="40.75621150089754" lon="-74.01322289279966"><time>2026-06-13T13:31:28Z</time></trkpt><trkpt lat="40.75622744452132" lon="-74.01323530780172"><time>2026-06-13T13:31:30Z</time></trkpt><trkpt lat="40.756244973883696" lon="-74.01325055068723"><time>2026-06-13T13:31:32Z</time></trkpt><trkpt lat="40.75626003703233" lon="-74.01326553988451"><time>2026-06-13T13:31:34Z</time></trkpt><trkpt lat="40.756276299714806" lon="-74.0132812036408"><time>2026-06-13T13:31:36Z</time></trkpt><trkpt lat="40.756291878290604" lon="-74.01329390903574"><time>2026-06-13T13:31:38Z</time></trkpt><trkpt lat="40.756307822514216" lon="-74.01330952856563"><time>2026-06-13T13:31:40Z</time></trkpt><trkpt lat="40.75632402959599" lon="-74.01332400655521"><time>2026-06-13T13:31:42Z</time></trkpt><trkpt lat="40.75633960444775" lon="-74.01333706821995"><time>2026-06-13T13:31:44Z</time></trkpt><trkpt lat="40.75635659610406" lon="-74.01335435518448"><time>2026-06-13T13:31:46Z</time></trkpt><trkpt lat="40.75637179706166" lon="-74.01336968603981"><time>2026-06-13T13:31:48Z</time></trkpt><trkpt lat="40.75638776388337" lon="-74.01338830993545"><time>2026-06-13T13:31:50Z</time></trkpt><trkpt lat="40.756410230366875" lon="-74.01340997471343"><time>2026-06-13T13:31:52Z</time></trkpt><trkpt lat="40.75642927222736" lon="-74.01343111161567"><time>2026-06-13T13:31:55Z</time></trkpt><trkpt lat="40.75644457973072" lon="-74.0134461948574"><time>2026-06-13T13:31:57Z</time></trkpt><trkpt lat="40.7564617694149" lon="-74.01346281725405"><time>2026-06-13T13:31:59Z</time></trkpt><trkpt lat="40.75647651320213" lon="-74.01347920981715"><time>2026-06-13T13:32:01Z</time></trkpt><trkpt lat="40.75649228990325" lon="-74.01349375291728"><time>2026-06-13T13:32:03Z</time></trkpt><trkpt lat="40.7565087677738" lon="-74.01350981425459"><time>2026-06-13T13:32:05Z</time></trkpt><trkpt lat="40.756522932443744" lon="-74.01352515296809"><time>2026-06-13T13:32:07Z</time></trkpt><trkpt lat="40.75653901058672" lon="-74.0135363254318"><time>2026-06-13T13:32:09Z</time></trkpt><trkpt lat="40.756558903689296" lon="-74.01354407462006"><time>2026-06-13T13:32:11Z</time></trkpt><trkpt lat="40.75657874541071" lon="-74.01354792436298"><time>2026-06-13T13:32:13Z</time></trkpt><trkpt lat="40.75660074216502" lon="-74.01355036713706"><time>2026-06-13T13:32:15Z</time></trkpt><trkpt lat="40.756625384829356" lon="-74.01355373017272"><time>2026-06-13T13:32:18Z</time></trkpt><trkpt lat="40.756644751275545" lon="-74.01355656914495"><time>2026-06-13T13:32:20Z</time></trkpt><trkpt lat="40.75667118548683" lon="-74.01355906491067"><time>2026-06-13T13:32:23Z</time></trkpt><trkpt lat="40.75669451428648" lon="-74.01355784747824"><time>2026-06-13T13:32:26Z</time></trkpt><trkpt lat="40.75671769648479" lon="-74.01354743545136"><time>2026-06-13T13:32:29Z</time></trkpt><trkpt lat="40.756737435641114" lon="-74.01353508833289"><time>2026-06-13T13:32:32Z</time></trkpt><trkpt lat="40.75675749194589" lon="-74.01352499352618"><time>2026-06-13T13:32:35Z</time></trkpt><trkpt lat="40.756776566657244" lon="-74.01351341012513"><time>2026-06-13T13:32:38Z</time></trkpt><trkpt lat="40.75679501033167" lon="-74.01350102332553"><time>2026-06-13T13:32:41Z</time></trkpt><trkpt lat="40.75681257530189" lon="-74.01349024016311"><time>2026-06-13T13:32:44Z</time></trkpt><trkpt lat="40.75683057866929" lon="-74.01347901932786"><time>2026-06-13T13:32:47Z</time></trkpt><trkpt lat="40.75684761119212" lon="-74.01346669027274"><time>2026-06-13T13:32:50Z</time></trkpt><trkpt lat="40.75686172683634" lon="-74.01345131975101"><time>2026-06-13T13:32:53Z</time></trkpt><trkpt lat="40.7568767354501" lon="-74.0134346234663"><time>2026-06-13T13:32:56Z</time></trkpt><trkpt lat="40.75689167391285" lon="-74.01341403782847"><time>2026-06-13T13:33:00Z</time></trkpt><trkpt lat="40.75690696465517" lon="-74.01340103924355"><time>2026-06-13T13:33:04Z</time></trkpt><trkpt lat="40.756926432379494" lon="-74.01338596728814"><time>2026-06-13T13:33:09Z</time></trkpt><trkpt lat="40.75694131801782" lon="-74.01336991434825"><time>2026-06-13T13:33:14Z</time></trkpt><trkpt lat="40.75695330171382" lon="-74.01335220429718"><time>2026-06-13T13:33:20Z</time></trkpt><trkpt lat="40.75696028489925" lon="-74.01332602700244"><time>2026-06-13T13:33:27Z</time></trkpt><trkpt lat="40.75695265899178" lon="-74.01330162419535"><time>2026-06-13T13:33:32Z</time></trkpt><trkpt lat="40.75696967653798" lon="-74.01327474946457"><time>2026-06-13T13:33:39Z</time></trkpt><trkpt lat="40.75696714406943" lon="-74.01324922012762"><time>2026-06-13T13:33:53Z</time></trkpt><trkpt lat="40.756966337790615" lon="-74.01322545353742"><time>2026-06-13T13:34:07Z</time></trkpt><trkpt lat="40.756953903417894" lon="-74.01324329897514"><time>2026-06-13T13:34:52Z</time></trkpt><trkpt lat="40.756946394214864" lon="-74.01326602770699"><time>2026-06-13T13:35:08Z</time></trkpt><trkpt lat="40.756940824335935" lon="-74.0132888614546"><time>2026-06-13T13:35:25Z</time></trkpt><trkpt lat="40.75693171006668" lon="-74.01330970594245"><time>2026-06-13T13:35:35Z</time></trkpt><trkpt lat="40.75692144365839" lon="-74.01333250661101"><time>2026-06-13T13:35:45Z</time></trkpt><trkpt lat="40.756924770617125" lon="-74.01335848329676"><time>2026-06-13T13:35:51Z</time></trkpt><trkpt lat="40.75693635821071" lon="-74.01337991498599"><time>2026-06-13T13:35:54Z</time></trkpt><trkpt lat="40.756946661117745" lon="-74.01339977152776"><time>2026-06-13T13:35:56Z</time></trkpt><trkpt lat="40.75696575871987" lon="-74.01342828068275"><time>2026-06-13T13:35:58Z</time></trkpt><trkpt lat="40.75697042389481" lon="-74.01346393715458"><time>2026-06-13T13:35:59Z</time></trkpt><trkpt lat="40.75699458494969" lon="-74.01348139771082"><time>2026-06-13T13:36:01Z</time></trkpt><trkpt lat="40.75700972312299" lon="-74.01349611504827"><time>2026-06-13T13:36:02Z</time></trkpt><trkpt lat="40.75703507594163" lon="-74.01351429345767"><time>2026-06-13T13:36:04Z</time></trkpt><trkpt lat="40.75706564238383" lon="-74.01353563588312"><time>2026-06-13T13:36:06Z</time></trkpt><trkpt lat="40.75708328939568" lon="-74.01354423855736"><time>2026-06-13T13:36:07Z</time></trkpt><trkpt lat="40.75711224596382" lon="-74.01356085616199"><time>2026-06-13T13:36:09Z</time></trkpt><trkpt lat="40.757145211428494" lon="-74.01358450292618"><time>2026-06-13T13:36:11Z</time></trkpt><trkpt lat="40.757165140774646" lon="-74.0135975248835"><time>2026-06-13T13:36:12Z</time></trkpt><trkpt lat="40.75718300585899" lon="-74.01360814057023"><time>2026-06-13T13:36:13Z</time></trkpt><trkpt lat="40.7572133329824" lon="-74.01362547266396"><time>2026-06-13T13:36:15Z</time></trkpt><trkpt lat="40.7572297089188" lon="-74.01364026873532"><time>2026-06-13T13:36:16Z</time></trkpt><trkpt lat="40.75725004257692" lon="-74.01365417742626"><time>2026-06-13T13:36:17Z</time></trkpt><trkpt lat="40.757272366262676" lon="-74.01366337749883"><time>2026-06-13T13:36:18Z</time></trkpt><trkpt lat="40.75729219196242" lon="-74.01367223718492"><time>2026-06-13T13:36:19Z</time></trkpt><trkpt lat="40.75730861113501" lon="-74.01368731149995"><time>2026-06-13T13:36:20Z</time></trkpt><trkpt lat="40.75732511807994" lon="-74.01369966389764"><time>2026-06-13T13:36:21Z</time></trkpt><trkpt lat="40.75734456822649" lon="-74.01370663310922"><time>2026-06-13T13:36:22Z</time></trkpt><trkpt lat="40.75736447812441" lon="-74.01370794908725"><time>2026-06-13T13:36:23Z</time></trkpt><trkpt lat="40.757387777907674" lon="-74.0137075262219"><time>2026-06-13T13:36:24Z</time></trkpt><trkpt lat="40.75740861057987" lon="-74.01370666397645"><time>2026-06-13T13:36:25Z</time></trkpt><trkpt lat="40.75744407497259" lon="-74.01370850053206"><time>2026-06-13T13:36:27Z</time></trkpt><trkpt lat="40.75746752142596" lon="-74.01371626497618"><time>2026-06-13T13:36:28Z</time></trkpt><trkpt lat="40.75749132437209" lon="-74.01371290817949"><time>2026-06-13T13:36:29Z</time></trkpt><trkpt lat="40.75751186308207" lon="-74.01371004023791"><time>2026-06-13T13:36:30Z</time></trkpt><trkpt lat="40.757545621092746" lon="-74.01370993228251"><time>2026-06-13T13:36:32Z</time></trkpt><trkpt lat="40.75756616777964" lon="-74.01371342546233"><time>2026-06-13T13:36:33Z</time></trkpt><trkpt lat="40.75758354356488" lon="-74.01369737791563"><time>2026-06-13T13:36:34Z</time></trkpt><trkpt lat="40.75760735354232" lon="-74.01367195729806"><time>2026-06-13T13:36:35Z</time></trkpt><trkpt lat="40.75762993287867" lon="-74.01366487865016"><time>2026-06-13T13:36:36Z</time></trkpt><trkpt lat="40.757660438532675" lon="-74.01368059694457"><time>2026-06-13T13:36:38Z</time></trkpt><trkpt lat="40.75768172949636" lon="-74.01368236400828"><time>2026-06-13T13:36:39Z</time></trkpt><trkpt lat="40.7577079488844" lon="-74.01368042468195"><time>2026-06-13T13:36:40Z</time></trkpt><trkpt lat="40.75773270483115" lon="-74.01368796193606"><time>2026-06-13T13:36:41Z</time></trkpt><trkpt lat="40.757765277918935" lon="-74.0136882645578"><time>2026-06-13T13:36:43Z</time></trkpt><trkpt lat="40.757788151339284" lon="-74.01367914677411"><time>2026-06-13T13:36:44Z</time></trkpt><trkpt lat="40.757805650192886" lon="-74.01367213681543"><time>2026-06-13T13:36:45Z</time></trkpt><trkpt lat="40.757825007823186" lon="-74.01367077994995"><time>2026-06-13T13:36:46Z</time></trkpt><trkpt lat="40.757844853154204" lon="-74.01367204111472"><time>2026-06-13T13:36:47Z</time></trkpt><trkpt lat="40.75786699315264" lon="-74.01367056203554"><time>2026-06-13T13:36:48Z</time></trkpt><trkpt lat="40.757888886096055" lon="-74.01366573698822"><time>2026-06-13T13:36:49Z</time></trkpt><trkpt lat="40.757907811071824" lon="-74.01366121550295"><time>2026-06-13T13:36:50Z</time></trkpt><trkpt lat="40.75794626523008" lon="-74.01365623191887"><time>2026-06-13T13:36:52Z</time></trkpt><trkpt lat="40.757968031819544" lon="-74.01365266806981"><time>2026-06-13T13:36:53Z</time></trkpt><trkpt lat="40.757989521651055" lon="-74.01364486607356"><time>2026-06-13T13:36:54Z</time></trkpt><trkpt lat="40.75800890907609" lon="-74.01363793286718"><time>2026-06-13T13:36:55Z</time></trkpt><trkpt lat="40.75802676247696" lon="-74.01363313861253"><time>2026-06-13T13:36:56Z</time></trkpt><trkpt lat="40.758051798772826" lon="-74.01362785298619"><time>2026-06-13T13:36:57Z</time></trkpt><trkpt lat="40.75807116787073" lon="-74.01362312366763"><time>2026-06-13T13:36:58Z</time></trkpt><trkpt lat="40.75809119007677" lon="-74.01361755363112"><time>2026-06-13T13:36:59Z</time></trkpt><trkpt lat="40.75811278737827" lon="-74.01361209696415"><time>2026-06-13T13:37:00Z</time></trkpt><trkpt lat="40.758135401594004" lon="-74.01360794922242"><time>2026-06-13T13:37:01Z</time></trkpt><trkpt lat="40.75815669331053" lon="-74.01359974770574"><time>2026-06-13T13:37:02Z</time></trkpt><trkpt lat="40.75817468512939" lon="-74.0135888196756"><time>2026-06-13T13:37:03Z</time></trkpt><trkpt lat="40.75819634095056" lon="-74.0135840088288"><time>2026-06-13T13:37:04Z</time></trkpt><trkpt lat="40.7582184745782" lon="-74.01358314542523"><time>2026-06-13T13:37:05Z</time></trkpt><trkpt lat="40.758240551189445" lon="-74.01357564574218"><time>2026-06-13T13:37:06Z</time></trkpt><trkpt lat="40.75825899385353" lon="-74.01356769123592"><time>2026-06-13T13:37:07Z</time></trkpt><trkpt lat="40.758283293116975" lon="-74.0135650637917"><time>2026-06-13T13:37:08Z</time></trkpt><trkpt lat="40.75830479987908" lon="-74.01355985765079"><time>2026-06-13T13:37:09Z</time></trkpt><trkpt lat="40.758324870236144" lon="-74.01355123389948"><time>2026-06-13T13:37:10Z</time></trkpt><trkpt lat="40.75834307620472" lon="-74.01354094100105"><time>2026-06-13T13:37:11Z</time></trkpt><trkpt lat="40.758364515606615" lon="-74.01353472236492"><time>2026-06-13T13:37:12Z</time></trkpt><trkpt lat="40.75838706987489" lon="-74.01352871927769"><time>2026-06-13T13:37:13Z</time></trkpt><trkpt lat="40.75840743480071" lon="-74.01352048278505"><time>2026-06-13T13:37:14Z</time></trkpt><trkpt lat="40.75842784047531" lon="-74.01351398562232"><time>2026-06-13T13:37:15Z</time></trkpt><trkpt lat="40.758449091458026" lon="-74.01350952885635"><time>2026-06-13T13:37:16Z</time></trkpt><trkpt lat="40.75846755364939" lon="-74.01349283025529"><time>2026-06-13T13:37:17Z</time></trkpt><trkpt lat="40.75848977456067" lon="-74.01347104801901"><time>2026-06-13T13:37:18Z</time></trkpt><trkpt lat="40.75851153098602" lon="-74.01347645274163"><time>2026-06-13T13:37:19Z</time></trkpt><trkpt lat="40.75853584801425" lon="-74.0134752142568"><time>2026-06-13T13:37:20Z</time></trkpt><trkpt lat="40.758557386664066" lon="-74.01346829353989"><time>2026-06-13T13:37:21Z</time></trkpt><trkpt lat="40.758578015869716" lon="-74.01346145088765"><time>2026-06-13T13:37:22Z</time></trkpt><trkpt lat="40.75860046462749" lon="-74.01345672912939"><time>2026-06-13T13:37:23Z</time></trkpt><trkpt lat="40.7586263066769" lon="-74.01345634495878"><time>2026-06-13T13:37:24Z</time></trkpt><trkpt lat="40.75864771865361" lon="-74.01344988809944"><time>2026-06-13T13:37:25Z</time></trkpt><trkpt lat="40.75866912967272" lon="-74.0134428202533"><time>2026-06-13T13:37:26Z</time></trkpt><trkpt lat="40.75869163104219" lon="-74.01343540428206"><time>2026-06-13T13:37:27Z</time></trkpt><trkpt lat="40.75871164954665" lon="-74.01342655168828"><time>2026-06-13T13:37:28Z</time></trkpt><trkpt lat="40.758731506287845" lon="-74.01341799087768"><time>2026-06-13T13:37:29Z</time></trkpt><trkpt lat="40.75875204045202" lon="-74.01341056792862"><time>2026-06-13T13:37:30Z</time></trkpt><trkpt lat="40.75877542544717" lon="-74.01340046731818"><time>2026-06-13T13:37:31Z</time></trkpt><trkpt lat="40.75879669346067" lon="-74.01339485239035"><time>2026-06-13T13:37:32Z</time></trkpt><trkpt lat="40.75881705705274" lon="-74.01339316408166"><time>2026-06-13T13:37:33Z</time></trkpt><trkpt lat="40.75883985817167" lon="-74.0133874517778"><time>2026-06-13T13:37:34Z</time></trkpt><trkpt lat="40.75886149783699" lon="-74.01338211842054"><time>2026-06-13T13:37:35Z</time></trkpt><trkpt lat="40.75888367341001" lon="-74.01337593149633"><time>2026-06-13T13:37:36Z</time></trkpt><trkpt lat="40.75890535062754" lon="-74.01336556792972"><time>2026-06-13T13:37:37Z</time></trkpt><trkpt lat="40.75892143925113" lon="-74.01335053581514"><time>2026-06-13T13:37:38Z</time></trkpt><trkpt lat="40.75894199818237" lon="-74.01333741529763"><time>2026-06-13T13:37:39Z</time></trkpt><trkpt lat="40.75896010463175" lon="-74.01332851502288"><time>2026-06-13T13:37:40Z</time></trkpt><trkpt lat="40.75898304642901" lon="-74.01332468829659"><time>2026-06-13T13:37:41Z</time></trkpt><trkpt lat="40.75900144302717" lon="-74.01331439819575"><time>2026-06-13T13:37:42Z</time></trkpt><trkpt lat="40.75902512570375" lon="-74.0133035372346"><time>2026-06-13T13:37:43Z</time></trkpt><trkpt lat="40.75904614208918" lon="-74.013291979294"><time>2026-06-13T13:37:44Z</time></trkpt><trkpt lat="40.75906611705598" lon="-74.01328203215995"><time>2026-06-13T13:37:45Z</time></trkpt><trkpt lat="40.75908469295401" lon="-74.01326971492729"><time>2026-06-13T13:37:46Z</time></trkpt><trkpt lat="40.75910309233191" lon="-74.01325929584875"><time>2026-06-13T13:37:47Z</time></trkpt><trkpt lat="40.75912176205262" lon="-74.01324965259975"><time>2026-06-13T13:37:48Z</time></trkpt><trkpt lat="40.75914477379234" lon="-74.01323520644677"><time>2026-06-13T13:37:49Z</time></trkpt><trkpt lat="40.75916811348948" lon="-74.01322190219135"><time>2026-06-13T13:37:50Z</time></trkpt><trkpt lat="40.75918852519552" lon="-74.0132135905661"><time>2026-06-13T13:37:51Z</time></trkpt><trkpt lat="40.75920873649065" lon="-74.0132043282208"><time>2026-06-13T13:37:52Z</time></trkpt><trkpt lat="40.75922909619411" lon="-74.01319549293953"><time>2026-06-13T13:37:53Z</time></trkpt><trkpt lat="40.7592489113408" lon="-74.0131878923189"><time>2026-06-13T13:37:54Z</time></trkpt><trkpt lat="40.75926932780553" lon="-74.01317977153073"><time>2026-06-13T13:37:55Z</time></trkpt><trkpt lat="40.75929296662724" lon="-74.01316886579411"><time>2026-06-13T13:37:56Z</time></trkpt><trkpt lat="40.75931382032075" lon="-74.01315627845014"><time>2026-06-13T13:37:57Z</time></trkpt><trkpt lat="40.759335735354895" lon="-74.01314669079034"><time>2026-06-13T13:37:58Z</time></trkpt><trkpt lat="40.75935589505729" lon="-74.01313723047417"><time>2026-06-13T13:37:59Z</time></trkpt><trkpt lat="40.75937550342681" lon="-74.01312941881733"><time>2026-06-13T13:38:00Z</time></trkpt><trkpt lat="40.7593947151311" lon="-74.01312098455607"><time>2026-06-13T13:38:01Z</time></trkpt><trkpt lat="40.759414808259095" lon="-74.01311223881127"><time>2026-06-13T13:38:02Z</time></trkpt><trkpt lat="40.75943645093699" lon="-74.01310297257817"><time>2026-06-13T13:38:03Z</time></trkpt><trkpt lat="40.75945758839803" lon="-74.01309418418478"><time>2026-06-13T13:38:04Z</time></trkpt><trkpt lat="40.759482906019436" lon="-74.01309607925116"><time>2026-06-13T13:38:05Z</time></trkpt><trkpt lat="40.75951935286026" lon="-74.01307701327889"><time>2026-06-13T13:38:07Z</time></trkpt><trkpt lat="40.75953990886332" lon="-74.01306360627935"><time>2026-06-13T13:38:08Z</time></trkpt><trkpt lat="40.759557979113744" lon="-74.01305162172558"><time>2026-06-13T13:38:09Z</time></trkpt><trkpt lat="40.75957633178097" lon="-74.01304309024847"><time>2026-06-13T13:38:10Z</time></trkpt><trkpt lat="40.75959874480712" lon="-74.0130341445271"><time>2026-06-13T13:38:11Z</time></trkpt><trkpt lat="40.759620661224005" lon="-74.0130282550156"><time>2026-06-13T13:38:12Z</time></trkpt><trkpt lat="40.75964517210897" lon="-74.01302083780956"><time>2026-06-13T13:38:13Z</time></trkpt><trkpt lat="40.75966606298994" lon="-74.01301401816482"><time>2026-06-13T13:38:14Z</time></trkpt><trkpt lat="40.75968571000045" lon="-74.01300521449728"><time>2026-06-13T13:38:15Z</time></trkpt><trkpt lat="40.759722013736784" lon="-74.01298577642113"><time>2026-06-13T13:38:17Z</time></trkpt><trkpt lat="40.759748735212334" lon="-74.01297391105236"><time>2026-06-13T13:38:18Z</time></trkpt><trkpt lat="40.75977154021225" lon="-74.01296310964543"><time>2026-06-13T13:38:19Z</time></trkpt><trkpt lat="40.7597914838569" lon="-74.012952305266"><time>2026-06-13T13:38:20Z</time></trkpt><trkpt lat="40.75981239860598" lon="-74.01294445314421"><time>2026-06-13T13:38:21Z</time></trkpt><trkpt lat="40.7598320831631" lon="-74.01293357287673"><time>2026-06-13T13:38:22Z</time></trkpt><trkpt lat="40.759850553558714" lon="-74.01292271947955"><time>2026-06-13T13:38:23Z</time></trkpt><trkpt lat="40.759868959164585" lon="-74.0129098875261"><time>2026-06-13T13:38:24Z</time></trkpt><trkpt lat="40.759890663429424" lon="-74.01289835352357"><time>2026-06-13T13:38:25Z</time></trkpt><trkpt lat="40.7599115811544" lon="-74.01288931284377"><time>2026-06-13T13:38:26Z</time></trkpt><trkpt lat="40.75993453816291" lon="-74.01287942976111"><time>2026-06-13T13:38:27Z</time></trkpt><trkpt lat="40.759955092684045" lon="-74.01287059219102"><time>2026-06-13T13:38:28Z</time></trkpt><trkpt lat="40.75997593399543" lon="-74.01286059429762"><time>2026-06-13T13:38:29Z</time></trkpt><trkpt lat="40.75999477842336" lon="-74.01284900409797"><time>2026-06-13T13:38:30Z</time></trkpt><trkpt lat="40.76001380262275" lon="-74.01283834623035"><time>2026-06-13T13:38:31Z</time></trkpt><trkpt lat="40.76003526143399" lon="-74.0128264903783"><time>2026-06-13T13:38:32Z</time></trkpt><trkpt lat="40.76005668100062" lon="-74.01281493637076"><time>2026-06-13T13:38:33Z</time></trkpt><trkpt lat="40.76007827245285" lon="-74.01280430824185"><time>2026-06-13T13:38:34Z</time></trkpt><trkpt lat="40.76009678490781" lon="-74.01279923589958"><time>2026-06-13T13:38:35Z</time></trkpt><trkpt lat="40.76011428286061" lon="-74.01279229782405"><time>2026-06-13T13:38:36Z</time></trkpt><trkpt lat="40.760132360831754" lon="-74.01277368572954"><time>2026-06-13T13:38:37Z</time></trkpt><trkpt lat="40.760149184497486" lon="-74.01275858814435"><time>2026-06-13T13:38:38Z</time></trkpt><trkpt lat="40.760171004102766" lon="-74.01274829523761"><time>2026-06-13T13:38:39Z</time></trkpt><trkpt lat="40.76019190162837" lon="-74.0127391376224"><time>2026-06-13T13:38:40Z</time></trkpt><trkpt lat="40.760210007179566" lon="-74.01272768127714"><time>2026-06-13T13:38:41Z</time></trkpt><trkpt lat="40.76022745323341" lon="-74.01271548219738"><time>2026-06-13T13:38:42Z</time></trkpt><trkpt lat="40.76024827922301" lon="-74.01270431078403"><time>2026-06-13T13:38:43Z</time></trkpt><trkpt lat="40.760269889970104" lon="-74.01269065699718"><time>2026-06-13T13:38:44Z</time></trkpt><trkpt lat="40.760291415866256" lon="-74.01267427323998"><time>2026-06-13T13:38:45Z</time></trkpt><trkpt lat="40.760310627611815" lon="-74.01266306074794"><time>2026-06-13T13:38:46Z</time></trkpt><trkpt lat="40.760325775420505" lon="-74.0126450124206"><time>2026-06-13T13:38:47Z</time></trkpt><trkpt lat="40.76034739658442" lon="-74.01262875070145"><time>2026-06-13T13:38:48Z</time></trkpt><trkpt lat="40.76036798852981" lon="-74.01261375955599"><time>2026-06-13T13:38:49Z</time></trkpt><trkpt lat="40.7603870055711" lon="-74.01259620298919"><time>2026-06-13T13:38:50Z</time></trkpt><trkpt lat="40.76040240700913" lon="-74.01258167048843"><time>2026-06-13T13:38:51Z</time></trkpt><trkpt lat="40.76042010377503" lon="-74.01256704138947"><time>2026-06-13T13:38:52Z</time></trkpt><trkpt lat="40.76043796480271" lon="-74.01255331747998"><time>2026-06-13T13:38:53Z</time></trkpt><trkpt lat="40.76045815239938" lon="-74.01254063157681"><time>2026-06-13T13:38:54Z</time></trkpt><trkpt lat="40.760479221088936" lon="-74.0125278234895"><time>2026-06-13T13:38:55Z</time></trkpt><trkpt lat="40.760499958538745" lon="-74.01251353903275"><time>2026-06-13T13:38:56Z</time></trkpt><trkpt lat="40.76051898248683" lon="-74.01249947366925"><time>2026-06-13T13:38:57Z</time></trkpt><trkpt lat="40.76053880776648" lon="-74.01248264912714"><time>2026-06-13T13:38:58Z</time></trkpt><trkpt lat="40.76055531397759" lon="-74.0124665761218"><time>2026-06-13T13:38:59Z</time></trkpt><trkpt lat="40.76057398666625" lon="-74.01245248541993"><time>2026-06-13T13:39:00Z</time></trkpt><trkpt lat="40.760594006623364" lon="-74.01243934203306"><time>2026-06-13T13:39:01Z</time></trkpt><trkpt lat="40.760615625063174" lon="-74.01242669157037"><time>2026-06-13T13:39:02Z</time></trkpt><trkpt lat="40.76063606549604" lon="-74.01241149601508"><time>2026-06-13T13:39:03Z</time></trkpt><trkpt lat="40.76065598810898" lon="-74.01239640944594"><time>2026-06-13T13:39:04Z</time></trkpt><trkpt lat="40.76067425505001" lon="-74.0123818558681"><time>2026-06-13T13:39:05Z</time></trkpt><trkpt lat="40.76069103698268" lon="-74.0123692054765"><time>2026-06-13T13:39:06Z</time></trkpt><trkpt lat="40.76070952535438" lon="-74.01235557348097"><time>2026-06-13T13:39:07Z</time></trkpt><trkpt lat="40.76072968502582" lon="-74.01234118779499"><time>2026-06-13T13:39:08Z</time></trkpt><trkpt lat="40.760751154717276" lon="-74.01232594527342"><time>2026-06-13T13:39:09Z</time></trkpt><trkpt lat="40.76077197432114" lon="-74.01231249374838"><time>2026-06-13T13:39:10Z</time></trkpt><trkpt lat="40.76079153356235" lon="-74.01230144815867"><time>2026-06-13T13:39:11Z</time></trkpt><trkpt lat="40.76081000224161" lon="-74.01228782971846"><time>2026-06-13T13:39:12Z</time></trkpt><trkpt lat="40.76082863641962" lon="-74.01227391839572"><time>2026-06-13T13:39:13Z</time></trkpt><trkpt lat="40.76084777324106" lon="-74.01225941804125"><time>2026-06-13T13:39:14Z</time></trkpt><trkpt lat="40.76086783222394" lon="-74.01224520438412"><time>2026-06-13T13:39:15Z</time></trkpt><trkpt lat="40.76088662858011" lon="-74.01223573734964"><time>2026-06-13T13:39:16Z</time></trkpt><trkpt lat="40.760905240734985" lon="-74.01221996855861"><time>2026-06-13T13:39:17Z</time></trkpt><trkpt lat="40.76092437529977" lon="-74.0122066860143"><time>2026-06-13T13:39:18Z</time></trkpt><trkpt lat="40.7609446402594" lon="-74.01219272829782"><time>2026-06-13T13:39:19Z</time></trkpt><trkpt lat="40.7609661198263" lon="-74.0121802079324"><time>2026-06-13T13:39:20Z</time></trkpt><trkpt lat="40.7609833305892" lon="-74.01216942963794"><time>2026-06-13T13:39:21Z</time></trkpt><trkpt lat="40.761004208441385" lon="-74.01215286936505"><time>2026-06-13T13:39:22Z</time></trkpt><trkpt lat="40.7610242404607" lon="-74.01214020374259"><time>2026-06-13T13:39:23Z</time></trkpt><trkpt lat="40.76104452607201" lon="-74.01212824771028"><time>2026-06-13T13:39:24Z</time></trkpt><trkpt lat="40.761065268264645" lon="-74.01211659183944"><time>2026-06-13T13:39:25Z</time></trkpt><trkpt lat="40.76108431148075" lon="-74.0121013667823"><time>2026-06-13T13:39:26Z</time></trkpt><trkpt lat="40.761104829626106" lon="-74.01208809375815"><time>2026-06-13T13:39:27Z</time></trkpt><trkpt lat="40.76112466057626" lon="-74.01207476593326"><time>2026-06-13T13:39:28Z</time></trkpt><trkpt lat="40.76114524842778" lon="-74.01206381346097"><time>2026-06-13T13:39:29Z</time></trkpt><trkpt lat="40.76116482267113" lon="-74.01205115911596"><time>2026-06-13T13:39:30Z</time></trkpt><trkpt lat="40.76118472061232" lon="-74.01203948544843"><time>2026-06-13T13:39:31Z</time></trkpt><trkpt lat="40.76120489028686" lon="-74.01202884582939"><time>2026-06-13T13:39:32Z</time></trkpt><trkpt lat="40.7612259748391" lon="-74.01201530522998"><time>2026-06-13T13:39:33Z</time></trkpt><trkpt lat="40.7612484945739" lon="-74.01200316544147"><time>2026-06-13T13:39:34Z</time></trkpt><trkpt lat="40.76126944051869" lon="-74.01199174361284"><time>2026-06-13T13:39:35Z</time></trkpt><trkpt lat="40.76128866639143" lon="-74.01198092173878"><time>2026-06-13T13:39:36Z</time></trkpt><trkpt lat="40.7613074952492" lon="-74.01197029701817"><time>2026-06-13T13:39:37Z</time></trkpt><trkpt lat="40.761328389579475" lon="-74.01195873172608"><time>2026-06-13T13:39:38Z</time></trkpt><trkpt lat="40.7613493281203" lon="-74.01194676505008"><time>2026-06-13T13:39:39Z</time></trkpt><trkpt lat="40.76137083188459" lon="-74.01193620042126"><time>2026-06-13T13:39:40Z</time></trkpt><trkpt lat="40.76139188353579" lon="-74.01192562406965"><time>2026-06-13T13:39:41Z</time></trkpt><trkpt lat="40.761412547608714" lon="-74.01191562306951"><time>2026-06-13T13:39:42Z</time></trkpt><trkpt lat="40.7614347021864" lon="-74.01190560597135"><time>2026-06-13T13:39:43Z</time></trkpt><trkpt lat="40.761455851911414" lon="-74.01189841617246"><time>2026-06-13T13:39:44Z</time></trkpt><trkpt lat="40.76147863203667" lon="-74.01188594043647"><time>2026-06-13T13:39:45Z</time></trkpt><trkpt lat="40.761496665838564" lon="-74.01187520411133"><time>2026-06-13T13:39:46Z</time></trkpt><trkpt lat="40.761517133375" lon="-74.01186393123976"><time>2026-06-13T13:39:47Z</time></trkpt><trkpt lat="40.761538433460395" lon="-74.01185220626597"><time>2026-06-13T13:39:48Z</time></trkpt><trkpt lat="40.76156109912661" lon="-74.01184391587007"><time>2026-06-13T13:39:49Z</time></trkpt><trkpt lat="40.76157840509705" lon="-74.0118372325949"><time>2026-06-13T13:39:50Z</time></trkpt><trkpt lat="40.76160091396147" lon="-74.01182604566273"><time>2026-06-13T13:39:51Z</time></trkpt><trkpt lat="40.76162135085898" lon="-74.01181695375361"><time>2026-06-13T13:39:52Z</time></trkpt><trkpt lat="40.761644783381044" lon="-74.01180809650785"><time>2026-06-13T13:39:53Z</time></trkpt><trkpt lat="40.7616673583936" lon="-74.011801095372"><time>2026-06-13T13:39:54Z</time></trkpt><trkpt lat="40.76168930613669" lon="-74.01179606155374"><time>2026-06-13T13:39:55Z</time></trkpt><trkpt lat="40.7617111124306" lon="-74.01179044433226"><time>2026-06-13T13:39:56Z</time></trkpt><trkpt lat="40.761733402211696" lon="-74.01178485062367"><time>2026-06-13T13:39:57Z</time></trkpt><trkpt lat="40.761755589115104" lon="-74.01177786225684"><time>2026-06-13T13:39:58Z</time></trkpt><trkpt lat="40.761777016406946" lon="-74.01177307266117"><time>2026-06-13T13:39:59Z</time></trkpt><trkpt lat="40.761799547246405" lon="-74.01176835352634"><time>2026-06-13T13:40:00Z</time></trkpt><trkpt lat="40.761826372211374" lon="-74.01176009412713"><time>2026-06-13T13:40:01Z</time></trkpt><trkpt lat="40.7618486873557" lon="-74.01175670127881"><time>2026-06-13T13:40:02Z</time></trkpt><trkpt lat="40.76186672265468" lon="-74.01174807171286"><time>2026-06-13T13:40:03Z</time></trkpt><trkpt lat="40.761903066965424" lon="-74.01174394823175"><time>2026-06-13T13:40:05Z</time></trkpt><trkpt lat="40.76192108954897" lon="-74.01174099937059"><time>2026-06-13T13:40:06Z</time></trkpt><trkpt lat="40.76194237246756" lon="-74.0117400872027"><time>2026-06-13T13:40:07Z</time></trkpt><trkpt lat="40.76197037407274" lon="-74.0117342115456"><time>2026-06-13T13:40:09Z</time></trkpt><trkpt lat="40.76199939009698" lon="-74.01172953460105"><time>2026-06-13T13:40:11Z</time></trkpt><trkpt lat="40.76202561753411" lon="-74.01172659782604"><time>2026-06-13T13:40:13Z</time></trkpt><trkpt lat="40.762049069339874" lon="-74.01172241132795"><time>2026-06-13T13:40:15Z</time></trkpt><trkpt lat="40.762075924626295" lon="-74.01172201379654"><time>2026-06-13T13:40:17Z</time></trkpt><trkpt lat="40.762103808495894" lon="-74.01171223326436"><time>2026-06-13T13:40:19Z</time></trkpt><trkpt lat="40.76213867950474" lon="-74.0117026602698"><time>2026-06-13T13:40:23Z</time></trkpt><trkpt lat="40.76216189130605" lon="-74.01169053339969"><time>2026-06-13T13:40:26Z</time></trkpt><trkpt lat="40.76218682763064" lon="-74.01168040938227"><time>2026-06-13T13:40:29Z</time></trkpt><trkpt lat="40.762210177849" lon="-74.01167044504659"><time>2026-06-13T13:40:32Z</time></trkpt><trkpt lat="40.76222961497898" lon="-74.0116566722199"><time>2026-06-13T13:40:34Z</time></trkpt><trkpt lat="40.762248395405045" lon="-74.01164234022121"><time>2026-06-13T13:40:36Z</time></trkpt><trkpt lat="40.76226796169078" lon="-74.01163156533809"><time>2026-06-13T13:40:39Z</time></trkpt><trkpt lat="40.762283929145354" lon="-74.01161039091502"><time>2026-06-13T13:40:42Z</time></trkpt><trkpt lat="40.762306215842685" lon="-74.01159447454916"><time>2026-06-13T13:40:45Z</time></trkpt><trkpt lat="40.762320541403355" lon="-74.01157280590911"><time>2026-06-13T13:40:48Z</time></trkpt><trkpt lat="40.762337741083925" lon="-74.01155472515315"><time>2026-06-13T13:40:51Z</time></trkpt><trkpt lat="40.76235434762306" lon="-74.01153873344018"><time>2026-06-13T13:40:54Z</time></trkpt><trkpt lat="40.76237200479076" lon="-74.0115186473436"><time>2026-06-13T13:40:57Z</time></trkpt><trkpt lat="40.76237979451331" lon="-74.01148902132415"><time>2026-06-13T13:41:00Z</time></trkpt><trkpt lat="40.762397920473234" lon="-74.01149017237537"><time>2026-06-13T13:41:02Z</time></trkpt><trkpt lat="40.76241066012416" lon="-74.01146358347945"><time>2026-06-13T13:41:05Z</time></trkpt><trkpt lat="40.76242102709655" lon="-74.01144209853462"><time>2026-06-13T13:41:08Z</time></trkpt><trkpt lat="40.762437687575655" lon="-74.01142338304842"><time>2026-06-13T13:41:12Z</time></trkpt><trkpt lat="40.76245275870222" lon="-74.01140683506235"><time>2026-06-13T13:41:15Z</time></trkpt><trkpt lat="40.76246744599213" lon="-74.01138402250132"><time>2026-06-13T13:41:19Z</time></trkpt><trkpt lat="40.76247986461945" lon="-74.0113600981489"><time>2026-06-13T13:41:23Z</time></trkpt><trkpt lat="40.762492073090705" lon="-74.01133991211807"><time>2026-06-13T13:41:27Z</time></trkpt><trkpt lat="40.76250353740862" lon="-74.01132060406827"><time>2026-06-13T13:41:31Z</time></trkpt><trkpt lat="40.762518021521025" lon="-74.01130096825335"><time>2026-06-13T13:41:36Z</time></trkpt><trkpt lat="40.76253148907758" lon="-74.01128255306116"><time>2026-06-13T13:41:41Z</time></trkpt><trkpt lat="40.762543501178676" lon="-74.01126377819698"><time>2026-06-13T13:41:46Z</time></trkpt><trkpt lat="40.76255664694993" lon="-74.01124457418034"><time>2026-06-13T13:41:52Z</time></trkpt><trkpt lat="40.762565741623405" lon="-74.01122250229533"><time>2026-06-13T13:41:59Z</time></trkpt><trkpt lat="40.76257363754659" lon="-74.01120111268196"><time>2026-06-13T13:42:08Z</time></trkpt><trkpt lat="40.76258153321993" lon="-74.0111784344343"><time>2026-06-13T13:42:19Z</time></trkpt><trkpt lat="40.76258567925606" lon="-74.0111459006866"><time>2026-06-13T13:42:30Z</time></trkpt><trkpt lat="40.762585609245846" lon="-74.01112154974366"><time>2026-06-13T13:42:51Z</time></trkpt><trkpt lat="40.76257389689116" lon="-74.01110275201752"><time>2026-06-13T13:43:08Z</time></trkpt><trkpt lat="40.76255868072878" lon="-74.01108649044903"><time>2026-06-13T13:43:32Z</time></trkpt><trkpt lat="40.76253516486838" lon="-74.01106149812573"><time>2026-06-13T13:43:51Z</time></trkpt><trkpt lat="40.762521877940095" lon="-74.01104512697002"><time>2026-06-13T13:44:18Z</time></trkpt><trkpt lat="40.76250809922313" lon="-74.01102855900534"><time>2026-06-13T13:44:30Z</time></trkpt><trkpt lat="40.762498361527285" lon="-74.0110080183887"><time>2026-06-13T13:44:42Z</time></trkpt><trkpt lat="40.7624855303668" lon="-74.01098966349598"><time>2026-06-13T13:44:56Z</time></trkpt><trkpt lat="40.7624767555827" lon="-74.01096668357313"><time>2026-06-13T13:45:07Z</time></trkpt><trkpt lat="40.76246773890509" lon="-74.01094061176828"><time>2026-06-13T13:45:19Z</time></trkpt><trkpt lat="40.762461629422724" lon="-74.01091791341359"><time>2026-06-13T13:45:27Z</time></trkpt><trkpt lat="40.762450552618866" lon="-74.01089876968896"><time>2026-06-13T13:45:32Z</time></trkpt><trkpt lat="40.762440385879295" lon="-74.01087551971632"><time>2026-06-13T13:45:39Z</time></trkpt><trkpt lat="40.762433500421515" lon="-74.0108516992866"><time>2026-06-13T13:45:45Z</time></trkpt><trkpt lat="40.76243189364369" lon="-74.01082809725418"><time>2026-06-13T13:45:52Z</time></trkpt><trkpt lat="40.76243603083469" lon="-74.0107989001405"><time>2026-06-13T13:45:58Z</time></trkpt><trkpt lat="40.76244744929992" lon="-74.01077820819101"><time>2026-06-13T13:46:07Z</time></trkpt><trkpt lat="40.76246028623144" lon="-74.01075933410206"><time>2026-06-13T13:46:17Z</time></trkpt><trkpt lat="40.76247349335703" lon="-74.01074300804584"><time>2026-06-13T13:46:26Z</time></trkpt><trkpt lat="40.762492155520206" lon="-74.0107295349895"><time>2026-06-13T13:46:34Z</time></trkpt><trkpt lat="40.76250694146565" lon="-74.01071084931657"><time>2026-06-13T13:46:43Z</time></trkpt><trkpt lat="40.76251723151546" lon="-74.01069083816371"><time>2026-06-13T13:46:50Z</time></trkpt><trkpt lat="40.76253183628503" lon="-74.0106707176063"><time>2026-06-13T13:46:57Z</time></trkpt><trkpt lat="40.762547095522294" lon="-74.01065422887213"><time>2026-06-13T13:47:02Z</time></trkpt><trkpt lat="40.76256418355172" lon="-74.01063604802339"><time>2026-06-13T13:47:07Z</time></trkpt><trkpt lat="40.762582669084026" lon="-74.01061896788615"><time>2026-06-13T13:47:12Z</time></trkpt><trkpt lat="40.762599981142934" lon="-74.0106025438129"><time>2026-06-13T13:47:16Z</time></trkpt><trkpt lat="40.76261818815005" lon="-74.01058989743144"><time>2026-06-13T13:47:20Z</time></trkpt><trkpt lat="40.76263294314499" lon="-74.01057571989551"><time>2026-06-13T13:47:24Z</time></trkpt><trkpt lat="40.76265200062069" lon="-74.01056165985335"><time>2026-06-13T13:47:28Z</time></trkpt><trkpt lat="40.762670665070495" lon="-74.01054435053358"><time>2026-06-13T13:47:32Z</time></trkpt><trkpt lat="40.76268754741426" lon="-74.01052793641345"><time>2026-06-13T13:47:35Z</time></trkpt><trkpt lat="40.76270434255941" lon="-74.01051169307658"><time>2026-06-13T13:47:38Z</time></trkpt><trkpt lat="40.76272101255326" lon="-74.01049428762536"><time>2026-06-13T13:47:41Z</time></trkpt><trkpt lat="40.76273993676414" lon="-74.01047814607574"><time>2026-06-13T13:47:44Z</time></trkpt><trkpt lat="40.762759089818786" lon="-74.01046267287275"><time>2026-06-13T13:47:47Z</time></trkpt><trkpt lat="40.762777268957734" lon="-74.01044734621041"><time>2026-06-13T13:47:50Z</time></trkpt><trkpt lat="40.76279758595459" lon="-74.01043488739913"><time>2026-06-13T13:47:53Z</time></trkpt><trkpt lat="40.762816266673155" lon="-74.01042329171146"><time>2026-06-13T13:47:56Z</time></trkpt><trkpt lat="40.76284039325662" lon="-74.01041041340885"><time>2026-06-13T13:47:59Z</time></trkpt><trkpt lat="40.762863094579906" lon="-74.01040038236299"><time>2026-06-13T13:48:02Z</time></trkpt><trkpt lat="40.7628799010856" lon="-74.01038934269899"><time>2026-06-13T13:48:04Z</time></trkpt><trkpt lat="40.76290200852874" lon="-74.01038158707918"><time>2026-06-13T13:48:07Z</time></trkpt><trkpt lat="40.76292536601724" lon="-74.01036906355444"><time>2026-06-13T13:48:10Z</time></trkpt><trkpt lat="40.76295045765858" lon="-74.01036232525811"><time>2026-06-13T13:48:13Z</time></trkpt><trkpt lat="40.762968460074944" lon="-74.01035825352633"><time>2026-06-13T13:48:15Z</time></trkpt><trkpt lat="40.762986415294954" lon="-74.01035207655525"><time>2026-06-13T13:48:17Z</time></trkpt><trkpt lat="40.76301650615487" lon="-74.0103567477658"><time>2026-06-13T13:48:19Z</time></trkpt><trkpt lat="40.76303808581566" lon="-74.01034454932936"><time>2026-06-13T13:48:22Z</time></trkpt><trkpt lat="40.7630579413832" lon="-74.01034616258525"><time>2026-06-13T13:48:24Z</time></trkpt><trkpt lat="40.763073688172874" lon="-74.01036036909484"><time>2026-06-13T13:48:26Z</time></trkpt><trkpt lat="40.76309240386113" lon="-74.01036671169398"><time>2026-06-13T13:48:28Z</time></trkpt><trkpt lat="40.763115008073136" lon="-74.0103713561812"><time>2026-06-13T13:48:30Z</time></trkpt><trkpt lat="40.76313846261635" lon="-74.01036653668103"><time>2026-06-13T13:48:33Z</time></trkpt><trkpt lat="40.76316182279419" lon="-74.0103615521516"><time>2026-06-13T13:48:35Z</time></trkpt><trkpt lat="40.76318100830359" lon="-74.01034921304763"><time>2026-06-13T13:48:38Z</time></trkpt><trkpt lat="40.76320504944355" lon="-74.01034428257549"><time>2026-06-13T13:48:40Z</time></trkpt><trkpt lat="40.763228859328855" lon="-74.01033646438445"><time>2026-06-13T13:48:43Z</time></trkpt><trkpt lat="40.76324808865138" lon="-74.01032613545439"><time>2026-06-13T13:48:45Z</time></trkpt><trkpt lat="40.76326618979159" lon="-74.01032061173406"><time>2026-06-13T13:48:47Z</time></trkpt><trkpt lat="40.76328796742978" lon="-74.01030378995479"><time>2026-06-13T13:48:50Z</time></trkpt><trkpt lat="40.76330747795342" lon="-74.01028975664498"><time>2026-06-13T13:48:52Z</time></trkpt><trkpt lat="40.76332430058146" lon="-74.01027935314927"><time>2026-06-13T13:48:54Z</time></trkpt><trkpt lat="40.76334273310454" lon="-74.01026265580623"><time>2026-06-13T13:48:56Z</time></trkpt><trkpt lat="40.76336271685127" lon="-74.01025400743802"><time>2026-06-13T13:48:58Z</time></trkpt><trkpt lat="40.76338539195374" lon="-74.01023951525018"><time>2026-06-13T13:49:00Z</time></trkpt><trkpt lat="40.76340619814017" lon="-74.0102292147932"><time>2026-06-13T13:49:02Z</time></trkpt><trkpt lat="40.76342922034622" lon="-74.01021852699776"><time>2026-06-13T13:49:04Z</time></trkpt><trkpt lat="40.76345319840153" lon="-74.01020218096133"><time>2026-06-13T13:49:06Z</time></trkpt><trkpt lat="40.763472603650065" lon="-74.01018695985557"><time>2026-06-13T13:49:08Z</time></trkpt><trkpt lat="40.763494990537524" lon="-74.01017044126947"><time>2026-06-13T13:49:10Z</time></trkpt><trkpt lat="40.7635139835714" lon="-74.01015470854551"><time>2026-06-13T13:49:12Z</time></trkpt><trkpt lat="40.76353456021645" lon="-74.0101331116703"><time>2026-06-13T13:49:14Z</time></trkpt><trkpt lat="40.76355405391518" lon="-74.01011918942822"><time>2026-06-13T13:49:16Z</time></trkpt><trkpt lat="40.76357559741298" lon="-74.01010433573279"><time>2026-06-13T13:49:18Z</time></trkpt><trkpt lat="40.76359845915116" lon="-74.01009079767425"><time>2026-06-13T13:49:20Z</time></trkpt><trkpt lat="40.7636198370095" lon="-74.01007597533797"><time>2026-06-13T13:49:22Z</time></trkpt><trkpt lat="40.76364102641868" lon="-74.01005971999939"><time>2026-06-13T13:49:24Z</time></trkpt><trkpt lat="40.76366066198292" lon="-74.0100451654336"><time>2026-06-13T13:49:26Z</time></trkpt><trkpt lat="40.76368128312232" lon="-74.01002889209114"><time>2026-06-13T13:49:28Z</time></trkpt><trkpt lat="40.76370013329092" lon="-74.01001491928507"><time>2026-06-13T13:49:30Z</time></trkpt><trkpt lat="40.763716264140726" lon="-74.00999557296349"><time>2026-06-13T13:49:32Z</time></trkpt><trkpt lat="40.763731763770245" lon="-74.00997658967682"><time>2026-06-13T13:49:34Z</time></trkpt><trkpt lat="40.76374579110633" lon="-74.00995466289335"><time>2026-06-13T13:49:36Z</time></trkpt><trkpt lat="40.763761583936734" lon="-74.00993892155296"><time>2026-06-13T13:49:38Z</time></trkpt><trkpt lat="40.76377851869347" lon="-74.00992343637918"><time>2026-06-13T13:49:40Z</time></trkpt><trkpt lat="40.76379054622087" lon="-74.00990458873741"><time>2026-06-13T13:49:42Z</time></trkpt><trkpt lat="40.76380552471847" lon="-74.00988918415551"><time>2026-06-13T13:49:44Z</time></trkpt><trkpt lat="40.763819350398855" lon="-74.00987272242445"><time>2026-06-13T13:49:46Z</time></trkpt><trkpt lat="40.76383287873712" lon="-74.00985689297053"><time>2026-06-13T13:49:48Z</time></trkpt><trkpt lat="40.76385084278482" lon="-74.00982984295004"><time>2026-06-13T13:49:51Z</time></trkpt><trkpt lat="40.7638642311637" lon="-74.00981236792981"><time>2026-06-13T13:49:53Z</time></trkpt><trkpt lat="40.763883870232135" lon="-74.00978836020084"><time>2026-06-13T13:49:56Z</time></trkpt><trkpt lat="40.763896778733475" lon="-74.0097707673782"><time>2026-06-13T13:49:58Z</time></trkpt><trkpt lat="40.76391023697013" lon="-74.00975353980087"><time>2026-06-13T13:50:00Z</time></trkpt><trkpt lat="40.763925631245854" lon="-74.00973330947733"><time>2026-06-13T13:50:02Z</time></trkpt><trkpt lat="40.76394046992486" lon="-74.0097147052464"><time>2026-06-13T13:50:04Z</time></trkpt><trkpt lat="40.76395771222226" lon="-74.00969288788686"><time>2026-06-13T13:50:06Z</time></trkpt><trkpt lat="40.7639741538068" lon="-74.00967162115342"><time>2026-06-13T13:50:09Z</time></trkpt><trkpt lat="40.763993030172024" lon="-74.00964827316287"><time>2026-06-13T13:50:11Z</time></trkpt><trkpt lat="40.76401194804976" lon="-74.00962655514957"><time>2026-06-13T13:50:14Z</time></trkpt><trkpt lat="40.76403234949927" lon="-74.00960161849721"><time>2026-06-13T13:50:16Z</time></trkpt><trkpt lat="40.76405148128795" lon="-74.00958218596713"><time>2026-06-13T13:50:18Z</time></trkpt><trkpt lat="40.76407233616461" lon="-74.00956268979438"><time>2026-06-13T13:50:20Z</time></trkpt><trkpt lat="40.76409246365934" lon="-74.0095499537963"><time>2026-06-13T13:50:22Z</time></trkpt><trkpt lat="40.76411596331186" lon="-74.00953132062975"><time>2026-06-13T13:50:24Z</time></trkpt><trkpt lat="40.76415277245658" lon="-74.00953171313223"><time>2026-06-13T13:50:26Z</time></trkpt><trkpt lat="40.76417587037986" lon="-74.00952697897691"><time>2026-06-13T13:50:27Z</time></trkpt><trkpt lat="40.76419611899538" lon="-74.00950701777697"><time>2026-06-13T13:50:30Z</time></trkpt><trkpt lat="40.76422389512835" lon="-74.00948842099926"><time>2026-06-13T13:50:32Z</time></trkpt><trkpt lat="40.76424207524031" lon="-74.00946921901878"><time>2026-06-13T13:50:34Z</time></trkpt><trkpt lat="40.76425776166008" lon="-74.00945547222427"><time>2026-06-13T13:50:35Z</time></trkpt><trkpt lat="40.76428324163354" lon="-74.00943244083005"><time>2026-06-13T13:50:37Z</time></trkpt><trkpt lat="40.76430868087245" lon="-74.00941234863924"><time>2026-06-13T13:50:39Z</time></trkpt><trkpt lat="40.76433456196502" lon="-74.00939179317163"><time>2026-06-13T13:50:41Z</time></trkpt><trkpt lat="40.7643610231628" lon="-74.00937182695674"><time>2026-06-13T13:50:43Z</time></trkpt><trkpt lat="40.76438742687885" lon="-74.00935319356572"><time>2026-06-13T13:50:45Z</time></trkpt><trkpt lat="40.76441021039919" lon="-74.00933249254595"><time>2026-06-13T13:50:47Z</time></trkpt><trkpt lat="40.76443352025898" lon="-74.00931094804046"><time>2026-06-13T13:50:49Z</time></trkpt><trkpt lat="40.764458409487176" lon="-74.00928989341178"><time>2026-06-13T13:50:51Z</time></trkpt><trkpt lat="40.76448104425613" lon="-74.0092707156701"><time>2026-06-13T13:50:53Z</time></trkpt><trkpt lat="40.76450364046029" lon="-74.00924931176553"><time>2026-06-13T13:50:55Z</time></trkpt><trkpt lat="40.764525432463145" lon="-74.00922909238302"><time>2026-06-13T13:50:57Z</time></trkpt><trkpt lat="40.76454748777884" lon="-74.00920801419699"><time>2026-06-13T13:50:59Z</time></trkpt><trkpt lat="40.76456846297989" lon="-74.00918787421942"><time>2026-06-13T13:51:01Z</time></trkpt><trkpt lat="40.76458919432388" lon="-74.00916565159571"><time>2026-06-13T13:51:03Z</time></trkpt><trkpt lat="40.76460911777181" lon="-74.00914497701"><time>2026-06-13T13:51:05Z</time></trkpt><trkpt lat="40.76462789000141" lon="-74.00912296750802"><time>2026-06-13T13:51:07Z</time></trkpt><trkpt lat="40.764646738600234" lon="-74.00910088920207"><time>2026-06-13T13:51:09Z</time></trkpt><trkpt lat="40.76466496424047" lon="-74.00908082249053"><time>2026-06-13T13:51:11Z</time></trkpt><trkpt lat="40.76468332298177" lon="-74.00905704494264"><time>2026-06-13T13:51:13Z</time></trkpt><trkpt lat="40.7647018722586" lon="-74.00903653513456"><time>2026-06-13T13:51:15Z</time></trkpt><trkpt lat="40.764718533596756" lon="-74.0090153778633"><time>2026-06-13T13:51:17Z</time></trkpt><trkpt lat="40.764735952702615" lon="-74.00899356805522"><time>2026-06-13T13:51:19Z</time></trkpt><trkpt lat="40.76475192942234" lon="-74.00897214944256"><time>2026-06-13T13:51:21Z</time></trkpt><trkpt lat="40.76476703894382" lon="-74.00894899512565"><time>2026-06-13T13:51:23Z</time></trkpt><trkpt lat="40.76478162311299" lon="-74.00892697668678"><time>2026-06-13T13:51:25Z</time></trkpt><trkpt lat="40.764795871041" lon="-74.00890440584966"><time>2026-06-13T13:51:27Z</time></trkpt><trkpt lat="40.76480936790238" lon="-74.00888149369067"><time>2026-06-13T13:51:29Z</time></trkpt><trkpt lat="40.76482164337365" lon="-74.0088585170409"><time>2026-06-13T13:51:31Z</time></trkpt><trkpt lat="40.76483298169319" lon="-74.00883515613887"><time>2026-06-13T13:51:33Z</time></trkpt><trkpt lat="40.76484436137479" lon="-74.00881072008073"><time>2026-06-13T13:51:35Z</time></trkpt><trkpt lat="40.7648556492117" lon="-74.00878875165803"><time>2026-06-13T13:51:37Z</time></trkpt><trkpt lat="40.76486525996028" lon="-74.00876577381408"><time>2026-06-13T13:51:39Z</time></trkpt><trkpt lat="40.7648790733531" lon="-74.0087428416677"><time>2026-06-13T13:51:41Z</time></trkpt><trkpt lat="40.7648923391204" lon="-74.00871942688303"><time>2026-06-13T13:51:43Z</time></trkpt><trkpt lat="40.764905774479075" lon="-74.0086981931925"><time>2026-06-13T13:51:45Z</time></trkpt><trkpt lat="40.76492054414807" lon="-74.0086731544043"><time>2026-06-13T13:51:47Z</time></trkpt><trkpt lat="40.76493090304078" lon="-74.00865067880869"><time>2026-06-13T13:51:49Z</time></trkpt><trkpt lat="40.764944316510004" lon="-74.00863025551797"><time>2026-06-13T13:51:51Z</time></trkpt><trkpt lat="40.764954573568666" lon="-74.00860398964382"><time>2026-06-13T13:51:53Z</time></trkpt><trkpt lat="40.76496545051951" lon="-74.00858213955259"><time>2026-06-13T13:51:55Z</time></trkpt><trkpt lat="40.76497831625984" lon="-74.00855997278227"><time>2026-06-13T13:51:57Z</time></trkpt><trkpt lat="40.76499254414574" lon="-74.00853757414744"><time>2026-06-13T13:51:59Z</time></trkpt><trkpt lat="40.76500327415465" lon="-74.00851646577739"><time>2026-06-13T13:52:01Z</time></trkpt><trkpt lat="40.76502003608966" lon="-74.00848559035919"><time>2026-06-13T13:52:03Z</time></trkpt><trkpt lat="40.76502842894662" lon="-74.00846362909306"><time>2026-06-13T13:52:05Z</time></trkpt><trkpt lat="40.765043327220766" lon="-74.00843733497658"><time>2026-06-13T13:52:07Z</time></trkpt><trkpt lat="40.76505756515858" lon="-74.00841487360421"><time>2026-06-13T13:52:09Z</time></trkpt><trkpt lat="40.76506792739373" lon="-74.00839211042639"><time>2026-06-13T13:52:11Z</time></trkpt><trkpt lat="40.765080857897544" lon="-74.00837017083352"><time>2026-06-13T13:52:13Z</time></trkpt><trkpt lat="40.76509493443683" lon="-74.00834996549814"><time>2026-06-13T13:52:15Z</time></trkpt><trkpt lat="40.76510829756572" lon="-74.00832988996325"><time>2026-06-13T13:52:17Z</time></trkpt><trkpt lat="40.76512190090065" lon="-74.00831151515688"><time>2026-06-13T13:52:19Z</time></trkpt><trkpt lat="40.765133925840864" lon="-74.008291981964"><time>2026-06-13T13:52:21Z</time></trkpt><trkpt lat="40.76514383401126" lon="-74.008271206662"><time>2026-06-13T13:52:23Z</time></trkpt><trkpt lat="40.7651555447158" lon="-74.00825185899316"><time>2026-06-13T13:52:25Z</time></trkpt><trkpt lat="40.76516491918169" lon="-74.00823039216375"><time>2026-06-13T13:52:27Z</time></trkpt><trkpt lat="40.765177522319156" lon="-74.00819897796156"><time>2026-06-13T13:52:30Z</time></trkpt><trkpt lat="40.76518803138315" lon="-74.00816767945544"><time>2026-06-13T13:52:33Z</time></trkpt><trkpt lat="40.76519907201347" lon="-74.00813753415537"><time>2026-06-13T13:52:36Z</time></trkpt><trkpt lat="40.76521056787208" lon="-74.00810854758365"><time>2026-06-13T13:52:39Z</time></trkpt><trkpt lat="40.765220914240025" lon="-74.00808017940926"><time>2026-06-13T13:52:42Z</time></trkpt><trkpt lat="40.765232122660315" lon="-74.00805318533371"><time>2026-06-13T13:52:45Z</time></trkpt><trkpt lat="40.76524351895862" lon="-74.00802732106563"><time>2026-06-13T13:52:48Z</time></trkpt><trkpt lat="40.76525518524362" lon="-74.0080034131787"><time>2026-06-13T13:52:51Z</time></trkpt><trkpt lat="40.76526685361827" lon="-74.00797885039941"><time>2026-06-13T13:52:54Z</time></trkpt><trkpt lat="40.76527926375344" lon="-74.00795578489314"><time>2026-06-13T13:52:57Z</time></trkpt><trkpt lat="40.76529108069421" lon="-74.00793370720255"><time>2026-06-13T13:53:00Z</time></trkpt><trkpt lat="40.76530240260877" lon="-74.00790938102199"><time>2026-06-13T13:53:03Z</time></trkpt><trkpt lat="40.765314903998146" lon="-74.00788657056621"><time>2026-06-13T13:53:06Z</time></trkpt><trkpt lat="40.76532670566639" lon="-74.0078643799827"><time>2026-06-13T13:53:09Z</time></trkpt><trkpt lat="40.76533766755704" lon="-74.00784352617711"><time>2026-06-13T13:53:12Z</time></trkpt><trkpt lat="40.765349211103704" lon="-74.00782236629493"><time>2026-06-13T13:53:15Z</time></trkpt><trkpt lat="40.76536095224529" lon="-74.0078028003805"><time>2026-06-13T13:53:18Z</time></trkpt><trkpt lat="40.76537020830375" lon="-74.00777862855641"><time>2026-06-13T13:53:21Z</time></trkpt><trkpt lat="40.765378638979996" lon="-74.00775594238269"><time>2026-06-13T13:53:24Z</time></trkpt><trkpt lat="40.765388061101234" lon="-74.00773408695194"><time>2026-06-13T13:53:27Z</time></trkpt><trkpt lat="40.7653957990219" lon="-74.00771239128554"><time>2026-06-13T13:53:30Z</time></trkpt><trkpt lat="40.7654029701971" lon="-74.00769051502148"><time>2026-06-13T13:53:33Z</time></trkpt><trkpt lat="40.765412229268634" lon="-74.00766272297795"><time>2026-06-13T13:53:37Z</time></trkpt><trkpt lat="40.76542095954522" lon="-74.00763708215236"><time>2026-06-13T13:53:41Z</time></trkpt><trkpt lat="40.76542882637841" lon="-74.0076102450536"><time>2026-06-13T13:53:45Z</time></trkpt><trkpt lat="40.76543849575116" lon="-74.00758519398627"><time>2026-06-13T13:53:49Z</time></trkpt><trkpt lat="40.765444908659745" lon="-74.00755884857188"><time>2026-06-13T13:53:53Z</time></trkpt><trkpt lat="40.76544887999695" lon="-74.0075340465948"><time>2026-06-13T13:53:57Z</time></trkpt><trkpt lat="40.76545347030537" lon="-74.00750948754454"><time>2026-06-13T13:54:01Z</time></trkpt><trkpt lat="40.76545945017485" lon="-74.00748283073955"><time>2026-06-13T13:54:06Z</time></trkpt><trkpt lat="40.76546457093698" lon="-74.0074548560438"><time>2026-06-13T13:54:11Z</time></trkpt><trkpt lat="40.76546756941018" lon="-74.00742838662568"><time>2026-06-13T13:54:16Z</time></trkpt><trkpt lat="40.765466366506566" lon="-74.00740385412062"><time>2026-06-13T13:54:21Z</time></trkpt><trkpt lat="40.76546385632716" lon="-74.00737909363052"><time>2026-06-13T13:54:26Z</time></trkpt><trkpt lat="40.7654627850023" lon="-74.0073534366111"><time>2026-06-13T13:54:32Z</time></trkpt><trkpt lat="40.765460896552305" lon="-74.00732860399982"><time>2026-06-13T13:54:38Z</time></trkpt><trkpt lat="40.7654628475759" lon="-74.00730432411159"><time>2026-06-13T13:54:44Z</time></trkpt><trkpt lat="40.76545660347528" lon="-74.00727780249134"><time>2026-06-13T13:54:51Z</time></trkpt><trkpt lat="40.76545337499899" lon="-74.00725332296858"><time>2026-06-13T13:54:57Z</time></trkpt><trkpt lat="40.7654439063066" lon="-74.00722911157328"><time>2026-06-13T13:55:04Z</time></trkpt><trkpt lat="40.765433821203374" lon="-74.00720800649334"><time>2026-06-13T13:55:12Z</time></trkpt><trkpt lat="40.76542550056305" lon="-74.00718587063679"><time>2026-06-13T13:55:24Z</time></trkpt><trkpt lat="40.76542430786004" lon="-74.00720968795342"><time>2026-06-13T13:55:45Z</time></trkpt><trkpt lat="40.765425188830925" lon="-74.00723865197246"><time>2026-06-13T13:55:57Z</time></trkpt><trkpt lat="40.76545351223441" lon="-74.00725386199802"><time>2026-06-13T13:56:06Z</time></trkpt><trkpt lat="40.765457400424644" lon="-74.0072777065483"><time>2026-06-13T13:56:10Z</time></trkpt><trkpt lat="40.76543857593025" lon="-74.00728278387794"><time>2026-06-13T13:56:26Z</time></trkpt><trkpt lat="40.76542146948844" lon="-74.00729077617225"><time>2026-06-13T13:56:38Z</time></trkpt><trkpt lat="40.765402104949345" lon="-74.00729998317799"><time>2026-06-13T13:56:49Z</time></trkpt><trkpt lat="40.76542263098838" lon="-74.00729698526386"><time>2026-06-13T13:57:06Z</time></trkpt><trkpt lat="40.7654401977137" lon="-74.00728838302713"><time>2026-06-13T13:57:08Z</time></trkpt><trkpt lat="40.76546837429011" lon="-74.00727437617687"><time>2026-06-13T13:57:10Z</time></trkpt><trkpt lat="40.76549575009904" lon="-74.00725145235573"><time>2026-06-13T13:57:12Z</time></trkpt><trkpt lat="40.76552182134497" lon="-74.00723471794734"><time>2026-06-13T13:57:14Z</time></trkpt><trkpt lat="40.76555424223433" lon="-74.00721673176957"><time>2026-06-13T13:57:16Z</time></trkpt><trkpt lat="40.76557195086098" lon="-74.00720945420225"><time>2026-06-13T13:57:17Z</time></trkpt><trkpt lat="40.76560289527832" lon="-74.00719214807468"><time>2026-06-13T13:57:19Z</time></trkpt><trkpt lat="40.76561974674287" lon="-74.0071833350429"><time>2026-06-13T13:57:20Z</time></trkpt><trkpt lat="40.76564104735192" lon="-74.00717207513743"><time>2026-06-13T13:57:21Z</time></trkpt><trkpt lat="40.76566174850765" lon="-74.00716174405633"><time>2026-06-13T13:57:22Z</time></trkpt><trkpt lat="40.765682088119135" lon="-74.00715104210276"><time>2026-06-13T13:57:23Z</time></trkpt><trkpt lat="40.76569928068817" lon="-74.00714148776065"><time>2026-06-13T13:57:24Z</time></trkpt><trkpt lat="40.76573414488558" lon="-74.0071202145323"><time>2026-06-13T13:57:26Z</time></trkpt><trkpt lat="40.765756573679425" lon="-74.00710812565981"><time>2026-06-13T13:57:27Z</time></trkpt><trkpt lat="40.76577941179568" lon="-74.00709447820893"><time>2026-06-13T13:57:28Z</time></trkpt><trkpt lat="40.76580132970603" lon="-74.00708401286029"><time>2026-06-13T13:57:29Z</time></trkpt><trkpt lat="40.76582088214572" lon="-74.00707590571614"><time>2026-06-13T13:57:30Z</time></trkpt><trkpt lat="40.765840669338395" lon="-74.00707071300516"><time>2026-06-13T13:57:31Z</time></trkpt><trkpt lat="40.765859475042134" lon="-74.00706481920056"><time>2026-06-13T13:57:32Z</time></trkpt><trkpt lat="40.76588158041152" lon="-74.00705850543348"><time>2026-06-13T13:57:33Z</time></trkpt><trkpt lat="40.76590677401416" lon="-74.0070528946097"><time>2026-06-13T13:57:34Z</time></trkpt><trkpt lat="40.765931465903925" lon="-74.00704628337573"><time>2026-06-13T13:57:35Z</time></trkpt><trkpt lat="40.76595541699724" lon="-74.00704106890764"><time>2026-06-13T13:57:36Z</time></trkpt><trkpt lat="40.76597461337257" lon="-74.00703677447379"><time>2026-06-13T13:57:37Z</time></trkpt><trkpt lat="40.765994308632905" lon="-74.00703541048601"><time>2026-06-13T13:57:38Z</time></trkpt><trkpt lat="40.76601600994114" lon="-74.00703342732093"><time>2026-06-13T13:57:39Z</time></trkpt><trkpt lat="40.766038910132316" lon="-74.00703200121863"><time>2026-06-13T13:57:40Z</time></trkpt><trkpt lat="40.76606315792245" lon="-74.00703165251295"><time>2026-06-13T13:57:41Z</time></trkpt><trkpt lat="40.76608673021086" lon="-74.00703237342483"><time>2026-06-13T13:57:42Z</time></trkpt><trkpt lat="40.76610992551855" lon="-74.00703340082914"><time>2026-06-13T13:57:43Z</time></trkpt><trkpt lat="40.766130869621" lon="-74.00703384342096"><time>2026-06-13T13:57:44Z</time></trkpt><trkpt lat="40.76615158792294" lon="-74.00703419718236"><time>2026-06-13T13:57:45Z</time></trkpt><trkpt lat="40.766172998996105" lon="-74.00703423066294"><time>2026-06-13T13:57:46Z</time></trkpt><trkpt lat="40.76619542438725" lon="-74.00703429006796"><time>2026-06-13T13:57:47Z</time></trkpt><trkpt lat="40.76621777408423" lon="-74.00703466267747"><time>2026-06-13T13:57:48Z</time></trkpt><trkpt lat="40.766239778367684" lon="-74.00703498601476"><time>2026-06-13T13:57:49Z</time></trkpt><trkpt lat="40.766261369630335" lon="-74.00703577992081"><time>2026-06-13T13:57:50Z</time></trkpt><trkpt lat="40.766282912390345" lon="-74.00703769975736"><time>2026-06-13T13:57:51Z</time></trkpt><trkpt lat="40.76630756677643" lon="-74.0070403063199"><time>2026-06-13T13:57:52Z</time></trkpt><trkpt lat="40.76633070376071" lon="-74.00704400753729"><time>2026-06-13T13:57:53Z</time></trkpt><trkpt lat="40.766369273143034" lon="-74.00704677306169"><time>2026-06-13T13:57:55Z</time></trkpt><trkpt lat="40.76638948346976" lon="-74.0070461706354"><time>2026-06-13T13:57:56Z</time></trkpt><trkpt lat="40.76641155238404" lon="-74.00704704233267"><time>2026-06-13T13:57:57Z</time></trkpt><trkpt lat="40.766433964603806" lon="-74.00704496361823"><time>2026-06-13T13:57:58Z</time></trkpt><trkpt lat="40.76645621659676" lon="-74.00704188452788"><time>2026-06-13T13:57:59Z</time></trkpt><trkpt lat="40.76647730188029" lon="-74.00703855574805"><time>2026-06-13T13:58:00Z</time></trkpt><trkpt lat="40.76649844210382" lon="-74.00703482740349"><time>2026-06-13T13:58:01Z</time></trkpt><trkpt lat="40.76652007683442" lon="-74.00703406959886"><time>2026-06-13T13:58:02Z</time></trkpt><trkpt lat="40.76654177490572" lon="-74.00703207431489"><time>2026-06-13T13:58:03Z</time></trkpt><trkpt lat="40.766562598401485" lon="-74.00703142487781"><time>2026-06-13T13:58:04Z</time></trkpt><trkpt lat="40.76658554104488" lon="-74.00703179195571"><time>2026-06-13T13:58:05Z</time></trkpt><trkpt lat="40.76660915848185" lon="-74.00703357642435"><time>2026-06-13T13:58:06Z</time></trkpt><trkpt lat="40.76663162150826" lon="-74.0070354737167"><time>2026-06-13T13:58:07Z</time></trkpt><trkpt lat="40.766652985697" lon="-74.00703728113308"><time>2026-06-13T13:58:08Z</time></trkpt><trkpt lat="40.76667477586716" lon="-74.00703925838116"><time>2026-06-13T13:58:09Z</time></trkpt><trkpt lat="40.76669677765653" lon="-74.00704146837666"><time>2026-06-13T13:58:10Z</time></trkpt><trkpt lat="40.76671942168643" lon="-74.00704392673327"><time>2026-06-13T13:58:11Z</time></trkpt><trkpt lat="40.76674250144113" lon="-74.00704631283229"><time>2026-06-13T13:58:12Z</time></trkpt><trkpt lat="40.76676539129856" lon="-74.00704787794314"><time>2026-06-13T13:58:13Z</time></trkpt><trkpt lat="40.76678744693892" lon="-74.0070502071728"><time>2026-06-13T13:58:14Z</time></trkpt><trkpt lat="40.7668085019874" lon="-74.00705241865036"><time>2026-06-13T13:58:15Z</time></trkpt><trkpt lat="40.76683080004799" lon="-74.00705318681467"><time>2026-06-13T13:58:16Z</time></trkpt><trkpt lat="40.76685356442127" lon="-74.00705293531517"><time>2026-06-13T13:58:17Z</time></trkpt><trkpt lat="40.76687497937332" lon="-74.00705139962665"><time>2026-06-13T13:58:18Z</time></trkpt><trkpt lat="40.76689391771803" lon="-74.00704861264647"><time>2026-06-13T13:58:19Z</time></trkpt><trkpt lat="40.76691228333454" lon="-74.0070457363218"><time>2026-06-13T13:58:20Z</time></trkpt><trkpt lat="40.766931107079316" lon="-74.0070424185616"><time>2026-06-13T13:58:21Z</time></trkpt><trkpt lat="40.766949248276084" lon="-74.00704027396456"><time>2026-06-13T13:58:22Z</time></trkpt><trkpt lat="40.76696755776037" lon="-74.0070382749098"><time>2026-06-13T13:58:23Z</time></trkpt><trkpt lat="40.766999046314695" lon="-74.00703621484955"><time>2026-06-13T13:58:25Z</time></trkpt><trkpt lat="40.76702802783085" lon="-74.00703191273622"><time>2026-06-13T13:58:27Z</time></trkpt><trkpt lat="40.76704650616626" lon="-74.00702947652731"><time>2026-06-13T13:58:28Z</time></trkpt><trkpt lat="40.76707854235237" lon="-74.00702755409355"><time>2026-06-13T13:58:30Z</time></trkpt><trkpt lat="40.767105365733364" lon="-74.00702462142657"><time>2026-06-13T13:58:32Z</time></trkpt><trkpt lat="40.76713399127249" lon="-74.00701940947768"><time>2026-06-13T13:58:34Z</time></trkpt><trkpt lat="40.76715889250344" lon="-74.00701408966756"><time>2026-06-13T13:58:36Z</time></trkpt><trkpt lat="40.767189357906716" lon="-74.0070093722986"><time>2026-06-13T13:58:38Z</time></trkpt><trkpt lat="40.767221075327626" lon="-74.0070065905856"><time>2026-06-13T13:58:40Z</time></trkpt><trkpt lat="40.767255235609476" lon="-74.00700378547711"><time>2026-06-13T13:58:42Z</time></trkpt><trkpt lat="40.76727355397058" lon="-74.0070005882412"><time>2026-06-13T13:58:43Z</time></trkpt><trkpt lat="40.76729234839136" lon="-74.00699735112394"><time>2026-06-13T13:58:44Z</time></trkpt><trkpt lat="40.767311256704126" lon="-74.00699383436184"><time>2026-06-13T13:58:45Z</time></trkpt><trkpt lat="40.76733245197649" lon="-74.00699178462577"><time>2026-06-13T13:58:46Z</time></trkpt><trkpt lat="40.76735382050386" lon="-74.00699031054863"><time>2026-06-13T13:58:47Z</time></trkpt><trkpt lat="40.767374842067994" lon="-74.00698776218513"><time>2026-06-13T13:58:48Z</time></trkpt><trkpt lat="40.76739605668018" lon="-74.00698615593474"><time>2026-06-13T13:58:49Z</time></trkpt><trkpt lat="40.76741800006934" lon="-74.00698469596782"><time>2026-06-13T13:58:50Z</time></trkpt><trkpt lat="40.76743896792452" lon="-74.0069824878859"><time>2026-06-13T13:58:51Z</time></trkpt><trkpt lat="40.76746090591986" lon="-74.0069801968703"><time>2026-06-13T13:58:52Z</time></trkpt><trkpt lat="40.76748424531502" lon="-74.00697787338017"><time>2026-06-13T13:58:53Z</time></trkpt><trkpt lat="40.76750847103032" lon="-74.00697611400861"><time>2026-06-13T13:58:54Z</time></trkpt><trkpt lat="40.76753142691691" lon="-74.00697406017814"><time>2026-06-13T13:58:55Z</time></trkpt><trkpt lat="40.767553261346066" lon="-74.00697345564633"><time>2026-06-13T13:58:56Z</time></trkpt><trkpt lat="40.767572264769" lon="-74.00697087891469"><time>2026-06-13T13:58:57Z</time></trkpt><trkpt lat="40.76759113896375" lon="-74.00696823032239"><time>2026-06-13T13:58:58Z</time></trkpt><trkpt lat="40.767609515865466" lon="-74.00696363938992"><time>2026-06-13T13:58:59Z</time></trkpt><trkpt lat="40.767628670099896" lon="-74.00695741005322"><time>2026-06-13T13:59:00Z</time></trkpt><trkpt lat="40.767646830783946" lon="-74.00695180833483"><time>2026-06-13T13:59:01Z</time></trkpt><trkpt lat="40.76767805308179" lon="-74.0069454550274"><time>2026-06-13T13:59:03Z</time></trkpt><trkpt lat="40.76770852262042" lon="-74.00694122578967"><time>2026-06-13T13:59:05Z</time></trkpt><trkpt lat="40.76773717744805" lon="-74.00693535854043"><time>2026-06-13T13:59:07Z</time></trkpt><trkpt lat="40.76776384915904" lon="-74.0069291330211"><time>2026-06-13T13:59:09Z</time></trkpt><trkpt lat="40.7677902608384" lon="-74.00692193946946"><time>2026-06-13T13:59:11Z</time></trkpt><trkpt lat="40.76781412581842" lon="-74.00691497996893"><time>2026-06-13T13:59:13Z</time></trkpt><trkpt lat="40.76783842741217" lon="-74.00690707868085"><time>2026-06-13T13:59:15Z</time></trkpt><trkpt lat="40.76786016533009" lon="-74.00689858610102"><time>2026-06-13T13:59:17Z</time></trkpt><trkpt lat="40.76788279248238" lon="-74.0068893539038"><time>2026-06-13T13:59:19Z</time></trkpt><trkpt lat="40.767903166974115" lon="-74.00688121868556"><time>2026-06-13T13:59:21Z</time></trkpt><trkpt lat="40.76792253076937" lon="-74.00687634080607"><time>2026-06-13T13:59:23Z</time></trkpt><trkpt lat="40.76794297318022" lon="-74.00687460090869"><time>2026-06-13T13:59:25Z</time></trkpt><trkpt lat="40.76796247466354" lon="-74.00687590399913"><time>2026-06-13T13:59:27Z</time></trkpt><trkpt lat="40.76798118018201" lon="-74.00687826516287"><time>2026-06-13T13:59:29Z</time></trkpt><trkpt lat="40.76799935818427" lon="-74.00688178274346"><time>2026-06-13T13:59:31Z</time></trkpt><trkpt lat="40.76801774100575" lon="-74.00688706568353"><time>2026-06-13T13:59:33Z</time></trkpt><trkpt lat="40.768035930950795" lon="-74.00689358826395"><time>2026-06-13T13:59:35Z</time></trkpt><trkpt lat="40.76805447425195" lon="-74.00689995898725"><time>2026-06-13T13:59:37Z</time></trkpt><trkpt lat="40.76807937512624" lon="-74.00690865327685"><time>2026-06-13T13:59:40Z</time></trkpt><trkpt lat="40.76810435525246" lon="-74.00691750612475"><time>2026-06-13T13:59:43Z</time></trkpt><trkpt lat="40.768129660525986" lon="-74.00692625779486"><time>2026-06-13T13:59:46Z</time></trkpt><trkpt lat="40.76814735182588" lon="-74.00693170028342"><time>2026-06-13T13:59:48Z</time></trkpt><trkpt lat="40.7681737278786" lon="-74.00694035233666"><time>2026-06-13T13:59:51Z</time></trkpt><trkpt lat="40.76819665320588" lon="-74.00694396136696"><time>2026-06-13T13:59:54Z</time></trkpt><trkpt lat="40.76822272732095" lon="-74.00695336907344"><time>2026-06-13T13:59:57Z</time></trkpt><trkpt lat="40.76824070864123" lon="-74.00695771147741"><time>2026-06-13T13:59:59Z</time></trkpt><trkpt lat="40.768258666879255" lon="-74.0069615679395"><time>2026-06-13T14:00:01Z</time></trkpt><trkpt lat="40.76828318337191" lon="-74.00697113193317"><time>2026-06-13T14:00:04Z</time></trkpt><trkpt lat="40.768302388977936" lon="-74.00697852889607"><time>2026-06-13T14:00:06Z</time></trkpt><trkpt lat="40.76832147778625" lon="-74.00698197495694"><time>2026-06-13T14:00:08Z</time></trkpt><trkpt lat="40.76834736864307" lon="-74.00698621221204"><time>2026-06-13T14:00:11Z</time></trkpt><trkpt lat="40.76837407052186" lon="-74.00699537977574"><time>2026-06-13T14:00:14Z</time></trkpt><trkpt lat="40.76840003088368" lon="-74.00700459857367"><time>2026-06-13T14:00:17Z</time></trkpt><trkpt lat="40.768419535877015" lon="-74.00701170450792"><time>2026-06-13T14:00:19Z</time></trkpt><trkpt lat="40.76843777832132" lon="-74.00701875620221"><time>2026-06-13T14:00:21Z</time></trkpt><trkpt lat="40.76846252509479" lon="-74.00702975941357"><time>2026-06-13T14:00:24Z</time></trkpt><trkpt lat="40.768482849774145" lon="-74.00703666414253"><time>2026-06-13T14:00:26Z</time></trkpt><trkpt lat="40.76850356372987" lon="-74.00704600604077"><time>2026-06-13T14:00:28Z</time></trkpt><trkpt lat="40.76852150613533" lon="-74.00705564127038"><time>2026-06-13T14:00:30Z</time></trkpt><trkpt lat="40.768542087917666" lon="-74.00706431180592"><time>2026-06-13T14:00:32Z</time></trkpt><trkpt lat="40.76856347093013" lon="-74.00707335995465"><time>2026-06-13T14:00:34Z</time></trkpt><trkpt lat="40.76858573753948" lon="-74.00708214843341"><time>2026-06-13T14:00:36Z</time></trkpt><trkpt lat="40.76860658247969" lon="-74.00709113384804"><time>2026-06-13T14:00:38Z</time></trkpt><trkpt lat="40.76862713683652" lon="-74.007099810695"><time>2026-06-13T14:00:40Z</time></trkpt><trkpt lat="40.768646430831964" lon="-74.00710956619103"><time>2026-06-13T14:00:42Z</time></trkpt><trkpt lat="40.768667597835" lon="-74.00711946241857"><time>2026-06-13T14:00:44Z</time></trkpt><trkpt lat="40.76868960823347" lon="-74.00712738007991"><time>2026-06-13T14:00:46Z</time></trkpt><trkpt lat="40.768710565182595" lon="-74.00713700514368"><time>2026-06-13T14:00:48Z</time></trkpt><trkpt lat="40.768733259742994" lon="-74.00714630023425"><time>2026-06-13T14:00:50Z</time></trkpt><trkpt lat="40.768756187233954" lon="-74.00715479817852"><time>2026-06-13T14:00:52Z</time></trkpt><trkpt lat="40.76877831022364" lon="-74.00716318588329"><time>2026-06-13T14:00:54Z</time></trkpt><trkpt lat="40.768801879527466" lon="-74.00716975138063"><time>2026-06-13T14:00:56Z</time></trkpt><trkpt lat="40.76882492941496" lon="-74.0071746786034"><time>2026-06-13T14:00:58Z</time></trkpt><trkpt lat="40.76885041614924" lon="-74.00718124591674"><time>2026-06-13T14:01:00Z</time></trkpt><trkpt lat="40.768873682603676" lon="-74.00719053734099"><time>2026-06-13T14:01:02Z</time></trkpt><trkpt lat="40.76889944301364" lon="-74.00719760016752"><time>2026-06-13T14:01:04Z</time></trkpt><trkpt lat="40.768924007039814" lon="-74.00720683738953"><time>2026-06-13T14:01:06Z</time></trkpt><trkpt lat="40.76894934861208" lon="-74.00721405923467"><time>2026-06-13T14:01:08Z</time></trkpt><trkpt lat="40.76897585043347" lon="-74.00721868982102"><time>2026-06-13T14:01:10Z</time></trkpt><trkpt lat="40.76900201934809" lon="-74.00722590429164"><time>2026-06-13T14:01:12Z</time></trkpt><trkpt lat="40.769028476006774" lon="-74.0072333713285"><time>2026-06-13T14:01:14Z</time></trkpt><trkpt lat="40.76905334969103" lon="-74.00724088802662"><time>2026-06-13T14:01:16Z</time></trkpt><trkpt lat="40.76908116844921" lon="-74.00724709622489"><time>2026-06-13T14:01:18Z</time></trkpt><trkpt lat="40.76910570487966" lon="-74.00725574354377"><time>2026-06-13T14:01:20Z</time></trkpt><trkpt lat="40.769130991799834" lon="-74.00726388848851"><time>2026-06-13T14:01:22Z</time></trkpt><trkpt lat="40.76915678232655" lon="-74.00727399849283"><time>2026-06-13T14:01:24Z</time></trkpt><trkpt lat="40.769181053210794" lon="-74.00728396201491"><time>2026-06-13T14:01:26Z</time></trkpt><trkpt lat="40.76920704814739" lon="-74.00729316587115"><time>2026-06-13T14:01:28Z</time></trkpt><trkpt lat="40.769233455124166" lon="-74.00730587925267"><time>2026-06-13T14:01:30Z</time></trkpt><trkpt lat="40.7692582097909" lon="-74.0073170414434"><time>2026-06-13T14:01:32Z</time></trkpt><trkpt lat="40.76928258508078" lon="-74.00732807244266"><time>2026-06-13T14:01:34Z</time></trkpt><trkpt lat="40.769308592032765" lon="-74.00734018821349"><time>2026-06-13T14:01:36Z</time></trkpt><trkpt lat="40.76933236851905" lon="-74.00734973552667"><time>2026-06-13T14:01:38Z</time></trkpt><trkpt lat="40.769358173842456" lon="-74.00736102000798"><time>2026-06-13T14:01:40Z</time></trkpt><trkpt lat="40.769387299878915" lon="-74.00737219852077"><time>2026-06-13T14:01:42Z</time></trkpt><trkpt lat="40.76941330886793" lon="-74.00738431191746"><time>2026-06-13T14:01:44Z</time></trkpt><trkpt lat="40.76944010111331" lon="-74.00739671944434"><time>2026-06-13T14:01:46Z</time></trkpt><trkpt lat="40.76946681729902" lon="-74.00741186794201"><time>2026-06-13T14:01:48Z</time></trkpt><trkpt lat="40.7694934069506" lon="-74.00742497048529"><time>2026-06-13T14:01:50Z</time></trkpt><trkpt lat="40.769521409838966" lon="-74.00743759142252"><time>2026-06-13T14:01:52Z</time></trkpt><trkpt lat="40.76955086920982" lon="-74.00744921914466"><time>2026-06-13T14:01:54Z</time></trkpt><trkpt lat="40.76957968738648" lon="-74.00746102240606"><time>2026-06-13T14:01:56Z</time></trkpt><trkpt lat="40.76960869081056" lon="-74.00747223042268"><time>2026-06-13T14:01:58Z</time></trkpt><trkpt lat="40.76963630219151" lon="-74.00748356532145"><time>2026-06-13T14:02:00Z</time></trkpt><trkpt lat="40.76966586563149" lon="-74.00749630553948"><time>2026-06-13T14:02:02Z</time></trkpt><trkpt lat="40.769691438914286" lon="-74.00750792523705"><time>2026-06-13T14:02:04Z</time></trkpt><trkpt lat="40.76971658425844" lon="-74.0075248483069"><time>2026-06-13T14:02:06Z</time></trkpt><trkpt lat="40.76974231520793" lon="-74.00754500465641"><time>2026-06-13T14:02:08Z</time></trkpt><trkpt lat="40.76976729360025" lon="-74.00756365118524"><time>2026-06-13T14:02:10Z</time></trkpt><trkpt lat="40.76979253438066" lon="-74.00757514646672"><time>2026-06-13T14:02:12Z</time></trkpt><trkpt lat="40.7698182541655" lon="-74.0075856155288"><time>2026-06-13T14:02:14Z</time></trkpt><trkpt lat="40.76984284595554" lon="-74.00759919109886"><time>2026-06-13T14:02:16Z</time></trkpt><trkpt lat="40.76986782832" lon="-74.0076126339192"><time>2026-06-13T14:02:18Z</time></trkpt><trkpt lat="40.76989352977756" lon="-74.00762621879419"><time>2026-06-13T14:02:20Z</time></trkpt><trkpt lat="40.76991777260033" lon="-74.00764115640163"><time>2026-06-13T14:02:22Z</time></trkpt><trkpt lat="40.76994338408313" lon="-74.00765505768463"><time>2026-06-13T14:02:24Z</time></trkpt><trkpt lat="40.76996787846171" lon="-74.00766898356889"><time>2026-06-13T14:02:26Z</time></trkpt><trkpt lat="40.76999295814146" lon="-74.00768143519709"><time>2026-06-13T14:02:28Z</time></trkpt><trkpt lat="40.770017339847314" lon="-74.00769368900919"><time>2026-06-13T14:02:30Z</time></trkpt><trkpt lat="40.77004373513905" lon="-74.00770807569599"><time>2026-06-13T14:02:32Z</time></trkpt><trkpt lat="40.77006960309573" lon="-74.00772276772292"><time>2026-06-13T14:02:34Z</time></trkpt><trkpt lat="40.77009476320073" lon="-74.00773306900409"><time>2026-06-13T14:02:36Z</time></trkpt><trkpt lat="40.77011972007337" lon="-74.00774409052399"><time>2026-06-13T14:02:38Z</time></trkpt><trkpt lat="40.77014583693245" lon="-74.00775564800254"><time>2026-06-13T14:02:40Z</time></trkpt><trkpt lat="40.77016769719233" lon="-74.00776936917639"><time>2026-06-13T14:02:42Z</time></trkpt><trkpt lat="40.77019170752526" lon="-74.00778167266652"><time>2026-06-13T14:02:44Z</time></trkpt><trkpt lat="40.77021348535673" lon="-74.00779099898382"><time>2026-06-13T14:02:46Z</time></trkpt><trkpt lat="40.77023554270803" lon="-74.0078018685449"><time>2026-06-13T14:02:48Z</time></trkpt><trkpt lat="40.770258079461556" lon="-74.00781246087625"><time>2026-06-13T14:02:50Z</time></trkpt><trkpt lat="40.77027961788188" lon="-74.00782143591172"><time>2026-06-13T14:02:52Z</time></trkpt><trkpt lat="40.77030197086176" lon="-74.00783148273118"><time>2026-06-13T14:02:54Z</time></trkpt><trkpt lat="40.7703245828286" lon="-74.00783975223825"><time>2026-06-13T14:02:56Z</time></trkpt><trkpt lat="40.77034777901436" lon="-74.0078500140004"><time>2026-06-13T14:02:58Z</time></trkpt><trkpt lat="40.770370976973815" lon="-74.00786148271273"><time>2026-06-13T14:03:00Z</time></trkpt><trkpt lat="40.77039239758224" lon="-74.00787360929071"><time>2026-06-13T14:03:02Z</time></trkpt><trkpt lat="40.770414856394765" lon="-74.00788793429032"><time>2026-06-13T14:03:04Z</time></trkpt><trkpt lat="40.77043668309249" lon="-74.00790027126796"><time>2026-06-13T14:03:06Z</time></trkpt><trkpt lat="40.77045939022101" lon="-74.00791168220881"><time>2026-06-13T14:03:08Z</time></trkpt><trkpt lat="40.770481261942045" lon="-74.00791405507341"><time>2026-06-13T14:03:10Z</time></trkpt><trkpt lat="40.770503038850755" lon="-74.00790705071243"><time>2026-06-13T14:03:12Z</time></trkpt><trkpt lat="40.77052285936849" lon="-74.00789320136356"><time>2026-06-13T14:03:14Z</time></trkpt><trkpt lat="40.77053771825435" lon="-74.00787298289991"><time>2026-06-13T14:03:16Z</time></trkpt><trkpt lat="40.7705483796195" lon="-74.00785001533261"><time>2026-06-13T14:03:18Z</time></trkpt><trkpt lat="40.770553388690864" lon="-74.00782472487853"><time>2026-06-13T14:03:20Z</time></trkpt><trkpt lat="40.770553591437725" lon="-74.00780033950026"><time>2026-06-13T14:03:22Z</time></trkpt><trkpt lat="40.770552038720105" lon="-74.00777617681982"><time>2026-06-13T14:03:24Z</time></trkpt><trkpt lat="40.770546993855994" lon="-74.0077427133807"><time>2026-06-13T14:03:27Z</time></trkpt><trkpt lat="40.77054077757503" lon="-74.00771986802111"><time>2026-06-13T14:03:29Z</time></trkpt><trkpt lat="40.770529794512186" lon="-74.00768570208545"><time>2026-06-13T14:03:32Z</time></trkpt><trkpt lat="40.7705230116317" lon="-74.007653164606"><time>2026-06-13T14:03:35Z</time></trkpt><trkpt lat="40.77051507444063" lon="-74.00761898959597"><time>2026-06-13T14:03:38Z</time></trkpt><trkpt lat="40.77050842663616" lon="-74.00759690458247"><time>2026-06-13T14:03:40Z</time></trkpt><trkpt lat="40.770501270043475" lon="-74.0075735338491"><time>2026-06-13T14:03:42Z</time></trkpt><trkpt lat="40.77049406686579" lon="-74.00755064141069"><time>2026-06-13T14:03:44Z</time></trkpt><trkpt lat="40.77048662481922" lon="-74.00752609198048"><time>2026-06-13T14:03:46Z</time></trkpt><trkpt lat="40.77047913855061" lon="-74.00750184868983"><time>2026-06-13T14:03:48Z</time></trkpt><trkpt lat="40.770472075374165" lon="-74.00747633175675"><time>2026-06-13T14:03:50Z</time></trkpt><trkpt lat="40.770465271481186" lon="-74.00745089989438"><time>2026-06-13T14:03:52Z</time></trkpt><trkpt lat="40.77045864016678" lon="-74.00742474817918"><time>2026-06-13T14:03:54Z</time></trkpt><trkpt lat="40.770453067808624" lon="-74.00739855770385"><time>2026-06-13T14:03:56Z</time></trkpt><trkpt lat="40.77044776339322" lon="-74.00737207837341"><time>2026-06-13T14:03:58Z</time></trkpt><trkpt lat="40.77044288169303" lon="-74.00734595608303"><time>2026-06-13T14:04:00Z</time></trkpt><trkpt lat="40.77044010388085" lon="-74.00731931297831"><time>2026-06-13T14:04:02Z</time></trkpt><trkpt lat="40.77043656485306" lon="-74.00729275462776"><time>2026-06-13T14:04:04Z</time></trkpt><trkpt lat="40.770433960185024" lon="-74.00726645042191"><time>2026-06-13T14:04:06Z</time></trkpt><trkpt lat="40.77043120640524" lon="-74.00723977796376"><time>2026-06-13T14:04:08Z</time></trkpt><trkpt lat="40.77042914778139" lon="-74.00721431466626"><time>2026-06-13T14:04:10Z</time></trkpt><trkpt lat="40.770428169672954" lon="-74.00718971488784"><time>2026-06-13T14:04:12Z</time></trkpt><trkpt lat="40.7704268169684" lon="-74.00716258574259"><time>2026-06-13T14:04:14Z</time></trkpt><trkpt lat="40.77042431958969" lon="-74.00713723182275"><time>2026-06-13T14:04:16Z</time></trkpt><trkpt lat="40.77042239498271" lon="-74.00711220462462"><time>2026-06-13T14:04:18Z</time></trkpt><trkpt lat="40.77041864946787" lon="-74.0070885712837"><time>2026-06-13T14:04:20Z</time></trkpt><trkpt lat="40.77041343417459" lon="-74.0070633340086"><time>2026-06-13T14:04:22Z</time></trkpt><trkpt lat="40.77040839362337" lon="-74.00703988258067"><time>2026-06-13T14:04:24Z</time></trkpt><trkpt lat="40.77040302701507" lon="-74.00701489172921"><time>2026-06-13T14:04:26Z</time></trkpt><trkpt lat="40.770396961844675" lon="-74.00698888463296"><time>2026-06-13T14:04:28Z</time></trkpt><trkpt lat="40.770388988209795" lon="-74.00696411661238"><time>2026-06-13T14:04:30Z</time></trkpt><trkpt lat="40.77038354486172" lon="-74.00693904265724"><time>2026-06-13T14:04:32Z</time></trkpt><trkpt lat="40.77037605197514" lon="-74.00691377004473"><time>2026-06-13T14:04:34Z</time></trkpt><trkpt lat="40.770370289936636" lon="-74.00688740478928"><time>2026-06-13T14:04:36Z</time></trkpt><trkpt lat="40.770364097654095" lon="-74.0068624711736"><time>2026-06-13T14:04:38Z</time></trkpt><trkpt lat="40.77035864882435" lon="-74.0068367529441"><time>2026-06-13T14:04:40Z</time></trkpt><trkpt lat="40.77035166071872" lon="-74.00681143692891"><time>2026-06-13T14:04:42Z</time></trkpt><trkpt lat="40.77034496135819" lon="-74.00678483033874"><time>2026-06-13T14:04:44Z</time></trkpt><trkpt lat="40.770338034613125" lon="-74.00676001039362"><time>2026-06-13T14:04:46Z</time></trkpt><trkpt lat="40.77033024813313" lon="-74.00673309114605"><time>2026-06-13T14:04:48Z</time></trkpt><trkpt lat="40.77032228384879" lon="-74.00670739583106"><time>2026-06-13T14:04:50Z</time></trkpt><trkpt lat="40.770315779172684" lon="-74.00668210049591"><time>2026-06-13T14:04:52Z</time></trkpt><trkpt lat="40.770307177651695" lon="-74.00665726369255"><time>2026-06-13T14:04:54Z</time></trkpt><trkpt lat="40.770304834390004" lon="-74.00663118426864"><time>2026-06-13T14:04:56Z</time></trkpt><trkpt lat="40.77029857850711" lon="-74.00660738563576"><time>2026-06-13T14:04:58Z</time></trkpt><trkpt lat="40.77029230853285" lon="-74.00658175692797"><time>2026-06-13T14:05:00Z</time></trkpt><trkpt lat="40.77028564470882" lon="-74.00655839245351"><time>2026-06-13T14:05:02Z</time></trkpt><trkpt lat="40.770278697768276" lon="-74.00653480188174"><time>2026-06-13T14:05:04Z</time></trkpt><trkpt lat="40.770268244239944" lon="-74.00650306135925"><time>2026-06-13T14:05:07Z</time></trkpt><trkpt lat="40.770258195820745" lon="-74.00647216948629"><time>2026-06-13T14:05:10Z</time></trkpt><trkpt lat="40.77024707287787" lon="-74.00644181358919"><time>2026-06-13T14:05:13Z</time></trkpt><trkpt lat="40.77023931838411" lon="-74.0064203920975"><time>2026-06-13T14:05:15Z</time></trkpt><trkpt lat="40.77022679313592" lon="-74.0063907785906"><time>2026-06-13T14:05:18Z</time></trkpt><trkpt lat="40.7702114253709" lon="-74.00636096697824"><time>2026-06-13T14:05:21Z</time></trkpt><trkpt lat="40.770201398223705" lon="-74.00633919807211"><time>2026-06-13T14:05:23Z</time></trkpt><trkpt lat="40.77019180992978" lon="-74.006318992699"><time>2026-06-13T14:05:25Z</time></trkpt><trkpt lat="40.77018120722325" lon="-74.0062970291615"><time>2026-06-13T14:05:27Z</time></trkpt><trkpt lat="40.770173099873354" lon="-74.00627057537639"><time>2026-06-13T14:05:29Z</time></trkpt><trkpt lat="40.77014983529789" lon="-74.00627282146758"><time>2026-06-13T14:05:30Z</time></trkpt><trkpt lat="40.7701399517661" lon="-74.00624031216962"><time>2026-06-13T14:05:33Z</time></trkpt><trkpt lat="40.77014023487336" lon="-74.00621481478"><time>2026-06-13T14:05:35Z</time></trkpt><trkpt lat="40.770130364963585" lon="-74.00619396553627"><time>2026-06-13T14:05:37Z</time></trkpt><trkpt lat="40.77011638506896" lon="-74.00616503406258"><time>2026-06-13T14:05:40Z</time></trkpt><trkpt lat="40.770104424365464" lon="-74.00614566007508"><time>2026-06-13T14:05:42Z</time></trkpt><trkpt lat="40.770089577623246" lon="-74.00611738254234"><time>2026-06-13T14:05:45Z</time></trkpt><trkpt lat="40.77007726167573" lon="-74.00609761307386"><time>2026-06-13T14:05:47Z</time></trkpt><trkpt lat="40.77006529114272" lon="-74.00607820030103"><time>2026-06-13T14:05:49Z</time></trkpt><trkpt lat="40.77005313085829" lon="-74.00605753061105"><time>2026-06-13T14:05:51Z</time></trkpt><trkpt lat="40.770041401901615" lon="-74.00603828635393"><time>2026-06-13T14:05:53Z</time></trkpt><trkpt lat="40.77002794757723" lon="-74.00601726681349"><time>2026-06-13T14:05:55Z</time></trkpt><trkpt lat="40.77001403545514" lon="-74.00599440876898"><time>2026-06-13T14:05:57Z</time></trkpt><trkpt lat="40.770001321166504" lon="-74.0059722445116"><time>2026-06-13T14:05:59Z</time></trkpt><trkpt lat="40.76998810019316" lon="-74.00594931637248"><time>2026-06-13T14:06:01Z</time></trkpt><trkpt lat="40.76997533960984" lon="-74.00592551957322"><time>2026-06-13T14:06:03Z</time></trkpt><trkpt lat="40.76996218663756" lon="-74.00590082453137"><time>2026-06-13T14:06:05Z</time></trkpt><trkpt lat="40.76994934600239" lon="-74.00587559389311"><time>2026-06-13T14:06:07Z</time></trkpt><trkpt lat="40.76993649134797" lon="-74.00585021911962"><time>2026-06-13T14:06:09Z</time></trkpt><trkpt lat="40.76992379082131" lon="-74.00582330439492"><time>2026-06-13T14:06:11Z</time></trkpt><trkpt lat="40.76991271924739" lon="-74.00579530008676"><time>2026-06-13T14:06:13Z</time></trkpt><trkpt lat="40.76990273376574" lon="-74.00576665444692"><time>2026-06-13T14:06:15Z</time></trkpt><trkpt lat="40.769892290044005" lon="-74.0057373774111"><time>2026-06-13T14:06:17Z</time></trkpt><trkpt lat="40.769883009889995" lon="-74.00570696391965"><time>2026-06-13T14:06:19Z</time></trkpt><trkpt lat="40.76987444906753" lon="-74.00567604478437"><time>2026-06-13T14:06:21Z</time></trkpt><trkpt lat="40.76986783012661" lon="-74.00564432444682"><time>2026-06-13T14:06:23Z</time></trkpt><trkpt lat="40.7698631119415" lon="-74.00561184146088"><time>2026-06-13T14:06:25Z</time></trkpt><trkpt lat="40.769861313790436" lon="-74.00558003161824"><time>2026-06-13T14:06:27Z</time></trkpt><trkpt lat="40.76986076945975" lon="-74.00554835343996"><time>2026-06-13T14:06:29Z</time></trkpt><trkpt lat="40.769860706828595" lon="-74.00551668116212"><time>2026-06-13T14:06:31Z</time></trkpt><trkpt lat="40.769861913153804" lon="-74.00548704567869"><time>2026-06-13T14:06:33Z</time></trkpt><trkpt lat="40.76986270167339" lon="-74.00545702555327"><time>2026-06-13T14:06:35Z</time></trkpt><trkpt lat="40.76986440136766" lon="-74.00542804971806"><time>2026-06-13T14:06:37Z</time></trkpt><trkpt lat="40.76986460040482" lon="-74.00540002204264"><time>2026-06-13T14:06:39Z</time></trkpt><trkpt lat="40.76986676943476" lon="-74.00537203978327"><time>2026-06-13T14:06:41Z</time></trkpt><trkpt lat="40.76986927004213" lon="-74.00534446895115"><time>2026-06-13T14:06:43Z</time></trkpt><trkpt lat="40.76987344493563" lon="-74.00532036956928"><time>2026-06-13T14:06:45Z</time></trkpt><trkpt lat="40.769880495294935" lon="-74.0052977873292"><time>2026-06-13T14:06:47Z</time></trkpt><trkpt lat="40.76989449157473" lon="-74.00527005686577"><time>2026-06-13T14:06:50Z</time></trkpt><trkpt lat="40.76991478085623" lon="-74.00525503251907"><time>2026-06-13T14:06:53Z</time></trkpt><trkpt lat="40.76993423365287" lon="-74.00524932581868"><time>2026-06-13T14:06:56Z</time></trkpt><trkpt lat="40.76995243375926" lon="-74.00525464192367"><time>2026-06-13T14:06:59Z</time></trkpt><trkpt lat="40.769974541065565" lon="-74.0052687191205"><time>2026-06-13T14:07:02Z</time></trkpt><trkpt lat="40.769991302473066" lon="-74.00528105934562"><time>2026-06-13T14:07:04Z</time></trkpt><trkpt lat="40.770014116234385" lon="-74.00529850894898"><time>2026-06-13T14:07:07Z</time></trkpt><trkpt lat="40.77002945860504" lon="-74.00531286114487"><time>2026-06-13T14:07:09Z</time></trkpt><trkpt lat="40.77004650128739" lon="-74.0053241414445"><time>2026-06-13T14:07:11Z</time></trkpt><trkpt lat="40.770063150798656" lon="-74.00533483376319"><time>2026-06-13T14:07:13Z</time></trkpt><trkpt lat="40.77008046428615" lon="-74.0053450747321"><time>2026-06-13T14:07:15Z</time></trkpt><trkpt lat="40.770094879299926" lon="-74.00536452908298"><time>2026-06-13T14:07:17Z</time></trkpt><trkpt lat="40.77011610976979" lon="-74.00538534947495"><time>2026-06-13T14:07:20Z</time></trkpt><trkpt lat="40.77013153830461" lon="-74.00539901340112"><time>2026-06-13T14:07:22Z</time></trkpt><trkpt lat="40.770147589733824" lon="-74.00541188756077"><time>2026-06-13T14:07:24Z</time></trkpt><trkpt lat="40.770163392871744" lon="-74.00542442438045"><time>2026-06-13T14:07:26Z</time></trkpt><trkpt lat="40.77018564691436" lon="-74.00544198648242"><time>2026-06-13T14:07:29Z</time></trkpt><trkpt lat="40.77020943423767" lon="-74.00545596787875"><time>2026-06-13T14:07:32Z</time></trkpt><trkpt lat="40.770231074058486" lon="-74.00546938361288"><time>2026-06-13T14:07:35Z</time></trkpt><trkpt lat="40.770253121905554" lon="-74.00548279899465"><time>2026-06-13T14:07:38Z</time></trkpt><trkpt lat="40.77027649922821" lon="-74.00549642396984"><time>2026-06-13T14:07:41Z</time></trkpt><trkpt lat="40.77029664614115" lon="-74.0055082796762"><time>2026-06-13T14:07:44Z</time></trkpt><trkpt lat="40.77031203926052" lon="-74.00553325986732"><time>2026-06-13T14:07:48Z</time></trkpt><trkpt lat="40.77032994173074" lon="-74.005550222533"><time>2026-06-13T14:07:51Z</time></trkpt><trkpt lat="40.77034306770205" lon="-74.00556983602578"><time>2026-06-13T14:07:54Z</time></trkpt><trkpt lat="40.77035796553723" lon="-74.00559161725342"><time>2026-06-13T14:07:58Z</time></trkpt><trkpt lat="40.77037666516778" lon="-74.00560871605809"><time>2026-06-13T14:08:02Z</time></trkpt><trkpt lat="40.77039277351305" lon="-74.00562015093466"><time>2026-06-13T14:08:05Z</time></trkpt><trkpt lat="40.77040925409683" lon="-74.00563131396589"><time>2026-06-13T14:08:08Z</time></trkpt><trkpt lat="40.77042962262365" lon="-74.00564600120978"><time>2026-06-13T14:08:12Z</time></trkpt><trkpt lat="40.770451284792294" lon="-74.00566011114981"><time>2026-06-13T14:08:16Z</time></trkpt><trkpt lat="40.77046878373625" lon="-74.00566873688751"><time>2026-06-13T14:08:19Z</time></trkpt><trkpt lat="40.770487192438154" lon="-74.00567270890998"><time>2026-06-13T14:08:23Z</time></trkpt><trkpt lat="40.77050870573319" lon="-74.005685646567"><time>2026-06-13T14:08:29Z</time></trkpt><trkpt lat="40.770526661618526" lon="-74.005696275074"><time>2026-06-13T14:08:33Z</time></trkpt><trkpt lat="40.77054678803209" lon="-74.00570918959241"><time>2026-06-13T14:08:37Z</time></trkpt><trkpt lat="40.77056455645036" lon="-74.00572433993938"><time>2026-06-13T14:08:41Z</time></trkpt><trkpt lat="40.77058266297193" lon="-74.00573854786255"><time>2026-06-13T14:08:45Z</time></trkpt><trkpt lat="40.77060051707494" lon="-74.00575875070402"><time>2026-06-13T14:08:49Z</time></trkpt><trkpt lat="40.77061924355191" lon="-74.00577743321172"><time>2026-06-13T14:08:53Z</time></trkpt><trkpt lat="40.77063887965167" lon="-74.00579613646241"><time>2026-06-13T14:08:57Z</time></trkpt><trkpt lat="40.7706532443673" lon="-74.00581248317275"><time>2026-06-13T14:09:01Z</time></trkpt><trkpt lat="40.77066936881756" lon="-74.00583170055343"><time>2026-06-13T14:09:05Z</time></trkpt><trkpt lat="40.770683950053936" lon="-74.00584876405483"><time>2026-06-13T14:09:09Z</time></trkpt><trkpt lat="40.77069872364996" lon="-74.00586458294083"><time>2026-06-13T14:09:13Z</time></trkpt><trkpt lat="40.77071635153506" lon="-74.00588264316545"><time>2026-06-13T14:09:18Z</time></trkpt><trkpt lat="40.77073029979338" lon="-74.0058989635228"><time>2026-06-13T14:09:22Z</time></trkpt><trkpt lat="40.77074815439192" lon="-74.00591870395576"><time>2026-06-13T14:09:27Z</time></trkpt><trkpt lat="40.77076246707661" lon="-74.00593382850832"><time>2026-06-13T14:09:31Z</time></trkpt><trkpt lat="40.77078015731428" lon="-74.00595017570757"><time>2026-06-13T14:09:36Z</time></trkpt><trkpt lat="40.77079954828097" lon="-74.00596535556406"><time>2026-06-13T14:09:41Z</time></trkpt><trkpt lat="40.77081683462114" lon="-74.00598342930543"><time>2026-06-13T14:09:46Z</time></trkpt><trkpt lat="40.77083445368366" lon="-74.00600262671063"><time>2026-06-13T14:09:50Z</time></trkpt><trkpt lat="40.770847559627555" lon="-74.00602223147347"><time>2026-06-13T14:09:55Z</time></trkpt><trkpt lat="40.77086317792686" lon="-74.00604319388108"><time>2026-06-13T14:10:00Z</time></trkpt><trkpt lat="40.770875499554556" lon="-74.00606087405919"><time>2026-06-13T14:10:04Z</time></trkpt><trkpt lat="40.77088694731584" lon="-74.0060817226743"><time>2026-06-13T14:10:08Z</time></trkpt><trkpt lat="40.77090050374347" lon="-74.00610218508518"><time>2026-06-13T14:10:12Z</time></trkpt><trkpt lat="40.77091345811931" lon="-74.00612089551451"><time>2026-06-13T14:10:16Z</time></trkpt><trkpt lat="40.770928426387016" lon="-74.00614132441305"><time>2026-06-13T14:10:20Z</time></trkpt><trkpt lat="40.77094608892407" lon="-74.0061637131201"><time>2026-06-13T14:10:24Z</time></trkpt><trkpt lat="40.77096023924608" lon="-74.0061829059717"><time>2026-06-13T14:10:27Z</time></trkpt><trkpt lat="40.770974339449666" lon="-74.00620129009599"><time>2026-06-13T14:10:30Z</time></trkpt><trkpt lat="40.770988842413104" lon="-74.00621986754801"><time>2026-06-13T14:10:33Z</time></trkpt><trkpt lat="40.77100766411836" lon="-74.00623593364743"><time>2026-06-13T14:10:36Z</time></trkpt><trkpt lat="40.7710289155418" lon="-74.0062455072051"><time>2026-06-13T14:10:39Z</time></trkpt><trkpt lat="40.77104869981027" lon="-74.006247778239"><time>2026-06-13T14:10:42Z</time></trkpt><trkpt lat="40.771070657018946" lon="-74.0062621519944"><time>2026-06-13T14:10:45Z</time></trkpt><trkpt lat="40.77109350168008" lon="-74.00627639344455"><time>2026-06-13T14:10:47Z</time></trkpt><trkpt lat="40.771121764531294" lon="-74.00627825404128"><time>2026-06-13T14:10:49Z</time></trkpt><trkpt lat="40.771143839170705" lon="-74.00628237074565"><time>2026-06-13T14:10:51Z</time></trkpt><trkpt lat="40.77116016927953" lon="-74.00629347347264"><time>2026-06-13T14:10:53Z</time></trkpt><trkpt lat="40.771180499872784" lon="-74.00629312049645"><time>2026-06-13T14:10:57Z</time></trkpt><trkpt lat="40.77120226830927" lon="-74.00629693347086"><time>2026-06-13T14:10:59Z</time></trkpt><trkpt lat="40.771220581850734" lon="-74.00629427005009"><time>2026-06-13T14:11:01Z</time></trkpt><trkpt lat="40.77124228186661" lon="-74.00629045294674"><time>2026-06-13T14:11:03Z</time></trkpt><trkpt lat="40.7712633648033" lon="-74.00628634249489"><time>2026-06-13T14:11:05Z</time></trkpt><trkpt lat="40.771283312971576" lon="-74.00628115581014"><time>2026-06-13T14:11:07Z</time></trkpt><trkpt lat="40.771304888673534" lon="-74.00627670614205"><time>2026-06-13T14:11:09Z</time></trkpt><trkpt lat="40.771324978233736" lon="-74.00627149239644"><time>2026-06-13T14:11:11Z</time></trkpt><trkpt lat="40.7713444815235" lon="-74.00626667481306"><time>2026-06-13T14:11:13Z</time></trkpt><trkpt lat="40.771362786255764" lon="-74.00626527532346"><time>2026-06-13T14:11:15Z</time></trkpt><trkpt lat="40.77138357041166" lon="-74.0062648491127"><time>2026-06-13T14:11:17Z</time></trkpt><trkpt lat="40.77140256249701" lon="-74.00626353015807"><time>2026-06-13T14:11:19Z</time></trkpt><trkpt lat="40.77142320640779" lon="-74.00626234865777"><time>2026-06-13T14:11:21Z</time></trkpt><trkpt lat="40.77144301538313" lon="-74.00626478956927"><time>2026-06-13T14:11:23Z</time></trkpt><trkpt lat="40.771462780563745" lon="-74.00626534696823"><time>2026-06-13T14:11:25Z</time></trkpt><trkpt lat="40.77148277043568" lon="-74.00626587042284"><time>2026-06-13T14:11:27Z</time></trkpt><trkpt lat="40.771502557284705" lon="-74.00626589550366"><time>2026-06-13T14:11:29Z</time></trkpt><trkpt lat="40.771523167029635" lon="-74.0062662472614"><time>2026-06-13T14:11:31Z</time></trkpt><trkpt lat="40.771544559752215" lon="-74.00626593860385"><time>2026-06-13T14:11:33Z</time></trkpt><trkpt lat="40.77156463222336" lon="-74.00626514783053"><time>2026-06-13T14:11:35Z</time></trkpt><trkpt lat="40.77158563374816" lon="-74.00626484767336"><time>2026-06-13T14:11:37Z</time></trkpt><trkpt lat="40.77160597910313" lon="-74.00626534789528"><time>2026-06-13T14:11:39Z</time></trkpt><trkpt lat="40.77162693019001" lon="-74.00626781440539"><time>2026-06-13T14:11:41Z</time></trkpt><trkpt lat="40.77164842638639" lon="-74.00626839245939"><time>2026-06-13T14:11:43Z</time></trkpt><trkpt lat="40.77166947595699" lon="-74.00626999068942"><time>2026-06-13T14:11:45Z</time></trkpt><trkpt lat="40.77169132146562" lon="-74.00627224723291"><time>2026-06-13T14:11:47Z</time></trkpt><trkpt lat="40.771712799837715" lon="-74.00627422175407"><time>2026-06-13T14:11:49Z</time></trkpt><trkpt lat="40.77173379890398" lon="-74.00627636334262"><time>2026-06-13T14:11:51Z</time></trkpt><trkpt lat="40.771755032202506" lon="-74.00628006367823"><time>2026-06-13T14:11:53Z</time></trkpt><trkpt lat="40.77177662841652" lon="-74.00628348479997"><time>2026-06-13T14:11:55Z</time></trkpt><trkpt lat="40.771797540717735" lon="-74.00628580144196"><time>2026-06-13T14:11:57Z</time></trkpt><trkpt lat="40.77181921682642" lon="-74.00628715235175"><time>2026-06-13T14:11:59Z</time></trkpt><trkpt lat="40.77184002380266" lon="-74.00628695080214"><time>2026-06-13T14:12:01Z</time></trkpt><trkpt lat="40.77186228088953" lon="-74.00628585612681"><time>2026-06-13T14:12:03Z</time></trkpt><trkpt lat="40.77188228128382" lon="-74.0062850441075"><time>2026-06-13T14:12:05Z</time></trkpt><trkpt lat="40.77190275953146" lon="-74.0062848030179"><time>2026-06-13T14:12:07Z</time></trkpt><trkpt lat="40.77192287135004" lon="-74.00628337478503"><time>2026-06-13T14:12:09Z</time></trkpt><trkpt lat="40.77194211479859" lon="-74.00627829513738"><time>2026-06-13T14:12:11Z</time></trkpt><trkpt lat="40.77196222536801" lon="-74.00627345432198"><time>2026-06-13T14:12:13Z</time></trkpt><trkpt lat="40.771980884136326" lon="-74.0062669829667"><time>2026-06-13T14:12:15Z</time></trkpt><trkpt lat="40.77200004517515" lon="-74.00626109611936"><time>2026-06-13T14:12:17Z</time></trkpt><trkpt lat="40.7720186928381" lon="-74.00625303609975"><time>2026-06-13T14:12:19Z</time></trkpt><trkpt lat="40.77203766882788" lon="-74.00624592199226"><time>2026-06-13T14:12:21Z</time></trkpt><trkpt lat="40.77205798472957" lon="-74.00624182453232"><time>2026-06-13T14:12:23Z</time></trkpt><trkpt lat="40.77207729506121" lon="-74.00623610717064"><time>2026-06-13T14:12:25Z</time></trkpt><trkpt lat="40.77209762836262" lon="-74.00623064658231"><time>2026-06-13T14:12:27Z</time></trkpt><trkpt lat="40.77211733259922" lon="-74.00622695129991"><time>2026-06-13T14:12:29Z</time></trkpt><trkpt lat="40.77213704525171" lon="-74.00622115660133"><time>2026-06-13T14:12:31Z</time></trkpt><trkpt lat="40.77215654555252" lon="-74.00621564040831"><time>2026-06-13T14:12:33Z</time></trkpt><trkpt lat="40.77217611279181" lon="-74.0062117356334"><time>2026-06-13T14:12:35Z</time></trkpt><trkpt lat="40.77219557581721" lon="-74.00620626137085"><time>2026-06-13T14:12:37Z</time></trkpt><trkpt lat="40.772217843824286" lon="-74.0061990804487"><time>2026-06-13T14:12:39Z</time></trkpt><trkpt lat="40.77223824020787" lon="-74.00619723896992"><time>2026-06-13T14:12:41Z</time></trkpt><trkpt lat="40.77225895435784" lon="-74.00619529501816"><time>2026-06-13T14:12:43Z</time></trkpt><trkpt lat="40.772279333252804" lon="-74.00618569763643"><time>2026-06-13T14:12:45Z</time></trkpt><trkpt lat="40.77230199301248" lon="-74.00618202060608"><time>2026-06-13T14:12:47Z</time></trkpt><trkpt lat="40.772320502573486" lon="-74.00617878142175"><time>2026-06-13T14:12:49Z</time></trkpt><trkpt lat="40.77234101787412" lon="-74.00617368013282"><time>2026-06-13T14:12:51Z</time></trkpt><trkpt lat="40.77236170568997" lon="-74.00616843488706"><time>2026-06-13T14:12:53Z</time></trkpt><trkpt lat="40.77238242226841" lon="-74.00616509862702"><time>2026-06-13T14:12:55Z</time></trkpt><trkpt lat="40.77240171226182" lon="-74.00616060076308"><time>2026-06-13T14:12:57Z</time></trkpt><trkpt lat="40.77241969909727" lon="-74.00615680000195"><time>2026-06-13T14:12:59Z</time></trkpt><trkpt lat="40.77244130134577" lon="-74.0061515572901"><time>2026-06-13T14:13:01Z</time></trkpt><trkpt lat="40.77245987218086" lon="-74.00614992964344"><time>2026-06-13T14:13:03Z</time></trkpt><trkpt lat="40.77247800687553" lon="-74.0061447443674"><time>2026-06-13T14:13:05Z</time></trkpt><trkpt lat="40.77250526834904" lon="-74.0061430354236"><time>2026-06-13T14:13:08Z</time></trkpt><trkpt lat="40.772531530661574" lon="-74.00613845790603"><time>2026-06-13T14:13:11Z</time></trkpt><trkpt lat="40.77255078988771" lon="-74.00613475807911"><time>2026-06-13T14:13:13Z</time></trkpt><trkpt lat="40.77256939128753" lon="-74.00613149875942"><time>2026-06-13T14:13:15Z</time></trkpt><trkpt lat="40.77258829476972" lon="-74.00613061184634"><time>2026-06-13T14:13:17Z</time></trkpt><trkpt lat="40.77261575279259" lon="-74.00613159865578"><time>2026-06-13T14:13:20Z</time></trkpt><trkpt lat="40.77264182523372" lon="-74.00613099183578"><time>2026-06-13T14:13:23Z</time></trkpt><trkpt lat="40.77266680798454" lon="-74.00612816087515"><time>2026-06-13T14:13:26Z</time></trkpt><trkpt lat="40.772685205786296" lon="-74.00612590401639"><time>2026-06-13T14:13:28Z</time></trkpt><trkpt lat="40.77270980765311" lon="-74.00612428735712"><time>2026-06-13T14:13:31Z</time></trkpt><trkpt lat="40.77272836372497" lon="-74.00612403775196"><time>2026-06-13T14:13:33Z</time></trkpt><trkpt lat="40.77275500251292" lon="-74.00612264587727"><time>2026-06-13T14:13:36Z</time></trkpt><trkpt lat="40.77278141210663" lon="-74.00611904647768"><time>2026-06-13T14:13:39Z</time></trkpt><trkpt lat="40.7728072272991" lon="-74.00611190595781"><time>2026-06-13T14:13:42Z</time></trkpt><trkpt lat="40.77282757272757" lon="-74.00610422869696"><time>2026-06-13T14:13:44Z</time></trkpt><trkpt lat="40.77284698022839" lon="-74.00610523902364"><time>2026-06-13T14:13:46Z</time></trkpt><trkpt lat="40.77287444951295" lon="-74.00610376820737"><time>2026-06-13T14:13:49Z</time></trkpt><trkpt lat="40.772900724199545" lon="-74.00609992110897"><time>2026-06-13T14:13:52Z</time></trkpt><trkpt lat="40.77291933808241" lon="-74.00609724220172"><time>2026-06-13T14:13:54Z</time></trkpt><trkpt lat="40.77293904241817" lon="-74.00609489570222"><time>2026-06-13T14:13:56Z</time></trkpt><trkpt lat="40.77295791655047" lon="-74.00609213203444"><time>2026-06-13T14:13:58Z</time></trkpt><trkpt lat="40.77297828634399" lon="-74.00608913438508"><time>2026-06-13T14:14:00Z</time></trkpt><trkpt lat="40.77299760045199" lon="-74.0060857127121"><time>2026-06-13T14:14:02Z</time></trkpt><trkpt lat="40.77301745683808" lon="-74.00608297264273"><time>2026-06-13T14:14:04Z</time></trkpt><trkpt lat="40.77303891370736" lon="-74.00607955370539"><time>2026-06-13T14:14:06Z</time></trkpt><trkpt lat="40.773058943458885" lon="-74.00607476394462"><time>2026-06-13T14:14:08Z</time></trkpt><trkpt lat="40.773080092662994" lon="-74.0060745344545"><time>2026-06-13T14:14:10Z</time></trkpt><trkpt lat="40.773101471687426" lon="-74.00607369643956"><time>2026-06-13T14:14:12Z</time></trkpt><trkpt lat="40.7731222477281" lon="-74.00607363150617"><time>2026-06-13T14:14:14Z</time></trkpt><trkpt lat="40.77314458703449" lon="-74.0060729303706"><time>2026-06-13T14:14:16Z</time></trkpt><trkpt lat="40.77316476187983" lon="-74.00606743744233"><time>2026-06-13T14:14:18Z</time></trkpt><trkpt lat="40.773186850800975" lon="-74.00606541215008"><time>2026-06-13T14:14:20Z</time></trkpt><trkpt lat="40.773207183444185" lon="-74.00606213042117"><time>2026-06-13T14:14:22Z</time></trkpt><trkpt lat="40.77322909972349" lon="-74.00606108412885"><time>2026-06-13T14:14:24Z</time></trkpt><trkpt lat="40.77324976776795" lon="-74.00605838681729"><time>2026-06-13T14:14:26Z</time></trkpt><trkpt lat="40.773271139811534" lon="-74.00605790893417"><time>2026-06-13T14:14:28Z</time></trkpt><trkpt lat="40.7732922386879" lon="-74.00605731361739"><time>2026-06-13T14:14:30Z</time></trkpt><trkpt lat="40.773312096930916" lon="-74.00605929050225"><time>2026-06-13T14:14:32Z</time></trkpt><trkpt lat="40.77333302240186" lon="-74.006060124006"><time>2026-06-13T14:14:34Z</time></trkpt><trkpt lat="40.77335315314473" lon="-74.00606118370227"><time>2026-06-13T14:14:36Z</time></trkpt><trkpt lat="40.77337256177924" lon="-74.00606217632848"><time>2026-06-13T14:14:38Z</time></trkpt><trkpt lat="40.773392942882765" lon="-74.00606340969696"><time>2026-06-13T14:14:40Z</time></trkpt><trkpt lat="40.77341295458397" lon="-74.00606540691024"><time>2026-06-13T14:14:42Z</time></trkpt><trkpt lat="40.773434541898816" lon="-74.00606825171026"><time>2026-06-13T14:14:44Z</time></trkpt><trkpt lat="40.7734540847055" lon="-74.00606981752497"><time>2026-06-13T14:14:46Z</time></trkpt><trkpt lat="40.77347549825068" lon="-74.00607137219913"><time>2026-06-13T14:14:48Z</time></trkpt><trkpt lat="40.773494826360164" lon="-74.00607105612275"><time>2026-06-13T14:14:50Z</time></trkpt><trkpt lat="40.77351616128961" lon="-74.00607225651748"><time>2026-06-13T14:14:52Z</time></trkpt><trkpt lat="40.773537078904745" lon="-74.00607293169182"><time>2026-06-13T14:14:54Z</time></trkpt><trkpt lat="40.77355813046154" lon="-74.00607367093676"><time>2026-06-13T14:14:56Z</time></trkpt><trkpt lat="40.77357964273799" lon="-74.00607325550246"><time>2026-06-13T14:14:58Z</time></trkpt><trkpt lat="40.77360063634331" lon="-74.00607243708829"><time>2026-06-13T14:15:00Z</time></trkpt><trkpt lat="40.77362251449684" lon="-74.00607126371243"><time>2026-06-13T14:15:02Z</time></trkpt><trkpt lat="40.773644196265465" lon="-74.00607176068827"><time>2026-06-13T14:15:04Z</time></trkpt><trkpt lat="40.773664899080664" lon="-74.00607286413214"><time>2026-06-13T14:15:06Z</time></trkpt><trkpt lat="40.77369142708676" lon="-74.00606984869798"><time>2026-06-13T14:15:08Z</time></trkpt><trkpt lat="40.77371148513159" lon="-74.00606959760415"><time>2026-06-13T14:15:10Z</time></trkpt><trkpt lat="40.77373319027734" lon="-74.0060685144343"><time>2026-06-13T14:15:12Z</time></trkpt><trkpt lat="40.77375540280025" lon="-74.0060663836546"><time>2026-06-13T14:15:14Z</time></trkpt><trkpt lat="40.77378015346482" lon="-74.0060659006093"><time>2026-06-13T14:15:16Z</time></trkpt><trkpt lat="40.77380363844991" lon="-74.00606089496685"><time>2026-06-13T14:15:18Z</time></trkpt><trkpt lat="40.77382737376947" lon="-74.0060549288892"><time>2026-06-13T14:15:20Z</time></trkpt><trkpt lat="40.773851448557515" lon="-74.00605134279347"><time>2026-06-13T14:15:22Z</time></trkpt><trkpt lat="40.77387409787552" lon="-74.00604958270827"><time>2026-06-13T14:15:24Z</time></trkpt><trkpt lat="40.77389735212903" lon="-74.00604705791649"><time>2026-06-13T14:15:26Z</time></trkpt><trkpt lat="40.773918326701185" lon="-74.0060434621064"><time>2026-06-13T14:15:28Z</time></trkpt><trkpt lat="40.773943537151986" lon="-74.00603810544736"><time>2026-06-13T14:15:30Z</time></trkpt><trkpt lat="40.77396686085472" lon="-74.0060322329153"><time>2026-06-13T14:15:32Z</time></trkpt><trkpt lat="40.773985374737585" lon="-74.00602663659447"><time>2026-06-13T14:15:34Z</time></trkpt><trkpt lat="40.77400884185688" lon="-74.00601866335278"><time>2026-06-13T14:15:36Z</time></trkpt><trkpt lat="40.77403099425174" lon="-74.00601414678476"><time>2026-06-13T14:15:38Z</time></trkpt><trkpt lat="40.77405221662778" lon="-74.00600678134452"><time>2026-06-13T14:15:40Z</time></trkpt><trkpt lat="40.774071673221776" lon="-74.0060027456725"><time>2026-06-13T14:15:42Z</time></trkpt><trkpt lat="40.77409437640976" lon="-74.00599750604421"><time>2026-06-13T14:15:44Z</time></trkpt><trkpt lat="40.774113568517535" lon="-74.00599535084093"><time>2026-06-13T14:15:46Z</time></trkpt><trkpt lat="40.774134592720735" lon="-74.00599144691435"><time>2026-06-13T14:15:48Z</time></trkpt><trkpt lat="40.77415560218411" lon="-74.00598823435371"><time>2026-06-13T14:15:50Z</time></trkpt><trkpt lat="40.774174842493245" lon="-74.00598589562043"><time>2026-06-13T14:15:52Z</time></trkpt><trkpt lat="40.77419479125972" lon="-74.00598382817527"><time>2026-06-13T14:15:54Z</time></trkpt><trkpt lat="40.774215480745525" lon="-74.00598294313461"><time>2026-06-13T14:15:56Z</time></trkpt><trkpt lat="40.77423522206151" lon="-74.00598046978858"><time>2026-06-13T14:15:58Z</time></trkpt><trkpt lat="40.77425534984478" lon="-74.0059754382827"><time>2026-06-13T14:16:00Z</time></trkpt><trkpt lat="40.77427402772033" lon="-74.00597230217535"><time>2026-06-13T14:16:02Z</time></trkpt><trkpt lat="40.774293759283886" lon="-74.00597024798236"><time>2026-06-13T14:16:04Z</time></trkpt><trkpt lat="40.77431380288975" lon="-74.00596674509167"><time>2026-06-13T14:16:06Z</time></trkpt><trkpt lat="40.77433505740783" lon="-74.00596352055115"><time>2026-06-13T14:16:08Z</time></trkpt><trkpt lat="40.77435686620796" lon="-74.0059586534271"><time>2026-06-13T14:16:10Z</time></trkpt><trkpt lat="40.77437817553119" lon="-74.00595343281488"><time>2026-06-13T14:16:12Z</time></trkpt><trkpt lat="40.77439976826" lon="-74.0059481005422"><time>2026-06-13T14:16:14Z</time></trkpt><trkpt lat="40.774420882649565" lon="-74.00594413717319"><time>2026-06-13T14:16:16Z</time></trkpt><trkpt lat="40.77444170847721" lon="-74.00593942368648"><time>2026-06-13T14:16:18Z</time></trkpt><trkpt lat="40.77446300294861" lon="-74.00593293500644"><time>2026-06-13T14:16:20Z</time></trkpt><trkpt lat="40.77448476245031" lon="-74.00592518665835"><time>2026-06-13T14:16:22Z</time></trkpt><trkpt lat="40.77450594051602" lon="-74.00591653284455"><time>2026-06-13T14:16:24Z</time></trkpt><trkpt lat="40.77452849024606" lon="-74.00590997398565"><time>2026-06-13T14:16:26Z</time></trkpt><trkpt lat="40.7745489052694" lon="-74.00590421331219"><time>2026-06-13T14:16:28Z</time></trkpt><trkpt lat="40.77457022769584" lon="-74.00589784727754"><time>2026-06-13T14:16:30Z</time></trkpt><trkpt lat="40.77459063062715" lon="-74.00589101063623"><time>2026-06-13T14:16:32Z</time></trkpt><trkpt lat="40.77461349010777" lon="-74.00588358241478"><time>2026-06-13T14:16:34Z</time></trkpt><trkpt lat="40.77463442275582" lon="-74.00587633619239"><time>2026-06-13T14:16:36Z</time></trkpt><trkpt lat="40.774656826245035" lon="-74.00586911574351"><time>2026-06-13T14:16:38Z</time></trkpt><trkpt lat="40.77468041355508" lon="-74.00586207610736"><time>2026-06-13T14:16:40Z</time></trkpt><trkpt lat="40.774701339578414" lon="-74.00585827379923"><time>2026-06-13T14:16:42Z</time></trkpt><trkpt lat="40.77472331218916" lon="-74.00585551055089"><time>2026-06-13T14:16:44Z</time></trkpt><trkpt lat="40.77474555910807" lon="-74.00584900769707"><time>2026-06-13T14:16:46Z</time></trkpt><trkpt lat="40.774767100296934" lon="-74.0058419277679"><time>2026-06-13T14:16:48Z</time></trkpt><trkpt lat="40.77478863598778" lon="-74.00583645305463"><time>2026-06-13T14:16:50Z</time></trkpt><trkpt lat="40.77481132077949" lon="-74.00582972506885"><time>2026-06-13T14:16:52Z</time></trkpt><trkpt lat="40.774832403734536" lon="-74.00582344595514"><time>2026-06-13T14:16:54Z</time></trkpt><trkpt lat="40.77485333221503" lon="-74.00581706006949"><time>2026-06-13T14:16:56Z</time></trkpt><trkpt lat="40.77487441319483" lon="-74.0058108250982"><time>2026-06-13T14:16:58Z</time></trkpt><trkpt lat="40.774895677106336" lon="-74.00580559050609"><time>2026-06-13T14:17:00Z</time></trkpt><trkpt lat="40.77491700170245" lon="-74.00579905994807"><time>2026-06-13T14:17:02Z</time></trkpt><trkpt lat="40.77493842850456" lon="-74.00579416005887"><time>2026-06-13T14:17:04Z</time></trkpt><trkpt lat="40.77495927486367" lon="-74.00578876388867"><time>2026-06-13T14:17:06Z</time></trkpt><trkpt lat="40.77498166839246" lon="-74.00578088065107"><time>2026-06-13T14:17:08Z</time></trkpt><trkpt lat="40.775002587994685" lon="-74.0057734202644"><time>2026-06-13T14:17:10Z</time></trkpt><trkpt lat="40.77502455925514" lon="-74.00576509486459"><time>2026-06-13T14:17:12Z</time></trkpt><trkpt lat="40.775044444617954" lon="-74.00575664368685"><time>2026-06-13T14:17:14Z</time></trkpt><trkpt lat="40.775067278892976" lon="-74.00574906839864"><time>2026-06-13T14:17:16Z</time></trkpt><trkpt lat="40.77508755611989" lon="-74.00574113450736"><time>2026-06-13T14:17:18Z</time></trkpt><trkpt lat="40.77510824310784" lon="-74.00573509471637"><time>2026-06-13T14:17:20Z</time></trkpt><trkpt lat="40.77513427450778" lon="-74.00572579041604"><time>2026-06-13T14:17:22Z</time></trkpt><trkpt lat="40.77516362422529" lon="-74.0057178194242"><time>2026-06-13T14:17:25Z</time></trkpt><trkpt lat="40.77518831413481" lon="-74.00570846028025"><time>2026-06-13T14:17:27Z</time></trkpt><trkpt lat="40.77521822340693" lon="-74.0056976333714"><time>2026-06-13T14:17:30Z</time></trkpt><trkpt lat="40.77523826599795" lon="-74.00569108233428"><time>2026-06-13T14:17:32Z</time></trkpt><trkpt lat="40.77525749960959" lon="-74.00568252711842"><time>2026-06-13T14:17:34Z</time></trkpt><trkpt lat="40.77527925463163" lon="-74.0056758071987"><time>2026-06-13T14:17:36Z</time></trkpt><trkpt lat="40.77530227827112" lon="-74.00566855713005"><time>2026-06-13T14:17:38Z</time></trkpt><trkpt lat="40.77532233022546" lon="-74.00566326506294"><time>2026-06-13T14:17:40Z</time></trkpt><trkpt lat="40.77534800738383" lon="-74.00565570369783"><time>2026-06-13T14:17:42Z</time></trkpt><trkpt lat="40.775370168255094" lon="-74.00564883946262"><time>2026-06-13T14:17:44Z</time></trkpt><trkpt lat="40.77539487689737" lon="-74.0056401783438"><time>2026-06-13T14:17:46Z</time></trkpt><trkpt lat="40.77541791385436" lon="-74.00563293842535"><time>2026-06-13T14:17:48Z</time></trkpt><trkpt lat="40.77544478445336" lon="-74.00562006175757"><time>2026-06-13T14:17:50Z</time></trkpt><trkpt lat="40.775468585587106" lon="-74.00560808209268"><time>2026-06-13T14:17:52Z</time></trkpt><trkpt lat="40.77549589202704" lon="-74.00559448010321"><time>2026-06-13T14:17:54Z</time></trkpt><trkpt lat="40.775515202140625" lon="-74.00558333230171"><time>2026-06-13T14:17:56Z</time></trkpt><trkpt lat="40.7755408131718" lon="-74.00556735254514"><time>2026-06-13T14:17:58Z</time></trkpt><trkpt lat="40.77556735432979" lon="-74.00555430378641"><time>2026-06-13T14:18:00Z</time></trkpt><trkpt lat="40.77559474115147" lon="-74.00553834778293"><time>2026-06-13T14:18:02Z</time></trkpt><trkpt lat="40.77561799959478" lon="-74.00552680229929"><time>2026-06-13T14:18:04Z</time></trkpt><trkpt lat="40.775649599755326" lon="-74.00550826789654"><time>2026-06-13T14:18:06Z</time></trkpt><trkpt lat="40.7756724479962" lon="-74.0054933492033"><time>2026-06-13T14:18:08Z</time></trkpt><trkpt lat="40.77569690012462" lon="-74.00547603211493"><time>2026-06-13T14:18:10Z</time></trkpt><trkpt lat="40.77572337681676" lon="-74.00546181554284"><time>2026-06-13T14:18:12Z</time></trkpt><trkpt lat="40.7757504844316" lon="-74.00544627625135"><time>2026-06-13T14:18:14Z</time></trkpt><trkpt lat="40.775774401560085" lon="-74.00543282657372"><time>2026-06-13T14:18:16Z</time></trkpt><trkpt lat="40.77580191754246" lon="-74.00541808086862"><time>2026-06-13T14:18:18Z</time></trkpt><trkpt lat="40.77582776134929" lon="-74.00540424920838"><time>2026-06-13T14:18:20Z</time></trkpt><trkpt lat="40.77585538209432" lon="-74.00539070615264"><time>2026-06-13T14:18:22Z</time></trkpt><trkpt lat="40.77588408587644" lon="-74.00537562517022"><time>2026-06-13T14:18:24Z</time></trkpt><trkpt lat="40.775910839332425" lon="-74.00536060045363"><time>2026-06-13T14:18:26Z</time></trkpt><trkpt lat="40.77593592608669" lon="-74.00534354605817"><time>2026-06-13T14:18:28Z</time></trkpt><trkpt lat="40.775964779594396" lon="-74.00532478540782"><time>2026-06-13T14:18:30Z</time></trkpt><trkpt lat="40.7759896454668" lon="-74.00530490418058"><time>2026-06-13T14:18:32Z</time></trkpt><trkpt lat="40.776013971197614" lon="-74.00528708112182"><time>2026-06-13T14:18:34Z</time></trkpt><trkpt lat="40.776044440368295" lon="-74.00526778830513"><time>2026-06-13T14:18:36Z</time></trkpt><trkpt lat="40.776065351603584" lon="-74.00524399231207"><time>2026-06-13T14:18:38Z</time></trkpt><trkpt lat="40.77609398307299" lon="-74.00522133263121"><time>2026-06-13T14:18:40Z</time></trkpt><trkpt lat="40.77611945028078" lon="-74.00519380401448"><time>2026-06-13T14:18:42Z</time></trkpt><trkpt lat="40.77614364465554" lon="-74.00516468233148"><time>2026-06-13T14:18:44Z</time></trkpt><trkpt lat="40.776157775251875" lon="-74.0051493021515"><time>2026-06-13T14:18:45Z</time></trkpt><trkpt lat="40.77618577508795" lon="-74.0051208293343"><time>2026-06-13T14:18:47Z</time></trkpt><trkpt lat="40.77621151714295" lon="-74.00508827561106"><time>2026-06-13T14:18:49Z</time></trkpt><trkpt lat="40.77622525474898" lon="-74.00507089215584"><time>2026-06-13T14:18:50Z</time></trkpt><trkpt lat="40.776238914930566" lon="-74.00505476612369"><time>2026-06-13T14:18:51Z</time></trkpt><trkpt lat="40.77626593955607" lon="-74.0050242453353"><time>2026-06-13T14:18:53Z</time></trkpt><trkpt lat="40.776280676807964" lon="-74.00500901346956"><time>2026-06-13T14:18:54Z</time></trkpt><trkpt lat="40.776295903757784" lon="-74.00499348990166"><time>2026-06-13T14:18:55Z</time></trkpt><trkpt lat="40.77631110309328" lon="-74.00497776187298"><time>2026-06-13T14:18:56Z</time></trkpt><trkpt lat="40.776338792674906" lon="-74.00495005672185"><time>2026-06-13T14:18:58Z</time></trkpt><trkpt lat="40.77635483565867" lon="-74.00493692001916"><time>2026-06-13T14:18:59Z</time></trkpt><trkpt lat="40.7763707548396" lon="-74.00492235841243"><time>2026-06-13T14:19:00Z</time></trkpt><trkpt lat="40.776386063588525" lon="-74.00490759931884"><time>2026-06-13T14:19:01Z</time></trkpt><trkpt lat="40.77641465748791" lon="-74.00488245813946"><time>2026-06-13T14:19:03Z</time></trkpt><trkpt lat="40.77642963941243" lon="-74.00486919474592"><time>2026-06-13T14:19:04Z</time></trkpt><trkpt lat="40.776461268203754" lon="-74.00484318552185"><time>2026-06-13T14:19:06Z</time></trkpt><trkpt lat="40.77647734341593" lon="-74.00482929851299"><time>2026-06-13T14:19:07Z</time></trkpt><trkpt lat="40.77650509702212" lon="-74.00480271418367"><time>2026-06-13T14:19:09Z</time></trkpt><trkpt lat="40.77653415921437" lon="-74.0047728173911"><time>2026-06-13T14:19:11Z</time></trkpt><trkpt lat="40.77654907336943" lon="-74.0047562489368"><time>2026-06-13T14:19:12Z</time></trkpt><trkpt lat="40.77657638227904" lon="-74.00472810239815"><time>2026-06-13T14:19:14Z</time></trkpt><trkpt lat="40.77660258189256" lon="-74.00469950675199"><time>2026-06-13T14:19:16Z</time></trkpt><trkpt lat="40.77662962976384" lon="-74.00467182551711"><time>2026-06-13T14:19:18Z</time></trkpt><trkpt lat="40.776657348886054" lon="-74.00464712090107"><time>2026-06-13T14:19:20Z</time></trkpt><trkpt lat="40.7766832403487" lon="-74.00462621831089"><time>2026-06-13T14:19:22Z</time></trkpt><trkpt lat="40.776711325462244" lon="-74.00460541792678"><time>2026-06-13T14:19:24Z</time></trkpt><trkpt lat="40.77673865286761" lon="-74.00458358804175"><time>2026-06-13T14:19:26Z</time></trkpt><trkpt lat="40.776765154573205" lon="-74.00456227821982"><time>2026-06-13T14:19:28Z</time></trkpt><trkpt lat="40.776791428071554" lon="-74.00453911566831"><time>2026-06-13T14:19:30Z</time></trkpt><trkpt lat="40.77681782942889" lon="-74.00451825445313"><time>2026-06-13T14:19:32Z</time></trkpt><trkpt lat="40.77683808238073" lon="-74.00450505817301"><time>2026-06-13T14:19:34Z</time></trkpt><trkpt lat="40.77686419396066" lon="-74.00448223822684"><time>2026-06-13T14:19:36Z</time></trkpt><trkpt lat="40.77688472568469" lon="-74.00445929654711"><time>2026-06-13T14:19:38Z</time></trkpt><trkpt lat="40.77690687678992" lon="-74.00444204763173"><time>2026-06-13T14:19:40Z</time></trkpt><trkpt lat="40.776928800183015" lon="-74.00442204046769"><time>2026-06-13T14:19:42Z</time></trkpt><trkpt lat="40.77694075090537" lon="-74.00439044372942"><time>2026-06-13T14:19:44Z</time></trkpt><trkpt lat="40.776958380170136" lon="-74.00438528618416"><time>2026-06-13T14:19:45Z</time></trkpt><trkpt lat="40.776976160519396" lon="-74.00437123210205"><time>2026-06-13T14:19:47Z</time></trkpt><trkpt lat="40.776995338696736" lon="-74.00435394510146"><time>2026-06-13T14:19:49Z</time></trkpt><trkpt lat="40.77701474235738" lon="-74.00433728305593"><time>2026-06-13T14:19:51Z</time></trkpt><trkpt lat="40.77703403550134" lon="-74.00432390206427"><time>2026-06-13T14:19:53Z</time></trkpt><trkpt lat="40.777053034148324" lon="-74.00430616061784"><time>2026-06-13T14:19:55Z</time></trkpt><trkpt lat="40.77707046554653" lon="-74.00428845076995"><time>2026-06-13T14:19:57Z</time></trkpt><trkpt lat="40.77708873883804" lon="-74.00427104942274"><time>2026-06-13T14:19:59Z</time></trkpt><trkpt lat="40.77710756283319" lon="-74.00425370857238"><time>2026-06-13T14:20:01Z</time></trkpt><trkpt lat="40.7771255967427" lon="-74.0042369256808"><time>2026-06-13T14:20:03Z</time></trkpt><trkpt lat="40.777143271496676" lon="-74.00421876813175"><time>2026-06-13T14:20:05Z</time></trkpt><trkpt lat="40.77716363900666" lon="-74.0042007362387"><time>2026-06-13T14:20:07Z</time></trkpt><trkpt lat="40.77718124780421" lon="-74.004181964405"><time>2026-06-13T14:20:09Z</time></trkpt><trkpt lat="40.77720136501968" lon="-74.00416339547438"><time>2026-06-13T14:20:11Z</time></trkpt><trkpt lat="40.77722074100568" lon="-74.00414580459629"><time>2026-06-13T14:20:13Z</time></trkpt><trkpt lat="40.7772385828429" lon="-74.0041272578513"><time>2026-06-13T14:20:15Z</time></trkpt><trkpt lat="40.77725793433852" lon="-74.00410756032971"><time>2026-06-13T14:20:17Z</time></trkpt><trkpt lat="40.777276745664395" lon="-74.00408930752917"><time>2026-06-13T14:20:19Z</time></trkpt><trkpt lat="40.777295292080716" lon="-74.00407012321853"><time>2026-06-13T14:20:21Z</time></trkpt><trkpt lat="40.77731334277826" lon="-74.00404791972639"><time>2026-06-13T14:20:23Z</time></trkpt><trkpt lat="40.77733183002912" lon="-74.00402604180064"><time>2026-06-13T14:20:25Z</time></trkpt><trkpt lat="40.777349721600416" lon="-74.00400552810859"><time>2026-06-13T14:20:27Z</time></trkpt><trkpt lat="40.77736791865873" lon="-74.00398407452252"><time>2026-06-13T14:20:29Z</time></trkpt><trkpt lat="40.77738683798504" lon="-74.00396269227325"><time>2026-06-13T14:20:31Z</time></trkpt><trkpt lat="40.77740433988163" lon="-74.0039436958028"><time>2026-06-13T14:20:33Z</time></trkpt><trkpt lat="40.77742432435083" lon="-74.0039223069733"><time>2026-06-13T14:20:35Z</time></trkpt><trkpt lat="40.77744198485104" lon="-74.00390096681518"><time>2026-06-13T14:20:37Z</time></trkpt><trkpt lat="40.77746020020699" lon="-74.00387751258233"><time>2026-06-13T14:20:39Z</time></trkpt><trkpt lat="40.77746720889529" lon="-74.00385195768284"><time>2026-06-13T14:20:41Z</time></trkpt><trkpt lat="40.777487401130855" lon="-74.00382581918792"><time>2026-06-13T14:20:43Z</time></trkpt><trkpt lat="40.77750435385558" lon="-74.00380213853263"><time>2026-06-13T14:20:45Z</time></trkpt><trkpt lat="40.77752253307483" lon="-74.00377726860263"><time>2026-06-13T14:20:47Z</time></trkpt><trkpt lat="40.77753884237485" lon="-74.0037554966651"><time>2026-06-13T14:20:49Z</time></trkpt><trkpt lat="40.77755888578814" lon="-74.00373350480551"><time>2026-06-13T14:20:51Z</time></trkpt><trkpt lat="40.77757791469966" lon="-74.00371197557587"><time>2026-06-13T14:20:53Z</time></trkpt><trkpt lat="40.77759822647387" lon="-74.00369106525662"><time>2026-06-13T14:20:55Z</time></trkpt><trkpt lat="40.7776173227852" lon="-74.00366774815267"><time>2026-06-13T14:20:57Z</time></trkpt><trkpt lat="40.77763710571564" lon="-74.00364392954626"><time>2026-06-13T14:20:59Z</time></trkpt><trkpt lat="40.77765473958667" lon="-74.00362134226908"><time>2026-06-13T14:21:01Z</time></trkpt><trkpt lat="40.777676477122206" lon="-74.0035975074738"><time>2026-06-13T14:21:03Z</time></trkpt><trkpt lat="40.77769496857938" lon="-74.00357395441077"><time>2026-06-13T14:21:05Z</time></trkpt><trkpt lat="40.77771473155504" lon="-74.00355093435059"><time>2026-06-13T14:21:07Z</time></trkpt><trkpt lat="40.77773460947618" lon="-74.00352460796465"><time>2026-06-13T14:21:09Z</time></trkpt><trkpt lat="40.77775161872255" lon="-74.00349901739254"><time>2026-06-13T14:21:11Z</time></trkpt><trkpt lat="40.77776919179241" lon="-74.00347103852192"><time>2026-06-13T14:21:13Z</time></trkpt><trkpt lat="40.77778643642504" lon="-74.00344265320892"><time>2026-06-13T14:21:15Z</time></trkpt><trkpt lat="40.7778028280207" lon="-74.00341268331277"><time>2026-06-13T14:21:17Z</time></trkpt><trkpt lat="40.777817920642526" lon="-74.00338384234603"><time>2026-06-13T14:21:19Z</time></trkpt><trkpt lat="40.777836147877196" lon="-74.00335673722618"><time>2026-06-13T14:21:21Z</time></trkpt><trkpt lat="40.77785247623341" lon="-74.0033284650465"><time>2026-06-13T14:21:23Z</time></trkpt><trkpt lat="40.77786781554495" lon="-74.00330020604741"><time>2026-06-13T14:21:25Z</time></trkpt><trkpt lat="40.77788350463495" lon="-74.00327026078038"><time>2026-06-13T14:21:27Z</time></trkpt><trkpt lat="40.77789766338829" lon="-74.00324357442723"><time>2026-06-13T14:21:29Z</time></trkpt><trkpt lat="40.777912440463595" lon="-74.00321446701247"><time>2026-06-13T14:21:31Z</time></trkpt><trkpt lat="40.77792624355438" lon="-74.00318767776838"><time>2026-06-13T14:21:33Z</time></trkpt><trkpt lat="40.77794045568923" lon="-74.00315972087948"><time>2026-06-13T14:21:35Z</time></trkpt><trkpt lat="40.77795384799551" lon="-74.00313246951863"><time>2026-06-13T14:21:37Z</time></trkpt><trkpt lat="40.777967352873716" lon="-74.00310360963887"><time>2026-06-13T14:21:39Z</time></trkpt><trkpt lat="40.777980877993066" lon="-74.0030785068899"><time>2026-06-13T14:21:41Z</time></trkpt><trkpt lat="40.77799557831341" lon="-74.0030513905528"><time>2026-06-13T14:21:43Z</time></trkpt><trkpt lat="40.778007387794275" lon="-74.00302445721421"><time>2026-06-13T14:21:45Z</time></trkpt><trkpt lat="40.778021000868016" lon="-74.00299661403292"><time>2026-06-13T14:21:47Z</time></trkpt><trkpt lat="40.778033237584225" lon="-74.00297070656003"><time>2026-06-13T14:21:49Z</time></trkpt><trkpt lat="40.77804774452973" lon="-74.00294248090171"><time>2026-06-13T14:21:51Z</time></trkpt><trkpt lat="40.77806163834182" lon="-74.00291725092468"><time>2026-06-13T14:21:53Z</time></trkpt><trkpt lat="40.77807789196711" lon="-74.00289195605909"><time>2026-06-13T14:21:55Z</time></trkpt><trkpt lat="40.77809548412031" lon="-74.00286758907595"><time>2026-06-13T14:21:57Z</time></trkpt><trkpt lat="40.77811194185948" lon="-74.00284439374207"><time>2026-06-13T14:21:59Z</time></trkpt><trkpt lat="40.778127919081946" lon="-74.0028201292608"><time>2026-06-13T14:22:01Z</time></trkpt><trkpt lat="40.77814463936757" lon="-74.00279759903796"><time>2026-06-13T14:22:03Z</time></trkpt><trkpt lat="40.77816121520641" lon="-74.00277662359998"><time>2026-06-13T14:22:05Z</time></trkpt><trkpt lat="40.77817800730919" lon="-74.00275383632284"><time>2026-06-13T14:22:07Z</time></trkpt><trkpt lat="40.77819337628172" lon="-74.0027310726324"><time>2026-06-13T14:22:09Z</time></trkpt><trkpt lat="40.77820683776638" lon="-74.00270832813229"><time>2026-06-13T14:22:11Z</time></trkpt><trkpt lat="40.7782208600394" lon="-74.00268323794901"><time>2026-06-13T14:22:13Z</time></trkpt><trkpt lat="40.77823519308806" lon="-74.00266053943936"><time>2026-06-13T14:22:15Z</time></trkpt><trkpt lat="40.77824850503122" lon="-74.00263448790481"><time>2026-06-13T14:22:17Z</time></trkpt><trkpt lat="40.77826325833203" lon="-74.0026133093759"><time>2026-06-13T14:22:19Z</time></trkpt><trkpt lat="40.77827760097243" lon="-74.0025906698976"><time>2026-06-13T14:22:21Z</time></trkpt><trkpt lat="40.778293458911584" lon="-74.00256643850344"><time>2026-06-13T14:22:23Z</time></trkpt><trkpt lat="40.778308689220786" lon="-74.00254473773961"><time>2026-06-13T14:22:25Z</time></trkpt><trkpt lat="40.77832274250905" lon="-74.00252570429562"><time>2026-06-13T14:22:27Z</time></trkpt><trkpt lat="40.77833990586706" lon="-74.00250301791321"><time>2026-06-13T14:22:29Z</time></trkpt><trkpt lat="40.77835342771251" lon="-74.00248224557039"><time>2026-06-13T14:22:32Z</time></trkpt><trkpt lat="40.77836797089039" lon="-74.00245946539607"><time>2026-06-13T14:22:34Z</time></trkpt><trkpt lat="40.77838145061086" lon="-74.00244062359407"><time>2026-06-13T14:22:36Z</time></trkpt><trkpt lat="40.778398505527456" lon="-74.00241245477513"><time>2026-06-13T14:22:39Z</time></trkpt><trkpt lat="40.778411852049786" lon="-74.00239589618018"><time>2026-06-13T14:22:41Z</time></trkpt><trkpt lat="40.77843005419142" lon="-74.002369022561"><time>2026-06-13T14:22:44Z</time></trkpt><trkpt lat="40.77844468329419" lon="-74.00234519370065"><time>2026-06-13T14:22:47Z</time></trkpt><trkpt lat="40.7784609694657" lon="-74.00232570696707"><time>2026-06-13T14:22:50Z</time></trkpt><trkpt lat="40.77847816712898" lon="-74.00230782436198"><time>2026-06-13T14:22:53Z</time></trkpt><trkpt lat="40.77849206192398" lon="-74.00229069433746"><time>2026-06-13T14:22:56Z</time></trkpt><trkpt lat="40.77850648004206" lon="-74.00227420268112"><time>2026-06-13T14:22:59Z</time></trkpt><trkpt lat="40.77851948836042" lon="-74.0022578110466"><time>2026-06-13T14:23:02Z</time></trkpt><trkpt lat="40.77853397255569" lon="-74.00223725284565"><time>2026-06-13T14:23:06Z</time></trkpt><trkpt lat="40.77854572012072" lon="-74.00221545602294"><time>2026-06-13T14:23:11Z</time></trkpt><trkpt lat="40.778558504335415" lon="-74.00219719685387"><time>2026-06-13T14:23:16Z</time></trkpt><trkpt lat="40.77857277232537" lon="-74.00217940670493"><time>2026-06-13T14:23:22Z</time></trkpt><trkpt lat="40.77858920694016" lon="-74.00216391702156"><time>2026-06-13T14:23:29Z</time></trkpt><trkpt lat="40.778604686719426" lon="-74.0021503727444"><time>2026-06-13T14:23:39Z</time></trkpt><trkpt lat="40.77861659767469" lon="-74.00213009851223"><time>2026-06-13T14:23:53Z</time></trkpt><trkpt lat="40.77861282215817" lon="-74.0021127005598"><time>2026-06-13T14:24:12Z</time></trkpt><trkpt lat="40.778594931215395" lon="-74.0021188063348"><time>2026-06-13T14:24:42Z</time></trkpt><trkpt lat="40.77857558652313" lon="-74.0021188665044"><time>2026-06-13T14:24:54Z</time></trkpt><trkpt lat="40.7785562974578" lon="-74.00212398790327"><time>2026-06-13T14:25:05Z</time></trkpt><trkpt lat="40.778538789945856" lon="-74.00213113472792"><time>2026-06-13T14:25:14Z</time></trkpt><trkpt lat="40.77852174791947" lon="-74.00213905024258"><time>2026-06-13T14:25:22Z</time></trkpt><trkpt lat="40.778505248012515" lon="-74.00214999616017"><time>2026-06-13T14:25:30Z</time></trkpt><trkpt lat="40.778487786163794" lon="-74.0021618739242"><time>2026-06-13T14:25:38Z</time></trkpt><trkpt lat="40.77847139747514" lon="-74.0021743926675"><time>2026-06-13T14:25:46Z</time></trkpt><trkpt lat="40.778455083196945" lon="-74.00218794975822"><time>2026-06-13T14:25:54Z</time></trkpt><trkpt lat="40.77843972386462" lon="-74.00220184339037"><time>2026-06-13T14:26:02Z</time></trkpt><trkpt lat="40.77842389512949" lon="-74.00221692575711"><time>2026-06-13T14:26:10Z</time></trkpt><trkpt lat="40.77841009920131" lon="-74.00223450418584"><time>2026-06-13T14:26:17Z</time></trkpt><trkpt lat="40.77839326912949" lon="-74.00224386210793"><time>2026-06-13T14:26:25Z</time></trkpt><trkpt lat="40.77837371931848" lon="-74.002248220459"><time>2026-06-13T14:26:36Z</time></trkpt><trkpt lat="40.778356722761416" lon="-74.0022587504267"><time>2026-06-13T14:26:46Z</time></trkpt><trkpt lat="40.7783380730576" lon="-74.00226498634026"><time>2026-06-13T14:26:52Z</time></trkpt><trkpt lat="40.778322880487345" lon="-74.00228180114013"><time>2026-06-13T14:27:01Z</time></trkpt><trkpt lat="40.77830694310736" lon="-74.00229856992557"><time>2026-06-13T14:27:08Z</time></trkpt><trkpt lat="40.77828866727085" lon="-74.00230471432073"><time>2026-06-13T14:27:20Z</time></trkpt><trkpt lat="40.77827053487232" lon="-74.0023067690689"><time>2026-06-13T14:27:32Z</time></trkpt><trkpt lat="40.77825174354265" lon="-74.00231491438755"><time>2026-06-13T14:27:41Z</time></trkpt><trkpt lat="40.77823609323945" lon="-74.0023277654639"><time>2026-06-13T14:27:47Z</time></trkpt><trkpt lat="40.77821688634398" lon="-74.00233647858705"><time>2026-06-13T14:27:57Z</time></trkpt><trkpt lat="40.778201822367734" lon="-74.00235379242609"><time>2026-06-13T14:28:04Z</time></trkpt><trkpt lat="40.778188401692724" lon="-74.00237054845267"><time>2026-06-13T14:28:10Z</time></trkpt><trkpt lat="40.77817089683942" lon="-74.0023946852327"><time>2026-06-13T14:28:21Z</time></trkpt><trkpt lat="40.778157606086005" lon="-74.00241140941588"><time>2026-06-13T14:28:30Z</time></trkpt><trkpt lat="40.77814350345429" lon="-74.00242665092038"><time>2026-06-13T14:28:37Z</time></trkpt><trkpt lat="40.77812785463254" lon="-74.00244539263454"><time>2026-06-13T14:28:43Z</time></trkpt><trkpt lat="40.77811365895204" lon="-74.00246498560647"><time>2026-06-13T14:28:55Z</time></trkpt><trkpt lat="40.778102402995565" lon="-74.00248383902151"><time>2026-06-13T14:29:02Z</time></trkpt><trkpt lat="40.77808868678871" lon="-74.00250423384341"><time>2026-06-13T14:29:08Z</time></trkpt><trkpt lat="40.77807934097939" lon="-74.00252496383892"><time>2026-06-13T14:29:13Z</time></trkpt><trkpt lat="40.77806679026866" lon="-74.00254267363881"><time>2026-06-13T14:29:19Z</time></trkpt><trkpt lat="40.77805280854864" lon="-74.00256126249218"><time>2026-06-13T14:29:28Z</time></trkpt><trkpt lat="40.77804160603405" lon="-74.00258062418573"><time>2026-06-13T14:29:35Z</time></trkpt><trkpt lat="40.77803334076559" lon="-74.00260342324285"><time>2026-06-13T14:29:41Z</time></trkpt><trkpt lat="40.77801668067092" lon="-74.00261653533767"><time>2026-06-13T14:29:47Z</time></trkpt><trkpt lat="40.77801987482622" lon="-74.00264041132752"><time>2026-06-13T14:29:50Z</time></trkpt><trkpt lat="40.77800197997467" lon="-74.00264862489995"><time>2026-06-13T14:29:56Z</time></trkpt><trkpt lat="40.77798604685716" lon="-74.00266132913593"><time>2026-06-13T14:30:01Z</time></trkpt><trkpt lat="40.77796833680101" lon="-74.00267310185914"><time>2026-06-13T14:30:07Z</time></trkpt><trkpt lat="40.77795525128797" lon="-74.00269204376332"><time>2026-06-13T14:30:12Z</time></trkpt><trkpt lat="40.7779380028959" lon="-74.00270106203125"><time>2026-06-13T14:30:18Z</time></trkpt><trkpt lat="40.77792004234749" lon="-74.00271628477648"><time>2026-06-13T14:30:24Z</time></trkpt><trkpt lat="40.77789943644444" lon="-74.00272559028483"><time>2026-06-13T14:30:30Z</time></trkpt><trkpt lat="40.77788084645694" lon="-74.00273641255323"><time>2026-06-13T14:30:37Z</time></trkpt><trkpt lat="40.77786078216808" lon="-74.00274897399541"><time>2026-06-13T14:30:42Z</time></trkpt><trkpt lat="40.77784246615928" lon="-74.00275619342735"><time>2026-06-13T14:30:47Z</time></trkpt><trkpt lat="40.77782429155028" lon="-74.0027656803698"><time>2026-06-13T14:30:53Z</time></trkpt><trkpt lat="40.77780596408753" lon="-74.00277640027345"><time>2026-06-13T14:30:58Z</time></trkpt><trkpt lat="40.777789051121935" lon="-74.00278654291027"><time>2026-06-13T14:31:03Z</time></trkpt><trkpt lat="40.77777300724866" lon="-74.00279772280423"><time>2026-06-13T14:31:08Z</time></trkpt><trkpt lat="40.77775658562007" lon="-74.00280882041235"><time>2026-06-13T14:31:13Z</time></trkpt><trkpt lat="40.77774037733275" lon="-74.00282038012442"><time>2026-06-13T14:31:18Z</time></trkpt><trkpt lat="40.777722798793896" lon="-74.00283383955045"><time>2026-06-13T14:31:24Z</time></trkpt><trkpt lat="40.77770750506598" lon="-74.002846850809"><time>2026-06-13T14:31:30Z</time></trkpt><trkpt lat="40.77769115584806" lon="-74.00286373802815"><time>2026-06-13T14:31:37Z</time></trkpt><trkpt lat="40.77767651132202" lon="-74.00288169360147"><time>2026-06-13T14:31:46Z</time></trkpt><trkpt lat="40.777659459920365" lon="-74.00289270104912"><time>2026-06-13T14:31:55Z</time></trkpt><trkpt lat="40.77764188754781" lon="-74.0028998011325"><time>2026-06-13T14:32:03Z</time></trkpt><trkpt lat="40.777622619790534" lon="-74.00290460755602"><time>2026-06-13T14:32:11Z</time></trkpt><trkpt lat="40.777603796823435" lon="-74.00290867680211"><time>2026-06-13T14:32:18Z</time></trkpt><trkpt lat="40.777583523202196" lon="-74.00291157985947"><time>2026-06-13T14:32:26Z</time></trkpt><trkpt lat="40.77756490865589" lon="-74.00291005493627"><time>2026-06-13T14:32:34Z</time></trkpt><trkpt lat="40.77754476801929" lon="-74.0029056509798"><time>2026-06-13T14:32:42Z</time></trkpt><trkpt lat="40.77752506173775" lon="-74.0028961377647"><time>2026-06-13T14:32:49Z</time></trkpt><trkpt lat="40.777507024357284" lon="-74.00288620557562"><time>2026-06-13T14:32:55Z</time></trkpt><trkpt lat="40.777488213983666" lon="-74.00287160278555"><time>2026-06-13T14:33:01Z</time></trkpt><trkpt lat="40.77747220972907" lon="-74.00285728214418"><time>2026-06-13T14:33:06Z</time></trkpt><trkpt lat="40.777456059234424" lon="-74.00284066263028"><time>2026-06-13T14:33:12Z</time></trkpt><trkpt lat="40.7774444872994" lon="-74.00282021702499"><time>2026-06-13T14:33:21Z</time></trkpt><trkpt lat="40.77743406292664" lon="-74.00280076174546"><time>2026-06-13T14:33:31Z</time></trkpt><trkpt lat="40.77742345705959" lon="-74.00277879920802"><time>2026-06-13T14:33:43Z</time></trkpt><trkpt lat="40.7774166952884" lon="-74.00275518468318"><time>2026-06-13T14:33:53Z</time></trkpt><trkpt lat="40.77741267212103" lon="-74.00272875428747"><time>2026-06-13T14:34:02Z</time></trkpt><trkpt lat="40.77740390124558" lon="-74.00270542118197"><time>2026-06-13T14:34:10Z</time></trkpt><trkpt lat="40.77739276369523" lon="-74.00268625697576"><time>2026-06-13T14:34:15Z</time></trkpt><trkpt lat="40.777379132808676" lon="-74.00266892043628"><time>2026-06-13T14:34:19Z</time></trkpt><trkpt lat="40.777368140459785" lon="-74.00264969667803"><time>2026-06-13T14:34:23Z</time></trkpt><trkpt lat="40.777359772003564" lon="-74.00262583673153"><time>2026-06-13T14:34:28Z</time></trkpt><trkpt lat="40.777349089813875" lon="-74.00260398457299"><time>2026-06-13T14:34:33Z</time></trkpt><trkpt lat="40.77733711899468" lon="-74.0025826088121"><time>2026-06-13T14:34:39Z</time></trkpt><trkpt lat="40.77732287786846" lon="-74.0025672915514"><time>2026-06-13T14:34:44Z</time></trkpt><trkpt lat="40.77730422960831" lon="-74.0025500691866"><time>2026-06-13T14:34:50Z</time></trkpt><trkpt lat="40.7772917730331" lon="-74.00253209143901"><time>2026-06-13T14:34:55Z</time></trkpt><trkpt lat="40.777272463967" lon="-74.00251936952326"><time>2026-06-13T14:34:59Z</time></trkpt><trkpt lat="40.77726217505589" lon="-74.0024969577563"><time>2026-06-13T14:35:05Z</time></trkpt><trkpt lat="40.77724385080658" lon="-74.00249880496823"><time>2026-06-13T14:35:22Z</time></trkpt><trkpt lat="40.77722560008584" lon="-74.00249431185519"><time>2026-06-13T14:35:30Z</time></trkpt><trkpt lat="40.77720637149529" lon="-74.00248889636137"><time>2026-06-13T14:35:38Z</time></trkpt><trkpt lat="40.77718758243512" lon="-74.00248236777821"><time>2026-06-13T14:35:48Z</time></trkpt><trkpt lat="40.77716883128718" lon="-74.00247553852012"><time>2026-06-13T14:35:58Z</time></trkpt><trkpt lat="40.7771511442506" lon="-74.00247080794945"><time>2026-06-13T14:36:08Z</time></trkpt><trkpt lat="40.77713200729204" lon="-74.00246636359107"><time>2026-06-13T14:36:18Z</time></trkpt><trkpt lat="40.777115371727795" lon="-74.0024560632218"><time>2026-06-13T14:36:28Z</time></trkpt><trkpt lat="40.77709729768873" lon="-74.00244634758639"><time>2026-06-13T14:36:33Z</time></trkpt><trkpt lat="40.777078912350596" lon="-74.00243170305303"><time>2026-06-13T14:36:38Z</time></trkpt><trkpt lat="40.777061480829126" lon="-74.00241378577154"><time>2026-06-13T14:36:45Z</time></trkpt><trkpt lat="40.777049761101644" lon="-74.0023939123153"><time>2026-06-13T14:36:52Z</time></trkpt><trkpt lat="40.77704330109215" lon="-74.00237055339537"><time>2026-06-13T14:37:02Z</time></trkpt><trkpt lat="40.777045299328705" lon="-74.00234559254297"><time>2026-06-13T14:37:13Z</time></trkpt><trkpt lat="40.77705383219864" lon="-74.00232280777989"><time>2026-06-13T14:37:24Z</time></trkpt><trkpt lat="40.77704560468446" lon="-74.00229887256484"><time>2026-06-13T14:37:37Z</time></trkpt><trkpt lat="40.777034234565654" lon="-74.00227990521034"><time>2026-06-13T14:37:44Z</time></trkpt><trkpt lat="40.77702630332852" lon="-74.00225401779171"><time>2026-06-13T14:37:49Z</time></trkpt><trkpt lat="40.7770140078873" lon="-74.00223363270376"><time>2026-06-13T14:37:53Z</time></trkpt><trkpt lat="40.77700756441546" lon="-74.00220913778718"><time>2026-06-13T14:38:02Z</time></trkpt><trkpt lat="40.77700044708201" lon="-74.00218241462227"><time>2026-06-13T14:38:09Z</time></trkpt><trkpt lat="40.776987438268826" lon="-74.00216447830988"><time>2026-06-13T14:38:17Z</time></trkpt><trkpt lat="40.77697597785621" lon="-74.00214543631445"><time>2026-06-13T14:38:25Z</time></trkpt><trkpt lat="40.77696687291652" lon="-74.00212346492349"><time>2026-06-13T14:38:31Z</time></trkpt><trkpt lat="40.776951514415074" lon="-74.0021055495373"><time>2026-06-13T14:38:37Z</time></trkpt><trkpt lat="40.776933348677865" lon="-74.00209262562025"><time>2026-06-13T14:38:43Z</time></trkpt><trkpt lat="40.77691419601548" lon="-74.00206484026972"><time>2026-06-13T14:38:48Z</time></trkpt><trkpt lat="40.77689556130315" lon="-74.00206767454443"><time>2026-06-13T14:38:54Z</time></trkpt><trkpt lat="40.776873646073895" lon="-74.00206188941118"><time>2026-06-13T14:39:02Z</time></trkpt><trkpt lat="40.776857986303575" lon="-74.00204827810316"><time>2026-06-13T14:39:05Z</time></trkpt><trkpt lat="40.776846075056795" lon="-74.00203003029068"><time>2026-06-13T14:39:10Z</time></trkpt><trkpt lat="40.776825753239144" lon="-74.00202743874762"><time>2026-06-13T14:39:17Z</time></trkpt><trkpt lat="40.776805795318275" lon="-74.00200778013088"><time>2026-06-13T14:39:22Z</time></trkpt><trkpt lat="40.77678024292417" lon="-74.00200769402824"><time>2026-06-13T14:39:31Z</time></trkpt><trkpt lat="40.77676334418005" lon="-74.00202034853956"><time>2026-06-13T14:39:32Z</time></trkpt><trkpt lat="40.77675847401015" lon="-74.00199639747372"><time>2026-06-13T14:39:43Z</time></trkpt><trkpt lat="40.77673968634785" lon="-74.00199630741707"><time>2026-06-13T14:39:55Z</time></trkpt><trkpt lat="40.77672928435277" lon="-74.00201660229686"><time>2026-06-13T14:40:06Z</time></trkpt><trkpt lat="40.77672453250822" lon="-74.00204028417517"><time>2026-06-13T14:40:12Z</time></trkpt><trkpt lat="40.77671510416324" lon="-74.00206501555326"><time>2026-06-13T14:40:18Z</time></trkpt><trkpt lat="40.77671206067011" lon="-74.00208986348247"><time>2026-06-13T14:40:23Z</time></trkpt><trkpt lat="40.776706779573054" lon="-74.00211369499017"><time>2026-06-13T14:40:29Z</time></trkpt><trkpt lat="40.776700478881146" lon="-74.0021405273576"><time>2026-06-13T14:40:33Z</time></trkpt><trkpt lat="40.77669865853934" lon="-74.00216467335034"><time>2026-06-13T14:40:41Z</time></trkpt><trkpt lat="40.776691293798976" lon="-74.00218850389302"><time>2026-06-13T14:40:46Z</time></trkpt><trkpt lat="40.776683946225894" lon="-74.00221946380327"><time>2026-06-13T14:40:50Z</time></trkpt><trkpt lat="40.77667682447676" lon="-74.00224819674753"><time>2026-06-13T14:40:55Z</time></trkpt><trkpt lat="40.776672066092296" lon="-74.00228028789317"><time>2026-06-13T14:41:01Z</time></trkpt><trkpt lat="40.77667043485097" lon="-74.00230714990019"><time>2026-06-13T14:41:09Z</time></trkpt><trkpt lat="40.776663163593206" lon="-74.00233242690558"><time>2026-06-13T14:41:15Z</time></trkpt><trkpt lat="40.77666503948055" lon="-74.0023569165875"><time>2026-06-13T14:41:23Z</time></trkpt><trkpt lat="40.776642403607376" lon="-74.00238670501335"><time>2026-06-13T14:41:29Z</time></trkpt><trkpt lat="40.77664858344696" lon="-74.0024096529584"><time>2026-06-13T14:41:35Z</time></trkpt><trkpt lat="40.77663478592447" lon="-74.0024263612403"><time>2026-06-13T14:41:43Z</time></trkpt><trkpt lat="40.776631258714644" lon="-74.00245385613954"><time>2026-06-13T14:41:47Z</time></trkpt><trkpt lat="40.77663089770553" lon="-74.00247909793968"><time>2026-06-13T14:41:50Z</time></trkpt><trkpt lat="40.77663332145526" lon="-74.0025180077143"><time>2026-06-13T14:41:54Z</time></trkpt><trkpt lat="40.77664145054024" lon="-74.00254532683547"><time>2026-06-13T14:41:58Z</time></trkpt><trkpt lat="40.77663846678002" lon="-74.00257430564686"><time>2026-06-13T14:42:02Z</time></trkpt><trkpt lat="40.77663784355918" lon="-74.00260449367364"><time>2026-06-13T14:42:07Z</time></trkpt><trkpt lat="40.776643054781054" lon="-74.00263447068811"><time>2026-06-13T14:42:10Z</time></trkpt><trkpt lat="40.77665060379331" lon="-74.00266071987166"><time>2026-06-13T14:42:12Z</time></trkpt><trkpt lat="40.77666349578956" lon="-74.00269313265002"><time>2026-06-13T14:42:15Z</time></trkpt><trkpt lat="40.77667771449339" lon="-74.00272462777583"><time>2026-06-13T14:42:18Z</time></trkpt><trkpt lat="40.776697028221385" lon="-74.0027505175068"><time>2026-06-13T14:42:20Z</time></trkpt><trkpt lat="40.776713895695416" lon="-74.00277857729111"><time>2026-06-13T14:42:22Z</time></trkpt><trkpt lat="40.77672733751998" lon="-74.00281540489783"><time>2026-06-13T14:42:24Z</time></trkpt><trkpt lat="40.7767354313411" lon="-74.00285856467762"><time>2026-06-13T14:42:26Z</time></trkpt><trkpt lat="40.77674262101783" lon="-74.00290183960543"><time>2026-06-13T14:42:28Z</time></trkpt><trkpt lat="40.776744105230094" lon="-74.00292596308971"><time>2026-06-13T14:42:29Z</time></trkpt><trkpt lat="40.776739611223896" lon="-74.0029746678495"><time>2026-06-13T14:42:31Z</time></trkpt><trkpt lat="40.77673042511242" lon="-74.00301360367622"><time>2026-06-13T14:42:33Z</time></trkpt><trkpt lat="40.77672753356774" lon="-74.00304318532987"><time>2026-06-13T14:42:34Z</time></trkpt><trkpt lat="40.776716480463925" lon="-74.0030819959411"><time>2026-06-13T14:42:36Z</time></trkpt><trkpt lat="40.77671360422922" lon="-74.00311232287847"><time>2026-06-13T14:42:38Z</time></trkpt><trkpt lat="40.776699691836505" lon="-74.00314301758641"><time>2026-06-13T14:42:40Z</time></trkpt><trkpt lat="40.77668807152849" lon="-74.00317278851736"><time>2026-06-13T14:42:41Z</time></trkpt><trkpt lat="40.77668123327368" lon="-74.00320321798722"><time>2026-06-13T14:42:42Z</time></trkpt><trkpt lat="40.77667006690761" lon="-74.00322720521653"><time>2026-06-13T14:42:44Z</time></trkpt><trkpt lat="40.77664642531766" lon="-74.00326678824003"><time>2026-06-13T14:42:46Z</time></trkpt><trkpt lat="40.776627577076255" lon="-74.00329044913519"><time>2026-06-13T14:42:48Z</time></trkpt><trkpt lat="40.77661497735353" lon="-74.00330780107349"><time>2026-06-13T14:42:49Z</time></trkpt><trkpt lat="40.77660153685172" lon="-74.00333136435644"><time>2026-06-13T14:42:50Z</time></trkpt><trkpt lat="40.776590706468795" lon="-74.00335079698642"><time>2026-06-13T14:42:51Z</time></trkpt><trkpt lat="40.776563127349995" lon="-74.00338086513769"><time>2026-06-13T14:42:53Z</time></trkpt><trkpt lat="40.77654496488333" lon="-74.0034089439186"><time>2026-06-13T14:42:55Z</time></trkpt><trkpt lat="40.776523995868445" lon="-74.0034475535945"><time>2026-06-13T14:42:56Z</time></trkpt><trkpt lat="40.776509149815226" lon="-74.00346472701605"><time>2026-06-13T14:42:57Z</time></trkpt><trkpt lat="40.77648567243825" lon="-74.00346426114727"><time>2026-06-13T14:42:59Z</time></trkpt><trkpt lat="40.77646035988538" lon="-74.00348881515606"><time>2026-06-13T14:43:01Z</time></trkpt><trkpt lat="40.77644184141704" lon="-74.00351124689763"><time>2026-06-13T14:43:02Z</time></trkpt><trkpt lat="40.77641578139176" lon="-74.00353953277785"><time>2026-06-13T14:43:04Z</time></trkpt><trkpt lat="40.776388944283646" lon="-74.00356667623038"><time>2026-06-13T14:43:06Z</time></trkpt><trkpt lat="40.77637285662844" lon="-74.00358067630727"><time>2026-06-13T14:43:07Z</time></trkpt><trkpt lat="40.776346707907145" lon="-74.00360441778219"><time>2026-06-13T14:43:09Z</time></trkpt><trkpt lat="40.776321966521884" lon="-74.00362905613673"><time>2026-06-13T14:43:11Z</time></trkpt><trkpt lat="40.776295043088666" lon="-74.0036535496396"><time>2026-06-13T14:43:13Z</time></trkpt><trkpt lat="40.776271473215616" lon="-74.00367937751463"><time>2026-06-13T14:43:15Z</time></trkpt><trkpt lat="40.77624293177108" lon="-74.00369740781088"><time>2026-06-13T14:43:17Z</time></trkpt><trkpt lat="40.77621593758033" lon="-74.00371870722374"><time>2026-06-13T14:43:19Z</time></trkpt><trkpt lat="40.776188060464854" lon="-74.003738520304"><time>2026-06-13T14:43:21Z</time></trkpt><trkpt lat="40.77617300348151" lon="-74.00375171955082"><time>2026-06-13T14:43:22Z</time></trkpt><trkpt lat="40.776156295022595" lon="-74.00376428577411"><time>2026-06-13T14:43:23Z</time></trkpt><trkpt lat="40.77613331178308" lon="-74.00378441326703"><time>2026-06-13T14:43:25Z</time></trkpt><trkpt lat="40.77611857512694" lon="-74.00380139581662"><time>2026-06-13T14:43:26Z</time></trkpt><trkpt lat="40.776092182492604" lon="-74.00382259394141"><time>2026-06-13T14:43:28Z</time></trkpt><trkpt lat="40.77606716298495" lon="-74.00384271457634"><time>2026-06-13T14:43:30Z</time></trkpt><trkpt lat="40.77604184202211" lon="-74.00386666026027"><time>2026-06-13T14:43:32Z</time></trkpt><trkpt lat="40.776016838200384" lon="-74.0038853386689"><time>2026-06-13T14:43:34Z</time></trkpt><trkpt lat="40.775990708640975" lon="-74.00390833531799"><time>2026-06-13T14:43:36Z</time></trkpt><trkpt lat="40.77596373211543" lon="-74.0039297542746"><time>2026-06-13T14:43:38Z</time></trkpt><trkpt lat="40.77593710221461" lon="-74.00395390672938"><time>2026-06-13T14:43:40Z</time></trkpt><trkpt lat="40.77591054742825" lon="-74.00397790051343"><time>2026-06-13T14:43:42Z</time></trkpt><trkpt lat="40.77588459058445" lon="-74.00400404657667"><time>2026-06-13T14:43:44Z</time></trkpt><trkpt lat="40.77585814145799" lon="-74.00402916493432"><time>2026-06-13T14:43:46Z</time></trkpt><trkpt lat="40.775829796389715" lon="-74.00405037755847"><time>2026-06-13T14:43:48Z</time></trkpt><trkpt lat="40.77580368445555" lon="-74.00407712056685"><time>2026-06-13T14:43:50Z</time></trkpt><trkpt lat="40.77577640409045" lon="-74.00410079593752"><time>2026-06-13T14:43:52Z</time></trkpt><trkpt lat="40.775748517131895" lon="-74.00412426042594"><time>2026-06-13T14:43:54Z</time></trkpt><trkpt lat="40.77573433935117" lon="-74.00413970628513"><time>2026-06-13T14:43:55Z</time></trkpt><trkpt lat="40.77570696354819" lon="-74.0041634889121"><time>2026-06-13T14:43:57Z</time></trkpt><trkpt lat="40.775673766455625" lon="-74.00418505640715"><time>2026-06-13T14:43:59Z</time></trkpt><trkpt lat="40.775644672138235" lon="-74.00420805707282"><time>2026-06-13T14:44:01Z</time></trkpt><trkpt lat="40.77561260200894" lon="-74.00422834196642"><time>2026-06-13T14:44:03Z</time></trkpt><trkpt lat="40.775596274281995" lon="-74.0042439567522"><time>2026-06-13T14:44:04Z</time></trkpt><trkpt lat="40.7755795729243" lon="-74.00425429104627"><time>2026-06-13T14:44:05Z</time></trkpt><trkpt lat="40.77554736864555" lon="-74.00427790606187"><time>2026-06-13T14:44:07Z</time></trkpt><trkpt lat="40.77553049103618" lon="-74.00428959795602"><time>2026-06-13T14:44:08Z</time></trkpt><trkpt lat="40.775514475488585" lon="-74.004300468755"><time>2026-06-13T14:44:09Z</time></trkpt><trkpt lat="40.7754977318315" lon="-74.00431270246894"><time>2026-06-13T14:44:10Z</time></trkpt><trkpt lat="40.77547982073304" lon="-74.00432344235998"><time>2026-06-13T14:44:11Z</time></trkpt><trkpt lat="40.77546346145107" lon="-74.00433577153454"><time>2026-06-13T14:44:12Z</time></trkpt><trkpt lat="40.7754473743862" lon="-74.00434746274756"><time>2026-06-13T14:44:13Z</time></trkpt><trkpt lat="40.775429753139434" lon="-74.00436102396844"><time>2026-06-13T14:44:14Z</time></trkpt><trkpt lat="40.77540133027292" lon="-74.00438804569767"><time>2026-06-13T14:44:16Z</time></trkpt><trkpt lat="40.77537477856384" lon="-74.00441231532756"><time>2026-06-13T14:44:18Z</time></trkpt><trkpt lat="40.7753462719536" lon="-74.00443592546247"><time>2026-06-13T14:44:20Z</time></trkpt><trkpt lat="40.775317474099545" lon="-74.00446211654155"><time>2026-06-13T14:44:22Z</time></trkpt><trkpt lat="40.77530246290212" lon="-74.00448108028536"><time>2026-06-13T14:44:23Z</time></trkpt><trkpt lat="40.775288474398025" lon="-74.00449698109139"><time>2026-06-13T14:44:24Z</time></trkpt><trkpt lat="40.77527008160315" lon="-74.00451236122416"><time>2026-06-13T14:44:25Z</time></trkpt><trkpt lat="40.77525380566437" lon="-74.00454127276096"><time>2026-06-13T14:44:27Z</time></trkpt><trkpt lat="40.775233043422254" lon="-74.00456027229657"><time>2026-06-13T14:44:29Z</time></trkpt><trkpt lat="40.77520223833462" lon="-74.00457768575254"><time>2026-06-13T14:44:31Z</time></trkpt><trkpt lat="40.77518738762509" lon="-74.0046002630015"><time>2026-06-13T14:44:32Z</time></trkpt><trkpt lat="40.77516013049855" lon="-74.00461799387423"><time>2026-06-13T14:44:34Z</time></trkpt><trkpt lat="40.775139549131424" lon="-74.00464088162545"><time>2026-06-13T14:44:36Z</time></trkpt><trkpt lat="40.77511993494929" lon="-74.00465549052288"><time>2026-06-13T14:44:37Z</time></trkpt><trkpt lat="40.77510952420691" lon="-74.00467499977911"><time>2026-06-13T14:44:38Z</time></trkpt><trkpt lat="40.77508540705182" lon="-74.00469924309681"><time>2026-06-13T14:44:40Z</time></trkpt><trkpt lat="40.77507184913823" lon="-74.00471712703039"><time>2026-06-13T14:44:41Z</time></trkpt><trkpt lat="40.775055532880614" lon="-74.00473695978891"><time>2026-06-13T14:44:42Z</time></trkpt><trkpt lat="40.775029185295246" lon="-74.00475972811785"><time>2026-06-13T14:44:44Z</time></trkpt><trkpt lat="40.77500273256989" lon="-74.00478894680258"><time>2026-06-13T14:44:46Z</time></trkpt><trkpt lat="40.77497801198469" lon="-74.00481377022548"><time>2026-06-13T14:44:48Z</time></trkpt><trkpt lat="40.7749517154107" lon="-74.00483779076316"><time>2026-06-13T14:44:50Z</time></trkpt><trkpt lat="40.774927880650075" lon="-74.0048629649147"><time>2026-06-13T14:44:52Z</time></trkpt><trkpt lat="40.774904945847815" lon="-74.00488603896449"><time>2026-06-13T14:44:54Z</time></trkpt><trkpt lat="40.774883481143334" lon="-74.00491037931475"><time>2026-06-13T14:44:56Z</time></trkpt><trkpt lat="40.77486291892959" lon="-74.00493056849746"><time>2026-06-13T14:44:58Z</time></trkpt><trkpt lat="40.77484082781796" lon="-74.00495382017688"><time>2026-06-13T14:45:00Z</time></trkpt><trkpt lat="40.774817733249556" lon="-74.00497555457332"><time>2026-06-13T14:45:02Z</time></trkpt><trkpt lat="40.77479719401652" lon="-74.00499391164722"><time>2026-06-13T14:45:04Z</time></trkpt><trkpt lat="40.774776769785575" lon="-74.00501285209585"><time>2026-06-13T14:45:06Z</time></trkpt><trkpt lat="40.77475779953173" lon="-74.0050316484624"><time>2026-06-13T14:45:08Z</time></trkpt><trkpt lat="40.774735963637696" lon="-74.00505036378422"><time>2026-06-13T14:45:10Z</time></trkpt><trkpt lat="40.77471463125367" lon="-74.00506872739275"><time>2026-06-13T14:45:12Z</time></trkpt><trkpt lat="40.774693623297026" lon="-74.0050846776353"><time>2026-06-13T14:45:14Z</time></trkpt><trkpt lat="40.77467155692874" lon="-74.005099718065"><time>2026-06-13T14:45:16Z</time></trkpt><trkpt lat="40.774647507873" lon="-74.00511463261658"><time>2026-06-13T14:45:18Z</time></trkpt><trkpt lat="40.77462382441146" lon="-74.0051281519162"><time>2026-06-13T14:45:20Z</time></trkpt><trkpt lat="40.77460012949528" lon="-74.00514181747472"><time>2026-06-13T14:45:22Z</time></trkpt><trkpt lat="40.77457478072536" lon="-74.00515709590363"><time>2026-06-13T14:45:24Z</time></trkpt><trkpt lat="40.77454899786081" lon="-74.00517247497396"><time>2026-06-13T14:45:26Z</time></trkpt><trkpt lat="40.774522582543334" lon="-74.00518687991999"><time>2026-06-13T14:45:28Z</time></trkpt><trkpt lat="40.77449599016302" lon="-74.00520468039656"><time>2026-06-13T14:45:30Z</time></trkpt><trkpt lat="40.77446868642844" lon="-74.005221144416"><time>2026-06-13T14:45:32Z</time></trkpt><trkpt lat="40.77443875938544" lon="-74.00523703207548"><time>2026-06-13T14:45:34Z</time></trkpt><trkpt lat="40.774408472019694" lon="-74.00525370689539"><time>2026-06-13T14:45:36Z</time></trkpt><trkpt lat="40.77437908841328" lon="-74.0052703521099"><time>2026-06-13T14:45:38Z</time></trkpt><trkpt lat="40.77434750076679" lon="-74.00528638601794"><time>2026-06-13T14:45:40Z</time></trkpt><trkpt lat="40.77431695803189" lon="-74.00530478509323"><time>2026-06-13T14:45:42Z</time></trkpt><trkpt lat="40.77428534399724" lon="-74.00532197132331"><time>2026-06-13T14:45:44Z</time></trkpt><trkpt lat="40.77425456886394" lon="-74.0053368206561"><time>2026-06-13T14:45:46Z</time></trkpt><trkpt lat="40.77422318809229" lon="-74.00535327096578"><time>2026-06-13T14:45:48Z</time></trkpt><trkpt lat="40.77419032363053" lon="-74.00537073886736"><time>2026-06-13T14:45:50Z</time></trkpt><trkpt lat="40.77415853892744" lon="-74.00538721034546"><time>2026-06-13T14:45:52Z</time></trkpt><trkpt lat="40.774126471803775" lon="-74.00540368902924"><time>2026-06-13T14:45:54Z</time></trkpt><trkpt lat="40.774092787342376" lon="-74.00541906629445"><time>2026-06-13T14:45:56Z</time></trkpt><trkpt lat="40.77405947287668" lon="-74.00543319507345"><time>2026-06-13T14:45:58Z</time></trkpt><trkpt lat="40.77404055223836" lon="-74.00544004574097"><time>2026-06-13T14:45:59Z</time></trkpt><trkpt lat="40.774006702032025" lon="-74.00545570117319"><time>2026-06-13T14:46:01Z</time></trkpt><trkpt lat="40.773988282748974" lon="-74.00546377674117"><time>2026-06-13T14:46:02Z</time></trkpt><trkpt lat="40.77397142117405" lon="-74.00547228120355"><time>2026-06-13T14:46:03Z</time></trkpt><trkpt lat="40.773953298550374" lon="-74.00548118791929"><time>2026-06-13T14:46:04Z</time></trkpt><trkpt lat="40.77393654128577" lon="-74.00549091656355"><time>2026-06-13T14:46:05Z</time></trkpt><trkpt lat="40.773917819388735" lon="-74.00550173316773"><time>2026-06-13T14:46:06Z</time></trkpt><trkpt lat="40.77389916419575" lon="-74.00551347299796"><time>2026-06-13T14:46:07Z</time></trkpt><trkpt lat="40.773882164013216" lon="-74.00552480299785"><time>2026-06-13T14:46:08Z</time></trkpt><trkpt lat="40.77386270431269" lon="-74.00553546693392"><time>2026-06-13T14:46:09Z</time></trkpt><trkpt lat="40.77384159287566" lon="-74.00554689807191"><time>2026-06-13T14:46:10Z</time></trkpt><trkpt lat="40.77382474529883" lon="-74.00556209898639"><time>2026-06-13T14:46:11Z</time></trkpt><trkpt lat="40.773806849422975" lon="-74.00557516856655"><time>2026-06-13T14:46:12Z</time></trkpt><trkpt lat="40.77378782395955" lon="-74.00558425153565"><time>2026-06-13T14:46:13Z</time></trkpt><trkpt lat="40.773768705867084" lon="-74.00559510326894"><time>2026-06-13T14:46:14Z</time></trkpt><trkpt lat="40.77374828893827" lon="-74.00560538329243"><time>2026-06-13T14:46:15Z</time></trkpt><trkpt lat="40.77372898667664" lon="-74.00561654386073"><time>2026-06-13T14:46:16Z</time></trkpt><trkpt lat="40.77371017064291" lon="-74.00562792396768"><time>2026-06-13T14:46:17Z</time></trkpt><trkpt lat="40.773689808819775" lon="-74.00563979350373"><time>2026-06-13T14:46:18Z</time></trkpt><trkpt lat="40.77367084342386" lon="-74.00565224992592"><time>2026-06-13T14:46:19Z</time></trkpt><trkpt lat="40.773650472398536" lon="-74.0056642865055"><time>2026-06-13T14:46:20Z</time></trkpt><trkpt lat="40.77363045689021" lon="-74.00567729811358"><time>2026-06-13T14:46:21Z</time></trkpt><trkpt lat="40.77360997188781" lon="-74.00569017325125"><time>2026-06-13T14:46:22Z</time></trkpt><trkpt lat="40.773590135506204" lon="-74.0057032258037"><time>2026-06-13T14:46:23Z</time></trkpt><trkpt lat="40.77356999954017" lon="-74.00571560699976"><time>2026-06-13T14:46:24Z</time></trkpt><trkpt lat="40.77355055798308" lon="-74.00573024266828"><time>2026-06-13T14:46:25Z</time></trkpt><trkpt lat="40.773531447796046" lon="-74.00574348247441"><time>2026-06-13T14:46:26Z</time></trkpt><trkpt lat="40.7735116250574" lon="-74.0057577895337"><time>2026-06-13T14:46:27Z</time></trkpt><trkpt lat="40.77349149047912" lon="-74.00577167686657"><time>2026-06-13T14:46:28Z</time></trkpt><trkpt lat="40.773472368435336" lon="-74.00578600792618"><time>2026-06-13T14:46:29Z</time></trkpt><trkpt lat="40.773452318692605" lon="-74.00579852134948"><time>2026-06-13T14:46:30Z</time></trkpt><trkpt lat="40.77343317296147" lon="-74.00581410423129"><time>2026-06-13T14:46:31Z</time></trkpt><trkpt lat="40.773412928947536" lon="-74.00582897963817"><time>2026-06-13T14:46:32Z</time></trkpt><trkpt lat="40.77339363629023" lon="-74.00584433820981"><time>2026-06-13T14:46:33Z</time></trkpt><trkpt lat="40.77337398347025" lon="-74.00586015516272"><time>2026-06-13T14:46:34Z</time></trkpt><trkpt lat="40.77335478160069" lon="-74.00587580610431"><time>2026-06-13T14:46:35Z</time></trkpt><trkpt lat="40.773336331823316" lon="-74.0058901628101"><time>2026-06-13T14:46:36Z</time></trkpt><trkpt lat="40.773318107442485" lon="-74.00590512127462"><time>2026-06-13T14:46:37Z</time></trkpt><trkpt lat="40.77329944305442" lon="-74.00592053701779"><time>2026-06-13T14:46:38Z</time></trkpt><trkpt lat="40.77328168238527" lon="-74.00593652248764"><time>2026-06-13T14:46:39Z</time></trkpt><trkpt lat="40.77326397972219" lon="-74.0059536207393"><time>2026-06-13T14:46:40Z</time></trkpt><trkpt lat="40.77324554138795" lon="-74.00597088181155"><time>2026-06-13T14:46:41Z</time></trkpt><trkpt lat="40.77322837912241" lon="-74.0059867537332"><time>2026-06-13T14:46:42Z</time></trkpt><trkpt lat="40.77321087982129" lon="-74.00600368800315"><time>2026-06-13T14:46:43Z</time></trkpt><trkpt lat="40.77319326458859" lon="-74.00602011048686"><time>2026-06-13T14:46:44Z</time></trkpt><trkpt lat="40.77317637260521" lon="-74.00603640029018"><time>2026-06-13T14:46:45Z</time></trkpt><trkpt lat="40.773159876092905" lon="-74.00605400652438"><time>2026-06-13T14:46:46Z</time></trkpt><trkpt lat="40.773142293943906" lon="-74.00607062943475"><time>2026-06-13T14:46:47Z</time></trkpt><trkpt lat="40.77312536219705" lon="-74.00608821499605"><time>2026-06-13T14:46:48Z</time></trkpt><trkpt lat="40.77310962318667" lon="-74.0061069201702"><time>2026-06-13T14:46:49Z</time></trkpt><trkpt lat="40.773091653656756" lon="-74.00612108677598"><time>2026-06-13T14:46:50Z</time></trkpt><trkpt lat="40.77307529986112" lon="-74.00613751764105"><time>2026-06-13T14:46:51Z</time></trkpt><trkpt lat="40.773058009120554" lon="-74.0061538534073"><time>2026-06-13T14:46:52Z</time></trkpt><trkpt lat="40.77304137897675" lon="-74.00617029906738"><time>2026-06-13T14:46:53Z</time></trkpt><trkpt lat="40.77302430697045" lon="-74.00618768471705"><time>2026-06-13T14:46:54Z</time></trkpt><trkpt lat="40.7730071278948" lon="-74.00620537058452"><time>2026-06-13T14:46:55Z</time></trkpt><trkpt lat="40.7729925754866" lon="-74.00621995900191"><time>2026-06-13T14:46:56Z</time></trkpt><trkpt lat="40.77297531257424" lon="-74.006235265142"><time>2026-06-13T14:46:57Z</time></trkpt><trkpt lat="40.77295829707903" lon="-74.00625169909591"><time>2026-06-13T14:46:58Z</time></trkpt><trkpt lat="40.772926847412194" lon="-74.00628020538876"><time>2026-06-13T14:47:00Z</time></trkpt><trkpt lat="40.77291144316792" lon="-74.00629815865963"><time>2026-06-13T14:47:01Z</time></trkpt><trkpt lat="40.77289451276027" lon="-74.00631610249748"><time>2026-06-13T14:47:02Z</time></trkpt><trkpt lat="40.77287944830424" lon="-74.00633266558012"><time>2026-06-13T14:47:03Z</time></trkpt><trkpt lat="40.77286416542278" lon="-74.00634918814306"><time>2026-06-13T14:47:04Z</time></trkpt><trkpt lat="40.77284794017796" lon="-74.00636912815641"><time>2026-06-13T14:47:05Z</time></trkpt><trkpt lat="40.77283421865376" lon="-74.00638522472933"><time>2026-06-13T14:47:06Z</time></trkpt><trkpt lat="40.77281863908723" lon="-74.00640105830597"><time>2026-06-13T14:47:07Z</time></trkpt><trkpt lat="40.77280351323943" lon="-74.00641793482906"><time>2026-06-13T14:47:08Z</time></trkpt><trkpt lat="40.77278856469933" lon="-74.0064343976898"><time>2026-06-13T14:47:09Z</time></trkpt><trkpt lat="40.772773733535445" lon="-74.00645240512895"><time>2026-06-13T14:47:10Z</time></trkpt><trkpt lat="40.77275959236637" lon="-74.00646919212276"><time>2026-06-13T14:47:11Z</time></trkpt><trkpt lat="40.77274521530594" lon="-74.00648663258904"><time>2026-06-13T14:47:12Z</time></trkpt><trkpt lat="40.77273046455952" lon="-74.00650339541524"><time>2026-06-13T14:47:13Z</time></trkpt><trkpt lat="40.772716240919436" lon="-74.00652042808166"><time>2026-06-13T14:47:14Z</time></trkpt><trkpt lat="40.77270083982586" lon="-74.00653571900838"><time>2026-06-13T14:47:15Z</time></trkpt><trkpt lat="40.77268710388931" lon="-74.00655288036276"><time>2026-06-13T14:47:16Z</time></trkpt><trkpt lat="40.7726711245863" lon="-74.00656892585853"><time>2026-06-13T14:47:17Z</time></trkpt><trkpt lat="40.77265544838276" lon="-74.00658862411257"><time>2026-06-13T14:47:18Z</time></trkpt><trkpt lat="40.77264039802125" lon="-74.00660412936807"><time>2026-06-13T14:47:19Z</time></trkpt><trkpt lat="40.77261020049109" lon="-74.00663339528701"><time>2026-06-13T14:47:21Z</time></trkpt><trkpt lat="40.772596291616615" lon="-74.00665110762915"><time>2026-06-13T14:47:22Z</time></trkpt><trkpt lat="40.77257916461497" lon="-74.00666779411017"><time>2026-06-13T14:47:23Z</time></trkpt><trkpt lat="40.77256344191005" lon="-74.00668042012619"><time>2026-06-13T14:47:24Z</time></trkpt><trkpt lat="40.77254790186893" lon="-74.00669547019697"><time>2026-06-13T14:47:25Z</time></trkpt><trkpt lat="40.77253037996948" lon="-74.00671111961333"><time>2026-06-13T14:47:26Z</time></trkpt><trkpt lat="40.77251355881891" lon="-74.00672627198247"><time>2026-06-13T14:47:27Z</time></trkpt><trkpt lat="40.77249712891455" lon="-74.00674223936795"><time>2026-06-13T14:47:28Z</time></trkpt><trkpt lat="40.772480882404274" lon="-74.00675711967133"><time>2026-06-13T14:47:29Z</time></trkpt><trkpt lat="40.77246312889925" lon="-74.00677324469078"><time>2026-06-13T14:47:30Z</time></trkpt><trkpt lat="40.77244505100015" lon="-74.00678764873932"><time>2026-06-13T14:47:31Z</time></trkpt><trkpt lat="40.77242689160241" lon="-74.00680473734711"><time>2026-06-13T14:47:32Z</time></trkpt><trkpt lat="40.77240966309942" lon="-74.00682100964332"><time>2026-06-13T14:47:33Z</time></trkpt><trkpt lat="40.7723932247815" lon="-74.00683677507129"><time>2026-06-13T14:47:34Z</time></trkpt><trkpt lat="40.77237611331917" lon="-74.00685260228886"><time>2026-06-13T14:47:35Z</time></trkpt><trkpt lat="40.77235918602844" lon="-74.00687015830577"><time>2026-06-13T14:47:36Z</time></trkpt><trkpt lat="40.772342489245354" lon="-74.00688887337532"><time>2026-06-13T14:47:37Z</time></trkpt><trkpt lat="40.77232495048127" lon="-74.00690802445415"><time>2026-06-13T14:47:38Z</time></trkpt><trkpt lat="40.772306226646634" lon="-74.00692484284869"><time>2026-06-13T14:47:39Z</time></trkpt><trkpt lat="40.772287345005424" lon="-74.00694157175245"><time>2026-06-13T14:47:40Z</time></trkpt><trkpt lat="40.7722689876796" lon="-74.00695660398476"><time>2026-06-13T14:47:41Z</time></trkpt><trkpt lat="40.77224892293978" lon="-74.00697314807587"><time>2026-06-13T14:47:42Z</time></trkpt><trkpt lat="40.772228524506154" lon="-74.00698741545682"><time>2026-06-13T14:47:43Z</time></trkpt><trkpt lat="40.772208920033655" lon="-74.00700356315527"><time>2026-06-13T14:47:44Z</time></trkpt><trkpt lat="40.772189807050566" lon="-74.00701993856315"><time>2026-06-13T14:47:45Z</time></trkpt><trkpt lat="40.77216965555892" lon="-74.00703727748254"><time>2026-06-13T14:47:46Z</time></trkpt><trkpt lat="40.77214968315579" lon="-74.00705433419196"><time>2026-06-13T14:47:47Z</time></trkpt><trkpt lat="40.77212854521662" lon="-74.00707168001988"><time>2026-06-13T14:47:48Z</time></trkpt><trkpt lat="40.77210728100985" lon="-74.00708706297438"><time>2026-06-13T14:47:49Z</time></trkpt><trkpt lat="40.772082116491816" lon="-74.00709710522997"><time>2026-06-13T14:47:50Z</time></trkpt><trkpt lat="40.772060165425295" lon="-74.00710844072313"><time>2026-06-13T14:47:51Z</time></trkpt><trkpt lat="40.77204016957552" lon="-74.00712966536666"><time>2026-06-13T14:47:52Z</time></trkpt><trkpt lat="40.772016950883206" lon="-74.00714512745441"><time>2026-06-13T14:47:53Z</time></trkpt><trkpt lat="40.77199430346755" lon="-74.00716182844654"><time>2026-06-13T14:47:54Z</time></trkpt><trkpt lat="40.77197208783998" lon="-74.00717808835485"><time>2026-06-13T14:47:55Z</time></trkpt><trkpt lat="40.771949239926904" lon="-74.00719490002488"><time>2026-06-13T14:47:56Z</time></trkpt><trkpt lat="40.77192674491754" lon="-74.0072101528033"><time>2026-06-13T14:47:57Z</time></trkpt><trkpt lat="40.77190332099635" lon="-74.0072264753056"><time>2026-06-13T14:47:58Z</time></trkpt><trkpt lat="40.77187995425338" lon="-74.00724273326716"><time>2026-06-13T14:47:59Z</time></trkpt><trkpt lat="40.771856187628835" lon="-74.00725838032915"><time>2026-06-13T14:48:00Z</time></trkpt><trkpt lat="40.77183180979162" lon="-74.00727490014056"><time>2026-06-13T14:48:01Z</time></trkpt><trkpt lat="40.77180805837832" lon="-74.00729178256903"><time>2026-06-13T14:48:02Z</time></trkpt><trkpt lat="40.771785284226596" lon="-74.00731112680819"><time>2026-06-13T14:48:03Z</time></trkpt><trkpt lat="40.771763340244085" lon="-74.00733003388261"><time>2026-06-13T14:48:04Z</time></trkpt><trkpt lat="40.77174003632786" lon="-74.00734892853845"><time>2026-06-13T14:48:05Z</time></trkpt><trkpt lat="40.77171718865373" lon="-74.00736858863091"><time>2026-06-13T14:48:06Z</time></trkpt><trkpt lat="40.77169513743099" lon="-74.0073901657472"><time>2026-06-13T14:48:07Z</time></trkpt><trkpt lat="40.771670659873564" lon="-74.00740603704786"><time>2026-06-13T14:48:08Z</time></trkpt><trkpt lat="40.771645446188266" lon="-74.0074232297912"><time>2026-06-13T14:48:09Z</time></trkpt><trkpt lat="40.771621365587684" lon="-74.00744001339133"><time>2026-06-13T14:48:10Z</time></trkpt><trkpt lat="40.771597582754765" lon="-74.007456304608"><time>2026-06-13T14:48:11Z</time></trkpt><trkpt lat="40.771572597461784" lon="-74.00747311660186"><time>2026-06-13T14:48:12Z</time></trkpt><trkpt lat="40.7715482373807" lon="-74.00749026569423"><time>2026-06-13T14:48:13Z</time></trkpt><trkpt lat="40.77151993163029" lon="-74.00750277922346"><time>2026-06-13T14:48:14Z</time></trkpt><trkpt lat="40.77149561122473" lon="-74.00751479851655"><time>2026-06-13T14:48:15Z</time></trkpt><trkpt lat="40.77147376355501" lon="-74.007533584488"><time>2026-06-13T14:48:16Z</time></trkpt><trkpt lat="40.771452241737094" lon="-74.00755281676634"><time>2026-06-13T14:48:17Z</time></trkpt><trkpt lat="40.77142115718896" lon="-74.00756862067733"><time>2026-06-13T14:48:18Z</time></trkpt><trkpt lat="40.77139090563904" lon="-74.00758310336433"><time>2026-06-13T14:48:19Z</time></trkpt><trkpt lat="40.771361731479615" lon="-74.00760325400188"><time>2026-06-13T14:48:20Z</time></trkpt><trkpt lat="40.77133429761286" lon="-74.00762279847636"><time>2026-06-13T14:48:21Z</time></trkpt><trkpt lat="40.77131339953238" lon="-74.00763040920677"><time>2026-06-13T14:48:22Z</time></trkpt><trkpt lat="40.771289840815236" lon="-74.0076457390828"><time>2026-06-13T14:48:23Z</time></trkpt><trkpt lat="40.771270003982885" lon="-74.00766163701807"><time>2026-06-13T14:48:24Z</time></trkpt><trkpt lat="40.771245877222285" lon="-74.00767826541696"><time>2026-06-13T14:48:25Z</time></trkpt><trkpt lat="40.771223395506276" lon="-74.00769258137676"><time>2026-06-13T14:48:26Z</time></trkpt><trkpt lat="40.77120479430942" lon="-74.00770876816387"><time>2026-06-13T14:48:27Z</time></trkpt><trkpt lat="40.77118702763928" lon="-74.00772263268195"><time>2026-06-13T14:48:28Z</time></trkpt><trkpt lat="40.771156584032546" lon="-74.00774007586132"><time>2026-06-13T14:48:29Z</time></trkpt><trkpt lat="40.77112696667836" lon="-74.00775554547032"><time>2026-06-13T14:48:30Z</time></trkpt><trkpt lat="40.77111918149488" lon="-74.00778320484505"><time>2026-06-13T14:48:31Z</time></trkpt><trkpt lat="40.77108665751239" lon="-74.00779454844216"><time>2026-06-13T14:48:32Z</time></trkpt><trkpt lat="40.77106077870792" lon="-74.00780528752087"><time>2026-06-13T14:48:33Z</time></trkpt><trkpt lat="40.771039519044145" lon="-74.00781555482608"><time>2026-06-13T14:48:34Z</time></trkpt><trkpt lat="40.77101708123534" lon="-74.00782750887682"><time>2026-06-13T14:48:35Z</time></trkpt><trkpt lat="40.770994958718624" lon="-74.007837165773"><time>2026-06-13T14:48:36Z</time></trkpt><trkpt lat="40.77096938489755" lon="-74.0078491547374"><time>2026-06-13T14:48:37Z</time></trkpt><trkpt lat="40.77094887170787" lon="-74.00786058214497"><time>2026-06-13T14:48:38Z</time></trkpt><trkpt lat="40.77092796680727" lon="-74.00786977439726"><time>2026-06-13T14:48:39Z</time></trkpt><trkpt lat="40.77090308694962" lon="-74.00788130723039"><time>2026-06-13T14:48:40Z</time></trkpt><trkpt lat="40.77088209977957" lon="-74.0078922396352"><time>2026-06-13T14:48:41Z</time></trkpt><trkpt lat="40.77085992493364" lon="-74.00790321317851"><time>2026-06-13T14:48:42Z</time></trkpt><trkpt lat="40.770839342310666" lon="-74.0079148462757"><time>2026-06-13T14:48:43Z</time></trkpt><trkpt lat="40.770817665179756" lon="-74.00792808668655"><time>2026-06-13T14:48:44Z</time></trkpt><trkpt lat="40.77079405956631" lon="-74.00794639341864"><time>2026-06-13T14:48:45Z</time></trkpt><trkpt lat="40.77077501849857" lon="-74.00796073834388"><time>2026-06-13T14:48:46Z</time></trkpt><trkpt lat="40.770753993860815" lon="-74.00797335122779"><time>2026-06-13T14:48:47Z</time></trkpt><trkpt lat="40.77073702373708" lon="-74.00798385678522"><time>2026-06-13T14:48:48Z</time></trkpt><trkpt lat="40.7707173548975" lon="-74.00799461202978"><time>2026-06-13T14:48:49Z</time></trkpt><trkpt lat="40.77069981788699" lon="-74.00800927780189"><time>2026-06-13T14:48:50Z</time></trkpt><trkpt lat="40.77068066236886" lon="-74.00802308863888"><time>2026-06-13T14:48:51Z</time></trkpt><trkpt lat="40.77066399901155" lon="-74.00803511526564"><time>2026-06-13T14:48:52Z</time></trkpt><trkpt lat="40.770646402297835" lon="-74.00804472049806"><time>2026-06-13T14:48:53Z</time></trkpt><trkpt lat="40.770629308609955" lon="-74.00805435421202"><time>2026-06-13T14:48:54Z</time></trkpt><trkpt lat="40.77059608119063" lon="-74.00807585363395"><time>2026-06-13T14:48:56Z</time></trkpt><trkpt lat="40.770578627012966" lon="-74.00808832493152"><time>2026-06-13T14:48:57Z</time></trkpt><trkpt lat="40.770563452851384" lon="-74.00810270681038"><time>2026-06-13T14:48:58Z</time></trkpt><trkpt lat="40.77054798677326" lon="-74.0081158421778"><time>2026-06-13T14:48:59Z</time></trkpt><trkpt lat="40.77051749245062" lon="-74.00814423399824"><time>2026-06-13T14:49:01Z</time></trkpt><trkpt lat="40.77049993883734" lon="-74.00815424983723"><time>2026-06-13T14:49:02Z</time></trkpt><trkpt lat="40.770470466583525" lon="-74.00817803471834"><time>2026-06-13T14:49:04Z</time></trkpt><trkpt lat="40.77044492866932" lon="-74.00818803993032"><time>2026-06-13T14:49:06Z</time></trkpt><trkpt lat="40.77041676680443" lon="-74.00820868688089"><time>2026-06-13T14:49:08Z</time></trkpt><trkpt lat="40.77038645863376" lon="-74.00823369286731"><time>2026-06-13T14:49:11Z</time></trkpt><trkpt lat="40.770361685901605" lon="-74.0082541502619"><time>2026-06-13T14:49:13Z</time></trkpt><trkpt lat="40.77033499051898" lon="-74.00827067568133"><time>2026-06-13T14:49:15Z</time></trkpt><trkpt lat="40.77030753285474" lon="-74.0082843594271"><time>2026-06-13T14:49:17Z</time></trkpt><trkpt lat="40.77028105255823" lon="-74.00829971882406"><time>2026-06-13T14:49:19Z</time></trkpt><trkpt lat="40.77025260639752" lon="-74.00830761033077"><time>2026-06-13T14:49:21Z</time></trkpt><trkpt lat="40.77022349734708" lon="-74.00832115058942"><time>2026-06-13T14:49:23Z</time></trkpt><trkpt lat="40.77019910936562" lon="-74.00832947394471"><time>2026-06-13T14:49:25Z</time></trkpt><trkpt lat="40.770169848425496" lon="-74.008334590681"><time>2026-06-13T14:49:27Z</time></trkpt><trkpt lat="40.77013465480906" lon="-74.00835212754995"><time>2026-06-13T14:49:30Z</time></trkpt><trkpt lat="40.77011104978674" lon="-74.00836223131012"><time>2026-06-13T14:49:33Z</time></trkpt><trkpt lat="40.770093402031506" lon="-74.00837664063089"><time>2026-06-13T14:49:35Z</time></trkpt><trkpt lat="40.770069497479454" lon="-74.0083910487684"><time>2026-06-13T14:49:37Z</time></trkpt><trkpt lat="40.770040175588306" lon="-74.00840644323524"><time>2026-06-13T14:49:39Z</time></trkpt><trkpt lat="40.77002147361917" lon="-74.00841240192176"><time>2026-06-13T14:49:41Z</time></trkpt><trkpt lat="40.770003015323006" lon="-74.00841653286419"><time>2026-06-13T14:49:42Z</time></trkpt><trkpt lat="40.769975043610835" lon="-74.00842721368474"><time>2026-06-13T14:49:45Z</time></trkpt><trkpt lat="40.76994932907857" lon="-74.00843480238544"><time>2026-06-13T14:49:47Z</time></trkpt><trkpt lat="40.76992526716636" lon="-74.00844756559216"><time>2026-06-13T14:49:50Z</time></trkpt><trkpt lat="40.76990522954463" lon="-74.00845707059001"><time>2026-06-13T14:49:52Z</time></trkpt><trkpt lat="40.7698849034114" lon="-74.0084684706091"><time>2026-06-13T14:49:54Z</time></trkpt><trkpt lat="40.76986491753557" lon="-74.00847655519495"><time>2026-06-13T14:49:56Z</time></trkpt><trkpt lat="40.76984373835687" lon="-74.00848977718321"><time>2026-06-13T14:49:58Z</time></trkpt><trkpt lat="40.76981571731592" lon="-74.00849865122265"><time>2026-06-13T14:50:01Z</time></trkpt><trkpt lat="40.7697959328038" lon="-74.0085089073349"><time>2026-06-13T14:50:03Z</time></trkpt><trkpt lat="40.7697761506446" lon="-74.00851833745634"><time>2026-06-13T14:50:05Z</time></trkpt><trkpt lat="40.769756353600435" lon="-74.00852645369709"><time>2026-06-13T14:50:07Z</time></trkpt><trkpt lat="40.76972923062123" lon="-74.00854594691582"><time>2026-06-13T14:50:10Z</time></trkpt><trkpt lat="40.769705994844706" lon="-74.00855941212009"><time>2026-06-13T14:50:13Z</time></trkpt><trkpt lat="40.769688146909075" lon="-74.00857098333609"><time>2026-06-13T14:50:15Z</time></trkpt><trkpt lat="40.7696713481453" lon="-74.00858118971786"><time>2026-06-13T14:50:17Z</time></trkpt><trkpt lat="40.76965407978369" lon="-74.00859005964277"><time>2026-06-13T14:50:19Z</time></trkpt><trkpt lat="40.769629720111865" lon="-74.0086032313169"><time>2026-06-13T14:50:22Z</time></trkpt><trkpt lat="40.769612656437644" lon="-74.00861333813079"><time>2026-06-13T14:50:24Z</time></trkpt><trkpt lat="40.76959607884952" lon="-74.00862413075896"><time>2026-06-13T14:50:26Z</time></trkpt><trkpt lat="40.76957460599732" lon="-74.00863650326576"><time>2026-06-13T14:50:29Z</time></trkpt><trkpt lat="40.76955010985741" lon="-74.00864912659829"><time>2026-06-13T14:50:32Z</time></trkpt><trkpt lat="40.76952469885549" lon="-74.00865898908626"><time>2026-06-13T14:50:35Z</time></trkpt><trkpt lat="40.76950748300786" lon="-74.00866596154333"><time>2026-06-13T14:50:37Z</time></trkpt><trkpt lat="40.76948378437798" lon="-74.0086727640042"><time>2026-06-13T14:50:40Z</time></trkpt><trkpt lat="40.76946011586152" lon="-74.00868126238005"><time>2026-06-13T14:50:43Z</time></trkpt><trkpt lat="40.76943446962217" lon="-74.00869095905169"><time>2026-06-13T14:50:46Z</time></trkpt><trkpt lat="40.76940980006811" lon="-74.00870274996917"><time>2026-06-13T14:50:49Z</time></trkpt><trkpt lat="40.76938363326815" lon="-74.00871357146328"><time>2026-06-13T14:50:52Z</time></trkpt><trkpt lat="40.76935738547784" lon="-74.00872459604179"><time>2026-06-13T14:50:55Z</time></trkpt><trkpt lat="40.76933819192909" lon="-74.0087377911053"><time>2026-06-13T14:50:58Z</time></trkpt><trkpt lat="40.769313975211" lon="-74.00875093196687"><time>2026-06-13T14:51:01Z</time></trkpt><trkpt lat="40.769292915595514" lon="-74.00876357676191"><time>2026-06-13T14:51:04Z</time></trkpt><trkpt lat="40.769276168888005" lon="-74.00877283293939"><time>2026-06-13T14:51:06Z</time></trkpt><trkpt lat="40.76925429048559" lon="-74.0087870282909"><time>2026-06-13T14:51:09Z</time></trkpt><trkpt lat="40.769232585086364" lon="-74.00880094601023"><time>2026-06-13T14:51:12Z</time></trkpt><trkpt lat="40.76921548395088" lon="-74.00880961153365"><time>2026-06-13T14:51:14Z</time></trkpt><trkpt lat="40.76919333074592" lon="-74.00882647685603"><time>2026-06-13T14:51:17Z</time></trkpt><trkpt lat="40.76917072705642" lon="-74.00884167744285"><time>2026-06-13T14:51:20Z</time></trkpt><trkpt lat="40.769148396539855" lon="-74.00885475635461"><time>2026-06-13T14:51:23Z</time></trkpt><trkpt lat="40.7691311374397" lon="-74.0088727180232"><time>2026-06-13T14:51:26Z</time></trkpt><trkpt lat="40.76911598711047" lon="-74.00888618735522"><time>2026-06-13T14:51:28Z</time></trkpt><trkpt lat="40.76909928209995" lon="-74.00889782933513"><time>2026-06-13T14:51:30Z</time></trkpt><trkpt lat="40.769081260077726" lon="-74.00890269422712"><time>2026-06-13T14:51:32Z</time></trkpt><trkpt lat="40.76906409979107" lon="-74.0089119660281"><time>2026-06-13T14:51:34Z</time></trkpt><trkpt lat="40.76904123786485" lon="-74.00892684509533"><time>2026-06-13T14:51:37Z</time></trkpt><trkpt lat="40.769023068404294" lon="-74.00893779229891"><time>2026-06-13T14:51:39Z</time></trkpt><trkpt lat="40.7689971499134" lon="-74.00895309710371"><time>2026-06-13T14:51:42Z</time></trkpt><trkpt lat="40.76897954184983" lon="-74.00896404155974"><time>2026-06-13T14:51:44Z</time></trkpt><trkpt lat="40.76896155529252" lon="-74.00897447037109"><time>2026-06-13T14:51:46Z</time></trkpt><trkpt lat="40.76894221915747" lon="-74.00898610942933"><time>2026-06-13T14:51:48Z</time></trkpt><trkpt lat="40.76892322838067" lon="-74.00899814751979"><time>2026-06-13T14:51:50Z</time></trkpt><trkpt lat="40.768901118440915" lon="-74.0090044381144"><time>2026-06-13T14:51:52Z</time></trkpt><trkpt lat="40.76888428658818" lon="-74.00902237358117"><time>2026-06-13T14:51:54Z</time></trkpt><trkpt lat="40.768867097166165" lon="-74.00903721607897"><time>2026-06-13T14:51:56Z</time></trkpt><trkpt lat="40.768846481426316" lon="-74.00905293295305"><time>2026-06-13T14:51:58Z</time></trkpt><trkpt lat="40.768828721846575" lon="-74.0090673531072"><time>2026-06-13T14:52:00Z</time></trkpt><trkpt lat="40.76880633737574" lon="-74.00908103665583"><time>2026-06-13T14:52:02Z</time></trkpt><trkpt lat="40.768787001335504" lon="-74.00909527172955"><time>2026-06-13T14:52:04Z</time></trkpt><trkpt lat="40.76876359212694" lon="-74.0091076886083"><time>2026-06-13T14:52:06Z</time></trkpt><trkpt lat="40.76874165649107" lon="-74.00911973802519"><time>2026-06-13T14:52:08Z</time></trkpt><trkpt lat="40.76871964397747" lon="-74.00913277677871"><time>2026-06-13T14:52:10Z</time></trkpt><trkpt lat="40.76869581639561" lon="-74.00914488628888"><time>2026-06-13T14:52:12Z</time></trkpt><trkpt lat="40.768672892968944" lon="-74.00915616356971"><time>2026-06-13T14:52:14Z</time></trkpt><trkpt lat="40.76864907541402" lon="-74.00916963218643"><time>2026-06-13T14:52:16Z</time></trkpt><trkpt lat="40.76862472892563" lon="-74.00918258666285"><time>2026-06-13T14:52:18Z</time></trkpt><trkpt lat="40.76860162307738" lon="-74.0091952009118"><time>2026-06-13T14:52:20Z</time></trkpt><trkpt lat="40.76857619855024" lon="-74.00920758228808"><time>2026-06-13T14:52:22Z</time></trkpt><trkpt lat="40.76855111383962" lon="-74.0092205360971"><time>2026-06-13T14:52:24Z</time></trkpt><trkpt lat="40.76852416184771" lon="-74.0092326777801"><time>2026-06-13T14:52:26Z</time></trkpt><trkpt lat="40.76849735910808" lon="-74.0092450562147"><time>2026-06-13T14:52:28Z</time></trkpt><trkpt lat="40.768468900505546" lon="-74.00925864248357"><time>2026-06-13T14:52:30Z</time></trkpt><trkpt lat="40.76844046967327" lon="-74.00927012817098"><time>2026-06-13T14:52:32Z</time></trkpt><trkpt lat="40.7684117393377" lon="-74.00928322376379"><time>2026-06-13T14:52:34Z</time></trkpt><trkpt lat="40.76838322353775" lon="-74.00929617860426"><time>2026-06-13T14:52:36Z</time></trkpt><trkpt lat="40.76835400378626" lon="-74.00930998063603"><time>2026-06-13T14:52:38Z</time></trkpt><trkpt lat="40.76832395417698" lon="-74.00932111049674"><time>2026-06-13T14:52:40Z</time></trkpt><trkpt lat="40.76829352861598" lon="-74.00933468443253"><time>2026-06-13T14:52:42Z</time></trkpt><trkpt lat="40.76826409247398" lon="-74.00934714568024"><time>2026-06-13T14:52:44Z</time></trkpt><trkpt lat="40.768232261536745" lon="-74.00935979743934"><time>2026-06-13T14:52:46Z</time></trkpt><trkpt lat="40.76820006218169" lon="-74.00937181838599"><time>2026-06-13T14:52:48Z</time></trkpt><trkpt lat="40.768166170664394" lon="-74.00938350130262"><time>2026-06-13T14:52:50Z</time></trkpt><trkpt lat="40.768148785409046" lon="-74.00939087212714"><time>2026-06-13T14:52:51Z</time></trkpt><trkpt lat="40.768115090034875" lon="-74.00940091677636"><time>2026-06-13T14:52:53Z</time></trkpt><trkpt lat="40.76808009899219" lon="-74.00941600026785"><time>2026-06-13T14:52:55Z</time></trkpt><trkpt lat="40.768046019455355" lon="-74.00942864145578"><time>2026-06-13T14:52:57Z</time></trkpt><trkpt lat="40.76802795627887" lon="-74.00943629784875"><time>2026-06-13T14:52:58Z</time></trkpt><trkpt lat="40.76801013916963" lon="-74.00944374397952"><time>2026-06-13T14:52:59Z</time></trkpt><trkpt lat="40.767975063975435" lon="-74.00945622776378"><time>2026-06-13T14:53:01Z</time></trkpt><trkpt lat="40.767957307916085" lon="-74.00946286647238"><time>2026-06-13T14:53:02Z</time></trkpt><trkpt lat="40.76793925380395" lon="-74.00946962601908"><time>2026-06-13T14:53:03Z</time></trkpt><trkpt lat="40.7679219196928" lon="-74.009476629389"><time>2026-06-13T14:53:04Z</time></trkpt><trkpt lat="40.76790369105038" lon="-74.00948303948722"><time>2026-06-13T14:53:05Z</time></trkpt><trkpt lat="40.76786868644185" lon="-74.00949484724221"><time>2026-06-13T14:53:07Z</time></trkpt><trkpt lat="40.767850921252034" lon="-74.00949980320303"><time>2026-06-13T14:53:08Z</time></trkpt><trkpt lat="40.767817072959716" lon="-74.00951018357236"><time>2026-06-13T14:53:10Z</time></trkpt><trkpt lat="40.767798861789586" lon="-74.00951742463076"><time>2026-06-13T14:53:11Z</time></trkpt><trkpt lat="40.76776491507539" lon="-74.00953069543709"><time>2026-06-13T14:53:13Z</time></trkpt><trkpt lat="40.767731174239366" lon="-74.00954160838123"><time>2026-06-13T14:53:15Z</time></trkpt><trkpt lat="40.76769789248888" lon="-74.009552981689"><time>2026-06-13T14:53:17Z</time></trkpt><trkpt lat="40.76766437727409" lon="-74.0095646849345"><time>2026-06-13T14:53:19Z</time></trkpt><trkpt lat="40.76763208129923" lon="-74.00957553903177"><time>2026-06-13T14:53:21Z</time></trkpt><trkpt lat="40.76759922803814" lon="-74.00958668765949"><time>2026-06-13T14:53:23Z</time></trkpt><trkpt lat="40.76756860548619" lon="-74.0095990007936"><time>2026-06-13T14:53:25Z</time></trkpt><trkpt lat="40.767538124947464" lon="-74.0096119117086"><time>2026-06-13T14:53:27Z</time></trkpt><trkpt lat="40.76750684000979" lon="-74.00962581968194"><time>2026-06-13T14:53:29Z</time></trkpt><trkpt lat="40.76747512351839" lon="-74.00963854796665"><time>2026-06-13T14:53:31Z</time></trkpt><trkpt lat="40.767444289808374" lon="-74.00965341381786"><time>2026-06-13T14:53:33Z</time></trkpt><trkpt lat="40.76741285698631" lon="-74.00966556024228"><time>2026-06-13T14:53:35Z</time></trkpt><trkpt lat="40.76738046595253" lon="-74.00967945832909"><time>2026-06-13T14:53:37Z</time></trkpt><trkpt lat="40.76734796858986" lon="-74.00969120514398"><time>2026-06-13T14:53:39Z</time></trkpt><trkpt lat="40.767327023281744" lon="-74.00969322291648"><time>2026-06-13T14:53:41Z</time></trkpt><trkpt lat="40.7673088208244" lon="-74.00969511744819"><time>2026-06-13T14:53:42Z</time></trkpt><trkpt lat="40.767291743441234" lon="-74.00970339978603"><time>2026-06-13T14:53:43Z</time></trkpt><trkpt lat="40.767258179795974" lon="-74.00972014368755"><time>2026-06-13T14:53:45Z</time></trkpt><trkpt lat="40.76722420655207" lon="-74.00973294613728"><time>2026-06-13T14:53:47Z</time></trkpt><trkpt lat="40.767190211464275" lon="-74.00974507843613"><time>2026-06-13T14:53:49Z</time></trkpt><trkpt lat="40.767158099868894" lon="-74.00975841186195"><time>2026-06-13T14:53:51Z</time></trkpt><trkpt lat="40.76713995708293" lon="-74.00976420792317"><time>2026-06-13T14:53:52Z</time></trkpt><trkpt lat="40.7671223628627" lon="-74.00977220813441"><time>2026-06-13T14:53:53Z</time></trkpt><trkpt lat="40.76708809970574" lon="-74.00978363081764"><time>2026-06-13T14:53:55Z</time></trkpt><trkpt lat="40.76707025607427" lon="-74.00979050076288"><time>2026-06-13T14:53:56Z</time></trkpt><trkpt lat="40.767051673502756" lon="-74.0097967451379"><time>2026-06-13T14:53:57Z</time></trkpt><trkpt lat="40.767033627346414" lon="-74.00980173415809"><time>2026-06-13T14:53:58Z</time></trkpt><trkpt lat="40.76699956045154" lon="-74.00981430132916"><time>2026-06-13T14:54:00Z</time></trkpt><trkpt lat="40.76698159880826" lon="-74.0098215863964"><time>2026-06-13T14:54:01Z</time></trkpt><trkpt lat="40.76694794580966" lon="-74.00983094581821"><time>2026-06-13T14:54:03Z</time></trkpt><trkpt lat="40.76692703473705" lon="-74.00983744127176"><time>2026-06-13T14:54:04Z</time></trkpt><trkpt lat="40.766894095507624" lon="-74.00984567648541"><time>2026-06-13T14:54:06Z</time></trkpt><trkpt lat="40.766874437712225" lon="-74.00984929650143"><time>2026-06-13T14:54:07Z</time></trkpt><trkpt lat="40.76684004294653" lon="-74.0098572752941"><time>2026-06-13T14:54:09Z</time></trkpt><trkpt lat="40.76682100984741" lon="-74.0098607894328"><time>2026-06-13T14:54:10Z</time></trkpt><trkpt lat="40.766788622971774" lon="-74.00986717038346"><time>2026-06-13T14:54:12Z</time></trkpt><trkpt lat="40.76676883472043" lon="-74.00987155343559"><time>2026-06-13T14:54:13Z</time></trkpt><trkpt lat="40.766734739559645" lon="-74.0098783571504"><time>2026-06-13T14:54:15Z</time></trkpt><trkpt lat="40.76670086138747" lon="-74.00988480563763"><time>2026-06-13T14:54:17Z</time></trkpt><trkpt lat="40.76668298175709" lon="-74.00988973087307"><time>2026-06-13T14:54:18Z</time></trkpt><trkpt lat="40.76666442157114" lon="-74.00989182841711"><time>2026-06-13T14:54:19Z</time></trkpt><trkpt lat="40.76662923215564" lon="-74.00989766083747"><time>2026-06-13T14:54:21Z</time></trkpt><trkpt lat="40.766594508117485" lon="-74.00990211443276"><time>2026-06-13T14:54:23Z</time></trkpt><trkpt lat="40.76656117525891" lon="-74.0099075222186"><time>2026-06-13T14:54:25Z</time></trkpt><trkpt lat="40.76654321500249" lon="-74.00991064871387"><time>2026-06-13T14:54:26Z</time></trkpt><trkpt lat="40.76652518858132" lon="-74.00991282468787"><time>2026-06-13T14:54:27Z</time></trkpt><trkpt lat="40.76648945769645" lon="-74.00991860104926"><time>2026-06-13T14:54:29Z</time></trkpt><trkpt lat="40.76647118883092" lon="-74.00992196716565"><time>2026-06-13T14:54:30Z</time></trkpt><trkpt lat="40.76643633460209" lon="-74.00992925274085"><time>2026-06-13T14:54:32Z</time></trkpt><trkpt lat="40.76641633146075" lon="-74.00993245566198"><time>2026-06-13T14:54:33Z</time></trkpt><trkpt lat="40.76639725414041" lon="-74.00993831292038"><time>2026-06-13T14:54:34Z</time></trkpt><trkpt lat="40.766359904858" lon="-74.00994535542931"><time>2026-06-13T14:54:36Z</time></trkpt><trkpt lat="40.76634112845246" lon="-74.00994635954272"><time>2026-06-13T14:54:37Z</time></trkpt><trkpt lat="40.76630605303867" lon="-74.00995061587709"><time>2026-06-13T14:54:39Z</time></trkpt><trkpt lat="40.766287370893636" lon="-74.00995209969757"><time>2026-06-13T14:54:40Z</time></trkpt><trkpt lat="40.76626900657778" lon="-74.00995575350164"><time>2026-06-13T14:54:41Z</time></trkpt><trkpt lat="40.76623142362694" lon="-74.0099622768839"><time>2026-06-13T14:54:43Z</time></trkpt><trkpt lat="40.7662133797692" lon="-74.00996507046861"><time>2026-06-13T14:54:44Z</time></trkpt><trkpt lat="40.766176435185905" lon="-74.00997081131541"><time>2026-06-13T14:54:46Z</time></trkpt><trkpt lat="40.766157694240675" lon="-74.00997407884812"><time>2026-06-13T14:54:47Z</time></trkpt><trkpt lat="40.76613967819516" lon="-74.00997868989583"><time>2026-06-13T14:54:48Z</time></trkpt><trkpt lat="40.76612176274964" lon="-74.00998335309353"><time>2026-06-13T14:54:49Z</time></trkpt><trkpt lat="40.76610110399803" lon="-74.00998709257455"><time>2026-06-13T14:54:50Z</time></trkpt><trkpt lat="40.766083030828355" lon="-74.00998948562656"><time>2026-06-13T14:54:51Z</time></trkpt><trkpt lat="40.766046355558835" lon="-74.00999880936689"><time>2026-06-13T14:54:53Z</time></trkpt><trkpt lat="40.76602853704231" lon="-74.01000353145007"><time>2026-06-13T14:54:54Z</time></trkpt><trkpt lat="40.76601019302484" lon="-74.01000758222649"><time>2026-06-13T14:54:55Z</time></trkpt><trkpt lat="40.76597606978659" lon="-74.01002226604413"><time>2026-06-13T14:54:57Z</time></trkpt><trkpt lat="40.76595713413721" lon="-74.01002844377852"><time>2026-06-13T14:54:58Z</time></trkpt><trkpt lat="40.76592603041027" lon="-74.01004357361357"><time>2026-06-13T14:55:00Z</time></trkpt><trkpt lat="40.7658955697149" lon="-74.0100606193034"><time>2026-06-13T14:55:02Z</time></trkpt><trkpt lat="40.765865262765224" lon="-74.0100755715846"><time>2026-06-13T14:55:04Z</time></trkpt><trkpt lat="40.76583235962044" lon="-74.01009123512237"><time>2026-06-13T14:55:06Z</time></trkpt><trkpt lat="40.76580168744859" lon="-74.01010649074226"><time>2026-06-13T14:55:08Z</time></trkpt><trkpt lat="40.76576867326786" lon="-74.01012200420188"><time>2026-06-13T14:55:10Z</time></trkpt><trkpt lat="40.76573779642973" lon="-74.01013747964858"><time>2026-06-13T14:55:12Z</time></trkpt><trkpt lat="40.76570473852328" lon="-74.01015300703227"><time>2026-06-13T14:55:14Z</time></trkpt><trkpt lat="40.76567342436574" lon="-74.01017002268178"><time>2026-06-13T14:55:16Z</time></trkpt><trkpt lat="40.76565518100017" lon="-74.01017800448501"><time>2026-06-13T14:55:17Z</time></trkpt><trkpt lat="40.765623794030645" lon="-74.01019375077419"><time>2026-06-13T14:55:19Z</time></trkpt><trkpt lat="40.765593454059676" lon="-74.01020942266479"><time>2026-06-13T14:55:21Z</time></trkpt><trkpt lat="40.76557634241766" lon="-74.01021779357458"><time>2026-06-13T14:55:22Z</time></trkpt><trkpt lat="40.76554706604692" lon="-74.01023217254658"><time>2026-06-13T14:55:24Z</time></trkpt><trkpt lat="40.76552048780587" lon="-74.01024820318186"><time>2026-06-13T14:55:26Z</time></trkpt><trkpt lat="40.765494705293236" lon="-74.01026376473696"><time>2026-06-13T14:55:28Z</time></trkpt><trkpt lat="40.7654670195757" lon="-74.01027829517028"><time>2026-06-13T14:55:30Z</time></trkpt><trkpt lat="40.76543920897307" lon="-74.01029412850399"><time>2026-06-13T14:55:32Z</time></trkpt><trkpt lat="40.76541096369075" lon="-74.01030897563199"><time>2026-06-13T14:55:34Z</time></trkpt><trkpt lat="40.76537810194579" lon="-74.01032312427513"><time>2026-06-13T14:55:36Z</time></trkpt><trkpt lat="40.765350217222" lon="-74.0103371875048"><time>2026-06-13T14:55:38Z</time></trkpt><trkpt lat="40.765321626599686" lon="-74.01035108322644"><time>2026-06-13T14:55:40Z</time></trkpt><trkpt lat="40.765288620233136" lon="-74.0103637148545"><time>2026-06-13T14:55:42Z</time></trkpt><trkpt lat="40.76526019693072" lon="-74.01037909357385"><time>2026-06-13T14:55:44Z</time></trkpt><trkpt lat="40.76523330632691" lon="-74.01039628569006"><time>2026-06-13T14:55:46Z</time></trkpt><trkpt lat="40.76520378284237" lon="-74.01041193971791"><time>2026-06-13T14:55:48Z</time></trkpt><trkpt lat="40.76517491900749" lon="-74.01042596365937"><time>2026-06-13T14:55:50Z</time></trkpt><trkpt lat="40.76514395385602" lon="-74.01044209099385"><time>2026-06-13T14:55:52Z</time></trkpt><trkpt lat="40.76511481637947" lon="-74.01045682800752"><time>2026-06-13T14:55:54Z</time></trkpt><trkpt lat="40.765084645975435" lon="-74.01047688918102"><time>2026-06-13T14:55:56Z</time></trkpt><trkpt lat="40.76505666563071" lon="-74.0104925468015"><time>2026-06-13T14:55:58Z</time></trkpt><trkpt lat="40.765027344785615" lon="-74.01051148346228"><time>2026-06-13T14:56:00Z</time></trkpt><trkpt lat="40.76499825589006" lon="-74.01052661639206"><time>2026-06-13T14:56:02Z</time></trkpt><trkpt lat="40.76496889506564" lon="-74.01054305858533"><time>2026-06-13T14:56:04Z</time></trkpt><trkpt lat="40.764937700013775" lon="-74.01055748120126"><time>2026-06-13T14:56:06Z</time></trkpt><trkpt lat="40.764906095525774" lon="-74.01057178063768"><time>2026-06-13T14:56:08Z</time></trkpt><trkpt lat="40.76487484054446" lon="-74.0105869143658"><time>2026-06-13T14:56:10Z</time></trkpt><trkpt lat="40.76484518911261" lon="-74.01060323662523"><time>2026-06-13T14:56:12Z</time></trkpt><trkpt lat="40.7648151831962" lon="-74.01062076735278"><time>2026-06-13T14:56:14Z</time></trkpt><trkpt lat="40.76478483451923" lon="-74.01063666277739"><time>2026-06-13T14:56:16Z</time></trkpt><trkpt lat="40.764752296424774" lon="-74.01065258236636"><time>2026-06-13T14:56:18Z</time></trkpt><trkpt lat="40.764723153657734" lon="-74.0106668371381"><time>2026-06-13T14:56:20Z</time></trkpt><trkpt lat="40.7646929272413" lon="-74.01068149530255"><time>2026-06-13T14:56:22Z</time></trkpt><trkpt lat="40.76466189036201" lon="-74.01069292702627"><time>2026-06-13T14:56:24Z</time></trkpt><trkpt lat="40.76462863771072" lon="-74.01070458379282"><time>2026-06-13T14:56:26Z</time></trkpt><trkpt lat="40.76459753109687" lon="-74.01071535862744"><time>2026-06-13T14:56:28Z</time></trkpt><trkpt lat="40.76456447875428" lon="-74.01072771293467"><time>2026-06-13T14:56:30Z</time></trkpt><trkpt lat="40.76453304967617" lon="-74.01073768548011"><time>2026-06-13T14:56:32Z</time></trkpt><trkpt lat="40.76451538252978" lon="-74.01074309825263"><time>2026-06-13T14:56:33Z</time></trkpt><trkpt lat="40.76448098968766" lon="-74.01075323429019"><time>2026-06-13T14:56:35Z</time></trkpt><trkpt lat="40.76444839675428" lon="-74.01076655609845"><time>2026-06-13T14:56:37Z</time></trkpt><trkpt lat="40.76442997344857" lon="-74.01077160700876"><time>2026-06-13T14:56:38Z</time></trkpt><trkpt lat="40.764412161615226" lon="-74.01077786661776"><time>2026-06-13T14:56:39Z</time></trkpt><trkpt lat="40.764391997919624" lon="-74.01078115535265"><time>2026-06-13T14:56:40Z</time></trkpt><trkpt lat="40.764359566152336" lon="-74.01079304018057"><time>2026-06-13T14:56:42Z</time></trkpt><trkpt lat="40.76432588627851" lon="-74.01080253130623"><time>2026-06-13T14:56:44Z</time></trkpt><trkpt lat="40.76429275024521" lon="-74.01081414314314"><time>2026-06-13T14:56:46Z</time></trkpt><trkpt lat="40.76426603087261" lon="-74.01081449874076"><time>2026-06-13T14:56:47Z</time></trkpt><trkpt lat="40.764252714725814" lon="-74.01084022051666"><time>2026-06-13T14:56:49Z</time></trkpt><trkpt lat="40.76423070981947" lon="-74.01084443839085"><time>2026-06-13T14:56:50Z</time></trkpt><trkpt lat="40.764212257509385" lon="-74.01084828828799"><time>2026-06-13T14:56:51Z</time></trkpt><trkpt lat="40.76418163006973" lon="-74.01085957154103"><time>2026-06-13T14:56:53Z</time></trkpt><trkpt lat="40.7641633506969" lon="-74.01086711532766"><time>2026-06-13T14:56:54Z</time></trkpt><trkpt lat="40.76412977879803" lon="-74.01087866436555"><time>2026-06-13T14:56:56Z</time></trkpt><trkpt lat="40.764108974137784" lon="-74.01088385536887"><time>2026-06-13T14:56:57Z</time></trkpt><trkpt lat="40.764090873037226" lon="-74.0108896491814"><time>2026-06-13T14:56:58Z</time></trkpt><trkpt lat="40.764060926947636" lon="-74.0109037623366"><time>2026-06-13T14:57:00Z</time></trkpt><trkpt lat="40.764042378523214" lon="-74.01091015844493"><time>2026-06-13T14:57:01Z</time></trkpt><trkpt lat="40.76400833011072" lon="-74.0109229489334"><time>2026-06-13T14:57:03Z</time></trkpt><trkpt lat="40.763990716789436" lon="-74.01093074931445"><time>2026-06-13T14:57:04Z</time></trkpt><trkpt lat="40.76395618222791" lon="-74.01094419291479"><time>2026-06-13T14:57:06Z</time></trkpt><trkpt lat="40.76393402639902" lon="-74.01095450585733"><time>2026-06-13T14:57:07Z</time></trkpt><trkpt lat="40.76390556705148" lon="-74.01096003615201"><time>2026-06-13T14:57:08Z</time></trkpt><trkpt lat="40.763879482744684" lon="-74.01097771442083"><time>2026-06-13T14:57:10Z</time></trkpt><trkpt lat="40.76385128497906" lon="-74.01099634651543"><time>2026-06-13T14:57:12Z</time></trkpt><trkpt lat="40.763819317824385" lon="-74.01100911183207"><time>2026-06-13T14:57:14Z</time></trkpt><trkpt lat="40.763801644688336" lon="-74.01102048075275"><time>2026-06-13T14:57:15Z</time></trkpt><trkpt lat="40.763784131048034" lon="-74.01102993363347"><time>2026-06-13T14:57:16Z</time></trkpt><trkpt lat="40.763751488485426" lon="-74.01104666370809"><time>2026-06-13T14:57:18Z</time></trkpt><trkpt lat="40.763733356916696" lon="-74.01105741737017"><time>2026-06-13T14:57:19Z</time></trkpt><trkpt lat="40.76369996422904" lon="-74.0110751008348"><time>2026-06-13T14:57:21Z</time></trkpt><trkpt lat="40.76366685886886" lon="-74.01109338498011"><time>2026-06-13T14:57:23Z</time></trkpt><trkpt lat="40.763633085649985" lon="-74.01110977214614"><time>2026-06-13T14:57:25Z</time></trkpt><trkpt lat="40.76361638644466" lon="-74.01112067370202"><time>2026-06-13T14:57:26Z</time></trkpt><trkpt lat="40.76358422368043" lon="-74.01113333997557"><time>2026-06-13T14:57:28Z</time></trkpt><trkpt lat="40.76355215566542" lon="-74.01115459286788"><time>2026-06-13T14:57:30Z</time></trkpt><trkpt lat="40.76351987326798" lon="-74.01117250969541"><time>2026-06-13T14:57:32Z</time></trkpt><trkpt lat="40.76349267634428" lon="-74.01119089485287"><time>2026-06-13T14:57:34Z</time></trkpt><trkpt lat="40.763473019569034" lon="-74.01121611241047"><time>2026-06-13T14:57:36Z</time></trkpt><trkpt lat="40.763438579603864" lon="-74.01123288389495"><time>2026-06-13T14:57:38Z</time></trkpt><trkpt lat="40.76341525921123" lon="-74.01124895906479"><time>2026-06-13T14:57:40Z</time></trkpt><trkpt lat="40.76339066251386" lon="-74.01127299388752"><time>2026-06-13T14:57:42Z</time></trkpt><trkpt lat="40.76337045778021" lon="-74.01127578126236"><time>2026-06-13T14:57:44Z</time></trkpt><trkpt lat="40.76333997443632" lon="-74.01129797737805"><time>2026-06-13T14:57:46Z</time></trkpt><trkpt lat="40.76331242994751" lon="-74.01131993221291"><time>2026-06-13T14:57:48Z</time></trkpt><trkpt lat="40.76328765536775" lon="-74.01134062047728"><time>2026-06-13T14:57:50Z</time></trkpt><trkpt lat="40.76325746176685" lon="-74.01136364052442"><time>2026-06-13T14:57:52Z</time></trkpt><trkpt lat="40.76323423285428" lon="-74.01138220476525"><time>2026-06-13T14:57:54Z</time></trkpt><trkpt lat="40.7632153178795" lon="-74.01139519585156"><time>2026-06-13T14:57:56Z</time></trkpt><trkpt lat="40.76318427425517" lon="-74.01141646178115"><time>2026-06-13T14:57:58Z</time></trkpt><trkpt lat="40.763156660785874" lon="-74.01143132492393"><time>2026-06-13T14:58:00Z</time></trkpt><trkpt lat="40.763131345115134" lon="-74.01144797930125"><time>2026-06-13T14:58:02Z</time></trkpt><trkpt lat="40.76310367039381" lon="-74.01146523002042"><time>2026-06-13T14:58:04Z</time></trkpt><trkpt lat="40.76307951519752" lon="-74.0114794397974"><time>2026-06-13T14:58:06Z</time></trkpt><trkpt lat="40.76305562631959" lon="-74.0114962322267"><time>2026-06-13T14:58:08Z</time></trkpt><trkpt lat="40.76303058141815" lon="-74.01151153368741"><time>2026-06-13T14:58:10Z</time></trkpt><trkpt lat="40.763004174811186" lon="-74.01152875204441"><time>2026-06-13T14:58:12Z</time></trkpt><trkpt lat="40.76298002469375" lon="-74.0115450501913"><time>2026-06-13T14:58:14Z</time></trkpt><trkpt lat="40.76295486186949" lon="-74.01156180675315"><time>2026-06-13T14:58:16Z</time></trkpt><trkpt lat="40.7629275360044" lon="-74.0115769757828"><time>2026-06-13T14:58:18Z</time></trkpt><trkpt lat="40.76289959204586" lon="-74.01159595595163"><time>2026-06-13T14:58:20Z</time></trkpt><trkpt lat="40.76287336919333" lon="-74.01161543072496"><time>2026-06-13T14:58:22Z</time></trkpt><trkpt lat="40.76284780019185" lon="-74.01163548065796"><time>2026-06-13T14:58:24Z</time></trkpt><trkpt lat="40.76282400278412" lon="-74.01165639672118"><time>2026-06-13T14:58:26Z</time></trkpt><trkpt lat="40.76280686420852" lon="-74.01166387570565"><time>2026-06-13T14:58:27Z</time></trkpt><trkpt lat="40.762777057060156" lon="-74.01168128080465"><time>2026-06-13T14:58:29Z</time></trkpt><trkpt lat="40.762753970519846" lon="-74.01170148894437"><time>2026-06-13T14:58:31Z</time></trkpt><trkpt lat="40.762728225082434" lon="-74.01172142584177"><time>2026-06-13T14:58:33Z</time></trkpt><trkpt lat="40.76270330999026" lon="-74.01174154252345"><time>2026-06-13T14:58:35Z</time></trkpt><trkpt lat="40.76267773543691" lon="-74.01176154315421"><time>2026-06-13T14:58:37Z</time></trkpt><trkpt lat="40.762652294658594" lon="-74.01178231535346"><time>2026-06-13T14:58:39Z</time></trkpt><trkpt lat="40.76262637471466" lon="-74.01180374443094"><time>2026-06-13T14:58:41Z</time></trkpt><trkpt lat="40.76260033453871" lon="-74.01182185953519"><time>2026-06-13T14:58:43Z</time></trkpt><trkpt lat="40.76257254368772" lon="-74.01184063962403"><time>2026-06-13T14:58:45Z</time></trkpt><trkpt lat="40.76254620125496" lon="-74.01185820704022"><time>2026-06-13T14:58:47Z</time></trkpt><trkpt lat="40.76251818814603" lon="-74.01187714269906"><time>2026-06-13T14:58:49Z</time></trkpt><trkpt lat="40.76249187782226" lon="-74.01189512729218"><time>2026-06-13T14:58:51Z</time></trkpt><trkpt lat="40.76246488338171" lon="-74.01191305154778"><time>2026-06-13T14:58:53Z</time></trkpt><trkpt lat="40.76243811632466" lon="-74.0119313835114"><time>2026-06-13T14:58:55Z</time></trkpt><trkpt lat="40.762411708980274" lon="-74.01194890094764"><time>2026-06-13T14:58:57Z</time></trkpt><trkpt lat="40.76238330617527" lon="-74.01196719008655"><time>2026-06-13T14:58:59Z</time></trkpt><trkpt lat="40.76235529174021" lon="-74.01198516863847"><time>2026-06-13T14:59:01Z</time></trkpt><trkpt lat="40.76233636669446" lon="-74.01200526882211"><time>2026-06-13T14:59:03Z</time></trkpt><trkpt lat="40.76230836318527" lon="-74.01202397408808"><time>2026-06-13T14:59:05Z</time></trkpt><trkpt lat="40.762282285479536" lon="-74.01204112591671"><time>2026-06-13T14:59:07Z</time></trkpt><trkpt lat="40.76225635951031" lon="-74.01206040965894"><time>2026-06-13T14:59:09Z</time></trkpt><trkpt lat="40.76223046498067" lon="-74.0120794377813"><time>2026-06-13T14:59:11Z</time></trkpt><trkpt lat="40.76220258604277" lon="-74.01209648324813"><time>2026-06-13T14:59:13Z</time></trkpt><trkpt lat="40.762177051293015" lon="-74.01211452690394"><time>2026-06-13T14:59:15Z</time></trkpt><trkpt lat="40.76214957398905" lon="-74.01213376966105"><time>2026-06-13T14:59:17Z</time></trkpt><trkpt lat="40.76212325420495" lon="-74.01215043283538"><time>2026-06-13T14:59:19Z</time></trkpt><trkpt lat="40.76209592832774" lon="-74.01216831165394"><time>2026-06-13T14:59:21Z</time></trkpt><trkpt lat="40.76206938302574" lon="-74.0121844726526"><time>2026-06-13T14:59:23Z</time></trkpt><trkpt lat="40.7620418976984" lon="-74.0122017186659"><time>2026-06-13T14:59:25Z</time></trkpt><trkpt lat="40.762015205933906" lon="-74.01221811435313"><time>2026-06-13T14:59:27Z</time></trkpt><trkpt lat="40.76198945539845" lon="-74.01223492284664"><time>2026-06-13T14:59:29Z</time></trkpt><trkpt lat="40.761963424498155" lon="-74.01225245917148"><time>2026-06-13T14:59:31Z</time></trkpt><trkpt lat="40.76193802365119" lon="-74.01226973278516"><time>2026-06-13T14:59:33Z</time></trkpt><trkpt lat="40.761911880811915" lon="-74.01228778437222"><time>2026-06-13T14:59:35Z</time></trkpt><trkpt lat="40.76188670229516" lon="-74.01230459884259"><time>2026-06-13T14:59:37Z</time></trkpt><trkpt lat="40.76186203653874" lon="-74.0123208807354"><time>2026-06-13T14:59:39Z</time></trkpt><trkpt lat="40.761836132338644" lon="-74.01233782051055"><time>2026-06-13T14:59:41Z</time></trkpt><trkpt lat="40.761811682534" lon="-74.01235238829192"><time>2026-06-13T14:59:43Z</time></trkpt><trkpt lat="40.76178565639094" lon="-74.01236711297453"><time>2026-06-13T14:59:45Z</time></trkpt><trkpt lat="40.76176072409874" lon="-74.01238103531531"><time>2026-06-13T14:59:47Z</time></trkpt><trkpt lat="40.761734157853105" lon="-74.01239549084882"><time>2026-06-13T14:59:49Z</time></trkpt><trkpt lat="40.76170901842662" lon="-74.01241023930163"><time>2026-06-13T14:59:51Z</time></trkpt><trkpt lat="40.76168242571409" lon="-74.0124248847828"><time>2026-06-13T14:59:53Z</time></trkpt><trkpt lat="40.761658237886664" lon="-74.01243908121661"><time>2026-06-13T14:59:55Z</time></trkpt><trkpt lat="40.761633012746785" lon="-74.01245447380602"><time>2026-06-13T14:59:57Z</time></trkpt><trkpt lat="40.76160721643699" lon="-74.01247048908382"><time>2026-06-13T14:59:59Z</time></trkpt><trkpt lat="40.76158122434689" lon="-74.01248421288261"><time>2026-06-13T15:00:01Z</time></trkpt><trkpt lat="40.76155511825855" lon="-74.01249821433319"><time>2026-06-13T15:00:03Z</time></trkpt><trkpt lat="40.76152947214288" lon="-74.01251249603445"><time>2026-06-13T15:00:05Z</time></trkpt><trkpt lat="40.76150449510516" lon="-74.01252690302174"><time>2026-06-13T15:00:07Z</time></trkpt><trkpt lat="40.76147841192943" lon="-74.01254384022268"><time>2026-06-13T15:00:09Z</time></trkpt><trkpt lat="40.761452200402445" lon="-74.01255966652656"><time>2026-06-13T15:00:11Z</time></trkpt><trkpt lat="40.76142150300334" lon="-74.01257979670959"><time>2026-06-13T15:00:13Z</time></trkpt><trkpt lat="40.761396440469" lon="-74.01258637014455"><time>2026-06-13T15:00:14Z</time></trkpt><trkpt lat="40.76137524489945" lon="-74.01260451716125"><time>2026-06-13T15:00:16Z</time></trkpt><trkpt lat="40.76135563204592" lon="-74.01263068636479"><time>2026-06-13T15:00:18Z</time></trkpt><trkpt lat="40.761328808481146" lon="-74.01264216667768"><time>2026-06-13T15:00:20Z</time></trkpt><trkpt lat="40.761300216416544" lon="-74.01265598357283"><time>2026-06-13T15:00:22Z</time></trkpt><trkpt lat="40.761271209673794" lon="-74.01267478259422"><time>2026-06-13T15:00:24Z</time></trkpt><trkpt lat="40.761245522579536" lon="-74.01268851374377"><time>2026-06-13T15:00:26Z</time></trkpt><trkpt lat="40.76121732735281" lon="-74.01270778203508"><time>2026-06-13T15:00:28Z</time></trkpt><trkpt lat="40.76119092941363" lon="-74.0127210509354"><time>2026-06-13T15:00:30Z</time></trkpt><trkpt lat="40.76116210927226" lon="-74.01273915904468"><time>2026-06-13T15:00:32Z</time></trkpt><trkpt lat="40.761136069237196" lon="-74.01275754065742"><time>2026-06-13T15:00:34Z</time></trkpt><trkpt lat="40.76110792807889" lon="-74.01277279412002"><time>2026-06-13T15:00:36Z</time></trkpt><trkpt lat="40.761079251893946" lon="-74.01279213817375"><time>2026-06-13T15:00:38Z</time></trkpt><trkpt lat="40.761050175765185" lon="-74.01281194794925"><time>2026-06-13T15:00:40Z</time></trkpt><trkpt lat="40.76102082960759" lon="-74.01283018423722"><time>2026-06-13T15:00:42Z</time></trkpt><trkpt lat="40.7609916917289" lon="-74.01284800909627"><time>2026-06-13T15:00:44Z</time></trkpt><trkpt lat="40.76096268703628" lon="-74.01286610871482"><time>2026-06-13T15:00:46Z</time></trkpt><trkpt lat="40.76093165296743" lon="-74.01288720142898"><time>2026-06-13T15:00:48Z</time></trkpt><trkpt lat="40.760901072890675" lon="-74.01290596882619"><time>2026-06-13T15:00:50Z</time></trkpt><trkpt lat="40.76087004875326" lon="-74.01292695624723"><time>2026-06-13T15:00:52Z</time></trkpt><trkpt lat="40.76083889101441" lon="-74.01294405901912"><time>2026-06-13T15:00:54Z</time></trkpt><trkpt lat="40.76080814396685" lon="-74.0129636410235"><time>2026-06-13T15:00:56Z</time></trkpt><trkpt lat="40.760777744284866" lon="-74.01298173539904"><time>2026-06-13T15:00:58Z</time></trkpt><trkpt lat="40.76074927689349" lon="-74.01300028538671"><time>2026-06-13T15:01:00Z</time></trkpt><trkpt lat="40.76071868123475" lon="-74.01302028517577"><time>2026-06-13T15:01:02Z</time></trkpt><trkpt lat="40.760688857150996" lon="-74.01303818142289"><time>2026-06-13T15:01:04Z</time></trkpt><trkpt lat="40.760661656823935" lon="-74.0130463775775"><time>2026-06-13T15:01:06Z</time></trkpt><trkpt lat="40.760633173406994" lon="-74.01307150444153"><time>2026-06-13T15:01:08Z</time></trkpt><trkpt lat="40.76060427806191" lon="-74.0130900651636"><time>2026-06-13T15:01:10Z</time></trkpt><trkpt lat="40.76057702325442" lon="-74.01310965950447"><time>2026-06-13T15:01:12Z</time></trkpt><trkpt lat="40.76054775185827" lon="-74.01312812970262"><time>2026-06-13T15:01:14Z</time></trkpt><trkpt lat="40.76052065398507" lon="-74.01314711916051"><time>2026-06-13T15:01:16Z</time></trkpt><trkpt lat="40.76049034468044" lon="-74.01316691722992"><time>2026-06-13T15:01:18Z</time></trkpt><trkpt lat="40.760458367913095" lon="-74.01319464842739"><time>2026-06-13T15:01:20Z</time></trkpt><trkpt lat="40.760439365150845" lon="-74.01320017378748"><time>2026-06-13T15:01:21Z</time></trkpt><trkpt lat="40.760411733034054" lon="-74.01321769721923"><time>2026-06-13T15:01:23Z</time></trkpt><trkpt lat="40.760385463525495" lon="-74.01324031917684"><time>2026-06-13T15:01:25Z</time></trkpt><trkpt lat="40.760354855963506" lon="-74.01326452007781"><time>2026-06-13T15:01:27Z</time></trkpt><trkpt lat="40.76032840466058" lon="-74.01328338776015"><time>2026-06-13T15:01:29Z</time></trkpt><trkpt lat="40.76029949739918" lon="-74.01330591837994"><time>2026-06-13T15:01:31Z</time></trkpt><trkpt lat="40.76028447494306" lon="-74.01332059132285"><time>2026-06-13T15:01:32Z</time></trkpt><trkpt lat="40.7602570765586" lon="-74.013343116121"><time>2026-06-13T15:01:34Z</time></trkpt><trkpt lat="40.76023043250064" lon="-74.01336603366315"><time>2026-06-13T15:01:36Z</time></trkpt><trkpt lat="40.76020319589629" lon="-74.01338789651662"><time>2026-06-13T15:01:38Z</time></trkpt><trkpt lat="40.760176011777844" lon="-74.01341258933216"><time>2026-06-13T15:01:40Z</time></trkpt><trkpt lat="40.76014809604066" lon="-74.01343637336281"><time>2026-06-13T15:01:42Z</time></trkpt><trkpt lat="40.76012152424245" lon="-74.01346006492021"><time>2026-06-13T15:01:44Z</time></trkpt><trkpt lat="40.76009405442408" lon="-74.01348372803416"><time>2026-06-13T15:01:46Z</time></trkpt><trkpt lat="40.760066461255846" lon="-74.01350763502865"><time>2026-06-13T15:01:48Z</time></trkpt><trkpt lat="40.760039024755876" lon="-74.01353300596396"><time>2026-06-13T15:01:50Z</time></trkpt><trkpt lat="40.760010896269826" lon="-74.01355771212495"><time>2026-06-13T15:01:52Z</time></trkpt><trkpt lat="40.75998212622776" lon="-74.01357796359157"><time>2026-06-13T15:01:54Z</time></trkpt><trkpt lat="40.759952750359645" lon="-74.0135970311614"><time>2026-06-13T15:01:56Z</time></trkpt><trkpt lat="40.75992308848705" lon="-74.01361491447541"><time>2026-06-13T15:01:58Z</time></trkpt><trkpt lat="40.75989474302053" lon="-74.0136313298803"><time>2026-06-13T15:02:00Z</time></trkpt><trkpt lat="40.75986626456666" lon="-74.01364777332059"><time>2026-06-13T15:02:02Z</time></trkpt><trkpt lat="40.75983797311664" lon="-74.0136651232946"><time>2026-06-13T15:02:04Z</time></trkpt><trkpt lat="40.75980949852757" lon="-74.01368178529404"><time>2026-06-13T15:02:06Z</time></trkpt><trkpt lat="40.75978259709587" lon="-74.01369746904605"><time>2026-06-13T15:02:08Z</time></trkpt><trkpt lat="40.759753849055095" lon="-74.01371635539257"><time>2026-06-13T15:02:10Z</time></trkpt><trkpt lat="40.75972651841462" lon="-74.01373346855799"><time>2026-06-13T15:02:12Z</time></trkpt><trkpt lat="40.75969822739195" lon="-74.01374859232718"><time>2026-06-13T15:02:14Z</time></trkpt><trkpt lat="40.75967211976173" lon="-74.01376356388253"><time>2026-06-13T15:02:16Z</time></trkpt><trkpt lat="40.7596452483927" lon="-74.01378012266053"><time>2026-06-13T15:02:18Z</time></trkpt><trkpt lat="40.75961971398402" lon="-74.0137957191863"><time>2026-06-13T15:02:20Z</time></trkpt><trkpt lat="40.75959306232534" lon="-74.01381194430162"><time>2026-06-13T15:02:22Z</time></trkpt><trkpt lat="40.759566289331254" lon="-74.01383002885922"><time>2026-06-13T15:02:24Z</time></trkpt><trkpt lat="40.759540809368616" lon="-74.01384838591038"><time>2026-06-13T15:02:26Z</time></trkpt><trkpt lat="40.75951541199544" lon="-74.01386593083843"><time>2026-06-13T15:02:28Z</time></trkpt><trkpt lat="40.75949054096275" lon="-74.01388459111391"><time>2026-06-13T15:02:30Z</time></trkpt><trkpt lat="40.7594645896739" lon="-74.01390378073918"><time>2026-06-13T15:02:32Z</time></trkpt><trkpt lat="40.75943888500607" lon="-74.01392059328064"><time>2026-06-13T15:02:34Z</time></trkpt><trkpt lat="40.75941386367764" lon="-74.0139380331233"><time>2026-06-13T15:02:36Z</time></trkpt><trkpt lat="40.759389609828226" lon="-74.01395527298668"><time>2026-06-13T15:02:38Z</time></trkpt><trkpt lat="40.75936496444346" lon="-74.01397048478677"><time>2026-06-13T15:02:40Z</time></trkpt><trkpt lat="40.75933941547174" lon="-74.01398459596193"><time>2026-06-13T15:02:42Z</time></trkpt><trkpt lat="40.75931524642168" lon="-74.01399988281048"><time>2026-06-13T15:02:44Z</time></trkpt><trkpt lat="40.75928951176282" lon="-74.01401401696339"><time>2026-06-13T15:02:46Z</time></trkpt><trkpt lat="40.75926469509618" lon="-74.01402933084292"><time>2026-06-13T15:02:48Z</time></trkpt><trkpt lat="40.75923900715436" lon="-74.01404484052395"><time>2026-06-13T15:02:50Z</time></trkpt><trkpt lat="40.75921355040631" lon="-74.01406096544187"><time>2026-06-13T15:02:52Z</time></trkpt><trkpt lat="40.75918858856101" lon="-74.01407639930945"><time>2026-06-13T15:02:54Z</time></trkpt><trkpt lat="40.7591637769082" lon="-74.01408955957181"><time>2026-06-13T15:02:56Z</time></trkpt><trkpt lat="40.759138688056055" lon="-74.01410430830829"><time>2026-06-13T15:02:58Z</time></trkpt><trkpt lat="40.75911332599876" lon="-74.01412004305816"><time>2026-06-13T15:03:00Z</time></trkpt><trkpt lat="40.7590895612927" lon="-74.01413440713426"><time>2026-06-13T15:03:02Z</time></trkpt><trkpt lat="40.75906523389322" lon="-74.01414888143411"><time>2026-06-13T15:03:04Z</time></trkpt><trkpt lat="40.759039389283714" lon="-74.01416381647302"><time>2026-06-13T15:03:06Z</time></trkpt><trkpt lat="40.75901477639628" lon="-74.01417841093617"><time>2026-06-13T15:03:08Z</time></trkpt><trkpt lat="40.758989702372524" lon="-74.0141921059245"><time>2026-06-13T15:03:10Z</time></trkpt><trkpt lat="40.758966334566516" lon="-74.01420507799297"><time>2026-06-13T15:03:12Z</time></trkpt><trkpt lat="40.75894259918091" lon="-74.01421739156015"><time>2026-06-13T15:03:14Z</time></trkpt><trkpt lat="40.758919067326936" lon="-74.01423077053245"><time>2026-06-13T15:03:16Z</time></trkpt><trkpt lat="40.75889437376771" lon="-74.01424528895465"><time>2026-06-13T15:03:18Z</time></trkpt><trkpt lat="40.75887021634317" lon="-74.0142588432361"><time>2026-06-13T15:03:20Z</time></trkpt><trkpt lat="40.75884696238992" lon="-74.01427253634334"><time>2026-06-13T15:03:22Z</time></trkpt><trkpt lat="40.75882298805238" lon="-74.0142848520357"><time>2026-06-13T15:03:24Z</time></trkpt><trkpt lat="40.75879825042189" lon="-74.01429725466868"><time>2026-06-13T15:03:26Z</time></trkpt><trkpt lat="40.75877392880218" lon="-74.0143110270603"><time>2026-06-13T15:03:28Z</time></trkpt><trkpt lat="40.75875006538388" lon="-74.01432371014403"><time>2026-06-13T15:03:30Z</time></trkpt><trkpt lat="40.75872590880082" lon="-74.01433774932957"><time>2026-06-13T15:03:32Z</time></trkpt><trkpt lat="40.75870220038766" lon="-74.014351374158"><time>2026-06-13T15:03:34Z</time></trkpt><trkpt lat="40.758678185297924" lon="-74.01436300117466"><time>2026-06-13T15:03:36Z</time></trkpt><trkpt lat="40.758654046331" lon="-74.01437653922538"><time>2026-06-13T15:03:38Z</time></trkpt><trkpt lat="40.758629534464006" lon="-74.01438741554456"><time>2026-06-13T15:03:40Z</time></trkpt><trkpt lat="40.7586053101719" lon="-74.01439882665615"><time>2026-06-13T15:03:42Z</time></trkpt><trkpt lat="40.7585798085955" lon="-74.0144109421243"><time>2026-06-13T15:03:44Z</time></trkpt><trkpt lat="40.75855516439304" lon="-74.01442348384901"><time>2026-06-13T15:03:46Z</time></trkpt><trkpt lat="40.75853134880832" lon="-74.01443563422461"><time>2026-06-13T15:03:48Z</time></trkpt><trkpt lat="40.75850600047762" lon="-74.01444468842078"><time>2026-06-13T15:03:50Z</time></trkpt><trkpt lat="40.75848249937111" lon="-74.01445794736433"><time>2026-06-13T15:03:52Z</time></trkpt><trkpt lat="40.7584572408785" lon="-74.01446794275795"><time>2026-06-13T15:03:54Z</time></trkpt><trkpt lat="40.75843233796336" lon="-74.0144770281502"><time>2026-06-13T15:03:56Z</time></trkpt><trkpt lat="40.7584078458868" lon="-74.01448963092436"><time>2026-06-13T15:03:58Z</time></trkpt><trkpt lat="40.758381870761674" lon="-74.01449758273742"><time>2026-06-13T15:04:00Z</time></trkpt><trkpt lat="40.75835653361418" lon="-74.01451058979973"><time>2026-06-13T15:04:02Z</time></trkpt><trkpt lat="40.758331595136895" lon="-74.01451867153143"><time>2026-06-13T15:04:04Z</time></trkpt><trkpt lat="40.75830656448943" lon="-74.01453239787354"><time>2026-06-13T15:04:06Z</time></trkpt><trkpt lat="40.75828021566759" lon="-74.01454435683473"><time>2026-06-13T15:04:08Z</time></trkpt><trkpt lat="40.758253566673154" lon="-74.0145540356866"><time>2026-06-13T15:04:10Z</time></trkpt><trkpt lat="40.758230419256684" lon="-74.01457084854742"><time>2026-06-13T15:04:12Z</time></trkpt><trkpt lat="40.7582000935141" lon="-74.01458439700919"><time>2026-06-13T15:04:14Z</time></trkpt><trkpt lat="40.758179314822975" lon="-74.0145757994363"><time>2026-06-13T15:04:16Z</time></trkpt><trkpt lat="40.75815531426555" lon="-74.01458689984125"><time>2026-06-13T15:04:18Z</time></trkpt><trkpt lat="40.75812894965918" lon="-74.01459490343912"><time>2026-06-13T15:04:20Z</time></trkpt><trkpt lat="40.758103230880074" lon="-74.0146040941591"><time>2026-06-13T15:04:22Z</time></trkpt><trkpt lat="40.75807972483064" lon="-74.01461014239412"><time>2026-06-13T15:04:24Z</time></trkpt><trkpt lat="40.758056376589586" lon="-74.01462651792248"><time>2026-06-13T15:04:26Z</time></trkpt><trkpt lat="40.75803131306" lon="-74.01464686315425"><time>2026-06-13T15:04:28Z</time></trkpt><trkpt lat="40.75800739453919" lon="-74.014655315348"><time>2026-06-13T15:04:30Z</time></trkpt><trkpt lat="40.757983309616925" lon="-74.01466489688474"><time>2026-06-13T15:04:32Z</time></trkpt><trkpt lat="40.75795794095649" lon="-74.0146786813536"><time>2026-06-13T15:04:34Z</time></trkpt><trkpt lat="40.75793258095896" lon="-74.01468796260276"><time>2026-06-13T15:04:36Z</time></trkpt><trkpt lat="40.757905461207436" lon="-74.01469979235654"><time>2026-06-13T15:04:38Z</time></trkpt><trkpt lat="40.75788433988908" lon="-74.0147051206045"><time>2026-06-13T15:04:40Z</time></trkpt><trkpt lat="40.75786060162412" lon="-74.01471975248832"><time>2026-06-13T15:04:42Z</time></trkpt><trkpt lat="40.75783488730661" lon="-74.01473276469947"><time>2026-06-13T15:04:44Z</time></trkpt><trkpt lat="40.75780922286209" lon="-74.01474407682484"><time>2026-06-13T15:04:46Z</time></trkpt><trkpt lat="40.757783223453366" lon="-74.01475596550092"><time>2026-06-13T15:04:48Z</time></trkpt><trkpt lat="40.75775942742474" lon="-74.01476680584575"><time>2026-06-13T15:04:50Z</time></trkpt><trkpt lat="40.75773358068955" lon="-74.01477913169968"><time>2026-06-13T15:04:52Z</time></trkpt><trkpt lat="40.75770912328241" lon="-74.01479079547588"><time>2026-06-13T15:04:54Z</time></trkpt><trkpt lat="40.75768654756768" lon="-74.01480256165856"><time>2026-06-13T15:04:56Z</time></trkpt><trkpt lat="40.757659008227954" lon="-74.01481572056302"><time>2026-06-13T15:04:58Z</time></trkpt><trkpt lat="40.75763256732209" lon="-74.01482825408051"><time>2026-06-13T15:05:00Z</time></trkpt><trkpt lat="40.75761057428231" lon="-74.01485422867454"><time>2026-06-13T15:05:02Z</time></trkpt><trkpt lat="40.757583342009845" lon="-74.01486525827207"><time>2026-06-13T15:05:04Z</time></trkpt><trkpt lat="40.757556388982714" lon="-74.01487666711391"><time>2026-06-13T15:05:06Z</time></trkpt><trkpt lat="40.757531242029714" lon="-74.01488800270262"><time>2026-06-13T15:05:08Z</time></trkpt><trkpt lat="40.75750166921083" lon="-74.01489818179434"><time>2026-06-13T15:05:10Z</time></trkpt><trkpt lat="40.75747713826747" lon="-74.01490946837103"><time>2026-06-13T15:05:12Z</time></trkpt><trkpt lat="40.75744892928505" lon="-74.01491827992783"><time>2026-06-13T15:05:14Z</time></trkpt><trkpt lat="40.757423978653335" lon="-74.0149288995987"><time>2026-06-13T15:05:16Z</time></trkpt><trkpt lat="40.75739604463466" lon="-74.01493677637934"><time>2026-06-13T15:05:18Z</time></trkpt><trkpt lat="40.757367242114256" lon="-74.01494738488768"><time>2026-06-13T15:05:20Z</time></trkpt><trkpt lat="40.7573397337664" lon="-74.01495868529729"><time>2026-06-13T15:05:22Z</time></trkpt><trkpt lat="40.75731157545804" lon="-74.01496511230435"><time>2026-06-13T15:05:24Z</time></trkpt><trkpt lat="40.75728328674693" lon="-74.01497395104658"><time>2026-06-13T15:05:26Z</time></trkpt><trkpt lat="40.75725634283432" lon="-74.01498344446863"><time>2026-06-13T15:05:28Z</time></trkpt><trkpt lat="40.757228786140594" lon="-74.0149944490761"><time>2026-06-13T15:05:30Z</time></trkpt><trkpt lat="40.757200362098146" lon="-74.01500629485294"><time>2026-06-13T15:05:32Z</time></trkpt><trkpt lat="40.75717285652666" lon="-74.01501771788294"><time>2026-06-13T15:05:34Z</time></trkpt><trkpt lat="40.7571464422183" lon="-74.01503018227311"><time>2026-06-13T15:05:36Z</time></trkpt><trkpt lat="40.75711916843587" lon="-74.01504219193015"><time>2026-06-13T15:05:38Z</time></trkpt><trkpt lat="40.757090469741016" lon="-74.0150553342109"><time>2026-06-13T15:05:40Z</time></trkpt><trkpt lat="40.75706396957345" lon="-74.01506768327111"><time>2026-06-13T15:05:42Z</time></trkpt><trkpt lat="40.75703771146482" lon="-74.01508154628797"><time>2026-06-13T15:05:44Z</time></trkpt><trkpt lat="40.75701124267411" lon="-74.01509699564674"><time>2026-06-13T15:05:46Z</time></trkpt><trkpt lat="40.756985706063915" lon="-74.01511006246565"><time>2026-06-13T15:05:48Z</time></trkpt><trkpt lat="40.75695738845381" lon="-74.01511792393444"><time>2026-06-13T15:05:50Z</time></trkpt><trkpt lat="40.756935339465535" lon="-74.01513589794385"><time>2026-06-13T15:05:52Z</time></trkpt><trkpt lat="40.756911949399026" lon="-74.01514798372014"><time>2026-06-13T15:05:54Z</time></trkpt><trkpt lat="40.756886311607936" lon="-74.0151585563071"><time>2026-06-13T15:05:56Z</time></trkpt><trkpt lat="40.7568617315259" lon="-74.0151695312384"><time>2026-06-13T15:05:58Z</time></trkpt><trkpt lat="40.756838583934915" lon="-74.0151804744057"><time>2026-06-13T15:06:00Z</time></trkpt><trkpt lat="40.75681308183648" lon="-74.0151920229215"><time>2026-06-13T15:06:02Z</time></trkpt><trkpt lat="40.756788955321134" lon="-74.01520277576047"><time>2026-06-13T15:06:04Z</time></trkpt><trkpt lat="40.756765909857556" lon="-74.01521398735002"><time>2026-06-13T15:06:06Z</time></trkpt><trkpt lat="40.756743657282314" lon="-74.01522489961022"><time>2026-06-13T15:06:08Z</time></trkpt><trkpt lat="40.75671787236658" lon="-74.01523680863255"><time>2026-06-13T15:06:10Z</time></trkpt><trkpt lat="40.7566941744061" lon="-74.01524898769878"><time>2026-06-13T15:06:12Z</time></trkpt><trkpt lat="40.75667007120416" lon="-74.0152606249321"><time>2026-06-13T15:06:14Z</time></trkpt><trkpt lat="40.7566459871402" lon="-74.01527363998626"><time>2026-06-13T15:06:16Z</time></trkpt><trkpt lat="40.75662155564801" lon="-74.01528700838101"><time>2026-06-13T15:06:18Z</time></trkpt><trkpt lat="40.75659654528522" lon="-74.015300069718"><time>2026-06-13T15:06:20Z</time></trkpt><trkpt lat="40.7565718469298" lon="-74.01531222277154"><time>2026-06-13T15:06:22Z</time></trkpt><trkpt lat="40.75654719958977" lon="-74.01532421603702"><time>2026-06-13T15:06:24Z</time></trkpt><trkpt lat="40.756522029696136" lon="-74.01533683361049"><time>2026-06-13T15:06:26Z</time></trkpt><trkpt lat="40.7564975518692" lon="-74.0153488881597"><time>2026-06-13T15:06:28Z</time></trkpt><trkpt lat="40.756472333052834" lon="-74.01536012694221"><time>2026-06-13T15:06:30Z</time></trkpt><trkpt lat="40.75644733145888" lon="-74.01537223500357"><time>2026-06-13T15:06:32Z</time></trkpt><trkpt lat="40.75642274639294" lon="-74.01538274640983"><time>2026-06-13T15:06:34Z</time></trkpt><trkpt lat="40.75639724499324" lon="-74.01539349015175"><time>2026-06-13T15:06:36Z</time></trkpt><trkpt lat="40.75637157979953" lon="-74.01540400003502"><time>2026-06-13T15:06:38Z</time></trkpt><trkpt lat="40.75634703009421" lon="-74.01541252290653"><time>2026-06-13T15:06:40Z</time></trkpt><trkpt lat="40.75632228069333" lon="-74.01542207361774"><time>2026-06-13T15:06:42Z</time></trkpt><trkpt lat="40.75629860927228" lon="-74.0154302592203"><time>2026-06-13T15:06:44Z</time></trkpt><trkpt lat="40.756276358237685" lon="-74.01543867361694"><time>2026-06-13T15:06:46Z</time></trkpt><trkpt lat="40.75625364141114" lon="-74.0154502059691"><time>2026-06-13T15:06:48Z</time></trkpt><trkpt lat="40.75623002417639" lon="-74.0154593145168"><time>2026-06-13T15:06:50Z</time></trkpt><trkpt lat="40.75620848307334" lon="-74.01547146081877"><time>2026-06-13T15:06:52Z</time></trkpt><trkpt lat="40.756185601285125" lon="-74.0154811738591"><time>2026-06-13T15:06:54Z</time></trkpt><trkpt lat="40.75616210386552" lon="-74.0154838200896"><time>2026-06-13T15:06:56Z</time></trkpt><trkpt lat="40.756139441229536" lon="-74.01549885583536"><time>2026-06-13T15:06:58Z</time></trkpt><trkpt lat="40.75611755761564" lon="-74.01551362501921"><time>2026-06-13T15:07:00Z</time></trkpt><trkpt lat="40.756093811865" lon="-74.01552724157371"><time>2026-06-13T15:07:02Z</time></trkpt><trkpt lat="40.75607074348122" lon="-74.01553881220407"><time>2026-06-13T15:07:04Z</time></trkpt><trkpt lat="40.756045194781386" lon="-74.01555120756164"><time>2026-06-13T15:07:06Z</time></trkpt><trkpt lat="40.75601992247602" lon="-74.01556366363448"><time>2026-06-13T15:07:08Z</time></trkpt><trkpt lat="40.75599465570102" lon="-74.01557468801825"><time>2026-06-13T15:07:10Z</time></trkpt><trkpt lat="40.755968820039705" lon="-74.01558646990763"><time>2026-06-13T15:07:12Z</time></trkpt><trkpt lat="40.75594358520794" lon="-74.01559638353126"><time>2026-06-13T15:07:14Z</time></trkpt><trkpt lat="40.755918503723386" lon="-74.01560769065838"><time>2026-06-13T15:07:16Z</time></trkpt><trkpt lat="40.75589333693068" lon="-74.01562027110809"><time>2026-06-13T15:07:18Z</time></trkpt><trkpt lat="40.75586806185867" lon="-74.01563224175962"><time>2026-06-13T15:07:20Z</time></trkpt><trkpt lat="40.75584319527589" lon="-74.01564337442957"><time>2026-06-13T15:07:22Z</time></trkpt><trkpt lat="40.75581926632289" lon="-74.01565354664933"><time>2026-06-13T15:07:24Z</time></trkpt><trkpt lat="40.75580717730695" lon="-74.01569058013169"><time>2026-06-13T15:07:26Z</time></trkpt><trkpt lat="40.75577803554026" lon="-74.0156884495192"><time>2026-06-13T15:07:28Z</time></trkpt><trkpt lat="40.75575455299805" lon="-74.01569942669381"><time>2026-06-13T15:07:30Z</time></trkpt><trkpt lat="40.75573506006843" lon="-74.01570811274317"><time>2026-06-13T15:07:31Z</time></trkpt><trkpt lat="40.75571611604114" lon="-74.01572544094158"><time>2026-06-13T15:07:33Z</time></trkpt><trkpt lat="40.755689712273984" lon="-74.0157358828023"><time>2026-06-13T15:07:35Z</time></trkpt><trkpt lat="40.75566456273868" lon="-74.0157464937937"><time>2026-06-13T15:07:37Z</time></trkpt><trkpt lat="40.75563488495491" lon="-74.01575449622256"><time>2026-06-13T15:07:39Z</time></trkpt><trkpt lat="40.75561004773207" lon="-74.01576337354973"><time>2026-06-13T15:07:41Z</time></trkpt><trkpt lat="40.755584653315275" lon="-74.01577044750806"><time>2026-06-13T15:07:43Z</time></trkpt><trkpt lat="40.755558604411384" lon="-74.01577924371254"><time>2026-06-13T15:07:45Z</time></trkpt><trkpt lat="40.75553295762667" lon="-74.01578617744534"><time>2026-06-13T15:07:47Z</time></trkpt><trkpt lat="40.75550816188867" lon="-74.01579650680387"><time>2026-06-13T15:07:49Z</time></trkpt><trkpt lat="40.755483500367326" lon="-74.01580568496291"><time>2026-06-13T15:07:51Z</time></trkpt><trkpt lat="40.755458452978324" lon="-74.01581731377519"><time>2026-06-13T15:07:53Z</time></trkpt><trkpt lat="40.75543478575495" lon="-74.01582704806471"><time>2026-06-13T15:07:55Z</time></trkpt><trkpt lat="40.755411858003406" lon="-74.01583802118643"><time>2026-06-13T15:07:57Z</time></trkpt><trkpt lat="40.75539141623645" lon="-74.0158481242313"><time>2026-06-13T15:07:59Z</time></trkpt><trkpt lat="40.755371042496456" lon="-74.01585819753724"><time>2026-06-13T15:08:01Z</time></trkpt><trkpt lat="40.755352162713976" lon="-74.0158693350517"><time>2026-06-13T15:08:03Z</time></trkpt><trkpt lat="40.755331554869294" lon="-74.0158820659156"><time>2026-06-13T15:08:05Z</time></trkpt><trkpt lat="40.75531075543912" lon="-74.0158951795379"><time>2026-06-13T15:08:07Z</time></trkpt><trkpt lat="40.755289950681224" lon="-74.01590747000644"><time>2026-06-13T15:08:09Z</time></trkpt><trkpt lat="40.75526776838128" lon="-74.0159198722352"><time>2026-06-13T15:08:11Z</time></trkpt><trkpt lat="40.75524668973078" lon="-74.01593073045571"><time>2026-06-13T15:08:13Z</time></trkpt><trkpt lat="40.7552245150871" lon="-74.01594431191056"><time>2026-06-13T15:08:15Z</time></trkpt><trkpt lat="40.75520384649587" lon="-74.01595621157858"><time>2026-06-13T15:08:17Z</time></trkpt><trkpt lat="40.75518331389497" lon="-74.01596850412614"><time>2026-06-13T15:08:19Z</time></trkpt><trkpt lat="40.7551606756955" lon="-74.01598086901552"><time>2026-06-13T15:08:21Z</time></trkpt><trkpt lat="40.75513935539964" lon="-74.01599405107912"><time>2026-06-13T15:08:23Z</time></trkpt><trkpt lat="40.755117398814896" lon="-74.01600911960584"><time>2026-06-13T15:08:25Z</time></trkpt><trkpt lat="40.75509536315446" lon="-74.01602263422711"><time>2026-06-13T15:08:27Z</time></trkpt><trkpt lat="40.75507223668066" lon="-74.01603664715495"><time>2026-06-13T15:08:29Z</time></trkpt><trkpt lat="40.7550506677291" lon="-74.01605114562615"><time>2026-06-13T15:08:31Z</time></trkpt><trkpt lat="40.75502708899221" lon="-74.01606634859873"><time>2026-06-13T15:08:33Z</time></trkpt><trkpt lat="40.7550032217777" lon="-74.01607984414903"><time>2026-06-13T15:08:35Z</time></trkpt><trkpt lat="40.75497947263024" lon="-74.01609527101694"><time>2026-06-13T15:08:37Z</time></trkpt><trkpt lat="40.75495520909204" lon="-74.01611117464867"><time>2026-06-13T15:08:39Z</time></trkpt><trkpt lat="40.75492944157704" lon="-74.01612668040323"><time>2026-06-13T15:08:41Z</time></trkpt><trkpt lat="40.7549041540322" lon="-74.01614225553071"><time>2026-06-13T15:08:43Z</time></trkpt><trkpt lat="40.75487866127785" lon="-74.0161579585933"><time>2026-06-13T15:08:45Z</time></trkpt><trkpt lat="40.754851398034" lon="-74.0161746117243"><time>2026-06-13T15:08:47Z</time></trkpt><trkpt lat="40.754825230219105" lon="-74.01618818742122"><time>2026-06-13T15:08:49Z</time></trkpt><trkpt lat="40.75479753152515" lon="-74.0162031952957"><time>2026-06-13T15:08:51Z</time></trkpt><trkpt lat="40.75477090206816" lon="-74.0162168782721"><time>2026-06-13T15:08:53Z</time></trkpt><trkpt lat="40.754743408561346" lon="-74.01623140139286"><time>2026-06-13T15:08:55Z</time></trkpt><trkpt lat="40.75471656553728" lon="-74.01624712983848"><time>2026-06-13T15:08:57Z</time></trkpt><trkpt lat="40.75469016347366" lon="-74.0162605276625"><time>2026-06-13T15:08:59Z</time></trkpt><trkpt lat="40.75466264311627" lon="-74.0162758882429"><time>2026-06-13T15:09:01Z</time></trkpt><trkpt lat="40.75463535674787" lon="-74.01628904229737"><time>2026-06-13T15:09:03Z</time></trkpt><trkpt lat="40.7546090359345" lon="-74.01630355260497"><time>2026-06-13T15:09:05Z</time></trkpt><trkpt lat="40.754580823522474" lon="-74.01631882218574"><time>2026-06-13T15:09:07Z</time></trkpt><trkpt lat="40.754553166945115" lon="-74.016332860243"><time>2026-06-13T15:09:09Z</time></trkpt><trkpt lat="40.75452500086615" lon="-74.01634705576514"><time>2026-06-13T15:09:11Z</time></trkpt><trkpt lat="40.75449636466185" lon="-74.01636266697717"><time>2026-06-13T15:09:13Z</time></trkpt><trkpt lat="40.75446781197892" lon="-74.01637545495319"><time>2026-06-13T15:09:15Z</time></trkpt><trkpt lat="40.75443969900311" lon="-74.01639086846521"><time>2026-06-13T15:09:17Z</time></trkpt><trkpt lat="40.75441078222887" lon="-74.01640387924024"><time>2026-06-13T15:09:19Z</time></trkpt><trkpt lat="40.7543831353044" lon="-74.01642028343332"><time>2026-06-13T15:09:21Z</time></trkpt><trkpt lat="40.7543534337509" lon="-74.01643535412123"><time>2026-06-13T15:09:23Z</time></trkpt><trkpt lat="40.75432405821341" lon="-74.0164493565493"><time>2026-06-13T15:09:25Z</time></trkpt><trkpt lat="40.7542937628063" lon="-74.0164656540153"><time>2026-06-13T15:09:27Z</time></trkpt><trkpt lat="40.75426344690316" lon="-74.01647992920262"><time>2026-06-13T15:09:29Z</time></trkpt><trkpt lat="40.75423247397358" lon="-74.01649455057976"><time>2026-06-13T15:09:31Z</time></trkpt><trkpt lat="40.754202433701174" lon="-74.01650871439169"><time>2026-06-13T15:09:33Z</time></trkpt><trkpt lat="40.75417160682943" lon="-74.01652158883041"><time>2026-06-13T15:09:35Z</time></trkpt><trkpt lat="40.75414146913077" lon="-74.01653296405942"><time>2026-06-13T15:09:37Z</time></trkpt><trkpt lat="40.75411195847665" lon="-74.01654507086566"><time>2026-06-13T15:09:39Z</time></trkpt><trkpt lat="40.75408215462871" lon="-74.01655539314457"><time>2026-06-13T15:09:41Z</time></trkpt><trkpt lat="40.75405414134316" lon="-74.01656750031584"><time>2026-06-13T15:09:43Z</time></trkpt><trkpt lat="40.75402527238584" lon="-74.0165795729798"><time>2026-06-13T15:09:45Z</time></trkpt><trkpt lat="40.753996291940375" lon="-74.0165888265566"><time>2026-06-13T15:09:47Z</time></trkpt><trkpt lat="40.75396756762653" lon="-74.01659996069033"><time>2026-06-13T15:09:49Z</time></trkpt><trkpt lat="40.75394004880678" lon="-74.01660914961201"><time>2026-06-13T15:09:51Z</time></trkpt><trkpt lat="40.75391227377805" lon="-74.01662088812812"><time>2026-06-13T15:09:53Z</time></trkpt><trkpt lat="40.7538850513542" lon="-74.01663177153469"><time>2026-06-13T15:09:55Z</time></trkpt><trkpt lat="40.753856956054086" lon="-74.01664512716683"><time>2026-06-13T15:09:57Z</time></trkpt><trkpt lat="40.753829746486744" lon="-74.0166569309273"><time>2026-06-13T15:09:59Z</time></trkpt><trkpt lat="40.753802118172736" lon="-74.01666856431449"><time>2026-06-13T15:10:01Z</time></trkpt><trkpt lat="40.753774830191794" lon="-74.01668194734559"><time>2026-06-13T15:10:03Z</time></trkpt><trkpt lat="40.75374539166414" lon="-74.0166929045965"><time>2026-06-13T15:10:05Z</time></trkpt><trkpt lat="40.75371643263359" lon="-74.01670323721665"><time>2026-06-13T15:10:07Z</time></trkpt><trkpt lat="40.753687192980536" lon="-74.01671530806564"><time>2026-06-13T15:10:09Z</time></trkpt><trkpt lat="40.75365825313088" lon="-74.01672571769774"><time>2026-06-13T15:10:11Z</time></trkpt><trkpt lat="40.7536301332954" lon="-74.01673568135955"><time>2026-06-13T15:10:13Z</time></trkpt><trkpt lat="40.753602319050295" lon="-74.01674783936869"><time>2026-06-13T15:10:15Z</time></trkpt><trkpt lat="40.75357276434979" lon="-74.01675701090623"><time>2026-06-13T15:10:17Z</time></trkpt><trkpt lat="40.753545359533916" lon="-74.0167696569096"><time>2026-06-13T15:10:19Z</time></trkpt><trkpt lat="40.75351815478307" lon="-74.0167807487651"><time>2026-06-13T15:10:21Z</time></trkpt><trkpt lat="40.753489208948224" lon="-74.01679395082853"><time>2026-06-13T15:10:23Z</time></trkpt><trkpt lat="40.75346081761273" lon="-74.01680576418042"><time>2026-06-13T15:10:25Z</time></trkpt><trkpt lat="40.753431998820474" lon="-74.01681796228591"><time>2026-06-13T15:10:27Z</time></trkpt><trkpt lat="40.753402906793426" lon="-74.0168310348502"><time>2026-06-13T15:10:29Z</time></trkpt><trkpt lat="40.75337490589057" lon="-74.01684450155878"><time>2026-06-13T15:10:31Z</time></trkpt><trkpt lat="40.75334437057352" lon="-74.016857485749"><time>2026-06-13T15:10:33Z</time></trkpt><trkpt lat="40.753315949571544" lon="-74.01687054814555"><time>2026-06-13T15:10:35Z</time></trkpt><trkpt lat="40.75328620960391" lon="-74.01688325222675"><time>2026-06-13T15:10:37Z</time></trkpt><trkpt lat="40.75325570076559" lon="-74.01689548003773"><time>2026-06-13T15:10:39Z</time></trkpt><trkpt lat="40.75322683301787" lon="-74.01690902050277"><time>2026-06-13T15:10:41Z</time></trkpt><trkpt lat="40.75319719138314" lon="-74.01691889750128"><time>2026-06-13T15:10:43Z</time></trkpt><trkpt lat="40.7531798916945" lon="-74.01692625706856"><time>2026-06-13T15:10:44Z</time></trkpt><trkpt lat="40.753153300172485" lon="-74.0169358457471"><time>2026-06-13T15:10:46Z</time></trkpt><trkpt lat="40.75312446467368" lon="-74.01694546458307"><time>2026-06-13T15:10:48Z</time></trkpt><trkpt lat="40.75309676634361" lon="-74.01695330622587"><time>2026-06-13T15:10:50Z</time></trkpt><trkpt lat="40.75307002617879" lon="-74.01696150654959"><time>2026-06-13T15:10:52Z</time></trkpt><trkpt lat="40.75304447969403" lon="-74.01696993566355"><time>2026-06-13T15:10:54Z</time></trkpt><trkpt lat="40.75301844817642" lon="-74.01697703153339"><time>2026-06-13T15:10:56Z</time></trkpt><trkpt lat="40.75299354057529" lon="-74.01698207067065"><time>2026-06-13T15:10:58Z</time></trkpt><trkpt lat="40.752970242864784" lon="-74.01698868276988"><time>2026-06-13T15:11:00Z</time></trkpt><trkpt lat="40.75294728304779" lon="-74.01699562827396"><time>2026-06-13T15:11:02Z</time></trkpt><trkpt lat="40.75292637918778" lon="-74.01700270343959"><time>2026-06-13T15:11:04Z</time></trkpt><trkpt lat="40.75290577639008" lon="-74.01701196721251"><time>2026-06-13T15:11:06Z</time></trkpt><trkpt lat="40.75288463091169" lon="-74.01702394517423"><time>2026-06-13T15:11:08Z</time></trkpt><trkpt lat="40.75286685697468" lon="-74.01703377000037"><time>2026-06-13T15:11:10Z</time></trkpt><trkpt lat="40.75284745978808" lon="-74.01704788089168"><time>2026-06-13T15:11:12Z</time></trkpt><trkpt lat="40.752827833523114" lon="-74.0170601707245"><time>2026-06-13T15:11:14Z</time></trkpt><trkpt lat="40.75280835056307" lon="-74.01707421017261"><time>2026-06-13T15:11:16Z</time></trkpt><trkpt lat="40.75278995682533" lon="-74.01708830207463"><time>2026-06-13T15:11:18Z</time></trkpt><trkpt lat="40.75277284579473" lon="-74.01710517402259"><time>2026-06-13T15:11:20Z</time></trkpt><trkpt lat="40.75275534160161" lon="-74.01712391904115"><time>2026-06-13T15:11:22Z</time></trkpt><trkpt lat="40.752736824304215" lon="-74.01714207746387"><time>2026-06-13T15:11:24Z</time></trkpt><trkpt lat="40.752718310672506" lon="-74.01716202068441"><time>2026-06-13T15:11:26Z</time></trkpt><trkpt lat="40.752699609660375" lon="-74.0171823488917"><time>2026-06-13T15:11:28Z</time></trkpt><trkpt lat="40.752680014464346" lon="-74.01720207569173"><time>2026-06-13T15:11:30Z</time></trkpt><trkpt lat="40.75265646417525" lon="-74.01721109050446"><time>2026-06-13T15:11:32Z</time></trkpt><trkpt lat="40.75263430416787" lon="-74.01723126657211"><time>2026-06-13T15:11:34Z</time></trkpt><trkpt lat="40.75261258525514" lon="-74.01725405016175"><time>2026-06-13T15:11:36Z</time></trkpt><trkpt lat="40.752588664395766" lon="-74.01726987845043"><time>2026-06-13T15:11:38Z</time></trkpt><trkpt lat="40.75256400801662" lon="-74.01728866416163"><time>2026-06-13T15:11:40Z</time></trkpt><trkpt lat="40.752540855892185" lon="-74.0173059723602"><time>2026-06-13T15:11:42Z</time></trkpt><trkpt lat="40.75251676716386" lon="-74.01732659004038"><time>2026-06-13T15:11:44Z</time></trkpt><trkpt lat="40.75249383553028" lon="-74.01734921786657"><time>2026-06-13T15:11:46Z</time></trkpt><trkpt lat="40.752469806454414" lon="-74.01737544892651"><time>2026-06-13T15:11:48Z</time></trkpt><trkpt lat="40.75244491447627" lon="-74.01739769350017"><time>2026-06-13T15:11:50Z</time></trkpt><trkpt lat="40.75241815962256" lon="-74.01742482260013"><time>2026-06-13T15:11:52Z</time></trkpt><trkpt lat="40.752391123762166" lon="-74.0174498887718"><time>2026-06-13T15:11:54Z</time></trkpt><trkpt lat="40.75237690184212" lon="-74.01746482874842"><time>2026-06-13T15:11:55Z</time></trkpt><trkpt lat="40.75235059768245" lon="-74.01748645589086"><time>2026-06-13T15:11:57Z</time></trkpt><trkpt lat="40.75232541320254" lon="-74.0175179986515"><time>2026-06-13T15:11:59Z</time></trkpt><trkpt lat="40.752298700156516" lon="-74.01754711760051"><time>2026-06-13T15:12:01Z</time></trkpt><trkpt lat="40.75227035016754" lon="-74.01757486816545"><time>2026-06-13T15:12:03Z</time></trkpt><trkpt lat="40.75224495832396" lon="-74.01760535334624"><time>2026-06-13T15:12:05Z</time></trkpt><trkpt lat="40.7522181533956" lon="-74.01763221497876"><time>2026-06-13T15:12:07Z</time></trkpt><trkpt lat="40.752192665439495" lon="-74.01766120181757"><time>2026-06-13T15:12:09Z</time></trkpt><trkpt lat="40.75217807085987" lon="-74.01767712547961"><time>2026-06-13T15:12:10Z</time></trkpt><trkpt lat="40.752163233386284" lon="-74.01769142996844"><time>2026-06-13T15:12:11Z</time></trkpt><trkpt lat="40.752134428669194" lon="-74.01771777348752"><time>2026-06-13T15:12:13Z</time></trkpt><trkpt lat="40.752118883713365" lon="-74.01773175281267"><time>2026-06-13T15:12:14Z</time></trkpt><trkpt lat="40.7521018747431" lon="-74.01774836347056"><time>2026-06-13T15:12:15Z</time></trkpt><trkpt lat="40.75207504673536" lon="-74.01777480687925"><time>2026-06-13T15:12:17Z</time></trkpt><trkpt lat="40.75205851951211" lon="-74.01778645273393"><time>2026-06-13T15:12:18Z</time></trkpt><trkpt lat="40.75204194321865" lon="-74.01779936833248"><time>2026-06-13T15:12:19Z</time></trkpt><trkpt lat="40.752024591287444" lon="-74.01781920202326"><time>2026-06-13T15:12:20Z</time></trkpt><trkpt lat="40.75200631677859" lon="-74.01783438564361"><time>2026-06-13T15:12:21Z</time></trkpt><trkpt lat="40.75198140415236" lon="-74.01785702855274"><time>2026-06-13T15:12:23Z</time></trkpt><trkpt lat="40.75195551693862" lon="-74.01789589048347"><time>2026-06-13T15:12:25Z</time></trkpt><trkpt lat="40.75194033459739" lon="-74.0179106073985"><time>2026-06-13T15:12:26Z</time></trkpt><trkpt lat="40.7519217783762" lon="-74.01792296750345"><time>2026-06-13T15:12:27Z</time></trkpt><trkpt lat="40.75190170638692" lon="-74.01793342304707"><time>2026-06-13T15:12:28Z</time></trkpt><trkpt lat="40.75188167633807" lon="-74.01794208758042"><time>2026-06-13T15:12:29Z</time></trkpt><trkpt lat="40.751862524565865" lon="-74.0179473295715"><time>2026-06-13T15:12:30Z</time></trkpt><trkpt lat="40.75184335510359" lon="-74.01795307478834"><time>2026-06-13T15:12:31Z</time></trkpt><trkpt lat="40.751822511539395" lon="-74.017954562385"><time>2026-06-13T15:12:32Z</time></trkpt><trkpt lat="40.75178788434731" lon="-74.01794904078888"><time>2026-06-13T15:12:34Z</time></trkpt><trkpt lat="40.75175520792705" lon="-74.01793882197063"><time>2026-06-13T15:12:36Z</time></trkpt><trkpt lat="40.751729647294255" lon="-74.01792301080904"><time>2026-06-13T15:12:38Z</time></trkpt><trkpt lat="40.75170407554136" lon="-74.01789996000136"><time>2026-06-13T15:12:40Z</time></trkpt><trkpt lat="40.7516889784861" lon="-74.01786854102077"><time>2026-06-13T15:12:42Z</time></trkpt><trkpt lat="40.75166360274518" lon="-74.01785191889145"><time>2026-06-13T15:12:45Z</time></trkpt><trkpt lat="40.75164548256865" lon="-74.01784017315174"><time>2026-06-13T15:12:47Z</time></trkpt><trkpt lat="40.751636738134366" lon="-74.01781747634048"><time>2026-06-13T15:12:49Z</time></trkpt><trkpt lat="40.75162175844185" lon="-74.01780277147537"><time>2026-06-13T15:12:51Z</time></trkpt><trkpt lat="40.75160737133004" lon="-74.01778789849676"><time>2026-06-13T15:12:53Z</time></trkpt><trkpt lat="40.751587202591885" lon="-74.01776859970063"><time>2026-06-13T15:12:56Z</time></trkpt><trkpt lat="40.75157050157622" lon="-74.01774081881547"><time>2026-06-13T15:12:58Z</time></trkpt><trkpt lat="40.75155057516817" lon="-74.01771934030252"><time>2026-06-13T15:13:01Z</time></trkpt><trkpt lat="40.75153348774163" lon="-74.01770669024765"><time>2026-06-13T15:13:03Z</time></trkpt><trkpt lat="40.75151544381491" lon="-74.01769106125262"><time>2026-06-13T15:13:05Z</time></trkpt><trkpt lat="40.75149830088441" lon="-74.01767281471496"><time>2026-06-13T15:13:07Z</time></trkpt><trkpt lat="40.75147953541724" lon="-74.01765887775711"><time>2026-06-13T15:13:09Z</time></trkpt><trkpt lat="40.75145937722405" lon="-74.01764326961784"><time>2026-06-13T15:13:11Z</time></trkpt><trkpt lat="40.751439719659786" lon="-74.0176221647605"><time>2026-06-13T15:13:13Z</time></trkpt><trkpt lat="40.751422919225746" lon="-74.01760678533235"><time>2026-06-13T15:13:15Z</time></trkpt><trkpt lat="40.751407005230675" lon="-74.01758665069616"><time>2026-06-13T15:13:17Z</time></trkpt><trkpt lat="40.7513915783411" lon="-74.01757028279859"><time>2026-06-13T15:13:19Z</time></trkpt><trkpt lat="40.75137532260902" lon="-74.01755476060214"><time>2026-06-13T15:13:21Z</time></trkpt><trkpt lat="40.751348864242566" lon="-74.01753101390547"><time>2026-06-13T15:13:24Z</time></trkpt><trkpt lat="40.75133089838265" lon="-74.01752269296972"><time>2026-06-13T15:13:26Z</time></trkpt><trkpt lat="40.751314041120935" lon="-74.01751138452605"><time>2026-06-13T15:13:28Z</time></trkpt><trkpt lat="40.75129347960525" lon="-74.01749304911395"><time>2026-06-13T15:13:31Z</time></trkpt><trkpt lat="40.75127232946658" lon="-74.01747343534485"><time>2026-06-13T15:13:34Z</time></trkpt><trkpt lat="40.75124891578797" lon="-74.01745388017187"><time>2026-06-13T15:13:37Z</time></trkpt><trkpt lat="40.751225328008395" lon="-74.0174359522843"><time>2026-06-13T15:13:40Z</time></trkpt><trkpt lat="40.751203965034804" lon="-74.01742253732525"><time>2026-06-13T15:13:43Z</time></trkpt><trkpt lat="40.75118789490066" lon="-74.01740685872741"><time>2026-06-13T15:13:45Z</time></trkpt><trkpt lat="40.75117031088923" lon="-74.01739077210046"><time>2026-06-13T15:13:48Z</time></trkpt><trkpt lat="40.75114947762672" lon="-74.0173738095127"><time>2026-06-13T15:13:50Z</time></trkpt><trkpt lat="40.75112858856987" lon="-74.01735733152465"><time>2026-06-13T15:13:53Z</time></trkpt><trkpt lat="40.75110670158669" lon="-74.0173438185091"><time>2026-06-13T15:13:55Z</time></trkpt><trkpt lat="40.751078002080554" lon="-74.01732840779327"><time>2026-06-13T15:13:58Z</time></trkpt><trkpt lat="40.75106014386948" lon="-74.01732159078696"><time>2026-06-13T15:14:00Z</time></trkpt><trkpt lat="40.75104216635741" lon="-74.01731030564974"><time>2026-06-13T15:14:02Z</time></trkpt><trkpt lat="40.75102161835395" lon="-74.01729871304386"><time>2026-06-13T15:14:04Z</time></trkpt><trkpt lat="40.75099799952415" lon="-74.01727208109179"><time>2026-06-13T15:14:06Z</time></trkpt><trkpt lat="40.75097123273008" lon="-74.01726008771331"><time>2026-06-13T15:14:09Z</time></trkpt><trkpt lat="40.75095159386301" lon="-74.0172538798514"><time>2026-06-13T15:14:11Z</time></trkpt><trkpt lat="40.75092672056712" lon="-74.01724608902254"><time>2026-06-13T15:14:14Z</time></trkpt><trkpt lat="40.75090734125661" lon="-74.01723445238842"><time>2026-06-13T15:14:17Z</time></trkpt><trkpt lat="40.75088266871865" lon="-74.01722167205045"><time>2026-06-13T15:14:20Z</time></trkpt><trkpt lat="40.750864771149914" lon="-74.0172135922174"><time>2026-06-13T15:14:22Z</time></trkpt><trkpt lat="40.75083853741092" lon="-74.01719734190127"><time>2026-06-13T15:14:25Z</time></trkpt><trkpt lat="40.75081925974591" lon="-74.01719106954485"><time>2026-06-13T15:14:27Z</time></trkpt><trkpt lat="40.75080198378197" lon="-74.01717675093533"><time>2026-06-13T15:14:29Z</time></trkpt><trkpt lat="40.75078481946485" lon="-74.01716754828341"><time>2026-06-13T15:14:31Z</time></trkpt><trkpt lat="40.75076699359313" lon="-74.01716005089128"><time>2026-06-13T15:14:33Z</time></trkpt><trkpt lat="40.750746937545195" lon="-74.01714802297272"><time>2026-06-13T15:14:35Z</time></trkpt><trkpt lat="40.75072878502063" lon="-74.01713489268644"><time>2026-06-13T15:14:37Z</time></trkpt><trkpt lat="40.75070112366584" lon="-74.01712318491542"><time>2026-06-13T15:14:39Z</time></trkpt><trkpt lat="40.750679445549366" lon="-74.01711748866005"><time>2026-06-13T15:14:42Z</time></trkpt><trkpt lat="40.750662086910346" lon="-74.0170991492295"><time>2026-06-13T15:14:44Z</time></trkpt><trkpt lat="40.750637679037894" lon="-74.01709392287957"><time>2026-06-13T15:14:47Z</time></trkpt><trkpt lat="40.750618462281075" lon="-74.01708454573655"><time>2026-06-13T15:14:49Z</time></trkpt><trkpt lat="40.75059257272042" lon="-74.0170707675711"><time>2026-06-13T15:14:52Z</time></trkpt><trkpt lat="40.750576358171685" lon="-74.0170572933624"><time>2026-06-13T15:14:54Z</time></trkpt><trkpt lat="40.75054950428383" lon="-74.01704024888882"><time>2026-06-13T15:14:57Z</time></trkpt><trkpt lat="40.750528073093626" lon="-74.01702624330237"><time>2026-06-13T15:15:00Z</time></trkpt><trkpt lat="40.75051027721221" lon="-74.01701686955717"><time>2026-06-13T15:15:02Z</time></trkpt><trkpt lat="40.750485485836876" lon="-74.01700448780694"><time>2026-06-13T15:15:05Z</time></trkpt><trkpt lat="40.75046404739369" lon="-74.01699708676207"><time>2026-06-13T15:15:09Z</time></trkpt><trkpt lat="40.75043103747558" lon="-74.01695247559364"><time>2026-06-13T15:15:11Z</time></trkpt><trkpt lat="40.75040563740284" lon="-74.01695143164496"><time>2026-06-13T15:15:15Z</time></trkpt><trkpt lat="40.7503855119909" lon="-74.01693786056396"><time>2026-06-13T15:15:18Z</time></trkpt><trkpt lat="40.75036641699685" lon="-74.01692704990015"><time>2026-06-13T15:15:20Z</time></trkpt><trkpt lat="40.750341377056046" lon="-74.01691542083991"><time>2026-06-13T15:15:23Z</time></trkpt><trkpt lat="40.75032070696558" lon="-74.01690188058858"><time>2026-06-13T15:15:26Z</time></trkpt><trkpt lat="40.75030063573088" lon="-74.01689294928407"><time>2026-06-13T15:15:28Z</time></trkpt><trkpt lat="40.75028389168107" lon="-74.01688377168882"><time>2026-06-13T15:15:30Z</time></trkpt><trkpt lat="40.750265724964144" lon="-74.01687208402655"><time>2026-06-13T15:15:32Z</time></trkpt><trkpt lat="40.750247939577775" lon="-74.01686376244461"><time>2026-06-13T15:15:34Z</time></trkpt><trkpt lat="40.750228149879376" lon="-74.01685451153531"><time>2026-06-13T15:15:36Z</time></trkpt><trkpt lat="40.75020887636751" lon="-74.016841136452"><time>2026-06-13T15:15:38Z</time></trkpt><trkpt lat="40.75019398341315" lon="-74.0168222315865"><time>2026-06-13T15:15:41Z</time></trkpt><trkpt lat="40.75016865501172" lon="-74.01682019342206"><time>2026-06-13T15:15:43Z</time></trkpt><trkpt lat="40.7501514925447" lon="-74.01680559407265"><time>2026-06-13T15:15:45Z</time></trkpt><trkpt lat="40.75013132943043" lon="-74.01680119378122"><time>2026-06-13T15:15:47Z</time></trkpt><trkpt lat="40.750114824009614" lon="-74.01678868931357"><time>2026-06-13T15:15:49Z</time></trkpt><trkpt lat="40.75009745372332" lon="-74.0167735405734"><time>2026-06-13T15:15:51Z</time></trkpt><trkpt lat="40.75007870605793" lon="-74.01676063123215"><time>2026-06-13T15:15:53Z</time></trkpt><trkpt lat="40.75006163571135" lon="-74.01674803306203"><time>2026-06-13T15:15:55Z</time></trkpt><trkpt lat="40.75004208146266" lon="-74.01673382690468"><time>2026-06-13T15:15:57Z</time></trkpt><trkpt lat="40.75002672622352" lon="-74.01671984613287"><time>2026-06-13T15:15:59Z</time></trkpt><trkpt lat="40.7500099492474" lon="-74.01670596180065"><time>2026-06-13T15:16:01Z</time></trkpt><trkpt lat="40.74999013272591" lon="-74.01669153048171"><time>2026-06-13T15:16:03Z</time></trkpt><trkpt lat="40.7499727675494" lon="-74.01667923076128"><time>2026-06-13T15:16:05Z</time></trkpt><trkpt lat="40.7499545423832" lon="-74.01666498279901"><time>2026-06-13T15:16:07Z</time></trkpt><trkpt lat="40.7499365949025" lon="-74.0166497975132"><time>2026-06-13T15:16:09Z</time></trkpt><trkpt lat="40.74991981391103" lon="-74.01663497747339"><time>2026-06-13T15:16:11Z</time></trkpt><trkpt lat="40.74990239443769" lon="-74.01661960658231"><time>2026-06-13T15:16:13Z</time></trkpt><trkpt lat="40.74988457800839" lon="-74.01660235034396"><time>2026-06-13T15:16:15Z</time></trkpt><trkpt lat="40.74986038745213" lon="-74.01658420162674"><time>2026-06-13T15:16:18Z</time></trkpt><trkpt lat="40.749842531914794" lon="-74.01656873093252"><time>2026-06-13T15:16:20Z</time></trkpt><trkpt lat="40.749823721975524" lon="-74.0165546736935"><time>2026-06-13T15:16:22Z</time></trkpt><trkpt lat="40.74980347919638" lon="-74.01653944130692"><time>2026-06-13T15:16:24Z</time></trkpt><trkpt lat="40.74978449590004" lon="-74.01652652493425"><time>2026-06-13T15:16:26Z</time></trkpt><trkpt lat="40.749767439870304" lon="-74.01651320593182"><time>2026-06-13T15:16:28Z</time></trkpt><trkpt lat="40.74974843501644" lon="-74.01649780214167"><time>2026-06-13T15:16:30Z</time></trkpt><trkpt lat="40.749733055038185" lon="-74.01648457944754"><time>2026-06-13T15:16:32Z</time></trkpt><trkpt lat="40.7497151134611" lon="-74.01647072087388"><time>2026-06-13T15:16:34Z</time></trkpt><trkpt lat="40.74969977614841" lon="-74.01645565090655"><time>2026-06-13T15:16:36Z</time></trkpt><trkpt lat="40.74968156193174" lon="-74.01644865986553"><time>2026-06-13T15:16:38Z</time></trkpt><trkpt lat="40.74966350940336" lon="-74.01643036629056"><time>2026-06-13T15:16:40Z</time></trkpt><trkpt lat="40.74964678983039" lon="-74.01641361572061"><time>2026-06-13T15:16:42Z</time></trkpt><trkpt lat="40.74963111675125" lon="-74.01639625309454"><time>2026-06-13T15:16:44Z</time></trkpt><trkpt lat="40.74961167878577" lon="-74.01637796246952"><time>2026-06-13T15:16:46Z</time></trkpt><trkpt lat="40.74959548829543" lon="-74.01636102621384"><time>2026-06-13T15:16:48Z</time></trkpt><trkpt lat="40.74957746804587" lon="-74.01634350977652"><time>2026-06-13T15:16:50Z</time></trkpt><trkpt lat="40.74955918420324" lon="-74.01632550898277"><time>2026-06-13T15:16:52Z</time></trkpt><trkpt lat="40.749542301452756" lon="-74.01630962530261"><time>2026-06-13T15:16:54Z</time></trkpt><trkpt lat="40.74952421471713" lon="-74.01629163662747"><time>2026-06-13T15:16:56Z</time></trkpt><trkpt lat="40.749505511050266" lon="-74.01627472112386"><time>2026-06-13T15:16:58Z</time></trkpt><trkpt lat="40.749488088160675" lon="-74.01625938981604"><time>2026-06-13T15:17:00Z</time></trkpt><trkpt lat="40.74946631314804" lon="-74.01624291625475"><time>2026-06-13T15:17:02Z</time></trkpt><trkpt lat="40.74945032371801" lon="-74.01622723716926"><time>2026-06-13T15:17:04Z</time></trkpt><trkpt lat="40.749431938388526" lon="-74.01621049439673"><time>2026-06-13T15:17:06Z</time></trkpt><trkpt lat="40.7494120261289" lon="-74.0161894033962"><time>2026-06-13T15:17:08Z</time></trkpt><trkpt lat="40.74939116353963" lon="-74.01615751872068"><time>2026-06-13T15:17:10Z</time></trkpt><trkpt lat="40.74937281438401" lon="-74.01615663933748"><time>2026-06-13T15:17:12Z</time></trkpt><trkpt lat="40.749355253516235" lon="-74.01613220514415"><time>2026-06-13T15:17:14Z</time></trkpt><trkpt lat="40.74933652157962" lon="-74.01611578908019"><time>2026-06-13T15:17:16Z</time></trkpt><trkpt lat="40.74931566238631" lon="-74.01610074471205"><time>2026-06-13T15:17:18Z</time></trkpt><trkpt lat="40.749298661197976" lon="-74.01608191926151"><time>2026-06-13T15:17:20Z</time></trkpt><trkpt lat="40.749279487021916" lon="-74.01606738981846"><time>2026-06-13T15:17:22Z</time></trkpt><trkpt lat="40.74926032620642" lon="-74.01605290157868"><time>2026-06-13T15:17:24Z</time></trkpt><trkpt lat="40.74924506268562" lon="-74.01603688983538"><time>2026-06-13T15:17:26Z</time></trkpt><trkpt lat="40.74922840362947" lon="-74.01602172426256"><time>2026-06-13T15:17:28Z</time></trkpt><trkpt lat="40.74921176742061" lon="-74.01600548421438"><time>2026-06-13T15:17:30Z</time></trkpt><trkpt lat="40.749197130242266" lon="-74.01598854784602"><time>2026-06-13T15:17:32Z</time></trkpt><trkpt lat="40.74918106938646" lon="-74.01597299725402"><time>2026-06-13T15:17:34Z</time></trkpt><trkpt lat="40.74916647926646" lon="-74.01595517451727"><time>2026-06-13T15:17:36Z</time></trkpt><trkpt lat="40.74914678264133" lon="-74.01592865642772"><time>2026-06-13T15:17:39Z</time></trkpt><trkpt lat="40.74913382189592" lon="-74.0159104814402"><time>2026-06-13T15:17:41Z</time></trkpt><trkpt lat="40.74912090052415" lon="-74.01589107798316"><time>2026-06-13T15:17:43Z</time></trkpt><trkpt lat="40.7490975526144" lon="-74.01586348176347"><time>2026-06-13T15:17:47Z</time></trkpt><trkpt lat="40.749087638155345" lon="-74.0158435403539"><time>2026-06-13T15:17:49Z</time></trkpt><trkpt lat="40.74907750447211" lon="-74.01582394433223"><time>2026-06-13T15:17:51Z</time></trkpt><trkpt lat="40.7490636673961" lon="-74.01580034024023"><time>2026-06-13T15:17:53Z</time></trkpt><trkpt lat="40.749050840760404" lon="-74.01577552749"><time>2026-06-13T15:17:55Z</time></trkpt><trkpt lat="40.749037408510176" lon="-74.01575204900884"><time>2026-06-13T15:17:57Z</time></trkpt><trkpt lat="40.74902126233568" lon="-74.01572717309155"><time>2026-06-13T15:17:59Z</time></trkpt><trkpt lat="40.74900733763352" lon="-74.01570181418714"><time>2026-06-13T15:18:01Z</time></trkpt><trkpt lat="40.74899245797299" lon="-74.01567589316045"><time>2026-06-13T15:18:03Z</time></trkpt><trkpt lat="40.74898084524094" lon="-74.01564981032129"><time>2026-06-13T15:18:05Z</time></trkpt><trkpt lat="40.74896894651868" lon="-74.01562143735443"><time>2026-06-13T15:18:07Z</time></trkpt><trkpt lat="40.748958447267526" lon="-74.01559477764985"><time>2026-06-13T15:18:09Z</time></trkpt><trkpt lat="40.74895045277432" lon="-74.01556653279621"><time>2026-06-13T15:18:11Z</time></trkpt><trkpt lat="40.748943134758804" lon="-74.01553693179012"><time>2026-06-13T15:18:13Z</time></trkpt><trkpt lat="40.74893513414905" lon="-74.01550794225001"><time>2026-06-13T15:18:15Z</time></trkpt><trkpt lat="40.74892761848734" lon="-74.01547752811332"><time>2026-06-13T15:18:17Z</time></trkpt><trkpt lat="40.74892050362834" lon="-74.01544878998979"><time>2026-06-13T15:18:19Z</time></trkpt><trkpt lat="40.74891264977558" lon="-74.01542100969829"><time>2026-06-13T15:18:21Z</time></trkpt><trkpt lat="40.74890454271858" lon="-74.01539188327625"><time>2026-06-13T15:18:23Z</time></trkpt><trkpt lat="40.74889725394363" lon="-74.01536355506204"><time>2026-06-13T15:18:25Z</time></trkpt><trkpt lat="40.748889604128216" lon="-74.0153353291408"><time>2026-06-13T15:18:27Z</time></trkpt><trkpt lat="40.748884557504304" lon="-74.01530671801846"><time>2026-06-13T15:18:29Z</time></trkpt><trkpt lat="40.74887944195423" lon="-74.01527912633638"><time>2026-06-13T15:18:31Z</time></trkpt><trkpt lat="40.7488738945998" lon="-74.0152486957502"><time>2026-06-13T15:18:33Z</time></trkpt><trkpt lat="40.74886985224115" lon="-74.01522188594748"><time>2026-06-13T15:18:35Z</time></trkpt><trkpt lat="40.74886687353658" lon="-74.01519346225173"><time>2026-06-13T15:18:37Z</time></trkpt><trkpt lat="40.74886485910814" lon="-74.01516602084769"><time>2026-06-13T15:18:39Z</time></trkpt><trkpt lat="40.74886223649825" lon="-74.01513767410347"><time>2026-06-13T15:18:41Z</time></trkpt><trkpt lat="40.74886050039227" lon="-74.01510893522084"><time>2026-06-13T15:18:43Z</time></trkpt><trkpt lat="40.748858684996726" lon="-74.01508314717736"><time>2026-06-13T15:18:45Z</time></trkpt><trkpt lat="40.748855593130976" lon="-74.01505483655302"><time>2026-06-13T15:18:47Z</time></trkpt><trkpt lat="40.74885245302315" lon="-74.01502722739647"><time>2026-06-13T15:18:49Z</time></trkpt><trkpt lat="40.74884799533515" lon="-74.01500214457991"><time>2026-06-13T15:18:51Z</time></trkpt><trkpt lat="40.74884722178744" lon="-74.01497226375695"><time>2026-06-13T15:18:53Z</time></trkpt><trkpt lat="40.74884492944694" lon="-74.01494338138092"><time>2026-06-13T15:18:55Z</time></trkpt><trkpt lat="40.74884192367612" lon="-74.01491472647182"><time>2026-06-13T15:18:57Z</time></trkpt><trkpt lat="40.74883935051867" lon="-74.01488677260744"><time>2026-06-13T15:18:59Z</time></trkpt><trkpt lat="40.7488368914285" lon="-74.01486012409664"><time>2026-06-13T15:19:01Z</time></trkpt><trkpt lat="40.748834801872334" lon="-74.01483079134074"><time>2026-06-13T15:19:03Z</time></trkpt><trkpt lat="40.748830173892166" lon="-74.0148010093871"><time>2026-06-13T15:19:05Z</time></trkpt><trkpt lat="40.74882052040194" lon="-74.0147710534383"><time>2026-06-13T15:19:07Z</time></trkpt><trkpt lat="40.748815291702066" lon="-74.01474391817086"><time>2026-06-13T15:19:09Z</time></trkpt><trkpt lat="40.74880723151627" lon="-74.01471406672624"><time>2026-06-13T15:19:11Z</time></trkpt><trkpt lat="40.74879804160774" lon="-74.01468418398673"><time>2026-06-13T15:19:13Z</time></trkpt><trkpt lat="40.748789792068926" lon="-74.0146554329144"><time>2026-06-13T15:19:15Z</time></trkpt><trkpt lat="40.74878196599119" lon="-74.01462796000263"><time>2026-06-13T15:19:17Z</time></trkpt><trkpt lat="40.74877230736832" lon="-74.01459976870413"><time>2026-06-13T15:19:19Z</time></trkpt><trkpt lat="40.74875994963202" lon="-74.01457414849091"><time>2026-06-13T15:19:21Z</time></trkpt><trkpt lat="40.748746569157596" lon="-74.01454983931633"><time>2026-06-13T15:19:23Z</time></trkpt><trkpt lat="40.74873349885492" lon="-74.01453138837957"><time>2026-06-13T15:19:25Z</time></trkpt><trkpt lat="40.74871602333262" lon="-74.0145126987653"><time>2026-06-13T15:19:28Z</time></trkpt><trkpt lat="40.74869939995808" lon="-74.01449179853324"><time>2026-06-13T15:19:30Z</time></trkpt><trkpt lat="40.74866313701832" lon="-74.01448048063598"><time>2026-06-13T15:19:32Z</time></trkpt><trkpt lat="40.748644888547155" lon="-74.01446573547774"><time>2026-06-13T15:19:35Z</time></trkpt><trkpt lat="40.748623565499074" lon="-74.01445635171171"><time>2026-06-13T15:19:37Z</time></trkpt><trkpt lat="40.748598797073676" lon="-74.01445804556901"><time>2026-06-13T15:19:39Z</time></trkpt><trkpt lat="40.74857735460095" lon="-74.01445534855624"><time>2026-06-13T15:19:41Z</time></trkpt><trkpt lat="40.748553226753906" lon="-74.01445035765812"><time>2026-06-13T15:19:43Z</time></trkpt><trkpt lat="40.74852618472316" lon="-74.01444120760435"><time>2026-06-13T15:19:45Z</time></trkpt><trkpt lat="40.7485073825557" lon="-74.01443589795633"><time>2026-06-13T15:19:47Z</time></trkpt><trkpt lat="40.748482847353145" lon="-74.01443024329197"><time>2026-06-13T15:19:50Z</time></trkpt><trkpt lat="40.74846480553907" lon="-74.01442223955921"><time>2026-06-13T15:19:52Z</time></trkpt><trkpt lat="40.74844684747574" lon="-74.01442008143871"><time>2026-06-13T15:19:54Z</time></trkpt><trkpt lat="40.74842008151491" lon="-74.01440768090148"><time>2026-06-13T15:19:57Z</time></trkpt><trkpt lat="40.748388168155216" lon="-74.01441490154698"><time>2026-06-13T15:20:00Z</time></trkpt><trkpt lat="40.7483720863791" lon="-74.01442747142785"><time>2026-06-13T15:20:02Z</time></trkpt><trkpt lat="40.748354731856026" lon="-74.01441639260597"><time>2026-06-13T15:20:04Z</time></trkpt><trkpt lat="40.748335227210625" lon="-74.01441375972637"><time>2026-06-13T15:20:06Z</time></trkpt><trkpt lat="40.74831385493392" lon="-74.01442775223487"><time>2026-06-13T15:20:08Z</time></trkpt><trkpt lat="40.748291817311724" lon="-74.0144138088549"><time>2026-06-13T15:20:10Z</time></trkpt><trkpt lat="40.74827232004786" lon="-74.0144168501725"><time>2026-06-13T15:20:12Z</time></trkpt><trkpt lat="40.74825125725945" lon="-74.0144148966472"><time>2026-06-13T15:20:14Z</time></trkpt><trkpt lat="40.74823060596045" lon="-74.01440504494118"><time>2026-06-13T15:20:16Z</time></trkpt><trkpt lat="40.74819854613697" lon="-74.01439612111866"><time>2026-06-13T15:20:19Z</time></trkpt><trkpt lat="40.74817269427337" lon="-74.01438801337908"><time>2026-06-13T15:20:21Z</time></trkpt><trkpt lat="40.74815419696457" lon="-74.01437207706927"><time>2026-06-13T15:20:23Z</time></trkpt><trkpt lat="40.748134961781474" lon="-74.014365060559"><time>2026-06-13T15:20:25Z</time></trkpt><trkpt lat="40.748110801254384" lon="-74.014360777207"><time>2026-06-13T15:20:27Z</time></trkpt><trkpt lat="40.74808665210393" lon="-74.01435077567245"><time>2026-06-13T15:20:29Z</time></trkpt><trkpt lat="40.74806922688532" lon="-74.01435781477213"><time>2026-06-13T15:20:31Z</time></trkpt><trkpt lat="40.74805450990779" lon="-74.01434360888325"><time>2026-06-13T15:20:32Z</time></trkpt><trkpt lat="40.748030628271934" lon="-74.0143342902106"><time>2026-06-13T15:20:34Z</time></trkpt><trkpt lat="40.748007882791" lon="-74.01432624917592"><time>2026-06-13T15:20:36Z</time></trkpt><trkpt lat="40.74798294531379" lon="-74.01431521440553"><time>2026-06-13T15:20:38Z</time></trkpt><trkpt lat="40.747962723104344" lon="-74.01430322161893"><time>2026-06-13T15:20:40Z</time></trkpt><trkpt lat="40.747942302530035" lon="-74.01430495055303"><time>2026-06-13T15:20:41Z</time></trkpt><trkpt lat="40.74791765281618" lon="-74.01428069028017"><time>2026-06-13T15:20:44Z</time></trkpt><trkpt lat="40.74790387923084" lon="-74.01425981801493"><time>2026-06-13T15:20:46Z</time></trkpt><trkpt lat="40.747894720543094" lon="-74.01423381512856"><time>2026-06-13T15:20:48Z</time></trkpt><trkpt lat="40.747889367467884" lon="-74.01421091695714"><time>2026-06-13T15:20:50Z</time></trkpt><trkpt lat="40.74789358768365" lon="-74.01418239809173"><time>2026-06-13T15:20:52Z</time></trkpt><trkpt lat="40.74790298184124" lon="-74.0141619730988"><time>2026-06-13T15:20:54Z</time></trkpt><trkpt lat="40.74791402244823" lon="-74.01414235329344"><time>2026-06-13T15:20:56Z</time></trkpt><trkpt lat="40.74793019244605" lon="-74.01411000958119"><time>2026-06-13T15:20:58Z</time></trkpt><trkpt lat="40.74795070579779" lon="-74.01409348392932"><time>2026-06-13T15:20:59Z</time></trkpt><trkpt lat="40.747972911206574" lon="-74.01407396301553"><time>2026-06-13T15:21:01Z</time></trkpt><trkpt lat="40.74799198034205" lon="-74.01404138692651"><time>2026-06-13T15:21:03Z</time></trkpt><trkpt lat="40.74801396080264" lon="-74.01400786705369"><time>2026-06-13T15:21:05Z</time></trkpt><trkpt lat="40.74802316906803" lon="-74.01398560567013"><time>2026-06-13T15:21:06Z</time></trkpt><trkpt lat="40.74805038028698" lon="-74.0139485908662"><time>2026-06-13T15:21:08Z</time></trkpt><trkpt lat="40.74806182790128" lon="-74.01392779116442"><time>2026-06-13T15:21:09Z</time></trkpt><trkpt lat="40.74809334397141" lon="-74.01390165188887"><time>2026-06-13T15:21:11Z</time></trkpt><trkpt lat="40.748106650131554" lon="-74.01388305522151"><time>2026-06-13T15:21:12Z</time></trkpt><trkpt lat="40.748138036711325" lon="-74.01385371692635"><time>2026-06-13T15:21:14Z</time></trkpt><trkpt lat="40.74815433145352" lon="-74.01384212019803"><time>2026-06-13T15:21:15Z</time></trkpt><trkpt lat="40.74816910690649" lon="-74.01382072142367"><time>2026-06-13T15:21:16Z</time></trkpt><trkpt lat="40.748182108141215" lon="-74.01380104135053"><time>2026-06-13T15:21:17Z</time></trkpt><trkpt lat="40.748192666360865" lon="-74.01377932278288"><time>2026-06-13T15:21:18Z</time></trkpt><trkpt lat="40.74822135678811" lon="-74.01377075689719"><time>2026-06-13T15:21:19Z</time></trkpt><trkpt lat="40.74823687548568" lon="-74.01375180415823"><time>2026-06-13T15:21:20Z</time></trkpt><trkpt lat="40.74825113099435" lon="-74.01373175684715"><time>2026-06-13T15:21:21Z</time></trkpt><trkpt lat="40.74828367295206" lon="-74.01370380541478"><time>2026-06-13T15:21:23Z</time></trkpt><trkpt lat="40.74830079483382" lon="-74.01369014870974"><time>2026-06-13T15:21:24Z</time></trkpt><trkpt lat="40.74831537118199" lon="-74.01366927455923"><time>2026-06-13T15:21:25Z</time></trkpt><trkpt lat="40.74833630622471" lon="-74.01365659053107"><time>2026-06-13T15:21:26Z</time></trkpt><trkpt lat="40.748371127225326" lon="-74.01364269415572"><time>2026-06-13T15:21:28Z</time></trkpt><trkpt lat="40.74838643381698" lon="-74.01362166487502"><time>2026-06-13T15:21:29Z</time></trkpt><trkpt lat="40.748401358579514" lon="-74.01360510279366"><time>2026-06-13T15:21:30Z</time></trkpt><trkpt lat="40.7484205475188" lon="-74.01358931164428"><time>2026-06-13T15:21:31Z</time></trkpt><trkpt lat="40.74843558181949" lon="-74.01357409329088"><time>2026-06-13T15:21:32Z</time></trkpt><trkpt lat="40.74846825151858" lon="-74.01355051246969"><time>2026-06-13T15:21:34Z</time></trkpt><trkpt lat="40.74848705139462" lon="-74.01353688760126"><time>2026-06-13T15:21:35Z</time></trkpt><trkpt lat="40.748506319229186" lon="-74.01352130424897"><time>2026-06-13T15:21:36Z</time></trkpt><trkpt lat="40.74852434770463" lon="-74.01350697487541"><time>2026-06-13T15:21:37Z</time></trkpt><trkpt lat="40.74854241798569" lon="-74.0134953215727"><time>2026-06-13T15:21:38Z</time></trkpt><trkpt lat="40.74855943328825" lon="-74.01348099329635"><time>2026-06-13T15:21:39Z</time></trkpt><trkpt lat="40.74858897782756" lon="-74.0134614673155"><time>2026-06-13T15:21:41Z</time></trkpt><trkpt lat="40.748616416725056" lon="-74.01345505290004"><time>2026-06-13T15:21:42Z</time></trkpt><trkpt lat="40.748635661028636" lon="-74.0134410610684"><time>2026-06-13T15:21:43Z</time></trkpt><trkpt lat="40.74865278858134" lon="-74.01342198159242"><time>2026-06-13T15:21:44Z</time></trkpt><trkpt lat="40.74866875765254" lon="-74.01341082209863"><time>2026-06-13T15:21:45Z</time></trkpt><trkpt lat="40.74868441465296" lon="-74.01339802878715"><time>2026-06-13T15:21:46Z</time></trkpt><trkpt lat="40.7487170307588" lon="-74.01337504904832"><time>2026-06-13T15:21:48Z</time></trkpt><trkpt lat="40.748736310762894" lon="-74.01335922822643"><time>2026-06-13T15:21:49Z</time></trkpt><trkpt lat="40.748757432697076" lon="-74.01334211632972"><time>2026-06-13T15:21:50Z</time></trkpt><trkpt lat="40.74876901401969" lon="-74.01331949545562"><time>2026-06-13T15:21:51Z</time></trkpt><trkpt lat="40.7487906262143" lon="-74.0133228749005"><time>2026-06-13T15:21:52Z</time></trkpt><trkpt lat="40.74882475113172" lon="-74.01332524729024"><time>2026-06-13T15:21:54Z</time></trkpt><trkpt lat="40.748842497879096" lon="-74.01330812274408"><time>2026-06-13T15:21:55Z</time></trkpt><trkpt lat="40.74886283916446" lon="-74.01329780710996"><time>2026-06-13T15:21:56Z</time></trkpt><trkpt lat="40.74888406437646" lon="-74.01328729134781"><time>2026-06-13T15:21:57Z</time></trkpt><trkpt lat="40.74890531595758" lon="-74.01327800234"><time>2026-06-13T15:21:58Z</time></trkpt><trkpt lat="40.748923307078506" lon="-74.01326748979885"><time>2026-06-13T15:21:59Z</time></trkpt><trkpt lat="40.74894120669627" lon="-74.01325872495603"><time>2026-06-13T15:22:00Z</time></trkpt><trkpt lat="40.74895948390317" lon="-74.01325094407393"><time>2026-06-13T15:22:01Z</time></trkpt><trkpt lat="40.74897876638203" lon="-74.0132445488447"><time>2026-06-13T15:22:02Z</time></trkpt><trkpt lat="40.74900018285305" lon="-74.01323204871889"><time>2026-06-13T15:22:03Z</time></trkpt><trkpt lat="40.74902198355303" lon="-74.01321843609377"><time>2026-06-13T15:22:04Z</time></trkpt><trkpt lat="40.74904187537484" lon="-74.0132086016002"><time>2026-06-13T15:22:05Z</time></trkpt><trkpt lat="40.74907520042631" lon="-74.01319754011529"><time>2026-06-13T15:22:07Z</time></trkpt><trkpt lat="40.749108542562105" lon="-74.0131808186834"><time>2026-06-13T15:22:09Z</time></trkpt><trkpt lat="40.74913047113725" lon="-74.01316779046708"><time>2026-06-13T15:22:10Z</time></trkpt><trkpt lat="40.74915069217294" lon="-74.01315641708123"><time>2026-06-13T15:22:11Z</time></trkpt><trkpt lat="40.74916995294089" lon="-74.01314844570855"><time>2026-06-13T15:22:12Z</time></trkpt><trkpt lat="40.749187737772864" lon="-74.01314082945389"><time>2026-06-13T15:22:13Z</time></trkpt><trkpt lat="40.74920655133093" lon="-74.01312836952464"><time>2026-06-13T15:22:14Z</time></trkpt><trkpt lat="40.749228045534714" lon="-74.01312151905545"><time>2026-06-13T15:22:15Z</time></trkpt><trkpt lat="40.74924685525343" lon="-74.0131123623307"><time>2026-06-13T15:22:16Z</time></trkpt><trkpt lat="40.7492637370158" lon="-74.01309695595326"><time>2026-06-13T15:22:17Z</time></trkpt><trkpt lat="40.749300311633135" lon="-74.0130691617401"><time>2026-06-13T15:22:19Z</time></trkpt><trkpt lat="40.749324640489625" lon="-74.01306203318939"><time>2026-06-13T15:22:20Z</time></trkpt><trkpt lat="40.74934558583009" lon="-74.01305789885242"><time>2026-06-13T15:22:21Z</time></trkpt><trkpt lat="40.74936320120655" lon="-74.01304446991998"><time>2026-06-13T15:22:22Z</time></trkpt><trkpt lat="40.749382729154505" lon="-74.01303039017081"><time>2026-06-13T15:22:23Z</time></trkpt><trkpt lat="40.74940290837772" lon="-74.01301775384918"><time>2026-06-13T15:22:24Z</time></trkpt><trkpt lat="40.749422842895484" lon="-74.01300718183425"><time>2026-06-13T15:22:25Z</time></trkpt><trkpt lat="40.74944424426324" lon="-74.01299619581926"><time>2026-06-13T15:22:26Z</time></trkpt><trkpt lat="40.749466185698175" lon="-74.01298350666364"><time>2026-06-13T15:22:27Z</time></trkpt><trkpt lat="40.749487276698815" lon="-74.01297405542759"><time>2026-06-13T15:22:28Z</time></trkpt><trkpt lat="40.74952243663825" lon="-74.01295195393793"><time>2026-06-13T15:22:30Z</time></trkpt><trkpt lat="40.749542179448646" lon="-74.01294002771107"><time>2026-06-13T15:22:31Z</time></trkpt><trkpt lat="40.74956482739319" lon="-74.01292868808012"><time>2026-06-13T15:22:32Z</time></trkpt><trkpt lat="40.74958617923759" lon="-74.01292096749138"><time>2026-06-13T15:22:33Z</time></trkpt><trkpt lat="40.74960623624252" lon="-74.01290983262884"><time>2026-06-13T15:22:34Z</time></trkpt><trkpt lat="40.74962710958924" lon="-74.01289492452439"><time>2026-06-13T15:22:35Z</time></trkpt><trkpt lat="40.749645853215625" lon="-74.01287972661552"><time>2026-06-13T15:22:36Z</time></trkpt><trkpt lat="40.74966494142548" lon="-74.01287025478305"><time>2026-06-13T15:22:37Z</time></trkpt><trkpt lat="40.74968412203717" lon="-74.01286135126594"><time>2026-06-13T15:22:38Z</time></trkpt><trkpt lat="40.749702554358485" lon="-74.0128497892779"><time>2026-06-13T15:22:39Z</time></trkpt><trkpt lat="40.7497223769597" lon="-74.01284344604245"><time>2026-06-13T15:22:40Z</time></trkpt><trkpt lat="40.749743024083486" lon="-74.01284143307262"><time>2026-06-13T15:22:41Z</time></trkpt><trkpt lat="40.749765870157276" lon="-74.01282617897186"><time>2026-06-13T15:22:42Z</time></trkpt><trkpt lat="40.74978577766355" lon="-74.01281006318507"><time>2026-06-13T15:22:43Z</time></trkpt><trkpt lat="40.74980251043166" lon="-74.01279220315756"><time>2026-06-13T15:22:44Z</time></trkpt><trkpt lat="40.74982028344642" lon="-74.01278041522907"><time>2026-06-13T15:22:45Z</time></trkpt><trkpt lat="40.74985553211568" lon="-74.01276766341594"><time>2026-06-13T15:22:47Z</time></trkpt><trkpt lat="40.749872120263426" lon="-74.0127546926158"><time>2026-06-13T15:22:48Z</time></trkpt><trkpt lat="40.74989105143159" lon="-74.01274092085254"><time>2026-06-13T15:22:49Z</time></trkpt><trkpt lat="40.74991337851238" lon="-74.01272412188173"><time>2026-06-13T15:22:50Z</time></trkpt><trkpt lat="40.749933460871596" lon="-74.01270905313187"><time>2026-06-13T15:22:51Z</time></trkpt><trkpt lat="40.74995849758108" lon="-74.01268354784645"><time>2026-06-13T15:22:52Z</time></trkpt><trkpt lat="40.749986598059934" lon="-74.01266967329532"><time>2026-06-13T15:22:53Z</time></trkpt><trkpt lat="40.75001674620027" lon="-74.01265277004886"><time>2026-06-13T15:22:55Z</time></trkpt><trkpt lat="40.750034271001994" lon="-74.01264184779005"><time>2026-06-13T15:22:56Z</time></trkpt><trkpt lat="40.75005428271081" lon="-74.01263467966548"><time>2026-06-13T15:22:57Z</time></trkpt><trkpt lat="40.750073234899936" lon="-74.01262053524154"><time>2026-06-13T15:22:58Z</time></trkpt><trkpt lat="40.750092361152376" lon="-74.0126117202894"><time>2026-06-13T15:22:59Z</time></trkpt><trkpt lat="40.75011793665016" lon="-74.01260919843857"><time>2026-06-13T15:23:00Z</time></trkpt><trkpt lat="40.750139372492995" lon="-74.01259499937683"><time>2026-06-13T15:23:01Z</time></trkpt><trkpt lat="40.75015365310789" lon="-74.01255870253485"><time>2026-06-13T15:23:02Z</time></trkpt><trkpt lat="40.75017216117754" lon="-74.01254835115598"><time>2026-06-13T15:23:03Z</time></trkpt><trkpt lat="40.75019910016524" lon="-74.01252017701766"><time>2026-06-13T15:23:05Z</time></trkpt><trkpt lat="40.7502215630781" lon="-74.01250107040964"><time>2026-06-13T15:23:06Z</time></trkpt><trkpt lat="40.75023904738952" lon="-74.0124849807759"><time>2026-06-13T15:23:07Z</time></trkpt><trkpt lat="40.750257984501346" lon="-74.01246793461735"><time>2026-06-13T15:23:08Z</time></trkpt><trkpt lat="40.75027585432839" lon="-74.01245608351157"><time>2026-06-13T15:23:09Z</time></trkpt><trkpt lat="40.7502933710519" lon="-74.01244094940387"><time>2026-06-13T15:23:10Z</time></trkpt><trkpt lat="40.75031248184567" lon="-74.01242786961353"><time>2026-06-13T15:23:11Z</time></trkpt><trkpt lat="40.75033116928624" lon="-74.01241306008617"><time>2026-06-13T15:23:12Z</time></trkpt><trkpt lat="40.75035227279801" lon="-74.01239321555082"><time>2026-06-13T15:23:14Z</time></trkpt><trkpt lat="40.75036727886008" lon="-74.01237460284173"><time>2026-06-13T15:23:15Z</time></trkpt><trkpt lat="40.750382215006816" lon="-74.01236021982467"><time>2026-06-13T15:23:16Z</time></trkpt><trkpt lat="40.750399464994224" lon="-74.01234339363783"><time>2026-06-13T15:23:17Z</time></trkpt><trkpt lat="40.75041744555625" lon="-74.0123276642604"><time>2026-06-13T15:23:18Z</time></trkpt><trkpt lat="40.750437844903765" lon="-74.01231394866697"><time>2026-06-13T15:23:19Z</time></trkpt><trkpt lat="40.75045382741129" lon="-74.01229690490935"><time>2026-06-13T15:23:20Z</time></trkpt><trkpt lat="40.75048313123845" lon="-74.01227273173534"><time>2026-06-13T15:23:22Z</time></trkpt><trkpt lat="40.75049688472799" lon="-74.01225031441493"><time>2026-06-13T15:23:24Z</time></trkpt><trkpt lat="40.750520967016726" lon="-74.01223619365383"><time>2026-06-13T15:23:25Z</time></trkpt><trkpt lat="40.7505406892406" lon="-74.01222305215796"><time>2026-06-13T15:23:26Z</time></trkpt><trkpt lat="40.7505605550171" lon="-74.01220425367002"><time>2026-06-13T15:23:27Z</time></trkpt><trkpt lat="40.75057876269765" lon="-74.0121846828318"><time>2026-06-13T15:23:28Z</time></trkpt><trkpt lat="40.75059532298984" lon="-74.01217257950822"><time>2026-06-13T15:23:29Z</time></trkpt><trkpt lat="40.750619189508086" lon="-74.01214792604195"><time>2026-06-13T15:23:31Z</time></trkpt><trkpt lat="40.75064742683845" lon="-74.01211939105791"><time>2026-06-13T15:23:33Z</time></trkpt><trkpt lat="40.750668764154845" lon="-74.01210517107212"><time>2026-06-13T15:23:34Z</time></trkpt><trkpt lat="40.750689173285224" lon="-74.01208966761273"><time>2026-06-13T15:23:35Z</time></trkpt><trkpt lat="40.75070604901346" lon="-74.01207495867884"><time>2026-06-13T15:23:36Z</time></trkpt><trkpt lat="40.750720913476734" lon="-74.01206129214711"><time>2026-06-13T15:23:37Z</time></trkpt><trkpt lat="40.750747119441236" lon="-74.01204142215458"><time>2026-06-13T15:23:39Z</time></trkpt><trkpt lat="40.75077896958341" lon="-74.01201232679036"><time>2026-06-13T15:23:41Z</time></trkpt><trkpt lat="40.75079797010149" lon="-74.01199765213639"><time>2026-06-13T15:23:42Z</time></trkpt><trkpt lat="40.75081757509916" lon="-74.01198276437951"><time>2026-06-13T15:23:43Z</time></trkpt><trkpt lat="40.75083507527242" lon="-74.01196884637021"><time>2026-06-13T15:23:44Z</time></trkpt><trkpt lat="40.750851620469916" lon="-74.01195566749519"><time>2026-06-13T15:23:45Z</time></trkpt><trkpt lat="40.750878331399385" lon="-74.01192927091316"><time>2026-06-13T15:23:47Z</time></trkpt><trkpt lat="40.75090653301336" lon="-74.0119003375298"><time>2026-06-13T15:23:49Z</time></trkpt><trkpt lat="40.75092489732088" lon="-74.01188541922248"><time>2026-06-13T15:23:50Z</time></trkpt><trkpt lat="40.750943569440665" lon="-74.0118687725494"><time>2026-06-13T15:23:51Z</time></trkpt><trkpt lat="40.75096031101476" lon="-74.0118511125187"><time>2026-06-13T15:23:52Z</time></trkpt><trkpt lat="40.75097505661809" lon="-74.0118350914972"><time>2026-06-13T15:23:53Z</time></trkpt><trkpt lat="40.751002841392584" lon="-74.01181570534465"><time>2026-06-13T15:23:55Z</time></trkpt><trkpt lat="40.75103031382564" lon="-74.01178773528389"><time>2026-06-13T15:23:57Z</time></trkpt><trkpt lat="40.75104580613042" lon="-74.0117658916057"><time>2026-06-13T15:23:58Z</time></trkpt><trkpt lat="40.75106463489759" lon="-74.0117479210135"><time>2026-06-13T15:23:59Z</time></trkpt><trkpt lat="40.75108247235229" lon="-74.01173205687851"><time>2026-06-13T15:24:00Z</time></trkpt><trkpt lat="40.751099825163244" lon="-74.01172049639673"><time>2026-06-13T15:24:01Z</time></trkpt><trkpt lat="40.751121769951006" lon="-74.01171135070464"><time>2026-06-13T15:24:03Z</time></trkpt><trkpt lat="40.75115468745001" lon="-74.01169858292886"><time>2026-06-13T15:24:05Z</time></trkpt><trkpt lat="40.75117185197426" lon="-74.01168284985013"><time>2026-06-13T15:24:06Z</time></trkpt><trkpt lat="40.75119007923442" lon="-74.01166957806156"><time>2026-06-13T15:24:07Z</time></trkpt><trkpt lat="40.75120895509782" lon="-74.01166086412158"><time>2026-06-13T15:24:08Z</time></trkpt><trkpt lat="40.75122822542208" lon="-74.01165383127875"><time>2026-06-13T15:24:09Z</time></trkpt><trkpt lat="40.751261052740695" lon="-74.01163726793168"><time>2026-06-13T15:24:11Z</time></trkpt><trkpt lat="40.75129274607685" lon="-74.01161154410185"><time>2026-06-13T15:24:13Z</time></trkpt><trkpt lat="40.75131328604874" lon="-74.01159657808812"><time>2026-06-13T15:24:15Z</time></trkpt><trkpt lat="40.75132771663024" lon="-74.01158149168937"><time>2026-06-13T15:24:17Z</time></trkpt><trkpt lat="40.751362750916606" lon="-74.01158885362742"><time>2026-06-13T15:24:19Z</time></trkpt><trkpt lat="40.751380759561926" lon="-74.01159126910954"><time>2026-06-13T15:24:20Z</time></trkpt><trkpt lat="40.75139844864681" lon="-74.01157746055753"><time>2026-06-13T15:24:22Z</time></trkpt><trkpt lat="40.751420707402204" lon="-74.01155945588275"><time>2026-06-13T15:24:24Z</time></trkpt><trkpt lat="40.75144327831501" lon="-74.01156480681334"><time>2026-06-13T15:24:26Z</time></trkpt><trkpt lat="40.75145617015948" lon="-74.01154742791014"><time>2026-06-13T15:24:28Z</time></trkpt><trkpt lat="40.75148340648258" lon="-74.01155936616763"><time>2026-06-13T15:24:30Z</time></trkpt><trkpt lat="40.75149004712673" lon="-74.01153543173974"><time>2026-06-13T15:24:33Z</time></trkpt><trkpt lat="40.75152043049228" lon="-74.01155780122535"><time>2026-06-13T15:24:35Z</time></trkpt><trkpt lat="40.75153397099684" lon="-74.01153878468084"><time>2026-06-13T15:24:37Z</time></trkpt><trkpt lat="40.75154431788548" lon="-74.01156375944873"><time>2026-06-13T15:24:38Z</time></trkpt><trkpt lat="40.75156974524181" lon="-74.0115637109714"><time>2026-06-13T15:24:41Z</time></trkpt><trkpt lat="40.75159271468115" lon="-74.01156558877821"><time>2026-06-13T15:24:45Z</time></trkpt><trkpt lat="40.75160763987097" lon="-74.0115520384226"><time>2026-06-13T15:24:51Z</time></trkpt><trkpt lat="40.75163002733205" lon="-74.01154071903139"><time>2026-06-13T15:25:20Z</time></trkpt><trkpt lat="40.75161158172649" lon="-74.01154599692536"><time>2026-06-13T15:25:22Z</time></trkpt><trkpt lat="40.75162166068831" lon="-74.01152465116374"><time>2026-06-13T15:25:32Z</time></trkpt><trkpt lat="40.75163466000291" lon="-74.01150109452188"><time>2026-06-13T15:25:34Z</time></trkpt><trkpt lat="40.75165315175595" lon="-74.01148151786454"><time>2026-06-13T15:25:36Z</time></trkpt><trkpt lat="40.751673163765105" lon="-74.01147182425129"><time>2026-06-13T15:25:37Z</time></trkpt><trkpt lat="40.751689153357155" lon="-74.01144179835826"><time>2026-06-13T15:25:39Z</time></trkpt><trkpt lat="40.75171796008763" lon="-74.01142027344989"><time>2026-06-13T15:25:41Z</time></trkpt><trkpt lat="40.75173361847958" lon="-74.01140419322296"><time>2026-06-13T15:25:42Z</time></trkpt><trkpt lat="40.75175190994879" lon="-74.01139350473129"><time>2026-06-13T15:25:43Z</time></trkpt><trkpt lat="40.75177217666871" lon="-74.01137144983288"><time>2026-06-13T15:25:45Z</time></trkpt><trkpt lat="40.751799897835326" lon="-74.01134267583636"><time>2026-06-13T15:25:48Z</time></trkpt><trkpt lat="40.751832570557106" lon="-74.01132951667559"><time>2026-06-13T15:25:50Z</time></trkpt><trkpt lat="40.751852746928755" lon="-74.01133099749208"><time>2026-06-13T15:25:51Z</time></trkpt><trkpt lat="40.75187306127528" lon="-74.01132718984162"><time>2026-06-13T15:25:52Z</time></trkpt><trkpt lat="40.75188971545963" lon="-74.01131295595485"><time>2026-06-13T15:25:53Z</time></trkpt><trkpt lat="40.75190354774108" lon="-74.01129595167511"><time>2026-06-13T15:25:54Z</time></trkpt><trkpt lat="40.751933060185614" lon="-74.0112818356072"><time>2026-06-13T15:25:56Z</time></trkpt><trkpt lat="40.751959911635545" lon="-74.01126943254467"><time>2026-06-13T15:25:58Z</time></trkpt><trkpt lat="40.751977014385325" lon="-74.01125791406825"><time>2026-06-13T15:25:59Z</time></trkpt><trkpt lat="40.75199310718195" lon="-74.01124248498502"><time>2026-06-13T15:26:00Z</time></trkpt><trkpt lat="40.752023147691446" lon="-74.01122015143889"><time>2026-06-13T15:26:02Z</time></trkpt><trkpt lat="40.752040117742226" lon="-74.01120870020397"><time>2026-06-13T15:26:03Z</time></trkpt><trkpt lat="40.75205545333807" lon="-74.01119304039015"><time>2026-06-13T15:26:04Z</time></trkpt><trkpt lat="40.752073164593284" lon="-74.01118325699946"><time>2026-06-13T15:26:06Z</time></trkpt><trkpt lat="40.75208553971371" lon="-74.01116550744324"><time>2026-06-13T15:26:07Z</time></trkpt><trkpt lat="40.75210218301363" lon="-74.01114859665876"><time>2026-06-13T15:26:08Z</time></trkpt><trkpt lat="40.75211891426953" lon="-74.0111316499681"><time>2026-06-13T15:26:09Z</time></trkpt><trkpt lat="40.75213584179898" lon="-74.01111655052803"><time>2026-06-13T15:26:10Z</time></trkpt><trkpt lat="40.752152188208825" lon="-74.01110090537325"><time>2026-06-13T15:26:11Z</time></trkpt><trkpt lat="40.752179082484375" lon="-74.01107322473536"><time>2026-06-13T15:26:13Z</time></trkpt><trkpt lat="40.75219483751161" lon="-74.01105708763849"><time>2026-06-13T15:26:14Z</time></trkpt><trkpt lat="40.75221035890436" lon="-74.01103960610654"><time>2026-06-13T15:26:15Z</time></trkpt><trkpt lat="40.75222964265814" lon="-74.01102477582944"><time>2026-06-13T15:26:16Z</time></trkpt><trkpt lat="40.752248879226144" lon="-74.01101020252737"><time>2026-06-13T15:26:17Z</time></trkpt><trkpt lat="40.75226517953999" lon="-74.01098990514575"><time>2026-06-13T15:26:18Z</time></trkpt><trkpt lat="40.75228042626208" lon="-74.0109719538203"><time>2026-06-13T15:26:19Z</time></trkpt><trkpt lat="40.75229394367211" lon="-74.01095499458543"><time>2026-06-13T15:26:20Z</time></trkpt><trkpt lat="40.75230882149975" lon="-74.01093701474726"><time>2026-06-13T15:26:21Z</time></trkpt><trkpt lat="40.75232871666276" lon="-74.0109239633757"><time>2026-06-13T15:26:22Z</time></trkpt><trkpt lat="40.75234910152264" lon="-74.01090741971144"><time>2026-06-13T15:26:23Z</time></trkpt><trkpt lat="40.752368884630144" lon="-74.01088816112791"><time>2026-06-13T15:26:24Z</time></trkpt><trkpt lat="40.75238915924755" lon="-74.01087139625699"><time>2026-06-13T15:26:25Z</time></trkpt><trkpt lat="40.75240982620662" lon="-74.01085797514087"><time>2026-06-13T15:26:26Z</time></trkpt><trkpt lat="40.752423934665494" lon="-74.01084080780312"><time>2026-06-13T15:26:27Z</time></trkpt><trkpt lat="40.75245037237451" lon="-74.01082040807826"><time>2026-06-13T15:26:29Z</time></trkpt><trkpt lat="40.75247302534892" lon="-74.0107944422638"><time>2026-06-13T15:26:31Z</time></trkpt><trkpt lat="40.75248836705997" lon="-74.01077873573796"><time>2026-06-13T15:26:32Z</time></trkpt><trkpt lat="40.75250989811302" lon="-74.01075780201897"><time>2026-06-13T15:26:33Z</time></trkpt><trkpt lat="40.75252876218903" lon="-74.01073455333129"><time>2026-06-13T15:26:34Z</time></trkpt><trkpt lat="40.752545579445595" lon="-74.01071494392049"><time>2026-06-13T15:26:35Z</time></trkpt><trkpt lat="40.75256527293353" lon="-74.01069799801431"><time>2026-06-13T15:26:36Z</time></trkpt><trkpt lat="40.75258902293937" lon="-74.01067863857048"><time>2026-06-13T15:26:38Z</time></trkpt><trkpt lat="40.752612233749126" lon="-74.01065838645928"><time>2026-06-13T15:26:40Z</time></trkpt><trkpt lat="40.75264006365985" lon="-74.01063463926697"><time>2026-06-13T15:26:42Z</time></trkpt><trkpt lat="40.752659031673794" lon="-74.01061969292881"><time>2026-06-13T15:26:43Z</time></trkpt><trkpt lat="40.752675553053784" lon="-74.01059720309871"><time>2026-06-13T15:26:44Z</time></trkpt><trkpt lat="40.75268994108832" lon="-74.01057943707596"><time>2026-06-13T15:26:45Z</time></trkpt><trkpt lat="40.75270674049592" lon="-74.01055045565637"><time>2026-06-13T15:26:47Z</time></trkpt><trkpt lat="40.75273199697309" lon="-74.01052231772564"><time>2026-06-13T15:26:50Z</time></trkpt><trkpt lat="40.75275058275336" lon="-74.01049002728485"><time>2026-06-13T15:26:52Z</time></trkpt><trkpt lat="40.75277011826198" lon="-74.01047148273614"><time>2026-06-13T15:26:53Z</time></trkpt><trkpt lat="40.752794141997256" lon="-74.01045250277532"><time>2026-06-13T15:26:55Z</time></trkpt><trkpt lat="40.75281029037135" lon="-74.01043964676384"><time>2026-06-13T15:26:57Z</time></trkpt><trkpt lat="40.7528314182179" lon="-74.01041874380445"><time>2026-06-13T15:26:59Z</time></trkpt><trkpt lat="40.7528470996058" lon="-74.01040384599506"><time>2026-06-13T15:27:00Z</time></trkpt><trkpt lat="40.75286209112042" lon="-74.01038746050274"><time>2026-06-13T15:27:01Z</time></trkpt><trkpt lat="40.75288366054586" lon="-74.01035871151147"><time>2026-06-13T15:27:03Z</time></trkpt><trkpt lat="40.752900556805955" lon="-74.01034133835746"><time>2026-06-13T15:27:05Z</time></trkpt><trkpt lat="40.75291721886439" lon="-74.01032611046668"><time>2026-06-13T15:27:06Z</time></trkpt><trkpt lat="40.75293213730924" lon="-74.01031281898732"><time>2026-06-13T15:27:07Z</time></trkpt><trkpt lat="40.752949066936274" lon="-74.01029828483539"><time>2026-06-13T15:27:08Z</time></trkpt><trkpt lat="40.75297513929264" lon="-74.01028093267918"><time>2026-06-13T15:27:10Z</time></trkpt><trkpt lat="40.752988633784796" lon="-74.0102606481108"><time>2026-06-13T15:27:12Z</time></trkpt><trkpt lat="40.75300166761244" lon="-74.01023102537816"><time>2026-06-13T15:27:14Z</time></trkpt><trkpt lat="40.753026295495246" lon="-74.01021455885157"><time>2026-06-13T15:27:16Z</time></trkpt><trkpt lat="40.75304719955876" lon="-74.01019878266924"><time>2026-06-13T15:27:18Z</time></trkpt><trkpt lat="40.75306095128476" lon="-74.01017327097078"><time>2026-06-13T15:27:21Z</time></trkpt><trkpt lat="40.75308198106549" lon="-74.01015373158015"><time>2026-06-13T15:27:23Z</time></trkpt><trkpt lat="40.75309948057347" lon="-74.01013155588271"><time>2026-06-13T15:27:26Z</time></trkpt><trkpt lat="40.75311268284434" lon="-74.01010221136323"><time>2026-06-13T15:27:28Z</time></trkpt><trkpt lat="40.75312043332398" lon="-74.01007331005914"><time>2026-06-13T15:27:30Z</time></trkpt><trkpt lat="40.753127061368794" lon="-74.01003790361224"><time>2026-06-13T15:27:33Z</time></trkpt><trkpt lat="40.75313111960846" lon="-74.01000776501994"><time>2026-06-13T15:27:35Z</time></trkpt><trkpt lat="40.75313286651213" lon="-74.00997156415904"><time>2026-06-13T15:27:38Z</time></trkpt><trkpt lat="40.75313871154852" lon="-74.00994015701586"><time>2026-06-13T15:27:42Z</time></trkpt><trkpt lat="40.75314202175658" lon="-74.00991305112035"><time>2026-06-13T15:27:45Z</time></trkpt><trkpt lat="40.753140881555886" lon="-74.00988563323091"><time>2026-06-13T15:27:48Z</time></trkpt><trkpt lat="40.753139592246626" lon="-74.0098616947726"><time>2026-06-13T15:27:51Z</time></trkpt><trkpt lat="40.753137837826614" lon="-74.00983328608783"><time>2026-06-13T15:27:54Z</time></trkpt><trkpt lat="40.75313620708901" lon="-74.00980693068648"><time>2026-06-13T15:27:58Z</time></trkpt><trkpt lat="40.75313568122334" lon="-74.00978127403793"><time>2026-06-13T15:28:01Z</time></trkpt><trkpt lat="40.75313160975418" lon="-74.0097567112553"><time>2026-06-13T15:28:05Z</time></trkpt><trkpt lat="40.75312895109253" lon="-74.00973082848533"><time>2026-06-13T15:28:08Z</time></trkpt><trkpt lat="40.753131823073744" lon="-74.00970735205911"><time>2026-06-13T15:28:12Z</time></trkpt><trkpt lat="40.753135817846" lon="-74.0096826582915"><time>2026-06-13T15:28:16Z</time></trkpt><trkpt lat="40.75314010574013" lon="-74.00965443592162"><time>2026-06-13T15:28:19Z</time></trkpt><trkpt lat="40.753150058677065" lon="-74.00962595290345"><time>2026-06-13T15:28:23Z</time></trkpt><trkpt lat="40.753153548811646" lon="-74.00960030380672"><time>2026-06-13T15:28:26Z</time></trkpt><trkpt lat="40.75316175292843" lon="-74.00957183449253"><time>2026-06-13T15:28:29Z</time></trkpt><trkpt lat="40.75317128022759" lon="-74.00954808633858"><time>2026-06-13T15:28:32Z</time></trkpt><trkpt lat="40.7531726673215" lon="-74.00952364588709"><time>2026-06-13T15:28:35Z</time></trkpt><trkpt lat="40.75317846119327" lon="-74.00949831070491"><time>2026-06-13T15:28:38Z</time></trkpt><trkpt lat="40.75318473504643" lon="-74.00947534416531"><time>2026-06-13T15:28:40Z</time></trkpt><trkpt lat="40.75319208013613" lon="-74.0094499751377"><time>2026-06-13T15:28:44Z</time></trkpt><trkpt lat="40.75319005235682" lon="-74.00942533157959"><time>2026-06-13T15:28:46Z</time></trkpt><trkpt lat="40.75319499070627" lon="-74.0093937480258"><time>2026-06-13T15:28:49Z</time></trkpt><trkpt lat="40.75320174663974" lon="-74.00936286176645"><time>2026-06-13T15:28:52Z</time></trkpt><trkpt lat="40.75321423742155" lon="-74.00934527792606"><time>2026-06-13T15:28:55Z</time></trkpt><trkpt lat="40.75323233075821" lon="-74.00934865458902"><time>2026-06-13T15:29:03Z</time></trkpt><trkpt lat="40.753249393770936" lon="-74.00936272329159"><time>2026-06-13T15:29:08Z</time></trkpt><trkpt lat="40.75323000461467" lon="-74.00936646495468"><time>2026-06-13T15:29:33Z</time></trkpt><trkpt lat="40.75322871905746" lon="-74.0093571251869"><time>2026-06-13T15:29:44Z</time></trkpt><trkpt lat="40.75321588360143" lon="-74.00937949337879"><time>2026-06-13T15:30:29Z</time></trkpt><trkpt lat="40.753200537126915" lon="-74.009392029652"><time>2026-06-13T15:32:06Z</time></trkpt><trkpt lat="40.75319649879114" lon="-74.00938804889877"><time>2026-06-13T15:32:35Z</time></trkpt><trkpt lat="40.75317908323984" lon="-74.00939884500025"><time>2026-06-13T15:33:16Z</time></trkpt><trkpt lat="40.7531710574338" lon="-74.00939549352351"><time>2026-06-13T15:33:47Z</time></trkpt><trkpt lat="40.7531787516259" lon="-74.00942172596974"><time>2026-06-13T15:33:51Z</time></trkpt><trkpt lat="40.75319475782661" lon="-74.00945645230105"><time>2026-06-13T15:33:53Z</time></trkpt><trkpt lat="40.75319519810572" lon="-74.00948389583125"><time>2026-06-13T15:33:54Z</time></trkpt><trkpt lat="40.75318672894049" lon="-74.00951113781525"><time>2026-06-13T15:33:55Z</time></trkpt><trkpt lat="40.75317120253185" lon="-74.00954041500603"><time>2026-06-13T15:33:56Z</time></trkpt><trkpt lat="40.753148426502776" lon="-74.00956008610365"><time>2026-06-13T15:33:57Z</time></trkpt><trkpt lat="40.753120382919164" lon="-74.009570876142"><time>2026-06-13T15:33:58Z</time></trkpt><trkpt lat="40.753098936478146" lon="-74.00957531346805"><time>2026-06-13T15:33:59Z</time></trkpt><trkpt lat="40.753079725368515" lon="-74.00957256100286"><time>2026-06-13T15:34:00Z</time></trkpt><trkpt lat="40.75306257707017" lon="-74.00956049873398"><time>2026-06-13T15:34:01Z</time></trkpt><trkpt lat="40.753043507223914" lon="-74.00952686602861"><time>2026-06-13T15:34:03Z</time></trkpt><trkpt lat="40.75303794572099" lon="-74.00950409785354"><time>2026-06-13T15:34:04Z</time></trkpt><trkpt lat="40.75302868968053" lon="-74.00946323734007"><time>2026-06-13T15:34:06Z</time></trkpt><trkpt lat="40.753018867000954" lon="-74.00943900561623"><time>2026-06-13T15:34:07Z</time></trkpt><trkpt lat="40.75300804041292" lon="-74.00941189552312"><time>2026-06-13T15:34:08Z</time></trkpt><trkpt lat="40.75299967492476" lon="-74.00938451326488"><time>2026-06-13T15:34:09Z</time></trkpt><trkpt lat="40.752985435079786" lon="-74.0093444757437"><time>2026-06-13T15:34:11Z</time></trkpt><trkpt lat="40.75296664717393" lon="-74.00930712306346"><time>2026-06-13T15:34:13Z</time></trkpt><trkpt lat="40.75295216213058" lon="-74.00928447001107"><time>2026-06-13T15:34:14Z</time></trkpt><trkpt lat="40.75292445080657" lon="-74.00926520862882"><time>2026-06-13T15:34:16Z</time></trkpt><trkpt lat="40.75290216957686" lon="-74.0092503339899"><time>2026-06-13T15:34:18Z</time></trkpt><trkpt lat="40.75287230854091" lon="-74.00923640970409"><time>2026-06-13T15:34:20Z</time></trkpt><trkpt lat="40.75285437855488" lon="-74.00922855978861"><time>2026-06-13T15:34:21Z</time></trkpt><trkpt lat="40.752826694260655" lon="-74.00922768376726"><time>2026-06-13T15:34:23Z</time></trkpt><trkpt lat="40.75279761774452" lon="-74.00922325929145"><time>2026-06-13T15:34:25Z</time></trkpt><trkpt lat="40.75277085998885" lon="-74.00923198853084"><time>2026-06-13T15:34:27Z</time></trkpt><trkpt lat="40.75274333015216" lon="-74.00923786768661"><time>2026-06-13T15:34:29Z</time></trkpt><trkpt lat="40.75272178075979" lon="-74.00925368184434"><time>2026-06-13T15:34:31Z</time></trkpt><trkpt lat="40.75270133878166" lon="-74.00927011931739"><time>2026-06-13T15:34:33Z</time></trkpt><trkpt lat="40.752687129021346" lon="-74.0092872947834"><time>2026-06-13T15:34:35Z</time></trkpt><trkpt lat="40.75267024621843" lon="-74.00931219976711"><time>2026-06-13T15:34:38Z</time></trkpt><trkpt lat="40.75265164196455" lon="-74.00932158398903"><time>2026-06-13T15:34:47Z</time></trkpt><trkpt lat="40.75266007462601" lon="-74.00934449215616"><time>2026-06-13T15:34:50Z</time></trkpt><trkpt lat="40.75263360424706" lon="-74.0093425484713"><time>2026-06-13T15:35:08Z</time></trkpt><trkpt lat="40.75262764585994" lon="-74.00936713836292"><time>2026-06-13T15:35:13Z</time></trkpt><trkpt lat="40.752636905740005" lon="-74.00938986259065"><time>2026-06-13T15:35:15Z</time></trkpt><trkpt lat="40.75264994516784" lon="-74.00941356272031"><time>2026-06-13T15:35:17Z</time></trkpt><trkpt lat="40.75265879766338" lon="-74.00944452938643"><time>2026-06-13T15:35:20Z</time></trkpt><trkpt lat="40.75266859999242" lon="-74.00947202298352"><time>2026-06-13T15:35:22Z</time></trkpt><trkpt lat="40.75267482306218" lon="-74.00950245203337"><time>2026-06-13T15:35:24Z</time></trkpt><trkpt lat="40.7526430926121" lon="-74.00949623368291"><time>2026-06-13T15:35:27Z</time></trkpt><trkpt lat="40.75263306082433" lon="-74.00946894119276"><time>2026-06-13T15:35:30Z</time></trkpt><trkpt lat="40.7526309119315" lon="-74.00944393255894"><time>2026-06-13T15:35:34Z</time></trkpt><trkpt lat="40.752640490590984" lon="-74.00946958846886"><time>2026-06-13T15:35:42Z</time></trkpt><trkpt lat="40.75263176687744" lon="-74.00944837285184"><time>2026-06-13T15:35:52Z</time></trkpt><trkpt lat="40.75262366136599" lon="-74.00942499894376"><time>2026-06-13T15:35:54Z</time></trkpt><trkpt lat="40.75261270219318" lon="-74.00940234040569"><time>2026-06-13T15:35:56Z</time></trkpt><trkpt lat="40.75260410702233" lon="-74.00937685860292"><time>2026-06-13T15:35:58Z</time></trkpt><trkpt lat="40.75259507481862" lon="-74.00934992025182"><time>2026-06-13T15:36:00Z</time></trkpt><trkpt lat="40.75258233102924" lon="-74.0093276932395"><time>2026-06-13T15:36:02Z</time></trkpt><trkpt lat="40.7525669543584" lon="-74.00929967262519"><time>2026-06-13T15:36:05Z</time></trkpt><trkpt lat="40.75255589930582" lon="-74.00928064320803"><time>2026-06-13T15:36:07Z</time></trkpt><trkpt lat="40.75255098556421" lon="-74.00925625499633"><time>2026-06-13T15:36:09Z</time></trkpt><trkpt lat="40.75254597734231" lon="-74.00922814720295"><time>2026-06-13T15:36:11Z</time></trkpt><trkpt lat="40.75253526006897" lon="-74.00920723503023"><time>2026-06-13T15:36:13Z</time></trkpt><trkpt lat="40.752525243095434" lon="-74.00918705538302"><time>2026-06-13T15:36:15Z</time></trkpt><trkpt lat="40.75251619944632" lon="-74.00916393443599"><time>2026-06-13T15:36:17Z</time></trkpt><trkpt lat="40.752503189103194" lon="-74.00914430044885"><time>2026-06-13T15:36:19Z</time></trkpt><trkpt lat="40.75249245081716" lon="-74.0091172311051"><time>2026-06-13T15:36:21Z</time></trkpt><trkpt lat="40.752486000814066" lon="-74.0090939113558"><time>2026-06-13T15:36:23Z</time></trkpt><trkpt lat="40.75248011786473" lon="-74.0090691263049"><time>2026-06-13T15:36:25Z</time></trkpt><trkpt lat="40.75247074052336" lon="-74.00904467175278"><time>2026-06-13T15:36:27Z</time></trkpt><trkpt lat="40.75245850791805" lon="-74.0090262004771"><time>2026-06-13T15:36:29Z</time></trkpt><trkpt lat="40.75244868922179" lon="-74.00900449359712"><time>2026-06-13T15:36:31Z</time></trkpt><trkpt lat="40.75244162613118" lon="-74.0089796921766"><time>2026-06-13T15:36:33Z</time></trkpt><trkpt lat="40.75242898818434" lon="-74.00895347929789"><time>2026-06-13T15:36:35Z</time></trkpt><trkpt lat="40.752418811712786" lon="-74.00893196521247"><time>2026-06-13T15:36:37Z</time></trkpt><trkpt lat="40.75240788328856" lon="-74.00891061132742"><time>2026-06-13T15:36:39Z</time></trkpt><trkpt lat="40.75239304061231" lon="-74.00888926463307"><time>2026-06-13T15:36:41Z</time></trkpt><trkpt lat="40.752378372624435" lon="-74.0088649911654"><time>2026-06-13T15:36:43Z</time></trkpt><trkpt lat="40.75237190316163" lon="-74.00883710505127"><time>2026-06-13T15:36:45Z</time></trkpt><trkpt lat="40.75236337120279" lon="-74.008803005852"><time>2026-06-13T15:36:47Z</time></trkpt><trkpt lat="40.75235690159737" lon="-74.00877704195234"><time>2026-06-13T15:36:49Z</time></trkpt><trkpt lat="40.7523736836265" lon="-74.00874695251241"><time>2026-06-13T15:36:52Z</time></trkpt><trkpt lat="40.75239917278955" lon="-74.0087374737597"><time>2026-06-13T15:36:54Z</time></trkpt><trkpt lat="40.75241676804863" lon="-74.00872171585438"><time>2026-06-13T15:36:56Z</time></trkpt><trkpt lat="40.75242921646791" lon="-74.00869424212168"><time>2026-06-13T15:36:59Z</time></trkpt><trkpt lat="40.752455032374385" lon="-74.00870111771816"><time>2026-06-13T15:37:10Z</time></trkpt><trkpt lat="40.75245861355568" lon="-74.00867673153455"><time>2026-06-13T15:37:40Z</time></trkpt><trkpt lat="40.75244237775661" lon="-74.00865667900008"><time>2026-06-13T15:37:46Z</time></trkpt><trkpt lat="40.75243616732375" lon="-74.00867931229779"><time>2026-06-13T15:37:54Z</time></trkpt><trkpt lat="40.752448628898016" lon="-74.008698010299"><time>2026-06-13T15:38:05Z</time></trkpt><trkpt lat="40.7524395114352" lon="-74.00866954948823"><time>2026-06-13T15:38:09Z</time></trkpt></trkseg></trk></gpx>
