<gpx version="1.1" creator="Reese Field Notes" xmlns="http://www.topografix.com/GPX/1/1"><trk><trkseg><trkpt lat="40.75202242528333" lon="-74.01081749281212"><time>2026-06-05T14:25:03Z</time></trkpt><trkpt lat="40.751987375790975" lon="-74.01081511494014"><time>2026-06-05T14:25:04Z</time></trkpt><trkpt lat="40.75198680254624" lon="-74.01082404656343"><time>2026-06-05T14:25:05Z</time></trkpt><trkpt lat="40.751965794475" lon="-74.01082810578657"><time>2026-06-05T14:25:06Z</time></trkpt><trkpt lat="40.75194426052024" lon="-74.01084317305849"><time>2026-06-05T14:25:07Z</time></trkpt><trkpt lat="40.75192562354325" lon="-74.01085860868284"><time>2026-06-05T14:25:08Z</time></trkpt><trkpt lat="40.75190027278968" lon="-74.01087998091784"><time>2026-06-05T14:25:10Z</time></trkpt><trkpt lat="40.75187898064919" lon="-74.01089681053415"><time>2026-06-05T14:25:11Z</time></trkpt><trkpt lat="40.751856413794016" lon="-74.01091275342034"><time>2026-06-05T14:25:12Z</time></trkpt><trkpt lat="40.751833587036536" lon="-74.0109301364442"><time>2026-06-05T14:25:13Z</time></trkpt><trkpt lat="40.751810338975666" lon="-74.01094541093735"><time>2026-06-05T14:25:14Z</time></trkpt><trkpt lat="40.751787061047814" lon="-74.01095732689173"><time>2026-06-05T14:25:15Z</time></trkpt><trkpt lat="40.75176462231157" lon="-74.01097165559217"><time>2026-06-05T14:25:16Z</time></trkpt><trkpt lat="40.75174087403813" lon="-74.01098681996169"><time>2026-06-05T14:25:17Z</time></trkpt><trkpt lat="40.75171733490264" lon="-74.01100293214516"><time>2026-06-05T14:25:18Z</time></trkpt><trkpt lat="40.751693416966624" lon="-74.01101465553256"><time>2026-06-05T14:25:19Z</time></trkpt><trkpt lat="40.75167106198459" lon="-74.01103545305274"><time>2026-06-05T14:25:20Z</time></trkpt><trkpt lat="40.751647382161316" lon="-74.01104665643874"><time>2026-06-05T14:25:21Z</time></trkpt><trkpt lat="40.75162599334745" lon="-74.01106624792075"><time>2026-06-05T14:25:22Z</time></trkpt><trkpt lat="40.75160279771219" lon="-74.01107846586898"><time>2026-06-05T14:25:23Z</time></trkpt><trkpt lat="40.75158208127274" lon="-74.0110961189499"><time>2026-06-05T14:25:24Z</time></trkpt><trkpt lat="40.75155757323499" lon="-74.01110774060699"><time>2026-06-05T14:25:25Z</time></trkpt><trkpt lat="40.75153441883692" lon="-74.01112482416866"><time>2026-06-05T14:25:26Z</time></trkpt><trkpt lat="40.75151136222218" lon="-74.01114096207162"><time>2026-06-05T14:25:27Z</time></trkpt><trkpt lat="40.75148944041255" lon="-74.01116072744934"><time>2026-06-05T14:25:28Z</time></trkpt><trkpt lat="40.751467557058135" lon="-74.01118300813842"><time>2026-06-05T14:25:29Z</time></trkpt><trkpt lat="40.75144364821077" lon="-74.01119985211093"><time>2026-06-05T14:25:30Z</time></trkpt><trkpt lat="40.751421580277054" lon="-74.0112147040379"><time>2026-06-05T14:25:31Z</time></trkpt><trkpt lat="40.751403613906454" lon="-74.01124247022585"><time>2026-06-05T14:25:32Z</time></trkpt><trkpt lat="40.751383661087885" lon="-74.01126261598449"><time>2026-06-05T14:25:33Z</time></trkpt><trkpt lat="40.75136435136947" lon="-74.0112822959811"><time>2026-06-05T14:25:34Z</time></trkpt><trkpt lat="40.751341899177646" lon="-74.01129963282057"><time>2026-06-05T14:25:35Z</time></trkpt><trkpt lat="40.75130973143179" lon="-74.0113184431444"><time>2026-06-05T14:25:36Z</time></trkpt><trkpt lat="40.75128850216915" lon="-74.0113377382842"><time>2026-06-05T14:25:37Z</time></trkpt><trkpt lat="40.75127048983235" lon="-74.01135787952438"><time>2026-06-05T14:25:38Z</time></trkpt><trkpt lat="40.751250200916104" lon="-74.01137332109387"><time>2026-06-05T14:25:39Z</time></trkpt><trkpt lat="40.75123019586493" lon="-74.0113951661791"><time>2026-06-05T14:25:40Z</time></trkpt><trkpt lat="40.751206691607955" lon="-74.01141614359328"><time>2026-06-05T14:25:41Z</time></trkpt><trkpt lat="40.75118387484109" lon="-74.0114380675072"><time>2026-06-05T14:25:42Z</time></trkpt><trkpt lat="40.75116012863507" lon="-74.01145499219216"><time>2026-06-05T14:25:43Z</time></trkpt><trkpt lat="40.751138713928064" lon="-74.01147219866672"><time>2026-06-05T14:25:44Z</time></trkpt><trkpt lat="40.75111938347106" lon="-74.01149479609876"><time>2026-06-05T14:25:45Z</time></trkpt><trkpt lat="40.75109480163445" lon="-74.01150615898193"><time>2026-06-05T14:25:46Z</time></trkpt><trkpt lat="40.75107417738087" lon="-74.01152609294678"><time>2026-06-05T14:25:47Z</time></trkpt><trkpt lat="40.75105849189607" lon="-74.01154832238932"><time>2026-06-05T14:25:48Z</time></trkpt><trkpt lat="40.751037289058665" lon="-74.01156499746666"><time>2026-06-05T14:25:49Z</time></trkpt><trkpt lat="40.75101846386756" lon="-74.01158253629386"><time>2026-06-05T14:25:50Z</time></trkpt><trkpt lat="40.7509983909122" lon="-74.0115988582264"><time>2026-06-05T14:25:51Z</time></trkpt><trkpt lat="40.750974500745144" lon="-74.01161741400179"><time>2026-06-05T14:25:52Z</time></trkpt><trkpt lat="40.75095191156218" lon="-74.01163515284458"><time>2026-06-05T14:25:53Z</time></trkpt><trkpt lat="40.75093556236879" lon="-74.01166406839214"><time>2026-06-05T14:25:54Z</time></trkpt><trkpt lat="40.75091882133343" lon="-74.0116874239582"><time>2026-06-05T14:25:55Z</time></trkpt><trkpt lat="40.75090162102527" lon="-74.01171431288435"><time>2026-06-05T14:25:56Z</time></trkpt><trkpt lat="40.750885675769794" lon="-74.01173600952387"><time>2026-06-05T14:25:57Z</time></trkpt><trkpt lat="40.7508657316748" lon="-74.01175706841342"><time>2026-06-05T14:25:58Z</time></trkpt><trkpt lat="40.75084377899376" lon="-74.01177965353801"><time>2026-06-05T14:25:59Z</time></trkpt><trkpt lat="40.75082330354203" lon="-74.01180046046812"><time>2026-06-05T14:26:00Z</time></trkpt><trkpt lat="40.75080463327266" lon="-74.01181785774907"><time>2026-06-05T14:26:01Z</time></trkpt><trkpt lat="40.75078920936857" lon="-74.0118345024813"><time>2026-06-05T14:26:02Z</time></trkpt><trkpt lat="40.75076700195562" lon="-74.01186213216229"><time>2026-06-05T14:26:03Z</time></trkpt><trkpt lat="40.75074810910423" lon="-74.01187677693446"><time>2026-06-05T14:26:04Z</time></trkpt><trkpt lat="40.7507320059638" lon="-74.01190446310638"><time>2026-06-05T14:26:05Z</time></trkpt><trkpt lat="40.75071474487272" lon="-74.01192592193895"><time>2026-06-05T14:26:06Z</time></trkpt><trkpt lat="40.75069845216417" lon="-74.01194987549867"><time>2026-06-05T14:26:07Z</time></trkpt><trkpt lat="40.750681214186436" lon="-74.01197518738155"><time>2026-06-05T14:26:08Z</time></trkpt><trkpt lat="40.75066237710475" lon="-74.01199626940571"><time>2026-06-05T14:26:09Z</time></trkpt><trkpt lat="40.75064670993412" lon="-74.01202277451851"><time>2026-06-05T14:26:10Z</time></trkpt><trkpt lat="40.750624373191684" lon="-74.01204561454452"><time>2026-06-05T14:26:11Z</time></trkpt><trkpt lat="40.750599464361144" lon="-74.0120693257509"><time>2026-06-05T14:26:12Z</time></trkpt><trkpt lat="40.75058215457047" lon="-74.01209306335386"><time>2026-06-05T14:26:13Z</time></trkpt><trkpt lat="40.750565541191826" lon="-74.01211576079956"><time>2026-06-05T14:26:14Z</time></trkpt><trkpt lat="40.75055197551394" lon="-74.01213947645024"><time>2026-06-05T14:26:15Z</time></trkpt><trkpt lat="40.750531268254406" lon="-74.01215974476759"><time>2026-06-05T14:26:16Z</time></trkpt><trkpt lat="40.750512768034326" lon="-74.01217854399647"><time>2026-06-05T14:26:17Z</time></trkpt><trkpt lat="40.75049141292776" lon="-74.01220201929621"><time>2026-06-05T14:26:18Z</time></trkpt><trkpt lat="40.75046911327571" lon="-74.01222521790909"><time>2026-06-05T14:26:19Z</time></trkpt><trkpt lat="40.75044645334069" lon="-74.01224757261433"><time>2026-06-05T14:26:20Z</time></trkpt><trkpt lat="40.75042514640878" lon="-74.01226265479315"><time>2026-06-05T14:26:21Z</time></trkpt><trkpt lat="40.750405783751226" lon="-74.0122829398529"><time>2026-06-05T14:26:22Z</time></trkpt><trkpt lat="40.75038934355571" lon="-74.01230163422815"><time>2026-06-05T14:26:23Z</time></trkpt><trkpt lat="40.75036486435744" lon="-74.01232689197032"><time>2026-06-05T14:26:24Z</time></trkpt><trkpt lat="40.75034063770753" lon="-74.01234867206841"><time>2026-06-05T14:26:25Z</time></trkpt><trkpt lat="40.750315380385366" lon="-74.0123690350895"><time>2026-06-05T14:26:26Z</time></trkpt><trkpt lat="40.750291291129464" lon="-74.01239557012005"><time>2026-06-05T14:26:27Z</time></trkpt><trkpt lat="40.750269760763146" lon="-74.01241272265122"><time>2026-06-05T14:26:28Z</time></trkpt><trkpt lat="40.750250895608154" lon="-74.01243715490364"><time>2026-06-05T14:26:29Z</time></trkpt><trkpt lat="40.75023425918978" lon="-74.01245748764785"><time>2026-06-05T14:26:30Z</time></trkpt><trkpt lat="40.75021125651861" lon="-74.01247893207271"><time>2026-06-05T14:26:31Z</time></trkpt><trkpt lat="40.75018921494181" lon="-74.0125002049135"><time>2026-06-05T14:26:32Z</time></trkpt><trkpt lat="40.75016776416052" lon="-74.01252386630802"><time>2026-06-05T14:26:33Z</time></trkpt><trkpt lat="40.75014628264874" lon="-74.01254899939268"><time>2026-06-05T14:26:34Z</time></trkpt><trkpt lat="40.7501259461445" lon="-74.01257398329044"><time>2026-06-05T14:26:35Z</time></trkpt><trkpt lat="40.75010594394863" lon="-74.01259752566497"><time>2026-06-05T14:26:36Z</time></trkpt><trkpt lat="40.750081504483944" lon="-74.01261833320702"><time>2026-06-05T14:26:37Z</time></trkpt><trkpt lat="40.7500594530265" lon="-74.01263778825736"><time>2026-06-05T14:26:38Z</time></trkpt><trkpt lat="40.75003824974714" lon="-74.01266086900955"><time>2026-06-05T14:26:39Z</time></trkpt><trkpt lat="40.75001544936268" lon="-74.01268312742027"><time>2026-06-05T14:26:40Z</time></trkpt><trkpt lat="40.74999263711658" lon="-74.01270470504558"><time>2026-06-05T14:26:41Z</time></trkpt><trkpt lat="40.749970472818724" lon="-74.0127229691031"><time>2026-06-05T14:26:42Z</time></trkpt><trkpt lat="40.74994878457362" lon="-74.01274274116308"><time>2026-06-05T14:26:43Z</time></trkpt><trkpt lat="40.74992424414514" lon="-74.01276095084971"><time>2026-06-05T14:26:44Z</time></trkpt><trkpt lat="40.749898740343426" lon="-74.01278080870651"><time>2026-06-05T14:26:45Z</time></trkpt><trkpt lat="40.749875417034815" lon="-74.01280162423438"><time>2026-06-05T14:26:46Z</time></trkpt><trkpt lat="40.749855410338256" lon="-74.01281876436921"><time>2026-06-05T14:26:47Z</time></trkpt><trkpt lat="40.74983286877189" lon="-74.01282557981801"><time>2026-06-05T14:26:48Z</time></trkpt><trkpt lat="40.74980700319526" lon="-74.01284894697527"><time>2026-06-05T14:26:49Z</time></trkpt><trkpt lat="40.74977339775656" lon="-74.01286352845307"><time>2026-06-05T14:26:50Z</time></trkpt><trkpt lat="40.74974755402577" lon="-74.01287523095601"><time>2026-06-05T14:26:51Z</time></trkpt><trkpt lat="40.74972108788277" lon="-74.01288410652151"><time>2026-06-05T14:26:52Z</time></trkpt><trkpt lat="40.749695768450884" lon="-74.0128962840521"><time>2026-06-05T14:26:53Z</time></trkpt><trkpt lat="40.74967226987563" lon="-74.01291648469727"><time>2026-06-05T14:26:54Z</time></trkpt><trkpt lat="40.749647443974816" lon="-74.01293288149276"><time>2026-06-05T14:26:55Z</time></trkpt><trkpt lat="40.74962324483238" lon="-74.0129505644267"><time>2026-06-05T14:26:56Z</time></trkpt><trkpt lat="40.74959870709083" lon="-74.01296809564842"><time>2026-06-05T14:26:57Z</time></trkpt><trkpt lat="40.74957157740208" lon="-74.01299028882485"><time>2026-06-05T14:26:58Z</time></trkpt><trkpt lat="40.74954976743632" lon="-74.01301084738365"><time>2026-06-05T14:26:59Z</time></trkpt><trkpt lat="40.74952561549486" lon="-74.01302882449424"><time>2026-06-05T14:27:00Z</time></trkpt><trkpt lat="40.74950194650067" lon="-74.01304856796845"><time>2026-06-05T14:27:01Z</time></trkpt><trkpt lat="40.749479309152086" lon="-74.0130680467108"><time>2026-06-05T14:27:02Z</time></trkpt><trkpt lat="40.749452436399835" lon="-74.01308459360939"><time>2026-06-05T14:27:03Z</time></trkpt><trkpt lat="40.749424335594" lon="-74.01310207977963"><time>2026-06-05T14:27:04Z</time></trkpt><trkpt lat="40.74939938700864" lon="-74.01312309343622"><time>2026-06-05T14:27:05Z</time></trkpt><trkpt lat="40.749376746937386" lon="-74.01314278264785"><time>2026-06-05T14:27:06Z</time></trkpt><trkpt lat="40.749352195771905" lon="-74.01316234258765"><time>2026-06-05T14:27:07Z</time></trkpt><trkpt lat="40.74932519859375" lon="-74.01318014694483"><time>2026-06-05T14:27:08Z</time></trkpt><trkpt lat="40.7493013959547" lon="-74.01319944751603"><time>2026-06-05T14:27:09Z</time></trkpt><trkpt lat="40.749277314556544" lon="-74.0132181717199"><time>2026-06-05T14:27:10Z</time></trkpt><trkpt lat="40.749254122854005" lon="-74.0132414790747"><time>2026-06-05T14:27:11Z</time></trkpt><trkpt lat="40.74922975199423" lon="-74.0132617861593"><time>2026-06-05T14:27:12Z</time></trkpt><trkpt lat="40.74920817718779" lon="-74.0132847376726"><time>2026-06-05T14:27:13Z</time></trkpt><trkpt lat="40.7491825415853" lon="-74.01330367344553"><time>2026-06-05T14:27:14Z</time></trkpt><trkpt lat="40.74915492884591" lon="-74.01332391992769"><time>2026-06-05T14:27:15Z</time></trkpt><trkpt lat="40.74912737112046" lon="-74.013341561015"><time>2026-06-05T14:27:16Z</time></trkpt><trkpt lat="40.74910323600175" lon="-74.01336083682776"><time>2026-06-05T14:27:17Z</time></trkpt><trkpt lat="40.74907814179336" lon="-74.01337918951972"><time>2026-06-05T14:27:18Z</time></trkpt><trkpt lat="40.74905401651893" lon="-74.01340046525767"><time>2026-06-05T14:27:19Z</time></trkpt><trkpt lat="40.74902872340374" lon="-74.0134236266058"><time>2026-06-05T14:27:20Z</time></trkpt><trkpt lat="40.749004504663226" lon="-74.0134423427746"><time>2026-06-05T14:27:21Z</time></trkpt><trkpt lat="40.74897730549774" lon="-74.013460470406"><time>2026-06-05T14:27:22Z</time></trkpt><trkpt lat="40.74895194824696" lon="-74.01348254810995"><time>2026-06-05T14:27:23Z</time></trkpt><trkpt lat="40.748925881214404" lon="-74.01349951898341"><time>2026-06-05T14:27:24Z</time></trkpt><trkpt lat="40.74890336543964" lon="-74.01352088163193"><time>2026-06-05T14:27:25Z</time></trkpt><trkpt lat="40.74887736317008" lon="-74.0135389229872"><time>2026-06-05T14:27:26Z</time></trkpt><trkpt lat="40.7488482918964" lon="-74.01355666923762"><time>2026-06-05T14:27:27Z</time></trkpt><trkpt lat="40.74882233997298" lon="-74.01357466707688"><time>2026-06-05T14:27:28Z</time></trkpt><trkpt lat="40.74879722015693" lon="-74.0135932157333"><time>2026-06-05T14:27:29Z</time></trkpt><trkpt lat="40.74877082393663" lon="-74.01360988961586"><time>2026-06-05T14:27:30Z</time></trkpt><trkpt lat="40.748746937278874" lon="-74.01362975222601"><time>2026-06-05T14:27:31Z</time></trkpt><trkpt lat="40.748721591788836" lon="-74.01364660500991"><time>2026-06-05T14:27:32Z</time></trkpt><trkpt lat="40.748695648264835" lon="-74.01366797132538"><time>2026-06-05T14:27:33Z</time></trkpt><trkpt lat="40.74866772507749" lon="-74.01368713131517"><time>2026-06-05T14:27:34Z</time></trkpt><trkpt lat="40.748639156984176" lon="-74.01370266141022"><time>2026-06-05T14:27:35Z</time></trkpt><trkpt lat="40.74861330225294" lon="-74.01372167285153"><time>2026-06-05T14:27:36Z</time></trkpt><trkpt lat="40.748587235428374" lon="-74.01373691736303"><time>2026-06-05T14:27:37Z</time></trkpt><trkpt lat="40.748561151688776" lon="-74.01375332173846"><time>2026-06-05T14:27:38Z</time></trkpt><trkpt lat="40.74853698148653" lon="-74.01377325017012"><time>2026-06-05T14:27:39Z</time></trkpt><trkpt lat="40.748511062078386" lon="-74.01379539473068"><time>2026-06-05T14:27:40Z</time></trkpt><trkpt lat="40.74848258605725" lon="-74.01381188291427"><time>2026-06-05T14:27:41Z</time></trkpt><trkpt lat="40.74845398427148" lon="-74.01382971601609"><time>2026-06-05T14:27:42Z</time></trkpt><trkpt lat="40.74842629541023" lon="-74.0138454282546"><time>2026-06-05T14:27:43Z</time></trkpt><trkpt lat="40.74839933930597" lon="-74.01386148814731"><time>2026-06-05T14:27:44Z</time></trkpt><trkpt lat="40.74837313035972" lon="-74.01388117239114"><time>2026-06-05T14:27:45Z</time></trkpt><trkpt lat="40.748347240574816" lon="-74.01389812715311"><time>2026-06-05T14:27:46Z</time></trkpt><trkpt lat="40.748320964798154" lon="-74.01391486411035"><time>2026-06-05T14:27:47Z</time></trkpt><trkpt lat="40.74829346293204" lon="-74.01393030960368"><time>2026-06-05T14:27:48Z</time></trkpt><trkpt lat="40.748264666404346" lon="-74.01394871296127"><time>2026-06-05T14:27:49Z</time></trkpt><trkpt lat="40.74823693863172" lon="-74.013964647974"><time>2026-06-05T14:27:50Z</time></trkpt><trkpt lat="40.748213322432655" lon="-74.01397990409599"><time>2026-06-05T14:27:51Z</time></trkpt><trkpt lat="40.74818426412957" lon="-74.01399627078472"><time>2026-06-05T14:27:52Z</time></trkpt><trkpt lat="40.74815575924498" lon="-74.01402201902236"><time>2026-06-05T14:27:53Z</time></trkpt><trkpt lat="40.74813101808477" lon="-74.01403598077769"><time>2026-06-05T14:27:54Z</time></trkpt><trkpt lat="40.74810890788468" lon="-74.01405479461299"><time>2026-06-05T14:27:55Z</time></trkpt><trkpt lat="40.748080357776516" lon="-74.0140664445422"><time>2026-06-05T14:27:56Z</time></trkpt><trkpt lat="40.74805078839479" lon="-74.01408245249476"><time>2026-06-05T14:27:57Z</time></trkpt><trkpt lat="40.748022965027666" lon="-74.01409875505169"><time>2026-06-05T14:27:58Z</time></trkpt><trkpt lat="40.747992992904415" lon="-74.01411750188461"><time>2026-06-05T14:27:59Z</time></trkpt><trkpt lat="40.74797259726836" lon="-74.0141333669803"><time>2026-06-05T14:28:00Z</time></trkpt><trkpt lat="40.74794480269667" lon="-74.01415005808494"><time>2026-06-05T14:28:01Z</time></trkpt><trkpt lat="40.747921235795076" lon="-74.01416640335299"><time>2026-06-05T14:28:02Z</time></trkpt><trkpt lat="40.747893238697486" lon="-74.01418511374344"><time>2026-06-05T14:28:03Z</time></trkpt><trkpt lat="40.747866055780726" lon="-74.01419918507065"><time>2026-06-05T14:28:04Z</time></trkpt><trkpt lat="40.747838031276956" lon="-74.01421550423997"><time>2026-06-05T14:28:05Z</time></trkpt><trkpt lat="40.747811385291" lon="-74.0142325262789"><time>2026-06-05T14:28:06Z</time></trkpt><trkpt lat="40.7477853372632" lon="-74.01424985986856"><time>2026-06-05T14:28:07Z</time></trkpt><trkpt lat="40.74775726094829" lon="-74.01425667305263"><time>2026-06-05T14:28:08Z</time></trkpt><trkpt lat="40.747728105664095" lon="-74.01426616072595"><time>2026-06-05T14:28:09Z</time></trkpt><trkpt lat="40.74770174900607" lon="-74.01427988436976"><time>2026-06-05T14:28:10Z</time></trkpt><trkpt lat="40.74767084961211" lon="-74.0142936359134"><time>2026-06-05T14:28:11Z</time></trkpt><trkpt lat="40.747643093484506" lon="-74.01430313004552"><time>2026-06-05T14:28:12Z</time></trkpt><trkpt lat="40.74761523873734" lon="-74.0143202410325"><time>2026-06-05T14:28:13Z</time></trkpt><trkpt lat="40.74759084140096" lon="-74.01434034156775"><time>2026-06-05T14:28:14Z</time></trkpt><trkpt lat="40.74756342656529" lon="-74.01435495595254"><time>2026-06-05T14:28:15Z</time></trkpt><trkpt lat="40.74753624476303" lon="-74.0143700916938"><time>2026-06-05T14:28:16Z</time></trkpt><trkpt lat="40.74750945858161" lon="-74.01438730231928"><time>2026-06-05T14:28:17Z</time></trkpt><trkpt lat="40.74748257541004" lon="-74.01440449826487"><time>2026-06-05T14:28:18Z</time></trkpt><trkpt lat="40.74745941833542" lon="-74.01442911932979"><time>2026-06-05T14:28:19Z</time></trkpt><trkpt lat="40.747432204177066" lon="-74.01444926188381"><time>2026-06-05T14:28:20Z</time></trkpt><trkpt lat="40.74740260117387" lon="-74.01446811551618"><time>2026-06-05T14:28:21Z</time></trkpt><trkpt lat="40.74737485482864" lon="-74.01448118896069"><time>2026-06-05T14:28:22Z</time></trkpt><trkpt lat="40.74734841809385" lon="-74.01449782984268"><time>2026-06-05T14:28:23Z</time></trkpt><trkpt lat="40.74732054234422" lon="-74.01450713011451"><time>2026-06-05T14:28:24Z</time></trkpt><trkpt lat="40.747291857480775" lon="-74.01451014080733"><time>2026-06-05T14:28:25Z</time></trkpt><trkpt lat="40.74726482840286" lon="-74.01451595372282"><time>2026-06-05T14:28:26Z</time></trkpt><trkpt lat="40.747238360544856" lon="-74.01453688513398"><time>2026-06-05T14:28:27Z</time></trkpt><trkpt lat="40.747212326851574" lon="-74.01455635647221"><time>2026-06-05T14:28:28Z</time></trkpt><trkpt lat="40.747189344574885" lon="-74.0145761518873"><time>2026-06-05T14:28:29Z</time></trkpt><trkpt lat="40.747168407281315" lon="-74.01459720482066"><time>2026-06-05T14:28:30Z</time></trkpt><trkpt lat="40.74714504988091" lon="-74.01461601091452"><time>2026-06-05T14:28:31Z</time></trkpt><trkpt lat="40.74712679337157" lon="-74.0146398624713"><time>2026-06-05T14:28:32Z</time></trkpt><trkpt lat="40.74710445405719" lon="-74.01466098225114"><time>2026-06-05T14:28:33Z</time></trkpt><trkpt lat="40.74708391639177" lon="-74.01468310384875"><time>2026-06-05T14:28:34Z</time></trkpt><trkpt lat="40.74706252353528" lon="-74.01470360779987"><time>2026-06-05T14:28:35Z</time></trkpt><trkpt lat="40.747043596482314" lon="-74.01472249710463"><time>2026-06-05T14:28:36Z</time></trkpt><trkpt lat="40.74702295859999" lon="-74.01474331791621"><time>2026-06-05T14:28:37Z</time></trkpt><trkpt lat="40.747001754498626" lon="-74.01476263683608"><time>2026-06-05T14:28:38Z</time></trkpt><trkpt lat="40.746982680851325" lon="-74.0147843893008"><time>2026-06-05T14:28:39Z</time></trkpt><trkpt lat="40.74696054426449" lon="-74.01480332560308"><time>2026-06-05T14:28:40Z</time></trkpt><trkpt lat="40.74693963099711" lon="-74.0148223941086"><time>2026-06-05T14:28:41Z</time></trkpt><trkpt lat="40.7469220526895" lon="-74.01485131919674"><time>2026-06-05T14:28:42Z</time></trkpt><trkpt lat="40.74689565793123" lon="-74.01487971375074"><time>2026-06-05T14:28:43Z</time></trkpt><trkpt lat="40.74687413884575" lon="-74.01488815463811"><time>2026-06-05T14:28:44Z</time></trkpt><trkpt lat="40.74685814386774" lon="-74.01490277316715"><time>2026-06-05T14:28:45Z</time></trkpt><trkpt lat="40.74683359873292" lon="-74.01492329441152"><time>2026-06-05T14:28:46Z</time></trkpt><trkpt lat="40.74680930493731" lon="-74.01493987110564"><time>2026-06-05T14:28:47Z</time></trkpt><trkpt lat="40.74679487861225" lon="-74.01496070388768"><time>2026-06-05T14:28:48Z</time></trkpt><trkpt lat="40.74677364378399" lon="-74.01497640779768"><time>2026-06-05T14:28:49Z</time></trkpt><trkpt lat="40.746751071047086" lon="-74.01499362185758"><time>2026-06-05T14:28:50Z</time></trkpt><trkpt lat="40.746730251521534" lon="-74.0150133135209"><time>2026-06-05T14:28:51Z</time></trkpt><trkpt lat="40.74670753373095" lon="-74.01503229516774"><time>2026-06-05T14:28:52Z</time></trkpt><trkpt lat="40.74668569257474" lon="-74.01505092927768"><time>2026-06-05T14:28:53Z</time></trkpt><trkpt lat="40.74666612099479" lon="-74.01507111538253"><time>2026-06-05T14:28:54Z</time></trkpt><trkpt lat="40.74664584852907" lon="-74.01509143452999"><time>2026-06-05T14:28:55Z</time></trkpt><trkpt lat="40.746623606043165" lon="-74.01510938769495"><time>2026-06-05T14:28:56Z</time></trkpt><trkpt lat="40.746604721835055" lon="-74.01512605214312"><time>2026-06-05T14:28:57Z</time></trkpt><trkpt lat="40.74658503581662" lon="-74.01514709906984"><time>2026-06-05T14:28:58Z</time></trkpt><trkpt lat="40.746565247153214" lon="-74.01516718100203"><time>2026-06-05T14:28:59Z</time></trkpt><trkpt lat="40.746545827153916" lon="-74.01518908552396"><time>2026-06-05T14:29:00Z</time></trkpt><trkpt lat="40.74652438628053" lon="-74.01520709346697"><time>2026-06-05T14:29:01Z</time></trkpt><trkpt lat="40.7465036880352" lon="-74.01522461693044"><time>2026-06-05T14:29:02Z</time></trkpt><trkpt lat="40.746482848291514" lon="-74.01524251217"><time>2026-06-05T14:29:03Z</time></trkpt><trkpt lat="40.74646253541049" lon="-74.01526102239893"><time>2026-06-05T14:29:04Z</time></trkpt><trkpt lat="40.74644104323755" lon="-74.01527985660597"><time>2026-06-05T14:29:05Z</time></trkpt><trkpt lat="40.74642107299218" lon="-74.01529904166883"><time>2026-06-05T14:29:06Z</time></trkpt><trkpt lat="40.746400186028104" lon="-74.01532054270564"><time>2026-06-05T14:29:07Z</time></trkpt><trkpt lat="40.74638095093945" lon="-74.01534000261806"><time>2026-06-05T14:29:08Z</time></trkpt><trkpt lat="40.7463600079259" lon="-74.01535788719904"><time>2026-06-05T14:29:09Z</time></trkpt><trkpt lat="40.746341417067995" lon="-74.01537671165195"><time>2026-06-05T14:29:10Z</time></trkpt><trkpt lat="40.74632011003966" lon="-74.01539488446777"><time>2026-06-05T14:29:11Z</time></trkpt><trkpt lat="40.746297911273416" lon="-74.01541422191289"><time>2026-06-05T14:29:12Z</time></trkpt><trkpt lat="40.74627837260214" lon="-74.01543223513745"><time>2026-06-05T14:29:13Z</time></trkpt><trkpt lat="40.74625729824085" lon="-74.01545075424167"><time>2026-06-05T14:29:14Z</time></trkpt><trkpt lat="40.74623631724246" lon="-74.01546807869354"><time>2026-06-05T14:29:15Z</time></trkpt><trkpt lat="40.746217248329394" lon="-74.01548583811923"><time>2026-06-05T14:29:16Z</time></trkpt><trkpt lat="40.746194512480976" lon="-74.01550321372267"><time>2026-06-05T14:29:17Z</time></trkpt><trkpt lat="40.74617409243021" lon="-74.01551991643406"><time>2026-06-05T14:29:18Z</time></trkpt><trkpt lat="40.746152856165885" lon="-74.01553704899767"><time>2026-06-05T14:29:19Z</time></trkpt><trkpt lat="40.746133647988266" lon="-74.01555731552415"><time>2026-06-05T14:29:20Z</time></trkpt><trkpt lat="40.7461162179162" lon="-74.01557568365332"><time>2026-06-05T14:29:21Z</time></trkpt><trkpt lat="40.74609711272241" lon="-74.01559476429169"><time>2026-06-05T14:29:22Z</time></trkpt><trkpt lat="40.74609655860287" lon="-74.01562110482007"><time>2026-06-05T14:29:23Z</time></trkpt><trkpt lat="40.746069007164095" lon="-74.01564313643473"><time>2026-06-05T14:29:24Z</time></trkpt><trkpt lat="40.746049739469385" lon="-74.01565972280883"><time>2026-06-05T14:29:25Z</time></trkpt><trkpt lat="40.74603023087483" lon="-74.01568048322048"><time>2026-06-05T14:29:26Z</time></trkpt><trkpt lat="40.74601261801323" lon="-74.01569652120217"><time>2026-06-05T14:29:27Z</time></trkpt><trkpt lat="40.745996343631276" lon="-74.01571388768562"><time>2026-06-05T14:29:28Z</time></trkpt><trkpt lat="40.74597609152959" lon="-74.01573164617014"><time>2026-06-05T14:29:29Z</time></trkpt><trkpt lat="40.74595536114927" lon="-74.01574735870057"><time>2026-06-05T14:29:30Z</time></trkpt><trkpt lat="40.74593573425903" lon="-74.01576337024827"><time>2026-06-05T14:29:31Z</time></trkpt><trkpt lat="40.74591478910372" lon="-74.01577890347453"><time>2026-06-05T14:29:32Z</time></trkpt><trkpt lat="40.74589352882593" lon="-74.0157929168739"><time>2026-06-05T14:29:33Z</time></trkpt><trkpt lat="40.745876705590454" lon="-74.01581008263092"><time>2026-06-05T14:29:34Z</time></trkpt><trkpt lat="40.745859585518254" lon="-74.015825397746"><time>2026-06-05T14:29:35Z</time></trkpt><trkpt lat="40.74584200640661" lon="-74.01584122538489"><time>2026-06-05T14:29:36Z</time></trkpt><trkpt lat="40.74582418809607" lon="-74.01585690040676"><time>2026-06-05T14:29:37Z</time></trkpt><trkpt lat="40.745808182911844" lon="-74.01587145348854"><time>2026-06-05T14:29:38Z</time></trkpt><trkpt lat="40.74579161773571" lon="-74.01588811036387"><time>2026-06-05T14:29:39Z</time></trkpt><trkpt lat="40.74577401705395" lon="-74.01590461851383"><time>2026-06-05T14:29:40Z</time></trkpt><trkpt lat="40.74575654402851" lon="-74.01591891255536"><time>2026-06-05T14:29:41Z</time></trkpt><trkpt lat="40.745737788151914" lon="-74.01593433600198"><time>2026-06-05T14:29:42Z</time></trkpt><trkpt lat="40.74572057522806" lon="-74.01594833693991"><time>2026-06-05T14:29:43Z</time></trkpt><trkpt lat="40.74570142030827" lon="-74.01596502389151"><time>2026-06-05T14:29:44Z</time></trkpt><trkpt lat="40.745683874810716" lon="-74.01598104153801"><time>2026-06-05T14:29:45Z</time></trkpt><trkpt lat="40.745665522244366" lon="-74.01599768927227"><time>2026-06-05T14:29:46Z</time></trkpt><trkpt lat="40.7456477320126" lon="-74.01601606391426"><time>2026-06-05T14:29:47Z</time></trkpt><trkpt lat="40.745628280867905" lon="-74.01603569642812"><time>2026-06-05T14:29:48Z</time></trkpt><trkpt lat="40.74561083220465" lon="-74.01605402327122"><time>2026-06-05T14:29:49Z</time></trkpt><trkpt lat="40.74559218803987" lon="-74.01607030618048"><time>2026-06-05T14:29:50Z</time></trkpt><trkpt lat="40.74557645897988" lon="-74.01608877627942"><time>2026-06-05T14:29:51Z</time></trkpt><trkpt lat="40.745558031014106" lon="-74.01610874637467"><time>2026-06-05T14:29:52Z</time></trkpt><trkpt lat="40.745538121505525" lon="-74.01612626059894"><time>2026-06-05T14:29:53Z</time></trkpt><trkpt lat="40.74552061185278" lon="-74.01614470934192"><time>2026-06-05T14:29:54Z</time></trkpt><trkpt lat="40.74550583240965" lon="-74.01616796015631"><time>2026-06-05T14:29:55Z</time></trkpt><trkpt lat="40.74548609052967" lon="-74.0161880157561"><time>2026-06-05T14:29:56Z</time></trkpt><trkpt lat="40.74546902672912" lon="-74.01620447399833"><time>2026-06-05T14:29:57Z</time></trkpt><trkpt lat="40.74544992546763" lon="-74.0162255007211"><time>2026-06-05T14:29:58Z</time></trkpt><trkpt lat="40.74543407678634" lon="-74.01624390448073"><time>2026-06-05T14:29:59Z</time></trkpt><trkpt lat="40.74541301409848" lon="-74.01626387632096"><time>2026-06-05T14:30:00Z</time></trkpt><trkpt lat="40.74539725186374" lon="-74.01628462088577"><time>2026-06-05T14:30:01Z</time></trkpt><trkpt lat="40.74537846966842" lon="-74.01630383932766"><time>2026-06-05T14:30:02Z</time></trkpt><trkpt lat="40.74535665794861" lon="-74.0163191349568"><time>2026-06-05T14:30:03Z</time></trkpt><trkpt lat="40.74533732151976" lon="-74.01633721167462"><time>2026-06-05T14:30:04Z</time></trkpt><trkpt lat="40.74531650179016" lon="-74.01635280239661"><time>2026-06-05T14:30:05Z</time></trkpt><trkpt lat="40.74529319763244" lon="-74.01636548829511"><time>2026-06-05T14:30:06Z</time></trkpt><trkpt lat="40.7452707942112" lon="-74.01638028142023"><time>2026-06-05T14:30:07Z</time></trkpt><trkpt lat="40.74524851266756" lon="-74.01639510668072"><time>2026-06-05T14:30:08Z</time></trkpt><trkpt lat="40.74522612645366" lon="-74.01640884012211"><time>2026-06-05T14:30:09Z</time></trkpt><trkpt lat="40.745204217576145" lon="-74.01642203941829"><time>2026-06-05T14:30:10Z</time></trkpt><trkpt lat="40.74518121363772" lon="-74.01643435510421"><time>2026-06-05T14:30:11Z</time></trkpt><trkpt lat="40.74515816553901" lon="-74.01644965608745"><time>2026-06-05T14:30:12Z</time></trkpt><trkpt lat="40.74513628082272" lon="-74.016463635819"><time>2026-06-05T14:30:13Z</time></trkpt><trkpt lat="40.74511157092699" lon="-74.0164752085793"><time>2026-06-05T14:30:14Z</time></trkpt><trkpt lat="40.74508894999271" lon="-74.01648654895783"><time>2026-06-05T14:30:15Z</time></trkpt><trkpt lat="40.74506441053464" lon="-74.0165001757318"><time>2026-06-05T14:30:16Z</time></trkpt><trkpt lat="40.74504253173846" lon="-74.01652003010724"><time>2026-06-05T14:30:17Z</time></trkpt><trkpt lat="40.745018022763766" lon="-74.01653244985971"><time>2026-06-05T14:30:18Z</time></trkpt><trkpt lat="40.74499496785125" lon="-74.01654073422384"><time>2026-06-05T14:30:19Z</time></trkpt><trkpt lat="40.74497012994978" lon="-74.01654800402227"><time>2026-06-05T14:30:20Z</time></trkpt><trkpt lat="40.74494674332724" lon="-74.01655156482217"><time>2026-06-05T14:30:21Z</time></trkpt><trkpt lat="40.74492421092023" lon="-74.01655050201083"><time>2026-06-05T14:30:22Z</time></trkpt><trkpt lat="40.74490281542225" lon="-74.01655776959946"><time>2026-06-05T14:30:23Z</time></trkpt><trkpt lat="40.744878184891284" lon="-74.01656486318602"><time>2026-06-05T14:30:24Z</time></trkpt><trkpt lat="40.74485888010371" lon="-74.01657291117854"><time>2026-06-05T14:30:25Z</time></trkpt><trkpt lat="40.74483912018562" lon="-74.0165813623121"><time>2026-06-05T14:30:26Z</time></trkpt><trkpt lat="40.74482207342172" lon="-74.01659104659905"><time>2026-06-05T14:30:27Z</time></trkpt><trkpt lat="40.744804154095974" lon="-74.01660121889392"><time>2026-06-05T14:30:28Z</time></trkpt><trkpt lat="40.74478672138115" lon="-74.01661048388215"><time>2026-06-05T14:30:29Z</time></trkpt><trkpt lat="40.74475483783189" lon="-74.01662753414422"><time>2026-06-05T14:30:31Z</time></trkpt><trkpt lat="40.74472471945929" lon="-74.01664175823593"><time>2026-06-05T14:30:33Z</time></trkpt><trkpt lat="40.744692630392024" lon="-74.01665665729713"><time>2026-06-05T14:30:35Z</time></trkpt><trkpt lat="40.74466342263795" lon="-74.01667080715491"><time>2026-06-05T14:30:37Z</time></trkpt><trkpt lat="40.74463345698919" lon="-74.0166840941715"><time>2026-06-05T14:30:39Z</time></trkpt><trkpt lat="40.744604697440025" lon="-74.01669601116295"><time>2026-06-05T14:30:41Z</time></trkpt><trkpt lat="40.74457829747854" lon="-74.01670727171481"><time>2026-06-05T14:30:43Z</time></trkpt><trkpt lat="40.744552541636494" lon="-74.01671761539397"><time>2026-06-05T14:30:45Z</time></trkpt><trkpt lat="40.74452546093865" lon="-74.01672822949486"><time>2026-06-05T14:30:47Z</time></trkpt><trkpt lat="40.744498916814216" lon="-74.01674002709889"><time>2026-06-05T14:30:49Z</time></trkpt><trkpt lat="40.74447503957258" lon="-74.01675073093037"><time>2026-06-05T14:30:51Z</time></trkpt><trkpt lat="40.74444899826461" lon="-74.01676072358478"><time>2026-06-05T14:30:53Z</time></trkpt><trkpt lat="40.74442509260436" lon="-74.01676956351719"><time>2026-06-05T14:30:55Z</time></trkpt><trkpt lat="40.74440079000595" lon="-74.01677810066386"><time>2026-06-05T14:30:57Z</time></trkpt><trkpt lat="40.744375489275" lon="-74.0167867720479"><time>2026-06-05T14:30:59Z</time></trkpt><trkpt lat="40.74435184269038" lon="-74.01679497830264"><time>2026-06-05T14:31:01Z</time></trkpt><trkpt lat="40.7443276773498" lon="-74.01680348851025"><time>2026-06-05T14:31:03Z</time></trkpt><trkpt lat="40.744302400898626" lon="-74.01681261868674"><time>2026-06-05T14:31:05Z</time></trkpt><trkpt lat="40.744277478294265" lon="-74.01682067913676"><time>2026-06-05T14:31:07Z</time></trkpt><trkpt lat="40.74425118986842" lon="-74.01682651946172"><time>2026-06-05T14:31:09Z</time></trkpt><trkpt lat="40.74422820544446" lon="-74.0168382736387"><time>2026-06-05T14:31:11Z</time></trkpt><trkpt lat="40.74420517899886" lon="-74.01684702595857"><time>2026-06-05T14:31:13Z</time></trkpt><trkpt lat="40.74418152600766" lon="-74.01685589285597"><time>2026-06-05T14:31:15Z</time></trkpt><trkpt lat="40.74415901299221" lon="-74.01686678989932"><time>2026-06-05T14:31:17Z</time></trkpt><trkpt lat="40.74413893715372" lon="-74.01687974578326"><time>2026-06-05T14:31:19Z</time></trkpt><trkpt lat="40.744117320633684" lon="-74.01689121438878"><time>2026-06-05T14:31:21Z</time></trkpt><trkpt lat="40.744096650397545" lon="-74.01690419976691"><time>2026-06-05T14:31:23Z</time></trkpt><trkpt lat="40.744080394177985" lon="-74.01691926785027"><time>2026-06-05T14:31:25Z</time></trkpt><trkpt lat="40.74406296625214" lon="-74.01693421620553"><time>2026-06-05T14:31:27Z</time></trkpt><trkpt lat="40.74403964554426" lon="-74.01695159845471"><time>2026-06-05T14:31:29Z</time></trkpt><trkpt lat="40.74402177445183" lon="-74.01696863040651"><time>2026-06-05T14:31:31Z</time></trkpt><trkpt lat="40.744007238943446" lon="-74.01698625207206"><time>2026-06-05T14:31:33Z</time></trkpt><trkpt lat="40.74398807499638" lon="-74.01701316333053"><time>2026-06-05T14:31:36Z</time></trkpt><trkpt lat="40.74397506918929" lon="-74.01703064874398"><time>2026-06-05T14:31:38Z</time></trkpt><trkpt lat="40.74396122028673" lon="-74.01704887829699"><time>2026-06-05T14:31:40Z</time></trkpt><trkpt lat="40.74394628129649" lon="-74.01706793990012"><time>2026-06-05T14:31:42Z</time></trkpt><trkpt lat="40.743927518102645" lon="-74.01709345462385"><time>2026-06-05T14:31:45Z</time></trkpt><trkpt lat="40.74391460672106" lon="-74.01711111907882"><time>2026-06-05T14:31:47Z</time></trkpt><trkpt lat="40.7439003413799" lon="-74.01712883332182"><time>2026-06-05T14:31:49Z</time></trkpt><trkpt lat="40.74388692342193" lon="-74.01714914701911"><time>2026-06-05T14:31:51Z</time></trkpt><trkpt lat="40.74386738155197" lon="-74.01717756543896"><time>2026-06-05T14:31:54Z</time></trkpt><trkpt lat="40.74384995292952" lon="-74.0171919611535"><time>2026-06-05T14:31:56Z</time></trkpt><trkpt lat="40.74383209895349" lon="-74.01721137967625"><time>2026-06-05T14:31:58Z</time></trkpt><trkpt lat="40.74381406127701" lon="-74.0172240414812"><time>2026-06-05T14:32:00Z</time></trkpt><trkpt lat="40.7437970661923" lon="-74.01724305274563"><time>2026-06-05T14:32:02Z</time></trkpt><trkpt lat="40.74378190516662" lon="-74.01725704339336"><time>2026-06-05T14:32:04Z</time></trkpt><trkpt lat="40.74376235468777" lon="-74.01726757992355"><time>2026-06-05T14:32:06Z</time></trkpt><trkpt lat="40.74374019852354" lon="-74.01727504600171"><time>2026-06-05T14:32:08Z</time></trkpt><trkpt lat="40.743718830658324" lon="-74.01728192785433"><time>2026-06-05T14:32:10Z</time></trkpt><trkpt lat="40.74369712382499" lon="-74.01728505393447"><time>2026-06-05T14:32:12Z</time></trkpt><trkpt lat="40.743672406357405" lon="-74.01728837737176"><time>2026-06-05T14:32:14Z</time></trkpt><trkpt lat="40.74364729548661" lon="-74.01730055627611"><time>2026-06-05T14:32:16Z</time></trkpt><trkpt lat="40.74362517667699" lon="-74.01730766077561"><time>2026-06-05T14:32:18Z</time></trkpt><trkpt lat="40.74359731441376" lon="-74.01731587547864"><time>2026-06-05T14:32:20Z</time></trkpt><trkpt lat="40.74357577938833" lon="-74.01732263058877"><time>2026-06-05T14:32:22Z</time></trkpt><trkpt lat="40.74354861019916" lon="-74.01732779934328"><time>2026-06-05T14:32:24Z</time></trkpt><trkpt lat="40.74352450257029" lon="-74.01733787766901"><time>2026-06-05T14:32:26Z</time></trkpt><trkpt lat="40.743500647821556" lon="-74.01734423889222"><time>2026-06-05T14:32:28Z</time></trkpt><trkpt lat="40.743476946087135" lon="-74.01735474045498"><time>2026-06-05T14:32:30Z</time></trkpt><trkpt lat="40.74345644737787" lon="-74.01736315261284"><time>2026-06-05T14:32:32Z</time></trkpt><trkpt lat="40.74343368678533" lon="-74.01737373230479"><time>2026-06-05T14:32:34Z</time></trkpt><trkpt lat="40.7434135201845" lon="-74.01738671020502"><time>2026-06-05T14:32:36Z</time></trkpt><trkpt lat="40.74339066139003" lon="-74.0173972965104"><time>2026-06-05T14:32:38Z</time></trkpt><trkpt lat="40.743368339799375" lon="-74.0174137260319"><time>2026-06-05T14:32:40Z</time></trkpt><trkpt lat="40.74334706468096" lon="-74.01742761357555"><time>2026-06-05T14:32:42Z</time></trkpt><trkpt lat="40.74332844955698" lon="-74.01744403018304"><time>2026-06-05T14:32:44Z</time></trkpt><trkpt lat="40.743305926521316" lon="-74.01745715110218"><time>2026-06-05T14:32:46Z</time></trkpt><trkpt lat="40.74328072143742" lon="-74.01747901310594"><time>2026-06-05T14:32:48Z</time></trkpt><trkpt lat="40.743262546282565" lon="-74.01748807135516"><time>2026-06-05T14:32:50Z</time></trkpt><trkpt lat="40.743240517717744" lon="-74.01750081716803"><time>2026-06-05T14:32:52Z</time></trkpt><trkpt lat="40.743219689869456" lon="-74.0175118056356"><time>2026-06-05T14:32:54Z</time></trkpt><trkpt lat="40.743195139638715" lon="-74.01752791544435"><time>2026-06-05T14:32:57Z</time></trkpt><trkpt lat="40.743177887603274" lon="-74.01754784774707"><time>2026-06-05T14:32:59Z</time></trkpt><trkpt lat="40.74315081173593" lon="-74.01755185384398"><time>2026-06-05T14:33:01Z</time></trkpt><trkpt lat="40.743124445937866" lon="-74.01756483182054"><time>2026-06-05T14:33:04Z</time></trkpt><trkpt lat="40.74310427549367" lon="-74.01757557259417"><time>2026-06-05T14:33:06Z</time></trkpt><trkpt lat="40.7430843002133" lon="-74.01758383652418"><time>2026-06-05T14:33:08Z</time></trkpt><trkpt lat="40.74306050242554" lon="-74.01760132139069"><time>2026-06-05T14:33:10Z</time></trkpt><trkpt lat="40.74304612229199" lon="-74.01758625810957"><time>2026-06-05T14:33:11Z</time></trkpt><trkpt lat="40.74302466491551" lon="-74.01759142343242"><time>2026-06-05T14:33:13Z</time></trkpt><trkpt lat="40.74300479775834" lon="-74.01759169634617"><time>2026-06-05T14:33:15Z</time></trkpt><trkpt lat="40.74297542359675" lon="-74.01759565668155"><time>2026-06-05T14:33:18Z</time></trkpt><trkpt lat="40.7429453327716" lon="-74.01759579177306"><time>2026-06-05T14:33:20Z</time></trkpt><trkpt lat="40.74291751960035" lon="-74.01759618438489"><time>2026-06-05T14:33:22Z</time></trkpt><trkpt lat="40.74289639336676" lon="-74.01759350911482"><time>2026-06-05T14:33:24Z</time></trkpt><trkpt lat="40.742872774578544" lon="-74.01758918063541"><time>2026-06-05T14:33:26Z</time></trkpt><trkpt lat="40.742848275264016" lon="-74.01758731218833"><time>2026-06-05T14:33:28Z</time></trkpt><trkpt lat="40.742823911580594" lon="-74.0175868943974"><time>2026-06-05T14:33:30Z</time></trkpt><trkpt lat="40.74280177911179" lon="-74.01758562681862"><time>2026-06-05T14:33:32Z</time></trkpt><trkpt lat="40.74277697630883" lon="-74.01758448801598"><time>2026-06-05T14:33:34Z</time></trkpt><trkpt lat="40.74275295363398" lon="-74.01758433474471"><time>2026-06-05T14:33:36Z</time></trkpt><trkpt lat="40.742729214738425" lon="-74.01758430819959"><time>2026-06-05T14:33:38Z</time></trkpt><trkpt lat="40.74270707928925" lon="-74.01758796839525"><time>2026-06-05T14:33:40Z</time></trkpt><trkpt lat="40.742686184103" lon="-74.01758900653796"><time>2026-06-05T14:33:42Z</time></trkpt><trkpt lat="40.74266376006862" lon="-74.01759318728892"><time>2026-06-05T14:33:44Z</time></trkpt><trkpt lat="40.74264426197054" lon="-74.0175971839547"><time>2026-06-05T14:33:46Z</time></trkpt><trkpt lat="40.74262220001787" lon="-74.01759929852393"><time>2026-06-05T14:33:48Z</time></trkpt><trkpt lat="40.742600149428064" lon="-74.01760141245987"><time>2026-06-05T14:33:50Z</time></trkpt><trkpt lat="40.742578750694776" lon="-74.01760567391865"><time>2026-06-05T14:33:52Z</time></trkpt><trkpt lat="40.74256121735201" lon="-74.01761203753226"><time>2026-06-05T14:33:54Z</time></trkpt><trkpt lat="40.742536942526066" lon="-74.01760946227682"><time>2026-06-05T14:33:56Z</time></trkpt><trkpt lat="40.74251709524251" lon="-74.01761715122994"><time>2026-06-05T14:33:58Z</time></trkpt><trkpt lat="40.742497180353816" lon="-74.01762207107265"><time>2026-06-05T14:34:00Z</time></trkpt><trkpt lat="40.742476594651585" lon="-74.01764541680826"><time>2026-06-05T14:34:02Z</time></trkpt><trkpt lat="40.74245208792938" lon="-74.0176471890595"><time>2026-06-05T14:34:04Z</time></trkpt><trkpt lat="40.7424282697029" lon="-74.01766486219962"><time>2026-06-05T14:34:07Z</time></trkpt><trkpt lat="40.742401759067214" lon="-74.0176746736356"><time>2026-06-05T14:34:10Z</time></trkpt><trkpt lat="40.742382499985126" lon="-74.01767886320846"><time>2026-06-05T14:34:12Z</time></trkpt><trkpt lat="40.74236249906765" lon="-74.0176862013255"><time>2026-06-05T14:34:14Z</time></trkpt><trkpt lat="40.74233729588609" lon="-74.01768990921481"><time>2026-06-05T14:34:16Z</time></trkpt><trkpt lat="40.74231030272111" lon="-74.01769912041183"><time>2026-06-05T14:34:19Z</time></trkpt><trkpt lat="40.742291017927705" lon="-74.0177038331565"><time>2026-06-05T14:34:21Z</time></trkpt><trkpt lat="40.74227104103183" lon="-74.01770655818508"><time>2026-06-05T14:34:23Z</time></trkpt><trkpt lat="40.74224996447463" lon="-74.01771344684634"><time>2026-06-05T14:34:25Z</time></trkpt><trkpt lat="40.74222738990292" lon="-74.01771692887905"><time>2026-06-05T14:34:27Z</time></trkpt><trkpt lat="40.74220717576743" lon="-74.01772103903915"><time>2026-06-05T14:34:29Z</time></trkpt><trkpt lat="40.74218650018038" lon="-74.01772456817115"><time>2026-06-05T14:34:31Z</time></trkpt><trkpt lat="40.74216601385926" lon="-74.01772668227379"><time>2026-06-05T14:34:33Z</time></trkpt><trkpt lat="40.742144118315515" lon="-74.0177308940248"><time>2026-06-05T14:34:35Z</time></trkpt><trkpt lat="40.74212295935768" lon="-74.01773647006934"><time>2026-06-05T14:34:37Z</time></trkpt><trkpt lat="40.74210120305663" lon="-74.01774081978749"><time>2026-06-05T14:34:39Z</time></trkpt><trkpt lat="40.74208114722662" lon="-74.01774677300985"><time>2026-06-05T14:34:41Z</time></trkpt><trkpt lat="40.74206115812633" lon="-74.01775244354673"><time>2026-06-05T14:34:43Z</time></trkpt><trkpt lat="40.74203093253797" lon="-74.01775857873282"><time>2026-06-05T14:34:46Z</time></trkpt><trkpt lat="40.74200770804374" lon="-74.0177688439815"><time>2026-06-05T14:34:48Z</time></trkpt><trkpt lat="40.741987921184865" lon="-74.01777346192176"><time>2026-06-05T14:34:50Z</time></trkpt><trkpt lat="40.74196760210788" lon="-74.01778020790145"><time>2026-06-05T14:34:52Z</time></trkpt><trkpt lat="40.74194720171243" lon="-74.01778948749809"><time>2026-06-05T14:34:54Z</time></trkpt><trkpt lat="40.741925852258426" lon="-74.01779591993542"><time>2026-06-05T14:34:56Z</time></trkpt><trkpt lat="40.741906444291914" lon="-74.01780393060713"><time>2026-06-05T14:34:58Z</time></trkpt><trkpt lat="40.741888801442244" lon="-74.01781297593261"><time>2026-06-05T14:35:00Z</time></trkpt><trkpt lat="40.74186854759883" lon="-74.01782007081775"><time>2026-06-05T14:35:02Z</time></trkpt><trkpt lat="40.74184991380243" lon="-74.01782623139313"><time>2026-06-05T14:35:04Z</time></trkpt><trkpt lat="40.741825017488864" lon="-74.0178393244484"><time>2026-06-05T14:35:06Z</time></trkpt><trkpt lat="40.74179961864101" lon="-74.01783940646594"><time>2026-06-05T14:35:09Z</time></trkpt><trkpt lat="40.741777748413945" lon="-74.01784493888454"><time>2026-06-05T14:35:11Z</time></trkpt><trkpt lat="40.741759432358" lon="-74.017854166233"><time>2026-06-05T14:35:13Z</time></trkpt><trkpt lat="40.74173686545201" lon="-74.0178580122819"><time>2026-06-05T14:35:15Z</time></trkpt><trkpt lat="40.74171871752189" lon="-74.01786444834897"><time>2026-06-05T14:35:17Z</time></trkpt><trkpt lat="40.74169686739229" lon="-74.01786635371998"><time>2026-06-05T14:35:19Z</time></trkpt><trkpt lat="40.7416766631325" lon="-74.01787150774983"><time>2026-06-05T14:35:21Z</time></trkpt><trkpt lat="40.741653280444154" lon="-74.01787658073607"><time>2026-06-05T14:35:23Z</time></trkpt><trkpt lat="40.741631348809854" lon="-74.01788118351362"><time>2026-06-05T14:35:25Z</time></trkpt><trkpt lat="40.741611500536514" lon="-74.01788415892578"><time>2026-06-05T14:35:27Z</time></trkpt><trkpt lat="40.741589534565" lon="-74.01788934655715"><time>2026-06-05T14:35:29Z</time></trkpt><trkpt lat="40.74156504101041" lon="-74.01789611000697"><time>2026-06-05T14:35:31Z</time></trkpt><trkpt lat="40.74154466360918" lon="-74.01790146300782"><time>2026-06-05T14:35:33Z</time></trkpt><trkpt lat="40.74152636960846" lon="-74.01789669887256"><time>2026-06-05T14:35:35Z</time></trkpt><trkpt lat="40.74150349864248" lon="-74.01790127802411"><time>2026-06-05T14:35:37Z</time></trkpt><trkpt lat="40.74148047983899" lon="-74.01790712733468"><time>2026-06-05T14:35:39Z</time></trkpt><trkpt lat="40.74145352287512" lon="-74.01790652142444"><time>2026-06-05T14:35:41Z</time></trkpt><trkpt lat="40.74143237929244" lon="-74.01790731735176"><time>2026-06-05T14:35:43Z</time></trkpt><trkpt lat="40.7414079955682" lon="-74.01791095408058"><time>2026-06-05T14:35:45Z</time></trkpt><trkpt lat="40.74138516391579" lon="-74.0179147952233"><time>2026-06-05T14:35:47Z</time></trkpt><trkpt lat="40.74136472317229" lon="-74.01792040406816"><time>2026-06-05T14:35:49Z</time></trkpt><trkpt lat="40.74133950078485" lon="-74.01792699936192"><time>2026-06-05T14:35:51Z</time></trkpt><trkpt lat="40.74131764544821" lon="-74.0179331417539"><time>2026-06-05T14:35:53Z</time></trkpt><trkpt lat="40.741294147672534" lon="-74.01794327728288"><time>2026-06-05T14:35:55Z</time></trkpt><trkpt lat="40.741273133643894" lon="-74.01794550501066"><time>2026-06-05T14:35:57Z</time></trkpt><trkpt lat="40.74125045967733" lon="-74.01795176563131"><time>2026-06-05T14:35:59Z</time></trkpt><trkpt lat="40.74122859398396" lon="-74.01795546152324"><time>2026-06-05T14:36:01Z</time></trkpt><trkpt lat="40.74120869239943" lon="-74.01795921667927"><time>2026-06-05T14:36:03Z</time></trkpt><trkpt lat="40.74118795969399" lon="-74.01796984649917"><time>2026-06-05T14:36:05Z</time></trkpt><trkpt lat="40.74116314705406" lon="-74.0179779124039"><time>2026-06-05T14:36:07Z</time></trkpt><trkpt lat="40.741142530713205" lon="-74.01797601636467"><time>2026-06-05T14:36:09Z</time></trkpt><trkpt lat="40.74112293205171" lon="-74.01798474602087"><time>2026-06-05T14:36:11Z</time></trkpt><trkpt lat="40.74110130628542" lon="-74.01799497735735"><time>2026-06-05T14:36:13Z</time></trkpt><trkpt lat="40.741078395495144" lon="-74.0179992303952"><time>2026-06-05T14:36:15Z</time></trkpt><trkpt lat="40.74105647439183" lon="-74.01800486149605"><time>2026-06-05T14:36:17Z</time></trkpt><trkpt lat="40.74103600124357" lon="-74.01801412357268"><time>2026-06-05T14:36:19Z</time></trkpt><trkpt lat="40.74101245743361" lon="-74.01802211456662"><time>2026-06-05T14:36:21Z</time></trkpt><trkpt lat="40.74099083030764" lon="-74.01802698192834"><time>2026-06-05T14:36:23Z</time></trkpt><trkpt lat="40.74096336203715" lon="-74.01803910361926"><time>2026-06-05T14:36:26Z</time></trkpt><trkpt lat="40.740944884185836" lon="-74.01804537604737"><time>2026-06-05T14:36:28Z</time></trkpt><trkpt lat="40.740927371545375" lon="-74.0180602402878"><time>2026-06-05T14:36:30Z</time></trkpt><trkpt lat="40.74090497793382" lon="-74.0180680611302"><time>2026-06-05T14:36:32Z</time></trkpt><trkpt lat="40.74088435939281" lon="-74.01807886736081"><time>2026-06-05T14:36:34Z</time></trkpt><trkpt lat="40.74086563426797" lon="-74.01807854688779"><time>2026-06-05T14:36:36Z</time></trkpt><trkpt lat="40.740847133602834" lon="-74.01808955487917"><time>2026-06-05T14:36:38Z</time></trkpt><trkpt lat="40.74082710459688" lon="-74.01809379726683"><time>2026-06-05T14:36:40Z</time></trkpt><trkpt lat="40.74080580291501" lon="-74.01810638608056"><time>2026-06-05T14:36:42Z</time></trkpt><trkpt lat="40.74078769752773" lon="-74.0181212950675"><time>2026-06-05T14:36:44Z</time></trkpt><trkpt lat="40.74076638646026" lon="-74.01812491489669"><time>2026-06-05T14:36:46Z</time></trkpt><trkpt lat="40.74074083735671" lon="-74.01812885181074"><time>2026-06-05T14:36:49Z</time></trkpt><trkpt lat="40.740720321105094" lon="-74.0181388682486"><time>2026-06-05T14:36:51Z</time></trkpt><trkpt lat="40.74070186416623" lon="-74.01814895199581"><time>2026-06-05T14:36:53Z</time></trkpt><trkpt lat="40.740681919704194" lon="-74.01815712818433"><time>2026-06-05T14:36:55Z</time></trkpt><trkpt lat="40.74066327288964" lon="-74.01816731323582"><time>2026-06-05T14:36:57Z</time></trkpt><trkpt lat="40.740643869794496" lon="-74.01817854991475"><time>2026-06-05T14:36:59Z</time></trkpt><trkpt lat="40.74062009401176" lon="-74.01819662389443"><time>2026-06-05T14:37:02Z</time></trkpt><trkpt lat="40.740602703034135" lon="-74.0182107557692"><time>2026-06-05T14:37:04Z</time></trkpt><trkpt lat="40.7405858273249" lon="-74.01822207884842"><time>2026-06-05T14:37:06Z</time></trkpt><trkpt lat="40.74056968002897" lon="-74.01823703962134"><time>2026-06-05T14:37:08Z</time></trkpt><trkpt lat="40.74055308270968" lon="-74.0182496986544"><time>2026-06-05T14:37:10Z</time></trkpt><trkpt lat="40.740529834917204" lon="-74.01826625661236"><time>2026-06-05T14:37:13Z</time></trkpt><trkpt lat="40.74051120764165" lon="-74.0182775033517"><time>2026-06-05T14:37:15Z</time></trkpt><trkpt lat="40.74049311186294" lon="-74.01828738797299"><time>2026-06-05T14:37:17Z</time></trkpt><trkpt lat="40.74047373909503" lon="-74.01829967937508"><time>2026-06-05T14:37:19Z</time></trkpt><trkpt lat="40.74045347225413" lon="-74.01830558001487"><time>2026-06-05T14:37:21Z</time></trkpt><trkpt lat="40.7404340649117" lon="-74.018312502033"><time>2026-06-05T14:37:23Z</time></trkpt><trkpt lat="40.740410440908" lon="-74.0183199347979"><time>2026-06-05T14:37:25Z</time></trkpt><trkpt lat="40.74038251376363" lon="-74.01832038056585"><time>2026-06-05T14:37:28Z</time></trkpt><trkpt lat="40.74036165609164" lon="-74.0183224276212"><time>2026-06-05T14:37:30Z</time></trkpt><trkpt lat="40.74033960217163" lon="-74.01832758145704"><time>2026-06-05T14:37:32Z</time></trkpt><trkpt lat="40.74032003981751" lon="-74.01832282102842"><time>2026-06-05T14:37:34Z</time></trkpt><trkpt lat="40.74029843905257" lon="-74.01832379204708"><time>2026-06-05T14:37:36Z</time></trkpt><trkpt lat="40.740277366303786" lon="-74.01832554700846"><time>2026-06-05T14:37:38Z</time></trkpt><trkpt lat="40.74025157468083" lon="-74.01832551470811"><time>2026-06-05T14:37:41Z</time></trkpt><trkpt lat="40.740230929504534" lon="-74.0183271982312"><time>2026-06-05T14:37:43Z</time></trkpt><trkpt lat="40.74020446975657" lon="-74.01833105562443"><time>2026-06-05T14:37:46Z</time></trkpt><trkpt lat="40.74018601480704" lon="-74.01833521215885"><time>2026-06-05T14:37:48Z</time></trkpt><trkpt lat="40.74016738965294" lon="-74.01833956673399"><time>2026-06-05T14:37:50Z</time></trkpt><trkpt lat="40.74014340423248" lon="-74.01834479301132"><time>2026-06-05T14:37:53Z</time></trkpt><trkpt lat="40.74012439890075" lon="-74.01834879885307"><time>2026-06-05T14:37:55Z</time></trkpt><trkpt lat="40.74009873600403" lon="-74.01835186661536"><time>2026-06-05T14:37:58Z</time></trkpt><trkpt lat="40.74007236133237" lon="-74.01836116253412"><time>2026-06-05T14:38:01Z</time></trkpt><trkpt lat="40.74004865624761" lon="-74.01836428923853"><time>2026-06-05T14:38:04Z</time></trkpt><trkpt lat="40.740028239556" lon="-74.01837199207384"><time>2026-06-05T14:38:06Z</time></trkpt><trkpt lat="40.740006521883764" lon="-74.01837888967758"><time>2026-06-05T14:38:09Z</time></trkpt><trkpt lat="40.73998429587854" lon="-74.01838497181294"><time>2026-06-05T14:38:12Z</time></trkpt><trkpt lat="40.739962657391736" lon="-74.0183916672107"><time>2026-06-05T14:38:15Z</time></trkpt><trkpt lat="40.73993848358796" lon="-74.01839608466746"><time>2026-06-05T14:38:18Z</time></trkpt><trkpt lat="40.739916887252626" lon="-74.018406813955"><time>2026-06-05T14:38:21Z</time></trkpt><trkpt lat="40.73989478601886" lon="-74.01841654447222"><time>2026-06-05T14:38:24Z</time></trkpt><trkpt lat="40.7398718201914" lon="-74.01842253786667"><time>2026-06-05T14:38:27Z</time></trkpt><trkpt lat="40.739852225492996" lon="-74.01843197443826"><time>2026-06-05T14:38:29Z</time></trkpt><trkpt lat="40.73983138721768" lon="-74.01844537858167"><time>2026-06-05T14:38:32Z</time></trkpt><trkpt lat="40.739810027344106" lon="-74.01845464723631"><time>2026-06-05T14:38:35Z</time></trkpt><trkpt lat="40.739786433578395" lon="-74.01845896485823"><time>2026-06-05T14:38:38Z</time></trkpt><trkpt lat="40.739762339473266" lon="-74.01846371434094"><time>2026-06-05T14:38:41Z</time></trkpt><trkpt lat="40.739738293744274" lon="-74.01846834876807"><time>2026-06-05T14:38:44Z</time></trkpt><trkpt lat="40.73971958862296" lon="-74.01847121717446"><time>2026-06-05T14:38:46Z</time></trkpt><trkpt lat="40.73969706923962" lon="-74.01847808509714"><time>2026-06-05T14:38:49Z</time></trkpt><trkpt lat="40.7396787567664" lon="-74.01848333689102"><time>2026-06-05T14:38:51Z</time></trkpt><trkpt lat="40.73965262604738" lon="-74.01848608877908"><time>2026-06-05T14:38:54Z</time></trkpt><trkpt lat="40.73963457670254" lon="-74.0184913648114"><time>2026-06-05T14:38:56Z</time></trkpt><trkpt lat="40.7396083135908" lon="-74.01848888094496"><time>2026-06-05T14:38:59Z</time></trkpt><trkpt lat="40.73958493596018" lon="-74.01849388139438"><time>2026-06-05T14:39:02Z</time></trkpt><trkpt lat="40.739560299168566" lon="-74.01849611296585"><time>2026-06-05T14:39:05Z</time></trkpt><trkpt lat="40.739531753845206" lon="-74.01849912469923"><time>2026-06-05T14:39:08Z</time></trkpt><trkpt lat="40.739510302046305" lon="-74.0184951173218"><time>2026-06-05T14:39:11Z</time></trkpt><trkpt lat="40.73949113876755" lon="-74.01849709619027"><time>2026-06-05T14:39:13Z</time></trkpt><trkpt lat="40.739466881199526" lon="-74.01850538149746"><time>2026-06-05T14:39:16Z</time></trkpt><trkpt lat="40.73944909598518" lon="-74.01850928255885"><time>2026-06-05T14:39:18Z</time></trkpt><trkpt lat="40.73942163071701" lon="-74.01851522361902"><time>2026-06-05T14:39:21Z</time></trkpt><trkpt lat="40.739397936466645" lon="-74.01852159338826"><time>2026-06-05T14:39:24Z</time></trkpt><trkpt lat="40.73937550200164" lon="-74.01853518732001"><time>2026-06-05T14:39:27Z</time></trkpt><trkpt lat="40.739350754870436" lon="-74.01854105449281"><time>2026-06-05T14:39:30Z</time></trkpt><trkpt lat="40.739332632461895" lon="-74.01854679967093"><time>2026-06-05T14:39:32Z</time></trkpt><trkpt lat="40.739307406944526" lon="-74.01855247961988"><time>2026-06-05T14:39:35Z</time></trkpt><trkpt lat="40.739283823202825" lon="-74.01855713719603"><time>2026-06-05T14:39:38Z</time></trkpt><trkpt lat="40.73925919935141" lon="-74.01856191370362"><time>2026-06-05T14:39:41Z</time></trkpt><trkpt lat="40.739236160575764" lon="-74.01856099797071"><time>2026-06-05T14:39:44Z</time></trkpt><trkpt lat="40.73921086898711" lon="-74.0185584191563"><time>2026-06-05T14:39:47Z</time></trkpt><trkpt lat="40.73919174857801" lon="-74.0185591965514"><time>2026-06-05T14:39:49Z</time></trkpt><trkpt lat="40.73917251618398" lon="-74.01856135690272"><time>2026-06-05T14:39:51Z</time></trkpt><trkpt lat="40.73915362885467" lon="-74.01856140915294"><time>2026-06-05T14:39:53Z</time></trkpt><trkpt lat="40.739127868654094" lon="-74.01855843972628"><time>2026-06-05T14:39:56Z</time></trkpt><trkpt lat="40.73910169837217" lon="-74.01856119324063"><time>2026-06-05T14:39:59Z</time></trkpt><trkpt lat="40.73907988351727" lon="-74.01856433394215"><time>2026-06-05T14:40:01Z</time></trkpt><trkpt lat="40.73905499875645" lon="-74.01856546387849"><time>2026-06-05T14:40:04Z</time></trkpt><trkpt lat="40.739036765794005" lon="-74.01856779857125"><time>2026-06-05T14:40:06Z</time></trkpt><trkpt lat="40.739013486045444" lon="-74.01857361610946"><time>2026-06-05T14:40:09Z</time></trkpt><trkpt lat="40.738990808632856" lon="-74.01857617768086"><time>2026-06-05T14:40:12Z</time></trkpt><trkpt lat="40.73896260959435" lon="-74.01858496442254"><time>2026-06-05T14:40:15Z</time></trkpt><trkpt lat="40.73893986312971" lon="-74.0185845052048"><time>2026-06-05T14:40:18Z</time></trkpt><trkpt lat="40.7389165160984" lon="-74.0185940060405"><time>2026-06-05T14:40:21Z</time></trkpt><trkpt lat="40.73889335857857" lon="-74.01860096448453"><time>2026-06-05T14:40:24Z</time></trkpt><trkpt lat="40.738869290371746" lon="-74.01860768321576"><time>2026-06-05T14:40:27Z</time></trkpt><trkpt lat="40.73884399877551" lon="-74.01861347780816"><time>2026-06-05T14:40:30Z</time></trkpt><trkpt lat="40.73882122578827" lon="-74.0186175388889"><time>2026-06-05T14:40:33Z</time></trkpt><trkpt lat="40.738795921789695" lon="-74.01862327843241"><time>2026-06-05T14:40:36Z</time></trkpt><trkpt lat="40.73877711798326" lon="-74.01862189388207"><time>2026-06-05T14:40:39Z</time></trkpt><trkpt lat="40.73875691312942" lon="-74.01862030125162"><time>2026-06-05T14:40:41Z</time></trkpt><trkpt lat="40.738731423808105" lon="-74.01862581802503"><time>2026-06-05T14:40:44Z</time></trkpt><trkpt lat="40.73870784340291" lon="-74.01862874588195"><time>2026-06-05T14:40:47Z</time></trkpt><trkpt lat="40.73868421976616" lon="-74.01862836066212"><time>2026-06-05T14:40:50Z</time></trkpt><trkpt lat="40.73866450831645" lon="-74.01862971248092"><time>2026-06-05T14:40:52Z</time></trkpt><trkpt lat="40.73864101285151" lon="-74.01862783224902"><time>2026-06-05T14:40:55Z</time></trkpt><trkpt lat="40.738614811219286" lon="-74.01862661185903"><time>2026-06-05T14:40:58Z</time></trkpt><trkpt lat="40.73858678399008" lon="-74.01862379862314"><time>2026-06-05T14:41:01Z</time></trkpt><trkpt lat="40.738563134690516" lon="-74.01861746668776"><time>2026-06-05T14:41:04Z</time></trkpt><trkpt lat="40.73854239719376" lon="-74.01861259950223"><time>2026-06-05T14:41:06Z</time></trkpt><trkpt lat="40.738524160976674" lon="-74.01861349098678"><time>2026-06-05T14:41:08Z</time></trkpt><trkpt lat="40.73850496060076" lon="-74.01860700964811"><time>2026-06-05T14:41:10Z</time></trkpt><trkpt lat="40.73848525397249" lon="-74.01860292534171"><time>2026-06-05T14:41:12Z</time></trkpt><trkpt lat="40.73846228911808" lon="-74.01859338439027"><time>2026-06-05T14:41:15Z</time></trkpt><trkpt lat="40.738440317778974" lon="-74.01859357556057"><time>2026-06-05T14:41:17Z</time></trkpt><trkpt lat="40.738417277029114" lon="-74.01859270301189"><time>2026-06-05T14:41:19Z</time></trkpt><trkpt lat="40.7383957372716" lon="-74.01860156306775"><time>2026-06-05T14:41:21Z</time></trkpt><trkpt lat="40.738368885891646" lon="-74.01859738406633"><time>2026-06-05T14:41:24Z</time></trkpt><trkpt lat="40.73834990277019" lon="-74.01860601696424"><time>2026-06-05T14:41:26Z</time></trkpt><trkpt lat="40.738330416745285" lon="-74.01860652441303"><time>2026-06-05T14:41:28Z</time></trkpt><trkpt lat="40.73831170851019" lon="-74.01860943090352"><time>2026-06-05T14:41:30Z</time></trkpt><trkpt lat="40.738292578757914" lon="-74.01860958041895"><time>2026-06-05T14:41:32Z</time></trkpt><trkpt lat="40.73826639997142" lon="-74.01861266431287"><time>2026-06-05T14:41:35Z</time></trkpt><trkpt lat="40.738246739963095" lon="-74.0186078602598"><time>2026-06-05T14:41:37Z</time></trkpt><trkpt lat="40.738219395908516" lon="-74.01861159164966"><time>2026-06-05T14:41:40Z</time></trkpt><trkpt lat="40.73818919873852" lon="-74.01861351618447"><time>2026-06-05T14:41:43Z</time></trkpt><trkpt lat="40.738165010837726" lon="-74.01861718323562"><time>2026-06-05T14:41:46Z</time></trkpt><trkpt lat="40.738143115266006" lon="-74.01862140975736"><time>2026-06-05T14:41:49Z</time></trkpt><trkpt lat="40.73811861659191" lon="-74.01862845386577"><time>2026-06-05T14:41:52Z</time></trkpt><trkpt lat="40.7380996190649" lon="-74.01863403583876"><time>2026-06-05T14:41:54Z</time></trkpt><trkpt lat="40.73807285638985" lon="-74.01863925746399"><time>2026-06-05T14:41:57Z</time></trkpt><trkpt lat="40.73805474243564" lon="-74.0186437230082"><time>2026-06-05T14:41:59Z</time></trkpt><trkpt lat="40.73802892144339" lon="-74.01864652854725"><time>2026-06-05T14:42:02Z</time></trkpt><trkpt lat="40.738005200775056" lon="-74.01866000792101"><time>2026-06-05T14:42:05Z</time></trkpt><trkpt lat="40.73798528176115" lon="-74.0186664854489"><time>2026-06-05T14:42:07Z</time></trkpt><trkpt lat="40.737959995212876" lon="-74.01866845921003"><time>2026-06-05T14:42:10Z</time></trkpt><trkpt lat="40.73794161164527" lon="-74.01866763764625"><time>2026-06-05T14:42:12Z</time></trkpt><trkpt lat="40.737918415584446" lon="-74.01866795371187"><time>2026-06-05T14:42:15Z</time></trkpt><trkpt lat="40.73789909389512" lon="-74.01866707113086"><time>2026-06-05T14:42:17Z</time></trkpt><trkpt lat="40.73788085553456" lon="-74.018664945922"><time>2026-06-05T14:42:19Z</time></trkpt><trkpt lat="40.737862721938704" lon="-74.0186627190469"><time>2026-06-05T14:42:21Z</time></trkpt><trkpt lat="40.737837739179774" lon="-74.01866118691426"><time>2026-06-05T14:42:24Z</time></trkpt><trkpt lat="40.73781318803067" lon="-74.01866026791743"><time>2026-06-05T14:42:27Z</time></trkpt><trkpt lat="40.73778891376399" lon="-74.01865359662588"><time>2026-06-05T14:42:30Z</time></trkpt><trkpt lat="40.737771188086384" lon="-74.01864920543257"><time>2026-06-05T14:42:32Z</time></trkpt><trkpt lat="40.73775305617678" lon="-74.01864373542213"><time>2026-06-05T14:42:34Z</time></trkpt><trkpt lat="40.737725738907095" lon="-74.0186368062571"><time>2026-06-05T14:42:37Z</time></trkpt><trkpt lat="40.73770727822168" lon="-74.01863547006052"><time>2026-06-05T14:42:39Z</time></trkpt><trkpt lat="40.737680652325224" lon="-74.01863353734163"><time>2026-06-05T14:42:42Z</time></trkpt><trkpt lat="40.73766230852925" lon="-74.01863424258516"><time>2026-06-05T14:42:44Z</time></trkpt><trkpt lat="40.737632630129276" lon="-74.01862695120329"><time>2026-06-05T14:42:47Z</time></trkpt><trkpt lat="40.737613977590435" lon="-74.01862513065127"><time>2026-06-05T14:42:49Z</time></trkpt><trkpt lat="40.7375962393654" lon="-74.01862052096932"><time>2026-06-05T14:42:51Z</time></trkpt><trkpt lat="40.7375773034319" lon="-74.01861700847549"><time>2026-06-05T14:42:53Z</time></trkpt><trkpt lat="40.737558040062574" lon="-74.01861597313356"><time>2026-06-05T14:42:55Z</time></trkpt><trkpt lat="40.7375382080384" lon="-74.01861485954628"><time>2026-06-05T14:42:57Z</time></trkpt><trkpt lat="40.73751777089702" lon="-74.01861438390033"><time>2026-06-05T14:42:59Z</time></trkpt><trkpt lat="40.737495164497865" lon="-74.01861408128137"><time>2026-06-05T14:43:01Z</time></trkpt><trkpt lat="40.73747441317988" lon="-74.01860970905575"><time>2026-06-05T14:43:03Z</time></trkpt><trkpt lat="40.737454114589084" lon="-74.01860963028109"><time>2026-06-05T14:43:05Z</time></trkpt><trkpt lat="40.73743421883685" lon="-74.01861000239636"><time>2026-06-05T14:43:07Z</time></trkpt><trkpt lat="40.737415028832885" lon="-74.01860786319195"><time>2026-06-05T14:43:09Z</time></trkpt><trkpt lat="40.737394305370074" lon="-74.01860556244077"><time>2026-06-05T14:43:11Z</time></trkpt><trkpt lat="40.737372980952436" lon="-74.0186022444567"><time>2026-06-05T14:43:13Z</time></trkpt><trkpt lat="40.73735323713848" lon="-74.01859927739977"><time>2026-06-05T14:43:15Z</time></trkpt><trkpt lat="40.73733327150795" lon="-74.01859638027413"><time>2026-06-05T14:43:17Z</time></trkpt><trkpt lat="40.73731220947091" lon="-74.01859293698887"><time>2026-06-05T14:43:19Z</time></trkpt><trkpt lat="40.73729191986728" lon="-74.0185912408458"><time>2026-06-05T14:43:21Z</time></trkpt><trkpt lat="40.73727063331695" lon="-74.0185867032894"><time>2026-06-05T14:43:23Z</time></trkpt><trkpt lat="40.73724883971945" lon="-74.01858440591397"><time>2026-06-05T14:43:25Z</time></trkpt><trkpt lat="40.73722925781855" lon="-74.01858241687272"><time>2026-06-05T14:43:27Z</time></trkpt><trkpt lat="40.737208068699" lon="-74.01857940006202"><time>2026-06-05T14:43:29Z</time></trkpt><trkpt lat="40.73718763510968" lon="-74.01857821906773"><time>2026-06-05T14:43:31Z</time></trkpt><trkpt lat="40.73716720306246" lon="-74.01857960932612"><time>2026-06-05T14:43:33Z</time></trkpt><trkpt lat="40.737146405198835" lon="-74.01857912523934"><time>2026-06-05T14:43:35Z</time></trkpt><trkpt lat="40.73712474718341" lon="-74.01857920239257"><time>2026-06-05T14:43:37Z</time></trkpt><trkpt lat="40.73710365921793" lon="-74.01858022051206"><time>2026-06-05T14:43:39Z</time></trkpt><trkpt lat="40.737084170224364" lon="-74.01857880634411"><time>2026-06-05T14:43:41Z</time></trkpt><trkpt lat="40.73705671995365" lon="-74.01857283447842"><time>2026-06-05T14:43:43Z</time></trkpt><trkpt lat="40.73703722119883" lon="-74.0185723719597"><time>2026-06-05T14:43:45Z</time></trkpt><trkpt lat="40.73701847525734" lon="-74.01856715478057"><time>2026-06-05T14:43:47Z</time></trkpt><trkpt lat="40.73699702538197" lon="-74.01856185883823"><time>2026-06-05T14:43:49Z</time></trkpt><trkpt lat="40.73697722456328" lon="-74.0185525657123"><time>2026-06-05T14:43:51Z</time></trkpt><trkpt lat="40.736957311661186" lon="-74.01854213544337"><time>2026-06-05T14:43:53Z</time></trkpt><trkpt lat="40.73693341481553" lon="-74.01853657969855"><time>2026-06-05T14:43:55Z</time></trkpt><trkpt lat="40.73691396952862" lon="-74.01852777135129"><time>2026-06-05T14:43:57Z</time></trkpt><trkpt lat="40.73689213950655" lon="-74.01852129202366"><time>2026-06-05T14:43:59Z</time></trkpt><trkpt lat="40.73687196739655" lon="-74.01850954769445"><time>2026-06-05T14:44:01Z</time></trkpt><trkpt lat="40.73685214206724" lon="-74.01850100649484"><time>2026-06-05T14:44:03Z</time></trkpt><trkpt lat="40.73683118536725" lon="-74.01849437541067"><time>2026-06-05T14:44:05Z</time></trkpt><trkpt lat="40.73680848714623" lon="-74.01848391802184"><time>2026-06-05T14:44:07Z</time></trkpt><trkpt lat="40.73678632184992" lon="-74.0184777797138"><time>2026-06-05T14:44:09Z</time></trkpt><trkpt lat="40.73676505706996" lon="-74.01847203962683"><time>2026-06-05T14:44:11Z</time></trkpt><trkpt lat="40.73674382331501" lon="-74.01846909468514"><time>2026-06-05T14:44:13Z</time></trkpt><trkpt lat="40.73672579622453" lon="-74.01846381971906"><time>2026-06-05T14:44:15Z</time></trkpt><trkpt lat="40.73669886612046" lon="-74.01845935233715"><time>2026-06-05T14:44:17Z</time></trkpt><trkpt lat="40.73667537162149" lon="-74.01845837336543"><time>2026-06-05T14:44:19Z</time></trkpt><trkpt lat="40.736656908871716" lon="-74.01845198545765"><time>2026-06-05T14:44:20Z</time></trkpt><trkpt lat="40.73663766428431" lon="-74.01844195162202"><time>2026-06-05T14:44:21Z</time></trkpt><trkpt lat="40.736619958947074" lon="-74.01843450314144"><time>2026-06-05T14:44:23Z</time></trkpt><trkpt lat="40.736598376065245" lon="-74.01842603884307"><time>2026-06-05T14:44:25Z</time></trkpt><trkpt lat="40.736574500173866" lon="-74.0184167783473"><time>2026-06-05T14:44:27Z</time></trkpt><trkpt lat="40.73655516114968" lon="-74.0184097266627"><time>2026-06-05T14:44:29Z</time></trkpt><trkpt lat="40.736526570788115" lon="-74.01840553437029"><time>2026-06-05T14:44:31Z</time></trkpt><trkpt lat="40.736502976241134" lon="-74.0184000796655"><time>2026-06-05T14:44:33Z</time></trkpt><trkpt lat="40.736477705638734" lon="-74.01839871977151"><time>2026-06-05T14:44:35Z</time></trkpt><trkpt lat="40.73645249953347" lon="-74.01840326786824"><time>2026-06-05T14:44:37Z</time></trkpt><trkpt lat="40.736428907816915" lon="-74.01840689482975"><time>2026-06-05T14:44:39Z</time></trkpt><trkpt lat="40.736405227406046" lon="-74.01841280094082"><time>2026-06-05T14:44:41Z</time></trkpt><trkpt lat="40.73638038392129" lon="-74.0184139018902"><time>2026-06-05T14:44:43Z</time></trkpt><trkpt lat="40.73635610443591" lon="-74.01841577279332"><time>2026-06-05T14:44:45Z</time></trkpt><trkpt lat="40.73633128200696" lon="-74.01841368972903"><time>2026-06-05T14:44:47Z</time></trkpt><trkpt lat="40.73630556164922" lon="-74.01841429777566"><time>2026-06-05T14:44:49Z</time></trkpt><trkpt lat="40.73628394092278" lon="-74.01841319758836"><time>2026-06-05T14:44:51Z</time></trkpt><trkpt lat="40.73626218806424" lon="-74.01841377823008"><time>2026-06-05T14:44:53Z</time></trkpt><trkpt lat="40.73623672806807" lon="-74.01841014445355"><time>2026-06-05T14:44:55Z</time></trkpt><trkpt lat="40.7362163656505" lon="-74.0184193835048"><time>2026-06-05T14:44:57Z</time></trkpt><trkpt lat="40.73619831158441" lon="-74.01841679677649"><time>2026-06-05T14:44:59Z</time></trkpt><trkpt lat="40.736171937555014" lon="-74.01841167681724"><time>2026-06-05T14:45:01Z</time></trkpt><trkpt lat="40.736150938581495" lon="-74.01841193649872"><time>2026-06-05T14:45:03Z</time></trkpt><trkpt lat="40.73613211351831" lon="-74.01840891132625"><time>2026-06-05T14:45:05Z</time></trkpt><trkpt lat="40.73611085631933" lon="-74.01841115662936"><time>2026-06-05T14:45:07Z</time></trkpt><trkpt lat="40.73609059053434" lon="-74.01841156662941"><time>2026-06-05T14:45:09Z</time></trkpt><trkpt lat="40.73607010124902" lon="-74.01841396793967"><time>2026-06-05T14:45:11Z</time></trkpt><trkpt lat="40.736048749770454" lon="-74.0184206863645"><time>2026-06-05T14:45:13Z</time></trkpt><trkpt lat="40.73603055704414" lon="-74.0184215848538"><time>2026-06-05T14:45:15Z</time></trkpt><trkpt lat="40.73600963822533" lon="-74.01842376555426"><time>2026-06-05T14:45:17Z</time></trkpt><trkpt lat="40.73598852515638" lon="-74.01842215352912"><time>2026-06-05T14:45:19Z</time></trkpt><trkpt lat="40.7359628401725" lon="-74.01841852875704"><time>2026-06-05T14:45:22Z</time></trkpt><trkpt lat="40.73593678430641" lon="-74.01842176240184"><time>2026-06-05T14:45:25Z</time></trkpt><trkpt lat="40.73591027349904" lon="-74.0184222059943"><time>2026-06-05T14:45:28Z</time></trkpt><trkpt lat="40.735886113193686" lon="-74.01842153261185"><time>2026-06-05T14:45:31Z</time></trkpt><trkpt lat="40.735860784312166" lon="-74.01842197361636"><time>2026-06-05T14:45:34Z</time></trkpt><trkpt lat="40.7358385342282" lon="-74.01842394718014"><time>2026-06-05T14:45:37Z</time></trkpt><trkpt lat="40.7358188990924" lon="-74.01842395589563"><time>2026-06-05T14:45:39Z</time></trkpt><trkpt lat="40.73579940805426" lon="-74.01842704939595"><time>2026-06-05T14:45:41Z</time></trkpt><trkpt lat="40.73577038847424" lon="-74.01842437999132"><time>2026-06-05T14:45:44Z</time></trkpt><trkpt lat="40.7357524796448" lon="-74.01841671158043"><time>2026-06-05T14:45:46Z</time></trkpt><trkpt lat="40.7357327326767" lon="-74.0184142580536"><time>2026-06-05T14:45:49Z</time></trkpt><trkpt lat="40.73570628438934" lon="-74.01841529552757"><time>2026-06-05T14:45:51Z</time></trkpt><trkpt lat="40.735682712667256" lon="-74.01841451172342"><time>2026-06-05T14:45:54Z</time></trkpt><trkpt lat="40.73566401641197" lon="-74.01840804268807"><time>2026-06-05T14:45:56Z</time></trkpt><trkpt lat="40.7356422569771" lon="-74.01841180828873"><time>2026-06-05T14:45:58Z</time></trkpt><trkpt lat="40.7356141979682" lon="-74.01841515369459"><time>2026-06-05T14:46:01Z</time></trkpt><trkpt lat="40.735595351319866" lon="-74.0184181740223"><time>2026-06-05T14:46:03Z</time></trkpt><trkpt lat="40.73557606549689" lon="-74.01841948972803"><time>2026-06-05T14:46:05Z</time></trkpt><trkpt lat="40.73555742677719" lon="-74.01842230446358"><time>2026-06-05T14:46:07Z</time></trkpt><trkpt lat="40.73553828553731" lon="-74.0184252593812"><time>2026-06-05T14:46:09Z</time></trkpt><trkpt lat="40.73550790341887" lon="-74.0184291382813"><time>2026-06-05T14:46:12Z</time></trkpt><trkpt lat="40.73548256917453" lon="-74.0184280533744"><time>2026-06-05T14:46:15Z</time></trkpt><trkpt lat="40.735462774976746" lon="-74.01842958336529"><time>2026-06-05T14:46:17Z</time></trkpt><trkpt lat="40.73544180603064" lon="-74.01842826118333"><time>2026-06-05T14:46:19Z</time></trkpt><trkpt lat="40.735421473701386" lon="-74.01842887938491"><time>2026-06-05T14:46:21Z</time></trkpt><trkpt lat="40.73540108976133" lon="-74.0184323472432"><time>2026-06-05T14:46:23Z</time></trkpt><trkpt lat="40.73538195385952" lon="-74.0184364922737"><time>2026-06-05T14:46:25Z</time></trkpt><trkpt lat="40.73536287225406" lon="-74.01844022298548"><time>2026-06-05T14:46:27Z</time></trkpt><trkpt lat="40.73534214434252" lon="-74.01844300656221"><time>2026-06-05T14:46:29Z</time></trkpt><trkpt lat="40.73532306925589" lon="-74.01844704389727"><time>2026-06-05T14:46:31Z</time></trkpt><trkpt lat="40.73530525122821" lon="-74.0184536902195"><time>2026-06-05T14:46:33Z</time></trkpt><trkpt lat="40.73528600209683" lon="-74.01845996510637"><time>2026-06-05T14:46:35Z</time></trkpt><trkpt lat="40.73526202130704" lon="-74.01847282960374"><time>2026-06-05T14:46:38Z</time></trkpt><trkpt lat="40.73523820127134" lon="-74.01848427808928"><time>2026-06-05T14:46:41Z</time></trkpt><trkpt lat="40.73522094315542" lon="-74.01849108466115"><time>2026-06-05T14:46:43Z</time></trkpt><trkpt lat="40.73519861370809" lon="-74.01849956940801"><time>2026-06-05T14:46:46Z</time></trkpt><trkpt lat="40.735173368211456" lon="-74.01850783296005"><time>2026-06-05T14:46:49Z</time></trkpt><trkpt lat="40.73515114717371" lon="-74.01851623191658"><time>2026-06-05T14:46:52Z</time></trkpt><trkpt lat="40.73513231262939" lon="-74.01852703612404"><time>2026-06-05T14:46:55Z</time></trkpt><trkpt lat="40.73510884883981" lon="-74.01854197541397"><time>2026-06-05T14:46:58Z</time></trkpt><trkpt lat="40.735091876531285" lon="-74.0185548689468"><time>2026-06-05T14:47:01Z</time></trkpt><trkpt lat="40.73507261809186" lon="-74.01856933577989"><time>2026-06-05T14:47:04Z</time></trkpt><trkpt lat="40.73505272276968" lon="-74.01858404503196"><time>2026-06-05T14:47:07Z</time></trkpt><trkpt lat="40.73503450753934" lon="-74.01860336483885"><time>2026-06-05T14:47:11Z</time></trkpt><trkpt lat="40.73501761413857" lon="-74.01861585015486"><time>2026-06-05T14:47:13Z</time></trkpt><trkpt lat="40.735000088400724" lon="-74.01862727620336"><time>2026-06-05T14:47:16Z</time></trkpt><trkpt lat="40.73497929910955" lon="-74.01864045999332"><time>2026-06-05T14:47:19Z</time></trkpt><trkpt lat="40.73495500369269" lon="-74.01865066323225"><time>2026-06-05T14:47:22Z</time></trkpt><trkpt lat="40.734936740318226" lon="-74.01866482727135"><time>2026-06-05T14:47:25Z</time></trkpt><trkpt lat="40.73491900644645" lon="-74.01867166110699"><time>2026-06-05T14:47:27Z</time></trkpt><trkpt lat="40.73489821592053" lon="-74.01868543837605"><time>2026-06-05T14:47:30Z</time></trkpt><trkpt lat="40.734875035657865" lon="-74.01869904614433"><time>2026-06-05T14:47:33Z</time></trkpt><trkpt lat="40.73485391899373" lon="-74.01871609775695"><time>2026-06-05T14:47:36Z</time></trkpt><trkpt lat="40.73483351373507" lon="-74.01872511039299"><time>2026-06-05T14:47:38Z</time></trkpt><trkpt lat="40.734812812499705" lon="-74.01874311704127"><time>2026-06-05T14:47:41Z</time></trkpt><trkpt lat="40.73479571349526" lon="-74.0187576117255"><time>2026-06-05T14:47:43Z</time></trkpt><trkpt lat="40.73477652152365" lon="-74.01877747717568"><time>2026-06-05T14:47:46Z</time></trkpt><trkpt lat="40.73475570240156" lon="-74.01879879605521"><time>2026-06-05T14:47:49Z</time></trkpt><trkpt lat="40.73473188930773" lon="-74.01882144584725"><time>2026-06-05T14:47:52Z</time></trkpt><trkpt lat="40.73471391045702" lon="-74.01884111273027"><time>2026-06-05T14:47:55Z</time></trkpt><trkpt lat="40.73469690791088" lon="-74.01886124403448"><time>2026-06-05T14:47:58Z</time></trkpt><trkpt lat="40.73468094880485" lon="-74.01887438085659"><time>2026-06-05T14:48:00Z</time></trkpt><trkpt lat="40.734663454177834" lon="-74.01889282496109"><time>2026-06-05T14:48:03Z</time></trkpt><trkpt lat="40.734647817673974" lon="-74.01890498086698"><time>2026-06-05T14:48:05Z</time></trkpt><trkpt lat="40.734629363692406" lon="-74.01892547328265"><time>2026-06-05T14:48:08Z</time></trkpt><trkpt lat="40.73460642627982" lon="-74.01894433788401"><time>2026-06-05T14:48:11Z</time></trkpt><trkpt lat="40.734589540848305" lon="-74.01895970479515"><time>2026-06-05T14:48:14Z</time></trkpt><trkpt lat="40.734567119539896" lon="-74.01897336100131"><time>2026-06-05T14:48:16Z</time></trkpt><trkpt lat="40.734544432691585" lon="-74.01899208625831"><time>2026-06-05T14:48:19Z</time></trkpt><trkpt lat="40.73452054257242" lon="-74.01900509960535"><time>2026-06-05T14:48:22Z</time></trkpt><trkpt lat="40.7344982247362" lon="-74.01901643995413"><time>2026-06-05T14:48:24Z</time></trkpt><trkpt lat="40.73447862491706" lon="-74.01903244902388"><time>2026-06-05T14:48:27Z</time></trkpt><trkpt lat="40.73445452617373" lon="-74.01905086847974"><time>2026-06-05T14:48:30Z</time></trkpt><trkpt lat="40.73443541613493" lon="-74.01907179116074"><time>2026-06-05T14:48:33Z</time></trkpt><trkpt lat="40.73442025965728" lon="-74.01908519901384"><time>2026-06-05T14:48:35Z</time></trkpt><trkpt lat="40.734401330196455" lon="-74.01910517943018"><time>2026-06-05T14:48:38Z</time></trkpt><trkpt lat="40.7343806049119" lon="-74.01912467219613"><time>2026-06-05T14:48:41Z</time></trkpt><trkpt lat="40.73436102292543" lon="-74.01914427770545"><time>2026-06-05T14:48:44Z</time></trkpt><trkpt lat="40.7343452222304" lon="-74.01915916919741"><time>2026-06-05T14:48:46Z</time></trkpt><trkpt lat="40.73432549458108" lon="-74.01917866172123"><time>2026-06-05T14:48:49Z</time></trkpt><trkpt lat="40.73430375886323" lon="-74.01919552094243"><time>2026-06-05T14:48:52Z</time></trkpt><trkpt lat="40.734283423191584" lon="-74.01921260715716"><time>2026-06-05T14:48:55Z</time></trkpt><trkpt lat="40.73426533540964" lon="-74.01922368757441"><time>2026-06-05T14:48:57Z</time></trkpt><trkpt lat="40.73424250314623" lon="-74.01923674945546"><time>2026-06-05T14:49:00Z</time></trkpt><trkpt lat="40.73422509759396" lon="-74.01924719953966"><time>2026-06-05T14:49:02Z</time></trkpt><trkpt lat="40.734203938910376" lon="-74.01926368434245"><time>2026-06-05T14:49:05Z</time></trkpt><trkpt lat="40.73418194344713" lon="-74.01927844964973"><time>2026-06-05T14:49:08Z</time></trkpt><trkpt lat="40.73416531443123" lon="-74.01928991467837"><time>2026-06-05T14:49:10Z</time></trkpt><trkpt lat="40.73414331501269" lon="-74.01930298874022"><time>2026-06-05T14:49:13Z</time></trkpt><trkpt lat="40.73412049157039" lon="-74.01931955063459"><time>2026-06-05T14:49:16Z</time></trkpt><trkpt lat="40.73410084939688" lon="-74.01933611222907"><time>2026-06-05T14:49:19Z</time></trkpt><trkpt lat="40.73408365823387" lon="-74.01934676356105"><time>2026-06-05T14:49:21Z</time></trkpt><trkpt lat="40.734060115202745" lon="-74.01935919009586"><time>2026-06-05T14:49:24Z</time></trkpt><trkpt lat="40.73404115163698" lon="-74.01936717782662"><time>2026-06-05T14:49:26Z</time></trkpt><trkpt lat="40.73401541272611" lon="-74.01937566915919"><time>2026-06-05T14:49:29Z</time></trkpt><trkpt lat="40.73399008046473" lon="-74.01938651725625"><time>2026-06-05T14:49:32Z</time></trkpt><trkpt lat="40.733970587540725" lon="-74.01939477127479"><time>2026-06-05T14:49:34Z</time></trkpt><trkpt lat="40.73394711689649" lon="-74.01940655648443"><time>2026-06-05T14:49:37Z</time></trkpt><trkpt lat="40.73392793756082" lon="-74.01941492225943"><time>2026-06-05T14:49:39Z</time></trkpt><trkpt lat="40.73391071225086" lon="-74.01942366089956"><time>2026-06-05T14:49:41Z</time></trkpt><trkpt lat="40.73388399928601" lon="-74.01943297675993"><time>2026-06-05T14:49:44Z</time></trkpt><trkpt lat="40.73386422681984" lon="-74.01944162484648"><time>2026-06-05T14:49:46Z</time></trkpt><trkpt lat="40.733838925563816" lon="-74.01945345200004"><time>2026-06-05T14:49:49Z</time></trkpt><trkpt lat="40.73382089768778" lon="-74.01946094563463"><time>2026-06-05T14:49:51Z</time></trkpt><trkpt lat="40.733797577412325" lon="-74.01947206623993"><time>2026-06-05T14:49:54Z</time></trkpt><trkpt lat="40.73377273332415" lon="-74.0194828160598"><time>2026-06-05T14:49:57Z</time></trkpt><trkpt lat="40.733751156099046" lon="-74.01949268389771"><time>2026-06-05T14:50:00Z</time></trkpt><trkpt lat="40.733729695362975" lon="-74.01950251735809"><time>2026-06-05T14:50:03Z</time></trkpt><trkpt lat="40.73371130824976" lon="-74.01951364524957"><time>2026-06-05T14:50:06Z</time></trkpt><trkpt lat="40.73369154791303" lon="-74.01952481057234"><time>2026-06-05T14:50:09Z</time></trkpt><trkpt lat="40.73367252148299" lon="-74.01953352925614"><time>2026-06-05T14:50:12Z</time></trkpt><trkpt lat="40.73365170316116" lon="-74.0195436776678"><time>2026-06-05T14:50:15Z</time></trkpt><trkpt lat="40.7336313816466" lon="-74.01955288428846"><time>2026-06-05T14:50:18Z</time></trkpt><trkpt lat="40.73361215868952" lon="-74.01956245139299"><time>2026-06-05T14:50:21Z</time></trkpt><trkpt lat="40.73359363336607" lon="-74.01957303826526"><time>2026-06-05T14:50:24Z</time></trkpt><trkpt lat="40.73357270959572" lon="-74.0195852715365"><time>2026-06-05T14:50:27Z</time></trkpt><trkpt lat="40.733550781302114" lon="-74.01959795025748"><time>2026-06-05T14:50:31Z</time></trkpt><trkpt lat="40.73352987174643" lon="-74.01961140931452"><time>2026-06-05T14:50:35Z</time></trkpt><trkpt lat="40.73351173045029" lon="-74.01962331054"><time>2026-06-05T14:50:38Z</time></trkpt><trkpt lat="40.73349291255534" lon="-74.01963407162854"><time>2026-06-05T14:50:42Z</time></trkpt><trkpt lat="40.73347593238366" lon="-74.019644881084"><time>2026-06-05T14:50:44Z</time></trkpt><trkpt lat="40.73345603613062" lon="-74.0196582295843"><time>2026-06-05T14:50:48Z</time></trkpt><trkpt lat="40.73343389895333" lon="-74.01967263165952"><time>2026-06-05T14:50:51Z</time></trkpt><trkpt lat="40.7334166669749" lon="-74.01968263315764"><time>2026-06-05T14:50:54Z</time></trkpt><trkpt lat="40.733400473819394" lon="-74.01969702696844"><time>2026-06-05T14:50:57Z</time></trkpt><trkpt lat="40.733380835034716" lon="-74.01970807570623"><time>2026-06-05T14:51:00Z</time></trkpt><trkpt lat="40.73336249830879" lon="-74.01972835417418"><time>2026-06-05T14:51:04Z</time></trkpt><trkpt lat="40.73334443761835" lon="-74.01974526679285"><time>2026-06-05T14:51:08Z</time></trkpt><trkpt lat="40.733326376429154" lon="-74.01976252643519"><time>2026-06-05T14:51:11Z</time></trkpt><trkpt lat="40.733310937816725" lon="-74.01977808556009"><time>2026-06-05T14:51:14Z</time></trkpt><trkpt lat="40.73329443641722" lon="-74.01979161151364"><time>2026-06-05T14:51:17Z</time></trkpt><trkpt lat="40.73326944537595" lon="-74.01980482080951"><time>2026-06-05T14:51:21Z</time></trkpt><trkpt lat="40.73325782048349" lon="-74.01982922872942"><time>2026-06-05T14:51:24Z</time></trkpt><trkpt lat="40.73324025683404" lon="-74.01984652205495"><time>2026-06-05T14:51:27Z</time></trkpt><trkpt lat="40.733224885997814" lon="-74.01987944717165"><time>2026-06-05T14:51:29Z</time></trkpt><trkpt lat="40.73320532865054" lon="-74.0198799417187"><time>2026-06-05T14:51:32Z</time></trkpt><trkpt lat="40.73318951891161" lon="-74.01989317792754"><time>2026-06-05T14:51:35Z</time></trkpt><trkpt lat="40.73317253878648" lon="-74.01993231561197"><time>2026-06-05T14:51:39Z</time></trkpt><trkpt lat="40.73315642677251" lon="-74.01995082279352"><time>2026-06-05T14:51:42Z</time></trkpt><trkpt lat="40.733140708243994" lon="-74.01993779218998"><time>2026-06-05T14:51:45Z</time></trkpt><trkpt lat="40.73312427883746" lon="-74.01994797235002"><time>2026-06-05T14:51:48Z</time></trkpt><trkpt lat="40.73310404426983" lon="-74.01996028093065"><time>2026-06-05T14:51:52Z</time></trkpt><trkpt lat="40.733088173951664" lon="-74.01997197033121"><time>2026-06-05T14:51:55Z</time></trkpt><trkpt lat="40.73307075445604" lon="-74.01998841944977"><time>2026-06-05T14:51:59Z</time></trkpt><trkpt lat="40.73305550154303" lon="-74.02000342775698"><time>2026-06-05T14:52:02Z</time></trkpt><trkpt lat="40.733039236701664" lon="-74.0200165337675"><time>2026-06-05T14:52:05Z</time></trkpt><trkpt lat="40.733020124483474" lon="-74.02003530081204"><time>2026-06-05T14:52:09Z</time></trkpt><trkpt lat="40.73300511891211" lon="-74.02005049614036"><time>2026-06-05T14:52:12Z</time></trkpt><trkpt lat="40.73299098608189" lon="-74.02006610088925"><time>2026-06-05T14:52:15Z</time></trkpt><trkpt lat="40.73297744576498" lon="-74.0200833850447"><time>2026-06-05T14:52:18Z</time></trkpt><trkpt lat="40.73296328017258" lon="-74.02010104755259"><time>2026-06-05T14:52:21Z</time></trkpt><trkpt lat="40.73294801657917" lon="-74.02012392985247"><time>2026-06-05T14:52:25Z</time></trkpt><trkpt lat="40.7329315066767" lon="-74.02014224379259"><time>2026-06-05T14:52:28Z</time></trkpt><trkpt lat="40.73291762456492" lon="-74.0201602144292"><time>2026-06-05T14:52:31Z</time></trkpt><trkpt lat="40.732902428561914" lon="-74.0201762914437"><time>2026-06-05T14:52:34Z</time></trkpt><trkpt lat="40.732887562172714" lon="-74.02019438806767"><time>2026-06-05T14:52:37Z</time></trkpt><trkpt lat="40.73287074718324" lon="-74.02021222597673"><time>2026-06-05T14:52:40Z</time></trkpt><trkpt lat="40.73285546517286" lon="-74.02022852948525"><time>2026-06-05T14:52:43Z</time></trkpt><trkpt lat="40.732839758718974" lon="-74.02024516880206"><time>2026-06-05T14:52:46Z</time></trkpt><trkpt lat="40.7328229942315" lon="-74.02025786000503"><time>2026-06-05T14:52:49Z</time></trkpt><trkpt lat="40.73280817424033" lon="-74.02027223076084"><time>2026-06-05T14:52:52Z</time></trkpt><trkpt lat="40.732792595638486" lon="-74.02028646201211"><time>2026-06-05T14:52:55Z</time></trkpt><trkpt lat="40.73277334010836" lon="-74.02029981948957"><time>2026-06-05T14:52:59Z</time></trkpt><trkpt lat="40.73275372282821" lon="-74.02031263696986"><time>2026-06-05T14:53:03Z</time></trkpt><trkpt lat="40.73273495968715" lon="-74.02032690132094"><time>2026-06-05T14:53:07Z</time></trkpt><trkpt lat="40.732716535661865" lon="-74.02033725553088"><time>2026-06-05T14:53:11Z</time></trkpt><trkpt lat="40.732696799670094" lon="-74.02034979313338"><time>2026-06-05T14:53:16Z</time></trkpt><trkpt lat="40.732679692677216" lon="-74.0203594666692"><time>2026-06-05T14:53:20Z</time></trkpt><trkpt lat="40.7326586728539" lon="-74.02037006387535"><time>2026-06-05T14:53:25Z</time></trkpt><trkpt lat="40.732639669793805" lon="-74.02038459034775"><time>2026-06-05T14:53:30Z</time></trkpt><trkpt lat="40.73262409784401" lon="-74.02040348169211"><time>2026-06-05T14:53:35Z</time></trkpt><trkpt lat="40.732612066607714" lon="-74.02042301729195"><time>2026-06-05T14:53:40Z</time></trkpt><trkpt lat="40.73260488328931" lon="-74.02044875379462"><time>2026-06-05T14:53:45Z</time></trkpt><trkpt lat="40.73259544507633" lon="-74.02046930158703"><time>2026-06-05T14:53:49Z</time></trkpt><trkpt lat="40.73258578741379" lon="-74.02049179210283"><time>2026-06-05T14:53:53Z</time></trkpt><trkpt lat="40.7325747937935" lon="-74.02051570103282"><time>2026-06-05T14:53:57Z</time></trkpt><trkpt lat="40.732563876846775" lon="-74.02053990121624"><time>2026-06-05T14:54:01Z</time></trkpt><trkpt lat="40.7325508628252" lon="-74.02055948023408"><time>2026-06-05T14:54:05Z</time></trkpt><trkpt lat="40.73253501669708" lon="-74.02057721288432"><time>2026-06-05T14:54:09Z</time></trkpt><trkpt lat="40.73251858770947" lon="-74.02059494853752"><time>2026-06-05T14:54:13Z</time></trkpt><trkpt lat="40.73250246633998" lon="-74.0206093772782"><time>2026-06-05T14:54:17Z</time></trkpt><trkpt lat="40.73248567405624" lon="-74.02062088976135"><time>2026-06-05T14:54:21Z</time></trkpt><trkpt lat="40.732465039050446" lon="-74.02063218395864"><time>2026-06-05T14:54:25Z</time></trkpt><trkpt lat="40.73244809783998" lon="-74.02064079285763"><time>2026-06-05T14:54:29Z</time></trkpt><trkpt lat="40.73243027304255" lon="-74.02064995910852"><time>2026-06-05T14:54:34Z</time></trkpt><trkpt lat="40.73241288768352" lon="-74.02066094898045"><time>2026-06-05T14:54:40Z</time></trkpt><trkpt lat="40.73239495142885" lon="-74.02066707023182"><time>2026-06-05T14:54:45Z</time></trkpt><trkpt lat="40.73237561342823" lon="-74.02067657989996"><time>2026-06-05T14:54:51Z</time></trkpt><trkpt lat="40.73235977154707" lon="-74.02069023414303"><time>2026-06-05T14:54:57Z</time></trkpt><trkpt lat="40.73234927524483" lon="-74.02071092113637"><time>2026-06-05T14:55:03Z</time></trkpt><trkpt lat="40.73234115703891" lon="-74.02073282976104"><time>2026-06-05T14:55:08Z</time></trkpt><trkpt lat="40.73233656733212" lon="-74.02076077576234"><time>2026-06-05T14:55:13Z</time></trkpt><trkpt lat="40.73232996363712" lon="-74.02078624806352"><time>2026-06-05T14:55:17Z</time></trkpt><trkpt lat="40.73232258374055" lon="-74.0208134877729"><time>2026-06-05T14:55:21Z</time></trkpt><trkpt lat="40.73231304121637" lon="-74.02083598592466"><time>2026-06-05T14:55:24Z</time></trkpt><trkpt lat="40.732302173798246" lon="-74.02085596502435"><time>2026-06-05T14:55:27Z</time></trkpt><trkpt lat="40.73228735275084" lon="-74.02087555543525"><time>2026-06-05T14:55:31Z</time></trkpt><trkpt lat="40.73227287227823" lon="-74.02089209519288"><time>2026-06-05T14:55:35Z</time></trkpt><trkpt lat="40.7322541197551" lon="-74.02090105928146"><time>2026-06-05T14:55:39Z</time></trkpt><trkpt lat="40.73223719600111" lon="-74.02090929418658"><time>2026-06-05T14:55:43Z</time></trkpt><trkpt lat="40.73221883028732" lon="-74.02092045912534"><time>2026-06-05T14:55:47Z</time></trkpt><trkpt lat="40.732199738275824" lon="-74.02093558643497"><time>2026-06-05T14:55:52Z</time></trkpt><trkpt lat="40.732182949933765" lon="-74.02094740291186"><time>2026-06-05T14:55:56Z</time></trkpt><trkpt lat="40.73216834559733" lon="-74.02096251919455"><time>2026-06-05T14:56:00Z</time></trkpt><trkpt lat="40.73215358128702" lon="-74.02097806744072"><time>2026-06-05T14:56:04Z</time></trkpt><trkpt lat="40.73213589084753" lon="-74.02099158053257"><time>2026-06-05T14:56:08Z</time></trkpt><trkpt lat="40.732118841160634" lon="-74.02100244301748"><time>2026-06-05T14:56:11Z</time></trkpt><trkpt lat="40.732097668994015" lon="-74.0210216470256"><time>2026-06-05T14:56:15Z</time></trkpt><trkpt lat="40.73208371385337" lon="-74.02103745911364"><time>2026-06-05T14:56:18Z</time></trkpt><trkpt lat="40.73207055131715" lon="-74.02105766835307"><time>2026-06-05T14:56:21Z</time></trkpt><trkpt lat="40.73205940031535" lon="-74.02108120301877"><time>2026-06-05T14:56:24Z</time></trkpt><trkpt lat="40.732047111419526" lon="-74.02110386957267"><time>2026-06-05T14:56:27Z</time></trkpt><trkpt lat="40.73203289473301" lon="-74.02112870017707"><time>2026-06-05T14:56:30Z</time></trkpt><trkpt lat="40.73201839188044" lon="-74.02115399823128"><time>2026-06-05T14:56:33Z</time></trkpt><trkpt lat="40.73200283757569" lon="-74.02118021248612"><time>2026-06-05T14:56:36Z</time></trkpt><trkpt lat="40.73199048018258" lon="-74.02119895056184"><time>2026-06-05T14:56:38Z</time></trkpt><trkpt lat="40.73197349761927" lon="-74.02122453647291"><time>2026-06-05T14:56:41Z</time></trkpt><trkpt lat="40.73195665302884" lon="-74.02124712552838"><time>2026-06-05T14:56:44Z</time></trkpt><trkpt lat="40.731942874272995" lon="-74.02126405297707"><time>2026-06-05T14:56:46Z</time></trkpt><trkpt lat="40.7319283021553" lon="-74.02127942308104"><time>2026-06-05T14:56:48Z</time></trkpt><trkpt lat="40.731912942917944" lon="-74.0213051553194"><time>2026-06-05T14:56:51Z</time></trkpt><trkpt lat="40.731900802913664" lon="-74.0213233229492"><time>2026-06-05T14:56:53Z</time></trkpt><trkpt lat="40.731883585211584" lon="-74.02134905591241"><time>2026-06-05T14:56:56Z</time></trkpt><trkpt lat="40.73186582911812" lon="-74.0213726863122"><time>2026-06-05T14:56:59Z</time></trkpt><trkpt lat="40.73184671305418" lon="-74.02139739378113"><time>2026-06-05T14:57:02Z</time></trkpt><trkpt lat="40.7318347083999" lon="-74.02141509462368"><time>2026-06-05T14:57:04Z</time></trkpt><trkpt lat="40.731817782942294" lon="-74.02142697163934"><time>2026-06-05T14:57:06Z</time></trkpt><trkpt lat="40.731800990365684" lon="-74.02144178099257"><time>2026-06-05T14:57:08Z</time></trkpt><trkpt lat="40.73177736705775" lon="-74.02146502410787"><time>2026-06-05T14:57:11Z</time></trkpt><trkpt lat="40.73175921939759" lon="-74.02148802472776"><time>2026-06-05T14:57:14Z</time></trkpt><trkpt lat="40.73174684581442" lon="-74.02150694919399"><time>2026-06-05T14:57:16Z</time></trkpt><trkpt lat="40.731730540615025" lon="-74.02153024942233"><time>2026-06-05T14:57:19Z</time></trkpt><trkpt lat="40.73171371103559" lon="-74.0215538564738"><time>2026-06-05T14:57:22Z</time></trkpt><trkpt lat="40.73169377808101" lon="-74.02157404357918"><time>2026-06-05T14:57:25Z</time></trkpt><trkpt lat="40.731677107541316" lon="-74.02158868874318"><time>2026-06-05T14:57:28Z</time></trkpt><trkpt lat="40.73165856074814" lon="-74.02160126278945"><time>2026-06-05T14:57:31Z</time></trkpt><trkpt lat="40.731636993291175" lon="-74.02161733144034"><time>2026-06-05T14:57:34Z</time></trkpt><trkpt lat="40.73161934456422" lon="-74.02163022366727"><time>2026-06-05T14:57:37Z</time></trkpt><trkpt lat="40.731600001302226" lon="-74.02165458543804"><time>2026-06-05T14:57:41Z</time></trkpt><trkpt lat="40.73158455222505" lon="-74.0216671027681"><time>2026-06-05T14:57:44Z</time></trkpt><trkpt lat="40.731568232935345" lon="-74.02167932722203"><time>2026-06-05T14:57:46Z</time></trkpt><trkpt lat="40.73155092772438" lon="-74.0216932294831"><time>2026-06-05T14:57:49Z</time></trkpt><trkpt lat="40.73153247728523" lon="-74.02172370936135"><time>2026-06-05T14:57:51Z</time></trkpt><trkpt lat="40.731514130080285" lon="-74.02173299931087"><time>2026-06-05T14:57:54Z</time></trkpt><trkpt lat="40.731489264177554" lon="-74.02174723671365"><time>2026-06-05T14:57:58Z</time></trkpt><trkpt lat="40.73146942654734" lon="-74.0217609362613"><time>2026-06-05T14:58:01Z</time></trkpt><trkpt lat="40.73144884706245" lon="-74.02177425131316"><time>2026-06-05T14:58:04Z</time></trkpt><trkpt lat="40.73142783297244" lon="-74.02178623704923"><time>2026-06-05T14:58:07Z</time></trkpt><trkpt lat="40.73140728725909" lon="-74.0217990125606"><time>2026-06-05T14:58:10Z</time></trkpt><trkpt lat="40.731390830923964" lon="-74.0218097108246"><time>2026-06-05T14:58:13Z</time></trkpt><trkpt lat="40.73136694961295" lon="-74.02182166267274"><time>2026-06-05T14:58:17Z</time></trkpt><trkpt lat="40.73134495712713" lon="-74.02183485518255"><time>2026-06-05T14:58:21Z</time></trkpt><trkpt lat="40.731327108559256" lon="-74.02184617637212"><time>2026-06-05T14:58:24Z</time></trkpt><trkpt lat="40.731307673455234" lon="-74.02186103658109"><time>2026-06-05T14:58:27Z</time></trkpt><trkpt lat="40.73128659638828" lon="-74.02187061340722"><time>2026-06-05T14:58:30Z</time></trkpt><trkpt lat="40.7312640967215" lon="-74.02187827081707"><time>2026-06-05T14:58:33Z</time></trkpt><trkpt lat="40.731241276198816" lon="-74.0218912061303"><time>2026-06-05T14:58:36Z</time></trkpt><trkpt lat="40.73122092897376" lon="-74.02190759951763"><time>2026-06-05T14:58:39Z</time></trkpt><trkpt lat="40.73120035289456" lon="-74.02192639774391"><time>2026-06-05T14:58:42Z</time></trkpt><trkpt lat="40.73117791169196" lon="-74.0219445943467"><time>2026-06-05T14:58:45Z</time></trkpt><trkpt lat="40.731160079889" lon="-74.02195748384904"><time>2026-06-05T14:58:47Z</time></trkpt><trkpt lat="40.731138063041705" lon="-74.02198060358428"><time>2026-06-05T14:58:50Z</time></trkpt><trkpt lat="40.73112737103595" lon="-74.02200219951841"><time>2026-06-05T14:58:52Z</time></trkpt><trkpt lat="40.73111481281184" lon="-74.02202014818417"><time>2026-06-05T14:58:54Z</time></trkpt><trkpt lat="40.73110352946461" lon="-74.02204224468522"><time>2026-06-05T14:58:56Z</time></trkpt><trkpt lat="40.73109308014677" lon="-74.02206278561637"><time>2026-06-05T14:58:58Z</time></trkpt><trkpt lat="40.73108339220426" lon="-74.02208649314206"><time>2026-06-05T14:59:00Z</time></trkpt><trkpt lat="40.73107035788857" lon="-74.02211191599488"><time>2026-06-05T14:59:02Z</time></trkpt><trkpt lat="40.73105892588847" lon="-74.02214024950287"><time>2026-06-05T14:59:04Z</time></trkpt><trkpt lat="40.731062830165705" lon="-74.02216760817878"><time>2026-06-05T14:59:06Z</time></trkpt><trkpt lat="40.73105125451844" lon="-74.0221978620166"><time>2026-06-05T14:59:08Z</time></trkpt><trkpt lat="40.731060110223375" lon="-74.02221909358674"><time>2026-06-05T14:59:10Z</time></trkpt><trkpt lat="40.731062526608014" lon="-74.02224504569013"><time>2026-06-05T14:59:12Z</time></trkpt><trkpt lat="40.731042769764166" lon="-74.0222763054599"><time>2026-06-05T14:59:15Z</time></trkpt><trkpt lat="40.73102748591818" lon="-74.02229643116966"><time>2026-06-05T14:59:17Z</time></trkpt><trkpt lat="40.731013558658944" lon="-74.02231487727023"><time>2026-06-05T14:59:19Z</time></trkpt><trkpt lat="40.7309969439919" lon="-74.02233454895085"><time>2026-06-05T14:59:21Z</time></trkpt><trkpt lat="40.73098326818187" lon="-74.02235642998781"><time>2026-06-05T14:59:23Z</time></trkpt><trkpt lat="40.730970558857194" lon="-74.02237684316982"><time>2026-06-05T14:59:25Z</time></trkpt><trkpt lat="40.7309571694436" lon="-74.02240098103003"><time>2026-06-05T14:59:27Z</time></trkpt><trkpt lat="40.73094391132672" lon="-74.02241765656349"><time>2026-06-05T14:59:29Z</time></trkpt><trkpt lat="40.730929169928615" lon="-74.02244105112037"><time>2026-06-05T14:59:31Z</time></trkpt><trkpt lat="40.730913963792304" lon="-74.02245742486964"><time>2026-06-05T14:59:33Z</time></trkpt><trkpt lat="40.73089547747896" lon="-74.02247507430059"><time>2026-06-05T14:59:35Z</time></trkpt><trkpt lat="40.73087805366916" lon="-74.02248695886948"><time>2026-06-05T14:59:37Z</time></trkpt><trkpt lat="40.73085730974208" lon="-74.02250612413057"><time>2026-06-05T14:59:39Z</time></trkpt><trkpt lat="40.73084324695018" lon="-74.02252249458179"><time>2026-06-05T14:59:41Z</time></trkpt><trkpt lat="40.73082655424034" lon="-74.02253957789199"><time>2026-06-05T14:59:43Z</time></trkpt><trkpt lat="40.730807830391086" lon="-74.02255444764111"><time>2026-06-05T14:59:45Z</time></trkpt><trkpt lat="40.730790197099964" lon="-74.02257108918978"><time>2026-06-05T14:59:47Z</time></trkpt><trkpt lat="40.73077335342126" lon="-74.02258254692741"><time>2026-06-05T14:59:49Z</time></trkpt><trkpt lat="40.73075702545447" lon="-74.02259735517956"><time>2026-06-05T14:59:51Z</time></trkpt><trkpt lat="40.73074169052454" lon="-74.02261214015101"><time>2026-06-05T14:59:53Z</time></trkpt><trkpt lat="40.73072435801976" lon="-74.02262597725648"><time>2026-06-05T14:59:55Z</time></trkpt><trkpt lat="40.730707219179635" lon="-74.02263946068074"><time>2026-06-05T14:59:57Z</time></trkpt><trkpt lat="40.730687268707044" lon="-74.02265143736581"><time>2026-06-05T14:59:59Z</time></trkpt><trkpt lat="40.73066875509074" lon="-74.02266314080245"><time>2026-06-05T15:00:01Z</time></trkpt><trkpt lat="40.730652550360254" lon="-74.02267732331323"><time>2026-06-05T15:00:03Z</time></trkpt><trkpt lat="40.730627415772226" lon="-74.02269398194234"><time>2026-06-05T15:00:06Z</time></trkpt><trkpt lat="40.730610051489066" lon="-74.02270474851557"><time>2026-06-05T15:00:08Z</time></trkpt><trkpt lat="40.73059184036897" lon="-74.02271411204029"><time>2026-06-05T15:00:10Z</time></trkpt><trkpt lat="40.73056850025676" lon="-74.02273047026902"><time>2026-06-05T15:00:13Z</time></trkpt><trkpt lat="40.73055360771088" lon="-74.02274449408863"><time>2026-06-05T15:00:15Z</time></trkpt><trkpt lat="40.73053184411147" lon="-74.02276233987467"><time>2026-06-05T15:00:18Z</time></trkpt><trkpt lat="40.730508445068885" lon="-74.02278123866331"><time>2026-06-05T15:00:21Z</time></trkpt><trkpt lat="40.73048538603448" lon="-74.02279659362847"><time>2026-06-05T15:00:24Z</time></trkpt><trkpt lat="40.73046970457054" lon="-74.02280873419619"><time>2026-06-05T15:00:26Z</time></trkpt><trkpt lat="40.730454273406146" lon="-74.02282190791995"><time>2026-06-05T15:00:28Z</time></trkpt><trkpt lat="40.73043457329114" lon="-74.02284307874743"><time>2026-06-05T15:00:31Z</time></trkpt><trkpt lat="40.73041162063311" lon="-74.02285982215032"><time>2026-06-05T15:00:34Z</time></trkpt><trkpt lat="40.730395385881636" lon="-74.02287276704352"><time>2026-06-05T15:00:36Z</time></trkpt><trkpt lat="40.730375895827294" lon="-74.0228909492194"><time>2026-06-05T15:00:39Z</time></trkpt><trkpt lat="40.73035494484026" lon="-74.02290829018659"><time>2026-06-05T15:00:42Z</time></trkpt><trkpt lat="40.73034090208147" lon="-74.02292360494043"><time>2026-06-05T15:00:44Z</time></trkpt><trkpt lat="40.73032357550726" lon="-74.02293908503617"><time>2026-06-05T15:00:47Z</time></trkpt><trkpt lat="40.73030555366749" lon="-74.02294745844515"><time>2026-06-05T15:00:49Z</time></trkpt><trkpt lat="40.730283443469254" lon="-74.02295897296023"><time>2026-06-05T15:00:52Z</time></trkpt><trkpt lat="40.73026337214886" lon="-74.0229769110599"><time>2026-06-05T15:00:55Z</time></trkpt><trkpt lat="40.73024122808172" lon="-74.02299256440753"><time>2026-06-05T15:00:58Z</time></trkpt><trkpt lat="40.730225397392445" lon="-74.02301392872126"><time>2026-06-05T15:01:01Z</time></trkpt><trkpt lat="40.73020327694211" lon="-74.02303281212815"><time>2026-06-05T15:01:04Z</time></trkpt><trkpt lat="40.73018287719407" lon="-74.02304907581367"><time>2026-06-05T15:01:07Z</time></trkpt><trkpt lat="40.73016219200121" lon="-74.02306569797894"><time>2026-06-05T15:01:10Z</time></trkpt><trkpt lat="40.73014015126482" lon="-74.02308080047828"><time>2026-06-05T15:01:13Z</time></trkpt><trkpt lat="40.73012119508542" lon="-74.02309549603845"><time>2026-06-05T15:01:16Z</time></trkpt><trkpt lat="40.73010018350718" lon="-74.02311019463534"><time>2026-06-05T15:01:19Z</time></trkpt><trkpt lat="40.73007992146426" lon="-74.02312304808885"><time>2026-06-05T15:01:22Z</time></trkpt><trkpt lat="40.730058224467186" lon="-74.02313608471137"><time>2026-06-05T15:01:25Z</time></trkpt><trkpt lat="40.730033770816725" lon="-74.02315479177896"><time>2026-06-05T15:01:29Z</time></trkpt><trkpt lat="40.73001110524933" lon="-74.0231603044506"><time>2026-06-05T15:01:32Z</time></trkpt><trkpt lat="40.72999081750195" lon="-74.02317463325429"><time>2026-06-05T15:01:35Z</time></trkpt><trkpt lat="40.7299741669373" lon="-74.023187717335"><time>2026-06-05T15:01:38Z</time></trkpt><trkpt lat="40.72995425972647" lon="-74.02320258819964"><time>2026-06-05T15:01:41Z</time></trkpt><trkpt lat="40.72993981595004" lon="-74.0232190123927"><time>2026-06-05T15:01:44Z</time></trkpt><trkpt lat="40.729923388147704" lon="-74.02324106906752"><time>2026-06-05T15:01:48Z</time></trkpt><trkpt lat="40.72990664020476" lon="-74.02325055799679"><time>2026-06-05T15:01:51Z</time></trkpt><trkpt lat="40.72988764309144" lon="-74.02326138101189"><time>2026-06-05T15:01:54Z</time></trkpt><trkpt lat="40.72987168558381" lon="-74.02327453008571"><time>2026-06-05T15:01:57Z</time></trkpt><trkpt lat="40.72985568559389" lon="-74.02329067009214"><time>2026-06-05T15:02:00Z</time></trkpt><trkpt lat="40.729838809596295" lon="-74.0233048409693"><time>2026-06-05T15:02:03Z</time></trkpt><trkpt lat="40.729819213378846" lon="-74.0233184727154"><time>2026-06-05T15:02:06Z</time></trkpt><trkpt lat="40.729800380288175" lon="-74.0233317856601"><time>2026-06-05T15:02:09Z</time></trkpt><trkpt lat="40.72977900046526" lon="-74.023348895933"><time>2026-06-05T15:02:12Z</time></trkpt><trkpt lat="40.72976061491125" lon="-74.0233678460225"><time>2026-06-05T15:02:15Z</time></trkpt><trkpt lat="40.729740418455535" lon="-74.02338402725506"><time>2026-06-05T15:02:18Z</time></trkpt><trkpt lat="40.72972071200363" lon="-74.0233985676941"><time>2026-06-05T15:02:21Z</time></trkpt><trkpt lat="40.72969899457917" lon="-74.02341084564338"><time>2026-06-05T15:02:24Z</time></trkpt><trkpt lat="40.72968358434861" lon="-74.0234234058862"><time>2026-06-05T15:02:26Z</time></trkpt><trkpt lat="40.72966332715624" lon="-74.02344029058439"><time>2026-06-05T15:02:29Z</time></trkpt><trkpt lat="40.729641700128724" lon="-74.02345291445208"><time>2026-06-05T15:02:32Z</time></trkpt><trkpt lat="40.729622163143496" lon="-74.02346648870693"><time>2026-06-05T15:02:35Z</time></trkpt><trkpt lat="40.72960376156906" lon="-74.02347733577479"><time>2026-06-05T15:02:37Z</time></trkpt><trkpt lat="40.72958134298309" lon="-74.02348441009202"><time>2026-06-05T15:02:40Z</time></trkpt><trkpt lat="40.729563812451225" lon="-74.0234927152476"><time>2026-06-05T15:02:42Z</time></trkpt><trkpt lat="40.72954161557667" lon="-74.02350362088173"><time>2026-06-05T15:02:45Z</time></trkpt><trkpt lat="40.72952502550665" lon="-74.02351303519765"><time>2026-06-05T15:02:47Z</time></trkpt><trkpt lat="40.72950165174576" lon="-74.02351786387658"><time>2026-06-05T15:02:50Z</time></trkpt><trkpt lat="40.729482717069516" lon="-74.02352181440855"><time>2026-06-05T15:02:52Z</time></trkpt><trkpt lat="40.72946053457254" lon="-74.02353938294422"><time>2026-06-05T15:02:55Z</time></trkpt><trkpt lat="40.72943655338101" lon="-74.02355411311544"><time>2026-06-05T15:02:58Z</time></trkpt><trkpt lat="40.72941245756069" lon="-74.02356821848241"><time>2026-06-05T15:03:01Z</time></trkpt><trkpt lat="40.729395331014366" lon="-74.02357947515145"><time>2026-06-05T15:03:03Z</time></trkpt><trkpt lat="40.72937039258705" lon="-74.02359049273727"><time>2026-06-05T15:03:06Z</time></trkpt><trkpt lat="40.72935438114817" lon="-74.02360161034943"><time>2026-06-05T15:03:08Z</time></trkpt><trkpt lat="40.72932811061623" lon="-74.02361045948132"><time>2026-06-05T15:03:11Z</time></trkpt><trkpt lat="40.72930624354774" lon="-74.0236290096483"><time>2026-06-05T15:03:14Z</time></trkpt><trkpt lat="40.729288479550505" lon="-74.02363411705598"><time>2026-06-05T15:03:16Z</time></trkpt><trkpt lat="40.72926453322254" lon="-74.02364779508864"><time>2026-06-05T15:03:19Z</time></trkpt><trkpt lat="40.72923904661962" lon="-74.02365688769237"><time>2026-06-05T15:03:22Z</time></trkpt><trkpt lat="40.72921382571387" lon="-74.02366734755013"><time>2026-06-05T15:03:25Z</time></trkpt><trkpt lat="40.72919156554738" lon="-74.02368161548718"><time>2026-06-05T15:03:28Z</time></trkpt><trkpt lat="40.729167803631725" lon="-74.02369296235939"><time>2026-06-05T15:03:31Z</time></trkpt><trkpt lat="40.72914263860244" lon="-74.02369862205656"><time>2026-06-05T15:03:34Z</time></trkpt><trkpt lat="40.72912037328395" lon="-74.023708263893"><time>2026-06-05T15:03:37Z</time></trkpt><trkpt lat="40.729101225868966" lon="-74.02372255607669"><time>2026-06-05T15:03:40Z</time></trkpt><trkpt lat="40.72907886972136" lon="-74.02373493713021"><time>2026-06-05T15:03:43Z</time></trkpt><trkpt lat="40.729058872410825" lon="-74.02374414078109"><time>2026-06-05T15:03:46Z</time></trkpt><trkpt lat="40.72903598843844" lon="-74.02375345799263"><time>2026-06-05T15:03:49Z</time></trkpt><trkpt lat="40.72901675233047" lon="-74.0237667795023"><time>2026-06-05T15:03:51Z</time></trkpt><trkpt lat="40.728995026556866" lon="-74.02376878196941"><time>2026-06-05T15:03:53Z</time></trkpt><trkpt lat="40.728975602177314" lon="-74.0237860041214"><time>2026-06-05T15:03:55Z</time></trkpt><trkpt lat="40.728954336369945" lon="-74.02379950715714"><time>2026-06-05T15:03:57Z</time></trkpt><trkpt lat="40.728930773893445" lon="-74.0238080945277"><time>2026-06-05T15:04:00Z</time></trkpt><trkpt lat="40.728910857595146" lon="-74.02381230721812"><time>2026-06-05T15:04:02Z</time></trkpt><trkpt lat="40.728888791072386" lon="-74.02382059344819"><time>2026-06-05T15:04:05Z</time></trkpt><trkpt lat="40.72887305871143" lon="-74.02383539315016"><time>2026-06-05T15:04:07Z</time></trkpt><trkpt lat="40.728853967956475" lon="-74.02383177058859"><time>2026-06-05T15:04:10Z</time></trkpt><trkpt lat="40.72883297717302" lon="-74.02383320865214"><time>2026-06-05T15:04:13Z</time></trkpt><trkpt lat="40.72881391098426" lon="-74.02384509074366"><time>2026-06-05T15:04:16Z</time></trkpt><trkpt lat="40.72879370098247" lon="-74.02384948573102"><time>2026-06-05T15:04:19Z</time></trkpt><trkpt lat="40.72877096055497" lon="-74.02386324939985"><time>2026-06-05T15:04:23Z</time></trkpt><trkpt lat="40.728748514742705" lon="-74.02387769709296"><time>2026-06-05T15:04:27Z</time></trkpt><trkpt lat="40.72872979255674" lon="-74.02388938122198"><time>2026-06-05T15:04:30Z</time></trkpt><trkpt lat="40.728714931852835" lon="-74.02390463834267"><time>2026-06-05T15:04:33Z</time></trkpt><trkpt lat="40.72870101147929" lon="-74.02392356236699"><time>2026-06-05T15:04:36Z</time></trkpt><trkpt lat="40.72868641111527" lon="-74.02394165073869"><time>2026-06-05T15:04:38Z</time></trkpt><trkpt lat="40.728666114077406" lon="-74.0239638509054"><time>2026-06-05T15:04:41Z</time></trkpt><trkpt lat="40.72865522428831" lon="-74.02398338384091"><time>2026-06-05T15:04:43Z</time></trkpt><trkpt lat="40.72863953104866" lon="-74.02399544710143"><time>2026-06-05T15:04:45Z</time></trkpt><trkpt lat="40.7286261435323" lon="-74.02401238950384"><time>2026-06-05T15:04:47Z</time></trkpt><trkpt lat="40.728611408731595" lon="-74.02402700030783"><time>2026-06-05T15:04:49Z</time></trkpt><trkpt lat="40.72859577062705" lon="-74.02404418150576"><time>2026-06-05T15:04:51Z</time></trkpt><trkpt lat="40.72858025727431" lon="-74.02405866150129"><time>2026-06-05T15:04:53Z</time></trkpt><trkpt lat="40.7285647412508" lon="-74.02407507337567"><time>2026-06-05T15:04:55Z</time></trkpt><trkpt lat="40.72854537604298" lon="-74.02409337490013"><time>2026-06-05T15:04:58Z</time></trkpt><trkpt lat="40.72852797200748" lon="-74.02410427406573"><time>2026-06-05T15:05:00Z</time></trkpt><trkpt lat="40.728506412843004" lon="-74.02412559464479"><time>2026-06-05T15:05:03Z</time></trkpt><trkpt lat="40.72848408371948" lon="-74.02414564456045"><time>2026-06-05T15:05:06Z</time></trkpt><trkpt lat="40.72846211866875" lon="-74.02416543483874"><time>2026-06-05T15:05:09Z</time></trkpt><trkpt lat="40.72843861880839" lon="-74.0241839839179"><time>2026-06-05T15:05:12Z</time></trkpt><trkpt lat="40.72841737393342" lon="-74.0242020046304"><time>2026-06-05T15:05:15Z</time></trkpt><trkpt lat="40.72839473705802" lon="-74.02422117039758"><time>2026-06-05T15:05:18Z</time></trkpt><trkpt lat="40.72837438252846" lon="-74.02423873286754"><time>2026-06-05T15:05:21Z</time></trkpt><trkpt lat="40.72835312480611" lon="-74.02425623187139"><time>2026-06-05T15:05:24Z</time></trkpt><trkpt lat="40.728332982727004" lon="-74.02427291523128"><time>2026-06-05T15:05:27Z</time></trkpt><trkpt lat="40.72831209735205" lon="-74.02429199029754"><time>2026-06-05T15:05:30Z</time></trkpt><trkpt lat="40.72829340875053" lon="-74.0243098325418"><time>2026-06-05T15:05:33Z</time></trkpt><trkpt lat="40.728273917420985" lon="-74.02432660191664"><time>2026-06-05T15:05:36Z</time></trkpt><trkpt lat="40.72825440611079" lon="-74.02434525723487"><time>2026-06-05T15:05:39Z</time></trkpt><trkpt lat="40.728235401509615" lon="-74.02436347426213"><time>2026-06-05T15:05:42Z</time></trkpt><trkpt lat="40.728215964646694" lon="-74.02438217296039"><time>2026-06-05T15:05:45Z</time></trkpt><trkpt lat="40.728194821578725" lon="-74.02440176242328"><time>2026-06-05T15:05:48Z</time></trkpt><trkpt lat="40.728173567403715" lon="-74.02442123797042"><time>2026-06-05T15:05:51Z</time></trkpt><trkpt lat="40.72815311650281" lon="-74.02444088513329"><time>2026-06-05T15:05:54Z</time></trkpt><trkpt lat="40.728134257554466" lon="-74.0244562137358"><time>2026-06-05T15:05:57Z</time></trkpt><trkpt lat="40.728115354337916" lon="-74.0244747022784"><time>2026-06-05T15:06:00Z</time></trkpt><trkpt lat="40.728093533134256" lon="-74.02449235397313"><time>2026-06-05T15:06:03Z</time></trkpt><trkpt lat="40.72807541458146" lon="-74.02451023514125"><time>2026-06-05T15:06:06Z</time></trkpt><trkpt lat="40.72805841644432" lon="-74.02452457410934"><time>2026-06-05T15:06:08Z</time></trkpt><trkpt lat="40.72803766923137" lon="-74.02454401158202"><time>2026-06-05T15:06:11Z</time></trkpt><trkpt lat="40.728022998687315" lon="-74.02456039550515"><time>2026-06-05T15:06:13Z</time></trkpt><trkpt lat="40.72800808300945" lon="-74.02457453214706"><time>2026-06-05T15:06:15Z</time></trkpt><trkpt lat="40.727993134448816" lon="-74.02458899585564"><time>2026-06-05T15:06:17Z</time></trkpt><trkpt lat="40.72797657551746" lon="-74.02460509923668"><time>2026-06-05T15:06:19Z</time></trkpt><trkpt lat="40.727960004578584" lon="-74.02462099186509"><time>2026-06-05T15:06:21Z</time></trkpt><trkpt lat="40.72794516351353" lon="-74.0246371258761"><time>2026-06-05T15:06:23Z</time></trkpt><trkpt lat="40.727927352467276" lon="-74.02465390800347"><time>2026-06-05T15:06:25Z</time></trkpt><trkpt lat="40.72791032031905" lon="-74.02466510732873"><time>2026-06-05T15:06:27Z</time></trkpt><trkpt lat="40.727895174801745" lon="-74.0246804386704"><time>2026-06-05T15:06:29Z</time></trkpt><trkpt lat="40.72787707609294" lon="-74.02469638556511"><time>2026-06-05T15:06:31Z</time></trkpt><trkpt lat="40.72786040091528" lon="-74.0247065873406"><time>2026-06-05T15:06:33Z</time></trkpt><trkpt lat="40.72784412611454" lon="-74.02472111999444"><time>2026-06-05T15:06:35Z</time></trkpt><trkpt lat="40.72782789027777" lon="-74.02473526078714"><time>2026-06-05T15:06:37Z</time></trkpt><trkpt lat="40.72780603363719" lon="-74.02475697427562"><time>2026-06-05T15:06:40Z</time></trkpt><trkpt lat="40.727793508644794" lon="-74.0247755198791"><time>2026-06-05T15:06:42Z</time></trkpt><trkpt lat="40.72778138366358" lon="-74.02479413840699"><time>2026-06-05T15:06:44Z</time></trkpt><trkpt lat="40.727766892089335" lon="-74.02481588004358"><time>2026-06-05T15:06:46Z</time></trkpt><trkpt lat="40.7277509560961" lon="-74.02484648400505"><time>2026-06-05T15:06:48Z</time></trkpt><trkpt lat="40.72773131547375" lon="-74.0248669401828"><time>2026-06-05T15:06:50Z</time></trkpt><trkpt lat="40.727714720896415" lon="-74.0248890354847"><time>2026-06-05T15:06:52Z</time></trkpt><trkpt lat="40.72769696415175" lon="-74.02491453117352"><time>2026-06-05T15:06:54Z</time></trkpt><trkpt lat="40.72767516082455" lon="-74.02493298074619"><time>2026-06-05T15:06:56Z</time></trkpt><trkpt lat="40.72765686366822" lon="-74.02495577553711"><time>2026-06-05T15:06:58Z</time></trkpt><trkpt lat="40.727638670993635" lon="-74.02497959497354"><time>2026-06-05T15:07:00Z</time></trkpt><trkpt lat="40.72761824780413" lon="-74.02500255932065"><time>2026-06-05T15:07:02Z</time></trkpt><trkpt lat="40.72760266524198" lon="-74.02502648780207"><time>2026-06-05T15:07:04Z</time></trkpt><trkpt lat="40.727582165198044" lon="-74.02504575771405"><time>2026-06-05T15:07:06Z</time></trkpt><trkpt lat="40.727560702883" lon="-74.02507193142185"><time>2026-06-05T15:07:08Z</time></trkpt><trkpt lat="40.727544179907305" lon="-74.02509278913611"><time>2026-06-05T15:07:10Z</time></trkpt><trkpt lat="40.72752168936672" lon="-74.0251238788095"><time>2026-06-05T15:07:12Z</time></trkpt><trkpt lat="40.72750661359379" lon="-74.02514981614138"><time>2026-06-05T15:07:14Z</time></trkpt><trkpt lat="40.72749087239652" lon="-74.02516813172814"><time>2026-06-05T15:07:15Z</time></trkpt><trkpt lat="40.727474064670666" lon="-74.0251882540543"><time>2026-06-05T15:07:17Z</time></trkpt><trkpt lat="40.727445749991965" lon="-74.02521193206226"><time>2026-06-05T15:07:19Z</time></trkpt><trkpt lat="40.72742437721098" lon="-74.02523186124483"><time>2026-06-05T15:07:21Z</time></trkpt><trkpt lat="40.72740601927643" lon="-74.02525557353358"><time>2026-06-05T15:07:23Z</time></trkpt><trkpt lat="40.727391053892845" lon="-74.0252785525399"><time>2026-06-05T15:07:25Z</time></trkpt><trkpt lat="40.72736988808397" lon="-74.02530165986339"><time>2026-06-05T15:07:27Z</time></trkpt><trkpt lat="40.727350500592934" lon="-74.02532345237005"><time>2026-06-05T15:07:29Z</time></trkpt><trkpt lat="40.72732885127417" lon="-74.02535537850565"><time>2026-06-05T15:07:31Z</time></trkpt><trkpt lat="40.72730940111252" lon="-74.02537588388438"><time>2026-06-05T15:07:33Z</time></trkpt><trkpt lat="40.72729012879512" lon="-74.02539878419363"><time>2026-06-05T15:07:35Z</time></trkpt><trkpt lat="40.72726471492298" lon="-74.02541842858638"><time>2026-06-05T15:07:37Z</time></trkpt><trkpt lat="40.727244203796815" lon="-74.02543715773417"><time>2026-06-05T15:07:39Z</time></trkpt><trkpt lat="40.72722227404074" lon="-74.02545318792983"><time>2026-06-05T15:07:41Z</time></trkpt><trkpt lat="40.72720257473978" lon="-74.0254770234903"><time>2026-06-05T15:07:43Z</time></trkpt><trkpt lat="40.72717931714249" lon="-74.02549836887822"><time>2026-06-05T15:07:45Z</time></trkpt><trkpt lat="40.72716341585288" lon="-74.02551995782208"><time>2026-06-05T15:07:47Z</time></trkpt><trkpt lat="40.727137527177305" lon="-74.02554572780413"><time>2026-06-05T15:07:49Z</time></trkpt><trkpt lat="40.72711627842065" lon="-74.02556221202276"><time>2026-06-05T15:07:51Z</time></trkpt><trkpt lat="40.72709962884911" lon="-74.02557862043311"><time>2026-06-05T15:07:53Z</time></trkpt><trkpt lat="40.72707722544055" lon="-74.02560044442832"><time>2026-06-05T15:07:55Z</time></trkpt><trkpt lat="40.72705541476289" lon="-74.02562077377871"><time>2026-06-05T15:07:57Z</time></trkpt><trkpt lat="40.727038500648064" lon="-74.0256393215513"><time>2026-06-05T15:07:59Z</time></trkpt><trkpt lat="40.727016800302785" lon="-74.02565814472302"><time>2026-06-05T15:08:01Z</time></trkpt><trkpt lat="40.727000030244845" lon="-74.02567811759725"><time>2026-06-05T15:08:03Z</time></trkpt><trkpt lat="40.72697968194209" lon="-74.02569642837086"><time>2026-06-05T15:08:05Z</time></trkpt><trkpt lat="40.72696161552004" lon="-74.02571670586683"><time>2026-06-05T15:08:07Z</time></trkpt><trkpt lat="40.72694070345009" lon="-74.02573338157006"><time>2026-06-05T15:08:09Z</time></trkpt><trkpt lat="40.72692175554989" lon="-74.0257542368555"><time>2026-06-05T15:08:11Z</time></trkpt><trkpt lat="40.726900628402134" lon="-74.02577182320351"><time>2026-06-05T15:08:13Z</time></trkpt><trkpt lat="40.72688078329928" lon="-74.0257922178969"><time>2026-06-05T15:08:15Z</time></trkpt><trkpt lat="40.72686311860696" lon="-74.02581077374167"><time>2026-06-05T15:08:17Z</time></trkpt><trkpt lat="40.7268438682837" lon="-74.02583220086633"><time>2026-06-05T15:08:19Z</time></trkpt><trkpt lat="40.72682674133173" lon="-74.02585219486927"><time>2026-06-05T15:08:21Z</time></trkpt><trkpt lat="40.726808025189925" lon="-74.02587429272536"><time>2026-06-05T15:08:23Z</time></trkpt><trkpt lat="40.72678892786593" lon="-74.02589605372677"><time>2026-06-05T15:08:25Z</time></trkpt><trkpt lat="40.72677138650571" lon="-74.02591876072526"><time>2026-06-05T15:08:27Z</time></trkpt><trkpt lat="40.72675264816566" lon="-74.0259393038681"><time>2026-06-05T15:08:29Z</time></trkpt><trkpt lat="40.72673464675546" lon="-74.02596102951982"><time>2026-06-05T15:08:31Z</time></trkpt><trkpt lat="40.726715507143815" lon="-74.02598114314877"><time>2026-06-05T15:08:33Z</time></trkpt><trkpt lat="40.726696940616776" lon="-74.0260037996871"><time>2026-06-05T15:08:35Z</time></trkpt><trkpt lat="40.726678673280375" lon="-74.0260258371145"><time>2026-06-05T15:08:37Z</time></trkpt><trkpt lat="40.7266589451026" lon="-74.02604526834754"><time>2026-06-05T15:08:39Z</time></trkpt><trkpt lat="40.72663528993966" lon="-74.02605419385803"><time>2026-06-05T15:08:41Z</time></trkpt><trkpt lat="40.72661338957724" lon="-74.0260546520949"><time>2026-06-05T15:08:43Z</time></trkpt><trkpt lat="40.7265922859621" lon="-74.02604844160155"><time>2026-06-05T15:08:45Z</time></trkpt><trkpt lat="40.72657585427981" lon="-74.02603641739647"><time>2026-06-05T15:08:47Z</time></trkpt><trkpt lat="40.726561322624015" lon="-74.02601763892321"><time>2026-06-05T15:08:49Z</time></trkpt><trkpt lat="40.72655385765152" lon="-74.02599088616547"><time>2026-06-05T15:08:51Z</time></trkpt><trkpt lat="40.72655230864025" lon="-74.02596192470696"><time>2026-06-05T15:08:53Z</time></trkpt><trkpt lat="40.726556700132406" lon="-74.02593171663965"><time>2026-06-05T15:08:55Z</time></trkpt><trkpt lat="40.726569627913385" lon="-74.02590635019354"><time>2026-06-05T15:08:57Z</time></trkpt><trkpt lat="40.72658045472677" lon="-74.02587922842214"><time>2026-06-05T15:08:59Z</time></trkpt><trkpt lat="40.726590620894015" lon="-74.02585353384073"><time>2026-06-05T15:09:01Z</time></trkpt><trkpt lat="40.726601001236155" lon="-74.0258279212677"><time>2026-06-05T15:09:03Z</time></trkpt><trkpt lat="40.72660820922207" lon="-74.02579603286172"><time>2026-06-05T15:09:05Z</time></trkpt><trkpt lat="40.7266167472493" lon="-74.02576547616117"><time>2026-06-05T15:09:07Z</time></trkpt><trkpt lat="40.72662588876686" lon="-74.02573605775414"><time>2026-06-05T15:09:09Z</time></trkpt><trkpt lat="40.726634596504674" lon="-74.02570749311768"><time>2026-06-05T15:09:11Z</time></trkpt><trkpt lat="40.726646448909534" lon="-74.02567444342567"><time>2026-06-05T15:09:13Z</time></trkpt><trkpt lat="40.726657323422536" lon="-74.02564533802804"><time>2026-06-05T15:09:15Z</time></trkpt><trkpt lat="40.72667236149967" lon="-74.02561901182283"><time>2026-06-05T15:09:17Z</time></trkpt><trkpt lat="40.726686591229495" lon="-74.02559431241752"><time>2026-06-05T15:09:19Z</time></trkpt><trkpt lat="40.7267028772227" lon="-74.02557483441865"><time>2026-06-05T15:09:21Z</time></trkpt><trkpt lat="40.726720704082354" lon="-74.02555458406171"><time>2026-06-05T15:09:23Z</time></trkpt><trkpt lat="40.72673808951793" lon="-74.02553924643004"><time>2026-06-05T15:09:25Z</time></trkpt><trkpt lat="40.72675636292138" lon="-74.02552262253113"><time>2026-06-05T15:09:27Z</time></trkpt><trkpt lat="40.72677461419528" lon="-74.02550676726524"><time>2026-06-05T15:09:29Z</time></trkpt><trkpt lat="40.72678892175827" lon="-74.02549002495205"><time>2026-06-05T15:09:31Z</time></trkpt><trkpt lat="40.72680511343069" lon="-74.02547014086572"><time>2026-06-05T15:09:33Z</time></trkpt><trkpt lat="40.72681999396647" lon="-74.02545302432874"><time>2026-06-05T15:09:35Z</time></trkpt><trkpt lat="40.726832785401825" lon="-74.02543300141026"><time>2026-06-05T15:09:37Z</time></trkpt><trkpt lat="40.72684861403924" lon="-74.02541080506397"><time>2026-06-05T15:09:39Z</time></trkpt><trkpt lat="40.726858652729746" lon="-74.02538966133542"><time>2026-06-05T15:09:41Z</time></trkpt><trkpt lat="40.72687017911125" lon="-74.0253676782654"><time>2026-06-05T15:09:43Z</time></trkpt><trkpt lat="40.72688106716689" lon="-74.02534356875866"><time>2026-06-05T15:09:45Z</time></trkpt><trkpt lat="40.726893340315165" lon="-74.02532136072969"><time>2026-06-05T15:09:47Z</time></trkpt><trkpt lat="40.72690465246889" lon="-74.02530101365534"><time>2026-06-05T15:09:49Z</time></trkpt><trkpt lat="40.72691845259413" lon="-74.0252800413688"><time>2026-06-05T15:09:51Z</time></trkpt><trkpt lat="40.726934066350324" lon="-74.02526361337128"><time>2026-06-05T15:09:53Z</time></trkpt><trkpt lat="40.72694610815285" lon="-74.02524375845364"><time>2026-06-05T15:09:55Z</time></trkpt><trkpt lat="40.72695895545755" lon="-74.02522289721654"><time>2026-06-05T15:09:57Z</time></trkpt><trkpt lat="40.726968756146704" lon="-74.02519986467695"><time>2026-06-05T15:09:59Z</time></trkpt><trkpt lat="40.72698007903628" lon="-74.0251792591754"><time>2026-06-05T15:10:01Z</time></trkpt><trkpt lat="40.72699074341249" lon="-74.02515855504961"><time>2026-06-05T15:10:03Z</time></trkpt><trkpt lat="40.727004474838" lon="-74.02513940777585"><time>2026-06-05T15:10:05Z</time></trkpt><trkpt lat="40.72701562783648" lon="-74.02512071466047"><time>2026-06-05T15:10:07Z</time></trkpt><trkpt lat="40.72702765928198" lon="-74.02510037483354"><time>2026-06-05T15:10:09Z</time></trkpt><trkpt lat="40.727042886604124" lon="-74.0250764847186"><time>2026-06-05T15:10:12Z</time></trkpt><trkpt lat="40.72706428896215" lon="-74.02505264628505"><time>2026-06-05T15:10:15Z</time></trkpt><trkpt lat="40.727077376900496" lon="-74.02502652329882"><time>2026-06-05T15:10:18Z</time></trkpt><trkpt lat="40.72708808937985" lon="-74.02500747722314"><time>2026-06-05T15:10:20Z</time></trkpt><trkpt lat="40.72710347096465" lon="-74.02497839023152"><time>2026-06-05T15:10:23Z</time></trkpt><trkpt lat="40.72711569406184" lon="-74.02495813847285"><time>2026-06-05T15:10:25Z</time></trkpt><trkpt lat="40.7271242711059" lon="-74.02493362551007"><time>2026-06-05T15:10:27Z</time></trkpt><trkpt lat="40.727136741680866" lon="-74.02491002438944"><time>2026-06-05T15:10:29Z</time></trkpt><trkpt lat="40.727146947291374" lon="-74.02488680851941"><time>2026-06-05T15:10:31Z</time></trkpt><trkpt lat="40.72715772467795" lon="-74.02486288857249"><time>2026-06-05T15:10:33Z</time></trkpt><trkpt lat="40.72716572277626" lon="-74.02483705581788"><time>2026-06-05T15:10:35Z</time></trkpt><trkpt lat="40.72717504184751" lon="-74.02481254300642"><time>2026-06-05T15:10:37Z</time></trkpt><trkpt lat="40.72718353552765" lon="-74.02478657816026"><time>2026-06-05T15:10:39Z</time></trkpt><trkpt lat="40.727193434642494" lon="-74.02476110009891"><time>2026-06-05T15:10:41Z</time></trkpt><trkpt lat="40.727202193535966" lon="-74.02473525200749"><time>2026-06-05T15:10:43Z</time></trkpt><trkpt lat="40.727213446134364" lon="-74.02471057291393"><time>2026-06-05T15:10:45Z</time></trkpt><trkpt lat="40.72722462348039" lon="-74.02468264283505"><time>2026-06-05T15:10:47Z</time></trkpt><trkpt lat="40.727234998249976" lon="-74.02465480570179"><time>2026-06-05T15:10:49Z</time></trkpt><trkpt lat="40.727244240630206" lon="-74.02462778031187"><time>2026-06-05T15:10:51Z</time></trkpt><trkpt lat="40.72725485623844" lon="-74.02460154883428"><time>2026-06-05T15:10:53Z</time></trkpt><trkpt lat="40.72726478534572" lon="-74.02457421495144"><time>2026-06-05T15:10:55Z</time></trkpt><trkpt lat="40.727273724070415" lon="-74.02454431003949"><time>2026-06-05T15:10:57Z</time></trkpt><trkpt lat="40.72728411544371" lon="-74.02451661758371"><time>2026-06-05T15:10:59Z</time></trkpt><trkpt lat="40.72729637397164" lon="-74.02448976799482"><time>2026-06-05T15:11:01Z</time></trkpt><trkpt lat="40.727308572423794" lon="-74.02446108759243"><time>2026-06-05T15:11:03Z</time></trkpt><trkpt lat="40.7273217539296" lon="-74.02443580688035"><time>2026-06-05T15:11:05Z</time></trkpt><trkpt lat="40.72733646702264" lon="-74.024410041788"><time>2026-06-05T15:11:07Z</time></trkpt><trkpt lat="40.72735090123214" lon="-74.02438392337119"><time>2026-06-05T15:11:09Z</time></trkpt><trkpt lat="40.727363338241254" lon="-74.02435684032471"><time>2026-06-05T15:11:11Z</time></trkpt><trkpt lat="40.7273763492012" lon="-74.02432966143483"><time>2026-06-05T15:11:13Z</time></trkpt><trkpt lat="40.727390491573196" lon="-74.02430044817461"><time>2026-06-05T15:11:15Z</time></trkpt><trkpt lat="40.72740248431154" lon="-74.024272852441"><time>2026-06-05T15:11:17Z</time></trkpt><trkpt lat="40.72741584977051" lon="-74.0242409322517"><time>2026-06-05T15:11:19Z</time></trkpt><trkpt lat="40.72742648002417" lon="-74.02421301620544"><time>2026-06-05T15:11:21Z</time></trkpt><trkpt lat="40.72744349387339" lon="-74.02418549948658"><time>2026-06-05T15:11:23Z</time></trkpt><trkpt lat="40.72745567371958" lon="-74.02415553895281"><time>2026-06-05T15:11:25Z</time></trkpt><trkpt lat="40.727470592630716" lon="-74.02412707839602"><time>2026-06-05T15:11:27Z</time></trkpt><trkpt lat="40.72748728223527" lon="-74.02409842440458"><time>2026-06-05T15:11:29Z</time></trkpt><trkpt lat="40.72750247297178" lon="-74.02407218873316"><time>2026-06-05T15:11:31Z</time></trkpt><trkpt lat="40.7275192705945" lon="-74.02404002954522"><time>2026-06-05T15:11:33Z</time></trkpt><trkpt lat="40.72753295178949" lon="-74.02401508364872"><time>2026-06-05T15:11:35Z</time></trkpt><trkpt lat="40.72755173424179" lon="-74.02398714178813"><time>2026-06-05T15:11:37Z</time></trkpt><trkpt lat="40.72756489211611" lon="-74.02395939014654"><time>2026-06-05T15:11:39Z</time></trkpt><trkpt lat="40.727582852432526" lon="-74.02393337699284"><time>2026-06-05T15:11:41Z</time></trkpt><trkpt lat="40.72760001557581" lon="-74.02390936983538"><time>2026-06-05T15:11:43Z</time></trkpt><trkpt lat="40.72761732104715" lon="-74.02388917478937"><time>2026-06-05T15:11:45Z</time></trkpt><trkpt lat="40.727634477344914" lon="-74.02386749920046"><time>2026-06-05T15:11:47Z</time></trkpt><trkpt lat="40.72764806502723" lon="-74.0238474765638"><time>2026-06-05T15:11:49Z</time></trkpt><trkpt lat="40.727664899335814" lon="-74.02382857946945"><time>2026-06-05T15:11:51Z</time></trkpt><trkpt lat="40.72767999336776" lon="-74.0238089506217"><time>2026-06-05T15:11:53Z</time></trkpt><trkpt lat="40.727704163574764" lon="-74.02378471195358"><time>2026-06-05T15:11:56Z</time></trkpt><trkpt lat="40.727719344998285" lon="-74.02377095616077"><time>2026-06-05T15:11:58Z</time></trkpt><trkpt lat="40.72773451874813" lon="-74.02375561830083"><time>2026-06-05T15:12:00Z</time></trkpt><trkpt lat="40.727749680751" lon="-74.02373985112685"><time>2026-06-05T15:12:02Z</time></trkpt><trkpt lat="40.72776397152872" lon="-74.02372436409557"><time>2026-06-05T15:12:04Z</time></trkpt><trkpt lat="40.727778840057205" lon="-74.02370915288414"><time>2026-06-05T15:12:06Z</time></trkpt><trkpt lat="40.72779239520126" lon="-74.02369311688214"><time>2026-06-05T15:12:08Z</time></trkpt><trkpt lat="40.72780739151542" lon="-74.02367861697283"><time>2026-06-05T15:12:10Z</time></trkpt><trkpt lat="40.72782218467614" lon="-74.02366143150203"><time>2026-06-05T15:12:12Z</time></trkpt><trkpt lat="40.72783621325136" lon="-74.02364601529817"><time>2026-06-05T15:12:14Z</time></trkpt><trkpt lat="40.72784918262242" lon="-74.02362827761701"><time>2026-06-05T15:12:16Z</time></trkpt><trkpt lat="40.72786460089684" lon="-74.02361116929859"><time>2026-06-05T15:12:18Z</time></trkpt><trkpt lat="40.727877485356004" lon="-74.02359255216706"><time>2026-06-05T15:12:20Z</time></trkpt><trkpt lat="40.72789196299503" lon="-74.0235759126413"><time>2026-06-05T15:12:22Z</time></trkpt><trkpt lat="40.72790775509558" lon="-74.02355551517732"><time>2026-06-05T15:12:24Z</time></trkpt><trkpt lat="40.72792184464563" lon="-74.02353648787094"><time>2026-06-05T15:12:26Z</time></trkpt><trkpt lat="40.72793476324161" lon="-74.02351274490616"><time>2026-06-05T15:12:28Z</time></trkpt><trkpt lat="40.72794940707612" lon="-74.02349176795845"><time>2026-06-05T15:12:30Z</time></trkpt><trkpt lat="40.727962623875975" lon="-74.02346959920712"><time>2026-06-05T15:12:32Z</time></trkpt><trkpt lat="40.72797854727275" lon="-74.02344881506602"><time>2026-06-05T15:12:34Z</time></trkpt><trkpt lat="40.72799500589256" lon="-74.02342884649259"><time>2026-06-05T15:12:36Z</time></trkpt><trkpt lat="40.7280099069816" lon="-74.02341170571736"><time>2026-06-05T15:12:38Z</time></trkpt><trkpt lat="40.728029576114906" lon="-74.02339183571702"><time>2026-06-05T15:12:40Z</time></trkpt><trkpt lat="40.728045690639476" lon="-74.02337604543243"><time>2026-06-05T15:12:42Z</time></trkpt><trkpt lat="40.728063718669176" lon="-74.02335878049176"><time>2026-06-05T15:12:44Z</time></trkpt><trkpt lat="40.72808021634032" lon="-74.02334168890802"><time>2026-06-05T15:12:46Z</time></trkpt><trkpt lat="40.728096721429566" lon="-74.02332396062705"><time>2026-06-05T15:12:48Z</time></trkpt><trkpt lat="40.72811201913403" lon="-74.02330561085796"><time>2026-06-05T15:12:50Z</time></trkpt><trkpt lat="40.72812812129817" lon="-74.02328817732962"><time>2026-06-05T15:12:52Z</time></trkpt><trkpt lat="40.72814331166871" lon="-74.02326711965904"><time>2026-06-05T15:12:54Z</time></trkpt><trkpt lat="40.72816013510777" lon="-74.02325150615134"><time>2026-06-05T15:12:56Z</time></trkpt><trkpt lat="40.728178795255644" lon="-74.02323341032793"><time>2026-06-05T15:12:58Z</time></trkpt><trkpt lat="40.72819606689614" lon="-74.02321965742316"><time>2026-06-05T15:13:00Z</time></trkpt><trkpt lat="40.728213988501885" lon="-74.02320466052919"><time>2026-06-05T15:13:02Z</time></trkpt><trkpt lat="40.72823261194937" lon="-74.02318794159625"><time>2026-06-05T15:13:04Z</time></trkpt><trkpt lat="40.72824664341451" lon="-74.02317175984315"><time>2026-06-05T15:13:06Z</time></trkpt><trkpt lat="40.72826332182987" lon="-74.02315164303053"><time>2026-06-05T15:13:08Z</time></trkpt><trkpt lat="40.728276620111025" lon="-74.02313446809555"><time>2026-06-05T15:13:10Z</time></trkpt><trkpt lat="40.72829301009985" lon="-74.02311235611776"><time>2026-06-05T15:13:12Z</time></trkpt><trkpt lat="40.72830649485614" lon="-74.02309225935792"><time>2026-06-05T15:13:14Z</time></trkpt><trkpt lat="40.72832241306797" lon="-74.02306922572191"><time>2026-06-05T15:13:16Z</time></trkpt><trkpt lat="40.728335607077334" lon="-74.02304574787033"><time>2026-06-05T15:13:18Z</time></trkpt><trkpt lat="40.72834938031812" lon="-74.02301792290555"><time>2026-06-05T15:13:20Z</time></trkpt><trkpt lat="40.728363648890095" lon="-74.02299323322408"><time>2026-06-05T15:13:22Z</time></trkpt><trkpt lat="40.72837754346335" lon="-74.02296413597422"><time>2026-06-05T15:13:24Z</time></trkpt><trkpt lat="40.728391267991576" lon="-74.02293679834645"><time>2026-06-05T15:13:26Z</time></trkpt><trkpt lat="40.72840547598919" lon="-74.02290754494518"><time>2026-06-05T15:13:28Z</time></trkpt><trkpt lat="40.72841932521585" lon="-74.02288079859082"><time>2026-06-05T15:13:30Z</time></trkpt><trkpt lat="40.72843549850895" lon="-74.02285114336944"><time>2026-06-05T15:13:32Z</time></trkpt><trkpt lat="40.72845079318226" lon="-74.022824387688"><time>2026-06-05T15:13:34Z</time></trkpt><trkpt lat="40.728467191114994" lon="-74.02279731586584"><time>2026-06-05T15:13:36Z</time></trkpt><trkpt lat="40.728485448477635" lon="-74.0227685943936"><time>2026-06-05T15:13:38Z</time></trkpt><trkpt lat="40.72850181306403" lon="-74.02274291344655"><time>2026-06-05T15:13:40Z</time></trkpt><trkpt lat="40.7285216578028" lon="-74.02271670055632"><time>2026-06-05T15:13:42Z</time></trkpt><trkpt lat="40.728539005141606" lon="-74.02269231023976"><time>2026-06-05T15:13:44Z</time></trkpt><trkpt lat="40.72855676817613" lon="-74.02266609539898"><time>2026-06-05T15:13:46Z</time></trkpt><trkpt lat="40.72857645158876" lon="-74.02264150757804"><time>2026-06-05T15:13:48Z</time></trkpt><trkpt lat="40.728592766129665" lon="-74.02261428147044"><time>2026-06-05T15:13:50Z</time></trkpt><trkpt lat="40.72860999973207" lon="-74.02258794229895"><time>2026-06-05T15:13:52Z</time></trkpt><trkpt lat="40.728626448734154" lon="-74.02256131166313"><time>2026-06-05T15:13:54Z</time></trkpt><trkpt lat="40.72864539941631" lon="-74.02253637926235"><time>2026-06-05T15:13:56Z</time></trkpt><trkpt lat="40.72866041879286" lon="-74.02251078373608"><time>2026-06-05T15:13:58Z</time></trkpt><trkpt lat="40.72867669093446" lon="-74.02249120685853"><time>2026-06-05T15:14:00Z</time></trkpt><trkpt lat="40.728688793116746" lon="-74.02245816027612"><time>2026-06-05T15:14:02Z</time></trkpt><trkpt lat="40.728702800034014" lon="-74.02242937318412"><time>2026-06-05T15:14:04Z</time></trkpt><trkpt lat="40.7287204688637" lon="-74.02239781358517"><time>2026-06-05T15:14:06Z</time></trkpt><trkpt lat="40.72873393091342" lon="-74.022376476617"><time>2026-06-05T15:14:08Z</time></trkpt><trkpt lat="40.72874544742309" lon="-74.02235184895808"><time>2026-06-05T15:14:10Z</time></trkpt><trkpt lat="40.728761872402735" lon="-74.02232687481387"><time>2026-06-05T15:14:12Z</time></trkpt><trkpt lat="40.7287709187649" lon="-74.02229368437958"><time>2026-06-05T15:14:14Z</time></trkpt><trkpt lat="40.72878816751268" lon="-74.02225451638182"><time>2026-06-05T15:14:16Z</time></trkpt><trkpt lat="40.72879711688234" lon="-74.02223069677652"><time>2026-06-05T15:14:18Z</time></trkpt><trkpt lat="40.728814221608204" lon="-74.02220542631528"><time>2026-06-05T15:14:20Z</time></trkpt><trkpt lat="40.72883004256633" lon="-74.02218163212206"><time>2026-06-05T15:14:22Z</time></trkpt><trkpt lat="40.728843706972626" lon="-74.02215795017536"><time>2026-06-05T15:14:24Z</time></trkpt><trkpt lat="40.72886415173263" lon="-74.02213514268342"><time>2026-06-05T15:14:26Z</time></trkpt><trkpt lat="40.72888319253082" lon="-74.02211452334487"><time>2026-06-05T15:14:28Z</time></trkpt><trkpt lat="40.72890198622468" lon="-74.02209759059033"><time>2026-06-05T15:14:30Z</time></trkpt><trkpt lat="40.72892572481415" lon="-74.02208531796514"><time>2026-06-05T15:14:32Z</time></trkpt><trkpt lat="40.72894158403426" lon="-74.0220632191627"><time>2026-06-05T15:14:34Z</time></trkpt><trkpt lat="40.728956295723165" lon="-74.022044015402"><time>2026-06-05T15:14:36Z</time></trkpt><trkpt lat="40.72897181759354" lon="-74.02202449536755"><time>2026-06-05T15:14:38Z</time></trkpt><trkpt lat="40.728988456428624" lon="-74.02200860719846"><time>2026-06-05T15:14:40Z</time></trkpt><trkpt lat="40.72900555135456" lon="-74.02198438802415"><time>2026-06-05T15:14:42Z</time></trkpt><trkpt lat="40.729021188280385" lon="-74.0219669967475"><time>2026-06-05T15:14:44Z</time></trkpt><trkpt lat="40.72904501414785" lon="-74.02194930778663"><time>2026-06-05T15:14:47Z</time></trkpt><trkpt lat="40.729059990196035" lon="-74.02193365058709"><time>2026-06-05T15:14:49Z</time></trkpt><trkpt lat="40.72907543727428" lon="-74.02192141044662"><time>2026-06-05T15:14:51Z</time></trkpt><trkpt lat="40.729091548351825" lon="-74.02190532261858"><time>2026-06-05T15:14:53Z</time></trkpt><trkpt lat="40.72911281954427" lon="-74.02188653775181"><time>2026-06-05T15:14:56Z</time></trkpt><trkpt lat="40.72913506766726" lon="-74.02187050221487"><time>2026-06-05T15:14:59Z</time></trkpt><trkpt lat="40.72915532318725" lon="-74.02185509476992"><time>2026-06-05T15:15:02Z</time></trkpt><trkpt lat="40.72917333173147" lon="-74.02183906287686"><time>2026-06-05T15:15:05Z</time></trkpt><trkpt lat="40.72919439118263" lon="-74.02182276145068"><time>2026-06-05T15:15:08Z</time></trkpt><trkpt lat="40.72921247140272" lon="-74.02180838107698"><time>2026-06-05T15:15:11Z</time></trkpt><trkpt lat="40.729233283158756" lon="-74.02178986935216"><time>2026-06-05T15:15:14Z</time></trkpt><trkpt lat="40.729248910387525" lon="-74.02177051353537"><time>2026-06-05T15:15:17Z</time></trkpt><trkpt lat="40.72926024946588" lon="-74.02175096833686"><time>2026-06-05T15:15:19Z</time></trkpt><trkpt lat="40.72927736975359" lon="-74.0217340398468"><time>2026-06-05T15:15:22Z</time></trkpt><trkpt lat="40.7292945293753" lon="-74.0217119593328"><time>2026-06-05T15:15:25Z</time></trkpt><trkpt lat="40.72931335785691" lon="-74.0216903875164"><time>2026-06-05T15:15:28Z</time></trkpt><trkpt lat="40.729327806062" lon="-74.02166795367985"><time>2026-06-05T15:15:31Z</time></trkpt><trkpt lat="40.72934350828737" lon="-74.02164501928841"><time>2026-06-05T15:15:34Z</time></trkpt><trkpt lat="40.729359180021454" lon="-74.02162013834352"><time>2026-06-05T15:15:37Z</time></trkpt><trkpt lat="40.729376632275695" lon="-74.02159714587977"><time>2026-06-05T15:15:40Z</time></trkpt><trkpt lat="40.72939197714035" lon="-74.02157464130046"><time>2026-06-05T15:15:43Z</time></trkpt><trkpt lat="40.72940702642067" lon="-74.02154851384506"><time>2026-06-05T15:15:46Z</time></trkpt><trkpt lat="40.729423183321394" lon="-74.02152434378522"><time>2026-06-05T15:15:49Z</time></trkpt><trkpt lat="40.729437771251625" lon="-74.02150113554904"><time>2026-06-05T15:15:52Z</time></trkpt><trkpt lat="40.729455770356275" lon="-74.02147728057277"><time>2026-06-05T15:15:55Z</time></trkpt><trkpt lat="40.729471167499014" lon="-74.02145364160206"><time>2026-06-05T15:15:58Z</time></trkpt><trkpt lat="40.7294848585971" lon="-74.02143073829696"><time>2026-06-05T15:16:01Z</time></trkpt><trkpt lat="40.7295030684108" lon="-74.02140909763347"><time>2026-06-05T15:16:04Z</time></trkpt><trkpt lat="40.729519968346466" lon="-74.02138582768859"><time>2026-06-05T15:16:07Z</time></trkpt><trkpt lat="40.72953382762663" lon="-74.02137024276698"><time>2026-06-05T15:16:09Z</time></trkpt><trkpt lat="40.729549619061146" lon="-74.02134086803909"><time>2026-06-05T15:16:12Z</time></trkpt><trkpt lat="40.72956511727386" lon="-74.02132578893443"><time>2026-06-05T15:16:14Z</time></trkpt><trkpt lat="40.72958158508811" lon="-74.02130219345172"><time>2026-06-05T15:16:17Z</time></trkpt><trkpt lat="40.72959562053801" lon="-74.02128038355424"><time>2026-06-05T15:16:20Z</time></trkpt><trkpt lat="40.72960822424251" lon="-74.02125811315737"><time>2026-06-05T15:16:22Z</time></trkpt><trkpt lat="40.729620209358735" lon="-74.02123165268266"><time>2026-06-05T15:16:25Z</time></trkpt><trkpt lat="40.72963199609964" lon="-74.02121170317187"><time>2026-06-05T15:16:27Z</time></trkpt><trkpt lat="40.729638415958966" lon="-74.02118805603523"><time>2026-06-05T15:16:29Z</time></trkpt><trkpt lat="40.729643835586835" lon="-74.02116342282532"><time>2026-06-05T15:16:31Z</time></trkpt><trkpt lat="40.72965392116905" lon="-74.02113830588644"><time>2026-06-05T15:16:33Z</time></trkpt><trkpt lat="40.72966148996648" lon="-74.02111656446301"><time>2026-06-05T15:16:35Z</time></trkpt><trkpt lat="40.72967155600011" lon="-74.0210902610525"><time>2026-06-05T15:16:37Z</time></trkpt><trkpt lat="40.729678215202156" lon="-74.0210675615675"><time>2026-06-05T15:16:39Z</time></trkpt><trkpt lat="40.72968910768349" lon="-74.02103962025285"><time>2026-06-05T15:16:41Z</time></trkpt><trkpt lat="40.729691544313305" lon="-74.02101431575137"><time>2026-06-05T15:16:43Z</time></trkpt><trkpt lat="40.72970631256737" lon="-74.0209756018648"><time>2026-06-05T15:16:46Z</time></trkpt><trkpt lat="40.729716562239915" lon="-74.0209556787507"><time>2026-06-05T15:16:48Z</time></trkpt><trkpt lat="40.72972348390047" lon="-74.02092147971301"><time>2026-06-05T15:16:51Z</time></trkpt><trkpt lat="40.729734408323395" lon="-74.02089397210565"><time>2026-06-05T15:16:53Z</time></trkpt><trkpt lat="40.72974398181162" lon="-74.02087376127814"><time>2026-06-05T15:16:55Z</time></trkpt><trkpt lat="40.7297530794115" lon="-74.02084791917746"><time>2026-06-05T15:16:57Z</time></trkpt><trkpt lat="40.72976612636539" lon="-74.02082319241777"><time>2026-06-05T15:16:59Z</time></trkpt><trkpt lat="40.7297831225576" lon="-74.02079396644265"><time>2026-06-05T15:17:02Z</time></trkpt><trkpt lat="40.72979577030934" lon="-74.02077151983418"><time>2026-06-05T15:17:04Z</time></trkpt><trkpt lat="40.72981219563178" lon="-74.02074625084688"><time>2026-06-05T15:17:07Z</time></trkpt><trkpt lat="40.72983585360549" lon="-74.0207148239607"><time>2026-06-05T15:17:11Z</time></trkpt><trkpt lat="40.72985342756488" lon="-74.02069275047933"><time>2026-06-05T15:17:15Z</time></trkpt><trkpt lat="40.7298741995245" lon="-74.02067520831142"><time>2026-06-05T15:17:18Z</time></trkpt><trkpt lat="40.72989216275646" lon="-74.02065855002768"><time>2026-06-05T15:17:21Z</time></trkpt><trkpt lat="40.7299117968419" lon="-74.02064696305075"><time>2026-06-05T15:17:25Z</time></trkpt><trkpt lat="40.72993259270717" lon="-74.02064017895977"><time>2026-06-05T15:17:28Z</time></trkpt><trkpt lat="40.72994794015733" lon="-74.02062632661176"><time>2026-06-05T15:17:31Z</time></trkpt><trkpt lat="40.72996522193223" lon="-74.02061717505806"><time>2026-06-05T15:17:33Z</time></trkpt><trkpt lat="40.72998448407732" lon="-74.02060783990255"><time>2026-06-05T15:17:37Z</time></trkpt><trkpt lat="40.73000196645617" lon="-74.02059786107635"><time>2026-06-05T15:17:40Z</time></trkpt><trkpt lat="40.73002008830125" lon="-74.02058850821903"><time>2026-06-05T15:17:43Z</time></trkpt><trkpt lat="40.73003737616978" lon="-74.02057487333516"><time>2026-06-05T15:17:47Z</time></trkpt><trkpt lat="40.73005194128769" lon="-74.02055517168803"><time>2026-06-05T15:17:52Z</time></trkpt><trkpt lat="40.73007258359873" lon="-74.02053650909896"><time>2026-06-05T15:17:56Z</time></trkpt><trkpt lat="40.730080713391445" lon="-74.0205053951972"><time>2026-06-05T15:18:01Z</time></trkpt><trkpt lat="40.73009670948979" lon="-74.02048460083363"><time>2026-06-05T15:18:06Z</time></trkpt><trkpt lat="40.73010677501039" lon="-74.02046007130743"><time>2026-06-05T15:18:10Z</time></trkpt><trkpt lat="40.73011759170442" lon="-74.02043749548433"><time>2026-06-05T15:18:15Z</time></trkpt><trkpt lat="40.73012542088871" lon="-74.0204128234481"><time>2026-06-05T15:18:20Z</time></trkpt><trkpt lat="40.73012627750264" lon="-74.02037893381117"><time>2026-06-05T15:18:25Z</time></trkpt><trkpt lat="40.730142384088374" lon="-74.0203628657454"><time>2026-06-05T15:18:29Z</time></trkpt><trkpt lat="40.73014450841644" lon="-74.02033918112224"><time>2026-06-05T15:18:34Z</time></trkpt><trkpt lat="40.73014906925385" lon="-74.02031264026428"><time>2026-06-05T15:18:40Z</time></trkpt><trkpt lat="40.730153848655405" lon="-74.02028822113579"><time>2026-06-05T15:18:46Z</time></trkpt><trkpt lat="40.730167061329425" lon="-74.0202651810205"><time>2026-06-05T15:18:53Z</time></trkpt><trkpt lat="40.73018828986196" lon="-74.02026297183849"><time>2026-06-05T15:18:58Z</time></trkpt><trkpt lat="40.73020743144361" lon="-74.02026709686116"><time>2026-06-05T15:19:02Z</time></trkpt><trkpt lat="40.73022941038825" lon="-74.0202803709733"><time>2026-06-05T15:19:06Z</time></trkpt><trkpt lat="40.73024999633271" lon="-74.02029899433474"><time>2026-06-05T15:19:10Z</time></trkpt><trkpt lat="40.73027054124157" lon="-74.02031652255863"><time>2026-06-05T15:19:13Z</time></trkpt><trkpt lat="40.73029367625624" lon="-74.02033388036422"><time>2026-06-05T15:19:16Z</time></trkpt><trkpt lat="40.730310099040736" lon="-74.02034520282416"><time>2026-06-05T15:19:18Z</time></trkpt><trkpt lat="40.730327987349334" lon="-74.02035241176849"><time>2026-06-05T15:19:20Z</time></trkpt><trkpt lat="40.730348613875975" lon="-74.02036201491954"><time>2026-06-05T15:19:22Z</time></trkpt><trkpt lat="40.73036812171728" lon="-74.0203702521762"><time>2026-06-05T15:19:24Z</time></trkpt><trkpt lat="40.73038891329985" lon="-74.02037685962601"><time>2026-06-05T15:19:26Z</time></trkpt><trkpt lat="40.73040942587707" lon="-74.02038985852779"><time>2026-06-05T15:19:28Z</time></trkpt><trkpt lat="40.73043120607983" lon="-74.02039774623701"><time>2026-06-05T15:19:30Z</time></trkpt><trkpt lat="40.730452523667864" lon="-74.02041131259448"><time>2026-06-05T15:19:32Z</time></trkpt><trkpt lat="40.73047779000917" lon="-74.02042551425883"><time>2026-06-05T15:19:34Z</time></trkpt><trkpt lat="40.73049960115918" lon="-74.02043989246063"><time>2026-06-05T15:19:36Z</time></trkpt><trkpt lat="40.73052250540935" lon="-74.02045366396807"><time>2026-06-05T15:19:38Z</time></trkpt><trkpt lat="40.730547491343884" lon="-74.02046822953217"><time>2026-06-05T15:19:40Z</time></trkpt><trkpt lat="40.73057223255153" lon="-74.02048535956827"><time>2026-06-05T15:19:42Z</time></trkpt><trkpt lat="40.73059594876277" lon="-74.02049997030015"><time>2026-06-05T15:19:44Z</time></trkpt><trkpt lat="40.73061885718552" lon="-74.02051709963756"><time>2026-06-05T15:19:46Z</time></trkpt><trkpt lat="40.73063981693682" lon="-74.0205371038348"><time>2026-06-05T15:19:48Z</time></trkpt><trkpt lat="40.73066381282575" lon="-74.02056236230453"><time>2026-06-05T15:19:50Z</time></trkpt><trkpt lat="40.73068957260934" lon="-74.02058002848848"><time>2026-06-05T15:19:52Z</time></trkpt><trkpt lat="40.73072215954108" lon="-74.02059909967528"><time>2026-06-05T15:19:54Z</time></trkpt><trkpt lat="40.73073958981139" lon="-74.02061280140308"><time>2026-06-05T15:19:55Z</time></trkpt><trkpt lat="40.73076674007062" lon="-74.02062436537862"><time>2026-06-05T15:19:57Z</time></trkpt><trkpt lat="40.73079785610461" lon="-74.02063984094985"><time>2026-06-05T15:19:59Z</time></trkpt><trkpt lat="40.73082516931841" lon="-74.02065060369937"><time>2026-06-05T15:20:01Z</time></trkpt><trkpt lat="40.730852273536534" lon="-74.02066366584617"><time>2026-06-05T15:20:03Z</time></trkpt><trkpt lat="40.73088442268671" lon="-74.0206758293834"><time>2026-06-05T15:20:05Z</time></trkpt><trkpt lat="40.73090665575312" lon="-74.02068779930624"><time>2026-06-05T15:20:07Z</time></trkpt><trkpt lat="40.730935579750934" lon="-74.02069718059201"><time>2026-06-05T15:20:09Z</time></trkpt><trkpt lat="40.73095745533827" lon="-74.02070425171354"><time>2026-06-05T15:20:11Z</time></trkpt><trkpt lat="40.73097729780159" lon="-74.02071135461586"><time>2026-06-05T15:20:13Z</time></trkpt><trkpt lat="40.73100277237504" lon="-74.02072455134844"><time>2026-06-05T15:20:15Z</time></trkpt><trkpt lat="40.73102497933289" lon="-74.02073328189853"><time>2026-06-05T15:20:17Z</time></trkpt><trkpt lat="40.7310521521028" lon="-74.02074445615777"><time>2026-06-05T15:20:19Z</time></trkpt><trkpt lat="40.73107225959251" lon="-74.02075296950773"><time>2026-06-05T15:20:21Z</time></trkpt><trkpt lat="40.731095694071065" lon="-74.02076457898124"><time>2026-06-05T15:20:23Z</time></trkpt><trkpt lat="40.73111917066927" lon="-74.02077499314116"><time>2026-06-05T15:20:25Z</time></trkpt><trkpt lat="40.7311395428273" lon="-74.02078238182956"><time>2026-06-05T15:20:27Z</time></trkpt><trkpt lat="40.73116117903444" lon="-74.0207953998395"><time>2026-06-05T15:20:29Z</time></trkpt><trkpt lat="40.731190315637534" lon="-74.02081114169263"><time>2026-06-05T15:20:31Z</time></trkpt><trkpt lat="40.73121499597226" lon="-74.0208187099304"><time>2026-06-05T15:20:33Z</time></trkpt><trkpt lat="40.73124070850686" lon="-74.02083018626588"><time>2026-06-05T15:20:35Z</time></trkpt><trkpt lat="40.731264610384095" lon="-74.0208399183594"><time>2026-06-05T15:20:37Z</time></trkpt><trkpt lat="40.731292186417114" lon="-74.02085087731787"><time>2026-06-05T15:20:39Z</time></trkpt><trkpt lat="40.731318433405" lon="-74.02086422380916"><time>2026-06-05T15:20:41Z</time></trkpt><trkpt lat="40.73134663727994" lon="-74.02087134994066"><time>2026-06-05T15:20:43Z</time></trkpt><trkpt lat="40.73137142274255" lon="-74.02088660218737"><time>2026-06-05T15:20:45Z</time></trkpt><trkpt lat="40.731401469467606" lon="-74.02089618493574"><time>2026-06-05T15:20:47Z</time></trkpt><trkpt lat="40.73142717437822" lon="-74.02091338580861"><time>2026-06-05T15:20:49Z</time></trkpt><trkpt lat="40.731454653304375" lon="-74.02092142362164"><time>2026-06-05T15:20:51Z</time></trkpt><trkpt lat="40.7314819863838" lon="-74.0209360511718"><time>2026-06-05T15:20:53Z</time></trkpt><trkpt lat="40.731511281421255" lon="-74.02094289129134"><time>2026-06-05T15:20:55Z</time></trkpt><trkpt lat="40.73153714906911" lon="-74.02095768746412"><time>2026-06-05T15:20:57Z</time></trkpt><trkpt lat="40.73156325414933" lon="-74.02096770130382"><time>2026-06-05T15:20:59Z</time></trkpt><trkpt lat="40.73158718715304" lon="-74.0209781081578"><time>2026-06-05T15:21:01Z</time></trkpt><trkpt lat="40.73161530177207" lon="-74.02098850277208"><time>2026-06-05T15:21:03Z</time></trkpt><trkpt lat="40.731638777548135" lon="-74.020998035724"><time>2026-06-05T15:21:05Z</time></trkpt><trkpt lat="40.73166279051265" lon="-74.02100881551185"><time>2026-06-05T15:21:07Z</time></trkpt><trkpt lat="40.73168725784134" lon="-74.02102386918298"><time>2026-06-05T15:21:09Z</time></trkpt><trkpt lat="40.73170596358085" lon="-74.02103563413081"><time>2026-06-05T15:21:11Z</time></trkpt><trkpt lat="40.731731636333215" lon="-74.02105367118858"><time>2026-06-05T15:21:13Z</time></trkpt><trkpt lat="40.731752524938905" lon="-74.02106257324974"><time>2026-06-05T15:21:15Z</time></trkpt><trkpt lat="40.7317775936526" lon="-74.02107206440813"><time>2026-06-05T15:21:17Z</time></trkpt><trkpt lat="40.73180008304106" lon="-74.0210775986044"><time>2026-06-05T15:21:19Z</time></trkpt><trkpt lat="40.73182419366564" lon="-74.02108351749197"><time>2026-06-05T15:21:21Z</time></trkpt><trkpt lat="40.73184399922741" lon="-74.02109268920012"><time>2026-06-05T15:21:23Z</time></trkpt><trkpt lat="40.73186781823165" lon="-74.02109988172577"><time>2026-06-05T15:21:25Z</time></trkpt><trkpt lat="40.73188675259028" lon="-74.02110868347151"><time>2026-06-05T15:21:27Z</time></trkpt><trkpt lat="40.731909831920454" lon="-74.02111674616545"><time>2026-06-05T15:21:29Z</time></trkpt><trkpt lat="40.731930053874386" lon="-74.02112265503908"><time>2026-06-05T15:21:31Z</time></trkpt><trkpt lat="40.73195049861055" lon="-74.02112853486237"><time>2026-06-05T15:21:33Z</time></trkpt><trkpt lat="40.73196816607229" lon="-74.02113787927482"><time>2026-06-05T15:21:35Z</time></trkpt><trkpt lat="40.73199023924934" lon="-74.02114596291496"><time>2026-06-05T15:21:37Z</time></trkpt><trkpt lat="40.73201510414577" lon="-74.02115516669154"><time>2026-06-05T15:21:40Z</time></trkpt><trkpt lat="40.73203309500578" lon="-74.02116220586325"><time>2026-06-05T15:21:42Z</time></trkpt><trkpt lat="40.732053921369655" lon="-74.0211705852392"><time>2026-06-05T15:21:44Z</time></trkpt><trkpt lat="40.73207783186404" lon="-74.0211816447342"><time>2026-06-05T15:21:47Z</time></trkpt><trkpt lat="40.732099204279365" lon="-74.02118784763739"><time>2026-06-05T15:21:49Z</time></trkpt><trkpt lat="40.73212059460606" lon="-74.0212012117783"><time>2026-06-05T15:21:52Z</time></trkpt><trkpt lat="40.732148697335646" lon="-74.02121485579481"><time>2026-06-05T15:21:55Z</time></trkpt><trkpt lat="40.73217300213496" lon="-74.02122270554317"><time>2026-06-05T15:21:58Z</time></trkpt><trkpt lat="40.73219275675789" lon="-74.02123168973367"><time>2026-06-05T15:22:00Z</time></trkpt><trkpt lat="40.73221542688616" lon="-74.02124044464641"><time>2026-06-05T15:22:03Z</time></trkpt><trkpt lat="40.73223298977081" lon="-74.02124697313941"><time>2026-06-05T15:22:05Z</time></trkpt><trkpt lat="40.73225741667218" lon="-74.02125640121449"><time>2026-06-05T15:22:08Z</time></trkpt><trkpt lat="40.732279630510824" lon="-74.02126512524893"><time>2026-06-05T15:22:11Z</time></trkpt><trkpt lat="40.73230290108244" lon="-74.02127352322547"><time>2026-06-05T15:22:14Z</time></trkpt><trkpt lat="40.73232056291093" lon="-74.02127950833177"><time>2026-06-05T15:22:16Z</time></trkpt><trkpt lat="40.732343387303104" lon="-74.02128700405163"><time>2026-06-05T15:22:19Z</time></trkpt><trkpt lat="40.73236624775629" lon="-74.02129578346434"><time>2026-06-05T15:22:22Z</time></trkpt><trkpt lat="40.73238437899679" lon="-74.02130130166195"><time>2026-06-05T15:22:24Z</time></trkpt><trkpt lat="40.732408812491244" lon="-74.02130904838845"><time>2026-06-05T15:22:27Z</time></trkpt><trkpt lat="40.73242696906545" lon="-74.02131403103559"><time>2026-06-05T15:22:29Z</time></trkpt><trkpt lat="40.73244398217047" lon="-74.02132290555751"><time>2026-06-05T15:22:31Z</time></trkpt><trkpt lat="40.732461190322454" lon="-74.02133125048806"><time>2026-06-05T15:22:33Z</time></trkpt><trkpt lat="40.732478930552" lon="-74.02133770326537"><time>2026-06-05T15:22:35Z</time></trkpt><trkpt lat="40.73249669613382" lon="-74.02134803789481"><time>2026-06-05T15:22:37Z</time></trkpt><trkpt lat="40.73251514335799" lon="-74.02135871976597"><time>2026-06-05T15:22:39Z</time></trkpt><trkpt lat="40.73253937742244" lon="-74.0213684672656"><time>2026-06-05T15:22:42Z</time></trkpt><trkpt lat="40.732558527549116" lon="-74.02137865103542"><time>2026-06-05T15:22:44Z</time></trkpt><trkpt lat="40.732583194657394" lon="-74.02139054304402"><time>2026-06-05T15:22:47Z</time></trkpt><trkpt lat="40.73260712347549" lon="-74.02140443529828"><time>2026-06-05T15:22:50Z</time></trkpt><trkpt lat="40.73263126815682" lon="-74.0214175594897"><time>2026-06-05T15:22:53Z</time></trkpt><trkpt lat="40.73264850733443" lon="-74.02142496839335"><time>2026-06-05T15:22:55Z</time></trkpt><trkpt lat="40.73266615291473" lon="-74.02143379782473"><time>2026-06-05T15:22:57Z</time></trkpt><trkpt lat="40.73269088470889" lon="-74.02144594187305"><time>2026-06-05T15:23:00Z</time></trkpt><trkpt lat="40.73271603659234" lon="-74.02145807076005"><time>2026-06-05T15:23:03Z</time></trkpt><trkpt lat="40.73274218395589" lon="-74.0214709354319"><time>2026-06-05T15:23:06Z</time></trkpt><trkpt lat="40.73276769528103" lon="-74.02148237037231"><time>2026-06-05T15:23:09Z</time></trkpt><trkpt lat="40.73279101316158" lon="-74.02149377761764"><time>2026-06-05T15:23:12Z</time></trkpt><trkpt lat="40.732814026290946" lon="-74.02150828527546"><time>2026-06-05T15:23:15Z</time></trkpt><trkpt lat="40.732833259314134" lon="-74.02151466834674"><time>2026-06-05T15:23:17Z</time></trkpt><trkpt lat="40.73285830478859" lon="-74.02152505444707"><time>2026-06-05T15:23:20Z</time></trkpt><trkpt lat="40.732876419215565" lon="-74.02152948011472"><time>2026-06-05T15:23:22Z</time></trkpt><trkpt lat="40.73289429067423" lon="-74.02153403876235"><time>2026-06-05T15:23:24Z</time></trkpt><trkpt lat="40.73291389597168" lon="-74.0215381026926"><time>2026-06-05T15:23:26Z</time></trkpt><trkpt lat="40.73293986127241" lon="-74.0215483698678"><time>2026-06-05T15:23:29Z</time></trkpt><trkpt lat="40.73295862353023" lon="-74.02155387655662"><time>2026-06-05T15:23:31Z</time></trkpt><trkpt lat="40.73298456464814" lon="-74.02156639197376"><time>2026-06-05T15:23:34Z</time></trkpt><trkpt lat="40.73300208151498" lon="-74.02157616492825"><time>2026-06-05T15:23:36Z</time></trkpt><trkpt lat="40.7330268239704" lon="-74.02158660364607"><time>2026-06-05T15:23:39Z</time></trkpt><trkpt lat="40.73305288484319" lon="-74.02158685211495"><time>2026-06-05T15:23:42Z</time></trkpt><trkpt lat="40.73307737876565" lon="-74.02158118497744"><time>2026-06-05T15:23:45Z</time></trkpt><trkpt lat="40.73309908361253" lon="-74.02156696004296"><time>2026-06-05T15:23:48Z</time></trkpt><trkpt lat="40.73311800663273" lon="-74.02154652647502"><time>2026-06-05T15:23:51Z</time></trkpt><trkpt lat="40.73313263172935" lon="-74.0215253874502"><time>2026-06-05T15:23:54Z</time></trkpt><trkpt lat="40.733144897265404" lon="-74.02150313744961"><time>2026-06-05T15:23:57Z</time></trkpt><trkpt lat="40.73315279892152" lon="-74.02148065206806"><time>2026-06-05T15:24:00Z</time></trkpt><trkpt lat="40.73315947090178" lon="-74.02145447297946"><time>2026-06-05T15:24:03Z</time></trkpt><trkpt lat="40.73316651811037" lon="-74.02142849763241"><time>2026-06-05T15:24:06Z</time></trkpt><trkpt lat="40.733172889644955" lon="-74.0214039398876"><time>2026-06-05T15:24:09Z</time></trkpt><trkpt lat="40.733184380793936" lon="-74.02138097382519"><time>2026-06-05T15:24:12Z</time></trkpt><trkpt lat="40.73320448446733" lon="-74.02136518905577"><time>2026-06-05T15:24:16Z</time></trkpt><trkpt lat="40.73323198540533" lon="-74.02133252619547"><time>2026-06-05T15:24:19Z</time></trkpt><trkpt lat="40.73324086415924" lon="-74.02130307654502"><time>2026-06-05T15:24:26Z</time></trkpt><trkpt lat="40.73324937631045" lon="-74.02127912000243"><time>2026-06-05T15:24:29Z</time></trkpt><trkpt lat="40.733253569398265" lon="-74.02125554824326"><time>2026-06-05T15:24:32Z</time></trkpt><trkpt lat="40.73326829436426" lon="-74.02122735015"><time>2026-06-05T15:24:36Z</time></trkpt><trkpt lat="40.73327818960314" lon="-74.02120569179988"><time>2026-06-05T15:24:39Z</time></trkpt><trkpt lat="40.73329186913903" lon="-74.02118389705024"><time>2026-06-05T15:24:42Z</time></trkpt><trkpt lat="40.73330537448464" lon="-74.02116147807392"><time>2026-06-05T15:24:45Z</time></trkpt><trkpt lat="40.73332070751457" lon="-74.02113996256134"><time>2026-06-05T15:24:48Z</time></trkpt><trkpt lat="40.733331771265455" lon="-74.02112051113035"><time>2026-06-05T15:24:51Z</time></trkpt><trkpt lat="40.733345727001605" lon="-74.02110170848322"><time>2026-06-05T15:24:54Z</time></trkpt><trkpt lat="40.733360233362156" lon="-74.02108578136264"><time>2026-06-05T15:24:57Z</time></trkpt><trkpt lat="40.73337137575997" lon="-74.0210653823731"><time>2026-06-05T15:25:01Z</time></trkpt><trkpt lat="40.73339199451034" lon="-74.02106624885374"><time>2026-06-05T15:25:06Z</time></trkpt><trkpt lat="40.73340336531982" lon="-74.02104136866276"><time>2026-06-05T15:25:09Z</time></trkpt><trkpt lat="40.73341531406658" lon="-74.02102236089758"><time>2026-06-05T15:25:13Z</time></trkpt><trkpt lat="40.73343843179174" lon="-74.02100505618172"><time>2026-06-05T15:25:17Z</time></trkpt><trkpt lat="40.733455664431105" lon="-74.02098333355134"><time>2026-06-05T15:25:21Z</time></trkpt><trkpt lat="40.73347640754576" lon="-74.02096990267418"><time>2026-06-05T15:25:25Z</time></trkpt><trkpt lat="40.73349281768075" lon="-74.02095802089529"><time>2026-06-05T15:25:28Z</time></trkpt><trkpt lat="40.73351239613837" lon="-74.0209401890547"><time>2026-06-05T15:25:32Z</time></trkpt><trkpt lat="40.7335313532363" lon="-74.02092696586874"><time>2026-06-05T15:25:36Z</time></trkpt><trkpt lat="40.733557048409345" lon="-74.02090639098924"><time>2026-06-05T15:25:43Z</time></trkpt><trkpt lat="40.733573438892755" lon="-74.02088759471782"><time>2026-06-05T15:25:48Z</time></trkpt><trkpt lat="40.73358754263361" lon="-74.02087159679051"><time>2026-06-05T15:25:54Z</time></trkpt><trkpt lat="40.73360204764104" lon="-74.02085347473479"><time>2026-06-05T15:25:59Z</time></trkpt><trkpt lat="40.733620511596946" lon="-74.02083405536239"><time>2026-06-05T15:26:02Z</time></trkpt><trkpt lat="40.73363683750081" lon="-74.02081466781142"><time>2026-06-05T15:26:04Z</time></trkpt><trkpt lat="40.73365769117867" lon="-74.02078992633857"><time>2026-06-05T15:26:06Z</time></trkpt><trkpt lat="40.733676905054224" lon="-74.02076205350446"><time>2026-06-05T15:26:08Z</time></trkpt><trkpt lat="40.733707152901786" lon="-74.02073213676613"><time>2026-06-05T15:26:10Z</time></trkpt><trkpt lat="40.73372268766252" lon="-74.02071303390562"><time>2026-06-05T15:26:11Z</time></trkpt><trkpt lat="40.73375539752942" lon="-74.02068566357381"><time>2026-06-05T15:26:13Z</time></trkpt><trkpt lat="40.73377694457329" lon="-74.02068015741152"><time>2026-06-05T15:26:14Z</time></trkpt><trkpt lat="40.733821785506954" lon="-74.02064552047516"><time>2026-06-05T15:26:16Z</time></trkpt><trkpt lat="40.73383945002631" lon="-74.02062959968447"><time>2026-06-05T15:26:17Z</time></trkpt><trkpt lat="40.73385737287771" lon="-74.0206072850994"><time>2026-06-05T15:26:18Z</time></trkpt><trkpt lat="40.7338782266236" lon="-74.02059193244595"><time>2026-06-05T15:26:19Z</time></trkpt><trkpt lat="40.733894738646356" lon="-74.02056411562901"><time>2026-06-05T15:26:20Z</time></trkpt><trkpt lat="40.733906670988425" lon="-74.02053788078489"><time>2026-06-05T15:26:21Z</time></trkpt><trkpt lat="40.73392527871493" lon="-74.02051878628687"><time>2026-06-05T15:26:22Z</time></trkpt><trkpt lat="40.73394235974051" lon="-74.02050538008166"><time>2026-06-05T15:26:23Z</time></trkpt><trkpt lat="40.73396096158647" lon="-74.02048770047104"><time>2026-06-05T15:26:24Z</time></trkpt><trkpt lat="40.733983978855626" lon="-74.02046185487612"><time>2026-06-05T15:26:25Z</time></trkpt><trkpt lat="40.73399795608977" lon="-74.02043507185762"><time>2026-06-05T15:26:26Z</time></trkpt><trkpt lat="40.73401236127561" lon="-74.02041728849015"><time>2026-06-05T15:26:27Z</time></trkpt><trkpt lat="40.73403056736538" lon="-74.0203996095545"><time>2026-06-05T15:26:28Z</time></trkpt><trkpt lat="40.734051362851744" lon="-74.02037292974336"><time>2026-06-05T15:26:29Z</time></trkpt><trkpt lat="40.73407211614334" lon="-74.02034940274565"><time>2026-06-05T15:26:30Z</time></trkpt><trkpt lat="40.73409199271711" lon="-74.02033322963912"><time>2026-06-05T15:26:31Z</time></trkpt><trkpt lat="40.73410585865956" lon="-74.02031325890013"><time>2026-06-05T15:26:32Z</time></trkpt><trkpt lat="40.73412078818066" lon="-74.02029287539386"><time>2026-06-05T15:26:33Z</time></trkpt><trkpt lat="40.73414409161339" lon="-74.02027531308647"><time>2026-06-05T15:26:34Z</time></trkpt><trkpt lat="40.73416664696341" lon="-74.02025621315899"><time>2026-06-05T15:26:35Z</time></trkpt><trkpt lat="40.73418678890625" lon="-74.02022937721374"><time>2026-06-05T15:26:36Z</time></trkpt><trkpt lat="40.73420530567291" lon="-74.0202071243631"><time>2026-06-05T15:26:37Z</time></trkpt><trkpt lat="40.734223166625576" lon="-74.0201929160501"><time>2026-06-05T15:26:38Z</time></trkpt><trkpt lat="40.734243368246446" lon="-74.02017132750483"><time>2026-06-05T15:26:39Z</time></trkpt><trkpt lat="40.73426352765591" lon="-74.02014900700952"><time>2026-06-05T15:26:40Z</time></trkpt><trkpt lat="40.73428463567157" lon="-74.02012613749447"><time>2026-06-05T15:26:41Z</time></trkpt><trkpt lat="40.73430310105561" lon="-74.02010220574364"><time>2026-06-05T15:26:42Z</time></trkpt><trkpt lat="40.734320546474706" lon="-74.02007888424728"><time>2026-06-05T15:26:43Z</time></trkpt><trkpt lat="40.734340703666845" lon="-74.0200599392695"><time>2026-06-05T15:26:44Z</time></trkpt><trkpt lat="40.73436157179579" lon="-74.02004671136761"><time>2026-06-05T15:26:45Z</time></trkpt><trkpt lat="40.734384336514" lon="-74.02003274349825"><time>2026-06-05T15:26:46Z</time></trkpt><trkpt lat="40.73440831057448" lon="-74.02002471048455"><time>2026-06-05T15:26:47Z</time></trkpt><trkpt lat="40.73443222129415" lon="-74.0200237891284"><time>2026-06-05T15:26:48Z</time></trkpt><trkpt lat="40.73445668638641" lon="-74.02001898573022"><time>2026-06-05T15:26:49Z</time></trkpt><trkpt lat="40.73448063734638" lon="-74.02001602383947"><time>2026-06-05T15:26:50Z</time></trkpt><trkpt lat="40.7345076073208" lon="-74.02001052444429"><time>2026-06-05T15:26:51Z</time></trkpt><trkpt lat="40.734533690084476" lon="-74.02000177843702"><time>2026-06-05T15:26:52Z</time></trkpt><trkpt lat="40.734565012809625" lon="-74.01999255684309"><time>2026-06-05T15:26:53Z</time></trkpt><trkpt lat="40.73459452117296" lon="-74.01998080019284"><time>2026-06-05T15:26:54Z</time></trkpt><trkpt lat="40.73460848064488" lon="-74.01996306630541"><time>2026-06-05T15:26:55Z</time></trkpt><trkpt lat="40.7346282935862" lon="-74.01993745286883"><time>2026-06-05T15:26:56Z</time></trkpt><trkpt lat="40.73464912705393" lon="-74.01991128398886"><time>2026-06-05T15:26:57Z</time></trkpt><trkpt lat="40.73466690927767" lon="-74.01988613306183"><time>2026-06-05T15:26:58Z</time></trkpt><trkpt lat="40.734681246307055" lon="-74.01986081400388"><time>2026-06-05T15:26:59Z</time></trkpt><trkpt lat="40.73469325937141" lon="-74.01983735403712"><time>2026-06-05T15:27:00Z</time></trkpt><trkpt lat="40.734705347923025" lon="-74.0198116241622"><time>2026-06-05T15:27:01Z</time></trkpt><trkpt lat="40.73471968136144" lon="-74.01978442014688"><time>2026-06-05T15:27:02Z</time></trkpt><trkpt lat="40.73473609372398" lon="-74.0197533645813"><time>2026-06-05T15:27:03Z</time></trkpt><trkpt lat="40.734751026961156" lon="-74.0197259126935"><time>2026-06-05T15:27:04Z</time></trkpt><trkpt lat="40.73476738706367" lon="-74.01969737912415"><time>2026-06-05T15:27:05Z</time></trkpt><trkpt lat="40.73478168905592" lon="-74.01967505203845"><time>2026-06-05T15:27:06Z</time></trkpt><trkpt lat="40.734794644463655" lon="-74.01965356867265"><time>2026-06-05T15:27:07Z</time></trkpt><trkpt lat="40.734810812122674" lon="-74.01963041762794"><time>2026-06-05T15:27:08Z</time></trkpt><trkpt lat="40.7348307077538" lon="-74.01960521073336"><time>2026-06-05T15:27:09Z</time></trkpt><trkpt lat="40.734850200578784" lon="-74.01957812590491"><time>2026-06-05T15:27:10Z</time></trkpt><trkpt lat="40.734867785049474" lon="-74.01955041878097"><time>2026-06-05T15:27:11Z</time></trkpt><trkpt lat="40.73488423629896" lon="-74.01952581666355"><time>2026-06-05T15:27:12Z</time></trkpt><trkpt lat="40.73489736059167" lon="-74.0194976176049"><time>2026-06-05T15:27:13Z</time></trkpt><trkpt lat="40.73490775756095" lon="-74.01947353069434"><time>2026-06-05T15:27:14Z</time></trkpt><trkpt lat="40.73492003966754" lon="-74.01944862651403"><time>2026-06-05T15:27:15Z</time></trkpt><trkpt lat="40.734934845410976" lon="-74.01942209105586"><time>2026-06-05T15:27:16Z</time></trkpt><trkpt lat="40.73494880368788" lon="-74.0193939039463"><time>2026-06-05T15:27:17Z</time></trkpt><trkpt lat="40.73496145666746" lon="-74.01936933972843"><time>2026-06-05T15:27:18Z</time></trkpt><trkpt lat="40.734970603728485" lon="-74.01934707930349"><time>2026-06-05T15:27:19Z</time></trkpt><trkpt lat="40.734978055057184" lon="-74.01932407983544"><time>2026-06-05T15:27:20Z</time></trkpt><trkpt lat="40.7350013340883" lon="-74.01929271689646"><time>2026-06-05T15:27:22Z</time></trkpt><trkpt lat="40.73501489057597" lon="-74.01927645253672"><time>2026-06-05T15:27:23Z</time></trkpt><trkpt lat="40.73504643588857" lon="-74.01925388133559"><time>2026-06-05T15:27:25Z</time></trkpt><trkpt lat="40.735073947785914" lon="-74.01924722970547"><time>2026-06-05T15:27:27Z</time></trkpt><trkpt lat="40.73509983325832" lon="-74.01923576053392"><time>2026-06-05T15:27:29Z</time></trkpt><trkpt lat="40.73512652464409" lon="-74.01923316427488"><time>2026-06-05T15:27:31Z</time></trkpt><trkpt lat="40.73515100874686" lon="-74.01922348607742"><time>2026-06-05T15:27:33Z</time></trkpt><trkpt lat="40.73517284238765" lon="-74.01922397930186"><time>2026-06-05T15:27:35Z</time></trkpt><trkpt lat="40.73520145189777" lon="-74.01920490617516"><time>2026-06-05T15:27:37Z</time></trkpt><trkpt lat="40.735219467616474" lon="-74.01921652880962"><time>2026-06-05T15:27:39Z</time></trkpt><trkpt lat="40.73525580185628" lon="-74.01919869469512"><time>2026-06-05T15:27:41Z</time></trkpt><trkpt lat="40.735286523860246" lon="-74.01920075101766"><time>2026-06-05T15:27:43Z</time></trkpt><trkpt lat="40.73530462962822" lon="-74.01918853943192"><time>2026-06-05T15:27:44Z</time></trkpt><trkpt lat="40.735325242917824" lon="-74.0191842206304"><time>2026-06-05T15:27:45Z</time></trkpt><trkpt lat="40.735346363669706" lon="-74.01919101576411"><time>2026-06-05T15:27:46Z</time></trkpt><trkpt lat="40.73536994287327" lon="-74.01919601580468"><time>2026-06-05T15:27:47Z</time></trkpt><trkpt lat="40.73539384386285" lon="-74.01918510034123"><time>2026-06-05T15:27:48Z</time></trkpt><trkpt lat="40.73541414817278" lon="-74.01917367444959"><time>2026-06-05T15:27:49Z</time></trkpt><trkpt lat="40.73543244638484" lon="-74.0191675833883"><time>2026-06-05T15:27:50Z</time></trkpt><trkpt lat="40.73547065487371" lon="-74.01913900652657"><time>2026-06-05T15:27:52Z</time></trkpt><trkpt lat="40.73549504396955" lon="-74.01911601560911"><time>2026-06-05T15:27:53Z</time></trkpt><trkpt lat="40.735516318893055" lon="-74.01910495368071"><time>2026-06-05T15:27:54Z</time></trkpt><trkpt lat="40.73553825533476" lon="-74.0191007451314"><time>2026-06-05T15:27:55Z</time></trkpt><trkpt lat="40.735560137911406" lon="-74.01909391119908"><time>2026-06-05T15:27:56Z</time></trkpt><trkpt lat="40.73558601601931" lon="-74.01907202969979"><time>2026-06-05T15:27:57Z</time></trkpt><trkpt lat="40.73560949296472" lon="-74.01906541780181"><time>2026-06-05T15:27:58Z</time></trkpt><trkpt lat="40.73563382728969" lon="-74.01906155027731"><time>2026-06-05T15:27:59Z</time></trkpt><trkpt lat="40.73565471700109" lon="-74.01906079680545"><time>2026-06-05T15:28:00Z</time></trkpt><trkpt lat="40.735675716249524" lon="-74.01905046554843"><time>2026-06-05T15:28:01Z</time></trkpt><trkpt lat="40.73570023100061" lon="-74.01904319663247"><time>2026-06-05T15:28:02Z</time></trkpt><trkpt lat="40.73572601961244" lon="-74.01903528731913"><time>2026-06-05T15:28:03Z</time></trkpt><trkpt lat="40.73574908212411" lon="-74.0190295205499"><time>2026-06-05T15:28:04Z</time></trkpt><trkpt lat="40.73576916568966" lon="-74.01902569169098"><time>2026-06-05T15:28:05Z</time></trkpt><trkpt lat="40.73579479330373" lon="-74.01900977287916"><time>2026-06-05T15:28:06Z</time></trkpt><trkpt lat="40.73581727335951" lon="-74.01898990363527"><time>2026-06-05T15:28:07Z</time></trkpt><trkpt lat="40.73584248538582" lon="-74.01898260914179"><time>2026-06-05T15:28:08Z</time></trkpt><trkpt lat="40.73586047942893" lon="-74.01897966199415"><time>2026-06-05T15:28:09Z</time></trkpt><trkpt lat="40.73589050979867" lon="-74.0189631188242"><time>2026-06-05T15:28:10Z</time></trkpt><trkpt lat="40.73591281988895" lon="-74.01895194649872"><time>2026-06-05T15:28:11Z</time></trkpt><trkpt lat="40.735937049942414" lon="-74.01893793544592"><time>2026-06-05T15:28:12Z</time></trkpt><trkpt lat="40.735956979230444" lon="-74.01892548781032"><time>2026-06-05T15:28:13Z</time></trkpt><trkpt lat="40.73597911654357" lon="-74.01891604639458"><time>2026-06-05T15:28:14Z</time></trkpt><trkpt lat="40.73600171443448" lon="-74.0188999905026"><time>2026-06-05T15:28:15Z</time></trkpt><trkpt lat="40.73602538538447" lon="-74.01888723730848"><time>2026-06-05T15:28:16Z</time></trkpt><trkpt lat="40.7360517294834" lon="-74.01887577390701"><time>2026-06-05T15:28:17Z</time></trkpt><trkpt lat="40.73607169981794" lon="-74.01886342270737"><time>2026-06-05T15:28:18Z</time></trkpt><trkpt lat="40.736094984740085" lon="-74.01885644933846"><time>2026-06-05T15:28:19Z</time></trkpt><trkpt lat="40.736114062543244" lon="-74.01884375423244"><time>2026-06-05T15:28:20Z</time></trkpt><trkpt lat="40.736136631621015" lon="-74.01882666175985"><time>2026-06-05T15:28:21Z</time></trkpt><trkpt lat="40.73615843772919" lon="-74.0188172463724"><time>2026-06-05T15:28:22Z</time></trkpt><trkpt lat="40.73618213141056" lon="-74.01881000351788"><time>2026-06-05T15:28:23Z</time></trkpt><trkpt lat="40.736205353390574" lon="-74.01880469183742"><time>2026-06-05T15:28:24Z</time></trkpt><trkpt lat="40.736231494039814" lon="-74.01879279509558"><time>2026-06-05T15:28:25Z</time></trkpt><trkpt lat="40.73625473338045" lon="-74.01878008268238"><time>2026-06-05T15:28:26Z</time></trkpt><trkpt lat="40.7362790428821" lon="-74.01877223010902"><time>2026-06-05T15:28:27Z</time></trkpt><trkpt lat="40.73630089995769" lon="-74.01876826448691"><time>2026-06-05T15:28:28Z</time></trkpt><trkpt lat="40.736321819377785" lon="-74.01876139207255"><time>2026-06-05T15:28:29Z</time></trkpt><trkpt lat="40.73634300147057" lon="-74.01874743772333"><time>2026-06-05T15:28:30Z</time></trkpt><trkpt lat="40.736364897869045" lon="-74.0187325299458"><time>2026-06-05T15:28:31Z</time></trkpt><trkpt lat="40.73639307117813" lon="-74.01872518524137"><time>2026-06-05T15:28:32Z</time></trkpt><trkpt lat="40.736418140903176" lon="-74.0187142332121"><time>2026-06-05T15:28:33Z</time></trkpt><trkpt lat="40.73643886798979" lon="-74.01870247576925"><time>2026-06-05T15:28:34Z</time></trkpt><trkpt lat="40.73646051575637" lon="-74.01868270633125"><time>2026-06-05T15:28:35Z</time></trkpt><trkpt lat="40.736482690246746" lon="-74.01866724620558"><time>2026-06-05T15:28:36Z</time></trkpt><trkpt lat="40.736506161806716" lon="-74.01866275033547"><time>2026-06-05T15:28:37Z</time></trkpt><trkpt lat="40.73652883126409" lon="-74.01865261339425"><time>2026-06-05T15:28:38Z</time></trkpt><trkpt lat="40.73655045164757" lon="-74.01863129742861"><time>2026-06-05T15:28:39Z</time></trkpt><trkpt lat="40.736579805246905" lon="-74.01862521994471"><time>2026-06-05T15:28:40Z</time></trkpt><trkpt lat="40.73660704836905" lon="-74.01862501942789"><time>2026-06-05T15:28:41Z</time></trkpt><trkpt lat="40.736631005050505" lon="-74.01862528672015"><time>2026-06-05T15:28:42Z</time></trkpt><trkpt lat="40.736650807908475" lon="-74.01860403866156"><time>2026-06-05T15:28:43Z</time></trkpt><trkpt lat="40.7366708421955" lon="-74.01858923192121"><time>2026-06-05T15:28:44Z</time></trkpt><trkpt lat="40.73669524482532" lon="-74.0185923843421"><time>2026-06-05T15:28:45Z</time></trkpt><trkpt lat="40.73674105349557" lon="-74.01857253392255"><time>2026-06-05T15:28:47Z</time></trkpt><trkpt lat="40.736769887504686" lon="-74.0185596204438"><time>2026-06-05T15:28:48Z</time></trkpt><trkpt lat="40.73679767034173" lon="-74.0185592490541"><time>2026-06-05T15:28:49Z</time></trkpt><trkpt lat="40.73683313467577" lon="-74.01853307431183"><time>2026-06-05T15:28:51Z</time></trkpt><trkpt lat="40.73685743673718" lon="-74.0185120509064"><time>2026-06-05T15:28:52Z</time></trkpt><trkpt lat="40.736883273749214" lon="-74.01850782200779"><time>2026-06-05T15:28:53Z</time></trkpt><trkpt lat="40.73691247531628" lon="-74.01850603037016"><time>2026-06-05T15:28:54Z</time></trkpt><trkpt lat="40.736937131104696" lon="-74.01849076815077"><time>2026-06-05T15:28:55Z</time></trkpt><trkpt lat="40.7369570171295" lon="-74.01847641281567"><time>2026-06-05T15:28:56Z</time></trkpt><trkpt lat="40.73697874618061" lon="-74.01847979482564"><time>2026-06-05T15:28:57Z</time></trkpt><trkpt lat="40.736997943594744" lon="-74.01847524022665"><time>2026-06-05T15:28:58Z</time></trkpt><trkpt lat="40.73702152640472" lon="-74.01845672145333"><time>2026-06-05T15:28:59Z</time></trkpt><trkpt lat="40.737045623115065" lon="-74.01845490380005"><time>2026-06-05T15:29:00Z</time></trkpt><trkpt lat="40.73707296104721" lon="-74.01845087183595"><time>2026-06-05T15:29:01Z</time></trkpt><trkpt lat="40.73709645968346" lon="-74.01844300432002"><time>2026-06-05T15:29:02Z</time></trkpt><trkpt lat="40.73712007430843" lon="-74.01843287799508"><time>2026-06-05T15:29:03Z</time></trkpt><trkpt lat="40.737156773067426" lon="-74.0184199346289"><time>2026-06-05T15:29:05Z</time></trkpt><trkpt lat="40.737180860146495" lon="-74.01841599652742"><time>2026-06-05T15:29:06Z</time></trkpt><trkpt lat="40.737206272967235" lon="-74.01840297455482"><time>2026-06-05T15:29:07Z</time></trkpt><trkpt lat="40.737231746425145" lon="-74.01838755764902"><time>2026-06-05T15:29:08Z</time></trkpt><trkpt lat="40.73725743393098" lon="-74.01838600445032"><time>2026-06-05T15:29:09Z</time></trkpt><trkpt lat="40.73727878495779" lon="-74.01838101733782"><time>2026-06-05T15:29:10Z</time></trkpt><trkpt lat="40.73730402171466" lon="-74.01835751992225"><time>2026-06-05T15:29:11Z</time></trkpt><trkpt lat="40.737344896497596" lon="-74.01834829050706"><time>2026-06-05T15:29:13Z</time></trkpt><trkpt lat="40.737370454861605" lon="-74.01833575041327"><time>2026-06-05T15:29:14Z</time></trkpt><trkpt lat="40.737418838271765" lon="-74.01832080574407"><time>2026-06-05T15:29:16Z</time></trkpt><trkpt lat="40.737443303196834" lon="-74.01831787067829"><time>2026-06-05T15:29:17Z</time></trkpt><trkpt lat="40.73746331680333" lon="-74.01830904946621"><time>2026-06-05T15:29:18Z</time></trkpt><trkpt lat="40.73748731648908" lon="-74.01830093279432"><time>2026-06-05T15:29:19Z</time></trkpt><trkpt lat="40.7375108079547" lon="-74.0182907670159"><time>2026-06-05T15:29:20Z</time></trkpt><trkpt lat="40.73753678512666" lon="-74.01827952432794"><time>2026-06-05T15:29:21Z</time></trkpt><trkpt lat="40.73755833123788" lon="-74.01826062256167"><time>2026-06-05T15:29:22Z</time></trkpt><trkpt lat="40.73758330104264" lon="-74.0182522178874"><time>2026-06-05T15:29:23Z</time></trkpt><trkpt lat="40.73760866672372" lon="-74.01824064366362"><time>2026-06-05T15:29:24Z</time></trkpt><trkpt lat="40.737631196036965" lon="-74.01823092555749"><time>2026-06-05T15:29:25Z</time></trkpt><trkpt lat="40.73765542703549" lon="-74.01822380340965"><time>2026-06-05T15:29:26Z</time></trkpt><trkpt lat="40.73767598467984" lon="-74.0182180678007"><time>2026-06-05T15:29:27Z</time></trkpt><trkpt lat="40.737697308821765" lon="-74.01821028296068"><time>2026-06-05T15:29:28Z</time></trkpt><trkpt lat="40.737725756582506" lon="-74.01820122452287"><time>2026-06-05T15:29:29Z</time></trkpt><trkpt lat="40.73775007662874" lon="-74.0181908587735"><time>2026-06-05T15:29:30Z</time></trkpt><trkpt lat="40.73777248313948" lon="-74.01818348379997"><time>2026-06-05T15:29:31Z</time></trkpt><trkpt lat="40.73779801941617" lon="-74.01817263936142"><time>2026-06-05T15:29:32Z</time></trkpt><trkpt lat="40.73782367943287" lon="-74.01816389859275"><time>2026-06-05T15:29:33Z</time></trkpt><trkpt lat="40.73784655366643" lon="-74.01815571960859"><time>2026-06-05T15:29:34Z</time></trkpt><trkpt lat="40.73787038775598" lon="-74.01814084592027"><time>2026-06-05T15:29:35Z</time></trkpt><trkpt lat="40.73789268682904" lon="-74.0181274931055"><time>2026-06-05T15:29:36Z</time></trkpt><trkpt lat="40.737918578523505" lon="-74.01811925057461"><time>2026-06-05T15:29:37Z</time></trkpt><trkpt lat="40.73794500563399" lon="-74.01810783606376"><time>2026-06-05T15:29:38Z</time></trkpt><trkpt lat="40.73796803034534" lon="-74.01809394691921"><time>2026-06-05T15:29:39Z</time></trkpt><trkpt lat="40.73799247246829" lon="-74.01808039989913"><time>2026-06-05T15:29:40Z</time></trkpt><trkpt lat="40.73801595318545" lon="-74.01807090612196"><time>2026-06-05T15:29:41Z</time></trkpt><trkpt lat="40.738041524212115" lon="-74.01805641492946"><time>2026-06-05T15:29:42Z</time></trkpt><trkpt lat="40.738064914723346" lon="-74.01804326014516"><time>2026-06-05T15:29:43Z</time></trkpt><trkpt lat="40.73809084656946" lon="-74.01803220651144"><time>2026-06-05T15:29:44Z</time></trkpt><trkpt lat="40.73811759981449" lon="-74.01801675393502"><time>2026-06-05T15:29:45Z</time></trkpt><trkpt lat="40.73813786013421" lon="-74.01800577674676"><time>2026-06-05T15:29:46Z</time></trkpt><trkpt lat="40.738160554759105" lon="-74.0179961414377"><time>2026-06-05T15:29:47Z</time></trkpt><trkpt lat="40.73818657170928" lon="-74.01798492060675"><time>2026-06-05T15:29:48Z</time></trkpt><trkpt lat="40.738210724497634" lon="-74.01797438439857"><time>2026-06-05T15:29:49Z</time></trkpt><trkpt lat="40.73823432634863" lon="-74.01796326652892"><time>2026-06-05T15:29:50Z</time></trkpt><trkpt lat="40.738257962234066" lon="-74.01795163620844"><time>2026-06-05T15:29:51Z</time></trkpt><trkpt lat="40.73828137251239" lon="-74.01794151906186"><time>2026-06-05T15:29:52Z</time></trkpt><trkpt lat="40.73830393264222" lon="-74.0179342058156"><time>2026-06-05T15:29:53Z</time></trkpt><trkpt lat="40.73833096411957" lon="-74.01792517230636"><time>2026-06-05T15:29:54Z</time></trkpt><trkpt lat="40.73835112879554" lon="-74.01791494770055"><time>2026-06-05T15:29:55Z</time></trkpt><trkpt lat="40.73837971544289" lon="-74.01790317529836"><time>2026-06-05T15:29:56Z</time></trkpt><trkpt lat="40.73840422416685" lon="-74.0178970128789"><time>2026-06-05T15:29:57Z</time></trkpt><trkpt lat="40.73842845468465" lon="-74.01788683785988"><time>2026-06-05T15:29:58Z</time></trkpt><trkpt lat="40.738453120582676" lon="-74.01787551275902"><time>2026-06-05T15:29:59Z</time></trkpt><trkpt lat="40.73847885384477" lon="-74.0178618380908"><time>2026-06-05T15:30:00Z</time></trkpt><trkpt lat="40.73850392727573" lon="-74.01785465355262"><time>2026-06-05T15:30:01Z</time></trkpt><trkpt lat="40.73852770013867" lon="-74.01784722608501"><time>2026-06-05T15:30:02Z</time></trkpt><trkpt lat="40.73854670262802" lon="-74.01783702481181"><time>2026-06-05T15:30:03Z</time></trkpt><trkpt lat="40.73856857192075" lon="-74.01782943523366"><time>2026-06-05T15:30:04Z</time></trkpt><trkpt lat="40.73859494972766" lon="-74.0178239237856"><time>2026-06-05T15:30:05Z</time></trkpt><trkpt lat="40.73861622211418" lon="-74.0178128734241"><time>2026-06-05T15:30:06Z</time></trkpt><trkpt lat="40.73864292848811" lon="-74.017800383917"><time>2026-06-05T15:30:07Z</time></trkpt><trkpt lat="40.73867070148153" lon="-74.01779153411691"><time>2026-06-05T15:30:08Z</time></trkpt><trkpt lat="40.73869710817375" lon="-74.01779224107254"><time>2026-06-05T15:30:09Z</time></trkpt><trkpt lat="40.738723187092624" lon="-74.01779286154667"><time>2026-06-05T15:30:10Z</time></trkpt><trkpt lat="40.73874722367915" lon="-74.01778995192419"><time>2026-06-05T15:30:11Z</time></trkpt><trkpt lat="40.73877312991669" lon="-74.0177913319871"><time>2026-06-05T15:30:12Z</time></trkpt><trkpt lat="40.738795884510445" lon="-74.01778745111484"><time>2026-06-05T15:30:13Z</time></trkpt><trkpt lat="40.73882211542901" lon="-74.01778492251812"><time>2026-06-05T15:30:14Z</time></trkpt><trkpt lat="40.73884822248716" lon="-74.01778551092058"><time>2026-06-05T15:30:15Z</time></trkpt><trkpt lat="40.73887541247882" lon="-74.01778888441812"><time>2026-06-05T15:30:16Z</time></trkpt><trkpt lat="40.73890199612981" lon="-74.0177872185951"><time>2026-06-05T15:30:17Z</time></trkpt><trkpt lat="40.738926850743454" lon="-74.01778558576483"><time>2026-06-05T15:30:18Z</time></trkpt><trkpt lat="40.7389510818022" lon="-74.01778732012315"><time>2026-06-05T15:30:19Z</time></trkpt><trkpt lat="40.73897662087408" lon="-74.01778897206997"><time>2026-06-05T15:30:20Z</time></trkpt><trkpt lat="40.73900377090046" lon="-74.01778669513884"><time>2026-06-05T15:30:21Z</time></trkpt><trkpt lat="40.739037298069654" lon="-74.01778812108682"><time>2026-06-05T15:30:22Z</time></trkpt><trkpt lat="40.739068334920404" lon="-74.01778922594572"><time>2026-06-05T15:30:23Z</time></trkpt><trkpt lat="40.73909323638236" lon="-74.01779669361319"><time>2026-06-05T15:30:24Z</time></trkpt><trkpt lat="40.73913541750063" lon="-74.01778929308846"><time>2026-06-05T15:30:26Z</time></trkpt><trkpt lat="40.73915931926516" lon="-74.01777810100945"><time>2026-06-05T15:30:27Z</time></trkpt><trkpt lat="40.739189876415146" lon="-74.01777369176403"><time>2026-06-05T15:30:28Z</time></trkpt><trkpt lat="40.73921718747866" lon="-74.01776009144572"><time>2026-06-05T15:30:29Z</time></trkpt><trkpt lat="40.73923905314254" lon="-74.01774229243063"><time>2026-06-05T15:30:30Z</time></trkpt><trkpt lat="40.73925875770145" lon="-74.01772680885122"><time>2026-06-05T15:30:31Z</time></trkpt><trkpt lat="40.739278558033774" lon="-74.01771645005623"><time>2026-06-05T15:30:32Z</time></trkpt><trkpt lat="40.73929897917281" lon="-74.01769891938373"><time>2026-06-05T15:30:33Z</time></trkpt><trkpt lat="40.73932060186964" lon="-74.01767983690641"><time>2026-06-05T15:30:34Z</time></trkpt><trkpt lat="40.73934508796049" lon="-74.01766593054684"><time>2026-06-05T15:30:35Z</time></trkpt><trkpt lat="40.73937048962204" lon="-74.01765005213322"><time>2026-06-05T15:30:36Z</time></trkpt><trkpt lat="40.739395358472784" lon="-74.01762889718223"><time>2026-06-05T15:30:37Z</time></trkpt><trkpt lat="40.73941723242421" lon="-74.01761492295662"><time>2026-06-05T15:30:38Z</time></trkpt><trkpt lat="40.73944202278788" lon="-74.01760777482987"><time>2026-06-05T15:30:39Z</time></trkpt><trkpt lat="40.739462715750975" lon="-74.0175953083057"><time>2026-06-05T15:30:40Z</time></trkpt><trkpt lat="40.7394820790016" lon="-74.01758096360686"><time>2026-06-05T15:30:41Z</time></trkpt><trkpt lat="40.73950827977159" lon="-74.0175641981363"><time>2026-06-05T15:30:42Z</time></trkpt><trkpt lat="40.739531536292105" lon="-74.01754812399611"><time>2026-06-05T15:30:43Z</time></trkpt><trkpt lat="40.739557235862975" lon="-74.01753007184544"><time>2026-06-05T15:30:44Z</time></trkpt><trkpt lat="40.7395832818879" lon="-74.01751852424273"><time>2026-06-05T15:30:45Z</time></trkpt><trkpt lat="40.739604128460755" lon="-74.01750224472514"><time>2026-06-05T15:30:46Z</time></trkpt><trkpt lat="40.739621737232795" lon="-74.0174815301134"><time>2026-06-05T15:30:47Z</time></trkpt><trkpt lat="40.73964087923516" lon="-74.01746217806004"><time>2026-06-05T15:30:48Z</time></trkpt><trkpt lat="40.739665888397774" lon="-74.01744632603364"><time>2026-06-05T15:30:49Z</time></trkpt><trkpt lat="40.73968871639697" lon="-74.01742735347504"><time>2026-06-05T15:30:50Z</time></trkpt><trkpt lat="40.7397099376941" lon="-74.01740552027967"><time>2026-06-05T15:30:51Z</time></trkpt><trkpt lat="40.73973007905457" lon="-74.01738401026653"><time>2026-06-05T15:30:52Z</time></trkpt><trkpt lat="40.739751207055576" lon="-74.01736347360121"><time>2026-06-05T15:30:53Z</time></trkpt><trkpt lat="40.73977470550628" lon="-74.01734835297687"><time>2026-06-05T15:30:54Z</time></trkpt><trkpt lat="40.739796970000086" lon="-74.01733722429945"><time>2026-06-05T15:30:55Z</time></trkpt><trkpt lat="40.739822077333876" lon="-74.01732067810683"><time>2026-06-05T15:30:56Z</time></trkpt><trkpt lat="40.739846440840594" lon="-74.017312750905"><time>2026-06-05T15:30:57Z</time></trkpt><trkpt lat="40.73987303537578" lon="-74.01730354895163"><time>2026-06-05T15:30:58Z</time></trkpt><trkpt lat="40.73989766954208" lon="-74.01729492487041"><time>2026-06-05T15:30:59Z</time></trkpt><trkpt lat="40.73991874122907" lon="-74.01728743024113"><time>2026-06-05T15:31:00Z</time></trkpt><trkpt lat="40.73993944089141" lon="-74.01727526150097"><time>2026-06-05T15:31:01Z</time></trkpt><trkpt lat="40.739960729468066" lon="-74.01726225429996"><time>2026-06-05T15:31:02Z</time></trkpt><trkpt lat="40.73998546776986" lon="-74.01724710197837"><time>2026-06-05T15:31:03Z</time></trkpt><trkpt lat="40.740007560307596" lon="-74.0172282668566"><time>2026-06-05T15:31:04Z</time></trkpt><trkpt lat="40.740032886342675" lon="-74.01721339171861"><time>2026-06-05T15:31:05Z</time></trkpt><trkpt lat="40.74005761198099" lon="-74.01720198029841"><time>2026-06-05T15:31:06Z</time></trkpt><trkpt lat="40.7400817408776" lon="-74.0171876105827"><time>2026-06-05T15:31:07Z</time></trkpt><trkpt lat="40.74010412752892" lon="-74.01717160712359"><time>2026-06-05T15:31:08Z</time></trkpt><trkpt lat="40.740124496586446" lon="-74.01715406319073"><time>2026-06-05T15:31:09Z</time></trkpt><trkpt lat="40.74015119437113" lon="-74.01714362351915"><time>2026-06-05T15:31:10Z</time></trkpt><trkpt lat="40.74017606316313" lon="-74.01712854629514"><time>2026-06-05T15:31:11Z</time></trkpt><trkpt lat="40.74019871346489" lon="-74.0171114513033"><time>2026-06-05T15:31:12Z</time></trkpt><trkpt lat="40.74022190689624" lon="-74.01709727805772"><time>2026-06-05T15:31:13Z</time></trkpt><trkpt lat="40.740248715545384" lon="-74.01708376146333"><time>2026-06-05T15:31:14Z</time></trkpt><trkpt lat="40.74027128177961" lon="-74.01706634402309"><time>2026-06-05T15:31:15Z</time></trkpt><trkpt lat="40.74029192583652" lon="-74.01704670070002"><time>2026-06-05T15:31:16Z</time></trkpt><trkpt lat="40.74031481144916" lon="-74.0170299954667"><time>2026-06-05T15:31:17Z</time></trkpt><trkpt lat="40.740335072462614" lon="-74.0170168270028"><time>2026-06-05T15:31:18Z</time></trkpt><trkpt lat="40.74035823023579" lon="-74.01700419974115"><time>2026-06-05T15:31:19Z</time></trkpt><trkpt lat="40.740381630205995" lon="-74.01699014879499"><time>2026-06-05T15:31:20Z</time></trkpt><trkpt lat="40.740408843105826" lon="-74.01697727745649"><time>2026-06-05T15:31:21Z</time></trkpt><trkpt lat="40.74042893733248" lon="-74.01695855396068"><time>2026-06-05T15:31:22Z</time></trkpt><trkpt lat="40.740452039830366" lon="-74.01693933236164"><time>2026-06-05T15:31:23Z</time></trkpt><trkpt lat="40.7404758530494" lon="-74.01692525706385"><time>2026-06-05T15:31:24Z</time></trkpt><trkpt lat="40.74049837700676" lon="-74.01690328396101"><time>2026-06-05T15:31:25Z</time></trkpt><trkpt lat="40.74051987403036" lon="-74.016885227505"><time>2026-06-05T15:31:26Z</time></trkpt><trkpt lat="40.74054391115523" lon="-74.01687065624262"><time>2026-06-05T15:31:27Z</time></trkpt><trkpt lat="40.740576599707396" lon="-74.01686270195329"><time>2026-06-05T15:31:28Z</time></trkpt><trkpt lat="40.74059657784625" lon="-74.01683999708466"><time>2026-06-05T15:31:29Z</time></trkpt><trkpt lat="40.740618169836594" lon="-74.01681898673648"><time>2026-06-05T15:31:30Z</time></trkpt><trkpt lat="40.74064041723476" lon="-74.01680474688794"><time>2026-06-05T15:31:31Z</time></trkpt><trkpt lat="40.74066590267746" lon="-74.0167880994314"><time>2026-06-05T15:31:32Z</time></trkpt><trkpt lat="40.74068688656306" lon="-74.01677303627521"><time>2026-06-05T15:31:33Z</time></trkpt><trkpt lat="40.740708281230496" lon="-74.01675728276578"><time>2026-06-05T15:31:34Z</time></trkpt><trkpt lat="40.740736570718674" lon="-74.01674079728713"><time>2026-06-05T15:31:35Z</time></trkpt><trkpt lat="40.740756773285575" lon="-74.01672085399044"><time>2026-06-05T15:31:36Z</time></trkpt><trkpt lat="40.74078223814477" lon="-74.01670869787975"><time>2026-06-05T15:31:37Z</time></trkpt><trkpt lat="40.74080987130901" lon="-74.01669459861697"><time>2026-06-05T15:31:38Z</time></trkpt><trkpt lat="40.74083473056918" lon="-74.01668563853924"><time>2026-06-05T15:31:39Z</time></trkpt><trkpt lat="40.740860706343824" lon="-74.01667378364064"><time>2026-06-05T15:31:40Z</time></trkpt><trkpt lat="40.74088443423123" lon="-74.01665865952721"><time>2026-06-05T15:31:41Z</time></trkpt><trkpt lat="40.740908461172964" lon="-74.01664460810407"><time>2026-06-05T15:31:42Z</time></trkpt><trkpt lat="40.740931552655304" lon="-74.01663615972346"><time>2026-06-05T15:31:43Z</time></trkpt><trkpt lat="40.740957421262735" lon="-74.01662867770281"><time>2026-06-05T15:31:44Z</time></trkpt><trkpt lat="40.740981974509104" lon="-74.01661668302452"><time>2026-06-05T15:31:45Z</time></trkpt><trkpt lat="40.74100747124824" lon="-74.01660395176496"><time>2026-06-05T15:31:46Z</time></trkpt><trkpt lat="40.74103139762567" lon="-74.01659176559251"><time>2026-06-05T15:31:47Z</time></trkpt><trkpt lat="40.7410542112879" lon="-74.01657344603167"><time>2026-06-05T15:31:48Z</time></trkpt><trkpt lat="40.741079185941935" lon="-74.01656017280504"><time>2026-06-05T15:31:49Z</time></trkpt><trkpt lat="40.7411054634" lon="-74.01654910211377"><time>2026-06-05T15:31:50Z</time></trkpt><trkpt lat="40.741130330380024" lon="-74.01653596704246"><time>2026-06-05T15:31:51Z</time></trkpt><trkpt lat="40.74115064577168" lon="-74.0165233053356"><time>2026-06-05T15:31:52Z</time></trkpt><trkpt lat="40.74117215013494" lon="-74.0165202023178"><time>2026-06-05T15:31:53Z</time></trkpt><trkpt lat="40.741191357354964" lon="-74.01650539221689"><time>2026-06-05T15:31:54Z</time></trkpt><trkpt lat="40.741219736579346" lon="-74.01648542961809"><time>2026-06-05T15:31:55Z</time></trkpt><trkpt lat="40.7412436420829" lon="-74.01646389453641"><time>2026-06-05T15:31:56Z</time></trkpt><trkpt lat="40.74126894466556" lon="-74.01645187521771"><time>2026-06-05T15:31:57Z</time></trkpt><trkpt lat="40.741293017862084" lon="-74.01643809744655"><time>2026-06-05T15:31:58Z</time></trkpt><trkpt lat="40.741315685341036" lon="-74.01641848070079"><time>2026-06-05T15:31:59Z</time></trkpt><trkpt lat="40.741340943014116" lon="-74.01640085947487"><time>2026-06-05T15:32:00Z</time></trkpt><trkpt lat="40.741364752204674" lon="-74.0163783152266"><time>2026-06-05T15:32:01Z</time></trkpt><trkpt lat="40.741388898778546" lon="-74.01636081396923"><time>2026-06-05T15:32:02Z</time></trkpt><trkpt lat="40.74141493653983" lon="-74.01634635273321"><time>2026-06-05T15:32:03Z</time></trkpt><trkpt lat="40.74143951506969" lon="-74.01632985766365"><time>2026-06-05T15:32:04Z</time></trkpt><trkpt lat="40.74146425005798" lon="-74.01631678667366"><time>2026-06-05T15:32:05Z</time></trkpt><trkpt lat="40.74148966208287" lon="-74.0163017097049"><time>2026-06-05T15:32:06Z</time></trkpt><trkpt lat="40.74151169326939" lon="-74.01628746185011"><time>2026-06-05T15:32:07Z</time></trkpt><trkpt lat="40.7415386277802" lon="-74.0162756552589"><time>2026-06-05T15:32:08Z</time></trkpt><trkpt lat="40.741563707945545" lon="-74.01626340976203"><time>2026-06-05T15:32:09Z</time></trkpt><trkpt lat="40.74158990844345" lon="-74.0162514679825"><time>2026-06-05T15:32:10Z</time></trkpt><trkpt lat="40.741615069046276" lon="-74.01623821951301"><time>2026-06-05T15:32:11Z</time></trkpt><trkpt lat="40.74163906745886" lon="-74.01622845875956"><time>2026-06-05T15:32:12Z</time></trkpt><trkpt lat="40.741665357693876" lon="-74.01621877627379"><time>2026-06-05T15:32:13Z</time></trkpt><trkpt lat="40.741688488224106" lon="-74.01620274595989"><time>2026-06-05T15:32:14Z</time></trkpt><trkpt lat="40.74171185137114" lon="-74.0161889790015"><time>2026-06-05T15:32:15Z</time></trkpt><trkpt lat="40.74173628248044" lon="-74.0161730569961"><time>2026-06-05T15:32:16Z</time></trkpt><trkpt lat="40.74176355665016" lon="-74.01616090147431"><time>2026-06-05T15:32:17Z</time></trkpt><trkpt lat="40.7417881149751" lon="-74.0161403697162"><time>2026-06-05T15:32:18Z</time></trkpt><trkpt lat="40.74181262529362" lon="-74.01612378917149"><time>2026-06-05T15:32:19Z</time></trkpt><trkpt lat="40.74183575399952" lon="-74.01610833442291"><time>2026-06-05T15:32:20Z</time></trkpt><trkpt lat="40.74186173027319" lon="-74.01609626329135"><time>2026-06-05T15:32:21Z</time></trkpt><trkpt lat="40.74188354878747" lon="-74.01608432713044"><time>2026-06-05T15:32:22Z</time></trkpt><trkpt lat="40.74190732582837" lon="-74.01606670739878"><time>2026-06-05T15:32:23Z</time></trkpt><trkpt lat="40.74193056675743" lon="-74.01605102562364"><time>2026-06-05T15:32:24Z</time></trkpt><trkpt lat="40.741953214585465" lon="-74.01604837133863"><time>2026-06-05T15:32:25Z</time></trkpt><trkpt lat="40.74197465120209" lon="-74.01604151569282"><time>2026-06-05T15:32:26Z</time></trkpt><trkpt lat="40.74201140195234" lon="-74.01602465765163"><time>2026-06-05T15:32:27Z</time></trkpt><trkpt lat="40.7420272029891" lon="-74.0160071741183"><time>2026-06-05T15:32:28Z</time></trkpt><trkpt lat="40.74205338375825" lon="-74.01600439837861"><time>2026-06-05T15:32:29Z</time></trkpt><trkpt lat="40.74207085893823" lon="-74.01598936843739"><time>2026-06-05T15:32:30Z</time></trkpt><trkpt lat="40.74209644961993" lon="-74.01597371388385"><time>2026-06-05T15:32:31Z</time></trkpt><trkpt lat="40.74212123566808" lon="-74.01596161690341"><time>2026-06-05T15:32:32Z</time></trkpt><trkpt lat="40.742149090967644" lon="-74.01594799341433"><time>2026-06-05T15:32:33Z</time></trkpt><trkpt lat="40.7421739317809" lon="-74.0159339054945"><time>2026-06-05T15:32:34Z</time></trkpt><trkpt lat="40.7421972427154" lon="-74.01592004834589"><time>2026-06-05T15:32:35Z</time></trkpt><trkpt lat="40.74221926170187" lon="-74.01590550523903"><time>2026-06-05T15:32:36Z</time></trkpt><trkpt lat="40.74224457719672" lon="-74.01589109688675"><time>2026-06-05T15:32:37Z</time></trkpt><trkpt lat="40.74226892058169" lon="-74.01587895490681"><time>2026-06-05T15:32:38Z</time></trkpt><trkpt lat="40.74229313606071" lon="-74.01586635819194"><time>2026-06-05T15:32:39Z</time></trkpt><trkpt lat="40.74232014531573" lon="-74.01585711788887"><time>2026-06-05T15:32:40Z</time></trkpt><trkpt lat="40.74234732050985" lon="-74.01584503325653"><time>2026-06-05T15:32:41Z</time></trkpt><trkpt lat="40.74237384463038" lon="-74.0158351681461"><time>2026-06-05T15:32:42Z</time></trkpt><trkpt lat="40.74239897307068" lon="-74.01582011491804"><time>2026-06-05T15:32:43Z</time></trkpt><trkpt lat="40.7424238221116" lon="-74.01580931711067"><time>2026-06-05T15:32:44Z</time></trkpt><trkpt lat="40.74244935609948" lon="-74.01579916989442"><time>2026-06-05T15:32:45Z</time></trkpt><trkpt lat="40.74247563654227" lon="-74.01579264765465"><time>2026-06-05T15:32:46Z</time></trkpt><trkpt lat="40.742500957194444" lon="-74.01578311542218"><time>2026-06-05T15:32:47Z</time></trkpt><trkpt lat="40.74252328227341" lon="-74.01577100772278"><time>2026-06-05T15:32:48Z</time></trkpt><trkpt lat="40.74254666514446" lon="-74.01575604739992"><time>2026-06-05T15:32:49Z</time></trkpt><trkpt lat="40.74257289935373" lon="-74.01574441059775"><time>2026-06-05T15:32:50Z</time></trkpt><trkpt lat="40.7426014269228" lon="-74.01573235904469"><time>2026-06-05T15:32:51Z</time></trkpt><trkpt lat="40.74262750182791" lon="-74.01571434432806"><time>2026-06-05T15:32:52Z</time></trkpt><trkpt lat="40.742648396231054" lon="-74.01569535327093"><time>2026-06-05T15:32:53Z</time></trkpt><trkpt lat="40.742668196883194" lon="-74.0156823338055"><time>2026-06-05T15:32:54Z</time></trkpt><trkpt lat="40.74269221532238" lon="-74.0156768007413"><time>2026-06-05T15:32:55Z</time></trkpt><trkpt lat="40.74271938471721" lon="-74.01566418614564"><time>2026-06-05T15:32:56Z</time></trkpt><trkpt lat="40.742748371354764" lon="-74.01565236313442"><time>2026-06-05T15:32:57Z</time></trkpt><trkpt lat="40.74277340650783" lon="-74.01563855707037"><time>2026-06-05T15:32:58Z</time></trkpt><trkpt lat="40.742798122016076" lon="-74.01562444574591"><time>2026-06-05T15:32:59Z</time></trkpt><trkpt lat="40.74281847406511" lon="-74.01560999586427"><time>2026-06-05T15:33:00Z</time></trkpt><trkpt lat="40.74283937639009" lon="-74.01559686542012"><time>2026-06-05T15:33:01Z</time></trkpt><trkpt lat="40.742862022750394" lon="-74.01558279533862"><time>2026-06-05T15:33:02Z</time></trkpt><trkpt lat="40.74288810044981" lon="-74.0155649031429"><time>2026-06-05T15:33:03Z</time></trkpt><trkpt lat="40.74291708518958" lon="-74.01554623226987"><time>2026-06-05T15:33:04Z</time></trkpt><trkpt lat="40.74294179675479" lon="-74.01552599624193"><time>2026-06-05T15:33:05Z</time></trkpt><trkpt lat="40.74296441410762" lon="-74.01550565115555"><time>2026-06-05T15:33:06Z</time></trkpt><trkpt lat="40.742985481159465" lon="-74.01549117990136"><time>2026-06-05T15:33:07Z</time></trkpt><trkpt lat="40.74300751335739" lon="-74.01547268717441"><time>2026-06-05T15:33:08Z</time></trkpt><trkpt lat="40.74302824192218" lon="-74.01545473699733"><time>2026-06-05T15:33:09Z</time></trkpt><trkpt lat="40.74305397467103" lon="-74.01543973736233"><time>2026-06-05T15:33:10Z</time></trkpt><trkpt lat="40.743079226841466" lon="-74.01542184080866"><time>2026-06-05T15:33:11Z</time></trkpt><trkpt lat="40.74310383490931" lon="-74.01540392712481"><time>2026-06-05T15:33:12Z</time></trkpt><trkpt lat="40.74312873046201" lon="-74.01539039677586"><time>2026-06-05T15:33:13Z</time></trkpt><trkpt lat="40.74315061966342" lon="-74.01537717072893"><time>2026-06-05T15:33:14Z</time></trkpt><trkpt lat="40.74317281067455" lon="-74.01536097652534"><time>2026-06-05T15:33:15Z</time></trkpt><trkpt lat="40.74319526533366" lon="-74.01535031368682"><time>2026-06-05T15:33:16Z</time></trkpt><trkpt lat="40.74321929307654" lon="-74.01533641440231"><time>2026-06-05T15:33:17Z</time></trkpt><trkpt lat="40.74324571477393" lon="-74.01532089088823"><time>2026-06-05T15:33:18Z</time></trkpt><trkpt lat="40.743273704196916" lon="-74.01530333353782"><time>2026-06-05T15:33:19Z</time></trkpt><trkpt lat="40.74330147655785" lon="-74.01529207541802"><time>2026-06-05T15:33:20Z</time></trkpt><trkpt lat="40.74332606177782" lon="-74.01527573246891"><time>2026-06-05T15:33:21Z</time></trkpt><trkpt lat="40.74335058489042" lon="-74.01525848190913"><time>2026-06-05T15:33:22Z</time></trkpt><trkpt lat="40.74337042292131" lon="-74.0152485920807"><time>2026-06-05T15:33:23Z</time></trkpt><trkpt lat="40.74339397159188" lon="-74.01523413444454"><time>2026-06-05T15:33:24Z</time></trkpt><trkpt lat="40.74341828916214" lon="-74.01522091716639"><time>2026-06-05T15:33:25Z</time></trkpt><trkpt lat="40.743445273851435" lon="-74.0152041719854"><time>2026-06-05T15:33:26Z</time></trkpt><trkpt lat="40.74347307456648" lon="-74.0151841887429"><time>2026-06-05T15:33:27Z</time></trkpt><trkpt lat="40.743498531679" lon="-74.01516264904248"><time>2026-06-05T15:33:28Z</time></trkpt><trkpt lat="40.74352597514999" lon="-74.01515545152257"><time>2026-06-05T15:33:29Z</time></trkpt><trkpt lat="40.74354821479489" lon="-74.01513984808668"><time>2026-06-05T15:33:30Z</time></trkpt><trkpt lat="40.74356747429968" lon="-74.01512516523418"><time>2026-06-05T15:33:31Z</time></trkpt><trkpt lat="40.74358645577817" lon="-74.01511204862526"><time>2026-06-05T15:33:32Z</time></trkpt><trkpt lat="40.74361257786777" lon="-74.0150964791962"><time>2026-06-05T15:33:33Z</time></trkpt><trkpt lat="40.74364009569114" lon="-74.01508249624779"><time>2026-06-05T15:33:34Z</time></trkpt><trkpt lat="40.74367234838052" lon="-74.01507090910344"><time>2026-06-05T15:33:35Z</time></trkpt><trkpt lat="40.74369925031831" lon="-74.01506001766835"><time>2026-06-05T15:33:36Z</time></trkpt><trkpt lat="40.74372470549969" lon="-74.0150516181725"><time>2026-06-05T15:33:37Z</time></trkpt><trkpt lat="40.743745642869165" lon="-74.01504097277717"><time>2026-06-05T15:33:38Z</time></trkpt><trkpt lat="40.7437674075391" lon="-74.01502648335054"><time>2026-06-05T15:33:39Z</time></trkpt><trkpt lat="40.74379088139363" lon="-74.0150160878916"><time>2026-06-05T15:33:40Z</time></trkpt><trkpt lat="40.74381528232328" lon="-74.01500242825311"><time>2026-06-05T15:33:41Z</time></trkpt><trkpt lat="40.74384172339979" lon="-74.0149841475833"><time>2026-06-05T15:33:42Z</time></trkpt><trkpt lat="40.743867109413245" lon="-74.01496484496462"><time>2026-06-05T15:33:43Z</time></trkpt><trkpt lat="40.74389458562279" lon="-74.01494919465051"><time>2026-06-05T15:33:44Z</time></trkpt><trkpt lat="40.74391777965571" lon="-74.01493716060543"><time>2026-06-05T15:33:45Z</time></trkpt><trkpt lat="40.7439340920338" lon="-74.01491755764891"><time>2026-06-05T15:33:46Z</time></trkpt><trkpt lat="40.74395452637208" lon="-74.01490584674482"><time>2026-06-05T15:33:47Z</time></trkpt><trkpt lat="40.74397743443885" lon="-74.01489181086946"><time>2026-06-05T15:33:48Z</time></trkpt><trkpt lat="40.744005950193255" lon="-74.01488047899153"><time>2026-06-05T15:33:49Z</time></trkpt><trkpt lat="40.744031937198635" lon="-74.0148711750586"><time>2026-06-05T15:33:50Z</time></trkpt><trkpt lat="40.74405482852077" lon="-74.01485840185192"><time>2026-06-05T15:33:51Z</time></trkpt><trkpt lat="40.744072705120246" lon="-74.01485382763195"><time>2026-06-05T15:33:52Z</time></trkpt><trkpt lat="40.744090882312115" lon="-74.01484652999203"><time>2026-06-05T15:33:53Z</time></trkpt><trkpt lat="40.744108177340046" lon="-74.01483766503982"><time>2026-06-05T15:33:54Z</time></trkpt><trkpt lat="40.74412660353479" lon="-74.01483008189342"><time>2026-06-05T15:33:55Z</time></trkpt><trkpt lat="40.744144561319054" lon="-74.01482423868896"><time>2026-06-05T15:33:56Z</time></trkpt><trkpt lat="40.74416323353033" lon="-74.01481918957172"><time>2026-06-05T15:33:57Z</time></trkpt><trkpt lat="40.74419371692297" lon="-74.01480409018302"><time>2026-06-05T15:33:59Z</time></trkpt><trkpt lat="40.74422242234166" lon="-74.01479447970759"><time>2026-06-05T15:34:01Z</time></trkpt><trkpt lat="40.744250282447226" lon="-74.01478514188486"><time>2026-06-05T15:34:03Z</time></trkpt><trkpt lat="40.744277501725435" lon="-74.01477681790709"><time>2026-06-05T15:34:05Z</time></trkpt><trkpt lat="40.74430221443151" lon="-74.01476752901097"><time>2026-06-05T15:34:07Z</time></trkpt><trkpt lat="40.744325328491335" lon="-74.01475905350195"><time>2026-06-05T15:34:09Z</time></trkpt><trkpt lat="40.74434688996196" lon="-74.01475082186867"><time>2026-06-05T15:34:11Z</time></trkpt><trkpt lat="40.744371520199145" lon="-74.01473831532546"><time>2026-06-05T15:34:14Z</time></trkpt><trkpt lat="40.744395038350234" lon="-74.0147314546549"><time>2026-06-05T15:34:16Z</time></trkpt><trkpt lat="40.74441341207572" lon="-74.01472347540953"><time>2026-06-05T15:34:18Z</time></trkpt><trkpt lat="40.744432972866726" lon="-74.0147203948143"><time>2026-06-05T15:34:20Z</time></trkpt><trkpt lat="40.7444534873846" lon="-74.01472098735373"><time>2026-06-05T15:34:22Z</time></trkpt><trkpt lat="40.74447217180162" lon="-74.01470864252441"><time>2026-06-05T15:34:25Z</time></trkpt><trkpt lat="40.74449556428759" lon="-74.01470168059708"><time>2026-06-05T15:34:28Z</time></trkpt><trkpt lat="40.744518216064506" lon="-74.01470601385864"><time>2026-06-05T15:34:31Z</time></trkpt><trkpt lat="40.744540784898064" lon="-74.01470756298545"><time>2026-06-05T15:34:34Z</time></trkpt><trkpt lat="40.74456069017926" lon="-74.01470795389919"><time>2026-06-05T15:34:37Z</time></trkpt><trkpt lat="40.74457959081585" lon="-74.01471123000587"><time>2026-06-05T15:34:40Z</time></trkpt><trkpt lat="40.74460368221505" lon="-74.01471594544181"><time>2026-06-05T15:34:44Z</time></trkpt><trkpt lat="40.74462609045731" lon="-74.0147215607333"><time>2026-06-05T15:34:48Z</time></trkpt><trkpt lat="40.7446469222058" lon="-74.01472481721434"><time>2026-06-05T15:34:52Z</time></trkpt><trkpt lat="40.74466691568494" lon="-74.01472681686768"><time>2026-06-05T15:34:56Z</time></trkpt><trkpt lat="40.74468901239509" lon="-74.0147247740686"><time>2026-06-05T15:35:00Z</time></trkpt><trkpt lat="40.74471205697647" lon="-74.01472569112727"><time>2026-06-05T15:35:05Z</time></trkpt><trkpt lat="40.74473023477458" lon="-74.01472394557669"><time>2026-06-05T15:35:09Z</time></trkpt><trkpt lat="40.74475250105562" lon="-74.01471922017184"><time>2026-06-05T15:35:14Z</time></trkpt><trkpt lat="40.74477236689247" lon="-74.01473035194539"><time>2026-06-05T15:35:19Z</time></trkpt><trkpt lat="40.74479108044496" lon="-74.01473400658594"><time>2026-06-05T15:35:24Z</time></trkpt><trkpt lat="40.74480952091324" lon="-74.01473026439606"><time>2026-06-05T15:35:29Z</time></trkpt><trkpt lat="40.744829287554666" lon="-74.01472182767091"><time>2026-06-05T15:35:35Z</time></trkpt><trkpt lat="40.74485114440184" lon="-74.01470971525177"><time>2026-06-05T15:35:39Z</time></trkpt><trkpt lat="40.744867932606184" lon="-74.01472464249558"><time>2026-06-05T15:35:47Z</time></trkpt><trkpt lat="40.74488704922621" lon="-74.01472818125373"><time>2026-06-05T15:35:54Z</time></trkpt><trkpt lat="40.74490847496902" lon="-74.01472883201603"><time>2026-06-05T15:36:02Z</time></trkpt><trkpt lat="40.74492750652447" lon="-74.0147339278602"><time>2026-06-05T15:36:10Z</time></trkpt><trkpt lat="40.744945732603064" lon="-74.01473831507569"><time>2026-06-05T15:36:17Z</time></trkpt><trkpt lat="40.74496487384759" lon="-74.01473529790556"><time>2026-06-05T15:36:24Z</time></trkpt><trkpt lat="40.74498311744275" lon="-74.01474027495313"><time>2026-06-05T15:36:33Z</time></trkpt><trkpt lat="40.74500549128498" lon="-74.0147422506618"><time>2026-06-05T15:36:40Z</time></trkpt><trkpt lat="40.745024766665445" lon="-74.01474809883254"><time>2026-06-05T15:36:47Z</time></trkpt><trkpt lat="40.745043585219044" lon="-74.0147504982621"><time>2026-06-05T15:36:54Z</time></trkpt><trkpt lat="40.74506153624162" lon="-74.01475578155569"><time>2026-06-05T15:37:00Z</time></trkpt><trkpt lat="40.74507956096947" lon="-74.0147555255192"><time>2026-06-05T15:37:09Z</time></trkpt><trkpt lat="40.74509928747504" lon="-74.01475776136947"><time>2026-06-05T15:37:17Z</time></trkpt><trkpt lat="40.745118540040544" lon="-74.01476174189399"><time>2026-06-05T15:37:24Z</time></trkpt><trkpt lat="40.745136457249444" lon="-74.01476827789332"><time>2026-06-05T15:37:31Z</time></trkpt><trkpt lat="40.74515140338027" lon="-74.01478316782078"><time>2026-06-05T15:37:36Z</time></trkpt><trkpt lat="40.74516985857415" lon="-74.01479148120191"><time>2026-06-05T15:37:41Z</time></trkpt><trkpt lat="40.74518836319071" lon="-74.01480032560035"><time>2026-06-05T15:37:46Z</time></trkpt><trkpt lat="40.74520643420354" lon="-74.01481085510925"><time>2026-06-05T15:37:51Z</time></trkpt><trkpt lat="40.745224452548825" lon="-74.01481505455823"><time>2026-06-05T15:37:55Z</time></trkpt><trkpt lat="40.74524666409531" lon="-74.01481069060193"><time>2026-06-05T15:37:59Z</time></trkpt><trkpt lat="40.7452661276097" lon="-74.0148154834922"><time>2026-06-05T15:38:03Z</time></trkpt><trkpt lat="40.74528960706628" lon="-74.01481824013877"><time>2026-06-05T15:38:07Z</time></trkpt><trkpt lat="40.74530991921812" lon="-74.01482408997722"><time>2026-06-05T15:38:11Z</time></trkpt><trkpt lat="40.745334867795826" lon="-74.01483583470677"><time>2026-06-05T15:38:15Z</time></trkpt><trkpt lat="40.74535744819752" lon="-74.0148445610076"><time>2026-06-05T15:38:19Z</time></trkpt><trkpt lat="40.74537412706938" lon="-74.01485623895078"><time>2026-06-05T15:38:22Z</time></trkpt><trkpt lat="40.74539144612028" lon="-74.01486874689915"><time>2026-06-05T15:38:25Z</time></trkpt><trkpt lat="40.74540989312808" lon="-74.01487835322628"><time>2026-06-05T15:38:28Z</time></trkpt><trkpt lat="40.745429850619885" lon="-74.01488862583287"><time>2026-06-05T15:38:32Z</time></trkpt><trkpt lat="40.74545229648031" lon="-74.01489983940274"><time>2026-06-05T15:38:36Z</time></trkpt><trkpt lat="40.74546849117572" lon="-74.01491198003295"><time>2026-06-05T15:38:39Z</time></trkpt><trkpt lat="40.74549081683302" lon="-74.01492158560919"><time>2026-06-05T15:38:41Z</time></trkpt><trkpt lat="40.7455133589553" lon="-74.0149299822682"><time>2026-06-05T15:38:43Z</time></trkpt><trkpt lat="40.74554109300755" lon="-74.01494471990637"><time>2026-06-05T15:38:45Z</time></trkpt><trkpt lat="40.74557661209612" lon="-74.01495461746616"><time>2026-06-05T15:38:47Z</time></trkpt><trkpt lat="40.74559492440258" lon="-74.01495558745621"><time>2026-06-05T15:38:48Z</time></trkpt><trkpt lat="40.74561364369983" lon="-74.01495411281194"><time>2026-06-05T15:38:49Z</time></trkpt><trkpt lat="40.74563751700947" lon="-74.01495469623602"><time>2026-06-05T15:38:50Z</time></trkpt><trkpt lat="40.74567418622045" lon="-74.01494956193785"><time>2026-06-05T15:38:52Z</time></trkpt><trkpt lat="40.74570006514568" lon="-74.01494743055056"><time>2026-06-05T15:38:53Z</time></trkpt><trkpt lat="40.74572204994888" lon="-74.01493960922362"><time>2026-06-05T15:38:54Z</time></trkpt><trkpt lat="40.7457418001474" lon="-74.0149294497647"><time>2026-06-05T15:38:55Z</time></trkpt><trkpt lat="40.7457582513227" lon="-74.01491392407571"><time>2026-06-05T15:38:56Z</time></trkpt><trkpt lat="40.74578026377869" lon="-74.01489719820187"><time>2026-06-05T15:38:57Z</time></trkpt><trkpt lat="40.74580663034962" lon="-74.0148861769127"><time>2026-06-05T15:38:58Z</time></trkpt><trkpt lat="40.745825286935336" lon="-74.01487242283176"><time>2026-06-05T15:38:59Z</time></trkpt><trkpt lat="40.74585520794086" lon="-74.01486035421186"><time>2026-06-05T15:39:00Z</time></trkpt><trkpt lat="40.74587509642147" lon="-74.01485852104656"><time>2026-06-05T15:39:01Z</time></trkpt><trkpt lat="40.74589635573716" lon="-74.01485296862359"><time>2026-06-05T15:39:02Z</time></trkpt><trkpt lat="40.74592099662752" lon="-74.01484822669448"><time>2026-06-05T15:39:03Z</time></trkpt><trkpt lat="40.74595247804778" lon="-74.01484033789038"><time>2026-06-05T15:39:04Z</time></trkpt><trkpt lat="40.745975960180516" lon="-74.01483116895182"><time>2026-06-05T15:39:05Z</time></trkpt><trkpt lat="40.74600031123155" lon="-74.01481891061138"><time>2026-06-05T15:39:06Z</time></trkpt><trkpt lat="40.746023763996455" lon="-74.0148062373845"><time>2026-06-05T15:39:07Z</time></trkpt><trkpt lat="40.746045566030254" lon="-74.01479361431711"><time>2026-06-05T15:39:08Z</time></trkpt><trkpt lat="40.74607182156145" lon="-74.01477939921541"><time>2026-06-05T15:39:09Z</time></trkpt><trkpt lat="40.7460973042911" lon="-74.01477634190068"><time>2026-06-05T15:39:10Z</time></trkpt><trkpt lat="40.74612235054225" lon="-74.01477401297274"><time>2026-06-05T15:39:11Z</time></trkpt><trkpt lat="40.746147634107494" lon="-74.01477452182188"><time>2026-06-05T15:39:12Z</time></trkpt><trkpt lat="40.74617305339279" lon="-74.01476972591449"><time>2026-06-05T15:39:13Z</time></trkpt><trkpt lat="40.746197876585605" lon="-74.01476170414342"><time>2026-06-05T15:39:14Z</time></trkpt><trkpt lat="40.746224872236745" lon="-74.01475351414663"><time>2026-06-05T15:39:15Z</time></trkpt><trkpt lat="40.7462509669496" lon="-74.01474348225182"><time>2026-06-05T15:39:16Z</time></trkpt><trkpt lat="40.74627721504836" lon="-74.01473539610829"><time>2026-06-05T15:39:17Z</time></trkpt><trkpt lat="40.74630165989969" lon="-74.01472518865856"><time>2026-06-05T15:39:18Z</time></trkpt><trkpt lat="40.746323506275324" lon="-74.01471440446515"><time>2026-06-05T15:39:19Z</time></trkpt><trkpt lat="40.74634486184865" lon="-74.01470769377345"><time>2026-06-05T15:39:20Z</time></trkpt><trkpt lat="40.74637003117271" lon="-74.01470490984362"><time>2026-06-05T15:39:21Z</time></trkpt><trkpt lat="40.7463955263154" lon="-74.01469967252616"><time>2026-06-05T15:39:22Z</time></trkpt><trkpt lat="40.7464195303773" lon="-74.01469338791983"><time>2026-06-05T15:39:23Z</time></trkpt><trkpt lat="40.74644716338981" lon="-74.01468837469082"><time>2026-06-05T15:39:24Z</time></trkpt><trkpt lat="40.74647214076402" lon="-74.01468571746288"><time>2026-06-05T15:39:25Z</time></trkpt><trkpt lat="40.746497117653995" lon="-74.01468173396495"><time>2026-06-05T15:39:26Z</time></trkpt><trkpt lat="40.74652159875092" lon="-74.01467789168697"><time>2026-06-05T15:39:27Z</time></trkpt><trkpt lat="40.74654615758575" lon="-74.01467109241392"><time>2026-06-05T15:39:28Z</time></trkpt><trkpt lat="40.74657188493889" lon="-74.01466656222016"><time>2026-06-05T15:39:29Z</time></trkpt><trkpt lat="40.746599463791455" lon="-74.01466161082024"><time>2026-06-05T15:39:30Z</time></trkpt><trkpt lat="40.74662702415784" lon="-74.014657064069"><time>2026-06-05T15:39:31Z</time></trkpt><trkpt lat="40.74665200435475" lon="-74.01465002288408"><time>2026-06-05T15:39:32Z</time></trkpt><trkpt lat="40.746678036190545" lon="-74.01464885536248"><time>2026-06-05T15:39:33Z</time></trkpt><trkpt lat="40.74670179300969" lon="-74.01464595187963"><time>2026-06-05T15:39:34Z</time></trkpt><trkpt lat="40.746726975654106" lon="-74.01464810654942"><time>2026-06-05T15:39:35Z</time></trkpt><trkpt lat="40.74675430384063" lon="-74.01464713725117"><time>2026-06-05T15:39:36Z</time></trkpt><trkpt lat="40.74678215424688" lon="-74.01464620722199"><time>2026-06-05T15:39:37Z</time></trkpt><trkpt lat="40.74681079774992" lon="-74.0146498801536"><time>2026-06-05T15:39:38Z</time></trkpt><trkpt lat="40.746835030566395" lon="-74.01465302648239"><time>2026-06-05T15:39:39Z</time></trkpt><trkpt lat="40.74686135792625" lon="-74.0146587000661"><time>2026-06-05T15:39:40Z</time></trkpt><trkpt lat="40.7468850718377" lon="-74.01466124303"><time>2026-06-05T15:39:41Z</time></trkpt><trkpt lat="40.74691047960727" lon="-74.01466496821627"><time>2026-06-05T15:39:42Z</time></trkpt><trkpt lat="40.74693766637426" lon="-74.01465841574785"><time>2026-06-05T15:39:43Z</time></trkpt><trkpt lat="40.74696255042812" lon="-74.01466025738058"><time>2026-06-05T15:39:44Z</time></trkpt><trkpt lat="40.74699062450783" lon="-74.0146513950203"><time>2026-06-05T15:39:45Z</time></trkpt><trkpt lat="40.74701456240252" lon="-74.01464844868444"><time>2026-06-05T15:39:46Z</time></trkpt><trkpt lat="40.74703722287803" lon="-74.01464211936727"><time>2026-06-05T15:39:47Z</time></trkpt><trkpt lat="40.7470636790625" lon="-74.01464170907978"><time>2026-06-05T15:39:48Z</time></trkpt><trkpt lat="40.747087197974466" lon="-74.01463075207285"><time>2026-06-05T15:39:49Z</time></trkpt><trkpt lat="40.74711500429442" lon="-74.01462559636492"><time>2026-06-05T15:39:50Z</time></trkpt><trkpt lat="40.7471391265237" lon="-74.01461806823868"><time>2026-06-05T15:39:51Z</time></trkpt><trkpt lat="40.747169213630904" lon="-74.01461542472651"><time>2026-06-05T15:39:52Z</time></trkpt><trkpt lat="40.74719806493432" lon="-74.01461508348883"><time>2026-06-05T15:39:53Z</time></trkpt><trkpt lat="40.747217263240394" lon="-74.01460835386528"><time>2026-06-05T15:39:54Z</time></trkpt><trkpt lat="40.74724340131918" lon="-74.01460326652351"><time>2026-06-05T15:39:55Z</time></trkpt><trkpt lat="40.747272311771795" lon="-74.01460881868579"><time>2026-06-05T15:39:56Z</time></trkpt><trkpt lat="40.747294735889646" lon="-74.01460611810137"><time>2026-06-05T15:39:57Z</time></trkpt><trkpt lat="40.747322727001766" lon="-74.01460503094083"><time>2026-06-05T15:39:58Z</time></trkpt><trkpt lat="40.74734676401431" lon="-74.01461244008765"><time>2026-06-05T15:39:59Z</time></trkpt><trkpt lat="40.747376305368824" lon="-74.01461078207775"><time>2026-06-05T15:40:00Z</time></trkpt><trkpt lat="40.74740113307713" lon="-74.01460490445928"><time>2026-06-05T15:40:01Z</time></trkpt><trkpt lat="40.7474248746907" lon="-74.01460145774737"><time>2026-06-05T15:40:02Z</time></trkpt><trkpt lat="40.74744973890077" lon="-74.01459719650231"><time>2026-06-05T15:40:03Z</time></trkpt><trkpt lat="40.74747542144263" lon="-74.01459313757107"><time>2026-06-05T15:40:04Z</time></trkpt><trkpt lat="40.74750217591293" lon="-74.01459120910071"><time>2026-06-05T15:40:05Z</time></trkpt><trkpt lat="40.74753013117124" lon="-74.01458863637471"><time>2026-06-05T15:40:06Z</time></trkpt><trkpt lat="40.747557756504065" lon="-74.01458911205042"><time>2026-06-05T15:40:07Z</time></trkpt><trkpt lat="40.747580241683124" lon="-74.0145899998084"><time>2026-06-05T15:40:08Z</time></trkpt><trkpt lat="40.74760327276191" lon="-74.01458878865859"><time>2026-06-05T15:40:09Z</time></trkpt><trkpt lat="40.74763123154658" lon="-74.01458783156565"><time>2026-06-05T15:40:10Z</time></trkpt><trkpt lat="40.74765823519177" lon="-74.0145842141483"><time>2026-06-05T15:40:11Z</time></trkpt><trkpt lat="40.74768479528294" lon="-74.01459089938197"><time>2026-06-05T15:40:12Z</time></trkpt><trkpt lat="40.747715711533424" lon="-74.01458794434363"><time>2026-06-05T15:40:13Z</time></trkpt><trkpt lat="40.74773801621299" lon="-74.0145844870774"><time>2026-06-05T15:40:14Z</time></trkpt><trkpt lat="40.74776386473264" lon="-74.01457830055217"><time>2026-06-05T15:40:15Z</time></trkpt><trkpt lat="40.74778859178578" lon="-74.01457093700436"><time>2026-06-05T15:40:16Z</time></trkpt><trkpt lat="40.74781391912862" lon="-74.01456750386303"><time>2026-06-05T15:40:17Z</time></trkpt><trkpt lat="40.74784154755824" lon="-74.01456159061394"><time>2026-06-05T15:40:18Z</time></trkpt><trkpt lat="40.747869738894174" lon="-74.01455921346219"><time>2026-06-05T15:40:19Z</time></trkpt><trkpt lat="40.74789013699712" lon="-74.01455828347142"><time>2026-06-05T15:40:20Z</time></trkpt><trkpt lat="40.7479251360936" lon="-74.01454900539879"><time>2026-06-05T15:40:21Z</time></trkpt><trkpt lat="40.74797559560413" lon="-74.01454423090482"><time>2026-06-05T15:40:23Z</time></trkpt><trkpt lat="40.74800218319217" lon="-74.0145349129003"><time>2026-06-05T15:40:24Z</time></trkpt><trkpt lat="40.74802662092091" lon="-74.01452667927627"><time>2026-06-05T15:40:25Z</time></trkpt><trkpt lat="40.748052558964474" lon="-74.01452290313135"><time>2026-06-05T15:40:26Z</time></trkpt><trkpt lat="40.74808237410833" lon="-74.01452372905715"><time>2026-06-05T15:40:27Z</time></trkpt><trkpt lat="40.74811173944529" lon="-74.01452560481646"><time>2026-06-05T15:40:28Z</time></trkpt><trkpt lat="40.748138446265266" lon="-74.01452587377285"><time>2026-06-05T15:40:29Z</time></trkpt><trkpt lat="40.748161477961695" lon="-74.01452415238987"><time>2026-06-05T15:40:30Z</time></trkpt><trkpt lat="40.74818660365216" lon="-74.01452091533254"><time>2026-06-05T15:40:31Z</time></trkpt><trkpt lat="40.748214445798936" lon="-74.01451844390701"><time>2026-06-05T15:40:32Z</time></trkpt><trkpt lat="40.748241642362096" lon="-74.01451958152633"><time>2026-06-05T15:40:33Z</time></trkpt><trkpt lat="40.74827089177865" lon="-74.01451780739856"><time>2026-06-05T15:40:34Z</time></trkpt><trkpt lat="40.748298086483935" lon="-74.01451221109856"><time>2026-06-05T15:40:35Z</time></trkpt><trkpt lat="40.74832354569404" lon="-74.01450299693944"><time>2026-06-05T15:40:36Z</time></trkpt><trkpt lat="40.74834916679631" lon="-74.0144976842735"><time>2026-06-05T15:40:37Z</time></trkpt><trkpt lat="40.74837255613017" lon="-74.01449879404493"><time>2026-06-05T15:40:38Z</time></trkpt><trkpt lat="40.74839935923344" lon="-74.01450078896525"><time>2026-06-05T15:40:39Z</time></trkpt><trkpt lat="40.748424841968244" lon="-74.01450634173219"><time>2026-06-05T15:40:40Z</time></trkpt><trkpt lat="40.7484518132083" lon="-74.01450959563364"><time>2026-06-05T15:40:41Z</time></trkpt><trkpt lat="40.74848034950581" lon="-74.01451371180747"><time>2026-06-05T15:40:42Z</time></trkpt><trkpt lat="40.74850593749528" lon="-74.01451364461353"><time>2026-06-05T15:40:43Z</time></trkpt><trkpt lat="40.74853428354151" lon="-74.0145084815637"><time>2026-06-05T15:40:44Z</time></trkpt><trkpt lat="40.74855844975349" lon="-74.01449926623545"><time>2026-06-05T15:40:45Z</time></trkpt><trkpt lat="40.7485830578347" lon="-74.01449430834042"><time>2026-06-05T15:40:46Z</time></trkpt><trkpt lat="40.74861114716525" lon="-74.01448722686085"><time>2026-06-05T15:40:47Z</time></trkpt><trkpt lat="40.74863811607606" lon="-74.01448340236172"><time>2026-06-05T15:40:48Z</time></trkpt><trkpt lat="40.74866478803298" lon="-74.01447728941186"><time>2026-06-05T15:40:49Z</time></trkpt><trkpt lat="40.74869299275241" lon="-74.01447088184436"><time>2026-06-05T15:40:50Z</time></trkpt><trkpt lat="40.74872029165647" lon="-74.01446372908038"><time>2026-06-05T15:40:51Z</time></trkpt><trkpt lat="40.748749046344585" lon="-74.01446157279224"><time>2026-06-05T15:40:52Z</time></trkpt><trkpt lat="40.748774712268364" lon="-74.01447645321522"><time>2026-06-05T15:40:53Z</time></trkpt><trkpt lat="40.748798906347844" lon="-74.01447820832632"><time>2026-06-05T15:40:54Z</time></trkpt><trkpt lat="40.7488241891253" lon="-74.01448953013298"><time>2026-06-05T15:40:55Z</time></trkpt><trkpt lat="40.74885031059301" lon="-74.01450273364884"><time>2026-06-05T15:40:56Z</time></trkpt><trkpt lat="40.748880878836935" lon="-74.01451311786298"><time>2026-06-05T15:40:57Z</time></trkpt><trkpt lat="40.74890961832402" lon="-74.01451908846462"><time>2026-06-05T15:40:58Z</time></trkpt><trkpt lat="40.7489220945048" lon="-74.01455687132314"><time>2026-06-05T15:40:59Z</time></trkpt><trkpt lat="40.74895178808613" lon="-74.01455736444754"><time>2026-06-05T15:41:00Z</time></trkpt><trkpt lat="40.74897691630283" lon="-74.01457224471798"><time>2026-06-05T15:41:01Z</time></trkpt><trkpt lat="40.74900162167547" lon="-74.01458479291789"><time>2026-06-05T15:41:02Z</time></trkpt><trkpt lat="40.749029633707444" lon="-74.01458582720926"><time>2026-06-05T15:41:03Z</time></trkpt><trkpt lat="40.7490571515012" lon="-74.01458395274746"><time>2026-06-05T15:41:04Z</time></trkpt><trkpt lat="40.749083546441284" lon="-74.01458058435172"><time>2026-06-05T15:41:05Z</time></trkpt><trkpt lat="40.74911038415644" lon="-74.01457599733699"><time>2026-06-05T15:41:06Z</time></trkpt><trkpt lat="40.74913914649635" lon="-74.01456730162731"><time>2026-06-05T15:41:07Z</time></trkpt><trkpt lat="40.74916714103682" lon="-74.01455697648754"><time>2026-06-05T15:41:08Z</time></trkpt><trkpt lat="40.749194990857646" lon="-74.01454783995406"><time>2026-06-05T15:41:09Z</time></trkpt><trkpt lat="40.74921895223347" lon="-74.0145337214346"><time>2026-06-05T15:41:10Z</time></trkpt><trkpt lat="40.74924078998553" lon="-74.01452042534548"><time>2026-06-05T15:41:11Z</time></trkpt><trkpt lat="40.74926246375217" lon="-74.01450505380542"><time>2026-06-05T15:41:12Z</time></trkpt><trkpt lat="40.74928741062507" lon="-74.01448841227499"><time>2026-06-05T15:41:13Z</time></trkpt><trkpt lat="40.74931025173135" lon="-74.01446920124467"><time>2026-06-05T15:41:14Z</time></trkpt><trkpt lat="40.74933447035048" lon="-74.01445216512077"><time>2026-06-05T15:41:15Z</time></trkpt><trkpt lat="40.749351189474204" lon="-74.01443087360502"><time>2026-06-05T15:41:16Z</time></trkpt><trkpt lat="40.749375048023055" lon="-74.01441520424854"><time>2026-06-05T15:41:17Z</time></trkpt><trkpt lat="40.74939565450355" lon="-74.01439748880182"><time>2026-06-05T15:41:18Z</time></trkpt><trkpt lat="40.749414564157824" lon="-74.01437302344414"><time>2026-06-05T15:41:19Z</time></trkpt><trkpt lat="40.74943474027068" lon="-74.0143511142694"><time>2026-06-05T15:41:20Z</time></trkpt><trkpt lat="40.749457764587206" lon="-74.01433179340759"><time>2026-06-05T15:41:21Z</time></trkpt><trkpt lat="40.74947646734396" lon="-74.01430924446788"><time>2026-06-05T15:41:22Z</time></trkpt><trkpt lat="40.749493136783066" lon="-74.0142888771983"><time>2026-06-05T15:41:23Z</time></trkpt><trkpt lat="40.749509176469026" lon="-74.0142675205188"><time>2026-06-05T15:41:24Z</time></trkpt><trkpt lat="40.74952769392794" lon="-74.0142468996425"><time>2026-06-05T15:41:25Z</time></trkpt><trkpt lat="40.74954241599481" lon="-74.01422798185676"><time>2026-06-05T15:41:26Z</time></trkpt><trkpt lat="40.74955706919719" lon="-74.01420693251119"><time>2026-06-05T15:41:27Z</time></trkpt><trkpt lat="40.749569034630085" lon="-74.01418784136641"><time>2026-06-05T15:41:28Z</time></trkpt><trkpt lat="40.74958495636378" lon="-74.01417162957668"><time>2026-06-05T15:41:29Z</time></trkpt><trkpt lat="40.74960256154754" lon="-74.01415721571895"><time>2026-06-05T15:41:30Z</time></trkpt><trkpt lat="40.74961926575879" lon="-74.01414199630688"><time>2026-06-05T15:41:31Z</time></trkpt><trkpt lat="40.74963571918952" lon="-74.0141246874931"><time>2026-06-05T15:41:32Z</time></trkpt><trkpt lat="40.74965898508796" lon="-74.01409788259987"><time>2026-06-05T15:41:34Z</time></trkpt><trkpt lat="40.749673655435465" lon="-74.01408280494418"><time>2026-06-05T15:41:35Z</time></trkpt><trkpt lat="40.74969319978595" lon="-74.01405260107616"><time>2026-06-05T15:41:37Z</time></trkpt><trkpt lat="40.74971382739387" lon="-74.01402109789257"><time>2026-06-05T15:41:39Z</time></trkpt><trkpt lat="40.74973463872174" lon="-74.01399455920512"><time>2026-06-05T15:41:41Z</time></trkpt><trkpt lat="40.749759983453686" lon="-74.01397186443816"><time>2026-06-05T15:41:43Z</time></trkpt><trkpt lat="40.74978188506111" lon="-74.0139456484732"><time>2026-06-05T15:41:45Z</time></trkpt><trkpt lat="40.74980155545288" lon="-74.01391782597585"><time>2026-06-05T15:41:47Z</time></trkpt><trkpt lat="40.74982012161982" lon="-74.01389173735457"><time>2026-06-05T15:41:49Z</time></trkpt><trkpt lat="40.74984060052398" lon="-74.01386533772379"><time>2026-06-05T15:41:51Z</time></trkpt><trkpt lat="40.749859161264474" lon="-74.01383982936507"><time>2026-06-05T15:41:53Z</time></trkpt><trkpt lat="40.74987892166637" lon="-74.01381754072953"><time>2026-06-05T15:41:55Z</time></trkpt><trkpt lat="40.74989946426694" lon="-74.01379646584103"><time>2026-06-05T15:41:57Z</time></trkpt><trkpt lat="40.74991918757566" lon="-74.01377397484663"><time>2026-06-05T15:41:59Z</time></trkpt><trkpt lat="40.749936393984974" lon="-74.01375418617124"><time>2026-06-05T15:42:01Z</time></trkpt><trkpt lat="40.74995520705641" lon="-74.0137331290219"><time>2026-06-05T15:42:03Z</time></trkpt><trkpt lat="40.74997132819501" lon="-74.01371006900554"><time>2026-06-05T15:42:05Z</time></trkpt><trkpt lat="40.74998772071084" lon="-74.0136894670732"><time>2026-06-05T15:42:07Z</time></trkpt><trkpt lat="40.75000529536739" lon="-74.01367091120304"><time>2026-06-05T15:42:09Z</time></trkpt><trkpt lat="40.75002295512401" lon="-74.0136500393783"><time>2026-06-05T15:42:11Z</time></trkpt><trkpt lat="40.750039067874624" lon="-74.01363031455473"><time>2026-06-05T15:42:13Z</time></trkpt><trkpt lat="40.75005494901763" lon="-74.01361311204367"><time>2026-06-05T15:42:15Z</time></trkpt><trkpt lat="40.750071045345976" lon="-74.01359515736924"><time>2026-06-05T15:42:17Z</time></trkpt><trkpt lat="40.75008680170603" lon="-74.01357010975883"><time>2026-06-05T15:42:19Z</time></trkpt><trkpt lat="40.750100248152314" lon="-74.01355355856676"><time>2026-06-05T15:42:21Z</time></trkpt><trkpt lat="40.7501178483162" lon="-74.01353704222738"><time>2026-06-05T15:42:23Z</time></trkpt><trkpt lat="40.75013784839746" lon="-74.0135195541235"><time>2026-06-05T15:42:25Z</time></trkpt><trkpt lat="40.75015294710111" lon="-74.0135060837423"><time>2026-06-05T15:42:27Z</time></trkpt><trkpt lat="40.75017096321238" lon="-74.01348931258993"><time>2026-06-05T15:42:29Z</time></trkpt><trkpt lat="40.75018557433381" lon="-74.0134740678578"><time>2026-06-05T15:42:31Z</time></trkpt><trkpt lat="40.75020084096127" lon="-74.0134603012689"><time>2026-06-05T15:42:33Z</time></trkpt><trkpt lat="40.750220743966594" lon="-74.01344452651836"><time>2026-06-05T15:42:35Z</time></trkpt><trkpt lat="40.750238889486646" lon="-74.01342993479606"><time>2026-06-05T15:42:37Z</time></trkpt><trkpt lat="40.75025464971699" lon="-74.0134152269703"><time>2026-06-05T15:42:39Z</time></trkpt><trkpt lat="40.75027465914484" lon="-74.01339690479504"><time>2026-06-05T15:42:41Z</time></trkpt><trkpt lat="40.75028852125401" lon="-74.0133804941884"><time>2026-06-05T15:42:43Z</time></trkpt><trkpt lat="40.7503057078047" lon="-74.01336635664613"><time>2026-06-05T15:42:45Z</time></trkpt><trkpt lat="40.75032295004739" lon="-74.01335153936071"><time>2026-06-05T15:42:47Z</time></trkpt><trkpt lat="40.75034048885081" lon="-74.01333873842546"><time>2026-06-05T15:42:49Z</time></trkpt><trkpt lat="40.7503571959854" lon="-74.01332490373075"><time>2026-06-05T15:42:51Z</time></trkpt><trkpt lat="40.750376008087905" lon="-74.01330921091593"><time>2026-06-05T15:42:53Z</time></trkpt><trkpt lat="40.75040161191126" lon="-74.01329330170603"><time>2026-06-05T15:42:56Z</time></trkpt><trkpt lat="40.750420091757476" lon="-74.01328308993487"><time>2026-06-05T15:42:58Z</time></trkpt><trkpt lat="40.75044675761763" lon="-74.0132711337455"><time>2026-06-05T15:43:01Z</time></trkpt><trkpt lat="40.75046414826053" lon="-74.01326181466167"><time>2026-06-05T15:43:03Z</time></trkpt><trkpt lat="40.75049014324984" lon="-74.01325024126129"><time>2026-06-05T15:43:06Z</time></trkpt><trkpt lat="40.75050824361999" lon="-74.0132448339492"><time>2026-06-05T15:43:08Z</time></trkpt><trkpt lat="40.75052752024361" lon="-74.01323858612534"><time>2026-06-05T15:43:10Z</time></trkpt><trkpt lat="40.750552433146716" lon="-74.01323051079261"><time>2026-06-05T15:43:13Z</time></trkpt><trkpt lat="40.75057797310214" lon="-74.01322563031442"><time>2026-06-05T15:43:16Z</time></trkpt><trkpt lat="40.75060298911568" lon="-74.0132211379636"><time>2026-06-05T15:43:19Z</time></trkpt><trkpt lat="40.75062685498436" lon="-74.01321664588066"><time>2026-06-05T15:43:22Z</time></trkpt><trkpt lat="40.75064645245602" lon="-74.01321470235638"><time>2026-06-05T15:43:25Z</time></trkpt><trkpt lat="40.7506649756547" lon="-74.01321235509805"><time>2026-06-05T15:43:28Z</time></trkpt><trkpt lat="40.750685560064575" lon="-74.01320785386287"><time>2026-06-05T15:43:31Z</time></trkpt><trkpt lat="40.75070638103657" lon="-74.0132070773562"><time>2026-06-05T15:43:35Z</time></trkpt><trkpt lat="40.750728383191564" lon="-74.01320697390456"><time>2026-06-05T15:43:38Z</time></trkpt><trkpt lat="40.750748601705254" lon="-74.01320672503324"><time>2026-06-05T15:43:41Z</time></trkpt><trkpt lat="40.75076933208046" lon="-74.01320578451424"><time>2026-06-05T15:43:44Z</time></trkpt><trkpt lat="40.75078767046086" lon="-74.01320774020253"><time>2026-06-05T15:43:47Z</time></trkpt><trkpt lat="40.75081025767006" lon="-74.01320597765557"><time>2026-06-05T15:43:50Z</time></trkpt><trkpt lat="40.75083524736784" lon="-74.0132138780622"><time>2026-06-05T15:43:54Z</time></trkpt><trkpt lat="40.750857223488715" lon="-74.01321506681802"><time>2026-06-05T15:43:57Z</time></trkpt><trkpt lat="40.75087610803674" lon="-74.01321715159273"><time>2026-06-05T15:44:00Z</time></trkpt><trkpt lat="40.750896034323254" lon="-74.01321993595185"><time>2026-06-05T15:44:03Z</time></trkpt><trkpt lat="40.75091624772422" lon="-74.0132220850653"><time>2026-06-05T15:44:06Z</time></trkpt><trkpt lat="40.75093980881504" lon="-74.01322278164069"><time>2026-06-05T15:44:09Z</time></trkpt><trkpt lat="40.75095812950686" lon="-74.01322675671237"><time>2026-06-05T15:44:12Z</time></trkpt><trkpt lat="40.75097886295746" lon="-74.01322614883387"><time>2026-06-05T15:44:15Z</time></trkpt><trkpt lat="40.751001515999796" lon="-74.0132262330375"><time>2026-06-05T15:44:18Z</time></trkpt><trkpt lat="40.75102383474735" lon="-74.01322621344097"><time>2026-06-05T15:44:21Z</time></trkpt><trkpt lat="40.751046655971685" lon="-74.01322631864475"><time>2026-06-05T15:44:24Z</time></trkpt><trkpt lat="40.75106893861932" lon="-74.01323043241695"><time>2026-06-05T15:44:27Z</time></trkpt><trkpt lat="40.75109268997401" lon="-74.01323053812497"><time>2026-06-05T15:44:30Z</time></trkpt><trkpt lat="40.7511153828766" lon="-74.01323243285559"><time>2026-06-05T15:44:33Z</time></trkpt><trkpt lat="40.75113733710182" lon="-74.01323347594499"><time>2026-06-05T15:44:36Z</time></trkpt><trkpt lat="40.7511594625315" lon="-74.01323492161237"><time>2026-06-05T15:44:39Z</time></trkpt><trkpt lat="40.751184786324046" lon="-74.01323935044577"><time>2026-06-05T15:44:42Z</time></trkpt><trkpt lat="40.751209017259704" lon="-74.01324362903691"><time>2026-06-05T15:44:45Z</time></trkpt><trkpt lat="40.75122702452843" lon="-74.01324522800515"><time>2026-06-05T15:44:47Z</time></trkpt><trkpt lat="40.75125059528541" lon="-74.01324733424427"><time>2026-06-05T15:44:50Z</time></trkpt><trkpt lat="40.75127443757515" lon="-74.01325507320752"><time>2026-06-05T15:44:53Z</time></trkpt><trkpt lat="40.75130001563857" lon="-74.01326031012732"><time>2026-06-05T15:44:56Z</time></trkpt><trkpt lat="40.75132504738796" lon="-74.01326761855088"><time>2026-06-05T15:44:59Z</time></trkpt><trkpt lat="40.75134888099835" lon="-74.01327305028373"><time>2026-06-05T15:45:02Z</time></trkpt><trkpt lat="40.751373959536984" lon="-74.01328048769052"><time>2026-06-05T15:45:05Z</time></trkpt><trkpt lat="40.751396418267156" lon="-74.01329048604273"><time>2026-06-05T15:45:08Z</time></trkpt><trkpt lat="40.75141838741655" lon="-74.01329688033655"><time>2026-06-05T15:45:11Z</time></trkpt><trkpt lat="40.75143965641586" lon="-74.01330587689996"><time>2026-06-05T15:45:14Z</time></trkpt><trkpt lat="40.75145999964759" lon="-74.01331894735937"><time>2026-06-05T15:45:17Z</time></trkpt><trkpt lat="40.75147813504999" lon="-74.01332996750405"><time>2026-06-05T15:45:20Z</time></trkpt><trkpt lat="40.75149654603792" lon="-74.01333867791601"><time>2026-06-05T15:45:23Z</time></trkpt><trkpt lat="40.751517272329295" lon="-74.01335354284217"><time>2026-06-05T15:45:27Z</time></trkpt><trkpt lat="40.751534846179574" lon="-74.0133652996296"><time>2026-06-05T15:45:31Z</time></trkpt><trkpt lat="40.75155622755245" lon="-74.01337098082855"><time>2026-06-05T15:45:35Z</time></trkpt><trkpt lat="40.75157564427694" lon="-74.01338538809497"><time>2026-06-05T15:45:39Z</time></trkpt><trkpt lat="40.751605950956474" lon="-74.01340341878849"><time>2026-06-05T15:45:42Z</time></trkpt><trkpt lat="40.75162210599437" lon="-74.01341843460536"><time>2026-06-05T15:45:47Z</time></trkpt><trkpt lat="40.75163876015534" lon="-74.01344223099035"><time>2026-06-05T15:45:51Z</time></trkpt><trkpt lat="40.75165280157483" lon="-74.01346156589565"><time>2026-06-05T15:45:56Z</time></trkpt><trkpt lat="40.75166230717468" lon="-74.01349093867907"><time>2026-06-05T15:46:01Z</time></trkpt><trkpt lat="40.75167244530459" lon="-74.01351201753873"><time>2026-06-05T15:46:04Z</time></trkpt><trkpt lat="40.75169001017131" lon="-74.01353324909505"><time>2026-06-05T15:46:07Z</time></trkpt><trkpt lat="40.75169923442969" lon="-74.01355859988847"><time>2026-06-05T15:46:11Z</time></trkpt><trkpt lat="40.751714096816855" lon="-74.01357393448913"><time>2026-06-05T15:46:14Z</time></trkpt><trkpt lat="40.75173321143861" lon="-74.01358346265795"><time>2026-06-05T15:46:17Z</time></trkpt><trkpt lat="40.75174780056995" lon="-74.01359898603911"><time>2026-06-05T15:46:20Z</time></trkpt><trkpt lat="40.75175730810907" lon="-74.01362396179616"><time>2026-06-05T15:46:23Z</time></trkpt><trkpt lat="40.75176356309862" lon="-74.01365005403906"><time>2026-06-05T15:46:27Z</time></trkpt><trkpt lat="40.751766374694725" lon="-74.01367672851106"><time>2026-06-05T15:46:31Z</time></trkpt><trkpt lat="40.75176370404243" lon="-74.01370344372663"><time>2026-06-05T15:46:35Z</time></trkpt><trkpt lat="40.751760142332316" lon="-74.01372729244277"><time>2026-06-05T15:46:38Z</time></trkpt><trkpt lat="40.75175133007544" lon="-74.01374900088908"><time>2026-06-05T15:46:42Z</time></trkpt><trkpt lat="40.75173643618178" lon="-74.01376970897539"><time>2026-06-05T15:46:46Z</time></trkpt><trkpt lat="40.75172024804488" lon="-74.01378717009459"><time>2026-06-05T15:46:50Z</time></trkpt><trkpt lat="40.75170069530627" lon="-74.01379430619706"><time>2026-06-05T15:46:54Z</time></trkpt><trkpt lat="40.751678936113564" lon="-74.0138036886034"><time>2026-06-05T15:46:59Z</time></trkpt><trkpt lat="40.751658811487275" lon="-74.01380091233854"><time>2026-06-05T15:47:02Z</time></trkpt><trkpt lat="40.75164012420652" lon="-74.01380476037407"><time>2026-06-05T15:47:06Z</time></trkpt><trkpt lat="40.75161867124217" lon="-74.01380109588689"><time>2026-06-05T15:47:10Z</time></trkpt><trkpt lat="40.75160116818947" lon="-74.01379081326041"><time>2026-06-05T15:47:13Z</time></trkpt><trkpt lat="40.75158525739696" lon="-74.01377209366011"><time>2026-06-05T15:47:17Z</time></trkpt><trkpt lat="40.75157313361479" lon="-74.01374784173011"><time>2026-06-05T15:47:21Z</time></trkpt><trkpt lat="40.75155641797404" lon="-74.01371647906558"><time>2026-06-05T15:47:27Z</time></trkpt><trkpt lat="40.75155120381624" lon="-74.01368606580826"><time>2026-06-05T15:47:31Z</time></trkpt><trkpt lat="40.75154709549478" lon="-74.01365964611185"><time>2026-06-05T15:47:34Z</time></trkpt><trkpt lat="40.75154715002763" lon="-74.01363295443777"><time>2026-06-05T15:47:37Z</time></trkpt><trkpt lat="40.751547944676936" lon="-74.0136074495344"><time>2026-06-05T15:47:40Z</time></trkpt><trkpt lat="40.75154960574657" lon="-74.01358063893062"><time>2026-06-05T15:47:43Z</time></trkpt><trkpt lat="40.75155199493964" lon="-74.01354910667482"><time>2026-06-05T15:47:46Z</time></trkpt><trkpt lat="40.75156260895572" lon="-74.01351863370829"><time>2026-06-05T15:47:48Z</time></trkpt><trkpt lat="40.751575875385115" lon="-74.01349393612284"><time>2026-06-05T15:47:52Z</time></trkpt><trkpt lat="40.75157810264092" lon="-74.01346329067891"><time>2026-06-05T15:47:55Z</time></trkpt><trkpt lat="40.751592302820384" lon="-74.01344072669109"><time>2026-06-05T15:47:58Z</time></trkpt><trkpt lat="40.75160882085454" lon="-74.01342593240237"><time>2026-06-05T15:48:00Z</time></trkpt><trkpt lat="40.75161660743732" lon="-74.01339897784652"><time>2026-06-05T15:48:04Z</time></trkpt><trkpt lat="40.75162750383105" lon="-74.01337185809035"><time>2026-06-05T15:48:07Z</time></trkpt><trkpt lat="40.75163657114445" lon="-74.01334623241182"><time>2026-06-05T15:48:10Z</time></trkpt><trkpt lat="40.751647040256096" lon="-74.013321547477"><time>2026-06-05T15:48:13Z</time></trkpt><trkpt lat="40.751661769784434" lon="-74.01329599839775"><time>2026-06-05T15:48:16Z</time></trkpt><trkpt lat="40.75167591062248" lon="-74.01327342780401"><time>2026-06-05T15:48:19Z</time></trkpt><trkpt lat="40.75169718604515" lon="-74.01325566738323"><time>2026-06-05T15:48:22Z</time></trkpt><trkpt lat="40.75171283276195" lon="-74.0132340670011"><time>2026-06-05T15:48:25Z</time></trkpt><trkpt lat="40.75172528762469" lon="-74.01320563690007"><time>2026-06-05T15:48:28Z</time></trkpt><trkpt lat="40.75173665910083" lon="-74.01317571975471"><time>2026-06-05T15:48:31Z</time></trkpt><trkpt lat="40.75174691568021" lon="-74.01315190091103"><time>2026-06-05T15:48:34Z</time></trkpt><trkpt lat="40.751753102311305" lon="-74.01312431120525"><time>2026-06-05T15:48:37Z</time></trkpt><trkpt lat="40.75175902141193" lon="-74.01309429710834"><time>2026-06-05T15:48:40Z</time></trkpt><trkpt lat="40.75176463099478" lon="-74.01306418552535"><time>2026-06-05T15:48:43Z</time></trkpt><trkpt lat="40.75176961665209" lon="-74.01303018596545"><time>2026-06-05T15:48:46Z</time></trkpt><trkpt lat="40.75177497462302" lon="-74.01299569004134"><time>2026-06-05T15:48:49Z</time></trkpt><trkpt lat="40.751778725133086" lon="-74.01296874762758"><time>2026-06-05T15:48:51Z</time></trkpt><trkpt lat="40.75178133524115" lon="-74.01294308619691"><time>2026-06-05T15:48:53Z</time></trkpt><trkpt lat="40.75178316764472" lon="-74.01291432046227"><time>2026-06-05T15:48:55Z</time></trkpt><trkpt lat="40.75178549602055" lon="-74.01288574527457"><time>2026-06-05T15:48:57Z</time></trkpt><trkpt lat="40.75178761082735" lon="-74.01285102176634"><time>2026-06-05T15:48:59Z</time></trkpt><trkpt lat="40.751787897407056" lon="-74.0128185756151"><time>2026-06-05T15:49:01Z</time></trkpt><trkpt lat="40.75178654839334" lon="-74.01278506895358"><time>2026-06-05T15:49:03Z</time></trkpt><trkpt lat="40.75178861649982" lon="-74.01275497826818"><time>2026-06-05T15:49:05Z</time></trkpt><trkpt lat="40.75178631305162" lon="-74.01272014468803"><time>2026-06-05T15:49:07Z</time></trkpt><trkpt lat="40.75179088869281" lon="-74.01268390313953"><time>2026-06-05T15:49:09Z</time></trkpt><trkpt lat="40.75179609402871" lon="-74.01264693158079"><time>2026-06-05T15:49:11Z</time></trkpt><trkpt lat="40.75180707423061" lon="-74.01260567610603"><time>2026-06-05T15:49:13Z</time></trkpt><trkpt lat="40.75181209956003" lon="-74.0125691650133"><time>2026-06-05T15:49:15Z</time></trkpt><trkpt lat="40.751822724206946" lon="-74.0125301865487"><time>2026-06-05T15:49:17Z</time></trkpt><trkpt lat="40.7518320070414" lon="-74.01248964819736"><time>2026-06-05T15:49:19Z</time></trkpt><trkpt lat="40.75184213507698" lon="-74.012450525825"><time>2026-06-05T15:49:21Z</time></trkpt><trkpt lat="40.751849512013614" lon="-74.01240781677632"><time>2026-06-05T15:49:23Z</time></trkpt><trkpt lat="40.75185760122336" lon="-74.0123675545332"><time>2026-06-05T15:49:25Z</time></trkpt><trkpt lat="40.75186225980197" lon="-74.0123263515341"><time>2026-06-05T15:49:27Z</time></trkpt><trkpt lat="40.75187202482982" lon="-74.01228402498988"><time>2026-06-05T15:49:29Z</time></trkpt><trkpt lat="40.751876023546224" lon="-74.0122396405659"><time>2026-06-05T15:49:31Z</time></trkpt><trkpt lat="40.75188001035632" lon="-74.01221604546123"><time>2026-06-05T15:49:32Z</time></trkpt><trkpt lat="40.75188511777384" lon="-74.0121739224846"><time>2026-06-05T15:49:34Z</time></trkpt><trkpt lat="40.75188691150454" lon="-74.01212962881645"><time>2026-06-05T15:49:36Z</time></trkpt><trkpt lat="40.75188950255069" lon="-74.01208805928908"><time>2026-06-05T15:49:38Z</time></trkpt><trkpt lat="40.75188978483193" lon="-74.01204489720057"><time>2026-06-05T15:49:40Z</time></trkpt><trkpt lat="40.75189286213814" lon="-74.01199778109175"><time>2026-06-05T15:49:42Z</time></trkpt><trkpt lat="40.75189457963602" lon="-74.01195736812467"><time>2026-06-05T15:49:44Z</time></trkpt><trkpt lat="40.75190267547118" lon="-74.0119086893446"><time>2026-06-05T15:49:46Z</time></trkpt><trkpt lat="40.751903254318485" lon="-74.01188450408695"><time>2026-06-05T15:49:47Z</time></trkpt><trkpt lat="40.75190588374471" lon="-74.0118586556727"><time>2026-06-05T15:49:48Z</time></trkpt><trkpt lat="40.751904356442864" lon="-74.01183220035938"><time>2026-06-05T15:49:49Z</time></trkpt><trkpt lat="40.75191568201417" lon="-74.01179035066933"><time>2026-06-05T15:49:51Z</time></trkpt><trkpt lat="40.75192367840205" lon="-74.01175971086285"><time>2026-06-05T15:49:53Z</time></trkpt><trkpt lat="40.75192864712048" lon="-74.01171476912162"><time>2026-06-05T15:49:55Z</time></trkpt><trkpt lat="40.75194546384199" lon="-74.01168167161899"><time>2026-06-05T15:49:57Z</time></trkpt><trkpt lat="40.75195552175139" lon="-74.01164095963887"><time>2026-06-05T15:49:59Z</time></trkpt><trkpt lat="40.75196098760143" lon="-74.01160964347707"><time>2026-06-05T15:50:01Z</time></trkpt><trkpt lat="40.75195854484052" lon="-74.01157622376057"><time>2026-06-05T15:50:03Z</time></trkpt><trkpt lat="40.751951252006535" lon="-74.01154716313353"><time>2026-06-05T15:50:05Z</time></trkpt><trkpt lat="40.75194447016453" lon="-74.01152420396456"><time>2026-06-05T15:50:07Z</time></trkpt><trkpt lat="40.75192926452729" lon="-74.01150093473203"><time>2026-06-05T15:50:10Z</time></trkpt><trkpt lat="40.751909596866504" lon="-74.0114858558033"><time>2026-06-05T15:50:13Z</time></trkpt><trkpt lat="40.75188161484406" lon="-74.01149420539917"><time>2026-06-05T15:50:16Z</time></trkpt><trkpt lat="40.751861295567984" lon="-74.01149906264502"><time>2026-06-05T15:50:22Z</time></trkpt><trkpt lat="40.75184679571799" lon="-74.01151520100551"><time>2026-06-05T15:50:25Z</time></trkpt><trkpt lat="40.75182907548557" lon="-74.01153426833362"><time>2026-06-05T15:50:28Z</time></trkpt><trkpt lat="40.75181035708304" lon="-74.01155127168873"><time>2026-06-05T15:50:31Z</time></trkpt><trkpt lat="40.75179533436935" lon="-74.01156826955255"><time>2026-06-05T15:50:33Z</time></trkpt><trkpt lat="40.75178222624496" lon="-74.01160148306506"><time>2026-06-05T15:50:36Z</time></trkpt><trkpt lat="40.751772136144986" lon="-74.01162851780444"><time>2026-06-05T15:50:38Z</time></trkpt><trkpt lat="40.751766376300715" lon="-74.01165366026922"><time>2026-06-05T15:50:41Z</time></trkpt><trkpt lat="40.751745786877095" lon="-74.01168383149952"><time>2026-06-05T15:50:43Z</time></trkpt><trkpt lat="40.75172097849635" lon="-74.01170872512452"><time>2026-06-05T15:50:46Z</time></trkpt><trkpt lat="40.751706148314526" lon="-74.0117287319947"><time>2026-06-05T15:50:48Z</time></trkpt><trkpt lat="40.75168747841951" lon="-74.01174203547566"><time>2026-06-05T15:50:50Z</time></trkpt><trkpt lat="40.75166877084758" lon="-74.01176027253214"><time>2026-06-05T15:50:52Z</time></trkpt><trkpt lat="40.75164725056917" lon="-74.01177482952959"><time>2026-06-05T15:50:54Z</time></trkpt><trkpt lat="40.7516294933319" lon="-74.01179471876641"><time>2026-06-05T15:50:56Z</time></trkpt><trkpt lat="40.751615170246765" lon="-74.01181291589016"><time>2026-06-05T15:50:58Z</time></trkpt><trkpt lat="40.751594925388325" lon="-74.01183920150447"><time>2026-06-05T15:51:01Z</time></trkpt><trkpt lat="40.75157467578491" lon="-74.01185133785727"><time>2026-06-05T15:51:03Z</time></trkpt><trkpt lat="40.75155302172555" lon="-74.01186721388417"><time>2026-06-05T15:51:06Z</time></trkpt><trkpt lat="40.751534141819214" lon="-74.01188605898483"><time>2026-06-05T15:51:09Z</time></trkpt><trkpt lat="40.75151927632618" lon="-74.01189964047117"><time>2026-06-05T15:51:11Z</time></trkpt><trkpt lat="40.75150504630233" lon="-74.0119142350031"><time>2026-06-05T15:51:14Z</time></trkpt><trkpt lat="40.75148537687161" lon="-74.01192627167207"><time>2026-06-05T15:51:17Z</time></trkpt><trkpt lat="40.751460202670614" lon="-74.01193625579504"><time>2026-06-05T15:51:21Z</time></trkpt><trkpt lat="40.75144157862615" lon="-74.01194789724849"><time>2026-06-05T15:51:24Z</time></trkpt><trkpt lat="40.75142021704364" lon="-74.01195944842337"><time>2026-06-05T15:51:27Z</time></trkpt><trkpt lat="40.75139747963328" lon="-74.01196816670732"><time>2026-06-05T15:51:31Z</time></trkpt><trkpt lat="40.75137498965288" lon="-74.01197892617228"><time>2026-06-05T15:51:33Z</time></trkpt><trkpt lat="40.75135668150161" lon="-74.01199327877941"><time>2026-06-05T15:51:36Z</time></trkpt><trkpt lat="40.751336105059465" lon="-74.01200980396052"><time>2026-06-05T15:51:40Z</time></trkpt><trkpt lat="40.75131085086992" lon="-74.01202567251913"><time>2026-06-05T15:51:46Z</time></trkpt><trkpt lat="40.751288370704096" lon="-74.01205049851686"><time>2026-06-05T15:51:49Z</time></trkpt><trkpt lat="40.75127681721727" lon="-74.01206929779939"><time>2026-06-05T15:51:53Z</time></trkpt><trkpt lat="40.751262275857236" lon="-74.01208645730912"><time>2026-06-05T15:51:57Z</time></trkpt><trkpt lat="40.751261196890425" lon="-74.0121123536025"><time>2026-06-05T15:52:01Z</time></trkpt><trkpt lat="40.751252249356256" lon="-74.01213308010765"><time>2026-06-05T15:52:04Z</time></trkpt><trkpt lat="40.75124234917105" lon="-74.01215941119327"><time>2026-06-05T15:52:08Z</time></trkpt><trkpt lat="40.751228861393834" lon="-74.01218348802112"><time>2026-06-05T15:52:12Z</time></trkpt><trkpt lat="40.751212653867015" lon="-74.01220118149413"><time>2026-06-05T15:52:16Z</time></trkpt><trkpt lat="40.75119696880427" lon="-74.01222293683409"><time>2026-06-05T15:52:20Z</time></trkpt><trkpt lat="40.75118108469256" lon="-74.01223935015736"><time>2026-06-05T15:52:24Z</time></trkpt><trkpt lat="40.75116045928871" lon="-74.01225189800304"><time>2026-06-05T15:52:28Z</time></trkpt><trkpt lat="40.75114015627452" lon="-74.01226103062453"><time>2026-06-05T15:52:32Z</time></trkpt><trkpt lat="40.751118275191" lon="-74.01226303160769"><time>2026-06-05T15:52:36Z</time></trkpt><trkpt lat="40.75109388154705" lon="-74.01226209291941"><time>2026-06-05T15:52:40Z</time></trkpt><trkpt lat="40.75107725531786" lon="-74.01227449129968"><time>2026-06-05T15:52:43Z</time></trkpt><trkpt lat="40.751051685654716" lon="-74.01227514866801"><time>2026-06-05T15:52:47Z</time></trkpt><trkpt lat="40.751034356169875" lon="-74.01226573890119"><time>2026-06-05T15:52:50Z</time></trkpt><trkpt lat="40.7510235222517" lon="-74.01224633297979"><time>2026-06-05T15:52:53Z</time></trkpt><trkpt lat="40.75100982584034" lon="-74.01221430512726"><time>2026-06-05T15:52:57Z</time></trkpt><trkpt lat="40.751010875055094" lon="-74.01218912936939"><time>2026-06-05T15:53:00Z</time></trkpt><trkpt lat="40.751015274268255" lon="-74.01216052074449"><time>2026-06-05T15:53:02Z</time></trkpt><trkpt lat="40.751027944585566" lon="-74.01213476201458"><time>2026-06-05T15:53:05Z</time></trkpt><trkpt lat="40.75104307046464" lon="-74.01211139613905"><time>2026-06-05T15:53:08Z</time></trkpt><trkpt lat="40.75105975401593" lon="-74.01208807117783"><time>2026-06-05T15:53:11Z</time></trkpt><trkpt lat="40.75108064762037" lon="-74.01206553369424"><time>2026-06-05T15:53:14Z</time></trkpt><trkpt lat="40.751101138602195" lon="-74.0120471674235"><time>2026-06-05T15:53:17Z</time></trkpt><trkpt lat="40.75112377336075" lon="-74.01202956783781"><time>2026-06-05T15:53:20Z</time></trkpt><trkpt lat="40.751145787964916" lon="-74.01201570562083"><time>2026-06-05T15:53:23Z</time></trkpt><trkpt lat="40.751172308756935" lon="-74.01200660175003"><time>2026-06-05T15:53:26Z</time></trkpt><trkpt lat="40.75119497099779" lon="-74.01199335694061"><time>2026-06-05T15:53:29Z</time></trkpt><trkpt lat="40.75121827840258" lon="-74.01197704763209"><time>2026-06-05T15:53:32Z</time></trkpt><trkpt lat="40.75123924231436" lon="-74.01196024872362"><time>2026-06-05T15:53:35Z</time></trkpt><trkpt lat="40.75125692588925" lon="-74.0119483739546"><time>2026-06-05T15:53:37Z</time></trkpt><trkpt lat="40.751277001657854" lon="-74.01192720553803"><time>2026-06-05T15:53:40Z</time></trkpt><trkpt lat="40.75129154460296" lon="-74.01191158560127"><time>2026-06-05T15:53:42Z</time></trkpt><trkpt lat="40.75130518605372" lon="-74.01189545825676"><time>2026-06-05T15:53:44Z</time></trkpt><trkpt lat="40.751326427251094" lon="-74.01187037664745"><time>2026-06-05T15:53:47Z</time></trkpt><trkpt lat="40.751346476945336" lon="-74.01184769035656"><time>2026-06-05T15:53:50Z</time></trkpt><trkpt lat="40.75136190023312" lon="-74.01183097261253"><time>2026-06-05T15:53:52Z</time></trkpt><trkpt lat="40.75137627857567" lon="-74.01181500268325"><time>2026-06-05T15:53:54Z</time></trkpt><trkpt lat="40.75139014104042" lon="-74.01179865240087"><time>2026-06-05T15:53:56Z</time></trkpt><trkpt lat="40.75140951680797" lon="-74.01178349036086"><time>2026-06-05T15:53:58Z</time></trkpt><trkpt lat="40.75142563320148" lon="-74.01176517872906"><time>2026-06-05T15:54:00Z</time></trkpt><trkpt lat="40.75144579282233" lon="-74.01174272293905"><time>2026-06-05T15:54:03Z</time></trkpt><trkpt lat="40.751460726133665" lon="-74.01172546851906"><time>2026-06-05T15:54:05Z</time></trkpt><trkpt lat="40.7514769191968" lon="-74.01170668525626"><time>2026-06-05T15:54:07Z</time></trkpt><trkpt lat="40.75149415268631" lon="-74.01168202379084"><time>2026-06-05T15:54:10Z</time></trkpt><trkpt lat="40.75150962756473" lon="-74.01166320364514"><time>2026-06-05T15:54:12Z</time></trkpt><trkpt lat="40.75152346033802" lon="-74.01164495461012"><time>2026-06-05T15:54:14Z</time></trkpt><trkpt lat="40.75154124350783" lon="-74.01161786581613"><time>2026-06-05T15:54:17Z</time></trkpt><trkpt lat="40.75155481800401" lon="-74.01159674875447"><time>2026-06-05T15:54:19Z</time></trkpt><trkpt lat="40.75157385398252" lon="-74.0115699680707"><time>2026-06-05T15:54:22Z</time></trkpt><trkpt lat="40.75158356579968" lon="-74.01154927669542"><time>2026-06-05T15:54:24Z</time></trkpt><trkpt lat="40.751595432496174" lon="-74.01152734790287"><time>2026-06-05T15:54:26Z</time></trkpt><trkpt lat="40.75161242813952" lon="-74.01149923729898"><time>2026-06-05T15:54:29Z</time></trkpt><trkpt lat="40.75161920926043" lon="-74.01147604384012"><time>2026-06-05T15:54:31Z</time></trkpt><trkpt lat="40.75163451111471" lon="-74.01145732774754"><time>2026-06-05T15:54:33Z</time></trkpt><trkpt lat="40.751651089911746" lon="-74.01144240354604"><time>2026-06-05T15:54:35Z</time></trkpt><trkpt lat="40.751660444500416" lon="-74.01142215315366"><time>2026-06-05T15:54:37Z</time></trkpt><trkpt lat="40.751670746713835" lon="-74.01139407279658"><time>2026-06-05T15:54:40Z</time></trkpt><trkpt lat="40.751683697011295" lon="-74.01137514690521"><time>2026-06-05T15:54:42Z</time></trkpt><trkpt lat="40.75169981618755" lon="-74.01135847283462"><time>2026-06-05T15:54:44Z</time></trkpt><trkpt lat="40.75172471504981" lon="-74.01132514862576"><time>2026-06-05T15:54:47Z</time></trkpt><trkpt lat="40.75174438889247" lon="-74.01130476479968"><time>2026-06-05T15:54:50Z</time></trkpt><trkpt lat="40.751761065373536" lon="-74.01128736788375"><time>2026-06-05T15:54:52Z</time></trkpt><trkpt lat="40.75177586735242" lon="-74.01127237398482"><time>2026-06-05T15:54:54Z</time></trkpt><trkpt lat="40.75179051453862" lon="-74.01125345245977"><time>2026-06-05T15:54:56Z</time></trkpt><trkpt lat="40.75180699017181" lon="-74.0112405446216"><time>2026-06-05T15:54:58Z</time></trkpt><trkpt lat="40.75182647710099" lon="-74.01121411943238"><time>2026-06-05T15:55:01Z</time></trkpt><trkpt lat="40.75184553813116" lon="-74.01119229032848"><time>2026-06-05T15:55:04Z</time></trkpt><trkpt lat="40.751861689619375" lon="-74.01117722164227"><time>2026-06-05T15:55:06Z</time></trkpt><trkpt lat="40.75187789315343" lon="-74.01116653844214"><time>2026-06-05T15:55:08Z</time></trkpt><trkpt lat="40.75189696659593" lon="-74.01115166098023"><time>2026-06-05T15:55:10Z</time></trkpt><trkpt lat="40.751914117315195" lon="-74.01114183145056"><time>2026-06-05T15:55:12Z</time></trkpt><trkpt lat="40.75192956695691" lon="-74.01112475233845"><time>2026-06-05T15:55:14Z</time></trkpt><trkpt lat="40.751950897554096" lon="-74.01111218956288"><time>2026-06-05T15:55:16Z</time></trkpt><trkpt lat="40.75197225856083" lon="-74.01109236740116"><time>2026-06-05T15:55:19Z</time></trkpt><trkpt lat="40.75199185080376" lon="-74.01107567152778"><time>2026-06-05T15:55:21Z</time></trkpt><trkpt lat="40.75200745581" lon="-74.01106292360487"><time>2026-06-05T15:55:23Z</time></trkpt><trkpt lat="40.75202249123693" lon="-74.01104421362984"><time>2026-06-05T15:55:25Z</time></trkpt><trkpt lat="40.7520415597603" lon="-74.01103097207093"><time>2026-06-05T15:55:27Z</time></trkpt><trkpt lat="40.752067620834" lon="-74.01100717235673"><time>2026-06-05T15:55:30Z</time></trkpt><trkpt lat="40.75208504390708" lon="-74.01099388638391"><time>2026-06-05T15:55:32Z</time></trkpt><trkpt lat="40.75209266773744" lon="-74.01096665920412"><time>2026-06-05T15:55:34Z</time></trkpt><trkpt lat="40.75212026387627" lon="-74.01097124807116"><time>2026-06-05T15:55:36Z</time></trkpt><trkpt lat="40.75214075629429" lon="-74.01095955345227"><time>2026-06-05T15:55:39Z</time></trkpt><trkpt lat="40.75215811772312" lon="-74.01096730130357"><time>2026-06-05T15:55:42Z</time></trkpt><trkpt lat="40.752182752392834" lon="-74.01096956852066"><time>2026-06-05T15:55:45Z</time></trkpt><trkpt lat="40.75220702707397" lon="-74.01096493481607"><time>2026-06-05T15:55:48Z</time></trkpt><trkpt lat="40.75222630340013" lon="-74.01096944271983"><time>2026-06-05T15:55:51Z</time></trkpt><trkpt lat="40.75224505402455" lon="-74.01096799781587"><time>2026-06-05T15:55:54Z</time></trkpt><trkpt lat="40.75226746134964" lon="-74.01095899428421"><time>2026-06-05T15:55:57Z</time></trkpt><trkpt lat="40.75228910886096" lon="-74.01095249020301"><time>2026-06-05T15:56:00Z</time></trkpt><trkpt lat="40.75230529170867" lon="-74.01093080965263"><time>2026-06-05T15:56:03Z</time></trkpt><trkpt lat="40.752329802002286" lon="-74.01092063835343"><time>2026-06-05T15:56:06Z</time></trkpt><trkpt lat="40.75235272589341" lon="-74.01090645716992"><time>2026-06-05T15:56:09Z</time></trkpt><trkpt lat="40.75237328893487" lon="-74.01089090194121"><time>2026-06-05T15:56:12Z</time></trkpt><trkpt lat="40.752393497882906" lon="-74.01087780068113"><time>2026-06-05T15:56:15Z</time></trkpt><trkpt lat="40.75241637242274" lon="-74.01086241733645"><time>2026-06-05T15:56:18Z</time></trkpt><trkpt lat="40.75243426312823" lon="-74.0108534701738"><time>2026-06-05T15:56:20Z</time></trkpt><trkpt lat="40.752454657843536" lon="-74.01084003667283"><time>2026-06-05T15:56:23Z</time></trkpt><trkpt lat="40.7524771567081" lon="-74.01082657527637"><time>2026-06-05T15:56:26Z</time></trkpt><trkpt lat="40.75250238222545" lon="-74.01081734094042"><time>2026-06-05T15:56:29Z</time></trkpt><trkpt lat="40.75253299801868" lon="-74.01081156280058"><time>2026-06-05T15:56:32Z</time></trkpt><trkpt lat="40.75255273637488" lon="-74.0108034911891"><time>2026-06-05T15:56:35Z</time></trkpt><trkpt lat="40.75257412159483" lon="-74.01080392938744"><time>2026-06-05T15:56:37Z</time></trkpt><trkpt lat="40.752597155269484" lon="-74.01079972948307"><time>2026-06-05T15:56:41Z</time></trkpt><trkpt lat="40.752609761113746" lon="-74.01078036630484"><time>2026-06-05T15:56:43Z</time></trkpt><trkpt lat="40.75261849489572" lon="-74.01075710955075"><time>2026-06-05T15:56:45Z</time></trkpt><trkpt lat="40.7526307078268" lon="-74.01073314202377"><time>2026-06-05T15:56:48Z</time></trkpt><trkpt lat="40.75264421438998" lon="-74.01071118734261"><time>2026-06-05T15:56:50Z</time></trkpt><trkpt lat="40.75266079832962" lon="-74.01068661818594"><time>2026-06-05T15:56:53Z</time></trkpt><trkpt lat="40.75267696268673" lon="-74.01067227541189"><time>2026-06-05T15:56:55Z</time></trkpt><trkpt lat="40.752698355853795" lon="-74.01065511375761"><time>2026-06-05T15:56:58Z</time></trkpt><trkpt lat="40.75271580172829" lon="-74.01064302494225"><time>2026-06-05T15:57:00Z</time></trkpt><trkpt lat="40.752741571801494" lon="-74.01062833216639"><time>2026-06-05T15:57:02Z</time></trkpt><trkpt lat="40.75277337198526" lon="-74.01061829911141"><time>2026-06-05T15:57:04Z</time></trkpt><trkpt lat="40.75279239370302" lon="-74.01061627738778"><time>2026-06-05T15:57:05Z</time></trkpt><trkpt lat="40.752810265020265" lon="-74.0106117794341"><time>2026-06-05T15:57:06Z</time></trkpt><trkpt lat="40.75283065871346" lon="-74.0106042246731"><time>2026-06-05T15:57:07Z</time></trkpt><trkpt lat="40.75285086210366" lon="-74.01059300406442"><time>2026-06-05T15:57:08Z</time></trkpt><trkpt lat="40.752870081914345" lon="-74.01058445619142"><time>2026-06-05T15:57:09Z</time></trkpt><trkpt lat="40.75289418409575" lon="-74.01057572227471"><time>2026-06-05T15:57:10Z</time></trkpt><trkpt lat="40.75291450105191" lon="-74.01056329660321"><time>2026-06-05T15:57:11Z</time></trkpt><trkpt lat="40.752937208738246" lon="-74.0105500404427"><time>2026-06-05T15:57:12Z</time></trkpt><trkpt lat="40.75295877760888" lon="-74.01053634356994"><time>2026-06-05T15:57:13Z</time></trkpt><trkpt lat="40.75298165967534" lon="-74.01052601872746"><time>2026-06-05T15:57:14Z</time></trkpt><trkpt lat="40.75300326679772" lon="-74.01050613096974"><time>2026-06-05T15:57:15Z</time></trkpt><trkpt lat="40.753028220472956" lon="-74.01048974163875"><time>2026-06-05T15:57:16Z</time></trkpt><trkpt lat="40.753051688860126" lon="-74.01047686189982"><time>2026-06-05T15:57:17Z</time></trkpt><trkpt lat="40.75307578670046" lon="-74.01046146966343"><time>2026-06-05T15:57:18Z</time></trkpt><trkpt lat="40.75309909093669" lon="-74.01044694457704"><time>2026-06-05T15:57:19Z</time></trkpt><trkpt lat="40.75311975333297" lon="-74.01043195971785"><time>2026-06-05T15:57:20Z</time></trkpt><trkpt lat="40.75314206614651" lon="-74.0104229917485"><time>2026-06-05T15:57:21Z</time></trkpt><trkpt lat="40.75316182874391" lon="-74.01040987584746"><time>2026-06-05T15:57:22Z</time></trkpt><trkpt lat="40.75318126783618" lon="-74.01039859660133"><time>2026-06-05T15:57:23Z</time></trkpt><trkpt lat="40.75320158151131" lon="-74.01038820814226"><time>2026-06-05T15:57:24Z</time></trkpt><trkpt lat="40.75322116275321" lon="-74.01037993339916"><time>2026-06-05T15:57:25Z</time></trkpt><trkpt lat="40.75323824924955" lon="-74.01036960340215"><time>2026-06-05T15:57:26Z</time></trkpt><trkpt lat="40.753253523314676" lon="-74.01035407339198"><time>2026-06-05T15:57:27Z</time></trkpt><trkpt lat="40.75326955707625" lon="-74.01034272256824"><time>2026-06-05T15:57:28Z</time></trkpt><trkpt lat="40.75329198484542" lon="-74.01031268923366"><time>2026-06-05T15:57:30Z</time></trkpt><trkpt lat="40.75331330617342" lon="-74.01027539749067"><time>2026-06-05T15:57:32Z</time></trkpt><trkpt lat="40.75332431980906" lon="-74.01023963445542"><time>2026-06-05T15:57:34Z</time></trkpt><trkpt lat="40.7533311791666" lon="-74.01020640867138"><time>2026-06-05T15:57:36Z</time></trkpt><trkpt lat="40.75333394176045" lon="-74.01016976312991"><time>2026-06-05T15:57:38Z</time></trkpt><trkpt lat="40.753332355031006" lon="-74.01013893812161"><time>2026-06-05T15:57:40Z</time></trkpt><trkpt lat="40.753328787729274" lon="-74.01010783220731"><time>2026-06-05T15:57:42Z</time></trkpt><trkpt lat="40.753331558565705" lon="-74.0100738389593"><time>2026-06-05T15:57:44Z</time></trkpt><trkpt lat="40.75333617639905" lon="-74.0100472601939"><time>2026-06-05T15:57:46Z</time></trkpt><trkpt lat="40.753342016742664" lon="-74.01001940422228"><time>2026-06-05T15:57:48Z</time></trkpt><trkpt lat="40.75335099379769" lon="-74.0099926880817"><time>2026-06-05T15:57:50Z</time></trkpt><trkpt lat="40.753357750952475" lon="-74.00996797276174"><time>2026-06-05T15:57:52Z</time></trkpt><trkpt lat="40.753364216685284" lon="-74.0099402560619"><time>2026-06-05T15:57:54Z</time></trkpt><trkpt lat="40.753367549765" lon="-74.00991333029162"><time>2026-06-05T15:57:56Z</time></trkpt><trkpt lat="40.75337194233961" lon="-74.00988034496586"><time>2026-06-05T15:57:58Z</time></trkpt><trkpt lat="40.75337647484225" lon="-74.00984721194337"><time>2026-06-05T15:58:00Z</time></trkpt><trkpt lat="40.753382853323636" lon="-74.0098179231895"><time>2026-06-05T15:58:02Z</time></trkpt><trkpt lat="40.753382806255324" lon="-74.00977303322611"><time>2026-06-05T15:58:04Z</time></trkpt><trkpt lat="40.75339201801283" lon="-74.00974362616806"><time>2026-06-05T15:58:06Z</time></trkpt><trkpt lat="40.7534006666878" lon="-74.00971015163869"><time>2026-06-05T15:58:08Z</time></trkpt><trkpt lat="40.753408718506556" lon="-74.00967707136643"><time>2026-06-05T15:58:10Z</time></trkpt><trkpt lat="40.75341661749819" lon="-74.00964230847586"><time>2026-06-05T15:58:12Z</time></trkpt><trkpt lat="40.753421510978185" lon="-74.00961000789223"><time>2026-06-05T15:58:14Z</time></trkpt><trkpt lat="40.753429837529424" lon="-74.00957861096948"><time>2026-06-05T15:58:16Z</time></trkpt><trkpt lat="40.753434330849764" lon="-74.0095479758915"><time>2026-06-05T15:58:18Z</time></trkpt><trkpt lat="40.753439778105175" lon="-74.0095206687946"><time>2026-06-05T15:58:20Z</time></trkpt><trkpt lat="40.75344529167907" lon="-74.0094915994587"><time>2026-06-05T15:58:22Z</time></trkpt><trkpt lat="40.753449981649005" lon="-74.00946523425728"><time>2026-06-05T15:58:24Z</time></trkpt><trkpt lat="40.75345589194825" lon="-74.009441153636"><time>2026-06-05T15:58:26Z</time></trkpt><trkpt lat="40.7534610261027" lon="-74.00940523013459"><time>2026-06-05T15:58:29Z</time></trkpt><trkpt lat="40.75346480650281" lon="-74.00937308304663"><time>2026-06-05T15:58:32Z</time></trkpt><trkpt lat="40.75346492030118" lon="-74.00934166432066"><time>2026-06-05T15:58:35Z</time></trkpt><trkpt lat="40.7534676935073" lon="-74.00931540658051"><time>2026-06-05T15:58:38Z</time></trkpt><trkpt lat="40.75346408083136" lon="-74.00928713184649"><time>2026-06-05T15:58:41Z</time></trkpt><trkpt lat="40.753460869909915" lon="-74.00926295778414"><time>2026-06-05T15:58:44Z</time></trkpt><trkpt lat="40.753449469832546" lon="-74.00924070036349"><time>2026-06-05T15:58:50Z</time></trkpt><trkpt lat="40.75343469425827" lon="-74.0092252857795"><time>2026-06-05T15:58:57Z</time></trkpt><trkpt lat="40.75341654020603" lon="-74.00921000624712"><time>2026-06-05T15:59:02Z</time></trkpt><trkpt lat="40.75339714978059" lon="-74.00919604243035"><time>2026-06-05T15:59:08Z</time></trkpt><trkpt lat="40.75337819414558" lon="-74.00919321454538"><time>2026-06-05T15:59:15Z</time></trkpt><trkpt lat="40.75336009362997" lon="-74.00920145746592"><time>2026-06-05T15:59:23Z</time></trkpt><trkpt lat="40.75334016942706" lon="-74.00920985730477"><time>2026-06-05T15:59:29Z</time></trkpt><trkpt lat="40.75332269235502" lon="-74.00921874136337"><time>2026-06-05T15:59:34Z</time></trkpt><trkpt lat="40.753311086018364" lon="-74.00923722482776"><time>2026-06-05T15:59:42Z</time></trkpt><trkpt lat="40.75331571983487" lon="-74.00921382050262"><time>2026-06-05T16:00:25Z</time></trkpt><trkpt lat="40.75331174151089" lon="-74.00920434759502"><time>2026-06-05T16:00:51Z</time></trkpt><trkpt lat="40.753292185878735" lon="-74.00920774318406"><time>2026-06-05T16:01:04Z</time></trkpt><trkpt lat="40.75329990025055" lon="-74.00918198220475"><time>2026-06-05T16:01:17Z</time></trkpt><trkpt lat="40.7533176759922" lon="-74.00918715251042"><time>2026-06-05T16:01:30Z</time></trkpt><trkpt lat="40.75332836418764" lon="-74.0092062414031"><time>2026-06-05T16:01:44Z</time></trkpt><trkpt lat="40.75331734304673" lon="-74.00918553492737"><time>2026-06-05T16:02:02Z</time></trkpt><trkpt lat="40.753336081600494" lon="-74.00919865385808"><time>2026-06-05T16:02:19Z</time></trkpt><trkpt lat="40.75332256673093" lon="-74.00921582820511"><time>2026-06-05T16:02:28Z</time></trkpt><trkpt lat="40.75332373830743" lon="-74.00919079953538"><time>2026-06-05T16:02:48Z</time></trkpt><trkpt lat="40.753300191326375" lon="-74.00918914783261"><time>2026-06-05T16:03:00Z</time></trkpt><trkpt lat="40.7532961135221" lon="-74.0092164233993"><time>2026-06-05T16:03:05Z</time></trkpt><trkpt lat="40.75330753600462" lon="-74.00919619476993"><time>2026-06-05T16:04:17Z</time></trkpt><trkpt lat="40.75330793987847" lon="-74.00916562203143"><time>2026-06-05T16:05:21Z</time></trkpt><trkpt lat="40.753334831052854" lon="-74.00915119598483"><time>2026-06-05T16:06:13Z</time></trkpt><trkpt lat="40.75336297120635" lon="-74.00913811917373"><time>2026-06-05T16:06:15Z</time></trkpt><trkpt lat="40.75339339919327" lon="-74.00912838138565"><time>2026-06-05T16:06:17Z</time></trkpt><trkpt lat="40.753421894496356" lon="-74.00912852399844"><time>2026-06-05T16:06:19Z</time></trkpt><trkpt lat="40.75344586865871" lon="-74.00914812282093"><time>2026-06-05T16:06:21Z</time></trkpt><trkpt lat="40.753458540840896" lon="-74.00917247639512"><time>2026-06-05T16:06:22Z</time></trkpt><trkpt lat="40.75344961020451" lon="-74.00921849900286"><time>2026-06-05T16:06:24Z</time></trkpt><trkpt lat="40.753430790897134" lon="-74.00924094349281"><time>2026-06-05T16:06:25Z</time></trkpt><trkpt lat="40.75340762358854" lon="-74.00925769481857"><time>2026-06-05T16:06:26Z</time></trkpt><trkpt lat="40.75338529357564" lon="-74.00926764090916"><time>2026-06-05T16:06:27Z</time></trkpt><trkpt lat="40.75336098295381" lon="-74.00927562104012"><time>2026-06-05T16:06:28Z</time></trkpt><trkpt lat="40.75333843574919" lon="-74.00928597999915"><time>2026-06-05T16:06:29Z</time></trkpt><trkpt lat="40.75331338555568" lon="-74.00929680249352"><time>2026-06-05T16:06:30Z</time></trkpt><trkpt lat="40.75329023900448" lon="-74.00930359208223"><time>2026-06-05T16:06:31Z</time></trkpt><trkpt lat="40.753267895355286" lon="-74.00930671121013"><time>2026-06-05T16:06:32Z</time></trkpt><trkpt lat="40.75324434750958" lon="-74.00930490243621"><time>2026-06-05T16:06:33Z</time></trkpt><trkpt lat="40.753220787190486" lon="-74.00929871826445"><time>2026-06-05T16:06:34Z</time></trkpt><trkpt lat="40.753197336180165" lon="-74.00928816630636"><time>2026-06-05T16:06:35Z</time></trkpt><trkpt lat="40.75316876724418" lon="-74.00928118175199"><time>2026-06-05T16:06:36Z</time></trkpt><trkpt lat="40.7531468039714" lon="-74.00925865533364"><time>2026-06-05T16:06:37Z</time></trkpt><trkpt lat="40.75312372862493" lon="-74.00923790707128"><time>2026-06-05T16:06:38Z</time></trkpt><trkpt lat="40.753102413856205" lon="-74.00921685034874"><time>2026-06-05T16:06:39Z</time></trkpt><trkpt lat="40.753078903430335" lon="-74.0091908268399"><time>2026-06-05T16:06:40Z</time></trkpt><trkpt lat="40.75305479344726" lon="-74.00916533127993"><time>2026-06-05T16:06:41Z</time></trkpt><trkpt lat="40.75303240547576" lon="-74.00914228276312"><time>2026-06-05T16:06:42Z</time></trkpt><trkpt lat="40.75301087948325" lon="-74.00912038531081"><time>2026-06-05T16:06:43Z</time></trkpt><trkpt lat="40.752989787676825" lon="-74.00910025535407"><time>2026-06-05T16:06:44Z</time></trkpt><trkpt lat="40.75296761130093" lon="-74.00908060920828"><time>2026-06-05T16:06:45Z</time></trkpt><trkpt lat="40.752943221590535" lon="-74.009063079499"><time>2026-06-05T16:06:46Z</time></trkpt><trkpt lat="40.75291701272629" lon="-74.00904920619485"><time>2026-06-05T16:06:47Z</time></trkpt><trkpt lat="40.75288820082428" lon="-74.0090412914073"><time>2026-06-05T16:06:48Z</time></trkpt><trkpt lat="40.752860983534404" lon="-74.00903474206632"><time>2026-06-05T16:06:49Z</time></trkpt><trkpt lat="40.75283424292057" lon="-74.00903017527494"><time>2026-06-05T16:06:50Z</time></trkpt><trkpt lat="40.752807329264265" lon="-74.00903054178035"><time>2026-06-05T16:06:51Z</time></trkpt><trkpt lat="40.75278143679813" lon="-74.00902931061188"><time>2026-06-05T16:06:52Z</time></trkpt><trkpt lat="40.75275476191921" lon="-74.00903765060886"><time>2026-06-05T16:06:53Z</time></trkpt><trkpt lat="40.752729485307" lon="-74.00904368537662"><time>2026-06-05T16:06:54Z</time></trkpt><trkpt lat="40.75270541833839" lon="-74.00905921941097"><time>2026-06-05T16:06:55Z</time></trkpt><trkpt lat="40.7526874756117" lon="-74.00908455830934"><time>2026-06-05T16:06:56Z</time></trkpt><trkpt lat="40.75267087522266" lon="-74.00911035074279"><time>2026-06-05T16:06:57Z</time></trkpt><trkpt lat="40.75266433794617" lon="-74.0091377986211"><time>2026-06-05T16:06:58Z</time></trkpt><trkpt lat="40.7526607540661" lon="-74.00916547250209"><time>2026-06-05T16:06:59Z</time></trkpt><trkpt lat="40.75266289548289" lon="-74.00920467617182"><time>2026-06-05T16:07:01Z</time></trkpt><trkpt lat="40.75266479381217" lon="-74.00923097181186"><time>2026-06-05T16:07:03Z</time></trkpt><trkpt lat="40.75266182653575" lon="-74.00926903636812"><time>2026-06-05T16:07:05Z</time></trkpt><trkpt lat="40.75266304420719" lon="-74.00929778288611"><time>2026-06-05T16:07:07Z</time></trkpt><trkpt lat="40.75267375891623" lon="-74.00931818246421"><time>2026-06-05T16:07:10Z</time></trkpt><trkpt lat="40.7526548756807" lon="-74.0093177868707"><time>2026-06-05T16:07:33Z</time></trkpt><trkpt lat="40.75263281097259" lon="-74.00931095696397"><time>2026-06-05T16:07:35Z</time></trkpt><trkpt lat="40.75262534088474" lon="-74.0093382271535"><time>2026-06-05T16:07:40Z</time></trkpt><trkpt lat="40.75263279555485" lon="-74.00937356451024"><time>2026-06-05T16:07:43Z</time></trkpt><trkpt lat="40.75264620237775" lon="-74.00940363403673"><time>2026-06-05T16:07:45Z</time></trkpt><trkpt lat="40.752661901976275" lon="-74.0094306822028"><time>2026-06-05T16:07:47Z</time></trkpt><trkpt lat="40.75267075390585" lon="-74.00945816605018"><time>2026-06-05T16:07:49Z</time></trkpt><trkpt lat="40.75267962536585" lon="-74.00948636890115"><time>2026-06-05T16:07:51Z</time></trkpt><trkpt lat="40.752652745539415" lon="-74.00949997197505"><time>2026-06-05T16:07:54Z</time></trkpt><trkpt lat="40.75263119756484" lon="-74.00947627294586"><time>2026-06-05T16:07:56Z</time></trkpt><trkpt lat="40.75262051806623" lon="-74.00944106021753"><time>2026-06-05T16:07:58Z</time></trkpt><trkpt lat="40.75261252933596" lon="-74.00941794753633"><time>2026-06-05T16:08:00Z</time></trkpt><trkpt lat="40.75261903696392" lon="-74.0093791593599"><time>2026-06-05T16:08:03Z</time></trkpt><trkpt lat="40.75260649474759" lon="-74.009351067282"><time>2026-06-05T16:08:05Z</time></trkpt><trkpt lat="40.75259522885404" lon="-74.00932568762973"><time>2026-06-05T16:08:07Z</time></trkpt><trkpt lat="40.75258084683092" lon="-74.00929602004159"><time>2026-06-05T16:08:09Z</time></trkpt><trkpt lat="40.75256903324744" lon="-74.00926860732623"><time>2026-06-05T16:08:11Z</time></trkpt><trkpt lat="40.75256178640367" lon="-74.00924558999328"><time>2026-06-05T16:08:13Z</time></trkpt><trkpt lat="40.752555451754226" lon="-74.00921893953331"><time>2026-06-05T16:08:15Z</time></trkpt><trkpt lat="40.752538684553635" lon="-74.0091945749731"><time>2026-06-05T16:08:17Z</time></trkpt><trkpt lat="40.75252826325625" lon="-74.00917196486425"><time>2026-06-05T16:08:19Z</time></trkpt><trkpt lat="40.75251950457519" lon="-74.00914415656598"><time>2026-06-05T16:08:21Z</time></trkpt><trkpt lat="40.75250743673912" lon="-74.00911786658905"><time>2026-06-05T16:08:23Z</time></trkpt><trkpt lat="40.75249611131936" lon="-74.00909246596477"><time>2026-06-05T16:08:25Z</time></trkpt><trkpt lat="40.752484875444445" lon="-74.00906262016042"><time>2026-06-05T16:08:27Z</time></trkpt><trkpt lat="40.752474632481466" lon="-74.00903495487478"><time>2026-06-05T16:08:29Z</time></trkpt><trkpt lat="40.75246232909622" lon="-74.0090114107161"><time>2026-06-05T16:08:31Z</time></trkpt><trkpt lat="40.752458435316136" lon="-74.00898588711377"><time>2026-06-05T16:08:33Z</time></trkpt><trkpt lat="40.75245202570848" lon="-74.00895677496655"><time>2026-06-05T16:08:35Z</time></trkpt><trkpt lat="40.75243746687274" lon="-74.00893353988104"><time>2026-06-05T16:08:37Z</time></trkpt><trkpt lat="40.75242684555419" lon="-74.00890890154194"><time>2026-06-05T16:08:39Z</time></trkpt><trkpt lat="40.752420170717244" lon="-74.00888344230994"><time>2026-06-05T16:08:41Z</time></trkpt><trkpt lat="40.752408288941396" lon="-74.00886129546372"><time>2026-06-05T16:08:43Z</time></trkpt><trkpt lat="40.75239528089285" lon="-74.00883252958818"><time>2026-06-05T16:08:45Z</time></trkpt><trkpt lat="40.75238067311563" lon="-74.00881054549373"><time>2026-06-05T16:08:47Z</time></trkpt><trkpt lat="40.752376083585865" lon="-74.00877824715005"><time>2026-06-05T16:08:49Z</time></trkpt><trkpt lat="40.75237356956121" lon="-74.00875147528178"><time>2026-06-05T16:08:51Z</time></trkpt><trkpt lat="40.75239618746388" lon="-74.0087342866403"><time>2026-06-05T16:08:55Z</time></trkpt><trkpt lat="40.7524130655921" lon="-74.00872332507606"><time>2026-06-05T16:08:57Z</time></trkpt><trkpt lat="40.752428130167374" lon="-74.00869455240462"><time>2026-06-05T16:09:00Z</time></trkpt><trkpt lat="40.75243062627202" lon="-74.00866510568837"><time>2026-06-05T16:09:14Z</time></trkpt><trkpt lat="40.75245411006319" lon="-74.0086752320646"><time>2026-06-05T16:09:30Z</time></trkpt><trkpt lat="40.752452504007714" lon="-74.00869925792725"><time>2026-06-05T16:09:41Z</time></trkpt><trkpt lat="40.752453604919346" lon="-74.00867393204399"><time>2026-06-05T16:09:52Z</time></trkpt><trkpt lat="40.75248051672537" lon="-74.0086848916441"><time>2026-06-05T16:10:31Z</time></trkpt></trkseg></trk></gpx>
