<gpx version="1.1" creator="Reese Field Notes" xmlns="http://www.topografix.com/GPX/1/1"><trk><trkseg><trkpt lat="40.747923143910555" lon="-74.01263127783785"><time>2026-07-14T22:08:41Z</time></trkpt><trkpt lat="40.747875333848846" lon="-74.01264863588992"><time>2026-07-14T22:08:43Z</time></trkpt><trkpt lat="40.74785051608866" lon="-74.01264499516627"><time>2026-07-14T22:08:44Z</time></trkpt><trkpt lat="40.7478284081038" lon="-74.01265057178487"><time>2026-07-14T22:08:46Z</time></trkpt><trkpt lat="40.747810471577296" lon="-74.01265612505426"><time>2026-07-14T22:08:47Z</time></trkpt><trkpt lat="40.74779247012677" lon="-74.0126658081552"><time>2026-07-14T22:08:48Z</time></trkpt><trkpt lat="40.74777593544501" lon="-74.01268064163668"><time>2026-07-14T22:08:49Z</time></trkpt><trkpt lat="40.74775926106898" lon="-74.0126924195876"><time>2026-07-14T22:08:50Z</time></trkpt><trkpt lat="40.7477417207391" lon="-74.01270414386214"><time>2026-07-14T22:08:51Z</time></trkpt><trkpt lat="40.74772309494837" lon="-74.0127130236991"><time>2026-07-14T22:08:52Z</time></trkpt><trkpt lat="40.74770292858342" lon="-74.01271548943437"><time>2026-07-14T22:08:53Z</time></trkpt><trkpt lat="40.74768350490246" lon="-74.01272074880598"><time>2026-07-14T22:08:54Z</time></trkpt><trkpt lat="40.74766374137313" lon="-74.01272987865913"><time>2026-07-14T22:08:55Z</time></trkpt><trkpt lat="40.747643402561344" lon="-74.01273507883208"><time>2026-07-14T22:08:56Z</time></trkpt><trkpt lat="40.74762420624528" lon="-74.01274790230127"><time>2026-07-14T22:08:57Z</time></trkpt><trkpt lat="40.747603369243336" lon="-74.0127561504025"><time>2026-07-14T22:08:58Z</time></trkpt><trkpt lat="40.74758534979974" lon="-74.01276429359356"><time>2026-07-14T22:08:59Z</time></trkpt><trkpt lat="40.74755120995236" lon="-74.01277004458217"><time>2026-07-14T22:09:01Z</time></trkpt><trkpt lat="40.74753920669291" lon="-74.01278814286175"><time>2026-07-14T22:09:02Z</time></trkpt><trkpt lat="40.74752066649884" lon="-74.0127868458711"><time>2026-07-14T22:09:03Z</time></trkpt><trkpt lat="40.7474876334103" lon="-74.01279980778052"><time>2026-07-14T22:09:05Z</time></trkpt><trkpt lat="40.74747386749901" lon="-74.01281643871133"><time>2026-07-14T22:09:06Z</time></trkpt><trkpt lat="40.747456180542564" lon="-74.01282379905842"><time>2026-07-14T22:09:07Z</time></trkpt><trkpt lat="40.747424715783694" lon="-74.01283963658067"><time>2026-07-14T22:09:09Z</time></trkpt><trkpt lat="40.747392438037004" lon="-74.01285889295696"><time>2026-07-14T22:09:11Z</time></trkpt><trkpt lat="40.74737501301071" lon="-74.01286894789123"><time>2026-07-14T22:09:12Z</time></trkpt><trkpt lat="40.74735822459763" lon="-74.01287997325672"><time>2026-07-14T22:09:13Z</time></trkpt><trkpt lat="40.74734260642016" lon="-74.01290440032567"><time>2026-07-14T22:09:15Z</time></trkpt><trkpt lat="40.747324082251666" lon="-74.01291326777643"><time>2026-07-14T22:09:16Z</time></trkpt><trkpt lat="40.747300403858624" lon="-74.01292383564622"><time>2026-07-14T22:09:17Z</time></trkpt><trkpt lat="40.74728192300102" lon="-74.01293483289996"><time>2026-07-14T22:09:18Z</time></trkpt><trkpt lat="40.74726563582488" lon="-74.0129452458"><time>2026-07-14T22:09:19Z</time></trkpt><trkpt lat="40.7472309793719" lon="-74.01296047504442"><time>2026-07-14T22:09:21Z</time></trkpt><trkpt lat="40.747210917198814" lon="-74.01297516684397"><time>2026-07-14T22:09:22Z</time></trkpt><trkpt lat="40.74719255827137" lon="-74.01298480514616"><time>2026-07-14T22:09:23Z</time></trkpt><trkpt lat="40.74717451501959" lon="-74.01299849667886"><time>2026-07-14T22:09:24Z</time></trkpt><trkpt lat="40.74715837327253" lon="-74.01300929774061"><time>2026-07-14T22:09:25Z</time></trkpt><trkpt lat="40.747141212578306" lon="-74.01301920099098"><time>2026-07-14T22:09:26Z</time></trkpt><trkpt lat="40.74712240655852" lon="-74.01302545158772"><time>2026-07-14T22:09:27Z</time></trkpt><trkpt lat="40.747103148174276" lon="-74.01303567312438"><time>2026-07-14T22:09:28Z</time></trkpt><trkpt lat="40.74708545653313" lon="-74.01304858361121"><time>2026-07-14T22:09:29Z</time></trkpt><trkpt lat="40.74706688665789" lon="-74.01306156850411"><time>2026-07-14T22:09:30Z</time></trkpt><trkpt lat="40.74704911432482" lon="-74.01307148679572"><time>2026-07-14T22:09:31Z</time></trkpt><trkpt lat="40.747030510317856" lon="-74.01308223263709"><time>2026-07-14T22:09:32Z</time></trkpt><trkpt lat="40.74701004731923" lon="-74.01309091883662"><time>2026-07-14T22:09:33Z</time></trkpt><trkpt lat="40.74698888973557" lon="-74.01309751639185"><time>2026-07-14T22:09:34Z</time></trkpt><trkpt lat="40.74696719427686" lon="-74.01310725256477"><time>2026-07-14T22:09:35Z</time></trkpt><trkpt lat="40.746949329516454" lon="-74.0131193633566"><time>2026-07-14T22:09:36Z</time></trkpt><trkpt lat="40.74693054884085" lon="-74.01312997487118"><time>2026-07-14T22:09:37Z</time></trkpt><trkpt lat="40.746912221952236" lon="-74.01313957001764"><time>2026-07-14T22:09:38Z</time></trkpt><trkpt lat="40.746891040989055" lon="-74.01314937837203"><time>2026-07-14T22:09:39Z</time></trkpt><trkpt lat="40.74687048519881" lon="-74.01316272368035"><time>2026-07-14T22:09:40Z</time></trkpt><trkpt lat="40.74685087646025" lon="-74.01317481371355"><time>2026-07-14T22:09:41Z</time></trkpt><trkpt lat="40.74683170100123" lon="-74.01318695778293"><time>2026-07-14T22:09:42Z</time></trkpt><trkpt lat="40.746812671109275" lon="-74.0131983970572"><time>2026-07-14T22:09:43Z</time></trkpt><trkpt lat="40.746792553583795" lon="-74.0132067866697"><time>2026-07-14T22:09:44Z</time></trkpt><trkpt lat="40.74676969224275" lon="-74.01321345060352"><time>2026-07-14T22:09:45Z</time></trkpt><trkpt lat="40.74674816530714" lon="-74.01322470975208"><time>2026-07-14T22:09:46Z</time></trkpt><trkpt lat="40.746727267468366" lon="-74.01323682804953"><time>2026-07-14T22:09:47Z</time></trkpt><trkpt lat="40.746708351968074" lon="-74.01324876303033"><time>2026-07-14T22:09:48Z</time></trkpt><trkpt lat="40.746688480595154" lon="-74.01326073127315"><time>2026-07-14T22:09:49Z</time></trkpt><trkpt lat="40.74667062633053" lon="-74.01327026615309"><time>2026-07-14T22:09:50Z</time></trkpt><trkpt lat="40.74665028397244" lon="-74.01327831380996"><time>2026-07-14T22:09:51Z</time></trkpt><trkpt lat="40.746629122330575" lon="-74.01329104085646"><time>2026-07-14T22:09:52Z</time></trkpt><trkpt lat="40.746608990433955" lon="-74.01330476514066"><time>2026-07-14T22:09:53Z</time></trkpt><trkpt lat="40.74659027702061" lon="-74.013317387136"><time>2026-07-14T22:09:54Z</time></trkpt><trkpt lat="40.7465712265299" lon="-74.01333044701985"><time>2026-07-14T22:09:55Z</time></trkpt><trkpt lat="40.74655215479451" lon="-74.01334297166753"><time>2026-07-14T22:09:56Z</time></trkpt><trkpt lat="40.74653266321182" lon="-74.01335674814786"><time>2026-07-14T22:09:57Z</time></trkpt><trkpt lat="40.74651307019376" lon="-74.01337107628672"><time>2026-07-14T22:09:58Z</time></trkpt><trkpt lat="40.74649193487695" lon="-74.01338350846986"><time>2026-07-14T22:09:59Z</time></trkpt><trkpt lat="40.74647285724227" lon="-74.01339723628638"><time>2026-07-14T22:10:00Z</time></trkpt><trkpt lat="40.74645438870804" lon="-74.0134126112385"><time>2026-07-14T22:10:01Z</time></trkpt><trkpt lat="40.74643569764175" lon="-74.01342642709837"><time>2026-07-14T22:10:02Z</time></trkpt><trkpt lat="40.74641636390278" lon="-74.01343988456927"><time>2026-07-14T22:10:03Z</time></trkpt><trkpt lat="40.746396438293864" lon="-74.0134539695892"><time>2026-07-14T22:10:04Z</time></trkpt><trkpt lat="40.74637766873819" lon="-74.01346961919391"><time>2026-07-14T22:10:05Z</time></trkpt><trkpt lat="40.7463599972173" lon="-74.0134867076885"><time>2026-07-14T22:10:06Z</time></trkpt><trkpt lat="40.746341707488966" lon="-74.01350207339864"><time>2026-07-14T22:10:07Z</time></trkpt><trkpt lat="40.74632437203686" lon="-74.01352119837621"><time>2026-07-14T22:10:08Z</time></trkpt><trkpt lat="40.74630844072709" lon="-74.01353846069613"><time>2026-07-14T22:10:09Z</time></trkpt><trkpt lat="40.74629071925116" lon="-74.01355580311507"><time>2026-07-14T22:10:10Z</time></trkpt><trkpt lat="40.74627267363605" lon="-74.01357349835777"><time>2026-07-14T22:10:11Z</time></trkpt><trkpt lat="40.746255964589125" lon="-74.01359286154597"><time>2026-07-14T22:10:12Z</time></trkpt><trkpt lat="40.74623908790534" lon="-74.01361012324826"><time>2026-07-14T22:10:13Z</time></trkpt><trkpt lat="40.74622317757969" lon="-74.01362645564456"><time>2026-07-14T22:10:14Z</time></trkpt><trkpt lat="40.746207486907366" lon="-74.0136432610274"><time>2026-07-14T22:10:15Z</time></trkpt><trkpt lat="40.74619517743367" lon="-74.01366376513779"><time>2026-07-14T22:10:16Z</time></trkpt><trkpt lat="40.74618218620402" lon="-74.01368698285324"><time>2026-07-14T22:10:17Z</time></trkpt><trkpt lat="40.74616381432696" lon="-74.01373182281512"><time>2026-07-14T22:10:19Z</time></trkpt><trkpt lat="40.746153818124355" lon="-74.01375478150763"><time>2026-07-14T22:10:20Z</time></trkpt><trkpt lat="40.74613553811528" lon="-74.01380284344265"><time>2026-07-14T22:10:22Z</time></trkpt><trkpt lat="40.74612418241708" lon="-74.01382269751562"><time>2026-07-14T22:10:23Z</time></trkpt><trkpt lat="40.74610961389347" lon="-74.01383997848885"><time>2026-07-14T22:10:24Z</time></trkpt><trkpt lat="40.746095545859866" lon="-74.01385742770681"><time>2026-07-14T22:10:25Z</time></trkpt><trkpt lat="40.74608483440672" lon="-74.01387719355509"><time>2026-07-14T22:10:26Z</time></trkpt><trkpt lat="40.746072086345826" lon="-74.01389496743819"><time>2026-07-14T22:10:27Z</time></trkpt><trkpt lat="40.74606021169433" lon="-74.01391482342055"><time>2026-07-14T22:10:28Z</time></trkpt><trkpt lat="40.746047270871166" lon="-74.01393454579606"><time>2026-07-14T22:10:29Z</time></trkpt><trkpt lat="40.74603366832028" lon="-74.01395297145824"><time>2026-07-14T22:10:30Z</time></trkpt><trkpt lat="40.74602057980254" lon="-74.0139694175613"><time>2026-07-14T22:10:31Z</time></trkpt><trkpt lat="40.74599624683199" lon="-74.01400561165732"><time>2026-07-14T22:10:33Z</time></trkpt><trkpt lat="40.74598333042158" lon="-74.01402721738931"><time>2026-07-14T22:10:34Z</time></trkpt><trkpt lat="40.745967818184184" lon="-74.01404342162584"><time>2026-07-14T22:10:35Z</time></trkpt><trkpt lat="40.74595435464266" lon="-74.01405980316676"><time>2026-07-14T22:10:36Z</time></trkpt><trkpt lat="40.7459419166596" lon="-74.01407789254976"><time>2026-07-14T22:10:37Z</time></trkpt><trkpt lat="40.74591658356667" lon="-74.01411549607269"><time>2026-07-14T22:10:39Z</time></trkpt><trkpt lat="40.74590136084877" lon="-74.01413441576022"><time>2026-07-14T22:10:40Z</time></trkpt><trkpt lat="40.74588586936502" lon="-74.01415117047854"><time>2026-07-14T22:10:41Z</time></trkpt><trkpt lat="40.745860632338875" lon="-74.01418483639483"><time>2026-07-14T22:10:43Z</time></trkpt><trkpt lat="40.74584636454281" lon="-74.01420266699165"><time>2026-07-14T22:10:44Z</time></trkpt><trkpt lat="40.74582138330771" lon="-74.01423824448256"><time>2026-07-14T22:10:46Z</time></trkpt><trkpt lat="40.74580390152176" lon="-74.01426214670064"><time>2026-07-14T22:10:47Z</time></trkpt><trkpt lat="40.74579155514769" lon="-74.01428018111203"><time>2026-07-14T22:10:48Z</time></trkpt><trkpt lat="40.74576315437926" lon="-74.01430958678851"><time>2026-07-14T22:10:50Z</time></trkpt><trkpt lat="40.745744675127156" lon="-74.014325036256"><time>2026-07-14T22:10:51Z</time></trkpt><trkpt lat="40.745731869315705" lon="-74.01434242428346"><time>2026-07-14T22:10:52Z</time></trkpt><trkpt lat="40.745701548197026" lon="-74.01436914486045"><time>2026-07-14T22:10:54Z</time></trkpt><trkpt lat="40.74567182602631" lon="-74.01439493164985"><time>2026-07-14T22:10:56Z</time></trkpt><trkpt lat="40.745656735149744" lon="-74.01440930256909"><time>2026-07-14T22:10:57Z</time></trkpt><trkpt lat="40.74562984963415" lon="-74.01443960002855"><time>2026-07-14T22:10:59Z</time></trkpt><trkpt lat="40.74559746865495" lon="-74.01446099025888"><time>2026-07-14T22:11:01Z</time></trkpt><trkpt lat="40.74558277635492" lon="-74.01447476233635"><time>2026-07-14T22:11:02Z</time></trkpt><trkpt lat="40.745549693845334" lon="-74.0144878146976"><time>2026-07-14T22:11:04Z</time></trkpt><trkpt lat="40.745525793250614" lon="-74.0145192759477"><time>2026-07-14T22:11:06Z</time></trkpt><trkpt lat="40.74549818239883" lon="-74.01454055381657"><time>2026-07-14T22:11:08Z</time></trkpt><trkpt lat="40.74546641986098" lon="-74.01455676876033"><time>2026-07-14T22:11:10Z</time></trkpt><trkpt lat="40.745447217501145" lon="-74.0145589486177"><time>2026-07-14T22:11:11Z</time></trkpt><trkpt lat="40.74543194160472" lon="-74.01457677678437"><time>2026-07-14T22:11:12Z</time></trkpt><trkpt lat="40.745406086716166" lon="-74.01458318315353"><time>2026-07-14T22:11:14Z</time></trkpt><trkpt lat="40.74539864876877" lon="-74.0146048452555"><time>2026-07-14T22:11:15Z</time></trkpt><trkpt lat="40.74537003682557" lon="-74.0146203148671"><time>2026-07-14T22:11:17Z</time></trkpt><trkpt lat="40.745353197028535" lon="-74.01463336024575"><time>2026-07-14T22:11:19Z</time></trkpt><trkpt lat="40.745338105095925" lon="-74.01464668687925"><time>2026-07-14T22:11:20Z</time></trkpt><trkpt lat="40.74531826331403" lon="-74.01466694831602"><time>2026-07-14T22:11:22Z</time></trkpt><trkpt lat="40.74529550022368" lon="-74.01468314892773"><time>2026-07-14T22:11:24Z</time></trkpt><trkpt lat="40.745275233110384" lon="-74.01470612610062"><time>2026-07-14T22:11:26Z</time></trkpt><trkpt lat="40.74525773054395" lon="-74.0147247804007"><time>2026-07-14T22:11:28Z</time></trkpt><trkpt lat="40.745240731624726" lon="-74.01474289203742"><time>2026-07-14T22:11:30Z</time></trkpt><trkpt lat="40.74522415983698" lon="-74.0147548111159"><time>2026-07-14T22:11:32Z</time></trkpt><trkpt lat="40.745204283241364" lon="-74.01475967743333"><time>2026-07-14T22:11:34Z</time></trkpt><trkpt lat="40.74518264319315" lon="-74.01476089984492"><time>2026-07-14T22:11:36Z</time></trkpt><trkpt lat="40.7451596159487" lon="-74.01476668109022"><time>2026-07-14T22:11:39Z</time></trkpt><trkpt lat="40.745138459604306" lon="-74.01477541168934"><time>2026-07-14T22:11:42Z</time></trkpt><trkpt lat="40.7451204429832" lon="-74.0147845884993"><time>2026-07-14T22:11:46Z</time></trkpt><trkpt lat="40.74510189334488" lon="-74.01478322543706"><time>2026-07-14T22:11:50Z</time></trkpt><trkpt lat="40.74507331614265" lon="-74.01478168342126"><time>2026-07-14T22:11:56Z</time></trkpt><trkpt lat="40.74506002274652" lon="-74.01476191370007"><time>2026-07-14T22:12:01Z</time></trkpt><trkpt lat="40.74505714644894" lon="-74.01473090434122"><time>2026-07-14T22:12:07Z</time></trkpt><trkpt lat="40.745063387305386" lon="-74.01470423016474"><time>2026-07-14T22:12:12Z</time></trkpt><trkpt lat="40.745055153469856" lon="-74.01467967888114"><time>2026-07-14T22:12:18Z</time></trkpt><trkpt lat="40.74505183876035" lon="-74.0146506002636"><time>2026-07-14T22:12:21Z</time></trkpt><trkpt lat="40.74504619222211" lon="-74.01461951857395"><time>2026-07-14T22:12:24Z</time></trkpt><trkpt lat="40.745037529705584" lon="-74.01458557904002"><time>2026-07-14T22:12:27Z</time></trkpt><trkpt lat="40.74503410620492" lon="-74.01456072034478"><time>2026-07-14T22:12:30Z</time></trkpt><trkpt lat="40.74502376727928" lon="-74.01453108513807"><time>2026-07-14T22:12:34Z</time></trkpt><trkpt lat="40.74501581338152" lon="-74.01450601416705"><time>2026-07-14T22:12:37Z</time></trkpt><trkpt lat="40.745002223889614" lon="-74.01448483949306"><time>2026-07-14T22:12:40Z</time></trkpt><trkpt lat="40.74499105865529" lon="-74.0144610469513"><time>2026-07-14T22:12:42Z</time></trkpt><trkpt lat="40.74497393244692" lon="-74.01444358760759"><time>2026-07-14T22:12:44Z</time></trkpt><trkpt lat="40.744960481443904" lon="-74.01442693835037"><time>2026-07-14T22:12:46Z</time></trkpt><trkpt lat="40.74493723429521" lon="-74.01441525409301"><time>2026-07-14T22:12:48Z</time></trkpt><trkpt lat="40.7449298107428" lon="-74.01439250208328"><time>2026-07-14T22:12:49Z</time></trkpt><trkpt lat="40.74490781641563" lon="-74.01439044636614"><time>2026-07-14T22:12:51Z</time></trkpt><trkpt lat="40.744877746452175" lon="-74.01438262569485"><time>2026-07-14T22:12:53Z</time></trkpt><trkpt lat="40.74485585645866" lon="-74.0143870511603"><time>2026-07-14T22:12:55Z</time></trkpt><trkpt lat="40.74483413392549" lon="-74.01438284007793"><time>2026-07-14T22:12:57Z</time></trkpt><trkpt lat="40.74481539340163" lon="-74.0143755361193"><time>2026-07-14T22:12:58Z</time></trkpt><trkpt lat="40.74478577209931" lon="-74.01438112788647"><time>2026-07-14T22:13:00Z</time></trkpt><trkpt lat="40.74476649050962" lon="-74.01438418403232"><time>2026-07-14T22:13:01Z</time></trkpt><trkpt lat="40.744735451609614" lon="-74.0143753111469"><time>2026-07-14T22:13:03Z</time></trkpt><trkpt lat="40.744714910974544" lon="-74.01437315344754"><time>2026-07-14T22:13:04Z</time></trkpt><trkpt lat="40.74469760289172" lon="-74.01436427331625"><time>2026-07-14T22:13:05Z</time></trkpt><trkpt lat="40.744677899368135" lon="-74.01436002551443"><time>2026-07-14T22:13:06Z</time></trkpt><trkpt lat="40.74464148014863" lon="-74.014348812728"><time>2026-07-14T22:13:08Z</time></trkpt><trkpt lat="40.74461493319214" lon="-74.01433357881264"><time>2026-07-14T22:13:09Z</time></trkpt><trkpt lat="40.74456843748385" lon="-74.01432674267268"><time>2026-07-14T22:13:11Z</time></trkpt><trkpt lat="40.74454512495144" lon="-74.01431452347728"><time>2026-07-14T22:13:12Z</time></trkpt><trkpt lat="40.74451824430979" lon="-74.0143136845605"><time>2026-07-14T22:13:13Z</time></trkpt><trkpt lat="40.74450019587865" lon="-74.01431572663373"><time>2026-07-14T22:13:14Z</time></trkpt><trkpt lat="40.74446274675708" lon="-74.01430893410459"><time>2026-07-14T22:13:15Z</time></trkpt><trkpt lat="40.744435196204094" lon="-74.01430919098783"><time>2026-07-14T22:13:16Z</time></trkpt><trkpt lat="40.7444099862048" lon="-74.01431172135541"><time>2026-07-14T22:13:17Z</time></trkpt><trkpt lat="40.744381947204815" lon="-74.01430613928794"><time>2026-07-14T22:13:18Z</time></trkpt><trkpt lat="40.74435255137143" lon="-74.0142970208179"><time>2026-07-14T22:13:19Z</time></trkpt><trkpt lat="40.74432493754368" lon="-74.01429032512218"><time>2026-07-14T22:13:20Z</time></trkpt><trkpt lat="40.7442976236712" lon="-74.0142900330627"><time>2026-07-14T22:13:21Z</time></trkpt><trkpt lat="40.74426856006638" lon="-74.0142901718318"><time>2026-07-14T22:13:22Z</time></trkpt><trkpt lat="40.744240656128575" lon="-74.01429702027936"><time>2026-07-14T22:13:23Z</time></trkpt><trkpt lat="40.744212265863005" lon="-74.01430496332308"><time>2026-07-14T22:13:24Z</time></trkpt><trkpt lat="40.744185647504054" lon="-74.01430171939803"><time>2026-07-14T22:13:25Z</time></trkpt><trkpt lat="40.74415622705938" lon="-74.0143009907761"><time>2026-07-14T22:13:26Z</time></trkpt><trkpt lat="40.74412827431504" lon="-74.01429850582406"><time>2026-07-14T22:13:27Z</time></trkpt><trkpt lat="40.74410485014702" lon="-74.01429114488676"><time>2026-07-14T22:13:28Z</time></trkpt><trkpt lat="40.74407930611313" lon="-74.01428845024657"><time>2026-07-14T22:13:29Z</time></trkpt><trkpt lat="40.744052726170054" lon="-74.0142843688872"><time>2026-07-14T22:13:30Z</time></trkpt><trkpt lat="40.744023267910976" lon="-74.01428161009524"><time>2026-07-14T22:13:31Z</time></trkpt><trkpt lat="40.74399364236042" lon="-74.01427890252506"><time>2026-07-14T22:13:32Z</time></trkpt><trkpt lat="40.743964155017316" lon="-74.01427867978747"><time>2026-07-14T22:13:33Z</time></trkpt><trkpt lat="40.743936717579686" lon="-74.01427823877731"><time>2026-07-14T22:13:34Z</time></trkpt><trkpt lat="40.74391102118753" lon="-74.01427047552195"><time>2026-07-14T22:13:35Z</time></trkpt><trkpt lat="40.74388462368891" lon="-74.01426983891949"><time>2026-07-14T22:13:36Z</time></trkpt><trkpt lat="40.74386267915911" lon="-74.01426386110579"><time>2026-07-14T22:13:37Z</time></trkpt><trkpt lat="40.7438377599884" lon="-74.01426336959953"><time>2026-07-14T22:13:38Z</time></trkpt><trkpt lat="40.74380747460038" lon="-74.01425958599354"><time>2026-07-14T22:13:39Z</time></trkpt><trkpt lat="40.74377610612352" lon="-74.01425686923126"><time>2026-07-14T22:13:40Z</time></trkpt><trkpt lat="40.74374692968044" lon="-74.01426238864856"><time>2026-07-14T22:13:41Z</time></trkpt><trkpt lat="40.74371825180659" lon="-74.0142676242304"><time>2026-07-14T22:13:42Z</time></trkpt><trkpt lat="40.743690336658204" lon="-74.01427263834601"><time>2026-07-14T22:13:43Z</time></trkpt><trkpt lat="40.743658131310085" lon="-74.01427590836813"><time>2026-07-14T22:13:44Z</time></trkpt><trkpt lat="40.74362945621883" lon="-74.01427470219829"><time>2026-07-14T22:13:45Z</time></trkpt><trkpt lat="40.74360111954936" lon="-74.01427676748291"><time>2026-07-14T22:13:46Z</time></trkpt><trkpt lat="40.74357185410093" lon="-74.0142772104398"><time>2026-07-14T22:13:47Z</time></trkpt><trkpt lat="40.743540268781224" lon="-74.01428352431617"><time>2026-07-14T22:13:48Z</time></trkpt><trkpt lat="40.743508035341705" lon="-74.01428185649073"><time>2026-07-14T22:13:49Z</time></trkpt><trkpt lat="40.743476971343334" lon="-74.01427873577984"><time>2026-07-14T22:13:50Z</time></trkpt><trkpt lat="40.743445170614706" lon="-74.01427561540832"><time>2026-07-14T22:13:51Z</time></trkpt><trkpt lat="40.74341296304417" lon="-74.0142726003269"><time>2026-07-14T22:13:52Z</time></trkpt><trkpt lat="40.74338342927742" lon="-74.01427106600045"><time>2026-07-14T22:13:53Z</time></trkpt><trkpt lat="40.74335469477916" lon="-74.01426461617807"><time>2026-07-14T22:13:54Z</time></trkpt><trkpt lat="40.743325285216976" lon="-74.01426710915142"><time>2026-07-14T22:13:55Z</time></trkpt><trkpt lat="40.74329544816522" lon="-74.01426199829271"><time>2026-07-14T22:13:56Z</time></trkpt><trkpt lat="40.743265815488876" lon="-74.01425742417126"><time>2026-07-14T22:13:57Z</time></trkpt><trkpt lat="40.74323251217423" lon="-74.01426001740863"><time>2026-07-14T22:13:58Z</time></trkpt><trkpt lat="40.743203246495014" lon="-74.0142666771703"><time>2026-07-14T22:13:59Z</time></trkpt><trkpt lat="40.7431722543838" lon="-74.01427291093373"><time>2026-07-14T22:14:00Z</time></trkpt><trkpt lat="40.74314294891821" lon="-74.01427226043583"><time>2026-07-14T22:14:01Z</time></trkpt><trkpt lat="40.74311155769241" lon="-74.01427718100706"><time>2026-07-14T22:14:02Z</time></trkpt><trkpt lat="40.74308572032422" lon="-74.0142872916801"><time>2026-07-14T22:14:03Z</time></trkpt><trkpt lat="40.74305789552351" lon="-74.01429228810316"><time>2026-07-14T22:14:04Z</time></trkpt><trkpt lat="40.743028581251274" lon="-74.01428191239656"><time>2026-07-14T22:14:05Z</time></trkpt><trkpt lat="40.74299705083351" lon="-74.01428320212692"><time>2026-07-14T22:14:06Z</time></trkpt><trkpt lat="40.742968587992884" lon="-74.01428696446354"><time>2026-07-14T22:14:07Z</time></trkpt><trkpt lat="40.74294397979088" lon="-74.01428930549218"><time>2026-07-14T22:14:08Z</time></trkpt><trkpt lat="40.7429133802649" lon="-74.01428709032693"><time>2026-07-14T22:14:09Z</time></trkpt><trkpt lat="40.74288524970784" lon="-74.01428839582265"><time>2026-07-14T22:14:10Z</time></trkpt><trkpt lat="40.7428584803882" lon="-74.01429414522096"><time>2026-07-14T22:14:11Z</time></trkpt><trkpt lat="40.74282976596492" lon="-74.01429333547307"><time>2026-07-14T22:14:12Z</time></trkpt><trkpt lat="40.7428007282696" lon="-74.01428493619565"><time>2026-07-14T22:14:13Z</time></trkpt><trkpt lat="40.74277246711052" lon="-74.01428012706603"><time>2026-07-14T22:14:14Z</time></trkpt><trkpt lat="40.742742094652066" lon="-74.0142747117319"><time>2026-07-14T22:14:15Z</time></trkpt><trkpt lat="40.74271729939283" lon="-74.01426939380701"><time>2026-07-14T22:14:16Z</time></trkpt><trkpt lat="40.7426886683912" lon="-74.01426709501851"><time>2026-07-14T22:14:17Z</time></trkpt><trkpt lat="40.74266149280422" lon="-74.01426395580415"><time>2026-07-14T22:14:18Z</time></trkpt><trkpt lat="40.742630037836335" lon="-74.01426247194468"><time>2026-07-14T22:14:19Z</time></trkpt><trkpt lat="40.74260178333662" lon="-74.01425602318449"><time>2026-07-14T22:14:20Z</time></trkpt><trkpt lat="40.74257019583716" lon="-74.01424624232408"><time>2026-07-14T22:14:21Z</time></trkpt><trkpt lat="40.742536404952006" lon="-74.01423817917573"><time>2026-07-14T22:14:22Z</time></trkpt><trkpt lat="40.742505896961745" lon="-74.01422761897103"><time>2026-07-14T22:14:23Z</time></trkpt><trkpt lat="40.742472958594476" lon="-74.01422368438327"><time>2026-07-14T22:14:24Z</time></trkpt><trkpt lat="40.74244151824324" lon="-74.01421964374397"><time>2026-07-14T22:14:25Z</time></trkpt><trkpt lat="40.742412045174234" lon="-74.01421884480582"><time>2026-07-14T22:14:26Z</time></trkpt><trkpt lat="40.7423845272755" lon="-74.01421698293143"><time>2026-07-14T22:14:27Z</time></trkpt><trkpt lat="40.74235453674875" lon="-74.01421331990123"><time>2026-07-14T22:14:28Z</time></trkpt><trkpt lat="40.74232585956998" lon="-74.0142049565949"><time>2026-07-14T22:14:29Z</time></trkpt><trkpt lat="40.74229612322954" lon="-74.01419819546308"><time>2026-07-14T22:14:30Z</time></trkpt><trkpt lat="40.74226314479209" lon="-74.01419151119323"><time>2026-07-14T22:14:31Z</time></trkpt><trkpt lat="40.74222880595645" lon="-74.01419055382235"><time>2026-07-14T22:14:32Z</time></trkpt><trkpt lat="40.74219663882169" lon="-74.01419184520488"><time>2026-07-14T22:14:33Z</time></trkpt><trkpt lat="40.74216617296905" lon="-74.01419440697437"><time>2026-07-14T22:14:34Z</time></trkpt><trkpt lat="40.742136819254824" lon="-74.01419670107259"><time>2026-07-14T22:14:35Z</time></trkpt><trkpt lat="40.74210727263628" lon="-74.01419472900966"><time>2026-07-14T22:14:36Z</time></trkpt><trkpt lat="40.742078205787585" lon="-74.01418733896848"><time>2026-07-14T22:14:37Z</time></trkpt><trkpt lat="40.74205216333261" lon="-74.01417471955861"><time>2026-07-14T22:14:38Z</time></trkpt><trkpt lat="40.74201719405073" lon="-74.01416194089221"><time>2026-07-14T22:14:39Z</time></trkpt><trkpt lat="40.74198308953711" lon="-74.01415946578392"><time>2026-07-14T22:14:40Z</time></trkpt><trkpt lat="40.74194918583729" lon="-74.01415730234109"><time>2026-07-14T22:14:41Z</time></trkpt><trkpt lat="40.74191604609781" lon="-74.01414570524341"><time>2026-07-14T22:14:42Z</time></trkpt><trkpt lat="40.74188330683792" lon="-74.01414103654398"><time>2026-07-14T22:14:43Z</time></trkpt><trkpt lat="40.74185237606186" lon="-74.01413474832731"><time>2026-07-14T22:14:44Z</time></trkpt><trkpt lat="40.74182182236047" lon="-74.0141299900365"><time>2026-07-14T22:14:45Z</time></trkpt><trkpt lat="40.741792246119466" lon="-74.01412418282789"><time>2026-07-14T22:14:46Z</time></trkpt><trkpt lat="40.7417622432677" lon="-74.01411793478714"><time>2026-07-14T22:14:47Z</time></trkpt><trkpt lat="40.74173267782657" lon="-74.01411185702533"><time>2026-07-14T22:14:48Z</time></trkpt><trkpt lat="40.741699970148964" lon="-74.01410829693312"><time>2026-07-14T22:14:49Z</time></trkpt><trkpt lat="40.74166710120901" lon="-74.01410057510316"><time>2026-07-14T22:14:50Z</time></trkpt><trkpt lat="40.741638560163516" lon="-74.01409123639662"><time>2026-07-14T22:14:51Z</time></trkpt><trkpt lat="40.74160930714234" lon="-74.01408295779035"><time>2026-07-14T22:14:52Z</time></trkpt><trkpt lat="40.74158171440603" lon="-74.0140788534679"><time>2026-07-14T22:14:53Z</time></trkpt><trkpt lat="40.74155134617825" lon="-74.01407792882323"><time>2026-07-14T22:14:54Z</time></trkpt><trkpt lat="40.74152413708953" lon="-74.01407616062244"><time>2026-07-14T22:14:55Z</time></trkpt><trkpt lat="40.74149811557787" lon="-74.01407121147686"><time>2026-07-14T22:14:56Z</time></trkpt><trkpt lat="40.741472020409645" lon="-74.01406938995565"><time>2026-07-14T22:14:57Z</time></trkpt><trkpt lat="40.741442461777474" lon="-74.01406524541109"><time>2026-07-14T22:14:58Z</time></trkpt><trkpt lat="40.741409570474744" lon="-74.01405616761352"><time>2026-07-14T22:14:59Z</time></trkpt><trkpt lat="40.74138144702128" lon="-74.01404927158646"><time>2026-07-14T22:15:00Z</time></trkpt><trkpt lat="40.74135353222331" lon="-74.01404044572514"><time>2026-07-14T22:15:01Z</time></trkpt><trkpt lat="40.74132587228628" lon="-74.01403518563072"><time>2026-07-14T22:15:02Z</time></trkpt><trkpt lat="40.741298255628145" lon="-74.01403284072038"><time>2026-07-14T22:15:03Z</time></trkpt><trkpt lat="40.741268784933176" lon="-74.01402631827209"><time>2026-07-14T22:15:04Z</time></trkpt><trkpt lat="40.74124196414601" lon="-74.01402572009302"><time>2026-07-14T22:15:05Z</time></trkpt><trkpt lat="40.74120930385713" lon="-74.01402243094839"><time>2026-07-14T22:15:06Z</time></trkpt><trkpt lat="40.741176223758806" lon="-74.01401036082063"><time>2026-07-14T22:15:07Z</time></trkpt><trkpt lat="40.74114029125487" lon="-74.01400652142917"><time>2026-07-14T22:15:08Z</time></trkpt><trkpt lat="40.74111676365136" lon="-74.0139953860846"><time>2026-07-14T22:15:09Z</time></trkpt><trkpt lat="40.74108756442333" lon="-74.01399991850467"><time>2026-07-14T22:15:10Z</time></trkpt><trkpt lat="40.74105522346052" lon="-74.01399700747865"><time>2026-07-14T22:15:11Z</time></trkpt><trkpt lat="40.741022500653905" lon="-74.01399248541485"><time>2026-07-14T22:15:12Z</time></trkpt><trkpt lat="40.74099122313246" lon="-74.01399564433504"><time>2026-07-14T22:15:13Z</time></trkpt><trkpt lat="40.74096531679581" lon="-74.01401341850935"><time>2026-07-14T22:15:14Z</time></trkpt><trkpt lat="40.74093914403702" lon="-74.01403060638285"><time>2026-07-14T22:15:15Z</time></trkpt><trkpt lat="40.74092910237097" lon="-74.01405457696703"><time>2026-07-14T22:15:16Z</time></trkpt><trkpt lat="40.74094120042971" lon="-74.01411174967133"><time>2026-07-14T22:15:18Z</time></trkpt><trkpt lat="40.74095327794018" lon="-74.01413754457965"><time>2026-07-14T22:15:20Z</time></trkpt><trkpt lat="40.74097785225565" lon="-74.01417061835416"><time>2026-07-14T22:15:22Z</time></trkpt><trkpt lat="40.740994613430985" lon="-74.01418984723173"><time>2026-07-14T22:15:23Z</time></trkpt><trkpt lat="40.741012063170736" lon="-74.01422067424225"><time>2026-07-14T22:15:24Z</time></trkpt><trkpt lat="40.74102062856126" lon="-74.01425375268306"><time>2026-07-14T22:15:25Z</time></trkpt><trkpt lat="40.74103795625279" lon="-74.01427171186548"><time>2026-07-14T22:15:26Z</time></trkpt><trkpt lat="40.741049327455904" lon="-74.01430222682826"><time>2026-07-14T22:15:27Z</time></trkpt><trkpt lat="40.74105733843374" lon="-74.01433545504345"><time>2026-07-14T22:15:28Z</time></trkpt><trkpt lat="40.74106843631058" lon="-74.01436635307658"><time>2026-07-14T22:15:29Z</time></trkpt><trkpt lat="40.741079552283054" lon="-74.01440080743286"><time>2026-07-14T22:15:30Z</time></trkpt><trkpt lat="40.741079638322155" lon="-74.01443563969406"><time>2026-07-14T22:15:31Z</time></trkpt><trkpt lat="40.741081993262874" lon="-74.01446319230486"><time>2026-07-14T22:15:32Z</time></trkpt><trkpt lat="40.741082085671266" lon="-74.01450018428763"><time>2026-07-14T22:15:33Z</time></trkpt><trkpt lat="40.74108456745592" lon="-74.01454158346183"><time>2026-07-14T22:15:34Z</time></trkpt><trkpt lat="40.7411001164806" lon="-74.01457497284946"><time>2026-07-14T22:15:35Z</time></trkpt><trkpt lat="40.74110003266524" lon="-74.0146120514872"><time>2026-07-14T22:15:36Z</time></trkpt><trkpt lat="40.74110435870783" lon="-74.01465194282025"><time>2026-07-14T22:15:37Z</time></trkpt><trkpt lat="40.74111304106523" lon="-74.01469291286583"><time>2026-07-14T22:15:38Z</time></trkpt><trkpt lat="40.74111653056691" lon="-74.0147318917092"><time>2026-07-14T22:15:39Z</time></trkpt><trkpt lat="40.74112558319712" lon="-74.01476513892572"><time>2026-07-14T22:15:40Z</time></trkpt><trkpt lat="40.74113451927919" lon="-74.01480356720128"><time>2026-07-14T22:15:41Z</time></trkpt><trkpt lat="40.74113725962874" lon="-74.01484139938415"><time>2026-07-14T22:15:42Z</time></trkpt><trkpt lat="40.74113356307629" lon="-74.01487601630873"><time>2026-07-14T22:15:43Z</time></trkpt><trkpt lat="40.74113418129546" lon="-74.01491093853755"><time>2026-07-14T22:15:44Z</time></trkpt><trkpt lat="40.74113790668584" lon="-74.0149493518676"><time>2026-07-14T22:15:45Z</time></trkpt><trkpt lat="40.74114624555487" lon="-74.01498146231995"><time>2026-07-14T22:15:46Z</time></trkpt><trkpt lat="40.74115538549865" lon="-74.01501342481293"><time>2026-07-14T22:15:47Z</time></trkpt><trkpt lat="40.74116398524073" lon="-74.0150472812926"><time>2026-07-14T22:15:48Z</time></trkpt><trkpt lat="40.74117204176971" lon="-74.01508054500854"><time>2026-07-14T22:15:49Z</time></trkpt><trkpt lat="40.74118233819601" lon="-74.01511771002039"><time>2026-07-14T22:15:50Z</time></trkpt><trkpt lat="40.741188440373556" lon="-74.01515315987186"><time>2026-07-14T22:15:51Z</time></trkpt><trkpt lat="40.74119789779522" lon="-74.01518606055429"><time>2026-07-14T22:15:52Z</time></trkpt><trkpt lat="40.74120930447858" lon="-74.01524852362557"><time>2026-07-14T22:15:54Z</time></trkpt><trkpt lat="40.74122065273614" lon="-74.01528212629987"><time>2026-07-14T22:15:55Z</time></trkpt><trkpt lat="40.741230071030486" lon="-74.01530987461202"><time>2026-07-14T22:15:56Z</time></trkpt><trkpt lat="40.741233896101015" lon="-74.01534482963312"><time>2026-07-14T22:15:57Z</time></trkpt><trkpt lat="40.741237832395896" lon="-74.01538408866415"><time>2026-07-14T22:15:58Z</time></trkpt><trkpt lat="40.741250327886455" lon="-74.01541183042514"><time>2026-07-14T22:15:59Z</time></trkpt><trkpt lat="40.741264146021294" lon="-74.01543817228423"><time>2026-07-14T22:16:00Z</time></trkpt><trkpt lat="40.74127658945324" lon="-74.01546899769487"><time>2026-07-14T22:16:01Z</time></trkpt><trkpt lat="40.74129392531659" lon="-74.01550167148338"><time>2026-07-14T22:16:02Z</time></trkpt><trkpt lat="40.74131272350497" lon="-74.01553467308405"><time>2026-07-14T22:16:03Z</time></trkpt><trkpt lat="40.74132613475251" lon="-74.01556196152828"><time>2026-07-14T22:16:04Z</time></trkpt><trkpt lat="40.74134140196657" lon="-74.01558218356118"><time>2026-07-14T22:16:05Z</time></trkpt><trkpt lat="40.74135979956979" lon="-74.01561033451101"><time>2026-07-14T22:16:06Z</time></trkpt><trkpt lat="40.741378779980536" lon="-74.01563545652824"><time>2026-07-14T22:16:07Z</time></trkpt><trkpt lat="40.74139294637132" lon="-74.01566700884847"><time>2026-07-14T22:16:08Z</time></trkpt><trkpt lat="40.74140878728501" lon="-74.01570588338296"><time>2026-07-14T22:16:09Z</time></trkpt><trkpt lat="40.741424516432346" lon="-74.01573941116096"><time>2026-07-14T22:16:10Z</time></trkpt><trkpt lat="40.74144594998955" lon="-74.01576252591514"><time>2026-07-14T22:16:11Z</time></trkpt><trkpt lat="40.74146252307624" lon="-74.01578600130178"><time>2026-07-14T22:16:12Z</time></trkpt><trkpt lat="40.74148270611469" lon="-74.01581600693244"><time>2026-07-14T22:16:13Z</time></trkpt><trkpt lat="40.74150290863106" lon="-74.01584319852618"><time>2026-07-14T22:16:14Z</time></trkpt><trkpt lat="40.74150696356771" lon="-74.01588127996042"><time>2026-07-14T22:16:15Z</time></trkpt><trkpt lat="40.74151186921145" lon="-74.01591814488685"><time>2026-07-14T22:16:16Z</time></trkpt><trkpt lat="40.74153704710099" lon="-74.01595160761737"><time>2026-07-14T22:16:17Z</time></trkpt><trkpt lat="40.74155599534575" lon="-74.01597842119146"><time>2026-07-14T22:16:18Z</time></trkpt><trkpt lat="40.74156426543139" lon="-74.01600325431498"><time>2026-07-14T22:16:19Z</time></trkpt><trkpt lat="40.74157884574388" lon="-74.01603057601875"><time>2026-07-14T22:16:20Z</time></trkpt><trkpt lat="40.7415882729885" lon="-74.01605465001037"><time>2026-07-14T22:16:21Z</time></trkpt><trkpt lat="40.741598247037274" lon="-74.01609811856726"><time>2026-07-14T22:16:22Z</time></trkpt><trkpt lat="40.74160258293872" lon="-74.01612841735273"><time>2026-07-14T22:16:23Z</time></trkpt><trkpt lat="40.74161590815995" lon="-74.01614718044836"><time>2026-07-14T22:16:24Z</time></trkpt><trkpt lat="40.74163640263318" lon="-74.016209257165"><time>2026-07-14T22:16:26Z</time></trkpt><trkpt lat="40.741651465348255" lon="-74.01623543188967"><time>2026-07-14T22:16:27Z</time></trkpt><trkpt lat="40.74166991297048" lon="-74.0163131031316"><time>2026-07-14T22:16:29Z</time></trkpt><trkpt lat="40.74167278227215" lon="-74.01634493721355"><time>2026-07-14T22:16:30Z</time></trkpt><trkpt lat="40.741682033448996" lon="-74.0163726195616"><time>2026-07-14T22:16:31Z</time></trkpt><trkpt lat="40.74168777114234" lon="-74.01640916898337"><time>2026-07-14T22:16:32Z</time></trkpt><trkpt lat="40.74170578830069" lon="-74.01643899301523"><time>2026-07-14T22:16:34Z</time></trkpt><trkpt lat="40.74172921782251" lon="-74.01646883310258"><time>2026-07-14T22:16:35Z</time></trkpt><trkpt lat="40.74175614143995" lon="-74.01652131572479"><time>2026-07-14T22:16:37Z</time></trkpt><trkpt lat="40.74177151379896" lon="-74.01655336677976"><time>2026-07-14T22:16:38Z</time></trkpt><trkpt lat="40.74179008666874" lon="-74.01656290533182"><time>2026-07-14T22:16:39Z</time></trkpt><trkpt lat="40.74180787260401" lon="-74.01657486050317"><time>2026-07-14T22:16:40Z</time></trkpt><trkpt lat="40.74182420117176" lon="-74.0165882693812"><time>2026-07-14T22:16:41Z</time></trkpt><trkpt lat="40.741842980990185" lon="-74.01660008665134"><time>2026-07-14T22:16:42Z</time></trkpt><trkpt lat="40.741869914941724" lon="-74.01661795770269"><time>2026-07-14T22:16:43Z</time></trkpt><trkpt lat="40.74189175441944" lon="-74.01662840727373"><time>2026-07-14T22:16:44Z</time></trkpt><trkpt lat="40.741909081489844" lon="-74.01664195557743"><time>2026-07-14T22:16:45Z</time></trkpt><trkpt lat="40.74193103371554" lon="-74.01665141468"><time>2026-07-14T22:16:46Z</time></trkpt><trkpt lat="40.741953484849454" lon="-74.01667876649037"><time>2026-07-14T22:16:47Z</time></trkpt><trkpt lat="40.741981315217046" lon="-74.01669357385106"><time>2026-07-14T22:16:48Z</time></trkpt><trkpt lat="40.74201024594403" lon="-74.01670565990233"><time>2026-07-14T22:16:49Z</time></trkpt><trkpt lat="40.74203600344327" lon="-74.01671235484639"><time>2026-07-14T22:16:50Z</time></trkpt><trkpt lat="40.742064027762076" lon="-74.01672882288044"><time>2026-07-14T22:16:51Z</time></trkpt><trkpt lat="40.742114174573054" lon="-74.01675786689782"><time>2026-07-14T22:16:53Z</time></trkpt><trkpt lat="40.74214131419194" lon="-74.0167749457626"><time>2026-07-14T22:16:54Z</time></trkpt><trkpt lat="40.74217458001982" lon="-74.01679453375924"><time>2026-07-14T22:16:55Z</time></trkpt><trkpt lat="40.74220099220485" lon="-74.01680474947253"><time>2026-07-14T22:16:56Z</time></trkpt><trkpt lat="40.74222673421351" lon="-74.01680486525296"><time>2026-07-14T22:16:57Z</time></trkpt><trkpt lat="40.742264438712496" lon="-74.01680784020522"><time>2026-07-14T22:16:58Z</time></trkpt><trkpt lat="40.74228378876822" lon="-74.01682299674852"><time>2026-07-14T22:16:59Z</time></trkpt><trkpt lat="40.74230582717117" lon="-74.01684110114415"><time>2026-07-14T22:17:00Z</time></trkpt><trkpt lat="40.742331514103405" lon="-74.01685590497516"><time>2026-07-14T22:17:01Z</time></trkpt><trkpt lat="40.7423541557563" lon="-74.0168647504284"><time>2026-07-14T22:17:02Z</time></trkpt><trkpt lat="40.74238879377053" lon="-74.01688056842366"><time>2026-07-14T22:17:03Z</time></trkpt><trkpt lat="40.74241622844862" lon="-74.016910710408"><time>2026-07-14T22:17:04Z</time></trkpt><trkpt lat="40.742439944117535" lon="-74.01692906578032"><time>2026-07-14T22:17:05Z</time></trkpt><trkpt lat="40.742464474707454" lon="-74.01693379153629"><time>2026-07-14T22:17:06Z</time></trkpt><trkpt lat="40.742486569944106" lon="-74.01693369986846"><time>2026-07-14T22:17:07Z</time></trkpt><trkpt lat="40.74251020234843" lon="-74.01693951961349"><time>2026-07-14T22:17:08Z</time></trkpt><trkpt lat="40.74253962734107" lon="-74.01694740817133"><time>2026-07-14T22:17:09Z</time></trkpt><trkpt lat="40.74256430261984" lon="-74.0169640364943"><time>2026-07-14T22:17:10Z</time></trkpt><trkpt lat="40.74259293548299" lon="-74.01697167136444"><time>2026-07-14T22:17:11Z</time></trkpt><trkpt lat="40.74262025500101" lon="-74.0169812000341"><time>2026-07-14T22:17:12Z</time></trkpt><trkpt lat="40.74264187744279" lon="-74.01698173875272"><time>2026-07-14T22:17:13Z</time></trkpt><trkpt lat="40.74267142054168" lon="-74.01699448596483"><time>2026-07-14T22:17:14Z</time></trkpt><trkpt lat="40.74269238953751" lon="-74.01700653851972"><time>2026-07-14T22:17:15Z</time></trkpt><trkpt lat="40.7427137194898" lon="-74.01701245560992"><time>2026-07-14T22:17:16Z</time></trkpt><trkpt lat="40.74274016148602" lon="-74.01701897676894"><time>2026-07-14T22:17:17Z</time></trkpt><trkpt lat="40.74276544090607" lon="-74.01702407091422"><time>2026-07-14T22:17:18Z</time></trkpt><trkpt lat="40.742788169041454" lon="-74.01703236786753"><time>2026-07-14T22:17:19Z</time></trkpt><trkpt lat="40.742810527947825" lon="-74.01703670594148"><time>2026-07-14T22:17:20Z</time></trkpt><trkpt lat="40.74283016953093" lon="-74.0170385213183"><time>2026-07-14T22:17:21Z</time></trkpt><trkpt lat="40.74285066395847" lon="-74.01704187738665"><time>2026-07-14T22:17:22Z</time></trkpt><trkpt lat="40.742873475388265" lon="-74.01704352126778"><time>2026-07-14T22:17:23Z</time></trkpt><trkpt lat="40.74289761354713" lon="-74.01705528322248"><time>2026-07-14T22:17:24Z</time></trkpt><trkpt lat="40.742921913645624" lon="-74.01706459128717"><time>2026-07-14T22:17:25Z</time></trkpt><trkpt lat="40.74296088489924" lon="-74.01706893272514"><time>2026-07-14T22:17:27Z</time></trkpt><trkpt lat="40.74298132598943" lon="-74.01707386873366"><time>2026-07-14T22:17:28Z</time></trkpt><trkpt lat="40.74300115150916" lon="-74.01707589153246"><time>2026-07-14T22:17:29Z</time></trkpt><trkpt lat="40.7430225460959" lon="-74.01707325661887"><time>2026-07-14T22:17:30Z</time></trkpt><trkpt lat="40.74304654285668" lon="-74.01707904357671"><time>2026-07-14T22:17:31Z</time></trkpt><trkpt lat="40.74307044063769" lon="-74.01708372522374"><time>2026-07-14T22:17:32Z</time></trkpt><trkpt lat="40.74308987580699" lon="-74.0170900040711"><time>2026-07-14T22:17:33Z</time></trkpt><trkpt lat="40.743111290898874" lon="-74.01709286817271"><time>2026-07-14T22:17:34Z</time></trkpt><trkpt lat="40.74313395072095" lon="-74.01709531398974"><time>2026-07-14T22:17:35Z</time></trkpt><trkpt lat="40.743156774092455" lon="-74.01709716105272"><time>2026-07-14T22:17:36Z</time></trkpt><trkpt lat="40.743178687254805" lon="-74.01710358366743"><time>2026-07-14T22:17:37Z</time></trkpt><trkpt lat="40.74319949066793" lon="-74.01710708858941"><time>2026-07-14T22:17:38Z</time></trkpt><trkpt lat="40.743220137685825" lon="-74.01710692324897"><time>2026-07-14T22:17:39Z</time></trkpt><trkpt lat="40.74323984122324" lon="-74.01710930235154"><time>2026-07-14T22:17:40Z</time></trkpt><trkpt lat="40.74326234828091" lon="-74.01711124140616"><time>2026-07-14T22:17:41Z</time></trkpt><trkpt lat="40.743283079911514" lon="-74.01711555443134"><time>2026-07-14T22:17:42Z</time></trkpt><trkpt lat="40.74330435612072" lon="-74.01711762042409"><time>2026-07-14T22:17:43Z</time></trkpt><trkpt lat="40.74332742462552" lon="-74.01712454111873"><time>2026-07-14T22:17:44Z</time></trkpt><trkpt lat="40.743366064391516" lon="-74.01713349351844"><time>2026-07-14T22:17:46Z</time></trkpt><trkpt lat="40.7433884607329" lon="-74.01713896274259"><time>2026-07-14T22:17:47Z</time></trkpt><trkpt lat="40.7434089089322" lon="-74.01714833826136"><time>2026-07-14T22:17:48Z</time></trkpt><trkpt lat="40.74344681672734" lon="-74.01715741370596"><time>2026-07-14T22:17:50Z</time></trkpt><trkpt lat="40.743470025881116" lon="-74.01716415554027"><time>2026-07-14T22:17:51Z</time></trkpt><trkpt lat="40.74349573711848" lon="-74.0171691829553"><time>2026-07-14T22:17:52Z</time></trkpt><trkpt lat="40.74352161397412" lon="-74.01717103894039"><time>2026-07-14T22:17:53Z</time></trkpt><trkpt lat="40.743541784966986" lon="-74.01718065341139"><time>2026-07-14T22:17:54Z</time></trkpt><trkpt lat="40.74356550840611" lon="-74.01718599347616"><time>2026-07-14T22:17:55Z</time></trkpt><trkpt lat="40.74358672170009" lon="-74.01718577116806"><time>2026-07-14T22:17:56Z</time></trkpt><trkpt lat="40.74360906574875" lon="-74.01718647446587"><time>2026-07-14T22:17:57Z</time></trkpt><trkpt lat="40.74365461171362" lon="-74.01718238819366"><time>2026-07-14T22:17:59Z</time></trkpt><trkpt lat="40.74368001776623" lon="-74.017188552191"><time>2026-07-14T22:18:00Z</time></trkpt><trkpt lat="40.74370263725997" lon="-74.0171941464056"><time>2026-07-14T22:18:01Z</time></trkpt><trkpt lat="40.743724628996986" lon="-74.01719226392778"><time>2026-07-14T22:18:02Z</time></trkpt><trkpt lat="40.743745692914594" lon="-74.01718782335084"><time>2026-07-14T22:18:03Z</time></trkpt><trkpt lat="40.74377074595893" lon="-74.0171903616566"><time>2026-07-14T22:18:04Z</time></trkpt><trkpt lat="40.74379262256357" lon="-74.01719140822554"><time>2026-07-14T22:18:05Z</time></trkpt><trkpt lat="40.74382198523268" lon="-74.01719053501454"><time>2026-07-14T22:18:06Z</time></trkpt><trkpt lat="40.743845602493586" lon="-74.0171884968416"><time>2026-07-14T22:18:07Z</time></trkpt><trkpt lat="40.74386601563993" lon="-74.01718253877867"><time>2026-07-14T22:18:08Z</time></trkpt><trkpt lat="40.743891918428076" lon="-74.01717650869347"><time>2026-07-14T22:18:09Z</time></trkpt><trkpt lat="40.743916068423324" lon="-74.01717059555376"><time>2026-07-14T22:18:10Z</time></trkpt><trkpt lat="40.743938712947326" lon="-74.01716824235918"><time>2026-07-14T22:18:11Z</time></trkpt><trkpt lat="40.74396016151651" lon="-74.01716655163337"><time>2026-07-14T22:18:12Z</time></trkpt><trkpt lat="40.743990036431335" lon="-74.01716033141787"><time>2026-07-14T22:18:13Z</time></trkpt><trkpt lat="40.74401727952071" lon="-74.01715724081156"><time>2026-07-14T22:18:14Z</time></trkpt><trkpt lat="40.74405851135641" lon="-74.0171511315632"><time>2026-07-14T22:18:16Z</time></trkpt><trkpt lat="40.74408453892761" lon="-74.01714973989391"><time>2026-07-14T22:18:17Z</time></trkpt><trkpt lat="40.74411139202435" lon="-74.01714734512983"><time>2026-07-14T22:18:18Z</time></trkpt><trkpt lat="40.74414465921895" lon="-74.01713711455434"><time>2026-07-14T22:18:19Z</time></trkpt><trkpt lat="40.74417098021414" lon="-74.01714284414642"><time>2026-07-14T22:18:20Z</time></trkpt><trkpt lat="40.74419773224931" lon="-74.01712306323216"><time>2026-07-14T22:18:21Z</time></trkpt><trkpt lat="40.744221986227544" lon="-74.01711397528088"><time>2026-07-14T22:18:22Z</time></trkpt><trkpt lat="40.744243730217946" lon="-74.01709294850042"><time>2026-07-14T22:18:23Z</time></trkpt><trkpt lat="40.7442665225681" lon="-74.0170837345934"><time>2026-07-14T22:18:24Z</time></trkpt><trkpt lat="40.74429543308624" lon="-74.01710106557871"><time>2026-07-14T22:18:25Z</time></trkpt><trkpt lat="40.74433299820009" lon="-74.01709617363686"><time>2026-07-14T22:18:26Z</time></trkpt><trkpt lat="40.74436583355077" lon="-74.01708757013652"><time>2026-07-14T22:18:27Z</time></trkpt><trkpt lat="40.744400310177056" lon="-74.0170657769327"><time>2026-07-14T22:18:28Z</time></trkpt><trkpt lat="40.74443108797672" lon="-74.01704339310692"><time>2026-07-14T22:18:29Z</time></trkpt><trkpt lat="40.74444932929414" lon="-74.01703339686932"><time>2026-07-14T22:18:30Z</time></trkpt><trkpt lat="40.74448544130192" lon="-74.01700843793279"><time>2026-07-14T22:18:31Z</time></trkpt><trkpt lat="40.74451491197832" lon="-74.01698984761973"><time>2026-07-14T22:18:32Z</time></trkpt><trkpt lat="40.744544093809154" lon="-74.01697088161832"><time>2026-07-14T22:18:33Z</time></trkpt><trkpt lat="40.74457334577038" lon="-74.01695058697085"><time>2026-07-14T22:18:34Z</time></trkpt><trkpt lat="40.74460554975643" lon="-74.01693469038314"><time>2026-07-14T22:18:35Z</time></trkpt><trkpt lat="40.74463180485681" lon="-74.01691440325274"><time>2026-07-14T22:18:36Z</time></trkpt><trkpt lat="40.74465998644372" lon="-74.01689534275205"><time>2026-07-14T22:18:37Z</time></trkpt><trkpt lat="40.744690888272125" lon="-74.01687335598695"><time>2026-07-14T22:18:38Z</time></trkpt><trkpt lat="40.744720286176864" lon="-74.01685369052385"><time>2026-07-14T22:18:39Z</time></trkpt><trkpt lat="40.74474713282096" lon="-74.01683942774514"><time>2026-07-14T22:18:40Z</time></trkpt><trkpt lat="40.744771625329" lon="-74.01681936316353"><time>2026-07-14T22:18:41Z</time></trkpt><trkpt lat="40.74479812505785" lon="-74.01678549734574"><time>2026-07-14T22:18:42Z</time></trkpt><trkpt lat="40.74480755222726" lon="-74.01674692575835"><time>2026-07-14T22:18:43Z</time></trkpt><trkpt lat="40.74481127013275" lon="-74.01671613007984"><time>2026-07-14T22:18:44Z</time></trkpt><trkpt lat="40.74480089457899" lon="-74.01666503934696"><time>2026-07-14T22:18:45Z</time></trkpt><trkpt lat="40.74479730910651" lon="-74.01662400054047"><time>2026-07-14T22:18:46Z</time></trkpt><trkpt lat="40.74477564451934" lon="-74.01658441560521"><time>2026-07-14T22:18:47Z</time></trkpt><trkpt lat="40.744742863653876" lon="-74.01656323376001"><time>2026-07-14T22:18:48Z</time></trkpt><trkpt lat="40.74470587813176" lon="-74.01654879085369"><time>2026-07-14T22:18:49Z</time></trkpt><trkpt lat="40.74468651979949" lon="-74.01652505522604"><time>2026-07-14T22:18:50Z</time></trkpt><trkpt lat="40.74466358777389" lon="-74.01648932637538"><time>2026-07-14T22:18:51Z</time></trkpt><trkpt lat="40.74464729743766" lon="-74.01644843092251"><time>2026-07-14T22:18:52Z</time></trkpt><trkpt lat="40.74462339886404" lon="-74.01640665257968"><time>2026-07-14T22:18:53Z</time></trkpt><trkpt lat="40.744607420161685" lon="-74.01636906426883"><time>2026-07-14T22:18:54Z</time></trkpt><trkpt lat="40.74457979949363" lon="-74.01633617731842"><time>2026-07-14T22:18:55Z</time></trkpt><trkpt lat="40.74455796191847" lon="-74.01630721003708"><time>2026-07-14T22:18:56Z</time></trkpt><trkpt lat="40.744532100907286" lon="-74.01627344854538"><time>2026-07-14T22:18:57Z</time></trkpt><trkpt lat="40.74451098082067" lon="-74.01623368634452"><time>2026-07-14T22:18:58Z</time></trkpt><trkpt lat="40.744494633132454" lon="-74.01619642498508"><time>2026-07-14T22:18:59Z</time></trkpt><trkpt lat="40.744474829927206" lon="-74.01616099420004"><time>2026-07-14T22:19:00Z</time></trkpt><trkpt lat="40.7444565770376" lon="-74.01613211350063"><time>2026-07-14T22:19:01Z</time></trkpt><trkpt lat="40.74443473886962" lon="-74.01611133131064"><time>2026-07-14T22:19:02Z</time></trkpt><trkpt lat="40.74441199759679" lon="-74.01608202133065"><time>2026-07-14T22:19:03Z</time></trkpt><trkpt lat="40.74438546480019" lon="-74.01605141412954"><time>2026-07-14T22:19:04Z</time></trkpt><trkpt lat="40.7443657946779" lon="-74.01602003832343"><time>2026-07-14T22:19:05Z</time></trkpt><trkpt lat="40.74434433381602" lon="-74.01599304510765"><time>2026-07-14T22:19:06Z</time></trkpt><trkpt lat="40.744316063267696" lon="-74.01596614425128"><time>2026-07-14T22:19:07Z</time></trkpt><trkpt lat="40.74428905742303" lon="-74.01593178987824"><time>2026-07-14T22:19:08Z</time></trkpt><trkpt lat="40.74426138024942" lon="-74.01589838451144"><time>2026-07-14T22:19:09Z</time></trkpt><trkpt lat="40.74423258197174" lon="-74.01587373682165"><time>2026-07-14T22:19:10Z</time></trkpt><trkpt lat="40.74420300910422" lon="-74.01585347697826"><time>2026-07-14T22:19:11Z</time></trkpt><trkpt lat="40.74417317285555" lon="-74.0158294940516"><time>2026-07-14T22:19:12Z</time></trkpt><trkpt lat="40.74415021976763" lon="-74.01580373055062"><time>2026-07-14T22:19:13Z</time></trkpt><trkpt lat="40.7441266288192" lon="-74.01577602159871"><time>2026-07-14T22:19:14Z</time></trkpt><trkpt lat="40.74410293309528" lon="-74.01574368601453"><time>2026-07-14T22:19:15Z</time></trkpt><trkpt lat="40.744082036056525" lon="-74.01571170191667"><time>2026-07-14T22:19:16Z</time></trkpt><trkpt lat="40.744054296491825" lon="-74.01567526737267"><time>2026-07-14T22:19:17Z</time></trkpt><trkpt lat="40.744017863094086" lon="-74.01565648949754"><time>2026-07-14T22:19:18Z</time></trkpt><trkpt lat="40.74398923923619" lon="-74.01561917859674"><time>2026-07-14T22:19:19Z</time></trkpt><trkpt lat="40.74396028150867" lon="-74.01559161059957"><time>2026-07-14T22:19:20Z</time></trkpt><trkpt lat="40.74393203684433" lon="-74.01557296455549"><time>2026-07-14T22:19:21Z</time></trkpt><trkpt lat="40.743895476331176" lon="-74.01554868721517"><time>2026-07-14T22:19:22Z</time></trkpt><trkpt lat="40.74387523886341" lon="-74.01552516423864"><time>2026-07-14T22:19:23Z</time></trkpt><trkpt lat="40.74385000364487" lon="-74.01549497559253"><time>2026-07-14T22:19:24Z</time></trkpt><trkpt lat="40.74383331434674" lon="-74.01546560914593"><time>2026-07-14T22:19:25Z</time></trkpt><trkpt lat="40.74381695890916" lon="-74.01543558179621"><time>2026-07-14T22:19:26Z</time></trkpt><trkpt lat="40.74379265576271" lon="-74.01539316415636"><time>2026-07-14T22:19:27Z</time></trkpt><trkpt lat="40.74376941017261" lon="-74.01536876748429"><time>2026-07-14T22:19:28Z</time></trkpt><trkpt lat="40.74374345734262" lon="-74.01533608119074"><time>2026-07-14T22:19:29Z</time></trkpt><trkpt lat="40.74372339988061" lon="-74.01529474665297"><time>2026-07-14T22:19:30Z</time></trkpt><trkpt lat="40.743696597341206" lon="-74.01526434749373"><time>2026-07-14T22:19:31Z</time></trkpt><trkpt lat="40.74367041017" lon="-74.01524367345195"><time>2026-07-14T22:19:32Z</time></trkpt><trkpt lat="40.74365140418237" lon="-74.01522092091565"><time>2026-07-14T22:19:33Z</time></trkpt><trkpt lat="40.74363230502057" lon="-74.01519094017922"><time>2026-07-14T22:19:34Z</time></trkpt><trkpt lat="40.7436105520651" lon="-74.01516936863014"><time>2026-07-14T22:19:35Z</time></trkpt><trkpt lat="40.74358931175212" lon="-74.01514364557221"><time>2026-07-14T22:19:36Z</time></trkpt><trkpt lat="40.743567498909975" lon="-74.01511356697691"><time>2026-07-14T22:19:37Z</time></trkpt><trkpt lat="40.74353885190351" lon="-74.01508579270455"><time>2026-07-14T22:19:38Z</time></trkpt><trkpt lat="40.74350971210285" lon="-74.01506542077622"><time>2026-07-14T22:19:39Z</time></trkpt><trkpt lat="40.743482837693115" lon="-74.0150477135523"><time>2026-07-14T22:19:40Z</time></trkpt><trkpt lat="40.74345826453528" lon="-74.01503222570383"><time>2026-07-14T22:19:41Z</time></trkpt><trkpt lat="40.74343542294097" lon="-74.01501279484167"><time>2026-07-14T22:19:42Z</time></trkpt><trkpt lat="40.74341307718781" lon="-74.01499643352427"><time>2026-07-14T22:19:43Z</time></trkpt><trkpt lat="40.743387366685866" lon="-74.01497642563541"><time>2026-07-14T22:19:44Z</time></trkpt><trkpt lat="40.74335806568127" lon="-74.01496150755727"><time>2026-07-14T22:19:45Z</time></trkpt><trkpt lat="40.74332681327352" lon="-74.01494436943723"><time>2026-07-14T22:19:46Z</time></trkpt><trkpt lat="40.743296779321156" lon="-74.01492486856795"><time>2026-07-14T22:19:47Z</time></trkpt><trkpt lat="40.743274566735515" lon="-74.01491197498478"><time>2026-07-14T22:19:48Z</time></trkpt><trkpt lat="40.743249053430084" lon="-74.01489349365042"><time>2026-07-14T22:19:49Z</time></trkpt><trkpt lat="40.74322612411155" lon="-74.01489582549375"><time>2026-07-14T22:19:50Z</time></trkpt><trkpt lat="40.743202158531204" lon="-74.01488869120148"><time>2026-07-14T22:19:51Z</time></trkpt><trkpt lat="40.74317791915715" lon="-74.0148851124766"><time>2026-07-14T22:19:52Z</time></trkpt><trkpt lat="40.743146179927955" lon="-74.01486941907724"><time>2026-07-14T22:19:53Z</time></trkpt><trkpt lat="40.743110414155176" lon="-74.01485134754971"><time>2026-07-14T22:19:54Z</time></trkpt><trkpt lat="40.74307829644225" lon="-74.01485287601905"><time>2026-07-14T22:19:55Z</time></trkpt><trkpt lat="40.74304161089864" lon="-74.0148348513998"><time>2026-07-14T22:19:57Z</time></trkpt><trkpt lat="40.743009090021665" lon="-74.01481457572625"><time>2026-07-14T22:19:58Z</time></trkpt><trkpt lat="40.742989043309365" lon="-74.0147836094471"><time>2026-07-14T22:19:59Z</time></trkpt><trkpt lat="40.74297096704357" lon="-74.01475629320983"><time>2026-07-14T22:20:00Z</time></trkpt><trkpt lat="40.74294098693736" lon="-74.01474719319441"><time>2026-07-14T22:20:01Z</time></trkpt><trkpt lat="40.742910548031276" lon="-74.01473252411463"><time>2026-07-14T22:20:02Z</time></trkpt><trkpt lat="40.74288011563521" lon="-74.0147118931093"><time>2026-07-14T22:20:03Z</time></trkpt><trkpt lat="40.742848190572815" lon="-74.01469395812279"><time>2026-07-14T22:20:04Z</time></trkpt><trkpt lat="40.742817613337415" lon="-74.01468359456113"><time>2026-07-14T22:20:05Z</time></trkpt><trkpt lat="40.74279118724963" lon="-74.01467726265288"><time>2026-07-14T22:20:06Z</time></trkpt><trkpt lat="40.74276639542599" lon="-74.01467122091735"><time>2026-07-14T22:20:07Z</time></trkpt><trkpt lat="40.742740958591575" lon="-74.01466473201074"><time>2026-07-14T22:20:08Z</time></trkpt><trkpt lat="40.7427150959711" lon="-74.01465230129476"><time>2026-07-14T22:20:09Z</time></trkpt><trkpt lat="40.74268773439776" lon="-74.01463778144827"><time>2026-07-14T22:20:10Z</time></trkpt><trkpt lat="40.74266012377412" lon="-74.0146217597593"><time>2026-07-14T22:20:11Z</time></trkpt><trkpt lat="40.7426325510901" lon="-74.01460681436534"><time>2026-07-14T22:20:12Z</time></trkpt><trkpt lat="40.7426046863642" lon="-74.01459537818417"><time>2026-07-14T22:20:13Z</time></trkpt><trkpt lat="40.74257307225321" lon="-74.01458414634085"><time>2026-07-14T22:20:14Z</time></trkpt><trkpt lat="40.74254881548206" lon="-74.01457193861536"><time>2026-07-14T22:20:15Z</time></trkpt><trkpt lat="40.74252115870706" lon="-74.01455905019667"><time>2026-07-14T22:20:16Z</time></trkpt><trkpt lat="40.742494070012" lon="-74.01454766564248"><time>2026-07-14T22:20:17Z</time></trkpt><trkpt lat="40.74246538441843" lon="-74.01453747718504"><time>2026-07-14T22:20:18Z</time></trkpt><trkpt lat="40.74243400473378" lon="-74.01453077286037"><time>2026-07-14T22:20:19Z</time></trkpt><trkpt lat="40.742404112649034" lon="-74.01452145343892"><time>2026-07-14T22:20:20Z</time></trkpt><trkpt lat="40.74237119947686" lon="-74.01450582319885"><time>2026-07-14T22:20:21Z</time></trkpt><trkpt lat="40.74233841656011" lon="-74.0144923567401"><time>2026-07-14T22:20:22Z</time></trkpt><trkpt lat="40.742309309030674" lon="-74.01448339671383"><time>2026-07-14T22:20:23Z</time></trkpt><trkpt lat="40.742278714198115" lon="-74.01447069734871"><time>2026-07-14T22:20:24Z</time></trkpt><trkpt lat="40.74224767239251" lon="-74.01446033872092"><time>2026-07-14T22:20:25Z</time></trkpt><trkpt lat="40.7422131839012" lon="-74.01444330359477"><time>2026-07-14T22:20:26Z</time></trkpt><trkpt lat="40.74218571092316" lon="-74.01443294875152"><time>2026-07-14T22:20:27Z</time></trkpt><trkpt lat="40.74215469741912" lon="-74.01442961934094"><time>2026-07-14T22:20:28Z</time></trkpt><trkpt lat="40.74212313332952" lon="-74.0144273174928"><time>2026-07-14T22:20:29Z</time></trkpt><trkpt lat="40.74208970188465" lon="-74.01442720714421"><time>2026-07-14T22:20:30Z</time></trkpt><trkpt lat="40.74206175250047" lon="-74.01442657111689"><time>2026-07-14T22:20:31Z</time></trkpt><trkpt lat="40.742036000788495" lon="-74.01442538449967"><time>2026-07-14T22:20:32Z</time></trkpt><trkpt lat="40.74200441959087" lon="-74.01441696561125"><time>2026-07-14T22:20:33Z</time></trkpt><trkpt lat="40.74197171700268" lon="-74.01440558783816"><time>2026-07-14T22:20:34Z</time></trkpt><trkpt lat="40.741940133840984" lon="-74.01439677253309"><time>2026-07-14T22:20:35Z</time></trkpt><trkpt lat="40.74191011079849" lon="-74.01439818625059"><time>2026-07-14T22:20:36Z</time></trkpt><trkpt lat="40.74188477314254" lon="-74.01440066370628"><time>2026-07-14T22:20:37Z</time></trkpt><trkpt lat="40.74185728983525" lon="-74.0144086982671"><time>2026-07-14T22:20:38Z</time></trkpt><trkpt lat="40.74182981647231" lon="-74.01441058575607"><time>2026-07-14T22:20:39Z</time></trkpt><trkpt lat="40.74179687968474" lon="-74.01440041268907"><time>2026-07-14T22:20:40Z</time></trkpt><trkpt lat="40.7417719181313" lon="-74.01439143518772"><time>2026-07-14T22:20:41Z</time></trkpt><trkpt lat="40.741745061305146" lon="-74.01438530444186"><time>2026-07-14T22:20:42Z</time></trkpt><trkpt lat="40.74171554601991" lon="-74.01439791389613"><time>2026-07-14T22:20:43Z</time></trkpt><trkpt lat="40.74169610393483" lon="-74.01441416207628"><time>2026-07-14T22:20:44Z</time></trkpt><trkpt lat="40.741672010494064" lon="-74.01438459821586"><time>2026-07-14T22:20:45Z</time></trkpt><trkpt lat="40.74163743432939" lon="-74.01438454142756"><time>2026-07-14T22:20:46Z</time></trkpt><trkpt lat="40.74161479438278" lon="-74.0144006106867"><time>2026-07-14T22:20:47Z</time></trkpt><trkpt lat="40.74160297288762" lon="-74.01442159214665"><time>2026-07-14T22:20:48Z</time></trkpt><trkpt lat="40.74157882139038" lon="-74.01443830317145"><time>2026-07-14T22:20:50Z</time></trkpt><trkpt lat="40.74158365512707" lon="-74.01446346682823"><time>2026-07-14T22:20:52Z</time></trkpt><trkpt lat="40.74159442385632" lon="-74.0144883915189"><time>2026-07-14T22:20:53Z</time></trkpt><trkpt lat="40.74160379794404" lon="-74.01451188706312"><time>2026-07-14T22:20:54Z</time></trkpt><trkpt lat="40.741612402560634" lon="-74.01453671882102"><time>2026-07-14T22:20:55Z</time></trkpt><trkpt lat="40.74163875217257" lon="-74.01458244838328"><time>2026-07-14T22:20:57Z</time></trkpt><trkpt lat="40.74165764505992" lon="-74.01461515425228"><time>2026-07-14T22:20:58Z</time></trkpt><trkpt lat="40.74167458080825" lon="-74.01463982548968"><time>2026-07-14T22:20:59Z</time></trkpt><trkpt lat="40.741689731258646" lon="-74.01466975468531"><time>2026-07-14T22:21:00Z</time></trkpt><trkpt lat="40.74170773481296" lon="-74.01469586563525"><time>2026-07-14T22:21:01Z</time></trkpt><trkpt lat="40.74171983923742" lon="-74.01472414532893"><time>2026-07-14T22:21:02Z</time></trkpt><trkpt lat="40.74173542545564" lon="-74.01475258222425"><time>2026-07-14T22:21:03Z</time></trkpt><trkpt lat="40.74175316230014" lon="-74.01477395594104"><time>2026-07-14T22:21:04Z</time></trkpt><trkpt lat="40.74178540444838" lon="-74.01480751095615"><time>2026-07-14T22:21:05Z</time></trkpt><trkpt lat="40.74181535447186" lon="-74.01483567973409"><time>2026-07-14T22:21:06Z</time></trkpt><trkpt lat="40.74184488416936" lon="-74.01485915052248"><time>2026-07-14T22:21:07Z</time></trkpt><trkpt lat="40.741871757231216" lon="-74.01488624502119"><time>2026-07-14T22:21:08Z</time></trkpt><trkpt lat="40.741895197627706" lon="-74.01491010862058"><time>2026-07-14T22:21:09Z</time></trkpt><trkpt lat="40.741914541572086" lon="-74.01494226809272"><time>2026-07-14T22:21:10Z</time></trkpt><trkpt lat="40.741931705218406" lon="-74.01496988461068"><time>2026-07-14T22:21:11Z</time></trkpt><trkpt lat="40.7419457685547" lon="-74.01499420175526"><time>2026-07-14T22:21:12Z</time></trkpt><trkpt lat="40.74197670813799" lon="-74.01501696597278"><time>2026-07-14T22:21:13Z</time></trkpt><trkpt lat="40.74200228621852" lon="-74.0150403843992"><time>2026-07-14T22:21:14Z</time></trkpt><trkpt lat="40.74202724668965" lon="-74.01506821525987"><time>2026-07-14T22:21:15Z</time></trkpt><trkpt lat="40.74204423027135" lon="-74.0151046342853"><time>2026-07-14T22:21:16Z</time></trkpt><trkpt lat="40.74206453221093" lon="-74.01510917511176"><time>2026-07-14T22:21:17Z</time></trkpt><trkpt lat="40.74209141780437" lon="-74.0151420181433"><time>2026-07-14T22:21:18Z</time></trkpt><trkpt lat="40.74211264454317" lon="-74.01516688957494"><time>2026-07-14T22:21:19Z</time></trkpt><trkpt lat="40.74213837618307" lon="-74.01519535496726"><time>2026-07-14T22:21:20Z</time></trkpt><trkpt lat="40.74215615319077" lon="-74.01522567970613"><time>2026-07-14T22:21:21Z</time></trkpt><trkpt lat="40.742174918613564" lon="-74.01525803614777"><time>2026-07-14T22:21:22Z</time></trkpt><trkpt lat="40.74219397608149" lon="-74.01528929231354"><time>2026-07-14T22:21:23Z</time></trkpt><trkpt lat="40.74221286928947" lon="-74.01531270110124"><time>2026-07-14T22:21:24Z</time></trkpt><trkpt lat="40.742236218448355" lon="-74.0153367221855"><time>2026-07-14T22:21:25Z</time></trkpt><trkpt lat="40.742261691371084" lon="-74.01536253997155"><time>2026-07-14T22:21:26Z</time></trkpt><trkpt lat="40.74228569977148" lon="-74.01539213480605"><time>2026-07-14T22:21:27Z</time></trkpt><trkpt lat="40.742314487913795" lon="-74.0154197487262"><time>2026-07-14T22:21:28Z</time></trkpt><trkpt lat="40.7423420763758" lon="-74.015442512718"><time>2026-07-14T22:21:29Z</time></trkpt><trkpt lat="40.74237290661854" lon="-74.01545854129354"><time>2026-07-14T22:21:30Z</time></trkpt><trkpt lat="40.742404425210836" lon="-74.01546747976371"><time>2026-07-14T22:21:31Z</time></trkpt><trkpt lat="40.742431696361685" lon="-74.01550056758853"><time>2026-07-14T22:21:32Z</time></trkpt><trkpt lat="40.742465653812516" lon="-74.01551968964537"><time>2026-07-14T22:21:33Z</time></trkpt><trkpt lat="40.742499587005824" lon="-74.01554170921003"><time>2026-07-14T22:21:34Z</time></trkpt><trkpt lat="40.74253215613794" lon="-74.01556721567525"><time>2026-07-14T22:21:35Z</time></trkpt><trkpt lat="40.74256472559644" lon="-74.01558812042116"><time>2026-07-14T22:21:36Z</time></trkpt><trkpt lat="40.742601284691595" lon="-74.01560292626846"><time>2026-07-14T22:21:37Z</time></trkpt><trkpt lat="40.742630075663" lon="-74.01561193256359"><time>2026-07-14T22:21:38Z</time></trkpt><trkpt lat="40.742657314085506" lon="-74.01562674369477"><time>2026-07-14T22:21:39Z</time></trkpt><trkpt lat="40.74268784507237" lon="-74.01564659716459"><time>2026-07-14T22:21:40Z</time></trkpt><trkpt lat="40.74272074062245" lon="-74.01567014410436"><time>2026-07-14T22:21:41Z</time></trkpt><trkpt lat="40.742753489081224" lon="-74.0156941404516"><time>2026-07-14T22:21:42Z</time></trkpt><trkpt lat="40.74278454807043" lon="-74.01571391411161"><time>2026-07-14T22:21:43Z</time></trkpt><trkpt lat="40.74280674479638" lon="-74.01573709933895"><time>2026-07-14T22:21:44Z</time></trkpt><trkpt lat="40.74284616363487" lon="-74.01575411805062"><time>2026-07-14T22:21:45Z</time></trkpt><trkpt lat="40.74288146149298" lon="-74.01576560588214"><time>2026-07-14T22:21:46Z</time></trkpt><trkpt lat="40.74291132887031" lon="-74.01578903577855"><time>2026-07-14T22:21:47Z</time></trkpt><trkpt lat="40.742948372621896" lon="-74.01580524688168"><time>2026-07-14T22:21:48Z</time></trkpt><trkpt lat="40.74296648752673" lon="-74.01583332399497"><time>2026-07-14T22:21:49Z</time></trkpt><trkpt lat="40.74299815740653" lon="-74.01584759481024"><time>2026-07-14T22:21:50Z</time></trkpt><trkpt lat="40.74303134498734" lon="-74.01585626571148"><time>2026-07-14T22:21:51Z</time></trkpt><trkpt lat="40.74306258091742" lon="-74.01586733989603"><time>2026-07-14T22:21:52Z</time></trkpt><trkpt lat="40.743091942028066" lon="-74.01587223757295"><time>2026-07-14T22:21:53Z</time></trkpt><trkpt lat="40.74312372028127" lon="-74.01588055372542"><time>2026-07-14T22:21:54Z</time></trkpt><trkpt lat="40.74315418333231" lon="-74.01588213602072"><time>2026-07-14T22:21:55Z</time></trkpt><trkpt lat="40.74318682593055" lon="-74.01588492948908"><time>2026-07-14T22:21:56Z</time></trkpt><trkpt lat="40.743220631882274" lon="-74.01588779344723"><time>2026-07-14T22:21:57Z</time></trkpt><trkpt lat="40.74325544180766" lon="-74.01588796486278"><time>2026-07-14T22:21:58Z</time></trkpt><trkpt lat="40.743291738922984" lon="-74.01588856617063"><time>2026-07-14T22:21:59Z</time></trkpt><trkpt lat="40.74332598781659" lon="-74.01588755460999"><time>2026-07-14T22:22:00Z</time></trkpt><trkpt lat="40.74335730312666" lon="-74.01588360566835"><time>2026-07-14T22:22:01Z</time></trkpt><trkpt lat="40.74338528591412" lon="-74.0158804799873"><time>2026-07-14T22:22:02Z</time></trkpt><trkpt lat="40.74340993147006" lon="-74.01587844152665"><time>2026-07-14T22:22:03Z</time></trkpt><trkpt lat="40.743434832596485" lon="-74.01587843906539"><time>2026-07-14T22:22:04Z</time></trkpt><trkpt lat="40.74348994763137" lon="-74.01587758819124"><time>2026-07-14T22:22:06Z</time></trkpt><trkpt lat="40.74352633776344" lon="-74.01587699208783"><time>2026-07-14T22:22:07Z</time></trkpt><trkpt lat="40.74358504751712" lon="-74.01587188773863"><time>2026-07-14T22:22:09Z</time></trkpt><trkpt lat="40.74361181128268" lon="-74.01586579109485"><time>2026-07-14T22:22:10Z</time></trkpt><trkpt lat="40.74366070440961" lon="-74.01585843799967"><time>2026-07-14T22:22:12Z</time></trkpt><trkpt lat="40.743692952146034" lon="-74.01585521531952"><time>2026-07-14T22:22:13Z</time></trkpt><trkpt lat="40.743728483350175" lon="-74.01585062410916"><time>2026-07-14T22:22:14Z</time></trkpt><trkpt lat="40.74376199955252" lon="-74.01584629259699"><time>2026-07-14T22:22:15Z</time></trkpt><trkpt lat="40.74379136573063" lon="-74.01584211175457"><time>2026-07-14T22:22:16Z</time></trkpt><trkpt lat="40.743820074167516" lon="-74.01583734266394"><time>2026-07-14T22:22:17Z</time></trkpt><trkpt lat="40.74384466668984" lon="-74.01582709017556"><time>2026-07-14T22:22:18Z</time></trkpt><trkpt lat="40.74387479480765" lon="-74.01582484412857"><time>2026-07-14T22:22:19Z</time></trkpt><trkpt lat="40.74390391398096" lon="-74.01581895874246"><time>2026-07-14T22:22:20Z</time></trkpt><trkpt lat="40.74393478363244" lon="-74.01581323586929"><time>2026-07-14T22:22:21Z</time></trkpt><trkpt lat="40.74396767668027" lon="-74.01580958729366"><time>2026-07-14T22:22:22Z</time></trkpt><trkpt lat="40.743999767398655" lon="-74.01580379982278"><time>2026-07-14T22:22:23Z</time></trkpt><trkpt lat="40.74402696020737" lon="-74.01579695466116"><time>2026-07-14T22:22:24Z</time></trkpt><trkpt lat="40.744054365177405" lon="-74.01579196116928"><time>2026-07-14T22:22:25Z</time></trkpt><trkpt lat="40.74408550378673" lon="-74.01578680132074"><time>2026-07-14T22:22:26Z</time></trkpt><trkpt lat="40.744116902858636" lon="-74.0157792586108"><time>2026-07-14T22:22:27Z</time></trkpt><trkpt lat="40.74414573288837" lon="-74.01576921532805"><time>2026-07-14T22:22:28Z</time></trkpt><trkpt lat="40.74417714665861" lon="-74.01575990642178"><time>2026-07-14T22:22:29Z</time></trkpt><trkpt lat="40.74420966428314" lon="-74.01575121856416"><time>2026-07-14T22:22:30Z</time></trkpt><trkpt lat="40.74423873697371" lon="-74.01574075534852"><time>2026-07-14T22:22:31Z</time></trkpt><trkpt lat="40.744264999923786" lon="-74.01573118213166"><time>2026-07-14T22:22:32Z</time></trkpt><trkpt lat="40.7442870000767" lon="-74.01572357764812"><time>2026-07-14T22:22:33Z</time></trkpt><trkpt lat="40.74431500788573" lon="-74.01571353104337"><time>2026-07-14T22:22:34Z</time></trkpt><trkpt lat="40.74434534774131" lon="-74.01570175817108"><time>2026-07-14T22:22:35Z</time></trkpt><trkpt lat="40.74437172583387" lon="-74.0156910665406"><time>2026-07-14T22:22:36Z</time></trkpt><trkpt lat="40.744397526302336" lon="-74.01568219664738"><time>2026-07-14T22:22:37Z</time></trkpt><trkpt lat="40.744423084292144" lon="-74.0156719744768"><time>2026-07-14T22:22:38Z</time></trkpt><trkpt lat="40.7444439519649" lon="-74.01566107784943"><time>2026-07-14T22:22:39Z</time></trkpt><trkpt lat="40.74446951616613" lon="-74.0156517278443"><time>2026-07-14T22:22:40Z</time></trkpt><trkpt lat="40.74449482703193" lon="-74.01564459051247"><time>2026-07-14T22:22:41Z</time></trkpt><trkpt lat="40.74452137290044" lon="-74.01563767946172"><time>2026-07-14T22:22:42Z</time></trkpt><trkpt lat="40.74454384078257" lon="-74.01562918783452"><time>2026-07-14T22:22:43Z</time></trkpt><trkpt lat="40.74456870727607" lon="-74.01562273233549"><time>2026-07-14T22:22:44Z</time></trkpt><trkpt lat="40.744590741461536" lon="-74.01562485189393"><time>2026-07-14T22:22:45Z</time></trkpt><trkpt lat="40.744615584306295" lon="-74.01564057637613"><time>2026-07-14T22:22:46Z</time></trkpt><trkpt lat="40.744632234730275" lon="-74.01566772195788"><time>2026-07-14T22:22:47Z</time></trkpt><trkpt lat="40.74463677812244" lon="-74.01569732328943"><time>2026-07-14T22:22:48Z</time></trkpt><trkpt lat="40.74463058039467" lon="-74.01574111459796"><time>2026-07-14T22:22:50Z</time></trkpt><trkpt lat="40.74462341899691" lon="-74.01576373645402"><time>2026-07-14T22:22:51Z</time></trkpt><trkpt lat="40.74461859446955" lon="-74.01580273576381"><time>2026-07-14T22:22:53Z</time></trkpt><trkpt lat="40.744621819068406" lon="-74.01583937830748"><time>2026-07-14T22:22:55Z</time></trkpt><trkpt lat="40.74463899456222" lon="-74.01588014479887"><time>2026-07-14T22:22:57Z</time></trkpt><trkpt lat="40.744638311506584" lon="-74.01590398002523"><time>2026-07-14T22:22:58Z</time></trkpt><trkpt lat="40.744648521903095" lon="-74.01594033800225"><time>2026-07-14T22:23:00Z</time></trkpt><trkpt lat="40.744656743079105" lon="-74.01596276569589"><time>2026-07-14T22:23:01Z</time></trkpt><trkpt lat="40.74467269882246" lon="-74.01600283668675"><time>2026-07-14T22:23:03Z</time></trkpt><trkpt lat="40.74468383379602" lon="-74.01602656083776"><time>2026-07-14T22:23:04Z</time></trkpt><trkpt lat="40.744694705585935" lon="-74.01605401968291"><time>2026-07-14T22:23:05Z</time></trkpt><trkpt lat="40.74470494809314" lon="-74.01608461802792"><time>2026-07-14T22:23:06Z</time></trkpt><trkpt lat="40.744713902593425" lon="-74.01610823432921"><time>2026-07-14T22:23:07Z</time></trkpt><trkpt lat="40.744717189270546" lon="-74.01613207201595"><time>2026-07-14T22:23:08Z</time></trkpt><trkpt lat="40.7447170306061" lon="-74.01616354219345"><time>2026-07-14T22:23:09Z</time></trkpt><trkpt lat="40.744697094500204" lon="-74.01620062025574"><time>2026-07-14T22:23:11Z</time></trkpt><trkpt lat="40.74467322469287" lon="-74.01619977776159"><time>2026-07-14T22:23:13Z</time></trkpt><trkpt lat="40.74465488927939" lon="-74.01620130865058"><time>2026-07-14T22:23:14Z</time></trkpt><trkpt lat="40.74463483221436" lon="-74.01619298926755"><time>2026-07-14T22:23:15Z</time></trkpt><trkpt lat="40.74461375462972" lon="-74.0161743570282"><time>2026-07-14T22:23:16Z</time></trkpt><trkpt lat="40.74457524723676" lon="-74.01617175124173"><time>2026-07-14T22:23:18Z</time></trkpt><trkpt lat="40.74455404441542" lon="-74.01615311112387"><time>2026-07-14T22:23:19Z</time></trkpt><trkpt lat="40.744531331495516" lon="-74.01614918034912"><time>2026-07-14T22:23:20Z</time></trkpt><trkpt lat="40.74450392677061" lon="-74.01613647881933"><time>2026-07-14T22:23:21Z</time></trkpt><trkpt lat="40.74447813549496" lon="-74.01612505923737"><time>2026-07-14T22:23:22Z</time></trkpt><trkpt lat="40.744453712729516" lon="-74.01610776348245"><time>2026-07-14T22:23:23Z</time></trkpt><trkpt lat="40.74442303552308" lon="-74.01609130614887"><time>2026-07-14T22:23:24Z</time></trkpt><trkpt lat="40.74439465589037" lon="-74.01607388240522"><time>2026-07-14T22:23:25Z</time></trkpt><trkpt lat="40.744367402655705" lon="-74.01604911496504"><time>2026-07-14T22:23:26Z</time></trkpt><trkpt lat="40.744340998103965" lon="-74.016024245412"><time>2026-07-14T22:23:27Z</time></trkpt><trkpt lat="40.744315027823724" lon="-74.0159950873313"><time>2026-07-14T22:23:28Z</time></trkpt><trkpt lat="40.744293730789465" lon="-74.01596377735915"><time>2026-07-14T22:23:29Z</time></trkpt><trkpt lat="40.74427212155318" lon="-74.0159293139685"><time>2026-07-14T22:23:30Z</time></trkpt><trkpt lat="40.74424229359956" lon="-74.01590447209212"><time>2026-07-14T22:23:31Z</time></trkpt><trkpt lat="40.74421612349615" lon="-74.01587858877753"><time>2026-07-14T22:23:32Z</time></trkpt><trkpt lat="40.74419587819152" lon="-74.01585178992916"><time>2026-07-14T22:23:33Z</time></trkpt><trkpt lat="40.74418467589571" lon="-74.01582629838543"><time>2026-07-14T22:23:34Z</time></trkpt><trkpt lat="40.7441719712633" lon="-74.01579308043144"><time>2026-07-14T22:23:35Z</time></trkpt><trkpt lat="40.744160701535804" lon="-74.01575845042504"><time>2026-07-14T22:23:36Z</time></trkpt><trkpt lat="40.74415392602195" lon="-74.01572680559312"><time>2026-07-14T22:23:37Z</time></trkpt><trkpt lat="40.74414632805449" lon="-74.01568542008691"><time>2026-07-14T22:23:38Z</time></trkpt><trkpt lat="40.74413860048378" lon="-74.015651111793"><time>2026-07-14T22:23:39Z</time></trkpt><trkpt lat="40.74412416379043" lon="-74.01561840896092"><time>2026-07-14T22:23:40Z</time></trkpt><trkpt lat="40.74411002203853" lon="-74.01558466560095"><time>2026-07-14T22:23:41Z</time></trkpt><trkpt lat="40.74410343047959" lon="-74.01555458539947"><time>2026-07-14T22:23:42Z</time></trkpt><trkpt lat="40.74409523175815" lon="-74.01552211370696"><time>2026-07-14T22:23:43Z</time></trkpt><trkpt lat="40.74408867075875" lon="-74.01549243896905"><time>2026-07-14T22:23:44Z</time></trkpt><trkpt lat="40.74407898316573" lon="-74.01546101644249"><time>2026-07-14T22:23:45Z</time></trkpt><trkpt lat="40.74405513023249" lon="-74.01540835039799"><time>2026-07-14T22:23:47Z</time></trkpt><trkpt lat="40.7440498901713" lon="-74.01537401638328"><time>2026-07-14T22:23:48Z</time></trkpt><trkpt lat="40.74404182652567" lon="-74.0153462034434"><time>2026-07-14T22:23:49Z</time></trkpt><trkpt lat="40.744027383454245" lon="-74.01531980282367"><time>2026-07-14T22:23:50Z</time></trkpt><trkpt lat="40.74400656431546" lon="-74.0153006796491"><time>2026-07-14T22:23:51Z</time></trkpt><trkpt lat="40.74398548767125" lon="-74.01529050705818"><time>2026-07-14T22:23:52Z</time></trkpt><trkpt lat="40.743965629541584" lon="-74.01528553061566"><time>2026-07-14T22:23:53Z</time></trkpt><trkpt lat="40.74394512640887" lon="-74.01527824841453"><time>2026-07-14T22:23:54Z</time></trkpt><trkpt lat="40.74392395991997" lon="-74.0152740454482"><time>2026-07-14T22:23:55Z</time></trkpt><trkpt lat="40.743893920352875" lon="-74.01529200219719"><time>2026-07-14T22:23:57Z</time></trkpt><trkpt lat="40.7438867076269" lon="-74.01531775470835"><time>2026-07-14T22:23:58Z</time></trkpt><trkpt lat="40.74388385769808" lon="-74.01534176133048"><time>2026-07-14T22:24:01Z</time></trkpt><trkpt lat="40.74389338124132" lon="-74.01537548608039"><time>2026-07-14T22:24:03Z</time></trkpt><trkpt lat="40.74389735931194" lon="-74.0154022693583"><time>2026-07-14T22:24:04Z</time></trkpt><trkpt lat="40.74392057078026" lon="-74.01543933592323"><time>2026-07-14T22:24:07Z</time></trkpt><trkpt lat="40.74393077472374" lon="-74.01546083433684"><time>2026-07-14T22:24:08Z</time></trkpt><trkpt lat="40.743954411465324" lon="-74.01549166768402"><time>2026-07-14T22:24:10Z</time></trkpt><trkpt lat="40.74397069242292" lon="-74.01551048464513"><time>2026-07-14T22:24:11Z</time></trkpt><trkpt lat="40.74398441259336" lon="-74.01552959736523"><time>2026-07-14T22:24:12Z</time></trkpt><trkpt lat="40.74399848841399" lon="-74.01554885661947"><time>2026-07-14T22:24:13Z</time></trkpt><trkpt lat="40.74401555530514" lon="-74.01556882836125"><time>2026-07-14T22:24:14Z</time></trkpt><trkpt lat="40.7440345426124" lon="-74.01559260959752"><time>2026-07-14T22:24:15Z</time></trkpt><trkpt lat="40.74405092680465" lon="-74.01561663595639"><time>2026-07-14T22:24:16Z</time></trkpt><trkpt lat="40.744070620578114" lon="-74.01563936025197"><time>2026-07-14T22:24:17Z</time></trkpt><trkpt lat="40.74409409362469" lon="-74.01566156495318"><time>2026-07-14T22:24:18Z</time></trkpt><trkpt lat="40.74412809012419" lon="-74.01571902709779"><time>2026-07-14T22:24:20Z</time></trkpt><trkpt lat="40.744142627934124" lon="-74.01575018819483"><time>2026-07-14T22:24:21Z</time></trkpt><trkpt lat="40.74414684145008" lon="-74.0157802413186"><time>2026-07-14T22:24:22Z</time></trkpt><trkpt lat="40.74415493621932" lon="-74.0158272356792"><time>2026-07-14T22:24:23Z</time></trkpt><trkpt lat="40.74415240402905" lon="-74.01585519082009"><time>2026-07-14T22:24:24Z</time></trkpt><trkpt lat="40.74418537318301" lon="-74.01590234425488"><time>2026-07-14T22:24:26Z</time></trkpt><trkpt lat="40.744215502895564" lon="-74.0159371242126"><time>2026-07-14T22:24:27Z</time></trkpt><trkpt lat="40.74423541036321" lon="-74.01598324748973"><time>2026-07-14T22:24:28Z</time></trkpt><trkpt lat="40.74423424137073" lon="-74.01603202005465"><time>2026-07-14T22:24:29Z</time></trkpt><trkpt lat="40.74425136087472" lon="-74.01605597425984"><time>2026-07-14T22:24:30Z</time></trkpt><trkpt lat="40.74426889697438" lon="-74.01607853448023"><time>2026-07-14T22:24:31Z</time></trkpt><trkpt lat="40.744299426837976" lon="-74.0160941960606"><time>2026-07-14T22:24:32Z</time></trkpt><trkpt lat="40.74431477286325" lon="-74.01612053706651"><time>2026-07-14T22:24:33Z</time></trkpt><trkpt lat="40.74432658162092" lon="-74.01616364536225"><time>2026-07-14T22:24:34Z</time></trkpt><trkpt lat="40.74434029367556" lon="-74.01620225907942"><time>2026-07-14T22:24:35Z</time></trkpt><trkpt lat="40.74435815699098" lon="-74.01623857469846"><time>2026-07-14T22:24:36Z</time></trkpt><trkpt lat="40.7443766498078" lon="-74.01627058349978"><time>2026-07-14T22:24:37Z</time></trkpt><trkpt lat="40.7443911354264" lon="-74.01630840032486"><time>2026-07-14T22:24:38Z</time></trkpt><trkpt lat="40.74441172023081" lon="-74.01634576395398"><time>2026-07-14T22:24:39Z</time></trkpt><trkpt lat="40.74442715329587" lon="-74.01638681713344"><time>2026-07-14T22:24:40Z</time></trkpt><trkpt lat="40.74444079254668" lon="-74.0164293527233"><time>2026-07-14T22:24:41Z</time></trkpt><trkpt lat="40.74445176073054" lon="-74.01646286620955"><time>2026-07-14T22:24:42Z</time></trkpt><trkpt lat="40.7444560487725" lon="-74.01650170389698"><time>2026-07-14T22:24:43Z</time></trkpt><trkpt lat="40.74446457536833" lon="-74.01653913248305"><time>2026-07-14T22:24:44Z</time></trkpt><trkpt lat="40.744478635842" lon="-74.01657606342489"><time>2026-07-14T22:24:45Z</time></trkpt><trkpt lat="40.744492268620974" lon="-74.01661249972847"><time>2026-07-14T22:24:46Z</time></trkpt><trkpt lat="40.744509580560965" lon="-74.01664942160217"><time>2026-07-14T22:24:47Z</time></trkpt><trkpt lat="40.74452344777571" lon="-74.01668704734092"><time>2026-07-14T22:24:48Z</time></trkpt><trkpt lat="40.74453296395938" lon="-74.01672561269822"><time>2026-07-14T22:24:49Z</time></trkpt><trkpt lat="40.74454560371368" lon="-74.01676392605177"><time>2026-07-14T22:24:50Z</time></trkpt><trkpt lat="40.74455657502696" lon="-74.0167998625227"><time>2026-07-14T22:24:51Z</time></trkpt><trkpt lat="40.744568690662" lon="-74.01683690215289"><time>2026-07-14T22:24:52Z</time></trkpt><trkpt lat="40.74458301765261" lon="-74.01687614955401"><time>2026-07-14T22:24:53Z</time></trkpt><trkpt lat="40.74459676344361" lon="-74.01691483571032"><time>2026-07-14T22:24:54Z</time></trkpt><trkpt lat="40.744608364716946" lon="-74.0169547397921"><time>2026-07-14T22:24:55Z</time></trkpt><trkpt lat="40.7446224758594" lon="-74.01699279829482"><time>2026-07-14T22:24:56Z</time></trkpt><trkpt lat="40.74463851057877" lon="-74.01703169340506"><time>2026-07-14T22:24:57Z</time></trkpt><trkpt lat="40.74465166561098" lon="-74.01706912576236"><time>2026-07-14T22:24:58Z</time></trkpt><trkpt lat="40.74466482005239" lon="-74.01710351735035"><time>2026-07-14T22:24:59Z</time></trkpt><trkpt lat="40.74468467412646" lon="-74.01713580532923"><time>2026-07-14T22:25:00Z</time></trkpt><trkpt lat="40.74470590672007" lon="-74.01716872880304"><time>2026-07-14T22:25:01Z</time></trkpt><trkpt lat="40.74472884958744" lon="-74.01720300143829"><time>2026-07-14T22:25:02Z</time></trkpt><trkpt lat="40.74475506033227" lon="-74.01723730526389"><time>2026-07-14T22:25:03Z</time></trkpt><trkpt lat="40.74477972404594" lon="-74.01727073305025"><time>2026-07-14T22:25:04Z</time></trkpt><trkpt lat="40.74479957263193" lon="-74.01730663990273"><time>2026-07-14T22:25:05Z</time></trkpt><trkpt lat="40.744817401705916" lon="-74.01734359232864"><time>2026-07-14T22:25:06Z</time></trkpt><trkpt lat="40.74483599588512" lon="-74.01737805895148"><time>2026-07-14T22:25:07Z</time></trkpt><trkpt lat="40.744854911573334" lon="-74.01741304163215"><time>2026-07-14T22:25:08Z</time></trkpt><trkpt lat="40.744871918605405" lon="-74.0174479777042"><time>2026-07-14T22:25:09Z</time></trkpt><trkpt lat="40.744892092557016" lon="-74.01748475681894"><time>2026-07-14T22:25:10Z</time></trkpt><trkpt lat="40.74490562341572" lon="-74.01752124282821"><time>2026-07-14T22:25:11Z</time></trkpt><trkpt lat="40.74492041370409" lon="-74.01755709460706"><time>2026-07-14T22:25:12Z</time></trkpt><trkpt lat="40.744942434263585" lon="-74.01759031290855"><time>2026-07-14T22:25:13Z</time></trkpt><trkpt lat="40.7449752324848" lon="-74.0176209720921"><time>2026-07-14T22:25:14Z</time></trkpt><trkpt lat="40.74500293502526" lon="-74.01765428840598"><time>2026-07-14T22:25:15Z</time></trkpt><trkpt lat="40.74502946540348" lon="-74.01768682951975"><time>2026-07-14T22:25:16Z</time></trkpt><trkpt lat="40.745054990649734" lon="-74.01770948488586"><time>2026-07-14T22:25:17Z</time></trkpt><trkpt lat="40.74508231369142" lon="-74.017729666802"><time>2026-07-14T22:25:18Z</time></trkpt><trkpt lat="40.74510346911181" lon="-74.0177429825837"><time>2026-07-14T22:25:19Z</time></trkpt><trkpt lat="40.74512831337717" lon="-74.01776239871099"><time>2026-07-14T22:25:20Z</time></trkpt><trkpt lat="40.74514865864331" lon="-74.01778492681318"><time>2026-07-14T22:25:21Z</time></trkpt><trkpt lat="40.745180349002325" lon="-74.01781369013663"><time>2026-07-14T22:25:22Z</time></trkpt><trkpt lat="40.74521849268772" lon="-74.01783686431823"><time>2026-07-14T22:25:23Z</time></trkpt><trkpt lat="40.74524996111615" lon="-74.01786451012761"><time>2026-07-14T22:25:24Z</time></trkpt><trkpt lat="40.74527841387128" lon="-74.01787979890985"><time>2026-07-14T22:25:25Z</time></trkpt><trkpt lat="40.74530272196957" lon="-74.01789111250001"><time>2026-07-14T22:25:26Z</time></trkpt><trkpt lat="40.7453290246218" lon="-74.0179024379108"><time>2026-07-14T22:25:27Z</time></trkpt><trkpt lat="40.74535485358358" lon="-74.01791817854445"><time>2026-07-14T22:25:28Z</time></trkpt><trkpt lat="40.74538404917172" lon="-74.01793674997275"><time>2026-07-14T22:25:29Z</time></trkpt><trkpt lat="40.74541401078071" lon="-74.01795145521338"><time>2026-07-14T22:25:30Z</time></trkpt><trkpt lat="40.74544313788004" lon="-74.01796318181418"><time>2026-07-14T22:25:31Z</time></trkpt><trkpt lat="40.74546729169781" lon="-74.01797661579442"><time>2026-07-14T22:25:32Z</time></trkpt><trkpt lat="40.7454936884424" lon="-74.01798984356905"><time>2026-07-14T22:25:33Z</time></trkpt><trkpt lat="40.74551740586222" lon="-74.01799831523165"><time>2026-07-14T22:25:34Z</time></trkpt><trkpt lat="40.74554514554802" lon="-74.01800875336046"><time>2026-07-14T22:25:35Z</time></trkpt><trkpt lat="40.74557575701269" lon="-74.01802042543007"><time>2026-07-14T22:25:36Z</time></trkpt><trkpt lat="40.74560954732187" lon="-74.01803731745969"><time>2026-07-14T22:25:37Z</time></trkpt><trkpt lat="40.74564228848962" lon="-74.0180550950964"><time>2026-07-14T22:25:38Z</time></trkpt><trkpt lat="40.74567235613219" lon="-74.01807804162186"><time>2026-07-14T22:25:39Z</time></trkpt><trkpt lat="40.745702592675514" lon="-74.01809294994892"><time>2026-07-14T22:25:40Z</time></trkpt><trkpt lat="40.745731400085084" lon="-74.0180951309635"><time>2026-07-14T22:25:41Z</time></trkpt><trkpt lat="40.745761590403525" lon="-74.0181076119762"><time>2026-07-14T22:25:42Z</time></trkpt><trkpt lat="40.74579280028056" lon="-74.01812481095587"><time>2026-07-14T22:25:43Z</time></trkpt><trkpt lat="40.74582218785783" lon="-74.01814499842551"><time>2026-07-14T22:25:44Z</time></trkpt><trkpt lat="40.74585000976953" lon="-74.01816745154757"><time>2026-07-14T22:25:45Z</time></trkpt><trkpt lat="40.74587308997188" lon="-74.01819186591418"><time>2026-07-14T22:25:46Z</time></trkpt><trkpt lat="40.74588608164519" lon="-74.01821683521635"><time>2026-07-14T22:25:47Z</time></trkpt><trkpt lat="40.745894814924775" lon="-74.018239029329"><time>2026-07-14T22:25:48Z</time></trkpt><trkpt lat="40.74589361455185" lon="-74.01827395237466"><time>2026-07-14T22:25:49Z</time></trkpt><trkpt lat="40.74588877421348" lon="-74.01829988354193"><time>2026-07-14T22:25:50Z</time></trkpt><trkpt lat="40.74587806640297" lon="-74.01831909706549"><time>2026-07-14T22:25:51Z</time></trkpt><trkpt lat="40.74584751178813" lon="-74.01833001914764"><time>2026-07-14T22:25:53Z</time></trkpt><trkpt lat="40.745814586502085" lon="-74.01832303953671"><time>2026-07-14T22:25:55Z</time></trkpt><trkpt lat="40.745793652734136" lon="-74.01831776835385"><time>2026-07-14T22:25:56Z</time></trkpt><trkpt lat="40.74577068759492" lon="-74.01830950358153"><time>2026-07-14T22:25:57Z</time></trkpt><trkpt lat="40.745744853860266" lon="-74.01829953082273"><time>2026-07-14T22:25:58Z</time></trkpt><trkpt lat="40.74572526629611" lon="-74.01829745751765"><time>2026-07-14T22:25:59Z</time></trkpt><trkpt lat="40.745706644844596" lon="-74.01829849744081"><time>2026-07-14T22:26:00Z</time></trkpt><trkpt lat="40.74567301831758" lon="-74.01828399726766"><time>2026-07-14T22:26:01Z</time></trkpt><trkpt lat="40.74564798808198" lon="-74.01825784247534"><time>2026-07-14T22:26:02Z</time></trkpt><trkpt lat="40.74562462126484" lon="-74.01823003600728"><time>2026-07-14T22:26:03Z</time></trkpt><trkpt lat="40.745608053698376" lon="-74.01821083709288"><time>2026-07-14T22:26:04Z</time></trkpt><trkpt lat="40.74559066549985" lon="-74.0181736675491"><time>2026-07-14T22:26:05Z</time></trkpt><trkpt lat="40.74557133421617" lon="-74.01814075041692"><time>2026-07-14T22:26:06Z</time></trkpt><trkpt lat="40.745549480516765" lon="-74.01811858845267"><time>2026-07-14T22:26:07Z</time></trkpt><trkpt lat="40.74553454743435" lon="-74.01808377109334"><time>2026-07-14T22:26:08Z</time></trkpt><trkpt lat="40.74551987673285" lon="-74.0180513466576"><time>2026-07-14T22:26:09Z</time></trkpt><trkpt lat="40.74550024448932" lon="-74.01802836580765"><time>2026-07-14T22:26:10Z</time></trkpt><trkpt lat="40.74548285964579" lon="-74.01800420558291"><time>2026-07-14T22:26:11Z</time></trkpt><trkpt lat="40.74547217989758" lon="-74.01797048905604"><time>2026-07-14T22:26:12Z</time></trkpt><trkpt lat="40.74545563030718" lon="-74.01793184816454"><time>2026-07-14T22:26:13Z</time></trkpt><trkpt lat="40.74544608413806" lon="-74.0179015765502"><time>2026-07-14T22:26:14Z</time></trkpt><trkpt lat="40.745430204877735" lon="-74.01787295017202"><time>2026-07-14T22:26:15Z</time></trkpt><trkpt lat="40.745422909834225" lon="-74.01784788796675"><time>2026-07-14T22:26:16Z</time></trkpt><trkpt lat="40.74540871636918" lon="-74.01781767323497"><time>2026-07-14T22:26:17Z</time></trkpt><trkpt lat="40.74539683689849" lon="-74.01779084623878"><time>2026-07-14T22:26:18Z</time></trkpt><trkpt lat="40.74538380972443" lon="-74.0177636818697"><time>2026-07-14T22:26:19Z</time></trkpt><trkpt lat="40.74537003734282" lon="-74.01773637458537"><time>2026-07-14T22:26:20Z</time></trkpt><trkpt lat="40.74535532454378" lon="-74.01771221053528"><time>2026-07-14T22:26:21Z</time></trkpt><trkpt lat="40.745342565220696" lon="-74.01769054830875"><time>2026-07-14T22:26:22Z</time></trkpt><trkpt lat="40.74533223341416" lon="-74.01766361984733"><time>2026-07-14T22:26:23Z</time></trkpt><trkpt lat="40.74532240634504" lon="-74.01764305351932"><time>2026-07-14T22:26:24Z</time></trkpt><trkpt lat="40.74531617662643" lon="-74.01761575241005"><time>2026-07-14T22:26:25Z</time></trkpt><trkpt lat="40.7453004507519" lon="-74.01759706771688"><time>2026-07-14T22:26:26Z</time></trkpt><trkpt lat="40.7452915912506" lon="-74.01757420531911"><time>2026-07-14T22:26:27Z</time></trkpt><trkpt lat="40.74527509042632" lon="-74.0175372970846"><time>2026-07-14T22:26:29Z</time></trkpt><trkpt lat="40.74527172126866" lon="-74.01750975649661"><time>2026-07-14T22:26:30Z</time></trkpt><trkpt lat="40.74526098837065" lon="-74.01747469778277"><time>2026-07-14T22:26:32Z</time></trkpt><trkpt lat="40.74524630640139" lon="-74.0174328150504"><time>2026-07-14T22:26:34Z</time></trkpt><trkpt lat="40.74523388702252" lon="-74.01739634405276"><time>2026-07-14T22:26:36Z</time></trkpt><trkpt lat="40.7452226111925" lon="-74.017355767779"><time>2026-07-14T22:26:38Z</time></trkpt><trkpt lat="40.74520801125797" lon="-74.01731354220293"><time>2026-07-14T22:26:40Z</time></trkpt><trkpt lat="40.7451993728859" lon="-74.01729095944265"><time>2026-07-14T22:26:41Z</time></trkpt><trkpt lat="40.7451877886602" lon="-74.01727016238735"><time>2026-07-14T22:26:42Z</time></trkpt><trkpt lat="40.74516666307562" lon="-74.01723032609137"><time>2026-07-14T22:26:44Z</time></trkpt><trkpt lat="40.74515453503392" lon="-74.01720866260075"><time>2026-07-14T22:26:45Z</time></trkpt><trkpt lat="40.745138111186556" lon="-74.01719183692681"><time>2026-07-14T22:26:46Z</time></trkpt><trkpt lat="40.74512589454976" lon="-74.01717245900963"><time>2026-07-14T22:26:47Z</time></trkpt><trkpt lat="40.74511379235148" lon="-74.01715239869674"><time>2026-07-14T22:26:48Z</time></trkpt><trkpt lat="40.745101025229026" lon="-74.01713300823083"><time>2026-07-14T22:26:49Z</time></trkpt><trkpt lat="40.745088303585355" lon="-74.01711268486595"><time>2026-07-14T22:26:50Z</time></trkpt><trkpt lat="40.74507520160728" lon="-74.0170929003769"><time>2026-07-14T22:26:51Z</time></trkpt><trkpt lat="40.74506071547127" lon="-74.01707190608356"><time>2026-07-14T22:26:52Z</time></trkpt><trkpt lat="40.7450454131116" lon="-74.01705108265162"><time>2026-07-14T22:26:53Z</time></trkpt><trkpt lat="40.74503143662267" lon="-74.0170265307399"><time>2026-07-14T22:26:54Z</time></trkpt><trkpt lat="40.74501531331829" lon="-74.01700572001256"><time>2026-07-14T22:26:55Z</time></trkpt><trkpt lat="40.74499859931741" lon="-74.01698549818342"><time>2026-07-14T22:26:56Z</time></trkpt><trkpt lat="40.74497648504959" lon="-74.01696290960292"><time>2026-07-14T22:26:57Z</time></trkpt><trkpt lat="40.74495675886201" lon="-74.01694051226617"><time>2026-07-14T22:26:58Z</time></trkpt><trkpt lat="40.74493378664291" lon="-74.01691888560362"><time>2026-07-14T22:26:59Z</time></trkpt><trkpt lat="40.744908664426205" lon="-74.01689345451341"><time>2026-07-14T22:27:00Z</time></trkpt><trkpt lat="40.7448865292504" lon="-74.01687097056235"><time>2026-07-14T22:27:01Z</time></trkpt><trkpt lat="40.74486689833157" lon="-74.01684496331676"><time>2026-07-14T22:27:02Z</time></trkpt><trkpt lat="40.74484541738986" lon="-74.01680981086113"><time>2026-07-14T22:27:03Z</time></trkpt><trkpt lat="40.744822387715374" lon="-74.01678481632052"><time>2026-07-14T22:27:04Z</time></trkpt><trkpt lat="40.74479576987701" lon="-74.01677878670311"><time>2026-07-14T22:27:05Z</time></trkpt><trkpt lat="40.744775876449516" lon="-74.01678372107281"><time>2026-07-14T22:27:06Z</time></trkpt><trkpt lat="40.74474577056611" lon="-74.01679685586953"><time>2026-07-14T22:27:08Z</time></trkpt><trkpt lat="40.74473837813946" lon="-74.0168336995379"><time>2026-07-14T22:27:10Z</time></trkpt><trkpt lat="40.744745322498446" lon="-74.0168691457195"><time>2026-07-14T22:27:12Z</time></trkpt><trkpt lat="40.74476159891258" lon="-74.0168972122063"><time>2026-07-14T22:27:14Z</time></trkpt><trkpt lat="40.74476817308533" lon="-74.016931487408"><time>2026-07-14T22:27:16Z</time></trkpt><trkpt lat="40.74478715496001" lon="-74.01696058432448"><time>2026-07-14T22:27:18Z</time></trkpt><trkpt lat="40.74481620648041" lon="-74.01697712909555"><time>2026-07-14T22:27:19Z</time></trkpt><trkpt lat="40.74484395135275" lon="-74.01700849332245"><time>2026-07-14T22:27:21Z</time></trkpt><trkpt lat="40.744859940646776" lon="-74.01702248429643"><time>2026-07-14T22:27:22Z</time></trkpt><trkpt lat="40.74488232942731" lon="-74.01703685590196"><time>2026-07-14T22:27:23Z</time></trkpt><trkpt lat="40.744908886256326" lon="-74.01705700471823"><time>2026-07-14T22:27:24Z</time></trkpt><trkpt lat="40.74492723156084" lon="-74.01708043703024"><time>2026-07-14T22:27:25Z</time></trkpt><trkpt lat="40.74494360931866" lon="-74.01711176230297"><time>2026-07-14T22:27:26Z</time></trkpt><trkpt lat="40.744969911383166" lon="-74.01713238156249"><time>2026-07-14T22:27:27Z</time></trkpt><trkpt lat="40.744986678198536" lon="-74.01715236075356"><time>2026-07-14T22:27:28Z</time></trkpt><trkpt lat="40.745007905485224" lon="-74.01717281560576"><time>2026-07-14T22:27:29Z</time></trkpt><trkpt lat="40.7450363495719" lon="-74.01720160118072"><time>2026-07-14T22:27:30Z</time></trkpt><trkpt lat="40.74505541029201" lon="-74.01722846282884"><time>2026-07-14T22:27:31Z</time></trkpt><trkpt lat="40.74507554176068" lon="-74.01725078780267"><time>2026-07-14T22:27:32Z</time></trkpt><trkpt lat="40.74508943025156" lon="-74.01727160571228"><time>2026-07-14T22:27:33Z</time></trkpt><trkpt lat="40.74511085429101" lon="-74.01728964567167"><time>2026-07-14T22:27:34Z</time></trkpt><trkpt lat="40.745133491883614" lon="-74.0173093305032"><time>2026-07-14T22:27:35Z</time></trkpt><trkpt lat="40.74514883154185" lon="-74.01734119653466"><time>2026-07-14T22:27:36Z</time></trkpt><trkpt lat="40.7451616908274" lon="-74.01735858134569"><time>2026-07-14T22:27:37Z</time></trkpt><trkpt lat="40.745186770402846" lon="-74.01738173103799"><time>2026-07-14T22:27:38Z</time></trkpt><trkpt lat="40.74520771802337" lon="-74.01740165862297"><time>2026-07-14T22:27:39Z</time></trkpt><trkpt lat="40.7452260874891" lon="-74.01742603884334"><time>2026-07-14T22:27:40Z</time></trkpt><trkpt lat="40.74524744666989" lon="-74.01744418683411"><time>2026-07-14T22:27:41Z</time></trkpt><trkpt lat="40.74527257976377" lon="-74.01747472434114"><time>2026-07-14T22:27:42Z</time></trkpt><trkpt lat="40.745295162519994" lon="-74.01750654405734"><time>2026-07-14T22:27:43Z</time></trkpt><trkpt lat="40.74531601902504" lon="-74.01753670118383"><time>2026-07-14T22:27:44Z</time></trkpt><trkpt lat="40.745338593737934" lon="-74.01756723822447"><time>2026-07-14T22:27:45Z</time></trkpt><trkpt lat="40.745362810867796" lon="-74.01760152854608"><time>2026-07-14T22:27:46Z</time></trkpt><trkpt lat="40.74538590624319" lon="-74.01763662019806"><time>2026-07-14T22:27:47Z</time></trkpt><trkpt lat="40.745407833762656" lon="-74.01766530851991"><time>2026-07-14T22:27:48Z</time></trkpt><trkpt lat="40.74543032032935" lon="-74.0176919376131"><time>2026-07-14T22:27:49Z</time></trkpt><trkpt lat="40.74545230707676" lon="-74.01772173455126"><time>2026-07-14T22:27:50Z</time></trkpt><trkpt lat="40.74547170628478" lon="-74.01775364983722"><time>2026-07-14T22:27:51Z</time></trkpt><trkpt lat="40.74548629543392" lon="-74.01778760839639"><time>2026-07-14T22:27:52Z</time></trkpt><trkpt lat="40.74550594090145" lon="-74.01781448529837"><time>2026-07-14T22:27:53Z</time></trkpt><trkpt lat="40.745534379388474" lon="-74.01783860954512"><time>2026-07-14T22:27:54Z</time></trkpt><trkpt lat="40.745550006866594" lon="-74.01786452321386"><time>2026-07-14T22:27:55Z</time></trkpt><trkpt lat="40.74555503654047" lon="-74.01789063457329"><time>2026-07-14T22:27:56Z</time></trkpt><trkpt lat="40.74555509175223" lon="-74.0179230181112"><time>2026-07-14T22:27:57Z</time></trkpt><trkpt lat="40.745538523813735" lon="-74.01795715767935"><time>2026-07-14T22:27:59Z</time></trkpt><trkpt lat="40.74550958012803" lon="-74.01796912930578"><time>2026-07-14T22:28:01Z</time></trkpt><trkpt lat="40.74548292440629" lon="-74.01796391031478"><time>2026-07-14T22:28:02Z</time></trkpt><trkpt lat="40.745458937234424" lon="-74.01794784917716"><time>2026-07-14T22:28:03Z</time></trkpt><trkpt lat="40.74544083730959" lon="-74.01792768901714"><time>2026-07-14T22:28:04Z</time></trkpt><trkpt lat="40.745424915651874" lon="-74.01791383229097"><time>2026-07-14T22:28:05Z</time></trkpt><trkpt lat="40.74541133356764" lon="-74.0178937882092"><time>2026-07-14T22:28:06Z</time></trkpt><trkpt lat="40.74537994496341" lon="-74.01788325919135"><time>2026-07-14T22:28:07Z</time></trkpt><trkpt lat="40.74536061402661" lon="-74.01785376937023"><time>2026-07-14T22:28:08Z</time></trkpt><trkpt lat="40.74535306820415" lon="-74.01780557120502"><time>2026-07-14T22:28:09Z</time></trkpt><trkpt lat="40.745338554073896" lon="-74.01778610945564"><time>2026-07-14T22:28:10Z</time></trkpt><trkpt lat="40.74531770260269" lon="-74.01776152822447"><time>2026-07-14T22:28:11Z</time></trkpt><trkpt lat="40.745302023467346" lon="-74.01773719060822"><time>2026-07-14T22:28:12Z</time></trkpt><trkpt lat="40.74528727018998" lon="-74.01771315508915"><time>2026-07-14T22:28:13Z</time></trkpt><trkpt lat="40.74527758574032" lon="-74.01768835179136"><time>2026-07-14T22:28:14Z</time></trkpt><trkpt lat="40.745263388492866" lon="-74.01766583295786"><time>2026-07-14T22:28:15Z</time></trkpt><trkpt lat="40.74525464741601" lon="-74.01763314514224"><time>2026-07-14T22:28:16Z</time></trkpt><trkpt lat="40.745243102630546" lon="-74.01760287815115"><time>2026-07-14T22:28:17Z</time></trkpt><trkpt lat="40.745227562445116" lon="-74.01757748022163"><time>2026-07-14T22:28:18Z</time></trkpt><trkpt lat="40.745212431643004" lon="-74.01755235767493"><time>2026-07-14T22:28:19Z</time></trkpt><trkpt lat="40.745197839739326" lon="-74.01753067210367"><time>2026-07-14T22:28:20Z</time></trkpt><trkpt lat="40.74518051196694" lon="-74.01750008978705"><time>2026-07-14T22:28:21Z</time></trkpt><trkpt lat="40.74516544170418" lon="-74.01747566529554"><time>2026-07-14T22:28:22Z</time></trkpt><trkpt lat="40.74514776839152" lon="-74.01743529602412"><time>2026-07-14T22:28:23Z</time></trkpt><trkpt lat="40.74513028931368" lon="-74.01740853753749"><time>2026-07-14T22:28:24Z</time></trkpt><trkpt lat="40.74511368645791" lon="-74.01737712900605"><time>2026-07-14T22:28:25Z</time></trkpt><trkpt lat="40.745097054905855" lon="-74.01733882215386"><time>2026-07-14T22:28:26Z</time></trkpt><trkpt lat="40.745085778493625" lon="-74.01730960227371"><time>2026-07-14T22:28:27Z</time></trkpt><trkpt lat="40.745069016977595" lon="-74.01727792568352"><time>2026-07-14T22:28:28Z</time></trkpt><trkpt lat="40.7450547674128" lon="-74.01724533018084"><time>2026-07-14T22:28:29Z</time></trkpt><trkpt lat="40.745038191777276" lon="-74.01721048060229"><time>2026-07-14T22:28:30Z</time></trkpt><trkpt lat="40.745020395315244" lon="-74.01718204836656"><time>2026-07-14T22:28:31Z</time></trkpt><trkpt lat="40.74499978087105" lon="-74.01714689142304"><time>2026-07-14T22:28:32Z</time></trkpt><trkpt lat="40.74498178411829" lon="-74.01711967923083"><time>2026-07-14T22:28:33Z</time></trkpt><trkpt lat="40.74496360355506" lon="-74.01709904691161"><time>2026-07-14T22:28:34Z</time></trkpt><trkpt lat="40.74494036675944" lon="-74.01708157134536"><time>2026-07-14T22:28:35Z</time></trkpt><trkpt lat="40.744925851405476" lon="-74.0170628250411"><time>2026-07-14T22:28:36Z</time></trkpt><trkpt lat="40.744901540311304" lon="-74.01703987672542"><time>2026-07-14T22:28:37Z</time></trkpt><trkpt lat="40.744876850921344" lon="-74.01701706188561"><time>2026-07-14T22:28:38Z</time></trkpt><trkpt lat="40.744850367853616" lon="-74.01699662326399"><time>2026-07-14T22:28:39Z</time></trkpt><trkpt lat="40.74482914061222" lon="-74.01698707915996"><time>2026-07-14T22:28:40Z</time></trkpt><trkpt lat="40.74480503200975" lon="-74.0169632091631"><time>2026-07-14T22:28:41Z</time></trkpt><trkpt lat="40.74478215399428" lon="-74.0169391390446"><time>2026-07-14T22:28:42Z</time></trkpt><trkpt lat="40.74475510911925" lon="-74.01692170430121"><time>2026-07-14T22:28:43Z</time></trkpt><trkpt lat="40.74473334508289" lon="-74.01689918451201"><time>2026-07-14T22:28:44Z</time></trkpt><trkpt lat="40.744710755180556" lon="-74.01688205083197"><time>2026-07-14T22:28:45Z</time></trkpt><trkpt lat="40.744689343024554" lon="-74.01688709980706"><time>2026-07-14T22:28:46Z</time></trkpt><trkpt lat="40.74466723840874" lon="-74.01689634736793"><time>2026-07-14T22:28:47Z</time></trkpt><trkpt lat="40.74465588541612" lon="-74.01692014452851"><time>2026-07-14T22:28:48Z</time></trkpt><trkpt lat="40.7446612203988" lon="-74.01695583614345"><time>2026-07-14T22:28:50Z</time></trkpt><trkpt lat="40.744675367635004" lon="-74.01699599272006"><time>2026-07-14T22:28:52Z</time></trkpt><trkpt lat="40.74469481684584" lon="-74.01703234037612"><time>2026-07-14T22:28:54Z</time></trkpt><trkpt lat="40.74470856300239" lon="-74.01706869339098"><time>2026-07-14T22:28:55Z</time></trkpt><trkpt lat="40.74473237091089" lon="-74.01709375833674"><time>2026-07-14T22:28:56Z</time></trkpt><trkpt lat="40.744757501528056" lon="-74.01711367501674"><time>2026-07-14T22:28:57Z</time></trkpt><trkpt lat="40.74476703156827" lon="-74.01713581346723"><time>2026-07-14T22:28:58Z</time></trkpt><trkpt lat="40.744785190054856" lon="-74.01716502185685"><time>2026-07-14T22:28:59Z</time></trkpt><trkpt lat="40.74480217335434" lon="-74.01719620776531"><time>2026-07-14T22:29:00Z</time></trkpt><trkpt lat="40.74483140176073" lon="-74.01722418514572"><time>2026-07-14T22:29:01Z</time></trkpt><trkpt lat="40.74485420730667" lon="-74.01724670832661"><time>2026-07-14T22:29:02Z</time></trkpt><trkpt lat="40.74486765297087" lon="-74.01727391284433"><time>2026-07-14T22:29:03Z</time></trkpt><trkpt lat="40.744885514589846" lon="-74.01729943216856"><time>2026-07-14T22:29:04Z</time></trkpt><trkpt lat="40.744912044070816" lon="-74.01732030287346"><time>2026-07-14T22:29:05Z</time></trkpt><trkpt lat="40.74493142155108" lon="-74.01734233454718"><time>2026-07-14T22:29:06Z</time></trkpt><trkpt lat="40.74495126651724" lon="-74.01736744410445"><time>2026-07-14T22:29:07Z</time></trkpt><trkpt lat="40.74496736197692" lon="-74.01739759935009"><time>2026-07-14T22:29:08Z</time></trkpt><trkpt lat="40.74498006309152" lon="-74.01741774468205"><time>2026-07-14T22:29:09Z</time></trkpt><trkpt lat="40.74500126644712" lon="-74.01744093194563"><time>2026-07-14T22:29:10Z</time></trkpt><trkpt lat="40.74502067928334" lon="-74.01747699077131"><time>2026-07-14T22:29:12Z</time></trkpt><trkpt lat="40.745036517501426" lon="-74.01749856106206"><time>2026-07-14T22:29:13Z</time></trkpt><trkpt lat="40.74504797934595" lon="-74.0175205956041"><time>2026-07-14T22:29:14Z</time></trkpt><trkpt lat="40.74505795435316" lon="-74.01754999250946"><time>2026-07-14T22:29:15Z</time></trkpt><trkpt lat="40.74507519104882" lon="-74.01757618627481"><time>2026-07-14T22:29:16Z</time></trkpt><trkpt lat="40.745093311615776" lon="-74.01759196102553"><time>2026-07-14T22:29:17Z</time></trkpt><trkpt lat="40.74513221137207" lon="-74.01761705886051"><time>2026-07-14T22:29:19Z</time></trkpt><trkpt lat="40.745159720687084" lon="-74.01763573464129"><time>2026-07-14T22:29:20Z</time></trkpt><trkpt lat="40.74518583438822" lon="-74.0176281863952"><time>2026-07-14T22:29:21Z</time></trkpt><trkpt lat="40.745212647059276" lon="-74.01761991451974"><time>2026-07-14T22:29:22Z</time></trkpt><trkpt lat="40.74523647783309" lon="-74.01760068466264"><time>2026-07-14T22:29:23Z</time></trkpt><trkpt lat="40.74525715044733" lon="-74.01757320525655"><time>2026-07-14T22:29:24Z</time></trkpt><trkpt lat="40.74526935714981" lon="-74.01753944923638"><time>2026-07-14T22:29:25Z</time></trkpt><trkpt lat="40.74527696537664" lon="-74.01750470769635"><time>2026-07-14T22:29:26Z</time></trkpt><trkpt lat="40.74527272651822" lon="-74.01747020658358"><time>2026-07-14T22:29:27Z</time></trkpt><trkpt lat="40.745262367177055" lon="-74.01744081033978"><time>2026-07-14T22:29:28Z</time></trkpt><trkpt lat="40.745249730049" lon="-74.01740900639392"><time>2026-07-14T22:29:29Z</time></trkpt><trkpt lat="40.745231942025775" lon="-74.01738328716647"><time>2026-07-14T22:29:30Z</time></trkpt><trkpt lat="40.74521320060348" lon="-74.01735587950472"><time>2026-07-14T22:29:31Z</time></trkpt><trkpt lat="40.74519558689298" lon="-74.01732651682822"><time>2026-07-14T22:29:32Z</time></trkpt><trkpt lat="40.74518027723908" lon="-74.01729523406351"><time>2026-07-14T22:29:33Z</time></trkpt><trkpt lat="40.74516568140282" lon="-74.01726251212436"><time>2026-07-14T22:29:34Z</time></trkpt><trkpt lat="40.745151707819474" lon="-74.01722960036099"><time>2026-07-14T22:29:35Z</time></trkpt><trkpt lat="40.74513272747643" lon="-74.0172049702372"><time>2026-07-14T22:29:36Z</time></trkpt><trkpt lat="40.74511447550328" lon="-74.0171756948926"><time>2026-07-14T22:29:37Z</time></trkpt><trkpt lat="40.74509240392813" lon="-74.01715823346989"><time>2026-07-14T22:29:38Z</time></trkpt><trkpt lat="40.74508038914219" lon="-74.01712200425311"><time>2026-07-14T22:29:39Z</time></trkpt><trkpt lat="40.74506621129864" lon="-74.01708512184261"><time>2026-07-14T22:29:40Z</time></trkpt><trkpt lat="40.74504610076204" lon="-74.01705669760841"><time>2026-07-14T22:29:41Z</time></trkpt><trkpt lat="40.74503647864871" lon="-74.01701598547628"><time>2026-07-14T22:29:42Z</time></trkpt><trkpt lat="40.74502747909788" lon="-74.01697643553636"><time>2026-07-14T22:29:43Z</time></trkpt><trkpt lat="40.74501082350182" lon="-74.01695804037882"><time>2026-07-14T22:29:44Z</time></trkpt><trkpt lat="40.74499669328425" lon="-74.01693269536538"><time>2026-07-14T22:29:45Z</time></trkpt><trkpt lat="40.744984854611026" lon="-74.01690188346348"><time>2026-07-14T22:29:46Z</time></trkpt><trkpt lat="40.74497426660904" lon="-74.01687413901482"><time>2026-07-14T22:29:47Z</time></trkpt><trkpt lat="40.74496235836438" lon="-74.0168469801139"><time>2026-07-14T22:29:48Z</time></trkpt><trkpt lat="40.74494944720522" lon="-74.01681896881948"><time>2026-07-14T22:29:49Z</time></trkpt><trkpt lat="40.74493855464701" lon="-74.01679698661468"><time>2026-07-14T22:29:50Z</time></trkpt><trkpt lat="40.74492549633741" lon="-74.01677512432751"><time>2026-07-14T22:29:51Z</time></trkpt><trkpt lat="40.74491349830218" lon="-74.01674547194558"><time>2026-07-14T22:29:52Z</time></trkpt><trkpt lat="40.74490292963769" lon="-74.0167163883213"><time>2026-07-14T22:29:53Z</time></trkpt><trkpt lat="40.74488611854691" lon="-74.01669213383663"><time>2026-07-14T22:29:54Z</time></trkpt><trkpt lat="40.744878554508546" lon="-74.01666485375539"><time>2026-07-14T22:29:55Z</time></trkpt><trkpt lat="40.74486943702376" lon="-74.01664143467322"><time>2026-07-14T22:29:56Z</time></trkpt><trkpt lat="40.74485685654627" lon="-74.01662129627782"><time>2026-07-14T22:29:57Z</time></trkpt><trkpt lat="40.74484124117974" lon="-74.0165993896072"><time>2026-07-14T22:29:58Z</time></trkpt><trkpt lat="40.744826143465794" lon="-74.01658145917725"><time>2026-07-14T22:29:59Z</time></trkpt><trkpt lat="40.74481154642776" lon="-74.01656721440757"><time>2026-07-14T22:30:00Z</time></trkpt><trkpt lat="40.74478633200075" lon="-74.01653746664464"><time>2026-07-14T22:30:02Z</time></trkpt><trkpt lat="40.7447665294729" lon="-74.01649977215888"><time>2026-07-14T22:30:04Z</time></trkpt><trkpt lat="40.74474750508611" lon="-74.01646237744662"><time>2026-07-14T22:30:06Z</time></trkpt><trkpt lat="40.744734106777926" lon="-74.0164244820623"><time>2026-07-14T22:30:08Z</time></trkpt><trkpt lat="40.74471748256076" lon="-74.01639279337411"><time>2026-07-14T22:30:10Z</time></trkpt><trkpt lat="40.74469774092716" lon="-74.01636315565716"><time>2026-07-14T22:30:12Z</time></trkpt><trkpt lat="40.74468371319476" lon="-74.01632910090599"><time>2026-07-14T22:30:14Z</time></trkpt><trkpt lat="40.744657856857145" lon="-74.01629378937226"><time>2026-07-14T22:30:16Z</time></trkpt><trkpt lat="40.744639244479146" lon="-74.01627852622859"><time>2026-07-14T22:30:17Z</time></trkpt><trkpt lat="40.744614265210664" lon="-74.01625518747677"><time>2026-07-14T22:30:19Z</time></trkpt><trkpt lat="40.74459878528234" lon="-74.01624167325993"><time>2026-07-14T22:30:20Z</time></trkpt><trkpt lat="40.74457621249796" lon="-74.01622688697351"><time>2026-07-14T22:30:21Z</time></trkpt><trkpt lat="40.7445442131224" lon="-74.01620074991166"><time>2026-07-14T22:30:23Z</time></trkpt><trkpt lat="40.744523225682045" lon="-74.01619135552801"><time>2026-07-14T22:30:24Z</time></trkpt><trkpt lat="40.74449783094343" lon="-74.0161802870407"><time>2026-07-14T22:30:25Z</time></trkpt><trkpt lat="40.74447497949174" lon="-74.01617348011534"><time>2026-07-14T22:30:26Z</time></trkpt><trkpt lat="40.74444955176895" lon="-74.01617256392008"><time>2026-07-14T22:30:27Z</time></trkpt><trkpt lat="40.74442518524937" lon="-74.01616581362386"><time>2026-07-14T22:30:28Z</time></trkpt><trkpt lat="40.744401276588654" lon="-74.01615904935699"><time>2026-07-14T22:30:29Z</time></trkpt><trkpt lat="40.744380556938154" lon="-74.01615567821553"><time>2026-07-14T22:30:30Z</time></trkpt><trkpt lat="40.74432857123053" lon="-74.0161393732598"><time>2026-07-14T22:30:32Z</time></trkpt><trkpt lat="40.74430059889494" lon="-74.01612759299691"><time>2026-07-14T22:30:33Z</time></trkpt><trkpt lat="40.74428674609897" lon="-74.01610534565688"><time>2026-07-14T22:30:34Z</time></trkpt><trkpt lat="40.744270200214416" lon="-74.01608627476298"><time>2026-07-14T22:30:35Z</time></trkpt><trkpt lat="40.74424292676032" lon="-74.01608037048503"><time>2026-07-14T22:30:36Z</time></trkpt><trkpt lat="40.74419716680782" lon="-74.01608300957116"><time>2026-07-14T22:30:38Z</time></trkpt><trkpt lat="40.744163659476605" lon="-74.01607314609058"><time>2026-07-14T22:30:39Z</time></trkpt><trkpt lat="40.74413761917186" lon="-74.0160546664059"><time>2026-07-14T22:30:40Z</time></trkpt><trkpt lat="40.74411177901596" lon="-74.01604098729348"><time>2026-07-14T22:30:41Z</time></trkpt><trkpt lat="40.74408688321161" lon="-74.01603561908526"><time>2026-07-14T22:30:42Z</time></trkpt><trkpt lat="40.74406312710958" lon="-74.01603008342845"><time>2026-07-14T22:30:43Z</time></trkpt><trkpt lat="40.74403682948788" lon="-74.01602233935361"><time>2026-07-14T22:30:44Z</time></trkpt><trkpt lat="40.74401192313956" lon="-74.01601369828357"><time>2026-07-14T22:30:45Z</time></trkpt><trkpt lat="40.74398629439693" lon="-74.01600230190876"><time>2026-07-14T22:30:46Z</time></trkpt><trkpt lat="40.74397087947967" lon="-74.01598747109898"><time>2026-07-14T22:30:47Z</time></trkpt><trkpt lat="40.743935355750075" lon="-74.01597214685785"><time>2026-07-14T22:30:48Z</time></trkpt><trkpt lat="40.74388862739877" lon="-74.01596865328008"><time>2026-07-14T22:30:50Z</time></trkpt><trkpt lat="40.74385934706849" lon="-74.01595820102098"><time>2026-07-14T22:30:51Z</time></trkpt><trkpt lat="40.743836686324606" lon="-74.01595417256966"><time>2026-07-14T22:30:52Z</time></trkpt><trkpt lat="40.743810702204385" lon="-74.01595234958775"><time>2026-07-14T22:30:53Z</time></trkpt><trkpt lat="40.743785778392365" lon="-74.015956765279"><time>2026-07-14T22:30:54Z</time></trkpt><trkpt lat="40.743760977481465" lon="-74.01595735628867"><time>2026-07-14T22:30:55Z</time></trkpt><trkpt lat="40.74373663677012" lon="-74.01595664939414"><time>2026-07-14T22:30:56Z</time></trkpt><trkpt lat="40.7437103671877" lon="-74.01595730983263"><time>2026-07-14T22:30:57Z</time></trkpt><trkpt lat="40.74368491532222" lon="-74.01596255001627"><time>2026-07-14T22:30:58Z</time></trkpt><trkpt lat="40.743654401377796" lon="-74.01596350334279"><time>2026-07-14T22:30:59Z</time></trkpt><trkpt lat="40.74363304235819" lon="-74.01594657151016"><time>2026-07-14T22:31:00Z</time></trkpt><trkpt lat="40.74360718148037" lon="-74.01594062600881"><time>2026-07-14T22:31:01Z</time></trkpt><trkpt lat="40.74358214920992" lon="-74.01594733547711"><time>2026-07-14T22:31:02Z</time></trkpt><trkpt lat="40.74356220601736" lon="-74.0159442072923"><time>2026-07-14T22:31:03Z</time></trkpt><trkpt lat="40.74354506149949" lon="-74.01596267806443"><time>2026-07-14T22:31:04Z</time></trkpt><trkpt lat="40.74353794606953" lon="-74.01600043265955"><time>2026-07-14T22:31:06Z</time></trkpt><trkpt lat="40.743559115595275" lon="-74.016021735753"><time>2026-07-14T22:31:07Z</time></trkpt><trkpt lat="40.74358310340496" lon="-74.016042866402"><time>2026-07-14T22:31:08Z</time></trkpt><trkpt lat="40.74359813153454" lon="-74.01607119235805"><time>2026-07-14T22:31:09Z</time></trkpt><trkpt lat="40.74359912445361" lon="-74.01609495660075"><time>2026-07-14T22:31:10Z</time></trkpt><trkpt lat="40.74361506641649" lon="-74.01613077046636"><time>2026-07-14T22:31:12Z</time></trkpt><trkpt lat="40.74363080254994" lon="-74.01615318831631"><time>2026-07-14T22:31:13Z</time></trkpt><trkpt lat="40.743649830536285" lon="-74.01618218158676"><time>2026-07-14T22:31:14Z</time></trkpt><trkpt lat="40.74365180050352" lon="-74.01621684097105"><time>2026-07-14T22:31:15Z</time></trkpt><trkpt lat="40.74365258865336" lon="-74.01624942285599"><time>2026-07-14T22:31:16Z</time></trkpt><trkpt lat="40.743654230050424" lon="-74.01628795005863"><time>2026-07-14T22:31:17Z</time></trkpt><trkpt lat="40.743667361898616" lon="-74.01630621827351"><time>2026-07-14T22:31:18Z</time></trkpt><trkpt lat="40.743682883168084" lon="-74.01632422267963"><time>2026-07-14T22:31:19Z</time></trkpt><trkpt lat="40.74369816978367" lon="-74.01635187128764"><time>2026-07-14T22:31:20Z</time></trkpt><trkpt lat="40.74370826334038" lon="-74.01637691999554"><time>2026-07-14T22:31:21Z</time></trkpt><trkpt lat="40.743716086730394" lon="-74.01640993852178"><time>2026-07-14T22:31:22Z</time></trkpt><trkpt lat="40.743724615333974" lon="-74.016452467621"><time>2026-07-14T22:31:23Z</time></trkpt><trkpt lat="40.74374056919233" lon="-74.01649857474267"><time>2026-07-14T22:31:25Z</time></trkpt><trkpt lat="40.74375856978667" lon="-74.01653246295656"><time>2026-07-14T22:31:26Z</time></trkpt><trkpt lat="40.74378091626517" lon="-74.01655862710341"><time>2026-07-14T22:31:27Z</time></trkpt><trkpt lat="40.74379248206024" lon="-74.01658945073218"><time>2026-07-14T22:31:28Z</time></trkpt><trkpt lat="40.74380264220922" lon="-74.01661684741114"><time>2026-07-14T22:31:29Z</time></trkpt><trkpt lat="40.74381244314886" lon="-74.01665117951049"><time>2026-07-14T22:31:30Z</time></trkpt><trkpt lat="40.74382630269612" lon="-74.0166820427641"><time>2026-07-14T22:31:31Z</time></trkpt><trkpt lat="40.743849298733835" lon="-74.01671242389314"><time>2026-07-14T22:31:32Z</time></trkpt><trkpt lat="40.7438680417333" lon="-74.01673947695497"><time>2026-07-14T22:31:33Z</time></trkpt><trkpt lat="40.74388311939288" lon="-74.01676877758699"><time>2026-07-14T22:31:34Z</time></trkpt><trkpt lat="40.74389950727476" lon="-74.0167957440931"><time>2026-07-14T22:31:35Z</time></trkpt><trkpt lat="40.743913141553335" lon="-74.01682191058043"><time>2026-07-14T22:31:36Z</time></trkpt><trkpt lat="40.74392508321488" lon="-74.01685076993047"><time>2026-07-14T22:31:37Z</time></trkpt><trkpt lat="40.7439404556769" lon="-74.01687535738517"><time>2026-07-14T22:31:38Z</time></trkpt><trkpt lat="40.74395745695518" lon="-74.01690315635902"><time>2026-07-14T22:31:39Z</time></trkpt><trkpt lat="40.74397047778883" lon="-74.01693247898609"><time>2026-07-14T22:31:40Z</time></trkpt><trkpt lat="40.74398289535734" lon="-74.01695922362616"><time>2026-07-14T22:31:41Z</time></trkpt><trkpt lat="40.74399170421535" lon="-74.01699279247468"><time>2026-07-14T22:31:42Z</time></trkpt><trkpt lat="40.744005659133514" lon="-74.01701536329826"><time>2026-07-14T22:31:43Z</time></trkpt><trkpt lat="40.744025226980575" lon="-74.01703352043869"><time>2026-07-14T22:31:44Z</time></trkpt><trkpt lat="40.744042450590946" lon="-74.01704880212381"><time>2026-07-14T22:31:45Z</time></trkpt><trkpt lat="40.744058991404756" lon="-74.01707160862219"><time>2026-07-14T22:31:46Z</time></trkpt><trkpt lat="40.74407567951051" lon="-74.01708985351985"><time>2026-07-14T22:31:47Z</time></trkpt><trkpt lat="40.74408731005215" lon="-74.01711382963076"><time>2026-07-14T22:31:48Z</time></trkpt><trkpt lat="40.744107945633544" lon="-74.01712902497611"><time>2026-07-14T22:31:49Z</time></trkpt><trkpt lat="40.74412772396617" lon="-74.0171423911785"><time>2026-07-14T22:31:50Z</time></trkpt><trkpt lat="40.74414446263307" lon="-74.01715781553617"><time>2026-07-14T22:31:51Z</time></trkpt><trkpt lat="40.74416315604074" lon="-74.01717667308796"><time>2026-07-14T22:31:52Z</time></trkpt><trkpt lat="40.74417992013344" lon="-74.01720119100871"><time>2026-07-14T22:31:53Z</time></trkpt><trkpt lat="40.744199061259124" lon="-74.01722823061714"><time>2026-07-14T22:31:54Z</time></trkpt><trkpt lat="40.744221417672975" lon="-74.01724990154656"><time>2026-07-14T22:31:55Z</time></trkpt><trkpt lat="40.744242349259544" lon="-74.01727591368642"><time>2026-07-14T22:31:56Z</time></trkpt><trkpt lat="40.744262174079495" lon="-74.0172936388359"><time>2026-07-14T22:31:57Z</time></trkpt><trkpt lat="40.744283105495" lon="-74.01731230741495"><time>2026-07-14T22:31:58Z</time></trkpt><trkpt lat="40.74430261566898" lon="-74.01733388897387"><time>2026-07-14T22:31:59Z</time></trkpt><trkpt lat="40.744323281773376" lon="-74.01735601757103"><time>2026-07-14T22:32:00Z</time></trkpt><trkpt lat="40.74434886046168" lon="-74.01738661416792"><time>2026-07-14T22:32:01Z</time></trkpt><trkpt lat="40.7443647046834" lon="-74.01741487852081"><time>2026-07-14T22:32:02Z</time></trkpt><trkpt lat="40.74437993239713" lon="-74.0174354170619"><time>2026-07-14T22:32:03Z</time></trkpt><trkpt lat="40.744391860057554" lon="-74.01746332030298"><time>2026-07-14T22:32:04Z</time></trkpt><trkpt lat="40.74439520283054" lon="-74.01749217619425"><time>2026-07-14T22:32:05Z</time></trkpt><trkpt lat="40.744389186148254" lon="-74.01752254098227"><time>2026-07-14T22:32:06Z</time></trkpt><trkpt lat="40.744365766819094" lon="-74.01753822392413"><time>2026-07-14T22:32:08Z</time></trkpt><trkpt lat="40.74434369225325" lon="-74.01755649262572"><time>2026-07-14T22:32:09Z</time></trkpt><trkpt lat="40.74431597957842" lon="-74.01755772996607"><time>2026-07-14T22:32:11Z</time></trkpt><trkpt lat="40.74429472546255" lon="-74.01757124982565"><time>2026-07-14T22:32:12Z</time></trkpt><trkpt lat="40.74425871958972" lon="-74.01759421661373"><time>2026-07-14T22:32:14Z</time></trkpt><trkpt lat="40.74422898449455" lon="-74.01759857911293"><time>2026-07-14T22:32:16Z</time></trkpt><trkpt lat="40.744211812617685" lon="-74.01760904388462"><time>2026-07-14T22:32:17Z</time></trkpt><trkpt lat="40.74419157647609" lon="-74.01760628641252"><time>2026-07-14T22:32:19Z</time></trkpt><trkpt lat="40.74415503749631" lon="-74.01761414620324"><time>2026-07-14T22:32:21Z</time></trkpt><trkpt lat="40.74411972314621" lon="-74.01760661787684"><time>2026-07-14T22:32:23Z</time></trkpt><trkpt lat="40.74409247698211" lon="-74.01759838189943"><time>2026-07-14T22:32:25Z</time></trkpt><trkpt lat="40.744069296365986" lon="-74.01759582348632"><time>2026-07-14T22:32:26Z</time></trkpt><trkpt lat="40.74403352742263" lon="-74.01758167526755"><time>2026-07-14T22:32:28Z</time></trkpt><trkpt lat="40.744005175826466" lon="-74.01759650398505"><time>2026-07-14T22:32:30Z</time></trkpt><trkpt lat="40.74398661786623" lon="-74.0175950991047"><time>2026-07-14T22:32:31Z</time></trkpt><trkpt lat="40.743947345178874" lon="-74.01758192192322"><time>2026-07-14T22:32:33Z</time></trkpt><trkpt lat="40.74392538208984" lon="-74.01757790038766"><time>2026-07-14T22:32:34Z</time></trkpt><trkpt lat="40.743898937782916" lon="-74.01757560409786"><time>2026-07-14T22:32:36Z</time></trkpt><trkpt lat="40.743865294752915" lon="-74.01756760543833"><time>2026-07-14T22:32:38Z</time></trkpt><trkpt lat="40.74384553423321" lon="-74.017556240397"><time>2026-07-14T22:32:39Z</time></trkpt><trkpt lat="40.74382314281895" lon="-74.01756251875844"><time>2026-07-14T22:32:40Z</time></trkpt><trkpt lat="40.74379395377594" lon="-74.01757321994445"><time>2026-07-14T22:32:41Z</time></trkpt><trkpt lat="40.74377239563339" lon="-74.01758128946648"><time>2026-07-14T22:32:43Z</time></trkpt><trkpt lat="40.74375301715019" lon="-74.01758430595675"><time>2026-07-14T22:32:44Z</time></trkpt><trkpt lat="40.74372373459615" lon="-74.01758487297842"><time>2026-07-14T22:32:46Z</time></trkpt><trkpt lat="40.743690306530276" lon="-74.01759077894286"><time>2026-07-14T22:32:48Z</time></trkpt><trkpt lat="40.74366277337217" lon="-74.01758713956923"><time>2026-07-14T22:32:50Z</time></trkpt><trkpt lat="40.743635755187626" lon="-74.01757963642828"><time>2026-07-14T22:32:52Z</time></trkpt><trkpt lat="40.74360778388818" lon="-74.01757297005226"><time>2026-07-14T22:32:54Z</time></trkpt><trkpt lat="40.743582978112826" lon="-74.01756471746914"><time>2026-07-14T22:32:56Z</time></trkpt><trkpt lat="40.74355496652401" lon="-74.0175625809034"><time>2026-07-14T22:32:58Z</time></trkpt><trkpt lat="40.7435278983312" lon="-74.0175560816705"><time>2026-07-14T22:33:00Z</time></trkpt><trkpt lat="40.74350396213309" lon="-74.01754614669618"><time>2026-07-14T22:33:02Z</time></trkpt><trkpt lat="40.743480494412466" lon="-74.01753672037528"><time>2026-07-14T22:33:04Z</time></trkpt><trkpt lat="40.743456778897695" lon="-74.01751758589126"><time>2026-07-14T22:33:06Z</time></trkpt><trkpt lat="40.74343127793269" lon="-74.01749866688928"><time>2026-07-14T22:33:08Z</time></trkpt><trkpt lat="40.74340565543741" lon="-74.01748212473188"><time>2026-07-14T22:33:10Z</time></trkpt><trkpt lat="40.74337903351577" lon="-74.01746989905826"><time>2026-07-14T22:33:12Z</time></trkpt><trkpt lat="40.74335141588855" lon="-74.01745390729847"><time>2026-07-14T22:33:14Z</time></trkpt><trkpt lat="40.74332112920962" lon="-74.0174545663319"><time>2026-07-14T22:33:16Z</time></trkpt><trkpt lat="40.743289889888835" lon="-74.01745437118541"><time>2026-07-14T22:33:18Z</time></trkpt><trkpt lat="40.74326047525998" lon="-74.01744027996807"><time>2026-07-14T22:33:20Z</time></trkpt><trkpt lat="40.74323202023357" lon="-74.01742539630156"><time>2026-07-14T22:33:22Z</time></trkpt><trkpt lat="40.74320284440118" lon="-74.01741532572633"><time>2026-07-14T22:33:24Z</time></trkpt><trkpt lat="40.74317545117366" lon="-74.01740973854719"><time>2026-07-14T22:33:26Z</time></trkpt><trkpt lat="40.743147451875984" lon="-74.01740194230585"><time>2026-07-14T22:33:28Z</time></trkpt><trkpt lat="40.74312058637132" lon="-74.01739807143046"><time>2026-07-14T22:33:30Z</time></trkpt><trkpt lat="40.74309650554877" lon="-74.01739527609762"><time>2026-07-14T22:33:32Z</time></trkpt><trkpt lat="40.74307060287768" lon="-74.01738772581157"><time>2026-07-14T22:33:34Z</time></trkpt><trkpt lat="40.7430444969676" lon="-74.0173780064159"><time>2026-07-14T22:33:36Z</time></trkpt><trkpt lat="40.74301944144908" lon="-74.01736468014252"><time>2026-07-14T22:33:38Z</time></trkpt><trkpt lat="40.74299192470217" lon="-74.01734875351072"><time>2026-07-14T22:33:40Z</time></trkpt><trkpt lat="40.74296397573841" lon="-74.01734343556309"><time>2026-07-14T22:33:42Z</time></trkpt><trkpt lat="40.74293791036155" lon="-74.01732795107114"><time>2026-07-14T22:33:44Z</time></trkpt><trkpt lat="40.74290766744232" lon="-74.01732584147977"><time>2026-07-14T22:33:46Z</time></trkpt><trkpt lat="40.74287614630778" lon="-74.01733282329353"><time>2026-07-14T22:33:48Z</time></trkpt><trkpt lat="40.74284652466718" lon="-74.0173348000979"><time>2026-07-14T22:33:50Z</time></trkpt><trkpt lat="40.74281259024783" lon="-74.01733253935086"><time>2026-07-14T22:33:52Z</time></trkpt><trkpt lat="40.74278268082217" lon="-74.01733382444577"><time>2026-07-14T22:33:54Z</time></trkpt><trkpt lat="40.74275737990057" lon="-74.01733962100823"><time>2026-07-14T22:33:56Z</time></trkpt><trkpt lat="40.742726279549316" lon="-74.01734830096804"><time>2026-07-14T22:33:58Z</time></trkpt><trkpt lat="40.74269379265583" lon="-74.01734585151266"><time>2026-07-14T22:34:00Z</time></trkpt><trkpt lat="40.74265957464201" lon="-74.01734598790652"><time>2026-07-14T22:34:02Z</time></trkpt><trkpt lat="40.742638243747734" lon="-74.01734562786159"><time>2026-07-14T22:34:03Z</time></trkpt><trkpt lat="40.742618774029" lon="-74.01734933951774"><time>2026-07-14T22:34:04Z</time></trkpt><trkpt lat="40.74259777209669" lon="-74.0173556117139"><time>2026-07-14T22:34:05Z</time></trkpt><trkpt lat="40.742575586543985" lon="-74.01736154612837"><time>2026-07-14T22:34:06Z</time></trkpt><trkpt lat="40.74255577988696" lon="-74.01737472000978"><time>2026-07-14T22:34:07Z</time></trkpt><trkpt lat="40.74254177105371" lon="-74.017390834407"><time>2026-07-14T22:34:08Z</time></trkpt><trkpt lat="40.74250667722111" lon="-74.01742082022243"><time>2026-07-14T22:34:10Z</time></trkpt><trkpt lat="40.74248117519694" lon="-74.01743528232251"><time>2026-07-14T22:34:11Z</time></trkpt><trkpt lat="40.742444692267895" lon="-74.01745318321342"><time>2026-07-14T22:34:13Z</time></trkpt><trkpt lat="40.742429005325484" lon="-74.01747663172884"><time>2026-07-14T22:34:14Z</time></trkpt><trkpt lat="40.742414495808184" lon="-74.01749666837776"><time>2026-07-14T22:34:15Z</time></trkpt><trkpt lat="40.74239857840758" lon="-74.01752498635256"><time>2026-07-14T22:34:16Z</time></trkpt><trkpt lat="40.742369769241975" lon="-74.01753755344738"><time>2026-07-14T22:34:17Z</time></trkpt><trkpt lat="40.7423524251614" lon="-74.01755869216699"><time>2026-07-14T22:34:18Z</time></trkpt><trkpt lat="40.74233640003828" lon="-74.01758060398798"><time>2026-07-14T22:34:19Z</time></trkpt><trkpt lat="40.742309990979415" lon="-74.01759833650162"><time>2026-07-14T22:34:20Z</time></trkpt><trkpt lat="40.74227858838852" lon="-74.01760237915451"><time>2026-07-14T22:34:21Z</time></trkpt><trkpt lat="40.74224876239161" lon="-74.01760464230101"><time>2026-07-14T22:34:22Z</time></trkpt><trkpt lat="40.742226952935404" lon="-74.01762213911884"><time>2026-07-14T22:34:23Z</time></trkpt><trkpt lat="40.74220372075808" lon="-74.01763064584591"><time>2026-07-14T22:34:24Z</time></trkpt><trkpt lat="40.742177439995075" lon="-74.01764142504213"><time>2026-07-14T22:34:25Z</time></trkpt><trkpt lat="40.74215966916891" lon="-74.01765179037677"><time>2026-07-14T22:34:26Z</time></trkpt><trkpt lat="40.74214078273734" lon="-74.01765895507114"><time>2026-07-14T22:34:27Z</time></trkpt><trkpt lat="40.742117745003355" lon="-74.01766994306314"><time>2026-07-14T22:34:28Z</time></trkpt><trkpt lat="40.742091535745104" lon="-74.01768120383765"><time>2026-07-14T22:34:29Z</time></trkpt><trkpt lat="40.74206985784369" lon="-74.01769969463648"><time>2026-07-14T22:34:30Z</time></trkpt><trkpt lat="40.74205234738668" lon="-74.01770702937004"><time>2026-07-14T22:34:31Z</time></trkpt><trkpt lat="40.74203459928643" lon="-74.01773180883472"><time>2026-07-14T22:34:32Z</time></trkpt><trkpt lat="40.74201671088662" lon="-74.0177452150773"><time>2026-07-14T22:34:33Z</time></trkpt><trkpt lat="40.74199266523983" lon="-74.0177514995169"><time>2026-07-14T22:34:34Z</time></trkpt><trkpt lat="40.741972591283655" lon="-74.01776299235047"><time>2026-07-14T22:34:35Z</time></trkpt><trkpt lat="40.7419516633019" lon="-74.01778010261532"><time>2026-07-14T22:34:36Z</time></trkpt><trkpt lat="40.74193254835167" lon="-74.01779762348197"><time>2026-07-14T22:34:37Z</time></trkpt><trkpt lat="40.74190740988728" lon="-74.01781588051702"><time>2026-07-14T22:34:38Z</time></trkpt><trkpt lat="40.741887419104" lon="-74.01783205112417"><time>2026-07-14T22:34:39Z</time></trkpt><trkpt lat="40.74186680887746" lon="-74.01783912745911"><time>2026-07-14T22:34:40Z</time></trkpt><trkpt lat="40.74184557501176" lon="-74.01784889090442"><time>2026-07-14T22:34:41Z</time></trkpt><trkpt lat="40.7418240563861" lon="-74.01785663137292"><time>2026-07-14T22:34:42Z</time></trkpt><trkpt lat="40.74180286321238" lon="-74.01786258804931"><time>2026-07-14T22:34:43Z</time></trkpt><trkpt lat="40.741780308939916" lon="-74.0178632730274"><time>2026-07-14T22:34:44Z</time></trkpt><trkpt lat="40.74175836917492" lon="-74.01786851970817"><time>2026-07-14T22:34:45Z</time></trkpt><trkpt lat="40.74173768598381" lon="-74.01787405964785"><time>2026-07-14T22:34:46Z</time></trkpt><trkpt lat="40.74171728136969" lon="-74.0178824750919"><time>2026-07-14T22:34:47Z</time></trkpt><trkpt lat="40.74169431396689" lon="-74.01789049210525"><time>2026-07-14T22:34:48Z</time></trkpt><trkpt lat="40.741667813176115" lon="-74.01789758047768"><time>2026-07-14T22:34:49Z</time></trkpt><trkpt lat="40.741645787044185" lon="-74.0179045192886"><time>2026-07-14T22:34:50Z</time></trkpt><trkpt lat="40.74162481467779" lon="-74.01791099035331"><time>2026-07-14T22:34:51Z</time></trkpt><trkpt lat="40.74160255401044" lon="-74.01791466996474"><time>2026-07-14T22:34:52Z</time></trkpt><trkpt lat="40.74157597747739" lon="-74.01791824045304"><time>2026-07-14T22:34:53Z</time></trkpt><trkpt lat="40.741555449374104" lon="-74.01792510834143"><time>2026-07-14T22:34:54Z</time></trkpt><trkpt lat="40.74153084022946" lon="-74.01793140989217"><time>2026-07-14T22:34:55Z</time></trkpt><trkpt lat="40.74150942174488" lon="-74.01794260455374"><time>2026-07-14T22:34:56Z</time></trkpt><trkpt lat="40.741488999159785" lon="-74.01795708043612"><time>2026-07-14T22:34:57Z</time></trkpt><trkpt lat="40.741466547690855" lon="-74.01797083341837"><time>2026-07-14T22:34:58Z</time></trkpt><trkpt lat="40.74144356676173" lon="-74.01797945364531"><time>2026-07-14T22:34:59Z</time></trkpt><trkpt lat="40.741420208658575" lon="-74.01798457784663"><time>2026-07-14T22:35:00Z</time></trkpt><trkpt lat="40.74139815599702" lon="-74.017991811147"><time>2026-07-14T22:35:01Z</time></trkpt><trkpt lat="40.74137530427306" lon="-74.01800470302751"><time>2026-07-14T22:35:02Z</time></trkpt><trkpt lat="40.74135140183114" lon="-74.01801946158484"><time>2026-07-14T22:35:03Z</time></trkpt><trkpt lat="40.741327137968995" lon="-74.01803184003964"><time>2026-07-14T22:35:04Z</time></trkpt><trkpt lat="40.74130264329032" lon="-74.01804292412015"><time>2026-07-14T22:35:05Z</time></trkpt><trkpt lat="40.74128053421019" lon="-74.0180487899785"><time>2026-07-14T22:35:06Z</time></trkpt><trkpt lat="40.74126000342167" lon="-74.0180538034529"><time>2026-07-14T22:35:07Z</time></trkpt><trkpt lat="40.74123818781597" lon="-74.01805647711532"><time>2026-07-14T22:35:08Z</time></trkpt><trkpt lat="40.74121765762852" lon="-74.01805452490915"><time>2026-07-14T22:35:09Z</time></trkpt><trkpt lat="40.7411955432712" lon="-74.01805529310036"><time>2026-07-14T22:35:10Z</time></trkpt><trkpt lat="40.74117179384447" lon="-74.0180565158542"><time>2026-07-14T22:35:11Z</time></trkpt><trkpt lat="40.74114811734986" lon="-74.01805537857679"><time>2026-07-14T22:35:12Z</time></trkpt><trkpt lat="40.741126086143275" lon="-74.0180550380174"><time>2026-07-14T22:35:13Z</time></trkpt><trkpt lat="40.74110415785131" lon="-74.01805402708945"><time>2026-07-14T22:35:14Z</time></trkpt><trkpt lat="40.74108106538774" lon="-74.01805470669808"><time>2026-07-14T22:35:15Z</time></trkpt><trkpt lat="40.7410592416049" lon="-74.01805563796017"><time>2026-07-14T22:35:16Z</time></trkpt><trkpt lat="40.74103362329715" lon="-74.01805047767863"><time>2026-07-14T22:35:17Z</time></trkpt><trkpt lat="40.74101106957248" lon="-74.01804974225185"><time>2026-07-14T22:35:18Z</time></trkpt><trkpt lat="40.74098854211177" lon="-74.01805201254987"><time>2026-07-14T22:35:19Z</time></trkpt><trkpt lat="40.74096362581098" lon="-74.01805415694245"><time>2026-07-14T22:35:20Z</time></trkpt><trkpt lat="40.740937396122" lon="-74.01805246897403"><time>2026-07-14T22:35:21Z</time></trkpt><trkpt lat="40.74091140473011" lon="-74.01805293865773"><time>2026-07-14T22:35:22Z</time></trkpt><trkpt lat="40.74088628386867" lon="-74.01805680844552"><time>2026-07-14T22:35:23Z</time></trkpt><trkpt lat="40.74086080835697" lon="-74.01806175979942"><time>2026-07-14T22:35:24Z</time></trkpt><trkpt lat="40.740834264874195" lon="-74.01806234263522"><time>2026-07-14T22:35:25Z</time></trkpt><trkpt lat="40.74080844905764" lon="-74.01806419349623"><time>2026-07-14T22:35:26Z</time></trkpt><trkpt lat="40.74078221947037" lon="-74.01806755765108"><time>2026-07-14T22:35:27Z</time></trkpt><trkpt lat="40.74075561921101" lon="-74.01806985587116"><time>2026-07-14T22:35:28Z</time></trkpt><trkpt lat="40.74072995749918" lon="-74.01807152453652"><time>2026-07-14T22:35:29Z</time></trkpt><trkpt lat="40.74070230153903" lon="-74.01807224937828"><time>2026-07-14T22:35:30Z</time></trkpt><trkpt lat="40.740676045470096" lon="-74.01808015070105"><time>2026-07-14T22:35:31Z</time></trkpt><trkpt lat="40.740648768994625" lon="-74.01808806884337"><time>2026-07-14T22:35:32Z</time></trkpt><trkpt lat="40.74062292943831" lon="-74.01809919502821"><time>2026-07-14T22:35:33Z</time></trkpt><trkpt lat="40.74059768450019" lon="-74.01810908196752"><time>2026-07-14T22:35:34Z</time></trkpt><trkpt lat="40.740570763233535" lon="-74.01811432235871"><time>2026-07-14T22:35:35Z</time></trkpt><trkpt lat="40.74054309774341" lon="-74.01811769864622"><time>2026-07-14T22:35:36Z</time></trkpt><trkpt lat="40.740516662319465" lon="-74.01812210293306"><time>2026-07-14T22:35:37Z</time></trkpt><trkpt lat="40.7404903896858" lon="-74.01812636528078"><time>2026-07-14T22:35:38Z</time></trkpt><trkpt lat="40.740464877997475" lon="-74.01813412322181"><time>2026-07-14T22:35:39Z</time></trkpt><trkpt lat="40.74044258676185" lon="-74.01815028406224"><time>2026-07-14T22:35:40Z</time></trkpt><trkpt lat="40.74041955818041" lon="-74.01816652482438"><time>2026-07-14T22:35:41Z</time></trkpt><trkpt lat="40.740397186584886" lon="-74.01817786393406"><time>2026-07-14T22:35:42Z</time></trkpt><trkpt lat="40.740369575772" lon="-74.01818429794046"><time>2026-07-14T22:35:43Z</time></trkpt><trkpt lat="40.740347088429886" lon="-74.01819565318661"><time>2026-07-14T22:35:44Z</time></trkpt><trkpt lat="40.74032608957926" lon="-74.01821275005531"><time>2026-07-14T22:35:45Z</time></trkpt><trkpt lat="40.740304090005885" lon="-74.01822859710906"><time>2026-07-14T22:35:46Z</time></trkpt><trkpt lat="40.740281894444344" lon="-74.01824770852353"><time>2026-07-14T22:35:47Z</time></trkpt><trkpt lat="40.74025960859101" lon="-74.01826570000665"><time>2026-07-14T22:35:48Z</time></trkpt><trkpt lat="40.740236038730764" lon="-74.0182748343582"><time>2026-07-14T22:35:49Z</time></trkpt><trkpt lat="40.74020850706816" lon="-74.01828431375657"><time>2026-07-14T22:35:50Z</time></trkpt><trkpt lat="40.740183444036774" lon="-74.01829650461706"><time>2026-07-14T22:35:51Z</time></trkpt><trkpt lat="40.74015802356" lon="-74.01830368979628"><time>2026-07-14T22:35:52Z</time></trkpt><trkpt lat="40.74013374366881" lon="-74.01831002660397"><time>2026-07-14T22:35:53Z</time></trkpt><trkpt lat="40.740111919418" lon="-74.01832378310512"><time>2026-07-14T22:35:54Z</time></trkpt><trkpt lat="40.74008946565055" lon="-74.01833276905377"><time>2026-07-14T22:35:55Z</time></trkpt><trkpt lat="40.74006176691526" lon="-74.01832995443303"><time>2026-07-14T22:35:56Z</time></trkpt><trkpt lat="40.74003603140539" lon="-74.0183390435795"><time>2026-07-14T22:35:57Z</time></trkpt><trkpt lat="40.74001340910432" lon="-74.01835269095172"><time>2026-07-14T22:35:58Z</time></trkpt><trkpt lat="40.73998948695974" lon="-74.01836665540044"><time>2026-07-14T22:35:59Z</time></trkpt><trkpt lat="40.73996241142637" lon="-74.01837501615519"><time>2026-07-14T22:36:00Z</time></trkpt><trkpt lat="40.73993838141371" lon="-74.01838183052071"><time>2026-07-14T22:36:01Z</time></trkpt><trkpt lat="40.73992080713904" lon="-74.01837464743427"><time>2026-07-14T22:36:02Z</time></trkpt><trkpt lat="40.7399032652922" lon="-74.01836294952867"><time>2026-07-14T22:36:03Z</time></trkpt><trkpt lat="40.73987729443749" lon="-74.01836474958726"><time>2026-07-14T22:36:04Z</time></trkpt><trkpt lat="40.73985332904948" lon="-74.01837081013987"><time>2026-07-14T22:36:05Z</time></trkpt><trkpt lat="40.739822166468045" lon="-74.01836816692165"><time>2026-07-14T22:36:06Z</time></trkpt><trkpt lat="40.73979779496339" lon="-74.01837325373867"><time>2026-07-14T22:36:07Z</time></trkpt><trkpt lat="40.73976914731205" lon="-74.01837826685872"><time>2026-07-14T22:36:08Z</time></trkpt><trkpt lat="40.739745612688566" lon="-74.01839209690131"><time>2026-07-14T22:36:09Z</time></trkpt><trkpt lat="40.7397235149416" lon="-74.01839687070047"><time>2026-07-14T22:36:10Z</time></trkpt><trkpt lat="40.739700328663005" lon="-74.01840716238506"><time>2026-07-14T22:36:11Z</time></trkpt><trkpt lat="40.73967213815856" lon="-74.01841000617512"><time>2026-07-14T22:36:12Z</time></trkpt><trkpt lat="40.73964348095678" lon="-74.01840794296896"><time>2026-07-14T22:36:13Z</time></trkpt><trkpt lat="40.73961609220059" lon="-74.01841453067046"><time>2026-07-14T22:36:14Z</time></trkpt><trkpt lat="40.7395874612905" lon="-74.01841138013613"><time>2026-07-14T22:36:15Z</time></trkpt><trkpt lat="40.73956189600562" lon="-74.01841466868338"><time>2026-07-14T22:36:16Z</time></trkpt><trkpt lat="40.73953967655305" lon="-74.01842366158178"><time>2026-07-14T22:36:17Z</time></trkpt><trkpt lat="40.73951510896535" lon="-74.01843217405828"><time>2026-07-14T22:36:18Z</time></trkpt><trkpt lat="40.73949177331269" lon="-74.018440363809"><time>2026-07-14T22:36:19Z</time></trkpt><trkpt lat="40.739471918967716" lon="-74.0184578510872"><time>2026-07-14T22:36:20Z</time></trkpt><trkpt lat="40.73945102082081" lon="-74.01848137332144"><time>2026-07-14T22:36:21Z</time></trkpt><trkpt lat="40.73942539497695" lon="-74.018489583413"><time>2026-07-14T22:36:22Z</time></trkpt><trkpt lat="40.739395902636964" lon="-74.01849160810235"><time>2026-07-14T22:36:23Z</time></trkpt><trkpt lat="40.739370042795365" lon="-74.01850179836717"><time>2026-07-14T22:36:24Z</time></trkpt><trkpt lat="40.73934729999256" lon="-74.01850863798182"><time>2026-07-14T22:36:25Z</time></trkpt><trkpt lat="40.7393204450077" lon="-74.01851786320772"><time>2026-07-14T22:36:26Z</time></trkpt><trkpt lat="40.73928958915588" lon="-74.01852378288925"><time>2026-07-14T22:36:27Z</time></trkpt><trkpt lat="40.73926101429447" lon="-74.01853231999024"><time>2026-07-14T22:36:28Z</time></trkpt><trkpt lat="40.739236563785255" lon="-74.01854720284074"><time>2026-07-14T22:36:29Z</time></trkpt><trkpt lat="40.73921669961501" lon="-74.01856700785042"><time>2026-07-14T22:36:30Z</time></trkpt><trkpt lat="40.73920669939324" lon="-74.01858690517453"><time>2026-07-14T22:36:31Z</time></trkpt><trkpt lat="40.739207419663884" lon="-74.01862814975676"><time>2026-07-14T22:36:33Z</time></trkpt><trkpt lat="40.739220996563276" lon="-74.01864992020039"><time>2026-07-14T22:36:34Z</time></trkpt><trkpt lat="40.739238231937506" lon="-74.0186570103217"><time>2026-07-14T22:36:35Z</time></trkpt><trkpt lat="40.73926044096564" lon="-74.01868449040688"><time>2026-07-14T22:36:36Z</time></trkpt><trkpt lat="40.73927565930542" lon="-74.01869817358013"><time>2026-07-14T22:36:37Z</time></trkpt><trkpt lat="40.73929719492593" lon="-74.0187181609919"><time>2026-07-14T22:36:38Z</time></trkpt><trkpt lat="40.739315844544016" lon="-74.01874067084746"><time>2026-07-14T22:36:39Z</time></trkpt><trkpt lat="40.739329067694534" lon="-74.01877452101392"><time>2026-07-14T22:36:40Z</time></trkpt><trkpt lat="40.73933263418594" lon="-74.01881480056208"><time>2026-07-14T22:36:41Z</time></trkpt><trkpt lat="40.739355175137554" lon="-74.01883751593333"><time>2026-07-14T22:36:42Z</time></trkpt><trkpt lat="40.73937585284627" lon="-74.01887150002305"><time>2026-07-14T22:36:43Z</time></trkpt><trkpt lat="40.739390887520386" lon="-74.01889788195987"><time>2026-07-14T22:36:44Z</time></trkpt><trkpt lat="40.739403288740874" lon="-74.01892653282037"><time>2026-07-14T22:36:45Z</time></trkpt><trkpt lat="40.739416340488894" lon="-74.01895632191939"><time>2026-07-14T22:36:46Z</time></trkpt><trkpt lat="40.73942862029075" lon="-74.01899129936272"><time>2026-07-14T22:36:47Z</time></trkpt><trkpt lat="40.739437825474575" lon="-74.01902603151721"><time>2026-07-14T22:36:48Z</time></trkpt><trkpt lat="40.73944405892854" lon="-74.01906326477621"><time>2026-07-14T22:36:49Z</time></trkpt><trkpt lat="40.73945358951029" lon="-74.01909824634413"><time>2026-07-14T22:36:50Z</time></trkpt><trkpt lat="40.73946988187038" lon="-74.01913182152063"><time>2026-07-14T22:36:51Z</time></trkpt><trkpt lat="40.73948597260852" lon="-74.01916511205346"><time>2026-07-14T22:36:52Z</time></trkpt><trkpt lat="40.73950162909789" lon="-74.01919333147804"><time>2026-07-14T22:36:53Z</time></trkpt><trkpt lat="40.739519334601745" lon="-74.01921833831253"><time>2026-07-14T22:36:54Z</time></trkpt><trkpt lat="40.73954420236845" lon="-74.01924309033397"><time>2026-07-14T22:36:55Z</time></trkpt><trkpt lat="40.73957070058276" lon="-74.019273556405"><time>2026-07-14T22:36:56Z</time></trkpt><trkpt lat="40.739588797954084" lon="-74.01930379162168"><time>2026-07-14T22:36:57Z</time></trkpt><trkpt lat="40.73960756134797" lon="-74.01933095990194"><time>2026-07-14T22:36:58Z</time></trkpt><trkpt lat="40.73962355643571" lon="-74.01936370932536"><time>2026-07-14T22:36:59Z</time></trkpt><trkpt lat="40.73964377246481" lon="-74.01939034055376"><time>2026-07-14T22:37:00Z</time></trkpt><trkpt lat="40.73967947242163" lon="-74.01944524063157"><time>2026-07-14T22:37:02Z</time></trkpt><trkpt lat="40.739704667819716" lon="-74.01947527980815"><time>2026-07-14T22:37:03Z</time></trkpt><trkpt lat="40.739751653743774" lon="-74.01951839184014"><time>2026-07-14T22:37:05Z</time></trkpt><trkpt lat="40.739772527365695" lon="-74.0195513387"><time>2026-07-14T22:37:06Z</time></trkpt><trkpt lat="40.73978309600469" lon="-74.01957374487837"><time>2026-07-14T22:37:07Z</time></trkpt><trkpt lat="40.739806646515746" lon="-74.01960680491672"><time>2026-07-14T22:37:08Z</time></trkpt><trkpt lat="40.73983106252268" lon="-74.01962843754502"><time>2026-07-14T22:37:09Z</time></trkpt><trkpt lat="40.73985430880048" lon="-74.01965186853141"><time>2026-07-14T22:37:10Z</time></trkpt><trkpt lat="40.73987588800948" lon="-74.01967913035455"><time>2026-07-14T22:37:11Z</time></trkpt><trkpt lat="40.739899049674754" lon="-74.0197063087315"><time>2026-07-14T22:37:12Z</time></trkpt><trkpt lat="40.73992094821032" lon="-74.01973673342692"><time>2026-07-14T22:37:13Z</time></trkpt><trkpt lat="40.739943536477355" lon="-74.01976511396373"><time>2026-07-14T22:37:14Z</time></trkpt><trkpt lat="40.739965338887146" lon="-74.01979181000063"><time>2026-07-14T22:37:15Z</time></trkpt><trkpt lat="40.73999150633136" lon="-74.0198138615134"><time>2026-07-14T22:37:16Z</time></trkpt><trkpt lat="40.74001570259076" lon="-74.01983276549039"><time>2026-07-14T22:37:17Z</time></trkpt><trkpt lat="40.740040304026124" lon="-74.01985318988731"><time>2026-07-14T22:37:18Z</time></trkpt><trkpt lat="40.740069187885794" lon="-74.01991519924573"><time>2026-07-14T22:37:20Z</time></trkpt><trkpt lat="40.740088895228254" lon="-74.01995335163201"><time>2026-07-14T22:37:21Z</time></trkpt><trkpt lat="40.74010542625384" lon="-74.01998272391945"><time>2026-07-14T22:37:22Z</time></trkpt><trkpt lat="40.740126248311036" lon="-74.02001114822978"><time>2026-07-14T22:37:23Z</time></trkpt><trkpt lat="40.74015050346356" lon="-74.0200391717515"><time>2026-07-14T22:37:24Z</time></trkpt><trkpt lat="40.74017552931973" lon="-74.02006486291789"><time>2026-07-14T22:37:25Z</time></trkpt><trkpt lat="40.74019989113526" lon="-74.02008699117059"><time>2026-07-14T22:37:26Z</time></trkpt><trkpt lat="40.74022401986683" lon="-74.02011019861514"><time>2026-07-14T22:37:27Z</time></trkpt><trkpt lat="40.74024818256313" lon="-74.0201305510867"><time>2026-07-14T22:37:28Z</time></trkpt><trkpt lat="40.740271534736536" lon="-74.02015117057077"><time>2026-07-14T22:37:29Z</time></trkpt><trkpt lat="40.740295043664865" lon="-74.02017445344072"><time>2026-07-14T22:37:30Z</time></trkpt><trkpt lat="40.74031322652489" lon="-74.02020380591834"><time>2026-07-14T22:37:31Z</time></trkpt><trkpt lat="40.74033226304477" lon="-74.02023162734578"><time>2026-07-14T22:37:32Z</time></trkpt><trkpt lat="40.7403580007449" lon="-74.02025356069046"><time>2026-07-14T22:37:33Z</time></trkpt><trkpt lat="40.74038497797338" lon="-74.0202690330876"><time>2026-07-14T22:37:34Z</time></trkpt><trkpt lat="40.74040894265816" lon="-74.02028872246082"><time>2026-07-14T22:37:35Z</time></trkpt><trkpt lat="40.740433447830625" lon="-74.02030621787473"><time>2026-07-14T22:37:36Z</time></trkpt><trkpt lat="40.74045940940198" lon="-74.02032271954974"><time>2026-07-14T22:37:37Z</time></trkpt><trkpt lat="40.7404872205314" lon="-74.02033995155425"><time>2026-07-14T22:37:38Z</time></trkpt><trkpt lat="40.740516062197" lon="-74.02035306197226"><time>2026-07-14T22:37:39Z</time></trkpt><trkpt lat="40.74054360961856" lon="-74.02036756214643"><time>2026-07-14T22:37:40Z</time></trkpt><trkpt lat="40.74057144168978" lon="-74.02038017195885"><time>2026-07-14T22:37:41Z</time></trkpt><trkpt lat="40.74059909934992" lon="-74.02039574613957"><time>2026-07-14T22:37:42Z</time></trkpt><trkpt lat="40.74062733608228" lon="-74.02040670124535"><time>2026-07-14T22:37:43Z</time></trkpt><trkpt lat="40.74065356954902" lon="-74.02041982170012"><time>2026-07-14T22:37:44Z</time></trkpt><trkpt lat="40.740679236838645" lon="-74.02043782396804"><time>2026-07-14T22:37:45Z</time></trkpt><trkpt lat="40.740707252844324" lon="-74.02045093389229"><time>2026-07-14T22:37:46Z</time></trkpt><trkpt lat="40.740729465916814" lon="-74.02048318600858"><time>2026-07-14T22:37:47Z</time></trkpt><trkpt lat="40.74075423075251" lon="-74.02050616008256"><time>2026-07-14T22:37:48Z</time></trkpt><trkpt lat="40.74078255385686" lon="-74.0205230026452"><time>2026-07-14T22:37:49Z</time></trkpt><trkpt lat="40.740810803275004" lon="-74.02053965501399"><time>2026-07-14T22:37:50Z</time></trkpt><trkpt lat="40.74084039258634" lon="-74.0205623487062"><time>2026-07-14T22:37:51Z</time></trkpt><trkpt lat="40.74085770268635" lon="-74.02059563307463"><time>2026-07-14T22:37:52Z</time></trkpt><trkpt lat="40.74087896642153" lon="-74.02062567444591"><time>2026-07-14T22:37:53Z</time></trkpt><trkpt lat="40.7409008541125" lon="-74.020659292227"><time>2026-07-14T22:37:54Z</time></trkpt><trkpt lat="40.74092267270118" lon="-74.02069022034348"><time>2026-07-14T22:37:55Z</time></trkpt><trkpt lat="40.740940085619734" lon="-74.0207214072538"><time>2026-07-14T22:37:56Z</time></trkpt><trkpt lat="40.740963098071525" lon="-74.02074483620657"><time>2026-07-14T22:37:57Z</time></trkpt><trkpt lat="40.74098664386412" lon="-74.02076251161073"><time>2026-07-14T22:37:58Z</time></trkpt><trkpt lat="40.74101264129684" lon="-74.02078009310132"><time>2026-07-14T22:37:59Z</time></trkpt><trkpt lat="40.74103750307639" lon="-74.02079854725802"><time>2026-07-14T22:38:00Z</time></trkpt><trkpt lat="40.74106111796693" lon="-74.02081863649437"><time>2026-07-14T22:38:01Z</time></trkpt><trkpt lat="40.741084794562354" lon="-74.02083646707482"><time>2026-07-14T22:38:02Z</time></trkpt><trkpt lat="40.741110252434254" lon="-74.0208562590182"><time>2026-07-14T22:38:03Z</time></trkpt><trkpt lat="40.74113542992503" lon="-74.02087169169074"><time>2026-07-14T22:38:04Z</time></trkpt><trkpt lat="40.74115935940101" lon="-74.02088449137675"><time>2026-07-14T22:38:05Z</time></trkpt><trkpt lat="40.741183934679995" lon="-74.02089658822767"><time>2026-07-14T22:38:06Z</time></trkpt><trkpt lat="40.74121202141035" lon="-74.02091081774982"><time>2026-07-14T22:38:07Z</time></trkpt><trkpt lat="40.741238174663636" lon="-74.02092663592421"><time>2026-07-14T22:38:08Z</time></trkpt><trkpt lat="40.74126589529215" lon="-74.02094441673276"><time>2026-07-14T22:38:09Z</time></trkpt><trkpt lat="40.74129361828778" lon="-74.02096001917323"><time>2026-07-14T22:38:10Z</time></trkpt><trkpt lat="40.74132239255714" lon="-74.0209762607412"><time>2026-07-14T22:38:11Z</time></trkpt><trkpt lat="40.74135094204007" lon="-74.02099247405056"><time>2026-07-14T22:38:12Z</time></trkpt><trkpt lat="40.74138313784208" lon="-74.02100267691688"><time>2026-07-14T22:38:13Z</time></trkpt><trkpt lat="40.74141330905063" lon="-74.02101584562797"><time>2026-07-14T22:38:14Z</time></trkpt><trkpt lat="40.74144541245363" lon="-74.02102863552395"><time>2026-07-14T22:38:15Z</time></trkpt><trkpt lat="40.741474117876685" lon="-74.02104730103814"><time>2026-07-14T22:38:16Z</time></trkpt><trkpt lat="40.74150099432921" lon="-74.02107564314453"><time>2026-07-14T22:38:17Z</time></trkpt><trkpt lat="40.74152581987823" lon="-74.02109960100556"><time>2026-07-14T22:38:18Z</time></trkpt><trkpt lat="40.741546912878356" lon="-74.02112413102431"><time>2026-07-14T22:38:19Z</time></trkpt><trkpt lat="40.74157047432541" lon="-74.02114877220927"><time>2026-07-14T22:38:20Z</time></trkpt><trkpt lat="40.74159512168647" lon="-74.02117242264539"><time>2026-07-14T22:38:21Z</time></trkpt><trkpt lat="40.74162280020589" lon="-74.02119206039264"><time>2026-07-14T22:38:22Z</time></trkpt><trkpt lat="40.741649113084364" lon="-74.02120944222665"><time>2026-07-14T22:38:23Z</time></trkpt><trkpt lat="40.74167646018135" lon="-74.02122438284596"><time>2026-07-14T22:38:24Z</time></trkpt><trkpt lat="40.74169954445035" lon="-74.02123902827634"><time>2026-07-14T22:38:25Z</time></trkpt><trkpt lat="40.74172741961041" lon="-74.0212561995463"><time>2026-07-14T22:38:26Z</time></trkpt><trkpt lat="40.7417544630027" lon="-74.02126947423801"><time>2026-07-14T22:38:27Z</time></trkpt><trkpt lat="40.7417757688465" lon="-74.0212873669123"><time>2026-07-14T22:38:28Z</time></trkpt><trkpt lat="40.74179008637205" lon="-74.02130756465544"><time>2026-07-14T22:38:29Z</time></trkpt><trkpt lat="40.74179707478436" lon="-74.0213306486206"><time>2026-07-14T22:38:30Z</time></trkpt><trkpt lat="40.74179662043081" lon="-74.02137472150378"><time>2026-07-14T22:38:32Z</time></trkpt><trkpt lat="40.74176184774386" lon="-74.02139011641356"><time>2026-07-14T22:38:34Z</time></trkpt><trkpt lat="40.74173691346384" lon="-74.0214110075028"><time>2026-07-14T22:38:36Z</time></trkpt><trkpt lat="40.7417233086576" lon="-74.02142839999196"><time>2026-07-14T22:38:37Z</time></trkpt><trkpt lat="40.741705313537985" lon="-74.02144866417339"><time>2026-07-14T22:38:38Z</time></trkpt><trkpt lat="40.74168798754096" lon="-74.02146062897127"><time>2026-07-14T22:38:39Z</time></trkpt><trkpt lat="40.74166722984341" lon="-74.0214711298913"><time>2026-07-14T22:38:40Z</time></trkpt><trkpt lat="40.74164540771191" lon="-74.0214774183728"><time>2026-07-14T22:38:41Z</time></trkpt><trkpt lat="40.74163101355737" lon="-74.02150473018544"><time>2026-07-14T22:38:42Z</time></trkpt><trkpt lat="40.74161162207283" lon="-74.02151830476693"><time>2026-07-14T22:38:43Z</time></trkpt><trkpt lat="40.74158957822806" lon="-74.02153328728737"><time>2026-07-14T22:38:44Z</time></trkpt><trkpt lat="40.74156615833548" lon="-74.02155014591737"><time>2026-07-14T22:38:45Z</time></trkpt><trkpt lat="40.741548649785635" lon="-74.02156431296716"><time>2026-07-14T22:38:46Z</time></trkpt><trkpt lat="40.74152474208663" lon="-74.02158836990353"><time>2026-07-14T22:38:47Z</time></trkpt><trkpt lat="40.74150259469699" lon="-74.0215904342094"><time>2026-07-14T22:38:48Z</time></trkpt><trkpt lat="40.741465770510025" lon="-74.02163033124314"><time>2026-07-14T22:38:50Z</time></trkpt><trkpt lat="40.74141561495354" lon="-74.02166170731124"><time>2026-07-14T22:38:52Z</time></trkpt><trkpt lat="40.74139993949841" lon="-74.02167453756311"><time>2026-07-14T22:38:53Z</time></trkpt><trkpt lat="40.74137509390171" lon="-74.02167803175479"><time>2026-07-14T22:38:54Z</time></trkpt><trkpt lat="40.74134996936252" lon="-74.02168099715254"><time>2026-07-14T22:38:55Z</time></trkpt><trkpt lat="40.74133101005721" lon="-74.02168627125408"><time>2026-07-14T22:38:56Z</time></trkpt><trkpt lat="40.74129610680233" lon="-74.02170279842423"><time>2026-07-14T22:38:58Z</time></trkpt><trkpt lat="40.7412733319135" lon="-74.02171002853372"><time>2026-07-14T22:38:59Z</time></trkpt><trkpt lat="40.74125163023234" lon="-74.02171950710824"><time>2026-07-14T22:39:00Z</time></trkpt><trkpt lat="40.741231023297296" lon="-74.02172868084519"><time>2026-07-14T22:39:01Z</time></trkpt><trkpt lat="40.74121254644707" lon="-74.02173508940457"><time>2026-07-14T22:39:02Z</time></trkpt><trkpt lat="40.74119126867176" lon="-74.0217356587096"><time>2026-07-14T22:39:03Z</time></trkpt><trkpt lat="40.74117341285568" lon="-74.0217268652986"><time>2026-07-14T22:39:04Z</time></trkpt><trkpt lat="40.74113892697017" lon="-74.02172543720151"><time>2026-07-14T22:39:06Z</time></trkpt><trkpt lat="40.74112026964046" lon="-74.02172179405325"><time>2026-07-14T22:39:07Z</time></trkpt><trkpt lat="40.74110287962301" lon="-74.02171496332221"><time>2026-07-14T22:39:08Z</time></trkpt><trkpt lat="40.74107632884817" lon="-74.02172282918154"><time>2026-07-14T22:39:10Z</time></trkpt><trkpt lat="40.74105736566232" lon="-74.02171594153111"><time>2026-07-14T22:39:11Z</time></trkpt><trkpt lat="40.74103290144754" lon="-74.02170866309059"><time>2026-07-14T22:39:12Z</time></trkpt><trkpt lat="40.74101207411634" lon="-74.02170758967887"><time>2026-07-14T22:39:13Z</time></trkpt><trkpt lat="40.74097548732555" lon="-74.02171038826621"><time>2026-07-14T22:39:15Z</time></trkpt><trkpt lat="40.74095553971475" lon="-74.0217105475731"><time>2026-07-14T22:39:16Z</time></trkpt><trkpt lat="40.74093342298825" lon="-74.02170998133494"><time>2026-07-14T22:39:17Z</time></trkpt><trkpt lat="40.74090966507511" lon="-74.0217114478082"><time>2026-07-14T22:39:18Z</time></trkpt><trkpt lat="40.74088338971347" lon="-74.02171008623424"><time>2026-07-14T22:39:19Z</time></trkpt><trkpt lat="40.74085921495379" lon="-74.02171602803621"><time>2026-07-14T22:39:20Z</time></trkpt><trkpt lat="40.74083882526548" lon="-74.02171342914833"><time>2026-07-14T22:39:21Z</time></trkpt><trkpt lat="40.74081701411563" lon="-74.02172119689071"><time>2026-07-14T22:39:22Z</time></trkpt><trkpt lat="40.740790763389015" lon="-74.02172033273487"><time>2026-07-14T22:39:23Z</time></trkpt><trkpt lat="40.74076604346691" lon="-74.02172431648219"><time>2026-07-14T22:39:24Z</time></trkpt><trkpt lat="40.740740171310776" lon="-74.02172554211167"><time>2026-07-14T22:39:25Z</time></trkpt><trkpt lat="40.74071573293489" lon="-74.02172717543435"><time>2026-07-14T22:39:26Z</time></trkpt><trkpt lat="40.74068772919405" lon="-74.02173347289032"><time>2026-07-14T22:39:27Z</time></trkpt><trkpt lat="40.74066921940256" lon="-74.02174161004764"><time>2026-07-14T22:39:28Z</time></trkpt><trkpt lat="40.74064880143629" lon="-74.02174162879389"><time>2026-07-14T22:39:29Z</time></trkpt><trkpt lat="40.74062032811817" lon="-74.02174177294386"><time>2026-07-14T22:39:30Z</time></trkpt><trkpt lat="40.74059611568596" lon="-74.02174200555704"><time>2026-07-14T22:39:31Z</time></trkpt><trkpt lat="40.740572533939385" lon="-74.0217422359837"><time>2026-07-14T22:39:32Z</time></trkpt><trkpt lat="40.74055057685453" lon="-74.02174450306262"><time>2026-07-14T22:39:33Z</time></trkpt><trkpt lat="40.74052573640827" lon="-74.02174547491458"><time>2026-07-14T22:39:34Z</time></trkpt><trkpt lat="40.740503482945826" lon="-74.02174856042699"><time>2026-07-14T22:39:35Z</time></trkpt><trkpt lat="40.740478570779715" lon="-74.0217532466111"><time>2026-07-14T22:39:36Z</time></trkpt><trkpt lat="40.7404560719649" lon="-74.02175583525339"><time>2026-07-14T22:39:37Z</time></trkpt><trkpt lat="40.740435956903696" lon="-74.02176058650802"><time>2026-07-14T22:39:38Z</time></trkpt><trkpt lat="40.74041249594955" lon="-74.02176494429894"><time>2026-07-14T22:39:39Z</time></trkpt><trkpt lat="40.7403908234707" lon="-74.02176113584171"><time>2026-07-14T22:39:40Z</time></trkpt><trkpt lat="40.74036823377521" lon="-74.02175635408787"><time>2026-07-14T22:39:41Z</time></trkpt><trkpt lat="40.74034446094405" lon="-74.02175291650632"><time>2026-07-14T22:39:42Z</time></trkpt><trkpt lat="40.74032167840171" lon="-74.02175529539826"><time>2026-07-14T22:39:43Z</time></trkpt><trkpt lat="40.740299426209965" lon="-74.02175943887313"><time>2026-07-14T22:39:44Z</time></trkpt><trkpt lat="40.7402782285395" lon="-74.02175972955607"><time>2026-07-14T22:39:45Z</time></trkpt><trkpt lat="40.74025746225554" lon="-74.02175606873061"><time>2026-07-14T22:39:46Z</time></trkpt><trkpt lat="40.74023610364065" lon="-74.02174929547084"><time>2026-07-14T22:39:47Z</time></trkpt><trkpt lat="40.74021470345926" lon="-74.02174949064691"><time>2026-07-14T22:39:48Z</time></trkpt><trkpt lat="40.74019080469386" lon="-74.02176099710917"><time>2026-07-14T22:39:49Z</time></trkpt><trkpt lat="40.74016737825134" lon="-74.02177615647851"><time>2026-07-14T22:39:50Z</time></trkpt><trkpt lat="40.74014350038734" lon="-74.02177857302821"><time>2026-07-14T22:39:51Z</time></trkpt><trkpt lat="40.740120720150514" lon="-74.02177700853342"><time>2026-07-14T22:39:52Z</time></trkpt><trkpt lat="40.740098566567085" lon="-74.02177687830542"><time>2026-07-14T22:39:53Z</time></trkpt><trkpt lat="40.740075958258714" lon="-74.02177561791518"><time>2026-07-14T22:39:54Z</time></trkpt><trkpt lat="40.740054981493486" lon="-74.02177445036874"><time>2026-07-14T22:39:55Z</time></trkpt><trkpt lat="40.740033399857815" lon="-74.02177778513786"><time>2026-07-14T22:39:56Z</time></trkpt><trkpt lat="40.74001240545322" lon="-74.0217838909041"><time>2026-07-14T22:39:57Z</time></trkpt><trkpt lat="40.73999488141454" lon="-74.0217947943716"><time>2026-07-14T22:39:58Z</time></trkpt><trkpt lat="40.73998027346894" lon="-74.02180923719536"><time>2026-07-14T22:39:59Z</time></trkpt><trkpt lat="40.73994675555373" lon="-74.02184348130433"><time>2026-07-14T22:40:01Z</time></trkpt><trkpt lat="40.739908386181206" lon="-74.02184810072295"><time>2026-07-14T22:40:03Z</time></trkpt><trkpt lat="40.73988631889542" lon="-74.02185059399527"><time>2026-07-14T22:40:04Z</time></trkpt><trkpt lat="40.739865750425565" lon="-74.02185487922829"><time>2026-07-14T22:40:05Z</time></trkpt><trkpt lat="40.739845251024036" lon="-74.02186906356505"><time>2026-07-14T22:40:06Z</time></trkpt><trkpt lat="40.73982678173261" lon="-74.02188205849198"><time>2026-07-14T22:40:07Z</time></trkpt><trkpt lat="40.73980674325332" lon="-74.02189446411404"><time>2026-07-14T22:40:08Z</time></trkpt><trkpt lat="40.73978517925791" lon="-74.02190455987491"><time>2026-07-14T22:40:09Z</time></trkpt><trkpt lat="40.73976271744228" lon="-74.02191165748339"><time>2026-07-14T22:40:10Z</time></trkpt><trkpt lat="40.73973886716964" lon="-74.02192238797582"><time>2026-07-14T22:40:11Z</time></trkpt><trkpt lat="40.73971668794801" lon="-74.02193165578431"><time>2026-07-14T22:40:12Z</time></trkpt><trkpt lat="40.73969554008501" lon="-74.02193741358883"><time>2026-07-14T22:40:13Z</time></trkpt><trkpt lat="40.73967390939263" lon="-74.02194399195749"><time>2026-07-14T22:40:14Z</time></trkpt><trkpt lat="40.73965134615132" lon="-74.02195106828452"><time>2026-07-14T22:40:15Z</time></trkpt><trkpt lat="40.739626838914084" lon="-74.0219605540181"><time>2026-07-14T22:40:16Z</time></trkpt><trkpt lat="40.73960407563194" lon="-74.02196909252012"><time>2026-07-14T22:40:17Z</time></trkpt><trkpt lat="40.739582058160266" lon="-74.02196704164577"><time>2026-07-14T22:40:18Z</time></trkpt><trkpt lat="40.73955767534652" lon="-74.02196288259098"><time>2026-07-14T22:40:19Z</time></trkpt><trkpt lat="40.739537988411456" lon="-74.02196397545639"><time>2026-07-14T22:40:20Z</time></trkpt><trkpt lat="40.739515178732844" lon="-74.02197767704963"><time>2026-07-14T22:40:21Z</time></trkpt><trkpt lat="40.73949548706132" lon="-74.02199137522469"><time>2026-07-14T22:40:22Z</time></trkpt><trkpt lat="40.73947384070927" lon="-74.02199701607586"><time>2026-07-14T22:40:23Z</time></trkpt><trkpt lat="40.739451121072605" lon="-74.0220002566092"><time>2026-07-14T22:40:24Z</time></trkpt><trkpt lat="40.73943001129977" lon="-74.02200104736363"><time>2026-07-14T22:40:25Z</time></trkpt><trkpt lat="40.739408906011775" lon="-74.02200425217046"><time>2026-07-14T22:40:26Z</time></trkpt><trkpt lat="40.739386734735014" lon="-74.0219993970064"><time>2026-07-14T22:40:27Z</time></trkpt><trkpt lat="40.73936542281195" lon="-74.02199745297207"><time>2026-07-14T22:40:28Z</time></trkpt><trkpt lat="40.73933165755281" lon="-74.02199560725747"><time>2026-07-14T22:40:30Z</time></trkpt><trkpt lat="40.739300805820825" lon="-74.02200212341961"><time>2026-07-14T22:40:32Z</time></trkpt><trkpt lat="40.7392711790938" lon="-74.02198031814807"><time>2026-07-14T22:40:33Z</time></trkpt><trkpt lat="40.7392494847988" lon="-74.02197214364239"><time>2026-07-14T22:40:34Z</time></trkpt><trkpt lat="40.73922098919254" lon="-74.02197786760172"><time>2026-07-14T22:40:36Z</time></trkpt><trkpt lat="40.73919565043524" lon="-74.02197686779594"><time>2026-07-14T22:40:38Z</time></trkpt><trkpt lat="40.73917290287422" lon="-74.02197980169166"><time>2026-07-14T22:40:39Z</time></trkpt><trkpt lat="40.73914150202578" lon="-74.02199893705735"><time>2026-07-14T22:40:41Z</time></trkpt><trkpt lat="40.7391018927071" lon="-74.02200784755144"><time>2026-07-14T22:40:43Z</time></trkpt><trkpt lat="40.73908208648921" lon="-74.02201117527574"><time>2026-07-14T22:40:44Z</time></trkpt><trkpt lat="40.73906515663332" lon="-74.0220303364654"><time>2026-07-14T22:40:45Z</time></trkpt><trkpt lat="40.73904677421762" lon="-74.02203770095922"><time>2026-07-14T22:40:46Z</time></trkpt><trkpt lat="40.739027676689936" lon="-74.0220532938602"><time>2026-07-14T22:40:47Z</time></trkpt><trkpt lat="40.739009559670635" lon="-74.02206298267706"><time>2026-07-14T22:40:48Z</time></trkpt><trkpt lat="40.73899129844473" lon="-74.02206866398173"><time>2026-07-14T22:40:49Z</time></trkpt><trkpt lat="40.738970174509724" lon="-74.02207527290938"><time>2026-07-14T22:40:50Z</time></trkpt><trkpt lat="40.73894689565941" lon="-74.0220853638814"><time>2026-07-14T22:40:51Z</time></trkpt><trkpt lat="40.73892402731709" lon="-74.02209703318607"><time>2026-07-14T22:40:52Z</time></trkpt><trkpt lat="40.73890062275529" lon="-74.02210711474254"><time>2026-07-14T22:40:53Z</time></trkpt><trkpt lat="40.738878216935596" lon="-74.02210711182863"><time>2026-07-14T22:40:54Z</time></trkpt><trkpt lat="40.738851311696195" lon="-74.02211841142326"><time>2026-07-14T22:40:55Z</time></trkpt><trkpt lat="40.738829141245326" lon="-74.02212455124452"><time>2026-07-14T22:40:56Z</time></trkpt><trkpt lat="40.738807075449024" lon="-74.02212779098309"><time>2026-07-14T22:40:57Z</time></trkpt><trkpt lat="40.73878008538915" lon="-74.0221328489645"><time>2026-07-14T22:40:58Z</time></trkpt><trkpt lat="40.73875650166733" lon="-74.02214385147984"><time>2026-07-14T22:40:59Z</time></trkpt><trkpt lat="40.738732205344014" lon="-74.02215951440643"><time>2026-07-14T22:41:00Z</time></trkpt><trkpt lat="40.73870789268396" lon="-74.02216895232415"><time>2026-07-14T22:41:01Z</time></trkpt><trkpt lat="40.73868151458394" lon="-74.02217816934011"><time>2026-07-14T22:41:02Z</time></trkpt><trkpt lat="40.738655982426145" lon="-74.0221786967537"><time>2026-07-14T22:41:03Z</time></trkpt><trkpt lat="40.738629467377926" lon="-74.02218444756572"><time>2026-07-14T22:41:04Z</time></trkpt><trkpt lat="40.73860401626331" lon="-74.02219357630689"><time>2026-07-14T22:41:05Z</time></trkpt><trkpt lat="40.7385792242332" lon="-74.02220360645158"><time>2026-07-14T22:41:06Z</time></trkpt><trkpt lat="40.73855545859192" lon="-74.02221037423072"><time>2026-07-14T22:41:07Z</time></trkpt><trkpt lat="40.73851059467978" lon="-74.02221437835429"><time>2026-07-14T22:41:09Z</time></trkpt><trkpt lat="40.73848281515715" lon="-74.02221729122114"><time>2026-07-14T22:41:10Z</time></trkpt><trkpt lat="40.738460356730926" lon="-74.02221903915027"><time>2026-07-14T22:41:11Z</time></trkpt><trkpt lat="40.7384382923732" lon="-74.02222083679962"><time>2026-07-14T22:41:12Z</time></trkpt><trkpt lat="40.738412364114055" lon="-74.02221607353748"><time>2026-07-14T22:41:13Z</time></trkpt><trkpt lat="40.73838673563666" lon="-74.02221283020948"><time>2026-07-14T22:41:14Z</time></trkpt><trkpt lat="40.73836270408889" lon="-74.02220933157038"><time>2026-07-14T22:41:15Z</time></trkpt><trkpt lat="40.73833778829916" lon="-74.0222076999247"><time>2026-07-14T22:41:16Z</time></trkpt><trkpt lat="40.73831338115731" lon="-74.02219849214823"><time>2026-07-14T22:41:17Z</time></trkpt><trkpt lat="40.73829069764727" lon="-74.02218122893476"><time>2026-07-14T22:41:18Z</time></trkpt><trkpt lat="40.73827202993949" lon="-74.02215605607398"><time>2026-07-14T22:41:19Z</time></trkpt><trkpt lat="40.73825554145213" lon="-74.02211819695822"><time>2026-07-14T22:41:20Z</time></trkpt><trkpt lat="40.73825163050726" lon="-74.02208134604251"><time>2026-07-14T22:41:21Z</time></trkpt><trkpt lat="40.738254545408694" lon="-74.02204971894881"><time>2026-07-14T22:41:22Z</time></trkpt><trkpt lat="40.73825933427279" lon="-74.02200840048803"><time>2026-07-14T22:41:23Z</time></trkpt><trkpt lat="40.73824939796621" lon="-74.02197767947027"><time>2026-07-14T22:41:24Z</time></trkpt><trkpt lat="40.73824756442396" lon="-74.02195034452252"><time>2026-07-14T22:41:25Z</time></trkpt><trkpt lat="40.73826484905629" lon="-74.02192483416614"><time>2026-07-14T22:41:26Z</time></trkpt><trkpt lat="40.73827395488885" lon="-74.0218981198404"><time>2026-07-14T22:41:27Z</time></trkpt><trkpt lat="40.73828769927828" lon="-74.0218723704065"><time>2026-07-14T22:41:28Z</time></trkpt><trkpt lat="40.73831598470425" lon="-74.02184364946037"><time>2026-07-14T22:41:29Z</time></trkpt><trkpt lat="40.73833729352905" lon="-74.02182009186255"><time>2026-07-14T22:41:30Z</time></trkpt><trkpt lat="40.73835743697752" lon="-74.02179369269322"><time>2026-07-14T22:41:31Z</time></trkpt><trkpt lat="40.738382852311645" lon="-74.02177125942865"><time>2026-07-14T22:41:32Z</time></trkpt><trkpt lat="40.738401920213654" lon="-74.02175192444716"><time>2026-07-14T22:41:33Z</time></trkpt><trkpt lat="40.73842394999715" lon="-74.0217216106269"><time>2026-07-14T22:41:34Z</time></trkpt><trkpt lat="40.73844086719828" lon="-74.02169205843339"><time>2026-07-14T22:41:35Z</time></trkpt><trkpt lat="40.73845876394254" lon="-74.02166651292674"><time>2026-07-14T22:41:36Z</time></trkpt><trkpt lat="40.73848357532065" lon="-74.02164209194716"><time>2026-07-14T22:41:37Z</time></trkpt><trkpt lat="40.738514807654674" lon="-74.02161167062835"><time>2026-07-14T22:41:38Z</time></trkpt><trkpt lat="40.73854060464147" lon="-74.02158565036079"><time>2026-07-14T22:41:39Z</time></trkpt><trkpt lat="40.73856733715384" lon="-74.02155774900409"><time>2026-07-14T22:41:40Z</time></trkpt><trkpt lat="40.73859334373107" lon="-74.02154022850708"><time>2026-07-14T22:41:41Z</time></trkpt><trkpt lat="40.73861462000569" lon="-74.02151748717831"><time>2026-07-14T22:41:42Z</time></trkpt><trkpt lat="40.73864561356932" lon="-74.0214927452873"><time>2026-07-14T22:41:43Z</time></trkpt><trkpt lat="40.7386735720802" lon="-74.02146847886168"><time>2026-07-14T22:41:44Z</time></trkpt><trkpt lat="40.73869977604111" lon="-74.02144402736583"><time>2026-07-14T22:41:45Z</time></trkpt><trkpt lat="40.738726800708704" lon="-74.02142084987447"><time>2026-07-14T22:41:46Z</time></trkpt><trkpt lat="40.73875201664234" lon="-74.0213985150167"><time>2026-07-14T22:41:47Z</time></trkpt><trkpt lat="40.73877807088545" lon="-74.02137732918703"><time>2026-07-14T22:41:48Z</time></trkpt><trkpt lat="40.738806362126205" lon="-74.0213523951567"><time>2026-07-14T22:41:49Z</time></trkpt><trkpt lat="40.7388300858885" lon="-74.0213290420733"><time>2026-07-14T22:41:50Z</time></trkpt><trkpt lat="40.738865791820096" lon="-74.02131448104397"><time>2026-07-14T22:41:51Z</time></trkpt><trkpt lat="40.738891420797486" lon="-74.02129275501842"><time>2026-07-14T22:41:52Z</time></trkpt><trkpt lat="40.738917937705565" lon="-74.02127043640282"><time>2026-07-14T22:41:53Z</time></trkpt><trkpt lat="40.73894240510535" lon="-74.0212458665352"><time>2026-07-14T22:41:54Z</time></trkpt><trkpt lat="40.73897140854859" lon="-74.02122657596426"><time>2026-07-14T22:41:55Z</time></trkpt><trkpt lat="40.7389968174254" lon="-74.02120795767192"><time>2026-07-14T22:41:56Z</time></trkpt><trkpt lat="40.739024666490785" lon="-74.02118911977534"><time>2026-07-14T22:41:57Z</time></trkpt><trkpt lat="40.739047994793296" lon="-74.02116654353743"><time>2026-07-14T22:41:58Z</time></trkpt><trkpt lat="40.73906654041858" lon="-74.02114997546767"><time>2026-07-14T22:41:59Z</time></trkpt><trkpt lat="40.739090041280825" lon="-74.02112467613593"><time>2026-07-14T22:42:00Z</time></trkpt><trkpt lat="40.73911178602517" lon="-74.02110424503022"><time>2026-07-14T22:42:01Z</time></trkpt><trkpt lat="40.739130015647675" lon="-74.02108443461259"><time>2026-07-14T22:42:02Z</time></trkpt><trkpt lat="40.73915268861358" lon="-74.02106174625507"><time>2026-07-14T22:42:03Z</time></trkpt><trkpt lat="40.73917049295455" lon="-74.0210419527562"><time>2026-07-14T22:42:04Z</time></trkpt><trkpt lat="40.7391920952868" lon="-74.02102088252929"><time>2026-07-14T22:42:05Z</time></trkpt><trkpt lat="40.739211937594604" lon="-74.02099866316519"><time>2026-07-14T22:42:06Z</time></trkpt><trkpt lat="40.73923117714336" lon="-74.0209796419569"><time>2026-07-14T22:42:07Z</time></trkpt><trkpt lat="40.73925028713597" lon="-74.02096065647147"><time>2026-07-14T22:42:08Z</time></trkpt><trkpt lat="40.73926887779083" lon="-74.02094818081089"><time>2026-07-14T22:42:09Z</time></trkpt><trkpt lat="40.73927956671525" lon="-74.02092744396624"><time>2026-07-14T22:42:10Z</time></trkpt><trkpt lat="40.739299477146275" lon="-74.02090716899775"><time>2026-07-14T22:42:11Z</time></trkpt><trkpt lat="40.739316187325485" lon="-74.02088988363519"><time>2026-07-14T22:42:12Z</time></trkpt><trkpt lat="40.739341717554424" lon="-74.0208867533913"><time>2026-07-14T22:42:13Z</time></trkpt><trkpt lat="40.73935936334698" lon="-74.02086824303724"><time>2026-07-14T22:42:14Z</time></trkpt><trkpt lat="40.73937822970507" lon="-74.02085105934134"><time>2026-07-14T22:42:15Z</time></trkpt><trkpt lat="40.73939684022754" lon="-74.02083576612495"><time>2026-07-14T22:42:16Z</time></trkpt><trkpt lat="40.7394172782173" lon="-74.02082112222638"><time>2026-07-14T22:42:17Z</time></trkpt><trkpt lat="40.739440805195954" lon="-74.02080809745858"><time>2026-07-14T22:42:18Z</time></trkpt><trkpt lat="40.739460300684186" lon="-74.02079177358355"><time>2026-07-14T22:42:19Z</time></trkpt><trkpt lat="40.73948322464097" lon="-74.02077534628268"><time>2026-07-14T22:42:20Z</time></trkpt><trkpt lat="40.73950324252083" lon="-74.0207607725533"><time>2026-07-14T22:42:21Z</time></trkpt><trkpt lat="40.7395244312813" lon="-74.02074772311029"><time>2026-07-14T22:42:22Z</time></trkpt><trkpt lat="40.73954888209279" lon="-74.02073240176993"><time>2026-07-14T22:42:23Z</time></trkpt><trkpt lat="40.739574511059395" lon="-74.02071736904095"><time>2026-07-14T22:42:24Z</time></trkpt><trkpt lat="40.739599717732425" lon="-74.02070204128006"><time>2026-07-14T22:42:25Z</time></trkpt><trkpt lat="40.739623469142984" lon="-74.0206887763836"><time>2026-07-14T22:42:26Z</time></trkpt><trkpt lat="40.73965134705115" lon="-74.02067563245382"><time>2026-07-14T22:42:27Z</time></trkpt><trkpt lat="40.7396805078275" lon="-74.02065978841975"><time>2026-07-14T22:42:28Z</time></trkpt><trkpt lat="40.739709527542445" lon="-74.0206418618427"><time>2026-07-14T22:42:29Z</time></trkpt><trkpt lat="40.73974182829694" lon="-74.02062834328274"><time>2026-07-14T22:42:30Z</time></trkpt><trkpt lat="40.73977396296323" lon="-74.02062003520771"><time>2026-07-14T22:42:31Z</time></trkpt><trkpt lat="40.739805539233224" lon="-74.02060531617514"><time>2026-07-14T22:42:32Z</time></trkpt><trkpt lat="40.73983676670044" lon="-74.0205852065612"><time>2026-07-14T22:42:33Z</time></trkpt><trkpt lat="40.739867918169075" lon="-74.0205657067958"><time>2026-07-14T22:42:34Z</time></trkpt><trkpt lat="40.739899707995846" lon="-74.02054664757618"><time>2026-07-14T22:42:35Z</time></trkpt><trkpt lat="40.73993220232807" lon="-74.02052649267148"><time>2026-07-14T22:42:36Z</time></trkpt><trkpt lat="40.739964675774075" lon="-74.02050375853356"><time>2026-07-14T22:42:37Z</time></trkpt><trkpt lat="40.739998229750064" lon="-74.02048211123339"><time>2026-07-14T22:42:38Z</time></trkpt><trkpt lat="40.740030607667364" lon="-74.02045603127884"><time>2026-07-14T22:42:39Z</time></trkpt><trkpt lat="40.74005505829013" lon="-74.02043932205588"><time>2026-07-14T22:42:40Z</time></trkpt><trkpt lat="40.740087540339225" lon="-74.02040145241827"><time>2026-07-14T22:42:41Z</time></trkpt><trkpt lat="40.74011594534962" lon="-74.02037940730332"><time>2026-07-14T22:42:42Z</time></trkpt><trkpt lat="40.74014853581031" lon="-74.02035482192137"><time>2026-07-14T22:42:43Z</time></trkpt><trkpt lat="40.74017918355977" lon="-74.02033679929662"><time>2026-07-14T22:42:44Z</time></trkpt><trkpt lat="40.74020808044791" lon="-74.02031629562904"><time>2026-07-14T22:42:45Z</time></trkpt><trkpt lat="40.74023685893823" lon="-74.02029756563438"><time>2026-07-14T22:42:46Z</time></trkpt><trkpt lat="40.740266218223574" lon="-74.02027575237999"><time>2026-07-14T22:42:47Z</time></trkpt><trkpt lat="40.7402977197937" lon="-74.0202547505121"><time>2026-07-14T22:42:48Z</time></trkpt><trkpt lat="40.74033052618856" lon="-74.02023699187399"><time>2026-07-14T22:42:49Z</time></trkpt><trkpt lat="40.740359870297276" lon="-74.02021497882323"><time>2026-07-14T22:42:50Z</time></trkpt><trkpt lat="40.74039654462165" lon="-74.02018892282673"><time>2026-07-14T22:42:51Z</time></trkpt><trkpt lat="40.74042965825335" lon="-74.0201714738751"><time>2026-07-14T22:42:52Z</time></trkpt><trkpt lat="40.74046104495795" lon="-74.02015091755317"><time>2026-07-14T22:42:53Z</time></trkpt><trkpt lat="40.740495789096016" lon="-74.02013619004721"><time>2026-07-14T22:42:54Z</time></trkpt><trkpt lat="40.74053269660793" lon="-74.02012449123191"><time>2026-07-14T22:42:55Z</time></trkpt><trkpt lat="40.74056593778269" lon="-74.02009305455852"><time>2026-07-14T22:42:56Z</time></trkpt><trkpt lat="40.74059740585662" lon="-74.02006668122974"><time>2026-07-14T22:42:57Z</time></trkpt><trkpt lat="40.74062902780314" lon="-74.0200425537988"><time>2026-07-14T22:42:58Z</time></trkpt><trkpt lat="40.7406592460934" lon="-74.02001990917788"><time>2026-07-14T22:42:59Z</time></trkpt><trkpt lat="40.74068620149895" lon="-74.01999527873646"><time>2026-07-14T22:43:00Z</time></trkpt><trkpt lat="40.7407136746957" lon="-74.01997120880733"><time>2026-07-14T22:43:01Z</time></trkpt><trkpt lat="40.74073905931759" lon="-74.01995048153744"><time>2026-07-14T22:43:02Z</time></trkpt><trkpt lat="40.74076593189733" lon="-74.01990610777058"><time>2026-07-14T22:43:03Z</time></trkpt><trkpt lat="40.74079703628094" lon="-74.01990796738654"><time>2026-07-14T22:43:04Z</time></trkpt><trkpt lat="40.74082653481914" lon="-74.01990108655117"><time>2026-07-14T22:43:05Z</time></trkpt><trkpt lat="40.74085663263858" lon="-74.01988071413642"><time>2026-07-14T22:43:06Z</time></trkpt><trkpt lat="40.74088603505362" lon="-74.01986344240203"><time>2026-07-14T22:43:07Z</time></trkpt><trkpt lat="40.74091604291295" lon="-74.01985036341533"><time>2026-07-14T22:43:08Z</time></trkpt><trkpt lat="40.74094500117822" lon="-74.01984339758958"><time>2026-07-14T22:43:09Z</time></trkpt><trkpt lat="40.74097822502729" lon="-74.01983156278945"><time>2026-07-14T22:43:10Z</time></trkpt><trkpt lat="40.741013458932834" lon="-74.01982315389905"><time>2026-07-14T22:43:11Z</time></trkpt><trkpt lat="40.74104741350323" lon="-74.01981184528712"><time>2026-07-14T22:43:12Z</time></trkpt><trkpt lat="40.741081444214416" lon="-74.01979875655624"><time>2026-07-14T22:43:13Z</time></trkpt><trkpt lat="40.741116620376474" lon="-74.01977626320031"><time>2026-07-14T22:43:14Z</time></trkpt><trkpt lat="40.74115320505191" lon="-74.0197613612697"><time>2026-07-14T22:43:15Z</time></trkpt><trkpt lat="40.741180509781216" lon="-74.01976131337446"><time>2026-07-14T22:43:16Z</time></trkpt><trkpt lat="40.74121157289474" lon="-74.01974516094728"><time>2026-07-14T22:43:17Z</time></trkpt><trkpt lat="40.741239946454904" lon="-74.01973469936503"><time>2026-07-14T22:43:18Z</time></trkpt><trkpt lat="40.74127122975554" lon="-74.0197216021795"><time>2026-07-14T22:43:19Z</time></trkpt><trkpt lat="40.74130211429729" lon="-74.01971323057091"><time>2026-07-14T22:43:20Z</time></trkpt><trkpt lat="40.74133323366093" lon="-74.01969790269098"><time>2026-07-14T22:43:21Z</time></trkpt><trkpt lat="40.7413602182411" lon="-74.01968072096544"><time>2026-07-14T22:43:22Z</time></trkpt><trkpt lat="40.741394414244795" lon="-74.01967465780447"><time>2026-07-14T22:43:23Z</time></trkpt><trkpt lat="40.74142155539356" lon="-74.01966016664204"><time>2026-07-14T22:43:24Z</time></trkpt><trkpt lat="40.74144727619684" lon="-74.01964401766604"><time>2026-07-14T22:43:25Z</time></trkpt><trkpt lat="40.741473795201614" lon="-74.01962587887638"><time>2026-07-14T22:43:26Z</time></trkpt><trkpt lat="40.74149914092427" lon="-74.01961024452136"><time>2026-07-14T22:43:27Z</time></trkpt><trkpt lat="40.7415261132077" lon="-74.01959143491675"><time>2026-07-14T22:43:28Z</time></trkpt><trkpt lat="40.741550620685885" lon="-74.01957617346066"><time>2026-07-14T22:43:29Z</time></trkpt><trkpt lat="40.74157712799486" lon="-74.01956048569839"><time>2026-07-14T22:43:30Z</time></trkpt><trkpt lat="40.7416011979218" lon="-74.01954292308244"><time>2026-07-14T22:43:31Z</time></trkpt><trkpt lat="40.74163230520666" lon="-74.0195234906874"><time>2026-07-14T22:43:32Z</time></trkpt><trkpt lat="40.741657616522325" lon="-74.01950754656158"><time>2026-07-14T22:43:33Z</time></trkpt><trkpt lat="40.74168488005204" lon="-74.01948870052487"><time>2026-07-14T22:43:34Z</time></trkpt><trkpt lat="40.74170854263704" lon="-74.01946963298893"><time>2026-07-14T22:43:35Z</time></trkpt><trkpt lat="40.74173326343008" lon="-74.01945189335515"><time>2026-07-14T22:43:36Z</time></trkpt><trkpt lat="40.74175877825121" lon="-74.01943261371116"><time>2026-07-14T22:43:37Z</time></trkpt><trkpt lat="40.741784907015465" lon="-74.0194144608959"><time>2026-07-14T22:43:38Z</time></trkpt><trkpt lat="40.74180630799794" lon="-74.01938891177015"><time>2026-07-14T22:43:39Z</time></trkpt><trkpt lat="40.74183156521194" lon="-74.0193678566268"><time>2026-07-14T22:43:40Z</time></trkpt><trkpt lat="40.74185940588182" lon="-74.01935371744966"><time>2026-07-14T22:43:41Z</time></trkpt><trkpt lat="40.74188014713217" lon="-74.0193382679427"><time>2026-07-14T22:43:42Z</time></trkpt><trkpt lat="40.74189571585026" lon="-74.01931481470004"><time>2026-07-14T22:43:43Z</time></trkpt><trkpt lat="40.74192390808068" lon="-74.01929436122425"><time>2026-07-14T22:43:44Z</time></trkpt><trkpt lat="40.74195347786091" lon="-74.01927075609377"><time>2026-07-14T22:43:45Z</time></trkpt><trkpt lat="40.74197838726194" lon="-74.01924842769947"><time>2026-07-14T22:43:46Z</time></trkpt><trkpt lat="40.74200586524976" lon="-74.01923539187253"><time>2026-07-14T22:43:47Z</time></trkpt><trkpt lat="40.742029762638225" lon="-74.01921141936728"><time>2026-07-14T22:43:48Z</time></trkpt><trkpt lat="40.742055115326465" lon="-74.01919016589335"><time>2026-07-14T22:43:49Z</time></trkpt><trkpt lat="40.74208300401151" lon="-74.01917076415631"><time>2026-07-14T22:43:50Z</time></trkpt><trkpt lat="40.742109718792534" lon="-74.01914370674615"><time>2026-07-14T22:43:51Z</time></trkpt><trkpt lat="40.74213845655573" lon="-74.01911792156314"><time>2026-07-14T22:43:52Z</time></trkpt><trkpt lat="40.742167608477565" lon="-74.01908866726606"><time>2026-07-14T22:43:53Z</time></trkpt><trkpt lat="40.74219860841968" lon="-74.01906378829409"><time>2026-07-14T22:43:54Z</time></trkpt><trkpt lat="40.742227409539225" lon="-74.0190383675022"><time>2026-07-14T22:43:55Z</time></trkpt><trkpt lat="40.74225444109265" lon="-74.01901145311297"><time>2026-07-14T22:43:56Z</time></trkpt><trkpt lat="40.74228144434991" lon="-74.01898714350531"><time>2026-07-14T22:43:57Z</time></trkpt><trkpt lat="40.74230840249101" lon="-74.01895928375215"><time>2026-07-14T22:43:58Z</time></trkpt><trkpt lat="40.74233658753173" lon="-74.01893050315927"><time>2026-07-14T22:43:59Z</time></trkpt><trkpt lat="40.74236500693351" lon="-74.01889907272854"><time>2026-07-14T22:44:00Z</time></trkpt><trkpt lat="40.74239079545177" lon="-74.01887113365558"><time>2026-07-14T22:44:01Z</time></trkpt><trkpt lat="40.742414504829526" lon="-74.01884405559264"><time>2026-07-14T22:44:02Z</time></trkpt><trkpt lat="40.74244311247299" lon="-74.01881900152331"><time>2026-07-14T22:44:03Z</time></trkpt><trkpt lat="40.7424681634272" lon="-74.01879240543609"><time>2026-07-14T22:44:04Z</time></trkpt><trkpt lat="40.74248968678082" lon="-74.01876360688388"><time>2026-07-14T22:44:05Z</time></trkpt><trkpt lat="40.74251551194424" lon="-74.01873874677194"><time>2026-07-14T22:44:06Z</time></trkpt><trkpt lat="40.742538732993346" lon="-74.0187134483685"><time>2026-07-14T22:44:07Z</time></trkpt><trkpt lat="40.74256321147357" lon="-74.01868597705919"><time>2026-07-14T22:44:08Z</time></trkpt><trkpt lat="40.74258576416383" lon="-74.01866112479294"><time>2026-07-14T22:44:09Z</time></trkpt><trkpt lat="40.74260654793086" lon="-74.01863323891678"><time>2026-07-14T22:44:10Z</time></trkpt><trkpt lat="40.74262902623281" lon="-74.01860653131263"><time>2026-07-14T22:44:11Z</time></trkpt><trkpt lat="40.742653372039086" lon="-74.01857818703199"><time>2026-07-14T22:44:12Z</time></trkpt><trkpt lat="40.74267957309402" lon="-74.01854560179268"><time>2026-07-14T22:44:13Z</time></trkpt><trkpt lat="40.742703893862945" lon="-74.01851416453796"><time>2026-07-14T22:44:14Z</time></trkpt><trkpt lat="40.74272893690198" lon="-74.0184824847918"><time>2026-07-14T22:44:15Z</time></trkpt><trkpt lat="40.74275031490241" lon="-74.01845536090798"><time>2026-07-14T22:44:16Z</time></trkpt><trkpt lat="40.7427721101995" lon="-74.01842797618202"><time>2026-07-14T22:44:17Z</time></trkpt><trkpt lat="40.74279602717323" lon="-74.01839698352016"><time>2026-07-14T22:44:18Z</time></trkpt><trkpt lat="40.74281936060164" lon="-74.01836165462527"><time>2026-07-14T22:44:19Z</time></trkpt><trkpt lat="40.74284422318042" lon="-74.01832900310264"><time>2026-07-14T22:44:20Z</time></trkpt><trkpt lat="40.74286746462481" lon="-74.0182968340566"><time>2026-07-14T22:44:21Z</time></trkpt><trkpt lat="40.7428914916389" lon="-74.01826274120384"><time>2026-07-14T22:44:22Z</time></trkpt><trkpt lat="40.7429141610742" lon="-74.0182322302464"><time>2026-07-14T22:44:23Z</time></trkpt><trkpt lat="40.74293899682605" lon="-74.01819855707706"><time>2026-07-14T22:44:24Z</time></trkpt><trkpt lat="40.74296371921148" lon="-74.01816802700672"><time>2026-07-14T22:44:25Z</time></trkpt><trkpt lat="40.742988370956866" lon="-74.01813895052885"><time>2026-07-14T22:44:26Z</time></trkpt><trkpt lat="40.7430088522719" lon="-74.01810903786702"><time>2026-07-14T22:44:27Z</time></trkpt><trkpt lat="40.743027141240276" lon="-74.01807860161813"><time>2026-07-14T22:44:28Z</time></trkpt><trkpt lat="40.74305730543222" lon="-74.01803340115048"><time>2026-07-14T22:44:29Z</time></trkpt><trkpt lat="40.743073732416114" lon="-74.01801272367172"><time>2026-07-14T22:44:30Z</time></trkpt><trkpt lat="40.74309495536288" lon="-74.0179804634604"><time>2026-07-14T22:44:31Z</time></trkpt><trkpt lat="40.743116440598186" lon="-74.01795107345568"><time>2026-07-14T22:44:32Z</time></trkpt><trkpt lat="40.74313818049829" lon="-74.01792242619257"><time>2026-07-14T22:44:33Z</time></trkpt><trkpt lat="40.743158164789705" lon="-74.01789244814336"><time>2026-07-14T22:44:34Z</time></trkpt><trkpt lat="40.74317929606108" lon="-74.01785850386618"><time>2026-07-14T22:44:35Z</time></trkpt><trkpt lat="40.74320111165391" lon="-74.01782529096712"><time>2026-07-14T22:44:36Z</time></trkpt><trkpt lat="40.7432265730777" lon="-74.01779525908645"><time>2026-07-14T22:44:37Z</time></trkpt><trkpt lat="40.74324664243663" lon="-74.01776270612784"><time>2026-07-14T22:44:38Z</time></trkpt><trkpt lat="40.74326748105785" lon="-74.0177302654696"><time>2026-07-14T22:44:39Z</time></trkpt><trkpt lat="40.74328687219092" lon="-74.01769981819655"><time>2026-07-14T22:44:40Z</time></trkpt><trkpt lat="40.743308213070755" lon="-74.0176718224782"><time>2026-07-14T22:44:41Z</time></trkpt><trkpt lat="40.74332873998179" lon="-74.01763989253814"><time>2026-07-14T22:44:42Z</time></trkpt><trkpt lat="40.743349857268875" lon="-74.01761174324581"><time>2026-07-14T22:44:43Z</time></trkpt><trkpt lat="40.74337065799916" lon="-74.01758074949149"><time>2026-07-14T22:44:44Z</time></trkpt><trkpt lat="40.74339344929257" lon="-74.01755186348642"><time>2026-07-14T22:44:45Z</time></trkpt><trkpt lat="40.7434161292046" lon="-74.01752149286737"><time>2026-07-14T22:44:46Z</time></trkpt><trkpt lat="40.74343537555894" lon="-74.01749223126471"><time>2026-07-14T22:44:47Z</time></trkpt><trkpt lat="40.74345581215144" lon="-74.01746446416756"><time>2026-07-14T22:44:48Z</time></trkpt><trkpt lat="40.743475083198206" lon="-74.01743868396967"><time>2026-07-14T22:44:49Z</time></trkpt><trkpt lat="40.74349531658377" lon="-74.01741382856164"><time>2026-07-14T22:44:50Z</time></trkpt><trkpt lat="40.74351707051664" lon="-74.01738716071597"><time>2026-07-14T22:44:51Z</time></trkpt><trkpt lat="40.743538724485234" lon="-74.01735838557768"><time>2026-07-14T22:44:52Z</time></trkpt><trkpt lat="40.74355786331563" lon="-74.01732965915875"><time>2026-07-14T22:44:53Z</time></trkpt><trkpt lat="40.743576974852026" lon="-74.01730033686496"><time>2026-07-14T22:44:54Z</time></trkpt><trkpt lat="40.743595956509594" lon="-74.01727680789989"><time>2026-07-14T22:44:55Z</time></trkpt><trkpt lat="40.743615785670194" lon="-74.0172547179883"><time>2026-07-14T22:44:56Z</time></trkpt><trkpt lat="40.74363337579493" lon="-74.01722934216332"><time>2026-07-14T22:44:57Z</time></trkpt><trkpt lat="40.743650881553634" lon="-74.01720316417703"><time>2026-07-14T22:44:58Z</time></trkpt><trkpt lat="40.74366786079198" lon="-74.01717602510699"><time>2026-07-14T22:44:59Z</time></trkpt><trkpt lat="40.74368390821926" lon="-74.01715067394726"><time>2026-07-14T22:45:00Z</time></trkpt><trkpt lat="40.74369819204701" lon="-74.01712804252645"><time>2026-07-14T22:45:01Z</time></trkpt><trkpt lat="40.743715005879935" lon="-74.01710626490899"><time>2026-07-14T22:45:02Z</time></trkpt><trkpt lat="40.74373310188976" lon="-74.0170852668859"><time>2026-07-14T22:45:03Z</time></trkpt><trkpt lat="40.74374962093254" lon="-74.01706489381449"><time>2026-07-14T22:45:04Z</time></trkpt><trkpt lat="40.74376865343198" lon="-74.01704236228021"><time>2026-07-14T22:45:05Z</time></trkpt><trkpt lat="40.74378415394693" lon="-74.01702015827117"><time>2026-07-14T22:45:06Z</time></trkpt><trkpt lat="40.743800215712184" lon="-74.01699678013371"><time>2026-07-14T22:45:07Z</time></trkpt><trkpt lat="40.743818270169456" lon="-74.01697411397167"><time>2026-07-14T22:45:08Z</time></trkpt><trkpt lat="40.7438382961986" lon="-74.01695083998554"><time>2026-07-14T22:45:09Z</time></trkpt><trkpt lat="40.74385600778274" lon="-74.0169254436236"><time>2026-07-14T22:45:10Z</time></trkpt><trkpt lat="40.7438738507965" lon="-74.01690302325571"><time>2026-07-14T22:45:11Z</time></trkpt><trkpt lat="40.74389151435204" lon="-74.01687912436032"><time>2026-07-14T22:45:12Z</time></trkpt><trkpt lat="40.74390911777816" lon="-74.01685206899019"><time>2026-07-14T22:45:13Z</time></trkpt><trkpt lat="40.74392807835529" lon="-74.01682184437884"><time>2026-07-14T22:45:14Z</time></trkpt><trkpt lat="40.74395060238208" lon="-74.01678989215216"><time>2026-07-14T22:45:15Z</time></trkpt><trkpt lat="40.74397314340753" lon="-74.01676016436215"><time>2026-07-14T22:45:16Z</time></trkpt><trkpt lat="40.7439961568724" lon="-74.0167319211263"><time>2026-07-14T22:45:17Z</time></trkpt><trkpt lat="40.74401985644678" lon="-74.01670529995677"><time>2026-07-14T22:45:18Z</time></trkpt><trkpt lat="40.74404353349737" lon="-74.01667576345295"><time>2026-07-14T22:45:19Z</time></trkpt><trkpt lat="40.74406854586121" lon="-74.01664727950765"><time>2026-07-14T22:45:20Z</time></trkpt><trkpt lat="40.74409463640866" lon="-74.01661593213808"><time>2026-07-14T22:45:21Z</time></trkpt><trkpt lat="40.74411935551595" lon="-74.0165819423033"><time>2026-07-14T22:45:22Z</time></trkpt><trkpt lat="40.74414584221301" lon="-74.01654818410542"><time>2026-07-14T22:45:23Z</time></trkpt><trkpt lat="40.74417401946912" lon="-74.01651731518822"><time>2026-07-14T22:45:24Z</time></trkpt><trkpt lat="40.744198583624595" lon="-74.01648493585978"><time>2026-07-14T22:45:25Z</time></trkpt><trkpt lat="40.744221611052325" lon="-74.01645387120934"><time>2026-07-14T22:45:26Z</time></trkpt><trkpt lat="40.744247870786126" lon="-74.01643064599543"><time>2026-07-14T22:45:27Z</time></trkpt><trkpt lat="40.744273309218265" lon="-74.0164102880307"><time>2026-07-14T22:45:28Z</time></trkpt><trkpt lat="40.74430395065404" lon="-74.01639417082897"><time>2026-07-14T22:45:29Z</time></trkpt><trkpt lat="40.74434104308129" lon="-74.01639214238189"><time>2026-07-14T22:45:30Z</time></trkpt><trkpt lat="40.74437278229626" lon="-74.01638562191593"><time>2026-07-14T22:45:31Z</time></trkpt><trkpt lat="40.74440417482338" lon="-74.01641153277728"><time>2026-07-14T22:45:32Z</time></trkpt><trkpt lat="40.744441941336625" lon="-74.01640205753186"><time>2026-07-14T22:45:33Z</time></trkpt><trkpt lat="40.744470094331966" lon="-74.01639797144732"><time>2026-07-14T22:45:34Z</time></trkpt><trkpt lat="40.744515915276494" lon="-74.01636872595144"><time>2026-07-14T22:45:35Z</time></trkpt><trkpt lat="40.74454360484169" lon="-74.01637634791626"><time>2026-07-14T22:45:36Z</time></trkpt><trkpt lat="40.744581894546506" lon="-74.01638127819545"><time>2026-07-14T22:45:37Z</time></trkpt><trkpt lat="40.74462933643629" lon="-74.01638205564296"><time>2026-07-14T22:45:38Z</time></trkpt><trkpt lat="40.74465139855123" lon="-74.01640593465335"><time>2026-07-14T22:45:39Z</time></trkpt><trkpt lat="40.7446737138541" lon="-74.01642946969467"><time>2026-07-14T22:45:40Z</time></trkpt><trkpt lat="40.744707136645815" lon="-74.01643528708945"><time>2026-07-14T22:45:41Z</time></trkpt><trkpt lat="40.74473803404889" lon="-74.01644524937579"><time>2026-07-14T22:45:42Z</time></trkpt><trkpt lat="40.74476585268543" lon="-74.01646886825877"><time>2026-07-14T22:45:43Z</time></trkpt><trkpt lat="40.744797134127936" lon="-74.01648074550147"><time>2026-07-14T22:45:44Z</time></trkpt><trkpt lat="40.74482210236302" lon="-74.01648866525393"><time>2026-07-14T22:45:45Z</time></trkpt><trkpt lat="40.74485251264408" lon="-74.01651303198655"><time>2026-07-14T22:45:46Z</time></trkpt><trkpt lat="40.744880122245675" lon="-74.01651962564856"><time>2026-07-14T22:45:47Z</time></trkpt><trkpt lat="40.74490683143633" lon="-74.01653551869356"><time>2026-07-14T22:45:48Z</time></trkpt><trkpt lat="40.74493474518071" lon="-74.01655124449096"><time>2026-07-14T22:45:49Z</time></trkpt><trkpt lat="40.74496281797231" lon="-74.01657027235198"><time>2026-07-14T22:45:50Z</time></trkpt><trkpt lat="40.74499496879943" lon="-74.0165850732812"><time>2026-07-14T22:45:51Z</time></trkpt><trkpt lat="40.74502296954561" lon="-74.01660456356146"><time>2026-07-14T22:45:52Z</time></trkpt><trkpt lat="40.745048846874056" lon="-74.016624137145"><time>2026-07-14T22:45:53Z</time></trkpt><trkpt lat="40.74507970652559" lon="-74.01664217776766"><time>2026-07-14T22:45:54Z</time></trkpt><trkpt lat="40.74510139245566" lon="-74.01665846407657"><time>2026-07-14T22:45:55Z</time></trkpt><trkpt lat="40.745129955462886" lon="-74.01666929352646"><time>2026-07-14T22:45:56Z</time></trkpt><trkpt lat="40.74515234701899" lon="-74.0166909275011"><time>2026-07-14T22:45:57Z</time></trkpt><trkpt lat="40.7451804286319" lon="-74.01671092532692"><time>2026-07-14T22:45:58Z</time></trkpt><trkpt lat="40.74521289102662" lon="-74.01672981818574"><time>2026-07-14T22:45:59Z</time></trkpt><trkpt lat="40.74524634816845" lon="-74.01675864432161"><time>2026-07-14T22:46:00Z</time></trkpt><trkpt lat="40.74527601551732" lon="-74.01678427097423"><time>2026-07-14T22:46:01Z</time></trkpt><trkpt lat="40.745306031170585" lon="-74.01679497398163"><time>2026-07-14T22:46:02Z</time></trkpt><trkpt lat="40.745331709310605" lon="-74.01680679890755"><time>2026-07-14T22:46:03Z</time></trkpt><trkpt lat="40.745353424596935" lon="-74.01682230512299"><time>2026-07-14T22:46:04Z</time></trkpt><trkpt lat="40.74536967607413" lon="-74.01683789550253"><time>2026-07-14T22:46:05Z</time></trkpt><trkpt lat="40.745406326314544" lon="-74.01685862270334"><time>2026-07-14T22:46:06Z</time></trkpt><trkpt lat="40.74543553590134" lon="-74.01687235129803"><time>2026-07-14T22:46:07Z</time></trkpt><trkpt lat="40.745464391457695" lon="-74.01688748263915"><time>2026-07-14T22:46:08Z</time></trkpt><trkpt lat="40.74549236684801" lon="-74.016898968994"><time>2026-07-14T22:46:09Z</time></trkpt><trkpt lat="40.745522413501206" lon="-74.01690958614573"><time>2026-07-14T22:46:10Z</time></trkpt><trkpt lat="40.74554937515074" lon="-74.01692306886999"><time>2026-07-14T22:46:11Z</time></trkpt><trkpt lat="40.74557499198527" lon="-74.01693854287595"><time>2026-07-14T22:46:12Z</time></trkpt><trkpt lat="40.74560046056806" lon="-74.01695843114697"><time>2026-07-14T22:46:13Z</time></trkpt><trkpt lat="40.74563020202121" lon="-74.01697741082775"><time>2026-07-14T22:46:14Z</time></trkpt><trkpt lat="40.745660515956445" lon="-74.01699780667455"><time>2026-07-14T22:46:15Z</time></trkpt><trkpt lat="40.7456875903575" lon="-74.01702346940209"><time>2026-07-14T22:46:16Z</time></trkpt><trkpt lat="40.745713444810406" lon="-74.01704733912332"><time>2026-07-14T22:46:17Z</time></trkpt><trkpt lat="40.74574181427758" lon="-74.01706530761322"><time>2026-07-14T22:46:18Z</time></trkpt><trkpt lat="40.74577275529642" lon="-74.01708036624154"><time>2026-07-14T22:46:19Z</time></trkpt><trkpt lat="40.74579812023998" lon="-74.01710192758136"><time>2026-07-14T22:46:20Z</time></trkpt><trkpt lat="40.74582102498318" lon="-74.01713194200423"><time>2026-07-14T22:46:21Z</time></trkpt><trkpt lat="40.74583521910894" lon="-74.01716926308302"><time>2026-07-14T22:46:22Z</time></trkpt><trkpt lat="40.74585213660347" lon="-74.01719227554794"><time>2026-07-14T22:46:23Z</time></trkpt><trkpt lat="40.745874457778044" lon="-74.01722630867171"><time>2026-07-14T22:46:24Z</time></trkpt><trkpt lat="40.74589371307666" lon="-74.01725134212016"><time>2026-07-14T22:46:25Z</time></trkpt><trkpt lat="40.74591686066984" lon="-74.01727150816453"><time>2026-07-14T22:46:26Z</time></trkpt><trkpt lat="40.74594261433089" lon="-74.01729537583394"><time>2026-07-14T22:46:27Z</time></trkpt><trkpt lat="40.74596578223541" lon="-74.01732134976781"><time>2026-07-14T22:46:28Z</time></trkpt><trkpt lat="40.74598910502071" lon="-74.01734734542354"><time>2026-07-14T22:46:29Z</time></trkpt><trkpt lat="40.74601373106089" lon="-74.01737412741336"><time>2026-07-14T22:46:30Z</time></trkpt><trkpt lat="40.7460428083323" lon="-74.01739212660647"><time>2026-07-14T22:46:31Z</time></trkpt><trkpt lat="40.7460662611831" lon="-74.01741568613821"><time>2026-07-14T22:46:32Z</time></trkpt><trkpt lat="40.74609083527062" lon="-74.01743821953096"><time>2026-07-14T22:46:33Z</time></trkpt><trkpt lat="40.74611358212081" lon="-74.01747094926036"><time>2026-07-14T22:46:34Z</time></trkpt><trkpt lat="40.74614349469332" lon="-74.01749926301478"><time>2026-07-14T22:46:35Z</time></trkpt><trkpt lat="40.74616974017002" lon="-74.01752975076742"><time>2026-07-14T22:46:36Z</time></trkpt><trkpt lat="40.74620121747396" lon="-74.01755643726682"><time>2026-07-14T22:46:37Z</time></trkpt><trkpt lat="40.74623069433165" lon="-74.01758985908856"><time>2026-07-14T22:46:38Z</time></trkpt><trkpt lat="40.746263880492975" lon="-74.01762869470691"><time>2026-07-14T22:46:39Z</time></trkpt><trkpt lat="40.74628435988259" lon="-74.0176304760624"><time>2026-07-14T22:46:40Z</time></trkpt><trkpt lat="40.746303641380194" lon="-74.0176626332965"><time>2026-07-14T22:46:41Z</time></trkpt><trkpt lat="40.746321205939324" lon="-74.01769949590974"><time>2026-07-14T22:46:42Z</time></trkpt><trkpt lat="40.74633858074409" lon="-74.01773046582144"><time>2026-07-14T22:46:43Z</time></trkpt><trkpt lat="40.74636007305675" lon="-74.01776172800757"><time>2026-07-14T22:46:44Z</time></trkpt><trkpt lat="40.74638260649911" lon="-74.0177937578666"><time>2026-07-14T22:46:45Z</time></trkpt><trkpt lat="40.74640731608166" lon="-74.01782789497646"><time>2026-07-14T22:46:46Z</time></trkpt><trkpt lat="40.74643314484156" lon="-74.01784926754394"><time>2026-07-14T22:46:47Z</time></trkpt><trkpt lat="40.74645358687241" lon="-74.01787584024379"><time>2026-07-14T22:46:48Z</time></trkpt><trkpt lat="40.74646907736186" lon="-74.01790923425187"><time>2026-07-14T22:46:49Z</time></trkpt><trkpt lat="40.74648707114435" lon="-74.01794227768289"><time>2026-07-14T22:46:50Z</time></trkpt><trkpt lat="40.746501537246345" lon="-74.01797858230806"><time>2026-07-14T22:46:51Z</time></trkpt><trkpt lat="40.74651792346033" lon="-74.01801327532412"><time>2026-07-14T22:46:52Z</time></trkpt><trkpt lat="40.746537671551074" lon="-74.0180457133565"><time>2026-07-14T22:46:53Z</time></trkpt><trkpt lat="40.74655743780054" lon="-74.01808165272992"><time>2026-07-14T22:46:54Z</time></trkpt><trkpt lat="40.74657677588006" lon="-74.01811901553624"><time>2026-07-14T22:46:55Z</time></trkpt><trkpt lat="40.74658614338348" lon="-74.01814940413603"><time>2026-07-14T22:46:56Z</time></trkpt><trkpt lat="40.7466043350052" lon="-74.01818807150038"><time>2026-07-14T22:46:57Z</time></trkpt><trkpt lat="40.74662254931867" lon="-74.01821880688841"><time>2026-07-14T22:46:58Z</time></trkpt><trkpt lat="40.74664095104205" lon="-74.01824887396137"><time>2026-07-14T22:46:59Z</time></trkpt><trkpt lat="40.746657125215165" lon="-74.01827997847482"><time>2026-07-14T22:47:00Z</time></trkpt><trkpt lat="40.74667472846497" lon="-74.01830914013739"><time>2026-07-14T22:47:01Z</time></trkpt><trkpt lat="40.74669624137907" lon="-74.01833821596951"><time>2026-07-14T22:47:02Z</time></trkpt><trkpt lat="40.746712298529765" lon="-74.0183751699249"><time>2026-07-14T22:47:03Z</time></trkpt><trkpt lat="40.746731924090334" lon="-74.01840673900634"><time>2026-07-14T22:47:04Z</time></trkpt><trkpt lat="40.746738071219085" lon="-74.01843656210342"><time>2026-07-14T22:47:05Z</time></trkpt><trkpt lat="40.746748161974715" lon="-74.01845745874559"><time>2026-07-14T22:47:06Z</time></trkpt><trkpt lat="40.746760996127726" lon="-74.0184841518033"><time>2026-07-14T22:47:07Z</time></trkpt><trkpt lat="40.746760177643445" lon="-74.01851278844244"><time>2026-07-14T22:47:08Z</time></trkpt><trkpt lat="40.74673898295626" lon="-74.0185468230547"><time>2026-07-14T22:47:10Z</time></trkpt><trkpt lat="40.74671722896337" lon="-74.01853229210491"><time>2026-07-14T22:47:12Z</time></trkpt><trkpt lat="40.74669729754381" lon="-74.01852296205537"><time>2026-07-14T22:47:13Z</time></trkpt><trkpt lat="40.74667980935946" lon="-74.01850032972214"><time>2026-07-14T22:47:14Z</time></trkpt><trkpt lat="40.7466552559985" lon="-74.01848929815849"><time>2026-07-14T22:47:15Z</time></trkpt><trkpt lat="40.7466238943811" lon="-74.01847019654541"><time>2026-07-14T22:47:17Z</time></trkpt><trkpt lat="40.74660154252439" lon="-74.01845874369377"><time>2026-07-14T22:47:18Z</time></trkpt><trkpt lat="40.746582281853186" lon="-74.01843690433633"><time>2026-07-14T22:47:19Z</time></trkpt><trkpt lat="40.746562466930705" lon="-74.01841111774878"><time>2026-07-14T22:47:20Z</time></trkpt><trkpt lat="40.74654415646989" lon="-74.01839126335899"><time>2026-07-14T22:47:21Z</time></trkpt><trkpt lat="40.746526688385345" lon="-74.01837867488362"><time>2026-07-14T22:47:22Z</time></trkpt><trkpt lat="40.74650397896132" lon="-74.01836098142427"><time>2026-07-14T22:47:23Z</time></trkpt><trkpt lat="40.74648886004125" lon="-74.01832944807516"><time>2026-07-14T22:47:24Z</time></trkpt><trkpt lat="40.746463222478724" lon="-74.01828471486593"><time>2026-07-14T22:47:26Z</time></trkpt><trkpt lat="40.746453061682224" lon="-74.01826072840839"><time>2026-07-14T22:47:27Z</time></trkpt><trkpt lat="40.74644355586065" lon="-74.0182299666459"><time>2026-07-14T22:47:28Z</time></trkpt><trkpt lat="40.746425123172166" lon="-74.01819353047274"><time>2026-07-14T22:47:29Z</time></trkpt><trkpt lat="40.74639689270975" lon="-74.0181364403641"><time>2026-07-14T22:47:31Z</time></trkpt><trkpt lat="40.74638008610008" lon="-74.01810399995485"><time>2026-07-14T22:47:32Z</time></trkpt><trkpt lat="40.74636503721266" lon="-74.01807947170599"><time>2026-07-14T22:47:33Z</time></trkpt><trkpt lat="40.74634729496982" lon="-74.01805066321158"><time>2026-07-14T22:47:34Z</time></trkpt><trkpt lat="40.74632362013825" lon="-74.01802368388077"><time>2026-07-14T22:47:35Z</time></trkpt><trkpt lat="40.74630953642255" lon="-74.01799939074263"><time>2026-07-14T22:47:36Z</time></trkpt><trkpt lat="40.74629631794695" lon="-74.01796499083433"><time>2026-07-14T22:47:37Z</time></trkpt><trkpt lat="40.74628807762456" lon="-74.01792654913305"><time>2026-07-14T22:47:38Z</time></trkpt><trkpt lat="40.74626639088496" lon="-74.01788921411458"><time>2026-07-14T22:47:39Z</time></trkpt><trkpt lat="40.74624311596214" lon="-74.01786083788714"><time>2026-07-14T22:47:40Z</time></trkpt><trkpt lat="40.74622433408806" lon="-74.01784062826182"><time>2026-07-14T22:47:41Z</time></trkpt><trkpt lat="40.74621253170716" lon="-74.01779844777002"><time>2026-07-14T22:47:42Z</time></trkpt><trkpt lat="40.74619129828055" lon="-74.01776223682792"><time>2026-07-14T22:47:43Z</time></trkpt><trkpt lat="40.74617404708712" lon="-74.0177455834578"><time>2026-07-14T22:47:44Z</time></trkpt><trkpt lat="40.7461526180206" lon="-74.01771456391367"><time>2026-07-14T22:47:45Z</time></trkpt><trkpt lat="40.74613249800495" lon="-74.01768762143024"><time>2026-07-14T22:47:46Z</time></trkpt><trkpt lat="40.74610828649399" lon="-74.01766275568468"><time>2026-07-14T22:47:47Z</time></trkpt><trkpt lat="40.74608314197377" lon="-74.01764847270736"><time>2026-07-14T22:47:48Z</time></trkpt><trkpt lat="40.7460607746306" lon="-74.01762866224449"><time>2026-07-14T22:47:49Z</time></trkpt><trkpt lat="40.74602952330133" lon="-74.01762133002632"><time>2026-07-14T22:47:50Z</time></trkpt><trkpt lat="40.74600420780527" lon="-74.01761292164305"><time>2026-07-14T22:47:51Z</time></trkpt><trkpt lat="40.745990855187024" lon="-74.0175818081438"><time>2026-07-14T22:47:52Z</time></trkpt><trkpt lat="40.745967611168425" lon="-74.01755995409712"><time>2026-07-14T22:47:53Z</time></trkpt><trkpt lat="40.74594248506386" lon="-74.01754962257482"><time>2026-07-14T22:47:54Z</time></trkpt><trkpt lat="40.74592375600614" lon="-74.01752760303854"><time>2026-07-14T22:47:55Z</time></trkpt><trkpt lat="40.745899182445704" lon="-74.01750708016533"><time>2026-07-14T22:47:56Z</time></trkpt><trkpt lat="40.7458767561302" lon="-74.01748624817846"><time>2026-07-14T22:47:57Z</time></trkpt><trkpt lat="40.745854260751805" lon="-74.01745835956054"><time>2026-07-14T22:47:58Z</time></trkpt><trkpt lat="40.74583012429131" lon="-74.01743714856455"><time>2026-07-14T22:47:59Z</time></trkpt><trkpt lat="40.74580743499853" lon="-74.01741988698113"><time>2026-07-14T22:48:00Z</time></trkpt><trkpt lat="40.7457845940368" lon="-74.01740303480899"><time>2026-07-14T22:48:01Z</time></trkpt><trkpt lat="40.745756852890075" lon="-74.01738742194904"><time>2026-07-14T22:48:02Z</time></trkpt><trkpt lat="40.74572955355851" lon="-74.01737389480864"><time>2026-07-14T22:48:03Z</time></trkpt><trkpt lat="40.74570211365063" lon="-74.0173723431444"><time>2026-07-14T22:48:04Z</time></trkpt><trkpt lat="40.74567644533187" lon="-74.01736445666658"><time>2026-07-14T22:48:05Z</time></trkpt><trkpt lat="40.74564868530779" lon="-74.01734415240061"><time>2026-07-14T22:48:06Z</time></trkpt><trkpt lat="40.74562271705112" lon="-74.01732544455187"><time>2026-07-14T22:48:07Z</time></trkpt><trkpt lat="40.74559882427515" lon="-74.01731130032172"><time>2026-07-14T22:48:08Z</time></trkpt><trkpt lat="40.745574771679095" lon="-74.01730494378866"><time>2026-07-14T22:48:09Z</time></trkpt><trkpt lat="40.74555155031895" lon="-74.01729998570904"><time>2026-07-14T22:48:10Z</time></trkpt><trkpt lat="40.745526610932515" lon="-74.01728698178559"><time>2026-07-14T22:48:11Z</time></trkpt><trkpt lat="40.74549856918912" lon="-74.01726845466764"><time>2026-07-14T22:48:12Z</time></trkpt><trkpt lat="40.74546834456778" lon="-74.01725719589014"><time>2026-07-14T22:48:13Z</time></trkpt><trkpt lat="40.745443074165074" lon="-74.01725156389821"><time>2026-07-14T22:48:14Z</time></trkpt><trkpt lat="40.74541763364199" lon="-74.01724362955738"><time>2026-07-14T22:48:15Z</time></trkpt><trkpt lat="40.745394878538505" lon="-74.01722740956717"><time>2026-07-14T22:48:16Z</time></trkpt><trkpt lat="40.745367452773" lon="-74.01721566166313"><time>2026-07-14T22:48:17Z</time></trkpt><trkpt lat="40.745335950826004" lon="-74.01719903399257"><time>2026-07-14T22:48:18Z</time></trkpt><trkpt lat="40.74531289243375" lon="-74.01719480432308"><time>2026-07-14T22:48:19Z</time></trkpt><trkpt lat="40.74528679434509" lon="-74.01718597136556"><time>2026-07-14T22:48:20Z</time></trkpt><trkpt lat="40.74525837940144" lon="-74.01716557489127"><time>2026-07-14T22:48:21Z</time></trkpt><trkpt lat="40.745231169700325" lon="-74.01714308040157"><time>2026-07-14T22:48:22Z</time></trkpt><trkpt lat="40.74520382407957" lon="-74.0171285464726"><time>2026-07-14T22:48:23Z</time></trkpt><trkpt lat="40.74517959371063" lon="-74.01712606109008"><time>2026-07-14T22:48:24Z</time></trkpt><trkpt lat="40.74515153501893" lon="-74.01711355938698"><time>2026-07-14T22:48:25Z</time></trkpt><trkpt lat="40.74512817090707" lon="-74.0171016553308"><time>2026-07-14T22:48:26Z</time></trkpt><trkpt lat="40.74510268870404" lon="-74.01708674053253"><time>2026-07-14T22:48:27Z</time></trkpt><trkpt lat="40.74507962120864" lon="-74.01707483035848"><time>2026-07-14T22:48:28Z</time></trkpt><trkpt lat="40.7450545729013" lon="-74.01706019004526"><time>2026-07-14T22:48:29Z</time></trkpt><trkpt lat="40.745027298626255" lon="-74.0170421733988"><time>2026-07-14T22:48:30Z</time></trkpt><trkpt lat="40.74500367868952" lon="-74.01702192214708"><time>2026-07-14T22:48:31Z</time></trkpt><trkpt lat="40.744985640155264" lon="-74.01700202417634"><time>2026-07-14T22:48:32Z</time></trkpt><trkpt lat="40.744963411600175" lon="-74.0169869371452"><time>2026-07-14T22:48:33Z</time></trkpt><trkpt lat="40.744941637923155" lon="-74.01696960731114"><time>2026-07-14T22:48:34Z</time></trkpt><trkpt lat="40.74492136232803" lon="-74.01694728210353"><time>2026-07-14T22:48:35Z</time></trkpt><trkpt lat="40.744897614980324" lon="-74.01692723117071"><time>2026-07-14T22:48:36Z</time></trkpt><trkpt lat="40.74487476659299" lon="-74.0169031277038"><time>2026-07-14T22:48:37Z</time></trkpt><trkpt lat="40.74484809635569" lon="-74.01688045426587"><time>2026-07-14T22:48:38Z</time></trkpt><trkpt lat="40.74482341908913" lon="-74.01686680238447"><time>2026-07-14T22:48:39Z</time></trkpt><trkpt lat="40.74480170755722" lon="-74.01684945320892"><time>2026-07-14T22:48:40Z</time></trkpt><trkpt lat="40.74477946785495" lon="-74.01682738062952"><time>2026-07-14T22:48:41Z</time></trkpt><trkpt lat="40.74474919544228" lon="-74.0168092778776"><time>2026-07-14T22:48:42Z</time></trkpt><trkpt lat="40.74471771863557" lon="-74.01680175388033"><time>2026-07-14T22:48:43Z</time></trkpt><trkpt lat="40.7446984616535" lon="-74.01682149788387"><time>2026-07-14T22:48:44Z</time></trkpt><trkpt lat="40.74466693462497" lon="-74.01684575378135"><time>2026-07-14T22:48:46Z</time></trkpt><trkpt lat="40.74465768294983" lon="-74.01689147796498"><time>2026-07-14T22:48:48Z</time></trkpt><trkpt lat="40.744678986209365" lon="-74.0169140349432"><time>2026-07-14T22:48:49Z</time></trkpt><trkpt lat="40.74468660488957" lon="-74.01693607723931"><time>2026-07-14T22:48:50Z</time></trkpt><trkpt lat="40.74472146547151" lon="-74.01695790601289"><time>2026-07-14T22:48:52Z</time></trkpt><trkpt lat="40.744742156388355" lon="-74.0169710671413"><time>2026-07-14T22:48:53Z</time></trkpt><trkpt lat="40.74475535362861" lon="-74.01698911127667"><time>2026-07-14T22:48:54Z</time></trkpt><trkpt lat="40.744778011859566" lon="-74.0170118249947"><time>2026-07-14T22:48:55Z</time></trkpt><trkpt lat="40.744791033206695" lon="-74.01704015674959"><time>2026-07-14T22:48:56Z</time></trkpt><trkpt lat="40.74481720593012" lon="-74.01706259307801"><time>2026-07-14T22:48:57Z</time></trkpt><trkpt lat="40.744841767802896" lon="-74.01708006853767"><time>2026-07-14T22:48:58Z</time></trkpt><trkpt lat="40.74486564159138" lon="-74.0170947061746"><time>2026-07-14T22:48:59Z</time></trkpt><trkpt lat="40.74488841511056" lon="-74.01711829883234"><time>2026-07-14T22:49:00Z</time></trkpt><trkpt lat="40.74491621889441" lon="-74.01714321335635"><time>2026-07-14T22:49:01Z</time></trkpt><trkpt lat="40.74493956910406" lon="-74.01717477526373"><time>2026-07-14T22:49:02Z</time></trkpt><trkpt lat="40.74496679982005" lon="-74.01720322308222"><time>2026-07-14T22:49:03Z</time></trkpt><trkpt lat="40.74499497445917" lon="-74.01723047329254"><time>2026-07-14T22:49:04Z</time></trkpt><trkpt lat="40.74502169018738" lon="-74.01725796861375"><time>2026-07-14T22:49:05Z</time></trkpt><trkpt lat="40.74504732065593" lon="-74.01728154942218"><time>2026-07-14T22:49:06Z</time></trkpt><trkpt lat="40.74507360253934" lon="-74.01730082583697"><time>2026-07-14T22:49:07Z</time></trkpt><trkpt lat="40.74509727856001" lon="-74.01732136293784"><time>2026-07-14T22:49:08Z</time></trkpt><trkpt lat="40.74512527246996" lon="-74.01734365258034"><time>2026-07-14T22:49:09Z</time></trkpt><trkpt lat="40.745155623748886" lon="-74.0173644706262"><time>2026-07-14T22:49:10Z</time></trkpt><trkpt lat="40.74518851714484" lon="-74.0173835557837"><time>2026-07-14T22:49:11Z</time></trkpt><trkpt lat="40.745220473992816" lon="-74.01740422945869"><time>2026-07-14T22:49:12Z</time></trkpt><trkpt lat="40.74525189508385" lon="-74.01742174983107"><time>2026-07-14T22:49:13Z</time></trkpt><trkpt lat="40.745280301891235" lon="-74.01743505675628"><time>2026-07-14T22:49:14Z</time></trkpt><trkpt lat="40.745303881244325" lon="-74.0174487789568"><time>2026-07-14T22:49:15Z</time></trkpt><trkpt lat="40.74532503317026" lon="-74.0174694308747"><time>2026-07-14T22:49:16Z</time></trkpt><trkpt lat="40.74534355557578" lon="-74.01749808282077"><time>2026-07-14T22:49:17Z</time></trkpt><trkpt lat="40.74537484726198" lon="-74.01752654951721"><time>2026-07-14T22:49:18Z</time></trkpt><trkpt lat="40.74540031602102" lon="-74.01755413627524"><time>2026-07-14T22:49:19Z</time></trkpt><trkpt lat="40.745427016538464" lon="-74.01757940069993"><time>2026-07-14T22:49:20Z</time></trkpt><trkpt lat="40.74545307187972" lon="-74.01760505215748"><time>2026-07-14T22:49:21Z</time></trkpt><trkpt lat="40.74547443751307" lon="-74.0176302302612"><time>2026-07-14T22:49:22Z</time></trkpt><trkpt lat="40.745490067502395" lon="-74.01765207576243"><time>2026-07-14T22:49:23Z</time></trkpt><trkpt lat="40.74550871451913" lon="-74.01767300708921"><time>2026-07-14T22:49:24Z</time></trkpt><trkpt lat="40.745530658448544" lon="-74.0176993431906"><time>2026-07-14T22:49:25Z</time></trkpt><trkpt lat="40.74554996557708" lon="-74.01773561862886"><time>2026-07-14T22:49:26Z</time></trkpt><trkpt lat="40.7455674787224" lon="-74.0177750464537"><time>2026-07-14T22:49:27Z</time></trkpt><trkpt lat="40.74558928204564" lon="-74.0178115517138"><time>2026-07-14T22:49:28Z</time></trkpt><trkpt lat="40.74560964041089" lon="-74.01784084601543"><time>2026-07-14T22:49:29Z</time></trkpt><trkpt lat="40.74563076940208" lon="-74.01786447449035"><time>2026-07-14T22:49:30Z</time></trkpt><trkpt lat="40.74564894876671" lon="-74.01788475750718"><time>2026-07-14T22:49:31Z</time></trkpt><trkpt lat="40.74566649699844" lon="-74.01790761518879"><time>2026-07-14T22:49:32Z</time></trkpt><trkpt lat="40.745683259125734" lon="-74.01793721887583"><time>2026-07-14T22:49:33Z</time></trkpt><trkpt lat="40.74569514044208" lon="-74.01796540805032"><time>2026-07-14T22:49:34Z</time></trkpt><trkpt lat="40.74571413007743" lon="-74.01799464272008"><time>2026-07-14T22:49:35Z</time></trkpt><trkpt lat="40.745717517066204" lon="-74.01802890186258"><time>2026-07-14T22:49:36Z</time></trkpt><trkpt lat="40.74571132111031" lon="-74.01805533505993"><time>2026-07-14T22:49:37Z</time></trkpt><trkpt lat="40.74566505393599" lon="-74.01807000477038"><time>2026-07-14T22:49:39Z</time></trkpt><trkpt lat="40.745648765490955" lon="-74.01805698389062"><time>2026-07-14T22:49:42Z</time></trkpt><trkpt lat="40.74562706794508" lon="-74.01803645607515"><time>2026-07-14T22:49:43Z</time></trkpt><trkpt lat="40.74560891530827" lon="-74.01801824138217"><time>2026-07-14T22:49:44Z</time></trkpt><trkpt lat="40.74558814469901" lon="-74.01799976995173"><time>2026-07-14T22:49:45Z</time></trkpt><trkpt lat="40.7455681388917" lon="-74.01798727552168"><time>2026-07-14T22:49:46Z</time></trkpt><trkpt lat="40.74554676495314" lon="-74.01796764753868"><time>2026-07-14T22:49:47Z</time></trkpt><trkpt lat="40.745526954052664" lon="-74.01793404337481"><time>2026-07-14T22:49:48Z</time></trkpt><trkpt lat="40.74551390529624" lon="-74.01789328113428"><time>2026-07-14T22:49:49Z</time></trkpt><trkpt lat="40.74549987451317" lon="-74.01785577462897"><time>2026-07-14T22:49:50Z</time></trkpt><trkpt lat="40.74548602284584" lon="-74.01782290147369"><time>2026-07-14T22:49:51Z</time></trkpt><trkpt lat="40.74545113694097" lon="-74.01777363251331"><time>2026-07-14T22:49:53Z</time></trkpt><trkpt lat="40.745437160748395" lon="-74.0177455871651"><time>2026-07-14T22:49:54Z</time></trkpt><trkpt lat="40.74542205905087" lon="-74.01771651226237"><time>2026-07-14T22:49:55Z</time></trkpt><trkpt lat="40.74540366342182" lon="-74.01768975934361"><time>2026-07-14T22:49:56Z</time></trkpt><trkpt lat="40.74538093039105" lon="-74.01766344994655"><time>2026-07-14T22:49:57Z</time></trkpt><trkpt lat="40.74536073595388" lon="-74.0176411720531"><time>2026-07-14T22:49:58Z</time></trkpt><trkpt lat="40.74534007176051" lon="-74.01761510858096"><time>2026-07-14T22:49:59Z</time></trkpt><trkpt lat="40.74531916973272" lon="-74.01758357210447"><time>2026-07-14T22:50:00Z</time></trkpt><trkpt lat="40.74529749223109" lon="-74.01754892312886"><time>2026-07-14T22:50:01Z</time></trkpt><trkpt lat="40.74527124321592" lon="-74.0175261179251"><time>2026-07-14T22:50:02Z</time></trkpt><trkpt lat="40.74524365795118" lon="-74.01751003121304"><time>2026-07-14T22:50:03Z</time></trkpt><trkpt lat="40.745222251286926" lon="-74.01749608181679"><time>2026-07-14T22:50:04Z</time></trkpt><trkpt lat="40.74519731077036" lon="-74.01747968671292"><time>2026-07-14T22:50:05Z</time></trkpt><trkpt lat="40.74517852635719" lon="-74.01745829401371"><time>2026-07-14T22:50:06Z</time></trkpt><trkpt lat="40.74516053410863" lon="-74.01743151085488"><time>2026-07-14T22:50:07Z</time></trkpt><trkpt lat="40.74513828108154" lon="-74.01740585758353"><time>2026-07-14T22:50:08Z</time></trkpt><trkpt lat="40.74512185139827" lon="-74.01738435064048"><time>2026-07-14T22:50:09Z</time></trkpt><trkpt lat="40.74510405130021" lon="-74.01736692252419"><time>2026-07-14T22:50:10Z</time></trkpt><trkpt lat="40.74508408550648" lon="-74.01734549179922"><time>2026-07-14T22:50:11Z</time></trkpt><trkpt lat="40.74506321099188" lon="-74.01732554793942"><time>2026-07-14T22:50:12Z</time></trkpt><trkpt lat="40.74504139008421" lon="-74.0173056697978"><time>2026-07-14T22:50:13Z</time></trkpt><trkpt lat="40.74502171616315" lon="-74.01728278497677"><time>2026-07-14T22:50:14Z</time></trkpt><trkpt lat="40.7450003984817" lon="-74.017258843833"><time>2026-07-14T22:50:15Z</time></trkpt><trkpt lat="40.74497959712674" lon="-74.01723708053038"><time>2026-07-14T22:50:16Z</time></trkpt><trkpt lat="40.7449559598079" lon="-74.0172175345084"><time>2026-07-14T22:50:17Z</time></trkpt><trkpt lat="40.744933345966466" lon="-74.01719759532378"><time>2026-07-14T22:50:18Z</time></trkpt><trkpt lat="40.74491497695488" lon="-74.01717205728464"><time>2026-07-14T22:50:19Z</time></trkpt><trkpt lat="40.744893671962544" lon="-74.01714730463647"><time>2026-07-14T22:50:20Z</time></trkpt><trkpt lat="40.744868714030964" lon="-74.01712891932623"><time>2026-07-14T22:50:21Z</time></trkpt><trkpt lat="40.74484529695139" lon="-74.01711687147137"><time>2026-07-14T22:50:22Z</time></trkpt><trkpt lat="40.74481799063941" lon="-74.01710476815838"><time>2026-07-14T22:50:23Z</time></trkpt><trkpt lat="40.74479283833654" lon="-74.0170917057807"><time>2026-07-14T22:50:24Z</time></trkpt><trkpt lat="40.74476942749347" lon="-74.01707653814843"><time>2026-07-14T22:50:25Z</time></trkpt><trkpt lat="40.74474195345473" lon="-74.0170496085634"><time>2026-07-14T22:50:26Z</time></trkpt><trkpt lat="40.744716694036" lon="-74.01702416452851"><time>2026-07-14T22:50:27Z</time></trkpt><trkpt lat="40.74469808656336" lon="-74.01700261736904"><time>2026-07-14T22:50:28Z</time></trkpt><trkpt lat="40.74467929390983" lon="-74.01697081599723"><time>2026-07-14T22:50:29Z</time></trkpt><trkpt lat="40.744658228848614" lon="-74.01694364770182"><time>2026-07-14T22:50:30Z</time></trkpt><trkpt lat="40.74464232228833" lon="-74.01692405335895"><time>2026-07-14T22:50:31Z</time></trkpt><trkpt lat="40.74462464976526" lon="-74.0169115824953"><time>2026-07-14T22:50:32Z</time></trkpt><trkpt lat="40.744592824342725" lon="-74.01691015886965"><time>2026-07-14T22:50:34Z</time></trkpt><trkpt lat="40.744576178736274" lon="-74.01693445345177"><time>2026-07-14T22:50:35Z</time></trkpt><trkpt lat="40.74456863526487" lon="-74.01696260975872"><time>2026-07-14T22:50:36Z</time></trkpt><trkpt lat="40.744581007160754" lon="-74.01698308520801"><time>2026-07-14T22:50:37Z</time></trkpt><trkpt lat="40.74459892151245" lon="-74.01701359206139"><time>2026-07-14T22:50:39Z</time></trkpt><trkpt lat="40.744615468214484" lon="-74.01703497237476"><time>2026-07-14T22:50:40Z</time></trkpt><trkpt lat="40.744629829046694" lon="-74.0170493690422"><time>2026-07-14T22:50:41Z</time></trkpt><trkpt lat="40.74464871564529" lon="-74.01706795979034"><time>2026-07-14T22:50:42Z</time></trkpt><trkpt lat="40.744661685556885" lon="-74.01709050406464"><time>2026-07-14T22:50:43Z</time></trkpt><trkpt lat="40.744674379247975" lon="-74.0171130516204"><time>2026-07-14T22:50:44Z</time></trkpt><trkpt lat="40.74469305004261" lon="-74.0171348088677"><time>2026-07-14T22:50:45Z</time></trkpt><trkpt lat="40.74470937057169" lon="-74.01715734504008"><time>2026-07-14T22:50:46Z</time></trkpt><trkpt lat="40.744730162081616" lon="-74.01717604634514"><time>2026-07-14T22:50:47Z</time></trkpt><trkpt lat="40.74474724200145" lon="-74.01720002748496"><time>2026-07-14T22:50:48Z</time></trkpt><trkpt lat="40.744760803373865" lon="-74.01721778287643"><time>2026-07-14T22:50:49Z</time></trkpt><trkpt lat="40.744784373919316" lon="-74.01723540831965"><time>2026-07-14T22:50:50Z</time></trkpt><trkpt lat="40.744804727378764" lon="-74.0172547421375"><time>2026-07-14T22:50:51Z</time></trkpt><trkpt lat="40.744821434261866" lon="-74.01728085808509"><time>2026-07-14T22:50:52Z</time></trkpt><trkpt lat="40.7448453810245" lon="-74.01729925640818"><time>2026-07-14T22:50:53Z</time></trkpt><trkpt lat="40.74485781369195" lon="-74.01732705497098"><time>2026-07-14T22:50:54Z</time></trkpt><trkpt lat="40.7448802649405" lon="-74.017344257682"><time>2026-07-14T22:50:55Z</time></trkpt><trkpt lat="40.74489813162827" lon="-74.01736734166516"><time>2026-07-14T22:50:56Z</time></trkpt><trkpt lat="40.74491818208144" lon="-74.01738399207063"><time>2026-07-14T22:50:57Z</time></trkpt><trkpt lat="40.74493990554565" lon="-74.01740350701536"><time>2026-07-14T22:50:58Z</time></trkpt><trkpt lat="40.74495918929903" lon="-74.0174234126122"><time>2026-07-14T22:50:59Z</time></trkpt><trkpt lat="40.74497421237224" lon="-74.01745131956676"><time>2026-07-14T22:51:00Z</time></trkpt><trkpt lat="40.744990717007056" lon="-74.01747314911532"><time>2026-07-14T22:51:01Z</time></trkpt><trkpt lat="40.74500713100935" lon="-74.01750024714346"><time>2026-07-14T22:51:02Z</time></trkpt><trkpt lat="40.74502870857198" lon="-74.01752056742758"><time>2026-07-14T22:51:03Z</time></trkpt><trkpt lat="40.74504886509046" lon="-74.01754358038836"><time>2026-07-14T22:51:04Z</time></trkpt><trkpt lat="40.7450678945207" lon="-74.01756354529016"><time>2026-07-14T22:51:05Z</time></trkpt><trkpt lat="40.745086478867535" lon="-74.01758409138179"><time>2026-07-14T22:51:06Z</time></trkpt><trkpt lat="40.74510667633732" lon="-74.01760466935713"><time>2026-07-14T22:51:07Z</time></trkpt><trkpt lat="40.7451267167423" lon="-74.01762836216734"><time>2026-07-14T22:51:08Z</time></trkpt><trkpt lat="40.7451466057023" lon="-74.01765061951646"><time>2026-07-14T22:51:09Z</time></trkpt><trkpt lat="40.745164425100384" lon="-74.01767064276477"><time>2026-07-14T22:51:10Z</time></trkpt><trkpt lat="40.745188400162384" lon="-74.01769673748821"><time>2026-07-14T22:51:11Z</time></trkpt><trkpt lat="40.74520972304532" lon="-74.01772051003859"><time>2026-07-14T22:51:12Z</time></trkpt><trkpt lat="40.74523266284934" lon="-74.01774314624599"><time>2026-07-14T22:51:13Z</time></trkpt><trkpt lat="40.74525406252521" lon="-74.01776588235978"><time>2026-07-14T22:51:14Z</time></trkpt><trkpt lat="40.74527345406936" lon="-74.01778725379798"><time>2026-07-14T22:51:15Z</time></trkpt><trkpt lat="40.74529483569865" lon="-74.01781022439008"><time>2026-07-14T22:51:16Z</time></trkpt><trkpt lat="40.745314315349866" lon="-74.01783773205945"><time>2026-07-14T22:51:17Z</time></trkpt><trkpt lat="40.74532974590379" lon="-74.01786971500273"><time>2026-07-14T22:51:18Z</time></trkpt><trkpt lat="40.74534605294338" lon="-74.01790007485936"><time>2026-07-14T22:51:19Z</time></trkpt><trkpt lat="40.745357282448815" lon="-74.0179330355435"><time>2026-07-14T22:51:20Z</time></trkpt><trkpt lat="40.74536226639591" lon="-74.01795845450967"><time>2026-07-14T22:51:21Z</time></trkpt><trkpt lat="40.745367526256885" lon="-74.01798110640634"><time>2026-07-14T22:51:22Z</time></trkpt><trkpt lat="40.74534878889237" lon="-74.01801910282182"><time>2026-07-14T22:51:24Z</time></trkpt><trkpt lat="40.74532869704286" lon="-74.01801462197103"><time>2026-07-14T22:51:26Z</time></trkpt><trkpt lat="40.74531323604181" lon="-74.0180006329986"><time>2026-07-14T22:51:27Z</time></trkpt><trkpt lat="40.74529806026366" lon="-74.01797804609407"><time>2026-07-14T22:51:28Z</time></trkpt><trkpt lat="40.74528902251871" lon="-74.01795557208487"><time>2026-07-14T22:51:29Z</time></trkpt><trkpt lat="40.745273890465995" lon="-74.01792024335535"><time>2026-07-14T22:51:31Z</time></trkpt><trkpt lat="40.7452641436281" lon="-74.01789399848741"><time>2026-07-14T22:51:32Z</time></trkpt><trkpt lat="40.745254136971575" lon="-74.01784349679323"><time>2026-07-14T22:51:34Z</time></trkpt><trkpt lat="40.74525050802332" lon="-74.01781807628139"><time>2026-07-14T22:51:35Z</time></trkpt><trkpt lat="40.7452610544489" lon="-74.01778844133952"><time>2026-07-14T22:51:36Z</time></trkpt><trkpt lat="40.745242452806764" lon="-74.01774004420865"><time>2026-07-14T22:51:38Z</time></trkpt><trkpt lat="40.74524819244491" lon="-74.01770008685833"><time>2026-07-14T22:51:40Z</time></trkpt><trkpt lat="40.74524647087325" lon="-74.01766119744325"><time>2026-07-14T22:51:41Z</time></trkpt><trkpt lat="40.745238737370606" lon="-74.01763794578319"><time>2026-07-14T22:51:42Z</time></trkpt><trkpt lat="40.74523498362972" lon="-74.01761132175554"><time>2026-07-14T22:51:43Z</time></trkpt><trkpt lat="40.74523028074111" lon="-74.01758722784638"><time>2026-07-14T22:51:44Z</time></trkpt><trkpt lat="40.74522141712935" lon="-74.01753439323575"><time>2026-07-14T22:51:46Z</time></trkpt><trkpt lat="40.74521882225747" lon="-74.01751011163346"><time>2026-07-14T22:51:47Z</time></trkpt><trkpt lat="40.745211554005365" lon="-74.01748802511968"><time>2026-07-14T22:51:48Z</time></trkpt><trkpt lat="40.745210407039266" lon="-74.01746135324814"><time>2026-07-14T22:51:49Z</time></trkpt><trkpt lat="40.745201148039236" lon="-74.01741918328804"><time>2026-07-14T22:51:51Z</time></trkpt><trkpt lat="40.7451900114297" lon="-74.01736922849143"><time>2026-07-14T22:51:53Z</time></trkpt><trkpt lat="40.74519060005117" lon="-74.01732194801414"><time>2026-07-14T22:51:55Z</time></trkpt><trkpt lat="40.74518803298351" lon="-74.0172970112063"><time>2026-07-14T22:51:56Z</time></trkpt><trkpt lat="40.74518238120159" lon="-74.01725152131932"><time>2026-07-14T22:51:58Z</time></trkpt><trkpt lat="40.74517036249163" lon="-74.01719826264699"><time>2026-07-14T22:52:00Z</time></trkpt><trkpt lat="40.745159954286954" lon="-74.01717869057099"><time>2026-07-14T22:52:01Z</time></trkpt><trkpt lat="40.74515212384491" lon="-74.01712890596286"><time>2026-07-14T22:52:03Z</time></trkpt><trkpt lat="40.74513655508658" lon="-74.01709849602294"><time>2026-07-14T22:52:04Z</time></trkpt><trkpt lat="40.74513211039738" lon="-74.01707418575926"><time>2026-07-14T22:52:05Z</time></trkpt><trkpt lat="40.74512523047493" lon="-74.01704996602469"><time>2026-07-14T22:52:06Z</time></trkpt><trkpt lat="40.74511761150994" lon="-74.01702793531"><time>2026-07-14T22:52:07Z</time></trkpt><trkpt lat="40.745107572805345" lon="-74.01700548045267"><time>2026-07-14T22:52:08Z</time></trkpt><trkpt lat="40.74510083659422" lon="-74.01697779612356"><time>2026-07-14T22:52:09Z</time></trkpt><trkpt lat="40.74509625712004" lon="-74.01695370914078"><time>2026-07-14T22:52:10Z</time></trkpt><trkpt lat="40.745083182889516" lon="-74.01692572296245"><time>2026-07-14T22:52:11Z</time></trkpt><trkpt lat="40.74507131540366" lon="-74.01690117312998"><time>2026-07-14T22:52:12Z</time></trkpt><trkpt lat="40.745062173666376" lon="-74.01687683312475"><time>2026-07-14T22:52:13Z</time></trkpt><trkpt lat="40.745054922692816" lon="-74.01685021083439"><time>2026-07-14T22:52:14Z</time></trkpt><trkpt lat="40.745042196655334" lon="-74.01682352797951"><time>2026-07-14T22:52:15Z</time></trkpt><trkpt lat="40.74502676564999" lon="-74.01679665331505"><time>2026-07-14T22:52:16Z</time></trkpt><trkpt lat="40.74501396725725" lon="-74.0167689447908"><time>2026-07-14T22:52:17Z</time></trkpt><trkpt lat="40.74499607542587" lon="-74.016746425064"><time>2026-07-14T22:52:18Z</time></trkpt><trkpt lat="40.74497206149688" lon="-74.01672555674159"><time>2026-07-14T22:52:19Z</time></trkpt><trkpt lat="40.74496855663203" lon="-74.01670220674369"><time>2026-07-14T22:52:20Z</time></trkpt><trkpt lat="40.74495190778536" lon="-74.01667860522095"><time>2026-07-14T22:52:21Z</time></trkpt><trkpt lat="40.744936247142746" lon="-74.0166507869805"><time>2026-07-14T22:52:22Z</time></trkpt><trkpt lat="40.744924012993614" lon="-74.01662223443792"><time>2026-07-14T22:52:23Z</time></trkpt><trkpt lat="40.7449109160124" lon="-74.0165969927836"><time>2026-07-14T22:52:24Z</time></trkpt><trkpt lat="40.744895099254165" lon="-74.01657810557862"><time>2026-07-14T22:52:25Z</time></trkpt><trkpt lat="40.74487991636281" lon="-74.01655157424985"><time>2026-07-14T22:52:26Z</time></trkpt><trkpt lat="40.74486542156806" lon="-74.01652960912718"><time>2026-07-14T22:52:27Z</time></trkpt><trkpt lat="40.74484752077422" lon="-74.01650014554774"><time>2026-07-14T22:52:28Z</time></trkpt><trkpt lat="40.7448334774355" lon="-74.01646891449231"><time>2026-07-14T22:52:29Z</time></trkpt><trkpt lat="40.74481691034271" lon="-74.01644010783066"><time>2026-07-14T22:52:30Z</time></trkpt><trkpt lat="40.74480168228118" lon="-74.0164121078448"><time>2026-07-14T22:52:31Z</time></trkpt><trkpt lat="40.74478562048093" lon="-74.01639116730959"><time>2026-07-14T22:52:32Z</time></trkpt><trkpt lat="40.74477442303048" lon="-74.01636131571088"><time>2026-07-14T22:52:33Z</time></trkpt><trkpt lat="40.74475888014473" lon="-74.01633369458925"><time>2026-07-14T22:52:34Z</time></trkpt><trkpt lat="40.74474480235413" lon="-74.01630494935259"><time>2026-07-14T22:52:35Z</time></trkpt><trkpt lat="40.7447300006439" lon="-74.01627720815002"><time>2026-07-14T22:52:36Z</time></trkpt><trkpt lat="40.7447138826789" lon="-74.01625099000724"><time>2026-07-14T22:52:37Z</time></trkpt><trkpt lat="40.744697630232444" lon="-74.01622326857876"><time>2026-07-14T22:52:38Z</time></trkpt><trkpt lat="40.74468011516893" lon="-74.01620361829563"><time>2026-07-14T22:52:39Z</time></trkpt><trkpt lat="40.744664607892844" lon="-74.01618317266482"><time>2026-07-14T22:52:40Z</time></trkpt><trkpt lat="40.74465003651506" lon="-74.01616225416879"><time>2026-07-14T22:52:41Z</time></trkpt><trkpt lat="40.74463405555632" lon="-74.01613793268602"><time>2026-07-14T22:52:42Z</time></trkpt><trkpt lat="40.74461594151765" lon="-74.01611232715717"><time>2026-07-14T22:52:43Z</time></trkpt><trkpt lat="40.74460316664065" lon="-74.01608649284356"><time>2026-07-14T22:52:44Z</time></trkpt><trkpt lat="40.744588514373675" lon="-74.01606546009147"><time>2026-07-14T22:52:45Z</time></trkpt><trkpt lat="40.744570929783826" lon="-74.01603890909847"><time>2026-07-14T22:52:46Z</time></trkpt><trkpt lat="40.74455283383463" lon="-74.01601471354853"><time>2026-07-14T22:52:47Z</time></trkpt><trkpt lat="40.74453271316471" lon="-74.0159927089458"><time>2026-07-14T22:52:48Z</time></trkpt><trkpt lat="40.744508281961835" lon="-74.01597045748206"><time>2026-07-14T22:52:49Z</time></trkpt><trkpt lat="40.74448584382449" lon="-74.01595766532077"><time>2026-07-14T22:52:50Z</time></trkpt><trkpt lat="40.744461918101905" lon="-74.01593928217912"><time>2026-07-14T22:52:51Z</time></trkpt><trkpt lat="40.74444112096954" lon="-74.01591869234588"><time>2026-07-14T22:52:52Z</time></trkpt><trkpt lat="40.74442702076427" lon="-74.01589860531641"><time>2026-07-14T22:52:53Z</time></trkpt><trkpt lat="40.74440921807497" lon="-74.0158695981012"><time>2026-07-14T22:52:54Z</time></trkpt><trkpt lat="40.7443985819134" lon="-74.01583853865468"><time>2026-07-14T22:52:55Z</time></trkpt><trkpt lat="40.74438544631388" lon="-74.01581068564636"><time>2026-07-14T22:52:56Z</time></trkpt><trkpt lat="40.74436867068309" lon="-74.01577914756943"><time>2026-07-14T22:52:57Z</time></trkpt><trkpt lat="40.74435797256881" lon="-74.0157547927897"><time>2026-07-14T22:52:58Z</time></trkpt><trkpt lat="40.74434382473692" lon="-74.0157348314036"><time>2026-07-14T22:52:59Z</time></trkpt><trkpt lat="40.744329196776484" lon="-74.01571132013946"><time>2026-07-14T22:53:00Z</time></trkpt><trkpt lat="40.7443156757094" lon="-74.01569128561468"><time>2026-07-14T22:53:01Z</time></trkpt><trkpt lat="40.744300172998436" lon="-74.01567158762487"><time>2026-07-14T22:53:02Z</time></trkpt><trkpt lat="40.74429010644387" lon="-74.01565029368983"><time>2026-07-14T22:53:03Z</time></trkpt><trkpt lat="40.744276061335334" lon="-74.01562150800112"><time>2026-07-14T22:53:04Z</time></trkpt><trkpt lat="40.74426722553521" lon="-74.01559665864492"><time>2026-07-14T22:53:05Z</time></trkpt><trkpt lat="40.74425568895897" lon="-74.01557505931146"><time>2026-07-14T22:53:06Z</time></trkpt><trkpt lat="40.74424212971884" lon="-74.01555480340424"><time>2026-07-14T22:53:07Z</time></trkpt><trkpt lat="40.74422800148536" lon="-74.01553243103304"><time>2026-07-14T22:53:08Z</time></trkpt><trkpt lat="40.744214680720994" lon="-74.01550721715927"><time>2026-07-14T22:53:09Z</time></trkpt><trkpt lat="40.74420018203228" lon="-74.01548628534093"><time>2026-07-14T22:53:10Z</time></trkpt><trkpt lat="40.74418559027176" lon="-74.01546814657944"><time>2026-07-14T22:53:11Z</time></trkpt><trkpt lat="40.74417064011794" lon="-74.01545039785307"><time>2026-07-14T22:53:12Z</time></trkpt><trkpt lat="40.74415411423913" lon="-74.01543175381893"><time>2026-07-14T22:53:13Z</time></trkpt><trkpt lat="40.74413935704722" lon="-74.01541006322283"><time>2026-07-14T22:53:14Z</time></trkpt><trkpt lat="40.744122811356505" lon="-74.01538904284294"><time>2026-07-14T22:53:15Z</time></trkpt><trkpt lat="40.74410535546303" lon="-74.01537101113574"><time>2026-07-14T22:53:16Z</time></trkpt><trkpt lat="40.744086612697544" lon="-74.0153505765888"><time>2026-07-14T22:53:17Z</time></trkpt><trkpt lat="40.74406926618956" lon="-74.01532727225378"><time>2026-07-14T22:53:18Z</time></trkpt><trkpt lat="40.74405090000445" lon="-74.01530324024772"><time>2026-07-14T22:53:19Z</time></trkpt><trkpt lat="40.74403269464141" lon="-74.01527824860929"><time>2026-07-14T22:53:20Z</time></trkpt><trkpt lat="40.74401542349278" lon="-74.01525929096637"><time>2026-07-14T22:53:21Z</time></trkpt><trkpt lat="40.74399859539687" lon="-74.0152353572708"><time>2026-07-14T22:53:22Z</time></trkpt><trkpt lat="40.74398101175115" lon="-74.01521358028018"><time>2026-07-14T22:53:23Z</time></trkpt><trkpt lat="40.74396353449649" lon="-74.01518582760585"><time>2026-07-14T22:53:24Z</time></trkpt><trkpt lat="40.743947043431575" lon="-74.01515900216668"><time>2026-07-14T22:53:25Z</time></trkpt><trkpt lat="40.74393130605448" lon="-74.01513276956268"><time>2026-07-14T22:53:26Z</time></trkpt><trkpt lat="40.743912843144514" lon="-74.01511479298267"><time>2026-07-14T22:53:27Z</time></trkpt><trkpt lat="40.743892558410565" lon="-74.0150904249748"><time>2026-07-14T22:53:28Z</time></trkpt><trkpt lat="40.743869842448746" lon="-74.01507067281268"><time>2026-07-14T22:53:29Z</time></trkpt><trkpt lat="40.74384778548089" lon="-74.01505373365978"><time>2026-07-14T22:53:30Z</time></trkpt><trkpt lat="40.74382736286636" lon="-74.01503668128375"><time>2026-07-14T22:53:31Z</time></trkpt><trkpt lat="40.743806402605095" lon="-74.01501633955657"><time>2026-07-14T22:53:32Z</time></trkpt><trkpt lat="40.743790458077335" lon="-74.01499168747044"><time>2026-07-14T22:53:33Z</time></trkpt><trkpt lat="40.74377910543317" lon="-74.01496547209067"><time>2026-07-14T22:53:34Z</time></trkpt><trkpt lat="40.74376699982543" lon="-74.0149419417586"><time>2026-07-14T22:53:35Z</time></trkpt><trkpt lat="40.743751394832984" lon="-74.01492078160346"><time>2026-07-14T22:53:36Z</time></trkpt><trkpt lat="40.74373224840137" lon="-74.01489884609977"><time>2026-07-14T22:53:37Z</time></trkpt><trkpt lat="40.743711726461015" lon="-74.01488186965247"><time>2026-07-14T22:53:38Z</time></trkpt><trkpt lat="40.74369423536582" lon="-74.01486318725891"><time>2026-07-14T22:53:39Z</time></trkpt><trkpt lat="40.743676495943205" lon="-74.01484795823033"><time>2026-07-14T22:53:40Z</time></trkpt><trkpt lat="40.74365647848273" lon="-74.01482701295755"><time>2026-07-14T22:53:41Z</time></trkpt><trkpt lat="40.743634834150825" lon="-74.01480757172024"><time>2026-07-14T22:53:42Z</time></trkpt><trkpt lat="40.74361018405162" lon="-74.0147866655936"><time>2026-07-14T22:53:43Z</time></trkpt><trkpt lat="40.743586498777184" lon="-74.01477437861587"><time>2026-07-14T22:53:44Z</time></trkpt><trkpt lat="40.743560669550845" lon="-74.0147577038052"><time>2026-07-14T22:53:45Z</time></trkpt><trkpt lat="40.74353657222712" lon="-74.01473848038667"><time>2026-07-14T22:53:46Z</time></trkpt><trkpt lat="40.74351425334843" lon="-74.01471708113937"><time>2026-07-14T22:53:47Z</time></trkpt><trkpt lat="40.74349416230425" lon="-74.01470055430178"><time>2026-07-14T22:53:48Z</time></trkpt><trkpt lat="40.74347223443165" lon="-74.01468084255822"><time>2026-07-14T22:53:49Z</time></trkpt><trkpt lat="40.743452223364386" lon="-74.01465522900494"><time>2026-07-14T22:53:50Z</time></trkpt><trkpt lat="40.743432587261346" lon="-74.01463064675463"><time>2026-07-14T22:53:51Z</time></trkpt><trkpt lat="40.743415538409494" lon="-74.01460780815745"><time>2026-07-14T22:53:52Z</time></trkpt><trkpt lat="40.74339869627435" lon="-74.01458713817054"><time>2026-07-14T22:53:53Z</time></trkpt><trkpt lat="40.74338010086827" lon="-74.01456557660977"><time>2026-07-14T22:53:54Z</time></trkpt><trkpt lat="40.74336185240435" lon="-74.01454050441102"><time>2026-07-14T22:53:55Z</time></trkpt><trkpt lat="40.743346040828214" lon="-74.01451397474779"><time>2026-07-14T22:53:56Z</time></trkpt><trkpt lat="40.74332630439715" lon="-74.01448754251919"><time>2026-07-14T22:53:57Z</time></trkpt><trkpt lat="40.74330428355342" lon="-74.0144617475465"><time>2026-07-14T22:53:58Z</time></trkpt><trkpt lat="40.74328276193796" lon="-74.01443697836582"><time>2026-07-14T22:53:59Z</time></trkpt><trkpt lat="40.74326245453067" lon="-74.01441376093571"><time>2026-07-14T22:54:00Z</time></trkpt><trkpt lat="40.743243354142855" lon="-74.01438858108126"><time>2026-07-14T22:54:01Z</time></trkpt><trkpt lat="40.74322520320746" lon="-74.01436650154999"><time>2026-07-14T22:54:02Z</time></trkpt><trkpt lat="40.743207193821966" lon="-74.01434607909873"><time>2026-07-14T22:54:03Z</time></trkpt><trkpt lat="40.7431881797706" lon="-74.01432586105675"><time>2026-07-14T22:54:04Z</time></trkpt><trkpt lat="40.743166371270604" lon="-74.01430027789668"><time>2026-07-14T22:54:05Z</time></trkpt><trkpt lat="40.743147641418496" lon="-74.01427240236241"><time>2026-07-14T22:54:06Z</time></trkpt><trkpt lat="40.74312637707232" lon="-74.01424920834758"><time>2026-07-14T22:54:07Z</time></trkpt><trkpt lat="40.74310751012249" lon="-74.01422696701991"><time>2026-07-14T22:54:08Z</time></trkpt><trkpt lat="40.743089491908414" lon="-74.01420190057233"><time>2026-07-14T22:54:09Z</time></trkpt><trkpt lat="40.74307165321251" lon="-74.01417603708605"><time>2026-07-14T22:54:10Z</time></trkpt><trkpt lat="40.74305144387162" lon="-74.01414945554076"><time>2026-07-14T22:54:11Z</time></trkpt><trkpt lat="40.74302787023947" lon="-74.01412150089423"><time>2026-07-14T22:54:12Z</time></trkpt><trkpt lat="40.743002649112924" lon="-74.01409562767556"><time>2026-07-14T22:54:13Z</time></trkpt><trkpt lat="40.74298081627085" lon="-74.01407508944318"><time>2026-07-14T22:54:14Z</time></trkpt><trkpt lat="40.74295828026417" lon="-74.0140484752425"><time>2026-07-14T22:54:15Z</time></trkpt><trkpt lat="40.74293405087807" lon="-74.01401896020852"><time>2026-07-14T22:54:16Z</time></trkpt><trkpt lat="40.74291025881402" lon="-74.01399464356186"><time>2026-07-14T22:54:17Z</time></trkpt><trkpt lat="40.74288969597523" lon="-74.01396596796717"><time>2026-07-14T22:54:18Z</time></trkpt><trkpt lat="40.742857177512796" lon="-74.01391439781717"><time>2026-07-14T22:54:20Z</time></trkpt><trkpt lat="40.74283973217782" lon="-74.01388216119615"><time>2026-07-14T22:54:21Z</time></trkpt><trkpt lat="40.74282256341784" lon="-74.01385580707031"><time>2026-07-14T22:54:22Z</time></trkpt><trkpt lat="40.74280706006879" lon="-74.0138255308702"><time>2026-07-14T22:54:23Z</time></trkpt><trkpt lat="40.742789876379845" lon="-74.01379249926904"><time>2026-07-14T22:54:24Z</time></trkpt><trkpt lat="40.742773954613554" lon="-74.01376001941415"><time>2026-07-14T22:54:25Z</time></trkpt><trkpt lat="40.74275447485389" lon="-74.01373192356384"><time>2026-07-14T22:54:26Z</time></trkpt><trkpt lat="40.74273673779648" lon="-74.01370288506507"><time>2026-07-14T22:54:27Z</time></trkpt><trkpt lat="40.74272035894679" lon="-74.01367190649674"><time>2026-07-14T22:54:28Z</time></trkpt><trkpt lat="40.742701564905005" lon="-74.01364452196425"><time>2026-07-14T22:54:29Z</time></trkpt><trkpt lat="40.74268404500186" lon="-74.0136220294929"><time>2026-07-14T22:54:30Z</time></trkpt><trkpt lat="40.74266547688487" lon="-74.01359919258105"><time>2026-07-14T22:54:31Z</time></trkpt><trkpt lat="40.74265219016974" lon="-74.01356884095344"><time>2026-07-14T22:54:32Z</time></trkpt><trkpt lat="40.74263241853236" lon="-74.0135402506341"><time>2026-07-14T22:54:33Z</time></trkpt><trkpt lat="40.7426148876138" lon="-74.01351460812828"><time>2026-07-14T22:54:34Z</time></trkpt><trkpt lat="40.74259408942474" lon="-74.01349055521291"><time>2026-07-14T22:54:35Z</time></trkpt><trkpt lat="40.7425730518751" lon="-74.0134714647691"><time>2026-07-14T22:54:36Z</time></trkpt><trkpt lat="40.742552440247756" lon="-74.01345090705827"><time>2026-07-14T22:54:37Z</time></trkpt><trkpt lat="40.742533499021725" lon="-74.01342842411353"><time>2026-07-14T22:54:38Z</time></trkpt><trkpt lat="40.742513309194564" lon="-74.01340840874627"><time>2026-07-14T22:54:39Z</time></trkpt><trkpt lat="40.7424895141979" lon="-74.01339227773298"><time>2026-07-14T22:54:40Z</time></trkpt><trkpt lat="40.742462296214725" lon="-74.01338333012797"><time>2026-07-14T22:54:41Z</time></trkpt><trkpt lat="40.742434398323084" lon="-74.01338160793932"><time>2026-07-14T22:54:42Z</time></trkpt><trkpt lat="40.74240784941195" lon="-74.01338479327951"><time>2026-07-14T22:54:43Z</time></trkpt><trkpt lat="40.742380632147785" lon="-74.01338473917899"><time>2026-07-14T22:54:44Z</time></trkpt><trkpt lat="40.74235614293167" lon="-74.01338216191891"><time>2026-07-14T22:54:45Z</time></trkpt><trkpt lat="40.74232844841064" lon="-74.01336778450927"><time>2026-07-14T22:54:46Z</time></trkpt><trkpt lat="40.74230424702971" lon="-74.01335448847001"><time>2026-07-14T22:54:47Z</time></trkpt><trkpt lat="40.74227903199637" lon="-74.0133375619437"><time>2026-07-14T22:54:48Z</time></trkpt><trkpt lat="40.7422579237403" lon="-74.01331886028838"><time>2026-07-14T22:54:49Z</time></trkpt><trkpt lat="40.74223440612921" lon="-74.01330608083808"><time>2026-07-14T22:54:50Z</time></trkpt><trkpt lat="40.74221178601164" lon="-74.01329614371788"><time>2026-07-14T22:54:51Z</time></trkpt><trkpt lat="40.742191450909566" lon="-74.01329577920801"><time>2026-07-14T22:54:52Z</time></trkpt><trkpt lat="40.74216660517086" lon="-74.01330512085168"><time>2026-07-14T22:54:53Z</time></trkpt><trkpt lat="40.74214530566185" lon="-74.01331866331029"><time>2026-07-14T22:54:54Z</time></trkpt><trkpt lat="40.74214270150302" lon="-74.0133446970395"><time>2026-07-14T22:54:55Z</time></trkpt><trkpt lat="40.742143772946676" lon="-74.01337130502259"><time>2026-07-14T22:54:56Z</time></trkpt><trkpt lat="40.74215665158357" lon="-74.01341003675492"><time>2026-07-14T22:54:58Z</time></trkpt><trkpt lat="40.742182810913064" lon="-74.01343934942932"><time>2026-07-14T22:55:00Z</time></trkpt><trkpt lat="40.74220038453203" lon="-74.01346560319423"><time>2026-07-14T22:55:02Z</time></trkpt><trkpt lat="40.74221156003471" lon="-74.01348700112736"><time>2026-07-14T22:55:03Z</time></trkpt><trkpt lat="40.74222862173906" lon="-74.01350315889952"><time>2026-07-14T22:55:04Z</time></trkpt><trkpt lat="40.74224025924401" lon="-74.0135222795028"><time>2026-07-14T22:55:05Z</time></trkpt><trkpt lat="40.74226719813541" lon="-74.01354388282702"><time>2026-07-14T22:55:07Z</time></trkpt><trkpt lat="40.74229701782384" lon="-74.01358079446713"><time>2026-07-14T22:55:09Z</time></trkpt><trkpt lat="40.74232561479155" lon="-74.01361008980979"><time>2026-07-14T22:55:11Z</time></trkpt><trkpt lat="40.74234218398382" lon="-74.01362799787819"><time>2026-07-14T22:55:12Z</time></trkpt><trkpt lat="40.74235666157416" lon="-74.01364555573176"><time>2026-07-14T22:55:13Z</time></trkpt><trkpt lat="40.742388082274786" lon="-74.01366742147967"><time>2026-07-14T22:55:15Z</time></trkpt><trkpt lat="40.742407017059215" lon="-74.01368710010276"><time>2026-07-14T22:55:16Z</time></trkpt><trkpt lat="40.74242565495829" lon="-74.01370188629464"><time>2026-07-14T22:55:17Z</time></trkpt><trkpt lat="40.74244443109514" lon="-74.01371717131849"><time>2026-07-14T22:55:18Z</time></trkpt><trkpt lat="40.74246324027567" lon="-74.01373440237137"><time>2026-07-14T22:55:19Z</time></trkpt><trkpt lat="40.74248181125054" lon="-74.01375456220617"><time>2026-07-14T22:55:20Z</time></trkpt><trkpt lat="40.74250778397033" lon="-74.01376625310449"><time>2026-07-14T22:55:21Z</time></trkpt><trkpt lat="40.74252383039761" lon="-74.01379217188514"><time>2026-07-14T22:55:22Z</time></trkpt><trkpt lat="40.74254453883484" lon="-74.01381157296818"><time>2026-07-14T22:55:23Z</time></trkpt><trkpt lat="40.74256916473224" lon="-74.01383340586959"><time>2026-07-14T22:55:24Z</time></trkpt><trkpt lat="40.74258890487911" lon="-74.01385601843857"><time>2026-07-14T22:55:25Z</time></trkpt><trkpt lat="40.74260877999533" lon="-74.01387213078745"><time>2026-07-14T22:55:26Z</time></trkpt><trkpt lat="40.742637879477414" lon="-74.01388848954096"><time>2026-07-14T22:55:27Z</time></trkpt><trkpt lat="40.74266167386807" lon="-74.01390850738807"><time>2026-07-14T22:55:28Z</time></trkpt><trkpt lat="40.74268398725041" lon="-74.0139329951498"><time>2026-07-14T22:55:29Z</time></trkpt><trkpt lat="40.74271556985352" lon="-74.01396613832098"><time>2026-07-14T22:55:30Z</time></trkpt><trkpt lat="40.742743204436564" lon="-74.01397487929255"><time>2026-07-14T22:55:31Z</time></trkpt><trkpt lat="40.742767480697744" lon="-74.01400330921761"><time>2026-07-14T22:55:32Z</time></trkpt><trkpt lat="40.742798336325734" lon="-74.0140215397355"><time>2026-07-14T22:55:33Z</time></trkpt><trkpt lat="40.74282748540226" lon="-74.0140399980342"><time>2026-07-14T22:55:34Z</time></trkpt><trkpt lat="40.74285230735176" lon="-74.01405825266703"><time>2026-07-14T22:55:35Z</time></trkpt><trkpt lat="40.74287843933887" lon="-74.01407302806193"><time>2026-07-14T22:55:36Z</time></trkpt><trkpt lat="40.74290732620299" lon="-74.01408965903978"><time>2026-07-14T22:55:37Z</time></trkpt><trkpt lat="40.742937031960686" lon="-74.01410865181873"><time>2026-07-14T22:55:38Z</time></trkpt><trkpt lat="40.742967108328294" lon="-74.01412844533334"><time>2026-07-14T22:55:39Z</time></trkpt><trkpt lat="40.74299481384437" lon="-74.01414842715316"><time>2026-07-14T22:55:40Z</time></trkpt><trkpt lat="40.743027004374284" lon="-74.01416813072309"><time>2026-07-14T22:55:41Z</time></trkpt><trkpt lat="40.743058313363186" lon="-74.01419087319097"><time>2026-07-14T22:55:42Z</time></trkpt><trkpt lat="40.743082010090355" lon="-74.01421415877613"><time>2026-07-14T22:55:43Z</time></trkpt><trkpt lat="40.74310909708448" lon="-74.01423853904883"><time>2026-07-14T22:55:44Z</time></trkpt><trkpt lat="40.74313393078014" lon="-74.0142613959551"><time>2026-07-14T22:55:45Z</time></trkpt><trkpt lat="40.74315717904208" lon="-74.01428857851047"><time>2026-07-14T22:55:46Z</time></trkpt><trkpt lat="40.74318030261128" lon="-74.01431280011741"><time>2026-07-14T22:55:47Z</time></trkpt><trkpt lat="40.74320491228409" lon="-74.01433775127487"><time>2026-07-14T22:55:48Z</time></trkpt><trkpt lat="40.74323082416877" lon="-74.01436046327137"><time>2026-07-14T22:55:49Z</time></trkpt><trkpt lat="40.74325626469431" lon="-74.0143825886989"><time>2026-07-14T22:55:50Z</time></trkpt><trkpt lat="40.74328306517741" lon="-74.01440326427256"><time>2026-07-14T22:55:51Z</time></trkpt><trkpt lat="40.7433074374409" lon="-74.01443049687909"><time>2026-07-14T22:55:52Z</time></trkpt><trkpt lat="40.74332945150669" lon="-74.01445620220109"><time>2026-07-14T22:55:53Z</time></trkpt><trkpt lat="40.743352779638215" lon="-74.01447988965275"><time>2026-07-14T22:55:54Z</time></trkpt><trkpt lat="40.743377100490875" lon="-74.01450456607003"><time>2026-07-14T22:55:55Z</time></trkpt><trkpt lat="40.743405279014205" lon="-74.01452804951562"><time>2026-07-14T22:55:56Z</time></trkpt><trkpt lat="40.74343239220822" lon="-74.01454998597558"><time>2026-07-14T22:55:57Z</time></trkpt><trkpt lat="40.74345980067454" lon="-74.0145699377714"><time>2026-07-14T22:55:58Z</time></trkpt><trkpt lat="40.74348588226688" lon="-74.01459102613464"><time>2026-07-14T22:55:59Z</time></trkpt><trkpt lat="40.743514521810596" lon="-74.0146078921316"><time>2026-07-14T22:56:00Z</time></trkpt><trkpt lat="40.74354157722724" lon="-74.01462581064001"><time>2026-07-14T22:56:01Z</time></trkpt><trkpt lat="40.743568931168916" lon="-74.01464467031532"><time>2026-07-14T22:56:02Z</time></trkpt><trkpt lat="40.74359547035756" lon="-74.01466699391165"><time>2026-07-14T22:56:03Z</time></trkpt><trkpt lat="40.74361960197262" lon="-74.01469474773887"><time>2026-07-14T22:56:04Z</time></trkpt><trkpt lat="40.74364112328308" lon="-74.01472152818526"><time>2026-07-14T22:56:05Z</time></trkpt><trkpt lat="40.74366088660382" lon="-74.01474888035239"><time>2026-07-14T22:56:06Z</time></trkpt><trkpt lat="40.743683604497186" lon="-74.01477709501651"><time>2026-07-14T22:56:07Z</time></trkpt><trkpt lat="40.74370823721593" lon="-74.01480604030483"><time>2026-07-14T22:56:08Z</time></trkpt><trkpt lat="40.74373305566681" lon="-74.01483702731609"><time>2026-07-14T22:56:09Z</time></trkpt><trkpt lat="40.74375999543606" lon="-74.01486199371514"><time>2026-07-14T22:56:10Z</time></trkpt><trkpt lat="40.743783638350486" lon="-74.01488557122192"><time>2026-07-14T22:56:11Z</time></trkpt><trkpt lat="40.743808566706946" lon="-74.01490767318955"><time>2026-07-14T22:56:12Z</time></trkpt><trkpt lat="40.743835349849284" lon="-74.01492890189141"><time>2026-07-14T22:56:13Z</time></trkpt><trkpt lat="40.743862949658705" lon="-74.01494924271113"><time>2026-07-14T22:56:14Z</time></trkpt><trkpt lat="40.74389047380922" lon="-74.01496976835074"><time>2026-07-14T22:56:15Z</time></trkpt><trkpt lat="40.743917834730624" lon="-74.0149861972525"><time>2026-07-14T22:56:16Z</time></trkpt><trkpt lat="40.743946276281534" lon="-74.0150015793098"><time>2026-07-14T22:56:17Z</time></trkpt><trkpt lat="40.7439706867475" lon="-74.01502313833102"><time>2026-07-14T22:56:18Z</time></trkpt><trkpt lat="40.74399073912586" lon="-74.01504855651667"><time>2026-07-14T22:56:19Z</time></trkpt><trkpt lat="40.744009797692975" lon="-74.01508464064504"><time>2026-07-14T22:56:20Z</time></trkpt><trkpt lat="40.74404283896811" lon="-74.01509672029236"><time>2026-07-14T22:56:21Z</time></trkpt><trkpt lat="40.74406620520211" lon="-74.01511749883858"><time>2026-07-14T22:56:22Z</time></trkpt><trkpt lat="40.744091980265026" lon="-74.01514486152608"><time>2026-07-14T22:56:23Z</time></trkpt><trkpt lat="40.744114303859085" lon="-74.01516545926549"><time>2026-07-14T22:56:24Z</time></trkpt><trkpt lat="40.744129128748554" lon="-74.0151906867384"><time>2026-07-14T22:56:25Z</time></trkpt><trkpt lat="40.744153703048894" lon="-74.01521717076753"><time>2026-07-14T22:56:26Z</time></trkpt><trkpt lat="40.744188257680186" lon="-74.0152182730339"><time>2026-07-14T22:56:27Z</time></trkpt><trkpt lat="40.74422455954561" lon="-74.01525254042723"><time>2026-07-14T22:56:28Z</time></trkpt><trkpt lat="40.74425648263025" lon="-74.01526475366197"><time>2026-07-14T22:56:29Z</time></trkpt><trkpt lat="40.74427990316241" lon="-74.01529680491474"><time>2026-07-14T22:56:30Z</time></trkpt><trkpt lat="40.74429952755141" lon="-74.01532615449467"><time>2026-07-14T22:56:31Z</time></trkpt><trkpt lat="40.74433229361166" lon="-74.01534848832107"><time>2026-07-14T22:56:32Z</time></trkpt><trkpt lat="40.74435920035933" lon="-74.01537939078804"><time>2026-07-14T22:56:33Z</time></trkpt><trkpt lat="40.74438747283221" lon="-74.01540314692735"><time>2026-07-14T22:56:34Z</time></trkpt><trkpt lat="40.7444147675052" lon="-74.01543149033145"><time>2026-07-14T22:56:35Z</time></trkpt><trkpt lat="40.74443871971863" lon="-74.01546671033887"><time>2026-07-14T22:56:36Z</time></trkpt><trkpt lat="40.744452272714526" lon="-74.01549691864915"><time>2026-07-14T22:56:37Z</time></trkpt><trkpt lat="40.74447682899154" lon="-74.01553240462829"><time>2026-07-14T22:56:38Z</time></trkpt><trkpt lat="40.74449845953938" lon="-74.01556369045522"><time>2026-07-14T22:56:39Z</time></trkpt><trkpt lat="40.74451533837234" lon="-74.0155917245448"><time>2026-07-14T22:56:40Z</time></trkpt><trkpt lat="40.74453977488318" lon="-74.01561973977574"><time>2026-07-14T22:56:41Z</time></trkpt><trkpt lat="40.74456418987235" lon="-74.01564792427452"><time>2026-07-14T22:56:42Z</time></trkpt><trkpt lat="40.74458022687659" lon="-74.01568406025483"><time>2026-07-14T22:56:43Z</time></trkpt><trkpt lat="40.74459784921391" lon="-74.01571997300869"><time>2026-07-14T22:56:44Z</time></trkpt><trkpt lat="40.74461497726927" lon="-74.01575875529895"><time>2026-07-14T22:56:45Z</time></trkpt><trkpt lat="40.74463395806213" lon="-74.01579511683303"><time>2026-07-14T22:56:46Z</time></trkpt><trkpt lat="40.744649985602756" lon="-74.01582993788675"><time>2026-07-14T22:56:47Z</time></trkpt><trkpt lat="40.744669302739055" lon="-74.01586233818621"><time>2026-07-14T22:56:48Z</time></trkpt><trkpt lat="40.744690120432956" lon="-74.01589638081299"><time>2026-07-14T22:56:49Z</time></trkpt><trkpt lat="40.74470645519647" lon="-74.01592916030617"><time>2026-07-14T22:56:50Z</time></trkpt><trkpt lat="40.74472145384104" lon="-74.01596262488476"><time>2026-07-14T22:56:51Z</time></trkpt><trkpt lat="40.744737933842394" lon="-74.01599504868518"><time>2026-07-14T22:56:52Z</time></trkpt><trkpt lat="40.7447542038767" lon="-74.01601267380613"><time>2026-07-14T22:56:53Z</time></trkpt><trkpt lat="40.74476870357153" lon="-74.01604463212148"><time>2026-07-14T22:56:54Z</time></trkpt><trkpt lat="40.74478710881466" lon="-74.01606554112914"><time>2026-07-14T22:56:55Z</time></trkpt><trkpt lat="40.74481265077581" lon="-74.01609572756028"><time>2026-07-14T22:56:56Z</time></trkpt><trkpt lat="40.744835028920015" lon="-74.01612106491406"><time>2026-07-14T22:56:57Z</time></trkpt><trkpt lat="40.744857357721344" lon="-74.01615424758823"><time>2026-07-14T22:56:58Z</time></trkpt><trkpt lat="40.744873049105536" lon="-74.01618518049443"><time>2026-07-14T22:56:59Z</time></trkpt><trkpt lat="40.744888493178784" lon="-74.0162163252079"><time>2026-07-14T22:57:00Z</time></trkpt><trkpt lat="40.7449052489688" lon="-74.01624594748479"><time>2026-07-14T22:57:01Z</time></trkpt><trkpt lat="40.74492278896072" lon="-74.01627480910626"><time>2026-07-14T22:57:02Z</time></trkpt><trkpt lat="40.744943553033" lon="-74.01630808645058"><time>2026-07-14T22:57:03Z</time></trkpt><trkpt lat="40.744966637792494" lon="-74.01633702916088"><time>2026-07-14T22:57:04Z</time></trkpt><trkpt lat="40.744985628215815" lon="-74.01636918236751"><time>2026-07-14T22:57:05Z</time></trkpt><trkpt lat="40.7449999321566" lon="-74.01640640705989"><time>2026-07-14T22:57:06Z</time></trkpt><trkpt lat="40.745015609984186" lon="-74.016438773641"><time>2026-07-14T22:57:07Z</time></trkpt><trkpt lat="40.74503536003907" lon="-74.01647155574851"><time>2026-07-14T22:57:08Z</time></trkpt><trkpt lat="40.745053794273595" lon="-74.01650343531759"><time>2026-07-14T22:57:09Z</time></trkpt><trkpt lat="40.745072052737946" lon="-74.01653487407243"><time>2026-07-14T22:57:10Z</time></trkpt><trkpt lat="40.74508494111999" lon="-74.01657026197051"><time>2026-07-14T22:57:11Z</time></trkpt><trkpt lat="40.7450988627972" lon="-74.01660011053224"><time>2026-07-14T22:57:12Z</time></trkpt><trkpt lat="40.74511668049139" lon="-74.01662484785226"><time>2026-07-14T22:57:13Z</time></trkpt><trkpt lat="40.74513679301033" lon="-74.01664905242329"><time>2026-07-14T22:57:14Z</time></trkpt><trkpt lat="40.74514853075457" lon="-74.01668241268858"><time>2026-07-14T22:57:15Z</time></trkpt><trkpt lat="40.745166713802476" lon="-74.01670789107798"><time>2026-07-14T22:57:16Z</time></trkpt><trkpt lat="40.74518051658505" lon="-74.01673968433884"><time>2026-07-14T22:57:17Z</time></trkpt><trkpt lat="40.74519527501684" lon="-74.01677319617436"><time>2026-07-14T22:57:18Z</time></trkpt><trkpt lat="40.74521042059781" lon="-74.01679977269114"><time>2026-07-14T22:57:19Z</time></trkpt><trkpt lat="40.745226775525005" lon="-74.01683253718868"><time>2026-07-14T22:57:20Z</time></trkpt><trkpt lat="40.74524186100161" lon="-74.01685812905586"><time>2026-07-14T22:57:21Z</time></trkpt><trkpt lat="40.74525269267954" lon="-74.0168870007534"><time>2026-07-14T22:57:22Z</time></trkpt><trkpt lat="40.745262912233216" lon="-74.01691705978179"><time>2026-07-14T22:57:23Z</time></trkpt><trkpt lat="40.74527577735787" lon="-74.01694591338793"><time>2026-07-14T22:57:24Z</time></trkpt><trkpt lat="40.74528758008955" lon="-74.01697428849316"><time>2026-07-14T22:57:25Z</time></trkpt><trkpt lat="40.74530141199661" lon="-74.01701067230033"><time>2026-07-14T22:57:26Z</time></trkpt><trkpt lat="40.745312801307556" lon="-74.0170432890954"><time>2026-07-14T22:57:27Z</time></trkpt><trkpt lat="40.745323616152774" lon="-74.01707026148817"><time>2026-07-14T22:57:28Z</time></trkpt><trkpt lat="40.74533539212675" lon="-74.01710239677325"><time>2026-07-14T22:57:29Z</time></trkpt><trkpt lat="40.74535009961455" lon="-74.01712827263476"><time>2026-07-14T22:57:30Z</time></trkpt><trkpt lat="40.74536033285049" lon="-74.01715980059706"><time>2026-07-14T22:57:31Z</time></trkpt><trkpt lat="40.74537407837879" lon="-74.01718945021159"><time>2026-07-14T22:57:32Z</time></trkpt><trkpt lat="40.74538638483998" lon="-74.01722201909509"><time>2026-07-14T22:57:33Z</time></trkpt><trkpt lat="40.74539869853877" lon="-74.01725292362936"><time>2026-07-14T22:57:34Z</time></trkpt><trkpt lat="40.745396117443505" lon="-74.01728153190058"><time>2026-07-14T22:57:35Z</time></trkpt><trkpt lat="40.74541371550144" lon="-74.01730701802364"><time>2026-07-14T22:57:36Z</time></trkpt><trkpt lat="40.74541792118184" lon="-74.01733608496747"><time>2026-07-14T22:57:37Z</time></trkpt><trkpt lat="40.745409906195164" lon="-74.01737357616513"><time>2026-07-14T22:57:39Z</time></trkpt><trkpt lat="40.745388056638355" lon="-74.01737261162255"><time>2026-07-14T22:57:40Z</time></trkpt><trkpt lat="40.745366579524" lon="-74.01737990874418"><time>2026-07-14T22:57:42Z</time></trkpt><trkpt lat="40.74534269213845" lon="-74.01737471486517"><time>2026-07-14T22:57:44Z</time></trkpt><trkpt lat="40.74531645928935" lon="-74.01735644439722"><time>2026-07-14T22:57:46Z</time></trkpt><trkpt lat="40.74529739295013" lon="-74.01733316030773"><time>2026-07-14T22:57:48Z</time></trkpt><trkpt lat="40.7452740109444" lon="-74.01730247851495"><time>2026-07-14T22:57:50Z</time></trkpt><trkpt lat="40.745257292044535" lon="-74.01729123393967"><time>2026-07-14T22:57:51Z</time></trkpt><trkpt lat="40.74524155707718" lon="-74.01727186463948"><time>2026-07-14T22:57:52Z</time></trkpt><trkpt lat="40.74522729692297" lon="-74.01724581278636"><time>2026-07-14T22:57:53Z</time></trkpt><trkpt lat="40.74521002703992" lon="-74.01722095257861"><time>2026-07-14T22:57:54Z</time></trkpt><trkpt lat="40.74518534620665" lon="-74.01718323570262"><time>2026-07-14T22:57:56Z</time></trkpt><trkpt lat="40.74516867160515" lon="-74.0171632693062"><time>2026-07-14T22:57:57Z</time></trkpt><trkpt lat="40.74515151040101" lon="-74.01714241422106"><time>2026-07-14T22:57:58Z</time></trkpt><trkpt lat="40.74513638830236" lon="-74.01712117805965"><time>2026-07-14T22:57:59Z</time></trkpt><trkpt lat="40.745121404518414" lon="-74.0170967769954"><time>2026-07-14T22:58:00Z</time></trkpt><trkpt lat="40.74510750870877" lon="-74.01707002617943"><time>2026-07-14T22:58:01Z</time></trkpt><trkpt lat="40.745094890844825" lon="-74.01703951509947"><time>2026-07-14T22:58:02Z</time></trkpt><trkpt lat="40.74508017544371" lon="-74.01701545690483"><time>2026-07-14T22:58:03Z</time></trkpt><trkpt lat="40.745064547198204" lon="-74.01698917359003"><time>2026-07-14T22:58:04Z</time></trkpt><trkpt lat="40.74504412968663" lon="-74.01696720844434"><time>2026-07-14T22:58:05Z</time></trkpt><trkpt lat="40.74501980068331" lon="-74.01694653416872"><time>2026-07-14T22:58:06Z</time></trkpt><trkpt lat="40.74499810693479" lon="-74.01694248802595"><time>2026-07-14T22:58:07Z</time></trkpt><trkpt lat="40.74497550121238" lon="-74.01692794702505"><time>2026-07-14T22:58:08Z</time></trkpt><trkpt lat="40.74495073643646" lon="-74.01692117150664"><time>2026-07-14T22:58:09Z</time></trkpt><trkpt lat="40.74492903053257" lon="-74.01690394377255"><time>2026-07-14T22:58:10Z</time></trkpt><trkpt lat="40.74490697019343" lon="-74.01688508816595"><time>2026-07-14T22:58:11Z</time></trkpt><trkpt lat="40.74488322057221" lon="-74.01686237831777"><time>2026-07-14T22:58:12Z</time></trkpt><trkpt lat="40.744857932612646" lon="-74.01684201630374"><time>2026-07-14T22:58:13Z</time></trkpt><trkpt lat="40.74483575178613" lon="-74.01681971374657"><time>2026-07-14T22:58:14Z</time></trkpt><trkpt lat="40.744814390839636" lon="-74.01680129553091"><time>2026-07-14T22:58:15Z</time></trkpt><trkpt lat="40.744793663889624" lon="-74.016792763919"><time>2026-07-14T22:58:16Z</time></trkpt><trkpt lat="40.74477322572965" lon="-74.01677659529003"><time>2026-07-14T22:58:17Z</time></trkpt><trkpt lat="40.74475240828904" lon="-74.01676523731443"><time>2026-07-14T22:58:18Z</time></trkpt><trkpt lat="40.74473444090788" lon="-74.0167634100589"><time>2026-07-14T22:58:19Z</time></trkpt><trkpt lat="40.74470426621559" lon="-74.0167961297"><time>2026-07-14T22:58:21Z</time></trkpt><trkpt lat="40.74469517336234" lon="-74.01683307481454"><time>2026-07-14T22:58:23Z</time></trkpt><trkpt lat="40.74470824565516" lon="-74.01685884590249"><time>2026-07-14T22:58:24Z</time></trkpt><trkpt lat="40.74471742603676" lon="-74.01688240610203"><time>2026-07-14T22:58:25Z</time></trkpt><trkpt lat="40.74473024473092" lon="-74.0169018979714"><time>2026-07-14T22:58:26Z</time></trkpt><trkpt lat="40.74474499672394" lon="-74.01692213266863"><time>2026-07-14T22:58:27Z</time></trkpt><trkpt lat="40.744762113355804" lon="-74.01694488516955"><time>2026-07-14T22:58:28Z</time></trkpt><trkpt lat="40.74477651206254" lon="-74.01696321225188"><time>2026-07-14T22:58:29Z</time></trkpt><trkpt lat="40.744796758860076" lon="-74.01698313288136"><time>2026-07-14T22:58:30Z</time></trkpt><trkpt lat="40.744812485214766" lon="-74.01700172006892"><time>2026-07-14T22:58:31Z</time></trkpt><trkpt lat="40.74483116670995" lon="-74.01702304565903"><time>2026-07-14T22:58:32Z</time></trkpt><trkpt lat="40.74485257158318" lon="-74.01705381063603"><time>2026-07-14T22:58:33Z</time></trkpt><trkpt lat="40.744868307451476" lon="-74.01707838291594"><time>2026-07-14T22:58:34Z</time></trkpt><trkpt lat="40.74488467278471" lon="-74.0171026250175"><time>2026-07-14T22:58:35Z</time></trkpt><trkpt lat="40.74490783360259" lon="-74.01711859372382"><time>2026-07-14T22:58:36Z</time></trkpt><trkpt lat="40.74493374949931" lon="-74.01713862190563"><time>2026-07-14T22:58:37Z</time></trkpt><trkpt lat="40.744960579740024" lon="-74.01715650775533"><time>2026-07-14T22:58:38Z</time></trkpt><trkpt lat="40.744988680557206" lon="-74.01718247786577"><time>2026-07-14T22:58:39Z</time></trkpt><trkpt lat="40.74501381533973" lon="-74.0172100020467"><time>2026-07-14T22:58:40Z</time></trkpt><trkpt lat="40.74503477150301" lon="-74.0172396063056"><time>2026-07-14T22:58:41Z</time></trkpt><trkpt lat="40.74505627101732" lon="-74.01726508324248"><time>2026-07-14T22:58:42Z</time></trkpt><trkpt lat="40.745080356504516" lon="-74.01728593856335"><time>2026-07-14T22:58:43Z</time></trkpt><trkpt lat="40.745103988672106" lon="-74.01731151974155"><time>2026-07-14T22:58:44Z</time></trkpt><trkpt lat="40.7451332386197" lon="-74.01734393187397"><time>2026-07-14T22:58:45Z</time></trkpt><trkpt lat="40.745160423135474" lon="-74.01736386955245"><time>2026-07-14T22:58:46Z</time></trkpt><trkpt lat="40.74518380875525" lon="-74.01739978132335"><time>2026-07-14T22:58:47Z</time></trkpt><trkpt lat="40.745207072963886" lon="-74.01743487309687"><time>2026-07-14T22:58:48Z</time></trkpt><trkpt lat="40.745234423591924" lon="-74.01746526683617"><time>2026-07-14T22:58:49Z</time></trkpt><trkpt lat="40.745257697940154" lon="-74.01749492948339"><time>2026-07-14T22:58:50Z</time></trkpt><trkpt lat="40.74528283363911" lon="-74.01752181229418"><time>2026-07-14T22:58:51Z</time></trkpt><trkpt lat="40.745303682673416" lon="-74.01754999578358"><time>2026-07-14T22:58:52Z</time></trkpt><trkpt lat="40.745325413238255" lon="-74.01757751705479"><time>2026-07-14T22:58:53Z</time></trkpt><trkpt lat="40.74534719128073" lon="-74.0176033983528"><time>2026-07-14T22:58:54Z</time></trkpt><trkpt lat="40.74537181078678" lon="-74.01762993192558"><time>2026-07-14T22:58:55Z</time></trkpt><trkpt lat="40.74539633198642" lon="-74.0176592813311"><time>2026-07-14T22:58:56Z</time></trkpt><trkpt lat="40.74541251170899" lon="-74.01769176784649"><time>2026-07-14T22:58:57Z</time></trkpt><trkpt lat="40.745435741876875" lon="-74.0177240664613"><time>2026-07-14T22:58:58Z</time></trkpt><trkpt lat="40.745456495177585" lon="-74.0177536894824"><time>2026-07-14T22:58:59Z</time></trkpt><trkpt lat="40.745470477003934" lon="-74.01777270855168"><time>2026-07-14T22:59:00Z</time></trkpt><trkpt lat="40.74548009728349" lon="-74.01780067858401"><time>2026-07-14T22:59:01Z</time></trkpt><trkpt lat="40.74547413559606" lon="-74.01782911880964"><time>2026-07-14T22:59:02Z</time></trkpt><trkpt lat="40.745461963322946" lon="-74.01785700824148"><time>2026-07-14T22:59:03Z</time></trkpt><trkpt lat="40.74544303775766" lon="-74.01786051940823"><time>2026-07-14T22:59:06Z</time></trkpt><trkpt lat="40.74541267212359" lon="-74.0178467807662"><time>2026-07-14T22:59:08Z</time></trkpt><trkpt lat="40.745376183780095" lon="-74.01782311900587"><time>2026-07-14T22:59:10Z</time></trkpt><trkpt lat="40.74535448075585" lon="-74.01778729518307"><time>2026-07-14T22:59:12Z</time></trkpt><trkpt lat="40.74534136107212" lon="-74.01776735642643"><time>2026-07-14T22:59:13Z</time></trkpt><trkpt lat="40.745329609458295" lon="-74.01774556561588"><time>2026-07-14T22:59:14Z</time></trkpt><trkpt lat="40.74531456557989" lon="-74.0177288348611"><time>2026-07-14T22:59:15Z</time></trkpt><trkpt lat="40.7453000823683" lon="-74.01770249461411"><time>2026-07-14T22:59:16Z</time></trkpt><trkpt lat="40.74528585917101" lon="-74.01768054038207"><time>2026-07-14T22:59:17Z</time></trkpt><trkpt lat="40.745276898813295" lon="-74.01765179594773"><time>2026-07-14T22:59:18Z</time></trkpt><trkpt lat="40.74527194212979" lon="-74.01762636264037"><time>2026-07-14T22:59:19Z</time></trkpt><trkpt lat="40.745262803303405" lon="-74.01760226623897"><time>2026-07-14T22:59:20Z</time></trkpt><trkpt lat="40.745250804860625" lon="-74.01758413186401"><time>2026-07-14T22:59:21Z</time></trkpt><trkpt lat="40.74524516224416" lon="-74.01754693546228"><time>2026-07-14T22:59:22Z</time></trkpt><trkpt lat="40.74523288721156" lon="-74.01749990664565"><time>2026-07-14T22:59:24Z</time></trkpt><trkpt lat="40.74522539188158" lon="-74.01747601396491"><time>2026-07-14T22:59:25Z</time></trkpt><trkpt lat="40.7452091242748" lon="-74.01743860975593"><time>2026-07-14T22:59:27Z</time></trkpt><trkpt lat="40.74519694489915" lon="-74.01740971760556"><time>2026-07-14T22:59:28Z</time></trkpt><trkpt lat="40.745187594526406" lon="-74.0173893626004"><time>2026-07-14T22:59:29Z</time></trkpt><trkpt lat="40.7451738680418" lon="-74.01735163330878"><time>2026-07-14T22:59:31Z</time></trkpt><trkpt lat="40.74516094632831" lon="-74.01731036789347"><time>2026-07-14T22:59:33Z</time></trkpt><trkpt lat="40.74515106724737" lon="-74.01727098587332"><time>2026-07-14T22:59:35Z</time></trkpt><trkpt lat="40.745140707834004" lon="-74.01723145558687"><time>2026-07-14T22:59:37Z</time></trkpt><trkpt lat="40.745129922535206" lon="-74.01720225839362"><time>2026-07-14T22:59:39Z</time></trkpt><trkpt lat="40.74512365523109" lon="-74.01717890459017"><time>2026-07-14T22:59:40Z</time></trkpt><trkpt lat="40.74511631978393" lon="-74.01714293849899"><time>2026-07-14T22:59:42Z</time></trkpt><trkpt lat="40.745108063989434" lon="-74.0171200992448"><time>2026-07-14T22:59:44Z</time></trkpt><trkpt lat="40.74510063969435" lon="-74.01709832733047"><time>2026-07-14T22:59:45Z</time></trkpt><trkpt lat="40.74509695822642" lon="-74.0170708737681"><time>2026-07-14T22:59:47Z</time></trkpt><trkpt lat="40.7450858525365" lon="-74.01704466803437"><time>2026-07-14T22:59:49Z</time></trkpt><trkpt lat="40.74507861932529" lon="-74.01701716238847"><time>2026-07-14T22:59:51Z</time></trkpt><trkpt lat="40.745070119612365" lon="-74.01699159696348"><time>2026-07-14T22:59:53Z</time></trkpt><trkpt lat="40.74506382524374" lon="-74.01696658839307"><time>2026-07-14T22:59:55Z</time></trkpt><trkpt lat="40.74505646379095" lon="-74.016939776843"><time>2026-07-14T22:59:57Z</time></trkpt><trkpt lat="40.7450469070241" lon="-74.01691396777056"><time>2026-07-14T22:59:59Z</time></trkpt><trkpt lat="40.74503926682033" lon="-74.01688983302515"><time>2026-07-14T23:00:01Z</time></trkpt><trkpt lat="40.745022989769936" lon="-74.01686077196582"><time>2026-07-14T23:00:03Z</time></trkpt><trkpt lat="40.74501198049808" lon="-74.01684083139216"><time>2026-07-14T23:00:05Z</time></trkpt><trkpt lat="40.74499871143055" lon="-74.01681603011957"><time>2026-07-14T23:00:07Z</time></trkpt><trkpt lat="40.74498685928252" lon="-74.01679161825251"><time>2026-07-14T23:00:09Z</time></trkpt><trkpt lat="40.74497078595643" lon="-74.01676605440987"><time>2026-07-14T23:00:11Z</time></trkpt><trkpt lat="40.74495620102223" lon="-74.0167412778996"><time>2026-07-14T23:00:13Z</time></trkpt><trkpt lat="40.74493568714147" lon="-74.01671360826735"><time>2026-07-14T23:00:15Z</time></trkpt><trkpt lat="40.744916423933894" lon="-74.01669476744766"><time>2026-07-14T23:00:17Z</time></trkpt><trkpt lat="40.744892140254535" lon="-74.01667694015379"><time>2026-07-14T23:00:19Z</time></trkpt><trkpt lat="40.74486967962563" lon="-74.01665934642439"><time>2026-07-14T23:00:21Z</time></trkpt><trkpt lat="40.744845856294184" lon="-74.01663815479529"><time>2026-07-14T23:00:23Z</time></trkpt><trkpt lat="40.74482306146448" lon="-74.01661662391383"><time>2026-07-14T23:00:25Z</time></trkpt><trkpt lat="40.744798850544576" lon="-74.016595876838"><time>2026-07-14T23:00:27Z</time></trkpt><trkpt lat="40.74477275442335" lon="-74.01657416128755"><time>2026-07-14T23:00:29Z</time></trkpt><trkpt lat="40.74474379259055" lon="-74.01654966004449"><time>2026-07-14T23:00:31Z</time></trkpt><trkpt lat="40.74471482160143" lon="-74.01653861346232"><time>2026-07-14T23:00:33Z</time></trkpt><trkpt lat="40.74468763525807" lon="-74.01653000510278"><time>2026-07-14T23:00:35Z</time></trkpt><trkpt lat="40.7446578712611" lon="-74.01651098446175"><time>2026-07-14T23:00:37Z</time></trkpt><trkpt lat="40.74463918562846" lon="-74.01650382261813"><time>2026-07-14T23:00:38Z</time></trkpt><trkpt lat="40.744619795661066" lon="-74.01649807038416"><time>2026-07-14T23:00:39Z</time></trkpt><trkpt lat="40.74458988981287" lon="-74.01648343286621"><time>2026-07-14T23:00:41Z</time></trkpt><trkpt lat="40.74456199876435" lon="-74.01646222549691"><time>2026-07-14T23:00:43Z</time></trkpt><trkpt lat="40.74453064339219" lon="-74.01645399044882"><time>2026-07-14T23:00:45Z</time></trkpt><trkpt lat="40.744504454679465" lon="-74.01643018655116"><time>2026-07-14T23:00:47Z</time></trkpt><trkpt lat="40.74447444498741" lon="-74.01641452769493"><time>2026-07-14T23:00:49Z</time></trkpt><trkpt lat="40.74444285526305" lon="-74.01639831316916"><time>2026-07-14T23:00:51Z</time></trkpt><trkpt lat="40.74441079987746" lon="-74.0163875869789"><time>2026-07-14T23:00:53Z</time></trkpt><trkpt lat="40.744384802729556" lon="-74.01637398376073"><time>2026-07-14T23:00:55Z</time></trkpt><trkpt lat="40.74436518823017" lon="-74.01637790969352"><time>2026-07-14T23:00:56Z</time></trkpt><trkpt lat="40.744345982253485" lon="-74.0163791362938"><time>2026-07-14T23:00:57Z</time></trkpt><trkpt lat="40.744311424427394" lon="-74.01637349249184"><time>2026-07-14T23:00:59Z</time></trkpt><trkpt lat="40.74429137366885" lon="-74.01637579238673"><time>2026-07-14T23:01:00Z</time></trkpt><trkpt lat="40.744263951554075" lon="-74.01639063478724"><time>2026-07-14T23:01:02Z</time></trkpt><trkpt lat="40.74423410792648" lon="-74.01637975060102"><time>2026-07-14T23:01:04Z</time></trkpt><trkpt lat="40.74419929294693" lon="-74.01637857248109"><time>2026-07-14T23:01:06Z</time></trkpt><trkpt lat="40.744177827657666" lon="-74.01637973949519"><time>2026-07-14T23:01:07Z</time></trkpt><trkpt lat="40.74415767067299" lon="-74.01637913285951"><time>2026-07-14T23:01:08Z</time></trkpt><trkpt lat="40.74412939024493" lon="-74.0163702125902"><time>2026-07-14T23:01:10Z</time></trkpt><trkpt lat="40.74411061830737" lon="-74.01636776585299"><time>2026-07-14T23:01:11Z</time></trkpt><trkpt lat="40.74408987604555" lon="-74.01636497102024"><time>2026-07-14T23:01:12Z</time></trkpt><trkpt lat="40.74405467174025" lon="-74.01636412137073"><time>2026-07-14T23:01:14Z</time></trkpt><trkpt lat="40.744035225646954" lon="-74.0163620215886"><time>2026-07-14T23:01:15Z</time></trkpt><trkpt lat="40.7440147613872" lon="-74.01636099456495"><time>2026-07-14T23:01:16Z</time></trkpt><trkpt lat="40.743993548302996" lon="-74.01636034817814"><time>2026-07-14T23:01:17Z</time></trkpt><trkpt lat="40.74397163374795" lon="-74.0163588221227"><time>2026-07-14T23:01:18Z</time></trkpt><trkpt lat="40.74394948461539" lon="-74.01635607393642"><time>2026-07-14T23:01:19Z</time></trkpt><trkpt lat="40.743927906240856" lon="-74.01635153576117"><time>2026-07-14T23:01:20Z</time></trkpt><trkpt lat="40.743907536965594" lon="-74.01634792604514"><time>2026-07-14T23:01:21Z</time></trkpt><trkpt lat="40.74388865960686" lon="-74.01634711392346"><time>2026-07-14T23:01:22Z</time></trkpt><trkpt lat="40.74386953181029" lon="-74.0163507807404"><time>2026-07-14T23:01:23Z</time></trkpt><trkpt lat="40.743848098662056" lon="-74.01635303306703"><time>2026-07-14T23:01:24Z</time></trkpt><trkpt lat="40.74382589751269" lon="-74.01635460872508"><time>2026-07-14T23:01:25Z</time></trkpt><trkpt lat="40.74380089600826" lon="-74.01635500399463"><time>2026-07-14T23:01:26Z</time></trkpt><trkpt lat="40.74377819235809" lon="-74.01635840123724"><time>2026-07-14T23:01:27Z</time></trkpt><trkpt lat="40.74375678563547" lon="-74.01636014688987"><time>2026-07-14T23:01:28Z</time></trkpt><trkpt lat="40.743738158977784" lon="-74.01635436031528"><time>2026-07-14T23:01:29Z</time></trkpt><trkpt lat="40.74369997633408" lon="-74.01635824769484"><time>2026-07-14T23:01:31Z</time></trkpt><trkpt lat="40.743676487121256" lon="-74.01636329969253"><time>2026-07-14T23:01:32Z</time></trkpt><trkpt lat="40.74365489594031" lon="-74.0163727255237"><time>2026-07-14T23:01:33Z</time></trkpt><trkpt lat="40.74363489488589" lon="-74.01637607901239"><time>2026-07-14T23:01:34Z</time></trkpt><trkpt lat="40.74361512438231" lon="-74.01637207892954"><time>2026-07-14T23:01:35Z</time></trkpt><trkpt lat="40.74359656395736" lon="-74.01636696249973"><time>2026-07-14T23:01:36Z</time></trkpt><trkpt lat="40.74356450378752" lon="-74.01635982060839"><time>2026-07-14T23:01:38Z</time></trkpt><trkpt lat="40.74354558551567" lon="-74.01635616694797"><time>2026-07-14T23:01:39Z</time></trkpt><trkpt lat="40.74352335356145" lon="-74.01635650713861"><time>2026-07-14T23:01:40Z</time></trkpt><trkpt lat="40.74350265386576" lon="-74.01636258829167"><time>2026-07-14T23:01:41Z</time></trkpt><trkpt lat="40.74348308142211" lon="-74.01636486071972"><time>2026-07-14T23:01:42Z</time></trkpt><trkpt lat="40.743464824880775" lon="-74.01636138482579"><time>2026-07-14T23:01:43Z</time></trkpt><trkpt lat="40.743429929880115" lon="-74.01636338447571"><time>2026-07-14T23:01:45Z</time></trkpt><trkpt lat="40.74340869016173" lon="-74.01636465289039"><time>2026-07-14T23:01:46Z</time></trkpt><trkpt lat="40.74338848447617" lon="-74.01636678296332"><time>2026-07-14T23:01:47Z</time></trkpt><trkpt lat="40.74336760560925" lon="-74.01636279485191"><time>2026-07-14T23:01:48Z</time></trkpt><trkpt lat="40.74333611666364" lon="-74.01635970446472"><time>2026-07-14T23:01:50Z</time></trkpt><trkpt lat="40.74330249208016" lon="-74.01637038392283"><time>2026-07-14T23:01:52Z</time></trkpt><trkpt lat="40.74328349951377" lon="-74.01636809889614"><time>2026-07-14T23:01:53Z</time></trkpt><trkpt lat="40.74326561578152" lon="-74.0163649967399"><time>2026-07-14T23:01:54Z</time></trkpt><trkpt lat="40.74323416295165" lon="-74.01637102990462"><time>2026-07-14T23:01:56Z</time></trkpt><trkpt lat="40.74321601738479" lon="-74.0163782827126"><time>2026-07-14T23:01:57Z</time></trkpt><trkpt lat="40.74319709477399" lon="-74.01638139591651"><time>2026-07-14T23:01:58Z</time></trkpt><trkpt lat="40.74316634677916" lon="-74.01637246754899"><time>2026-07-14T23:02:00Z</time></trkpt><trkpt lat="40.743136040099266" lon="-74.01636406681952"><time>2026-07-14T23:02:02Z</time></trkpt><trkpt lat="40.74311696045815" lon="-74.01636117580156"><time>2026-07-14T23:02:03Z</time></trkpt><trkpt lat="40.74309880994963" lon="-74.01635668359911"><time>2026-07-14T23:02:04Z</time></trkpt><trkpt lat="40.74307742355254" lon="-74.01635095162759"><time>2026-07-14T23:02:05Z</time></trkpt><trkpt lat="40.743042624409405" lon="-74.01634131676416"><time>2026-07-14T23:02:07Z</time></trkpt><trkpt lat="40.74300656433568" lon="-74.01633193771633"><time>2026-07-14T23:02:09Z</time></trkpt><trkpt lat="40.74298679365422" lon="-74.01632731967568"><time>2026-07-14T23:02:10Z</time></trkpt><trkpt lat="40.74296383572257" lon="-74.0163277110905"><time>2026-07-14T23:02:11Z</time></trkpt><trkpt lat="40.742943426335884" lon="-74.01632108243844"><time>2026-07-14T23:02:12Z</time></trkpt><trkpt lat="40.742913539326" lon="-74.01630626738978"><time>2026-07-14T23:02:14Z</time></trkpt><trkpt lat="40.74288158426339" lon="-74.01628532598217"><time>2026-07-14T23:02:16Z</time></trkpt><trkpt lat="40.74286505934363" lon="-74.01627205502727"><time>2026-07-14T23:02:17Z</time></trkpt><trkpt lat="40.742832438804605" lon="-74.01625760579373"><time>2026-07-14T23:02:19Z</time></trkpt><trkpt lat="40.74280131119749" lon="-74.01624463521411"><time>2026-07-14T23:02:21Z</time></trkpt><trkpt lat="40.742776018504244" lon="-74.0162286353174"><time>2026-07-14T23:02:23Z</time></trkpt><trkpt lat="40.74275080613991" lon="-74.01621912091844"><time>2026-07-14T23:02:25Z</time></trkpt><trkpt lat="40.74273356556101" lon="-74.01621045136599"><time>2026-07-14T23:02:26Z</time></trkpt><trkpt lat="40.742709121069836" lon="-74.01618608934221"><time>2026-07-14T23:02:28Z</time></trkpt><trkpt lat="40.742681329672585" lon="-74.01616696819573"><time>2026-07-14T23:02:30Z</time></trkpt><trkpt lat="40.74265026595953" lon="-74.01615329005871"><time>2026-07-14T23:02:32Z</time></trkpt><trkpt lat="40.74262952868937" lon="-74.01614422447976"><time>2026-07-14T23:02:34Z</time></trkpt><trkpt lat="40.742615859033826" lon="-74.01616029609755"><time>2026-07-14T23:02:35Z</time></trkpt><trkpt lat="40.74261601598366" lon="-74.0161943933829"><time>2026-07-14T23:02:37Z</time></trkpt><trkpt lat="40.74262472666322" lon="-74.0162305515661"><time>2026-07-14T23:02:39Z</time></trkpt><trkpt lat="40.74263202477667" lon="-74.01625364371279"><time>2026-07-14T23:02:40Z</time></trkpt><trkpt lat="40.74263343298992" lon="-74.01628218341875"><time>2026-07-14T23:02:41Z</time></trkpt><trkpt lat="40.742637582884605" lon="-74.0163197129627"><time>2026-07-14T23:02:43Z</time></trkpt><trkpt lat="40.742637450496524" lon="-74.01635976951023"><time>2026-07-14T23:02:45Z</time></trkpt><trkpt lat="40.74264676292319" lon="-74.01639498241194"><time>2026-07-14T23:02:46Z</time></trkpt><trkpt lat="40.742650337900706" lon="-74.01642202179346"><time>2026-07-14T23:02:47Z</time></trkpt><trkpt lat="40.7426574997443" lon="-74.016444368306"><time>2026-07-14T23:02:48Z</time></trkpt><trkpt lat="40.742668646193515" lon="-74.0164701898326"><time>2026-07-14T23:02:49Z</time></trkpt><trkpt lat="40.74267938725494" lon="-74.01649713050651"><time>2026-07-14T23:02:50Z</time></trkpt><trkpt lat="40.742688131038804" lon="-74.01652366119666"><time>2026-07-14T23:02:51Z</time></trkpt><trkpt lat="40.74269638517257" lon="-74.01655002302263"><time>2026-07-14T23:02:52Z</time></trkpt><trkpt lat="40.742707609403176" lon="-74.01657625334016"><time>2026-07-14T23:02:53Z</time></trkpt><trkpt lat="40.74272314143421" lon="-74.01660296909296"><time>2026-07-14T23:02:54Z</time></trkpt><trkpt lat="40.74273555121038" lon="-74.01662712198923"><time>2026-07-14T23:02:55Z</time></trkpt><trkpt lat="40.742751031271446" lon="-74.01665702895522"><time>2026-07-14T23:02:56Z</time></trkpt><trkpt lat="40.74276131401941" lon="-74.01668306049625"><time>2026-07-14T23:02:57Z</time></trkpt><trkpt lat="40.7427674776346" lon="-74.01671068855232"><time>2026-07-14T23:02:58Z</time></trkpt><trkpt lat="40.74277433379619" lon="-74.01674254653841"><time>2026-07-14T23:02:59Z</time></trkpt><trkpt lat="40.74278690554182" lon="-74.01677490263592"><time>2026-07-14T23:03:00Z</time></trkpt><trkpt lat="40.74278838654127" lon="-74.01680888190229"><time>2026-07-14T23:03:01Z</time></trkpt><trkpt lat="40.74279940887241" lon="-74.01683032118945"><time>2026-07-14T23:03:02Z</time></trkpt><trkpt lat="40.74281087560031" lon="-74.01686201610781"><time>2026-07-14T23:03:03Z</time></trkpt><trkpt lat="40.74282401148357" lon="-74.01688444682348"><time>2026-07-14T23:03:04Z</time></trkpt><trkpt lat="40.74284615409432" lon="-74.01690459394966"><time>2026-07-14T23:03:05Z</time></trkpt><trkpt lat="40.742860321918435" lon="-74.01692617966417"><time>2026-07-14T23:03:06Z</time></trkpt><trkpt lat="40.74286619684238" lon="-74.01696768213648"><time>2026-07-14T23:03:07Z</time></trkpt><trkpt lat="40.74289169986372" lon="-74.01699210313718"><time>2026-07-14T23:03:08Z</time></trkpt><trkpt lat="40.742911666592306" lon="-74.01701871083847"><time>2026-07-14T23:03:09Z</time></trkpt><trkpt lat="40.742928770902786" lon="-74.01703907971897"><time>2026-07-14T23:03:10Z</time></trkpt><trkpt lat="40.742946827364584" lon="-74.01705798952304"><time>2026-07-14T23:03:11Z</time></trkpt><trkpt lat="40.74296503016264" lon="-74.01707770651448"><time>2026-07-14T23:03:12Z</time></trkpt><trkpt lat="40.74299371936224" lon="-74.01710105236658"><time>2026-07-14T23:03:13Z</time></trkpt><trkpt lat="40.74300726353452" lon="-74.01713183907165"><time>2026-07-14T23:03:14Z</time></trkpt><trkpt lat="40.74302198740677" lon="-74.01715482129856"><time>2026-07-14T23:03:15Z</time></trkpt><trkpt lat="40.74303207358615" lon="-74.01718008397076"><time>2026-07-14T23:03:16Z</time></trkpt><trkpt lat="40.74301835204513" lon="-74.01722302111386"><time>2026-07-14T23:03:19Z</time></trkpt><trkpt lat="40.742988579434225" lon="-74.01720707569133"><time>2026-07-14T23:03:21Z</time></trkpt><trkpt lat="40.74296971787624" lon="-74.01719300378033"><time>2026-07-14T23:03:23Z</time></trkpt><trkpt lat="40.74294776065216" lon="-74.01718594181013"><time>2026-07-14T23:03:26Z</time></trkpt><trkpt lat="40.74292396159683" lon="-74.0171852508088"><time>2026-07-14T23:03:28Z</time></trkpt><trkpt lat="40.74289976960899" lon="-74.01717692487433"><time>2026-07-14T23:03:30Z</time></trkpt><trkpt lat="40.74287977025749" lon="-74.01717446805293"><time>2026-07-14T23:03:32Z</time></trkpt><trkpt lat="40.742858281733525" lon="-74.01716686791903"><time>2026-07-14T23:03:34Z</time></trkpt><trkpt lat="40.742827451876444" lon="-74.01714891169208"><time>2026-07-14T23:03:37Z</time></trkpt><trkpt lat="40.74280627776852" lon="-74.01713918782029"><time>2026-07-14T23:03:39Z</time></trkpt><trkpt lat="40.74278739138842" lon="-74.01713276509334"><time>2026-07-14T23:03:41Z</time></trkpt><trkpt lat="40.74276823332138" lon="-74.01712343672577"><time>2026-07-14T23:03:43Z</time></trkpt><trkpt lat="40.74274343097959" lon="-74.01711930089512"><time>2026-07-14T23:03:45Z</time></trkpt><trkpt lat="40.74272936609034" lon="-74.01710291944627"><time>2026-07-14T23:03:46Z</time></trkpt><trkpt lat="40.742706063217256" lon="-74.01709828831385"><time>2026-07-14T23:03:48Z</time></trkpt><trkpt lat="40.742674910953866" lon="-74.01709663126356"><time>2026-07-14T23:03:50Z</time></trkpt><trkpt lat="40.742655413581886" lon="-74.0170981058085"><time>2026-07-14T23:03:51Z</time></trkpt><trkpt lat="40.74263553172729" lon="-74.01710450891636"><time>2026-07-14T23:03:52Z</time></trkpt><trkpt lat="40.74259976759337" lon="-74.01712541804214"><time>2026-07-14T23:03:55Z</time></trkpt><trkpt lat="40.74257793201719" lon="-74.01713401049383"><time>2026-07-14T23:03:56Z</time></trkpt><trkpt lat="40.742540731120705" lon="-74.01713540149748"><time>2026-07-14T23:03:58Z</time></trkpt><trkpt lat="40.74250030953228" lon="-74.01713784825476"><time>2026-07-14T23:04:00Z</time></trkpt><trkpt lat="40.74248161469357" lon="-74.01713330232654"><time>2026-07-14T23:04:01Z</time></trkpt><trkpt lat="40.74246189274981" lon="-74.01713476140405"><time>2026-07-14T23:04:02Z</time></trkpt><trkpt lat="40.74242634786887" lon="-74.01713743039221"><time>2026-07-14T23:04:04Z</time></trkpt><trkpt lat="40.742390895574694" lon="-74.01713064098098"><time>2026-07-14T23:04:06Z</time></trkpt><trkpt lat="40.74237158836822" lon="-74.01712197251382"><time>2026-07-14T23:04:07Z</time></trkpt><trkpt lat="40.74233504560501" lon="-74.01711449337425"><time>2026-07-14T23:04:09Z</time></trkpt><trkpt lat="40.742314451551415" lon="-74.01711187391459"><time>2026-07-14T23:04:10Z</time></trkpt><trkpt lat="40.742290584894214" lon="-74.01710936268539"><time>2026-07-14T23:04:11Z</time></trkpt><trkpt lat="40.74225651485564" lon="-74.01710287485415"><time>2026-07-14T23:04:13Z</time></trkpt><trkpt lat="40.742234311565326" lon="-74.01709913521772"><time>2026-07-14T23:04:14Z</time></trkpt><trkpt lat="40.74221542671949" lon="-74.01709196884693"><time>2026-07-14T23:04:15Z</time></trkpt><trkpt lat="40.74219748147771" lon="-74.01708890057249"><time>2026-07-14T23:04:16Z</time></trkpt><trkpt lat="40.74216312320226" lon="-74.01707837470632"><time>2026-07-14T23:04:18Z</time></trkpt><trkpt lat="40.74214324288809" lon="-74.01707127534539"><time>2026-07-14T23:04:19Z</time></trkpt><trkpt lat="40.742125494762185" lon="-74.01706157908127"><time>2026-07-14T23:04:20Z</time></trkpt><trkpt lat="40.74209185317801" lon="-74.01705181017783"><time>2026-07-14T23:04:22Z</time></trkpt><trkpt lat="40.742074177271746" lon="-74.01704562311608"><time>2026-07-14T23:04:23Z</time></trkpt><trkpt lat="40.74205337296451" lon="-74.01703861681581"><time>2026-07-14T23:04:24Z</time></trkpt><trkpt lat="40.74203327231711" lon="-74.01703265783763"><time>2026-07-14T23:04:25Z</time></trkpt><trkpt lat="40.74201467301267" lon="-74.01702821219455"><time>2026-07-14T23:04:26Z</time></trkpt><trkpt lat="40.74198239116465" lon="-74.01702093772519"><time>2026-07-14T23:04:28Z</time></trkpt><trkpt lat="40.741962769855334" lon="-74.01701641254557"><time>2026-07-14T23:04:29Z</time></trkpt><trkpt lat="40.74192965632945" lon="-74.01700583081904"><time>2026-07-14T23:04:31Z</time></trkpt><trkpt lat="40.741910925408966" lon="-74.0170011345469"><time>2026-07-14T23:04:32Z</time></trkpt><trkpt lat="40.741878179958285" lon="-74.01699515989468"><time>2026-07-14T23:04:34Z</time></trkpt><trkpt lat="40.74185957402091" lon="-74.01698729089658"><time>2026-07-14T23:04:35Z</time></trkpt><trkpt lat="40.741841992880616" lon="-74.01698113650585"><time>2026-07-14T23:04:36Z</time></trkpt><trkpt lat="40.74180931797166" lon="-74.01696978712886"><time>2026-07-14T23:04:38Z</time></trkpt><trkpt lat="40.74178843443869" lon="-74.01696332358097"><time>2026-07-14T23:04:39Z</time></trkpt><trkpt lat="40.74175391069375" lon="-74.01695654278106"><time>2026-07-14T23:04:41Z</time></trkpt><trkpt lat="40.74173526500572" lon="-74.01694938346147"><time>2026-07-14T23:04:42Z</time></trkpt><trkpt lat="40.74170065441751" lon="-74.01693735256595"><time>2026-07-14T23:04:44Z</time></trkpt><trkpt lat="40.7416830768174" lon="-74.01693000410145"><time>2026-07-14T23:04:45Z</time></trkpt><trkpt lat="40.74166317074093" lon="-74.01692129602475"><time>2026-07-14T23:04:46Z</time></trkpt><trkpt lat="40.741644087049934" lon="-74.01691487303867"><time>2026-07-14T23:04:47Z</time></trkpt><trkpt lat="40.741623546888015" lon="-74.01690819281585"><time>2026-07-14T23:04:48Z</time></trkpt><trkpt lat="40.74160357887247" lon="-74.0169059900141"><time>2026-07-14T23:04:49Z</time></trkpt><trkpt lat="40.741585268685554" lon="-74.01690324310222"><time>2026-07-14T23:04:50Z</time></trkpt><trkpt lat="40.7415639946647" lon="-74.01689687054444"><time>2026-07-14T23:04:51Z</time></trkpt><trkpt lat="40.741542094008125" lon="-74.0168884797391"><time>2026-07-14T23:04:52Z</time></trkpt><trkpt lat="40.741521235473236" lon="-74.01688261338904"><time>2026-07-14T23:04:53Z</time></trkpt><trkpt lat="40.741499776935584" lon="-74.01687526925225"><time>2026-07-14T23:04:54Z</time></trkpt><trkpt lat="40.74148091258848" lon="-74.01687071384093"><time>2026-07-14T23:04:55Z</time></trkpt><trkpt lat="40.7414604054297" lon="-74.01686369357309"><time>2026-07-14T23:04:56Z</time></trkpt><trkpt lat="40.741438136578026" lon="-74.0168555254606"><time>2026-07-14T23:04:57Z</time></trkpt><trkpt lat="40.741417159253594" lon="-74.01685315984828"><time>2026-07-14T23:04:58Z</time></trkpt><trkpt lat="40.74139729832216" lon="-74.01685050139406"><time>2026-07-14T23:04:59Z</time></trkpt><trkpt lat="40.74137771930992" lon="-74.01684595282514"><time>2026-07-14T23:05:00Z</time></trkpt><trkpt lat="40.74135869996467" lon="-74.01684062778708"><time>2026-07-14T23:05:01Z</time></trkpt><trkpt lat="40.74133584724752" lon="-74.01683356879464"><time>2026-07-14T23:05:02Z</time></trkpt><trkpt lat="40.741314202532415" lon="-74.01682276134376"><time>2026-07-14T23:05:03Z</time></trkpt><trkpt lat="40.7412903080913" lon="-74.01681429366299"><time>2026-07-14T23:05:04Z</time></trkpt><trkpt lat="40.74126780470999" lon="-74.0168090558877"><time>2026-07-14T23:05:05Z</time></trkpt><trkpt lat="40.74124342665783" lon="-74.01680807365992"><time>2026-07-14T23:05:06Z</time></trkpt><trkpt lat="40.74122265262396" lon="-74.01680661806863"><time>2026-07-14T23:05:07Z</time></trkpt><trkpt lat="40.741203877930204" lon="-74.01680950002242"><time>2026-07-14T23:05:08Z</time></trkpt><trkpt lat="40.74118388190482" lon="-74.01680687258654"><time>2026-07-14T23:05:09Z</time></trkpt><trkpt lat="40.74116088054556" lon="-74.01680796243339"><time>2026-07-14T23:05:10Z</time></trkpt><trkpt lat="40.74114116809182" lon="-74.01681012598137"><time>2026-07-14T23:05:11Z</time></trkpt><trkpt lat="40.74112244075961" lon="-74.01681563851355"><time>2026-07-14T23:05:12Z</time></trkpt><trkpt lat="40.74110282774075" lon="-74.01682161598005"><time>2026-07-14T23:05:13Z</time></trkpt><trkpt lat="40.74108215247547" lon="-74.0168191051433"><time>2026-07-14T23:05:14Z</time></trkpt><trkpt lat="40.74106263546727" lon="-74.01681395433455"><time>2026-07-14T23:05:15Z</time></trkpt><trkpt lat="40.74104165687951" lon="-74.01681114743522"><time>2026-07-14T23:05:16Z</time></trkpt><trkpt lat="40.741021048412684" lon="-74.01680912825856"><time>2026-07-14T23:05:17Z</time></trkpt><trkpt lat="40.74100052653226" lon="-74.01680923433268"><time>2026-07-14T23:05:18Z</time></trkpt><trkpt lat="40.74098091674052" lon="-74.01680384860003"><time>2026-07-14T23:05:19Z</time></trkpt><trkpt lat="40.74096184333703" lon="-74.0167979625629"><time>2026-07-14T23:05:20Z</time></trkpt><trkpt lat="40.740944805887565" lon="-74.01678937479292"><time>2026-07-14T23:05:21Z</time></trkpt><trkpt lat="40.74092708868315" lon="-74.01678285728727"><time>2026-07-14T23:05:22Z</time></trkpt><trkpt lat="40.74088836015757" lon="-74.01677511193188"><time>2026-07-14T23:05:24Z</time></trkpt><trkpt lat="40.740868681890205" lon="-74.01677524841269"><time>2026-07-14T23:05:25Z</time></trkpt><trkpt lat="40.74085007906131" lon="-74.01677848601841"><time>2026-07-14T23:05:26Z</time></trkpt><trkpt lat="40.740829179517526" lon="-74.01677717787513"><time>2026-07-14T23:05:27Z</time></trkpt><trkpt lat="40.74079364618916" lon="-74.0167753356589"><time>2026-07-14T23:05:29Z</time></trkpt><trkpt lat="40.740774692919544" lon="-74.0167675643871"><time>2026-07-14T23:05:30Z</time></trkpt><trkpt lat="40.74075297187908" lon="-74.01676231690965"><time>2026-07-14T23:05:31Z</time></trkpt><trkpt lat="40.74073068503477" lon="-74.0167547786047"><time>2026-07-14T23:05:32Z</time></trkpt><trkpt lat="40.74070693502256" lon="-74.01674948478833"><time>2026-07-14T23:05:33Z</time></trkpt><trkpt lat="40.74068339606323" lon="-74.01674081210392"><time>2026-07-14T23:05:34Z</time></trkpt><trkpt lat="40.74065996533742" lon="-74.01673601519482"><time>2026-07-14T23:05:35Z</time></trkpt><trkpt lat="40.740639645933165" lon="-74.01673421026975"><time>2026-07-14T23:05:36Z</time></trkpt><trkpt lat="40.74061916137145" lon="-74.01673369501421"><time>2026-07-14T23:05:37Z</time></trkpt><trkpt lat="40.74058236213242" lon="-74.01673859345618"><time>2026-07-14T23:05:39Z</time></trkpt><trkpt lat="40.740565455911785" lon="-74.01674763552312"><time>2026-07-14T23:05:40Z</time></trkpt><trkpt lat="40.740539734143226" lon="-74.01674746126878"><time>2026-07-14T23:05:41Z</time></trkpt><trkpt lat="40.74051311085686" lon="-74.0167449342473"><time>2026-07-14T23:05:42Z</time></trkpt><trkpt lat="40.7404918444783" lon="-74.01674214548467"><time>2026-07-14T23:05:43Z</time></trkpt><trkpt lat="40.740456085254664" lon="-74.0167390926702"><time>2026-07-14T23:05:45Z</time></trkpt><trkpt lat="40.74043203720722" lon="-74.0167340879494"><time>2026-07-14T23:05:46Z</time></trkpt><trkpt lat="40.7404096429485" lon="-74.01673516055331"><time>2026-07-14T23:05:47Z</time></trkpt><trkpt lat="40.740383537127265" lon="-74.01673575841916"><time>2026-07-14T23:05:48Z</time></trkpt><trkpt lat="40.7403592444592" lon="-74.0167385660091"><time>2026-07-14T23:05:49Z</time></trkpt><trkpt lat="40.740336416038645" lon="-74.01673440203726"><time>2026-07-14T23:05:50Z</time></trkpt><trkpt lat="40.74031600544405" lon="-74.01673276451733"><time>2026-07-14T23:05:51Z</time></trkpt><trkpt lat="40.74029752442421" lon="-74.01673151598044"><time>2026-07-14T23:05:52Z</time></trkpt><trkpt lat="40.740276207213704" lon="-74.01672856886225"><time>2026-07-14T23:05:53Z</time></trkpt><trkpt lat="40.74025474959148" lon="-74.01672141554907"><time>2026-07-14T23:05:54Z</time></trkpt><trkpt lat="40.7402308636073" lon="-74.01671622466105"><time>2026-07-14T23:05:55Z</time></trkpt><trkpt lat="40.740208556216025" lon="-74.016714730406"><time>2026-07-14T23:05:56Z</time></trkpt><trkpt lat="40.74018622555112" lon="-74.0167108507724"><time>2026-07-14T23:05:57Z</time></trkpt><trkpt lat="40.74016520211451" lon="-74.01670613694324"><time>2026-07-14T23:05:58Z</time></trkpt><trkpt lat="40.74014447219554" lon="-74.01670005122688"><time>2026-07-14T23:05:59Z</time></trkpt><trkpt lat="40.740121173209765" lon="-74.01669616164371"><time>2026-07-14T23:06:00Z</time></trkpt><trkpt lat="40.74010135309172" lon="-74.01668932800524"><time>2026-07-14T23:06:01Z</time></trkpt><trkpt lat="40.74007778674769" lon="-74.01668479646172"><time>2026-07-14T23:06:02Z</time></trkpt><trkpt lat="40.7400551715107" lon="-74.01668530058082"><time>2026-07-14T23:06:03Z</time></trkpt><trkpt lat="40.74003380228483" lon="-74.0166826702789"><time>2026-07-14T23:06:04Z</time></trkpt><trkpt lat="40.7400125483788" lon="-74.01668023324022"><time>2026-07-14T23:06:05Z</time></trkpt><trkpt lat="40.73999162198362" lon="-74.0166727105492"><time>2026-07-14T23:06:06Z</time></trkpt><trkpt lat="40.739969704168594" lon="-74.01666835129252"><time>2026-07-14T23:06:07Z</time></trkpt><trkpt lat="40.73994831100851" lon="-74.0166604675881"><time>2026-07-14T23:06:08Z</time></trkpt><trkpt lat="40.739924489469686" lon="-74.01664636798917"><time>2026-07-14T23:06:09Z</time></trkpt><trkpt lat="40.73990204602001" lon="-74.01663689930639"><time>2026-07-14T23:06:10Z</time></trkpt><trkpt lat="40.73988100142194" lon="-74.01662851178058"><time>2026-07-14T23:06:11Z</time></trkpt><trkpt lat="40.73986408907544" lon="-74.01661924081299"><time>2026-07-14T23:06:12Z</time></trkpt><trkpt lat="40.73984425568556" lon="-74.0166135884237"><time>2026-07-14T23:06:13Z</time></trkpt><trkpt lat="40.73982606095461" lon="-74.01661152539285"><time>2026-07-14T23:06:14Z</time></trkpt><trkpt lat="40.73980595799381" lon="-74.01661526905548"><time>2026-07-14T23:06:15Z</time></trkpt><trkpt lat="40.739784422826965" lon="-74.01662619116301"><time>2026-07-14T23:06:16Z</time></trkpt><trkpt lat="40.739765302937165" lon="-74.01663674718021"><time>2026-07-14T23:06:17Z</time></trkpt><trkpt lat="40.7397444786266" lon="-74.01664293419063"><time>2026-07-14T23:06:18Z</time></trkpt><trkpt lat="40.73972274813044" lon="-74.01664178537307"><time>2026-07-14T23:06:19Z</time></trkpt><trkpt lat="40.739701767797115" lon="-74.01664436910397"><time>2026-07-14T23:06:20Z</time></trkpt><trkpt lat="40.739682320112436" lon="-74.01665075651161"><time>2026-07-14T23:06:21Z</time></trkpt><trkpt lat="40.739663687113065" lon="-74.01665985538065"><time>2026-07-14T23:06:22Z</time></trkpt><trkpt lat="40.739644263540484" lon="-74.01667045973157"><time>2026-07-14T23:06:23Z</time></trkpt><trkpt lat="40.739625086434394" lon="-74.0166790654657"><time>2026-07-14T23:06:24Z</time></trkpt><trkpt lat="40.73960599843938" lon="-74.01668502317746"><time>2026-07-14T23:06:25Z</time></trkpt><trkpt lat="40.739582334989166" lon="-74.01668820582817"><time>2026-07-14T23:06:26Z</time></trkpt><trkpt lat="40.73955837547905" lon="-74.01669005644533"><time>2026-07-14T23:06:27Z</time></trkpt><trkpt lat="40.73953780847815" lon="-74.01669079231353"><time>2026-07-14T23:06:28Z</time></trkpt><trkpt lat="40.73951545841844" lon="-74.0166929619245"><time>2026-07-14T23:06:29Z</time></trkpt><trkpt lat="40.73949568747894" lon="-74.01669709051055"><time>2026-07-14T23:06:30Z</time></trkpt><trkpt lat="40.73947400248873" lon="-74.016700971219"><time>2026-07-14T23:06:31Z</time></trkpt><trkpt lat="40.73945090235652" lon="-74.01671072064991"><time>2026-07-14T23:06:32Z</time></trkpt><trkpt lat="40.739432354562574" lon="-74.01670855751846"><time>2026-07-14T23:06:33Z</time></trkpt><trkpt lat="40.73941117743003" lon="-74.01670644554171"><time>2026-07-14T23:06:34Z</time></trkpt><trkpt lat="40.73939043254439" lon="-74.01670499655071"><time>2026-07-14T23:06:35Z</time></trkpt><trkpt lat="40.7393708704159" lon="-74.0167074234429"><time>2026-07-14T23:06:36Z</time></trkpt><trkpt lat="40.73934843087014" lon="-74.01671062799907"><time>2026-07-14T23:06:37Z</time></trkpt><trkpt lat="40.73932963532304" lon="-74.01671624749184"><time>2026-07-14T23:06:38Z</time></trkpt><trkpt lat="40.7392962476594" lon="-74.0167169052722"><time>2026-07-14T23:06:40Z</time></trkpt><trkpt lat="40.73927665424836" lon="-74.01671022086792"><time>2026-07-14T23:06:41Z</time></trkpt><trkpt lat="40.739253752325496" lon="-74.01670609098109"><time>2026-07-14T23:06:42Z</time></trkpt><trkpt lat="40.73921347680926" lon="-74.01670609418606"><time>2026-07-14T23:06:44Z</time></trkpt><trkpt lat="40.739179259724" lon="-74.0167125975169"><time>2026-07-14T23:06:46Z</time></trkpt><trkpt lat="40.73915916171985" lon="-74.01671205995378"><time>2026-07-14T23:06:47Z</time></trkpt><trkpt lat="40.73913751641487" lon="-74.01671041923352"><time>2026-07-14T23:06:48Z</time></trkpt><trkpt lat="40.73911688481217" lon="-74.01671079979013"><time>2026-07-14T23:06:49Z</time></trkpt><trkpt lat="40.73909530025046" lon="-74.01670764611147"><time>2026-07-14T23:06:50Z</time></trkpt><trkpt lat="40.73907193649977" lon="-74.01670514056762"><time>2026-07-14T23:06:51Z</time></trkpt><trkpt lat="40.73905069295858" lon="-74.01670442941369"><time>2026-07-14T23:06:52Z</time></trkpt><trkpt lat="40.73902777618588" lon="-74.01670309294602"><time>2026-07-14T23:06:53Z</time></trkpt><trkpt lat="40.73900789333875" lon="-74.0167038318958"><time>2026-07-14T23:06:54Z</time></trkpt><trkpt lat="40.73898530533621" lon="-74.01670188201147"><time>2026-07-14T23:06:55Z</time></trkpt><trkpt lat="40.738967418199124" lon="-74.01669012485256"><time>2026-07-14T23:06:56Z</time></trkpt><trkpt lat="40.738943433227384" lon="-74.01668588212529"><time>2026-07-14T23:06:57Z</time></trkpt><trkpt lat="40.73892010377216" lon="-74.0166856321309"><time>2026-07-14T23:06:58Z</time></trkpt><trkpt lat="40.73889856243542" lon="-74.01669484501753"><time>2026-07-14T23:06:59Z</time></trkpt><trkpt lat="40.738882148254056" lon="-74.01670889558383"><time>2026-07-14T23:07:00Z</time></trkpt><trkpt lat="40.73886596259311" lon="-74.01672264015296"><time>2026-07-14T23:07:01Z</time></trkpt><trkpt lat="40.7388477741117" lon="-74.01673441447731"><time>2026-07-14T23:07:02Z</time></trkpt><trkpt lat="40.73882697921882" lon="-74.0167427773697"><time>2026-07-14T23:07:03Z</time></trkpt><trkpt lat="40.7388042528601" lon="-74.01674412739087"><time>2026-07-14T23:07:04Z</time></trkpt><trkpt lat="40.73878171719163" lon="-74.01674966343575"><time>2026-07-14T23:07:05Z</time></trkpt><trkpt lat="40.738759260756424" lon="-74.01674990485441"><time>2026-07-14T23:07:06Z</time></trkpt><trkpt lat="40.73873943882704" lon="-74.01675004813713"><time>2026-07-14T23:07:07Z</time></trkpt><trkpt lat="40.73871997474895" lon="-74.01674826271714"><time>2026-07-14T23:07:08Z</time></trkpt><trkpt lat="40.73870021332826" lon="-74.0167410103576"><time>2026-07-14T23:07:09Z</time></trkpt><trkpt lat="40.738679951829795" lon="-74.01673536422798"><time>2026-07-14T23:07:10Z</time></trkpt><trkpt lat="40.73865861889994" lon="-74.01673063030186"><time>2026-07-14T23:07:11Z</time></trkpt><trkpt lat="40.7386348149039" lon="-74.01672160135183"><time>2026-07-14T23:07:12Z</time></trkpt><trkpt lat="40.73860819530533" lon="-74.01671164581713"><time>2026-07-14T23:07:13Z</time></trkpt><trkpt lat="40.73858270665039" lon="-74.01671285344435"><time>2026-07-14T23:07:14Z</time></trkpt><trkpt lat="40.73856404025473" lon="-74.0167079630599"><time>2026-07-14T23:07:15Z</time></trkpt><trkpt lat="40.73853323853804" lon="-74.01670748316245"><time>2026-07-14T23:07:17Z</time></trkpt><trkpt lat="40.73851177586211" lon="-74.01670496061129"><time>2026-07-14T23:07:18Z</time></trkpt><trkpt lat="40.73848612844717" lon="-74.01670193027299"><time>2026-07-14T23:07:19Z</time></trkpt><trkpt lat="40.73846192278276" lon="-74.01670141164072"><time>2026-07-14T23:07:20Z</time></trkpt><trkpt lat="40.73844246641873" lon="-74.0167036149329"><time>2026-07-14T23:07:21Z</time></trkpt><trkpt lat="40.738423376253465" lon="-74.01670486617854"><time>2026-07-14T23:07:22Z</time></trkpt><trkpt lat="40.73840399848971" lon="-74.01670961887034"><time>2026-07-14T23:07:23Z</time></trkpt><trkpt lat="40.738383922398526" lon="-74.0167163740155"><time>2026-07-14T23:07:24Z</time></trkpt><trkpt lat="40.73836113935853" lon="-74.01672152413732"><time>2026-07-14T23:07:25Z</time></trkpt><trkpt lat="40.73833917925884" lon="-74.01672413137213"><time>2026-07-14T23:07:26Z</time></trkpt><trkpt lat="40.73831586832714" lon="-74.0167247085125"><time>2026-07-14T23:07:27Z</time></trkpt><trkpt lat="40.738293892539076" lon="-74.01672368957479"><time>2026-07-14T23:07:28Z</time></trkpt><trkpt lat="40.73827216276994" lon="-74.01672351856578"><time>2026-07-14T23:07:29Z</time></trkpt><trkpt lat="40.73824787010248" lon="-74.01672639219609"><time>2026-07-14T23:07:30Z</time></trkpt><trkpt lat="40.738226860178706" lon="-74.01672629944916"><time>2026-07-14T23:07:31Z</time></trkpt><trkpt lat="40.73820474826165" lon="-74.01672528285897"><time>2026-07-14T23:07:32Z</time></trkpt><trkpt lat="40.73818109335843" lon="-74.01672063139519"><time>2026-07-14T23:07:33Z</time></trkpt><trkpt lat="40.73815635033531" lon="-74.01671420871304"><time>2026-07-14T23:07:34Z</time></trkpt><trkpt lat="40.73813519253798" lon="-74.01670715031723"><time>2026-07-14T23:07:35Z</time></trkpt><trkpt lat="40.7381128679247" lon="-74.01670007204825"><time>2026-07-14T23:07:36Z</time></trkpt><trkpt lat="40.73809072394252" lon="-74.0166956880328"><time>2026-07-14T23:07:37Z</time></trkpt><trkpt lat="40.73807154282327" lon="-74.01669270417645"><time>2026-07-14T23:07:38Z</time></trkpt><trkpt lat="40.73805150771401" lon="-74.01669739782872"><time>2026-07-14T23:07:39Z</time></trkpt><trkpt lat="40.73802947551131" lon="-74.01670479139253"><time>2026-07-14T23:07:40Z</time></trkpt><trkpt lat="40.73800692136127" lon="-74.01671143588645"><time>2026-07-14T23:07:41Z</time></trkpt><trkpt lat="40.73798488638542" lon="-74.01671561631895"><time>2026-07-14T23:07:42Z</time></trkpt><trkpt lat="40.73796175505587" lon="-74.01671819260037"><time>2026-07-14T23:07:43Z</time></trkpt><trkpt lat="40.73793890459813" lon="-74.01673086863441"><time>2026-07-14T23:07:44Z</time></trkpt><trkpt lat="40.73791694404777" lon="-74.0167404633545"><time>2026-07-14T23:07:45Z</time></trkpt><trkpt lat="40.73788168727636" lon="-74.01675967534312"><time>2026-07-14T23:07:47Z</time></trkpt><trkpt lat="40.73785904785885" lon="-74.0167685802308"><time>2026-07-14T23:07:48Z</time></trkpt><trkpt lat="40.737835959975946" lon="-74.01677558513715"><time>2026-07-14T23:07:49Z</time></trkpt><trkpt lat="40.73782823336526" lon="-74.01681394627438"><time>2026-07-14T23:07:51Z</time></trkpt><trkpt lat="40.73781428199193" lon="-74.01683566311647"><time>2026-07-14T23:07:52Z</time></trkpt><trkpt lat="40.737820010690605" lon="-74.01687457432453"><time>2026-07-14T23:07:53Z</time></trkpt><trkpt lat="40.737840049377084" lon="-74.01690201398984"><time>2026-07-14T23:07:54Z</time></trkpt><trkpt lat="40.73786698361081" lon="-74.01693682512948"><time>2026-07-14T23:07:56Z</time></trkpt><trkpt lat="40.73789359136268" lon="-74.01695429918679"><time>2026-07-14T23:07:57Z</time></trkpt><trkpt lat="40.7379109552495" lon="-74.01699229765"><time>2026-07-14T23:07:58Z</time></trkpt><trkpt lat="40.73791556482712" lon="-74.01702911809726"><time>2026-07-14T23:07:59Z</time></trkpt><trkpt lat="40.73792120129849" lon="-74.01705873881193"><time>2026-07-14T23:08:00Z</time></trkpt><trkpt lat="40.73793453996849" lon="-74.01708151000356"><time>2026-07-14T23:08:01Z</time></trkpt><trkpt lat="40.73795437689951" lon="-74.01710859430914"><time>2026-07-14T23:08:02Z</time></trkpt><trkpt lat="40.73797689321319" lon="-74.01714109240433"><time>2026-07-14T23:08:03Z</time></trkpt><trkpt lat="40.73800068387228" lon="-74.0171768056774"><time>2026-07-14T23:08:04Z</time></trkpt><trkpt lat="40.73801837912246" lon="-74.01720713089537"><time>2026-07-14T23:08:05Z</time></trkpt><trkpt lat="40.7380332260388" lon="-74.0172362147102"><time>2026-07-14T23:08:06Z</time></trkpt><trkpt lat="40.73805335598103" lon="-74.01725202874799"><time>2026-07-14T23:08:07Z</time></trkpt><trkpt lat="40.73806520870267" lon="-74.01727506849758"><time>2026-07-14T23:08:08Z</time></trkpt><trkpt lat="40.73808872176378" lon="-74.01729875094807"><time>2026-07-14T23:08:09Z</time></trkpt><trkpt lat="40.738112107813386" lon="-74.01734100983562"><time>2026-07-14T23:08:10Z</time></trkpt><trkpt lat="40.73813103384631" lon="-74.0173802980425"><time>2026-07-14T23:08:11Z</time></trkpt><trkpt lat="40.73815144173468" lon="-74.01740105161585"><time>2026-07-14T23:08:12Z</time></trkpt><trkpt lat="40.738173013622834" lon="-74.01742347914751"><time>2026-07-14T23:08:13Z</time></trkpt><trkpt lat="40.73819337621098" lon="-74.01744604064586"><time>2026-07-14T23:08:14Z</time></trkpt><trkpt lat="40.73821909700798" lon="-74.01747855756834"><time>2026-07-14T23:08:15Z</time></trkpt><trkpt lat="40.73824411144795" lon="-74.01751579086263"><time>2026-07-14T23:08:16Z</time></trkpt><trkpt lat="40.738267660179574" lon="-74.01754152372044"><time>2026-07-14T23:08:17Z</time></trkpt><trkpt lat="40.7382778518951" lon="-74.01756833442899"><time>2026-07-14T23:08:18Z</time></trkpt><trkpt lat="40.73830507627405" lon="-74.0175845088404"><time>2026-07-14T23:08:19Z</time></trkpt><trkpt lat="40.738339769211976" lon="-74.01760518487349"><time>2026-07-14T23:08:20Z</time></trkpt><trkpt lat="40.73836557869781" lon="-74.01763099184897"><time>2026-07-14T23:08:21Z</time></trkpt><trkpt lat="40.73839273930849" lon="-74.01764279637622"><time>2026-07-14T23:08:22Z</time></trkpt><trkpt lat="40.738412944955904" lon="-74.01766427319805"><time>2026-07-14T23:08:23Z</time></trkpt><trkpt lat="40.738430245724395" lon="-74.0177002853056"><time>2026-07-14T23:08:24Z</time></trkpt><trkpt lat="40.73846429594762" lon="-74.01772511702995"><time>2026-07-14T23:08:25Z</time></trkpt><trkpt lat="40.73848348354586" lon="-74.0177508480757"><time>2026-07-14T23:08:26Z</time></trkpt><trkpt lat="40.738504984342235" lon="-74.01777611484697"><time>2026-07-14T23:08:27Z</time></trkpt><trkpt lat="40.73853100593994" lon="-74.01779762416106"><time>2026-07-14T23:08:28Z</time></trkpt><trkpt lat="40.73855587141589" lon="-74.01781526932308"><time>2026-07-14T23:08:29Z</time></trkpt><trkpt lat="40.73858340810361" lon="-74.01783096450937"><time>2026-07-14T23:08:30Z</time></trkpt><trkpt lat="40.7386088037815" lon="-74.0178511787253"><time>2026-07-14T23:08:31Z</time></trkpt><trkpt lat="40.738629866466695" lon="-74.01787298160178"><time>2026-07-14T23:08:32Z</time></trkpt><trkpt lat="40.738651565998964" lon="-74.01789671079237"><time>2026-07-14T23:08:33Z</time></trkpt><trkpt lat="40.73867276788843" lon="-74.01792296669623"><time>2026-07-14T23:08:34Z</time></trkpt><trkpt lat="40.73869253355736" lon="-74.01794567234946"><time>2026-07-14T23:08:35Z</time></trkpt><trkpt lat="40.73871221370853" lon="-74.01796801943847"><time>2026-07-14T23:08:36Z</time></trkpt><trkpt lat="40.73873226835286" lon="-74.01799396739813"><time>2026-07-14T23:08:37Z</time></trkpt><trkpt lat="40.73875810552893" lon="-74.01801300944996"><time>2026-07-14T23:08:38Z</time></trkpt><trkpt lat="40.73878794225325" lon="-74.01803025859392"><time>2026-07-14T23:08:39Z</time></trkpt><trkpt lat="40.7388120385509" lon="-74.01804753547077"><time>2026-07-14T23:08:40Z</time></trkpt><trkpt lat="40.73883415486719" lon="-74.01807007963744"><time>2026-07-14T23:08:41Z</time></trkpt><trkpt lat="40.738859773741126" lon="-74.01809184241111"><time>2026-07-14T23:08:42Z</time></trkpt><trkpt lat="40.738888760489324" lon="-74.01811599534061"><time>2026-07-14T23:08:43Z</time></trkpt><trkpt lat="40.73891126370346" lon="-74.01813371279644"><time>2026-07-14T23:08:44Z</time></trkpt><trkpt lat="40.73893127970728" lon="-74.01816024143507"><time>2026-07-14T23:08:45Z</time></trkpt><trkpt lat="40.73895666892891" lon="-74.01818481887875"><time>2026-07-14T23:08:46Z</time></trkpt><trkpt lat="40.738985769658555" lon="-74.01821222670114"><time>2026-07-14T23:08:47Z</time></trkpt><trkpt lat="40.73901264297682" lon="-74.01823343918903"><time>2026-07-14T23:08:48Z</time></trkpt><trkpt lat="40.739035850863274" lon="-74.0182515196589"><time>2026-07-14T23:08:49Z</time></trkpt><trkpt lat="40.7390600232846" lon="-74.01827181829385"><time>2026-07-14T23:08:50Z</time></trkpt><trkpt lat="40.73908440924818" lon="-74.0182966632267"><time>2026-07-14T23:08:51Z</time></trkpt><trkpt lat="40.73911067300039" lon="-74.01831791249859"><time>2026-07-14T23:08:52Z</time></trkpt><trkpt lat="40.739133403297906" lon="-74.01834146930051"><time>2026-07-14T23:08:53Z</time></trkpt><trkpt lat="40.739156124075464" lon="-74.01836728446105"><time>2026-07-14T23:08:54Z</time></trkpt><trkpt lat="40.73918073392824" lon="-74.01839371278331"><time>2026-07-14T23:08:55Z</time></trkpt><trkpt lat="40.739204551987186" lon="-74.01841885758138"><time>2026-07-14T23:08:56Z</time></trkpt><trkpt lat="40.739223179193225" lon="-74.01844442370322"><time>2026-07-14T23:08:57Z</time></trkpt><trkpt lat="40.739246299950125" lon="-74.01846366313535"><time>2026-07-14T23:08:58Z</time></trkpt><trkpt lat="40.73927090858019" lon="-74.0184750175106"><time>2026-07-14T23:08:59Z</time></trkpt><trkpt lat="40.73929802130783" lon="-74.01851350461021"><time>2026-07-14T23:09:00Z</time></trkpt><trkpt lat="40.739324300713044" lon="-74.01853337647682"><time>2026-07-14T23:09:01Z</time></trkpt><trkpt lat="40.739342213522896" lon="-74.01855106032666"><time>2026-07-14T23:09:02Z</time></trkpt><trkpt lat="40.739364339595205" lon="-74.01857624963306"><time>2026-07-14T23:09:03Z</time></trkpt><trkpt lat="40.73938010184678" lon="-74.01860614473837"><time>2026-07-14T23:09:04Z</time></trkpt><trkpt lat="40.739399037251005" lon="-74.01863312448504"><time>2026-07-14T23:09:05Z</time></trkpt><trkpt lat="40.73941967457307" lon="-74.01865634984968"><time>2026-07-14T23:09:06Z</time></trkpt><trkpt lat="40.73943875879407" lon="-74.01868480908561"><time>2026-07-14T23:09:07Z</time></trkpt><trkpt lat="40.739458200129604" lon="-74.01871272908382"><time>2026-07-14T23:09:08Z</time></trkpt><trkpt lat="40.73947660156669" lon="-74.01873739916438"><time>2026-07-14T23:09:09Z</time></trkpt><trkpt lat="40.73949549604659" lon="-74.01876020160056"><time>2026-07-14T23:09:10Z</time></trkpt><trkpt lat="40.73951991231444" lon="-74.01877580931466"><time>2026-07-14T23:09:11Z</time></trkpt><trkpt lat="40.73954327845179" lon="-74.01879832270735"><time>2026-07-14T23:09:12Z</time></trkpt><trkpt lat="40.73956583219798" lon="-74.01881731904733"><time>2026-07-14T23:09:13Z</time></trkpt><trkpt lat="40.739584440078" lon="-74.01883763251789"><time>2026-07-14T23:09:14Z</time></trkpt><trkpt lat="40.739607276110824" lon="-74.01885934426109"><time>2026-07-14T23:09:15Z</time></trkpt><trkpt lat="40.73963190635713" lon="-74.01887692344226"><time>2026-07-14T23:09:16Z</time></trkpt><trkpt lat="40.73965477041043" lon="-74.01889926275325"><time>2026-07-14T23:09:17Z</time></trkpt><trkpt lat="40.73967782572193" lon="-74.01892211976141"><time>2026-07-14T23:09:18Z</time></trkpt><trkpt lat="40.73970279708919" lon="-74.01894873418664"><time>2026-07-14T23:09:19Z</time></trkpt><trkpt lat="40.7397281263042" lon="-74.01897119062956"><time>2026-07-14T23:09:20Z</time></trkpt><trkpt lat="40.73975429415584" lon="-74.01898749181889"><time>2026-07-14T23:09:21Z</time></trkpt><trkpt lat="40.73977884722842" lon="-74.01900620428279"><time>2026-07-14T23:09:22Z</time></trkpt><trkpt lat="40.73980065556169" lon="-74.01903388726112"><time>2026-07-14T23:09:23Z</time></trkpt><trkpt lat="40.73982117770728" lon="-74.01906002426075"><time>2026-07-14T23:09:24Z</time></trkpt><trkpt lat="40.73984657841507" lon="-74.01908526727445"><time>2026-07-14T23:09:25Z</time></trkpt><trkpt lat="40.73987238667866" lon="-74.01910834260316"><time>2026-07-14T23:09:26Z</time></trkpt><trkpt lat="40.739899202015835" lon="-74.0191333998225"><time>2026-07-14T23:09:27Z</time></trkpt><trkpt lat="40.73992473216709" lon="-74.0191539186079"><time>2026-07-14T23:09:28Z</time></trkpt><trkpt lat="40.73995283045302" lon="-74.0191668009263"><time>2026-07-14T23:09:29Z</time></trkpt><trkpt lat="40.7399783044349" lon="-74.01918505462446"><time>2026-07-14T23:09:30Z</time></trkpt><trkpt lat="40.74000474390444" lon="-74.01920518136446"><time>2026-07-14T23:09:31Z</time></trkpt><trkpt lat="40.74003214021509" lon="-74.01922144273293"><time>2026-07-14T23:09:32Z</time></trkpt><trkpt lat="40.74006041675455" lon="-74.01924098815358"><time>2026-07-14T23:09:33Z</time></trkpt><trkpt lat="40.740086243197126" lon="-74.01925984391427"><time>2026-07-14T23:09:34Z</time></trkpt><trkpt lat="40.74011143499891" lon="-74.01927962056801"><time>2026-07-14T23:09:35Z</time></trkpt><trkpt lat="40.740138214964034" lon="-74.01929812064627"><time>2026-07-14T23:09:36Z</time></trkpt><trkpt lat="40.74016476450926" lon="-74.0193191873637"><time>2026-07-14T23:09:37Z</time></trkpt><trkpt lat="40.740193918373855" lon="-74.01933823241515"><time>2026-07-14T23:09:38Z</time></trkpt><trkpt lat="40.740222496097964" lon="-74.01935653660544"><time>2026-07-14T23:09:39Z</time></trkpt><trkpt lat="40.74025008638433" lon="-74.01937915873444"><time>2026-07-14T23:09:40Z</time></trkpt><trkpt lat="40.740275263447934" lon="-74.01940643374998"><time>2026-07-14T23:09:41Z</time></trkpt><trkpt lat="40.74029833751642" lon="-74.01943005323862"><time>2026-07-14T23:09:42Z</time></trkpt><trkpt lat="40.74031781579195" lon="-74.01945996660773"><time>2026-07-14T23:09:43Z</time></trkpt><trkpt lat="40.74034398519055" lon="-74.0194867649265"><time>2026-07-14T23:09:44Z</time></trkpt><trkpt lat="40.74037252362633" lon="-74.01950802600109"><time>2026-07-14T23:09:45Z</time></trkpt><trkpt lat="40.740394673160175" lon="-74.0195294264923"><time>2026-07-14T23:09:46Z</time></trkpt><trkpt lat="40.74041515509978" lon="-74.01955338368981"><time>2026-07-14T23:09:47Z</time></trkpt><trkpt lat="40.74043686768143" lon="-74.01958015560218"><time>2026-07-14T23:09:48Z</time></trkpt><trkpt lat="40.740459627096506" lon="-74.01961124324433"><time>2026-07-14T23:09:49Z</time></trkpt><trkpt lat="40.74048161474559" lon="-74.01964000346591"><time>2026-07-14T23:09:50Z</time></trkpt><trkpt lat="40.74050119586565" lon="-74.01966893124538"><time>2026-07-14T23:09:51Z</time></trkpt><trkpt lat="40.740518949584065" lon="-74.01969592176829"><time>2026-07-14T23:09:52Z</time></trkpt><trkpt lat="40.74053466714498" lon="-74.01972547897059"><time>2026-07-14T23:09:53Z</time></trkpt><trkpt lat="40.7405522400191" lon="-74.0197585669047"><time>2026-07-14T23:09:54Z</time></trkpt><trkpt lat="40.74056982633921" lon="-74.01979298380327"><time>2026-07-14T23:09:55Z</time></trkpt><trkpt lat="40.74058258270418" lon="-74.0198277060856"><time>2026-07-14T23:09:56Z</time></trkpt><trkpt lat="40.740587983889036" lon="-74.01985754408784"><time>2026-07-14T23:09:57Z</time></trkpt><trkpt lat="40.74059234487729" lon="-74.01988463381396"><time>2026-07-14T23:09:58Z</time></trkpt><trkpt lat="40.74060690327686" lon="-74.01991208564938"><time>2026-07-14T23:09:59Z</time></trkpt><trkpt lat="40.74062218813255" lon="-74.01994193860003"><time>2026-07-14T23:10:00Z</time></trkpt><trkpt lat="40.74063846434557" lon="-74.01997856235751"><time>2026-07-14T23:10:01Z</time></trkpt><trkpt lat="40.74065303861781" lon="-74.02001386837713"><time>2026-07-14T23:10:02Z</time></trkpt><trkpt lat="40.740666958108136" lon="-74.020046078442"><time>2026-07-14T23:10:03Z</time></trkpt><trkpt lat="40.74067740386434" lon="-74.02007406452714"><time>2026-07-14T23:10:04Z</time></trkpt><trkpt lat="40.74068387527994" lon="-74.02009998260873"><time>2026-07-14T23:10:05Z</time></trkpt><trkpt lat="40.740701292727486" lon="-74.02012393410592"><time>2026-07-14T23:10:06Z</time></trkpt><trkpt lat="40.74071613821962" lon="-74.02015318357715"><time>2026-07-14T23:10:07Z</time></trkpt><trkpt lat="40.74073099684305" lon="-74.02018424647771"><time>2026-07-14T23:10:08Z</time></trkpt><trkpt lat="40.74074166195645" lon="-74.02021829321585"><time>2026-07-14T23:10:09Z</time></trkpt><trkpt lat="40.740751827937196" lon="-74.02024787117672"><time>2026-07-14T23:10:10Z</time></trkpt><trkpt lat="40.74076289932731" lon="-74.02027447894666"><time>2026-07-14T23:10:11Z</time></trkpt><trkpt lat="40.74078120034137" lon="-74.02029683588572"><time>2026-07-14T23:10:12Z</time></trkpt><trkpt lat="40.7407997937003" lon="-74.02031896642708"><time>2026-07-14T23:10:13Z</time></trkpt><trkpt lat="40.74081732799376" lon="-74.020345507463"><time>2026-07-14T23:10:14Z</time></trkpt><trkpt lat="40.74083169537203" lon="-74.02037355831176"><time>2026-07-14T23:10:15Z</time></trkpt><trkpt lat="40.74085002939918" lon="-74.02039751381056"><time>2026-07-14T23:10:16Z</time></trkpt><trkpt lat="40.74086307696079" lon="-74.0204199008915"><time>2026-07-14T23:10:17Z</time></trkpt><trkpt lat="40.74088087842878" lon="-74.02044120605855"><time>2026-07-14T23:10:18Z</time></trkpt><trkpt lat="40.74090246267483" lon="-74.02046871878404"><time>2026-07-14T23:10:19Z</time></trkpt><trkpt lat="40.740930649032585" lon="-74.02048354714763"><time>2026-07-14T23:10:20Z</time></trkpt><trkpt lat="40.74094857121772" lon="-74.02049284595826"><time>2026-07-14T23:10:21Z</time></trkpt><trkpt lat="40.740964872023504" lon="-74.02050844029691"><time>2026-07-14T23:10:22Z</time></trkpt><trkpt lat="40.740983261989115" lon="-74.02051519926462"><time>2026-07-14T23:10:23Z</time></trkpt><trkpt lat="40.74100547248488" lon="-74.02053454689407"><time>2026-07-14T23:10:24Z</time></trkpt><trkpt lat="40.741039825245466" lon="-74.02055457372238"><time>2026-07-14T23:10:26Z</time></trkpt><trkpt lat="40.74105695159362" lon="-74.02057020124442"><time>2026-07-14T23:10:27Z</time></trkpt><trkpt lat="40.741080779331774" lon="-74.02057610365635"><time>2026-07-14T23:10:28Z</time></trkpt><trkpt lat="40.74110078180432" lon="-74.02058749739385"><time>2026-07-14T23:10:29Z</time></trkpt><trkpt lat="40.741122638281325" lon="-74.02060644579326"><time>2026-07-14T23:10:30Z</time></trkpt><trkpt lat="40.74114056025383" lon="-74.02062976531263"><time>2026-07-14T23:10:31Z</time></trkpt><trkpt lat="40.74116488514578" lon="-74.02065596459079"><time>2026-07-14T23:10:33Z</time></trkpt><trkpt lat="40.74117590385036" lon="-74.02067680273709"><time>2026-07-14T23:10:34Z</time></trkpt><trkpt lat="40.74119617039135" lon="-74.0207053510525"><time>2026-07-14T23:10:35Z</time></trkpt><trkpt lat="40.7412216603349" lon="-74.02072833781405"><time>2026-07-14T23:10:36Z</time></trkpt><trkpt lat="40.74123781646112" lon="-74.02074852313946"><time>2026-07-14T23:10:37Z</time></trkpt><trkpt lat="40.74125193859069" lon="-74.02077907943061"><time>2026-07-14T23:10:38Z</time></trkpt><trkpt lat="40.74127076109322" lon="-74.0208062315177"><time>2026-07-14T23:10:39Z</time></trkpt><trkpt lat="40.74128757684019" lon="-74.0208357466484"><time>2026-07-14T23:10:40Z</time></trkpt><trkpt lat="40.741302701801615" lon="-74.02085225082327"><time>2026-07-14T23:10:41Z</time></trkpt><trkpt lat="40.74131423141416" lon="-74.02087720909687"><time>2026-07-14T23:10:42Z</time></trkpt><trkpt lat="40.74133555613226" lon="-74.02091215053518"><time>2026-07-14T23:10:43Z</time></trkpt><trkpt lat="40.74135703610916" lon="-74.02094513369914"><time>2026-07-14T23:10:44Z</time></trkpt><trkpt lat="40.74137259360715" lon="-74.0209710044399"><time>2026-07-14T23:10:45Z</time></trkpt><trkpt lat="40.7413797190213" lon="-74.0209982805732"><time>2026-07-14T23:10:46Z</time></trkpt><trkpt lat="40.74139372579764" lon="-74.02101954223818"><time>2026-07-14T23:10:47Z</time></trkpt><trkpt lat="40.7413983889527" lon="-74.02104364540635"><time>2026-07-14T23:10:48Z</time></trkpt><trkpt lat="40.74141367330005" lon="-74.02107663640699"><time>2026-07-14T23:10:49Z</time></trkpt><trkpt lat="40.741419056530475" lon="-74.0211127224233"><time>2026-07-14T23:10:50Z</time></trkpt><trkpt lat="40.74142868193521" lon="-74.0211409950812"><time>2026-07-14T23:10:51Z</time></trkpt><trkpt lat="40.741441765698106" lon="-74.02116313055356"><time>2026-07-14T23:10:52Z</time></trkpt><trkpt lat="40.74145690062608" lon="-74.02117916937517"><time>2026-07-14T23:10:53Z</time></trkpt><trkpt lat="40.74147299609264" lon="-74.02120196339565"><time>2026-07-14T23:10:54Z</time></trkpt><trkpt lat="40.74148210258673" lon="-74.02122294054884"><time>2026-07-14T23:10:55Z</time></trkpt><trkpt lat="40.74149147507172" lon="-74.02124555574132"><time>2026-07-14T23:10:56Z</time></trkpt><trkpt lat="40.7415171828915" lon="-74.02127939334721"><time>2026-07-14T23:10:58Z</time></trkpt><trkpt lat="40.741532164370625" lon="-74.02129383331918"><time>2026-07-14T23:10:59Z</time></trkpt><trkpt lat="40.741547881510414" lon="-74.02130623109707"><time>2026-07-14T23:11:00Z</time></trkpt><trkpt lat="40.74157873071191" lon="-74.02132251482102"><time>2026-07-14T23:11:02Z</time></trkpt><trkpt lat="40.74160141620729" lon="-74.02133472812955"><time>2026-07-14T23:11:03Z</time></trkpt><trkpt lat="40.741618278263694" lon="-74.02134397351792"><time>2026-07-14T23:11:04Z</time></trkpt><trkpt lat="40.74163558854138" lon="-74.021352337627"><time>2026-07-14T23:11:05Z</time></trkpt><trkpt lat="40.74165742752133" lon="-74.02135665636385"><time>2026-07-14T23:11:06Z</time></trkpt><trkpt lat="40.74168394847644" lon="-74.02135674040969"><time>2026-07-14T23:11:07Z</time></trkpt><trkpt lat="40.74170409788698" lon="-74.0213660826964"><time>2026-07-14T23:11:08Z</time></trkpt><trkpt lat="40.74172950971505" lon="-74.02138521856703"><time>2026-07-14T23:11:09Z</time></trkpt><trkpt lat="40.74173818032164" lon="-74.02142079971036"><time>2026-07-14T23:11:11Z</time></trkpt><trkpt lat="40.74172806660758" lon="-74.02144375796433"><time>2026-07-14T23:11:13Z</time></trkpt><trkpt lat="40.74171162762565" lon="-74.02146831784259"><time>2026-07-14T23:11:16Z</time></trkpt><trkpt lat="40.741694976989464" lon="-74.02148644195385"><time>2026-07-14T23:11:19Z</time></trkpt><trkpt lat="40.74167022078417" lon="-74.021497054367"><time>2026-07-14T23:11:22Z</time></trkpt><trkpt lat="40.74164384940923" lon="-74.02150607289231"><time>2026-07-14T23:11:24Z</time></trkpt><trkpt lat="40.74162268490556" lon="-74.02150860480066"><time>2026-07-14T23:11:26Z</time></trkpt><trkpt lat="40.74158896195477" lon="-74.02151323560564"><time>2026-07-14T23:11:28Z</time></trkpt><trkpt lat="40.741564379851695" lon="-74.02152352971235"><time>2026-07-14T23:11:30Z</time></trkpt><trkpt lat="40.74153390901834" lon="-74.02153258132306"><time>2026-07-14T23:11:32Z</time></trkpt><trkpt lat="40.741508240856184" lon="-74.02154309927542"><time>2026-07-14T23:11:34Z</time></trkpt><trkpt lat="40.741482598124975" lon="-74.02156215156741"><time>2026-07-14T23:11:36Z</time></trkpt><trkpt lat="40.741451373358444" lon="-74.02157095425339"><time>2026-07-14T23:11:38Z</time></trkpt><trkpt lat="40.741426226030235" lon="-74.02156487357549"><time>2026-07-14T23:11:40Z</time></trkpt><trkpt lat="40.74140657137333" lon="-74.02158070442006"><time>2026-07-14T23:11:42Z</time></trkpt><trkpt lat="40.74138228595737" lon="-74.02159104430768"><time>2026-07-14T23:11:44Z</time></trkpt><trkpt lat="40.741360696885664" lon="-74.02160025419256"><time>2026-07-14T23:11:46Z</time></trkpt><trkpt lat="40.741342960264205" lon="-74.02160811978821"><time>2026-07-14T23:11:49Z</time></trkpt><trkpt lat="40.74132042220252" lon="-74.0216231224835"><time>2026-07-14T23:11:51Z</time></trkpt><trkpt lat="40.74130112260562" lon="-74.02160413922147"><time>2026-07-14T23:11:54Z</time></trkpt><trkpt lat="40.741281735851715" lon="-74.0215891105263"><time>2026-07-14T23:11:57Z</time></trkpt><trkpt lat="40.74126236543704" lon="-74.02158697175956"><time>2026-07-14T23:11:59Z</time></trkpt><trkpt lat="40.741243237429" lon="-74.02157950125435"><time>2026-07-14T23:12:01Z</time></trkpt><trkpt lat="40.74122497236331" lon="-74.02157510115435"><time>2026-07-14T23:12:04Z</time></trkpt><trkpt lat="40.741202772122485" lon="-74.02157468862806"><time>2026-07-14T23:12:07Z</time></trkpt><trkpt lat="40.74117711293107" lon="-74.02156699237511"><time>2026-07-14T23:12:10Z</time></trkpt><trkpt lat="40.741153379182144" lon="-74.02156273397068"><time>2026-07-14T23:12:12Z</time></trkpt><trkpt lat="40.74113480245758" lon="-74.02155909082018"><time>2026-07-14T23:12:14Z</time></trkpt><trkpt lat="40.7411086066425" lon="-74.02155156083316"><time>2026-07-14T23:12:16Z</time></trkpt><trkpt lat="40.741082797451234" lon="-74.02155064432073"><time>2026-07-14T23:12:18Z</time></trkpt><trkpt lat="40.741058315354095" lon="-74.02155113128578"><time>2026-07-14T23:12:20Z</time></trkpt><trkpt lat="40.741030019460936" lon="-74.02154648694602"><time>2026-07-14T23:12:22Z</time></trkpt><trkpt lat="40.74100303343455" lon="-74.02153782688548"><time>2026-07-14T23:12:24Z</time></trkpt><trkpt lat="40.74097404355382" lon="-74.02153112269079"><time>2026-07-14T23:12:26Z</time></trkpt><trkpt lat="40.740934759728994" lon="-74.02152326269562"><time>2026-07-14T23:12:28Z</time></trkpt><trkpt lat="40.7409176444387" lon="-74.02153717744478"><time>2026-07-14T23:12:29Z</time></trkpt><trkpt lat="40.74088706681622" lon="-74.02152582629286"><time>2026-07-14T23:12:31Z</time></trkpt><trkpt lat="40.7408503833244" lon="-74.02152157234649"><time>2026-07-14T23:12:33Z</time></trkpt><trkpt lat="40.74082747612838" lon="-74.02152243674088"><time>2026-07-14T23:12:34Z</time></trkpt><trkpt lat="40.740806456122314" lon="-74.02150854420988"><time>2026-07-14T23:12:35Z</time></trkpt><trkpt lat="40.740785846376546" lon="-74.02150013486347"><time>2026-07-14T23:12:36Z</time></trkpt><trkpt lat="40.74074782102264" lon="-74.02150576814633"><time>2026-07-14T23:12:38Z</time></trkpt><trkpt lat="40.74071354051916" lon="-74.02151921494938"><time>2026-07-14T23:12:40Z</time></trkpt><trkpt lat="40.74069213123991" lon="-74.0215222745204"><time>2026-07-14T23:12:41Z</time></trkpt><trkpt lat="40.74066981129153" lon="-74.02152609357218"><time>2026-07-14T23:12:42Z</time></trkpt><trkpt lat="40.74064814946694" lon="-74.02153251652858"><time>2026-07-14T23:12:43Z</time></trkpt><trkpt lat="40.74062714205025" lon="-74.02153899855418"><time>2026-07-14T23:12:44Z</time></trkpt><trkpt lat="40.740592527508866" lon="-74.02154992952185"><time>2026-07-14T23:12:46Z</time></trkpt><trkpt lat="40.74057114471732" lon="-74.02155528675942"><time>2026-07-14T23:12:47Z</time></trkpt><trkpt lat="40.74053668293364" lon="-74.02156199654426"><time>2026-07-14T23:12:49Z</time></trkpt><trkpt lat="40.740500713701145" lon="-74.02156211452096"><time>2026-07-14T23:12:51Z</time></trkpt><trkpt lat="40.74047831266503" lon="-74.0215752241346"><time>2026-07-14T23:12:52Z</time></trkpt><trkpt lat="40.740456102972296" lon="-74.02157985978504"><time>2026-07-14T23:12:53Z</time></trkpt><trkpt lat="40.74043704149896" lon="-74.02157307345855"><time>2026-07-14T23:12:54Z</time></trkpt><trkpt lat="40.74041648318559" lon="-74.02157347115278"><time>2026-07-14T23:12:55Z</time></trkpt><trkpt lat="40.74037937143912" lon="-74.02159123708371"><time>2026-07-14T23:12:57Z</time></trkpt><trkpt lat="40.7403555115109" lon="-74.02160251311005"><time>2026-07-14T23:12:58Z</time></trkpt><trkpt lat="40.740337176261654" lon="-74.02161589409964"><time>2026-07-14T23:12:59Z</time></trkpt><trkpt lat="40.740317602298326" lon="-74.02162678510525"><time>2026-07-14T23:13:00Z</time></trkpt><trkpt lat="40.74029828800201" lon="-74.02163902873778"><time>2026-07-14T23:13:01Z</time></trkpt><trkpt lat="40.740275825503105" lon="-74.02164528183076"><time>2026-07-14T23:13:02Z</time></trkpt><trkpt lat="40.74025779936253" lon="-74.02165524189483"><time>2026-07-14T23:13:03Z</time></trkpt><trkpt lat="40.74023722017277" lon="-74.02166145941975"><time>2026-07-14T23:13:04Z</time></trkpt><trkpt lat="40.740219749962044" lon="-74.02167186631782"><time>2026-07-14T23:13:05Z</time></trkpt><trkpt lat="40.74020144473005" lon="-74.02168087066978"><time>2026-07-14T23:13:06Z</time></trkpt><trkpt lat="40.74018428856524" lon="-74.02169072289244"><time>2026-07-14T23:13:07Z</time></trkpt><trkpt lat="40.74015010376558" lon="-74.02170137330138"><time>2026-07-14T23:13:09Z</time></trkpt><trkpt lat="40.7401183022646" lon="-74.02170342836692"><time>2026-07-14T23:13:11Z</time></trkpt><trkpt lat="40.74009342579895" lon="-74.02169872998957"><time>2026-07-14T23:13:12Z</time></trkpt><trkpt lat="40.740076694775205" lon="-74.02168427613731"><time>2026-07-14T23:13:13Z</time></trkpt><trkpt lat="40.74004636054533" lon="-74.02169524366377"><time>2026-07-14T23:13:15Z</time></trkpt><trkpt lat="40.74001841541686" lon="-74.021711531639"><time>2026-07-14T23:13:17Z</time></trkpt><trkpt lat="40.74000121772909" lon="-74.02172153944294"><time>2026-07-14T23:13:18Z</time></trkpt><trkpt lat="40.73996818671304" lon="-74.02172139378571"><time>2026-07-14T23:13:20Z</time></trkpt><trkpt lat="40.73993812024753" lon="-74.02172711484613"><time>2026-07-14T23:13:22Z</time></trkpt><trkpt lat="40.73990657930336" lon="-74.02172643369073"><time>2026-07-14T23:13:24Z</time></trkpt><trkpt lat="40.73986843671463" lon="-74.02174722141841"><time>2026-07-14T23:13:26Z</time></trkpt><trkpt lat="40.739849406308174" lon="-74.0217545749654"><time>2026-07-14T23:13:27Z</time></trkpt><trkpt lat="40.73982357301472" lon="-74.02176595638187"><time>2026-07-14T23:13:29Z</time></trkpt><trkpt lat="40.73979743197858" lon="-74.0217812334221"><time>2026-07-14T23:13:31Z</time></trkpt><trkpt lat="40.73977894889815" lon="-74.02178633843778"><time>2026-07-14T23:13:32Z</time></trkpt><trkpt lat="40.73976015024995" lon="-74.02179512234663"><time>2026-07-14T23:13:33Z</time></trkpt><trkpt lat="40.73974248360313" lon="-74.02180445635648"><time>2026-07-14T23:13:34Z</time></trkpt><trkpt lat="40.73971713611845" lon="-74.021818718534"><time>2026-07-14T23:13:36Z</time></trkpt><trkpt lat="40.739692393026814" lon="-74.02182939647128"><time>2026-07-14T23:13:38Z</time></trkpt><trkpt lat="40.73965858973553" lon="-74.02184349931383"><time>2026-07-14T23:13:40Z</time></trkpt><trkpt lat="40.73963170517787" lon="-74.02186662858095"><time>2026-07-14T23:13:42Z</time></trkpt><trkpt lat="40.739611630052714" lon="-74.02186573654076"><time>2026-07-14T23:13:44Z</time></trkpt><trkpt lat="40.73957819072929" lon="-74.02185578974593"><time>2026-07-14T23:13:46Z</time></trkpt><trkpt lat="40.73955636032086" lon="-74.02186237189295"><time>2026-07-14T23:13:48Z</time></trkpt><trkpt lat="40.73952472629558" lon="-74.02186503514096"><time>2026-07-14T23:13:50Z</time></trkpt><trkpt lat="40.73950200630697" lon="-74.02187324565708"><time>2026-07-14T23:13:52Z</time></trkpt><trkpt lat="40.739484524836136" lon="-74.021906303973"><time>2026-07-14T23:13:54Z</time></trkpt><trkpt lat="40.73948967250869" lon="-74.02194709193054"><time>2026-07-14T23:13:56Z</time></trkpt><trkpt lat="40.739512042642694" lon="-74.02197016400845"><time>2026-07-14T23:13:57Z</time></trkpt><trkpt lat="40.73953425314218" lon="-74.02199345717784"><time>2026-07-14T23:13:58Z</time></trkpt><trkpt lat="40.73955872642071" lon="-74.02200495890318"><time>2026-07-14T23:13:59Z</time></trkpt><trkpt lat="40.739582660085865" lon="-74.02201082296162"><time>2026-07-14T23:14:00Z</time></trkpt><trkpt lat="40.7396014482067" lon="-74.02201228118088"><time>2026-07-14T23:14:01Z</time></trkpt><trkpt lat="40.73962426973439" lon="-74.02201733334073"><time>2026-07-14T23:14:02Z</time></trkpt><trkpt lat="40.73964291070675" lon="-74.02201371679172"><time>2026-07-14T23:14:03Z</time></trkpt><trkpt lat="40.73968157947901" lon="-74.02203259512541"><time>2026-07-14T23:14:05Z</time></trkpt><trkpt lat="40.739702499741796" lon="-74.02202619857339"><time>2026-07-14T23:14:06Z</time></trkpt><trkpt lat="40.739724919043795" lon="-74.02204117179448"><time>2026-07-14T23:14:07Z</time></trkpt><trkpt lat="40.7397423210427" lon="-74.02205221448548"><time>2026-07-14T23:14:08Z</time></trkpt><trkpt lat="40.73976376030697" lon="-74.02206412554915"><time>2026-07-14T23:14:09Z</time></trkpt><trkpt lat="40.739784216496005" lon="-74.02207858681544"><time>2026-07-14T23:14:10Z</time></trkpt><trkpt lat="40.739805714706705" lon="-74.02208982461025"><time>2026-07-14T23:14:11Z</time></trkpt><trkpt lat="40.73983149981128" lon="-74.0221050638854"><time>2026-07-14T23:14:12Z</time></trkpt><trkpt lat="40.73985652376462" lon="-74.02211816218728"><time>2026-07-14T23:14:13Z</time></trkpt><trkpt lat="40.739876004666534" lon="-74.02213017662113"><time>2026-07-14T23:14:14Z</time></trkpt><trkpt lat="40.73989846618665" lon="-74.02215093947488"><time>2026-07-14T23:14:15Z</time></trkpt><trkpt lat="40.739915545429874" lon="-74.02216787182995"><time>2026-07-14T23:14:16Z</time></trkpt><trkpt lat="40.73993613677181" lon="-74.0221865752178"><time>2026-07-14T23:14:17Z</time></trkpt><trkpt lat="40.73995418514811" lon="-74.02220348452958"><time>2026-07-14T23:14:18Z</time></trkpt><trkpt lat="40.739977507920365" lon="-74.02221752471551"><time>2026-07-14T23:14:19Z</time></trkpt><trkpt lat="40.73999892434908" lon="-74.0222353698784"><time>2026-07-14T23:14:20Z</time></trkpt><trkpt lat="40.7400252354155" lon="-74.02225179228478"><time>2026-07-14T23:14:21Z</time></trkpt><trkpt lat="40.7400469116445" lon="-74.02226839539853"><time>2026-07-14T23:14:22Z</time></trkpt><trkpt lat="40.74006219494422" lon="-74.02228810834819"><time>2026-07-14T23:14:23Z</time></trkpt><trkpt lat="40.740074520932296" lon="-74.02231166983091"><time>2026-07-14T23:14:24Z</time></trkpt><trkpt lat="40.7400773164482" lon="-74.02233945852109"><time>2026-07-14T23:14:26Z</time></trkpt><trkpt lat="40.74007216697213" lon="-74.02236240901911"><time>2026-07-14T23:14:27Z</time></trkpt><trkpt lat="40.740048508073116" lon="-74.02235922286891"><time>2026-07-14T23:14:30Z</time></trkpt><trkpt lat="40.74002828911361" lon="-74.02235269992667"><time>2026-07-14T23:14:33Z</time></trkpt><trkpt lat="40.74001120317843" lon="-74.02233317708212"><time>2026-07-14T23:14:36Z</time></trkpt><trkpt lat="40.73999663765207" lon="-74.02231921896816"><time>2026-07-14T23:14:38Z</time></trkpt><trkpt lat="40.739971747856984" lon="-74.02230275296175"><time>2026-07-14T23:14:41Z</time></trkpt><trkpt lat="40.739952022797574" lon="-74.02228436634006"><time>2026-07-14T23:14:43Z</time></trkpt><trkpt lat="40.73992651221322" lon="-74.02228472521956"><time>2026-07-14T23:14:46Z</time></trkpt><trkpt lat="40.73990258878898" lon="-74.02227793739563"><time>2026-07-14T23:14:49Z</time></trkpt><trkpt lat="40.73987972211354" lon="-74.02226226846763"><time>2026-07-14T23:14:52Z</time></trkpt><trkpt lat="40.73985326486928" lon="-74.02224723775157"><time>2026-07-14T23:14:55Z</time></trkpt><trkpt lat="40.73983548330951" lon="-74.0222414310644"><time>2026-07-14T23:14:57Z</time></trkpt><trkpt lat="40.739814669309716" lon="-74.02223954146402"><time>2026-07-14T23:14:59Z</time></trkpt><trkpt lat="40.739789197058236" lon="-74.02223429176888"><time>2026-07-14T23:15:02Z</time></trkpt><trkpt lat="40.7397658154676" lon="-74.02222421200592"><time>2026-07-14T23:15:05Z</time></trkpt><trkpt lat="40.739747311803896" lon="-74.02221604134212"><time>2026-07-14T23:15:07Z</time></trkpt><trkpt lat="40.73972683138274" lon="-74.02221067735047"><time>2026-07-14T23:15:09Z</time></trkpt><trkpt lat="40.73970255258074" lon="-74.02221108095999"><time>2026-07-14T23:15:11Z</time></trkpt><trkpt lat="40.739675886471204" lon="-74.02221246492127"><time>2026-07-14T23:15:13Z</time></trkpt><trkpt lat="40.739653040339405" lon="-74.02221771940945"><time>2026-07-14T23:15:15Z</time></trkpt><trkpt lat="40.73962750120468" lon="-74.02222423289334"><time>2026-07-14T23:15:17Z</time></trkpt><trkpt lat="40.73960475222812" lon="-74.02223105926885"><time>2026-07-14T23:15:19Z</time></trkpt><trkpt lat="40.739578859366404" lon="-74.02223367103858"><time>2026-07-14T23:15:21Z</time></trkpt><trkpt lat="40.739551964999876" lon="-74.02223366934031"><time>2026-07-14T23:15:23Z</time></trkpt><trkpt lat="40.739532314828395" lon="-74.02223811819084"><time>2026-07-14T23:15:25Z</time></trkpt><trkpt lat="40.73950878726313" lon="-74.0222389145437"><time>2026-07-14T23:15:27Z</time></trkpt><trkpt lat="40.73948830683934" lon="-74.02223984882728"><time>2026-07-14T23:15:29Z</time></trkpt><trkpt lat="40.739464373957" lon="-74.02224230438748"><time>2026-07-14T23:15:31Z</time></trkpt><trkpt lat="40.73943970905214" lon="-74.02224341360065"><time>2026-07-14T23:15:33Z</time></trkpt><trkpt lat="40.73940590879197" lon="-74.02224487769145"><time>2026-07-14T23:15:36Z</time></trkpt><trkpt lat="40.73938783345273" lon="-74.02224528985349"><time>2026-07-14T23:15:37Z</time></trkpt><trkpt lat="40.73936948683398" lon="-74.02224146297489"><time>2026-07-14T23:15:39Z</time></trkpt><trkpt lat="40.73933716190494" lon="-74.02224320883401"><time>2026-07-14T23:15:41Z</time></trkpt><trkpt lat="40.739315811259544" lon="-74.02224233856134"><time>2026-07-14T23:15:42Z</time></trkpt><trkpt lat="40.73929396168604" lon="-74.02224247377809"><time>2026-07-14T23:15:43Z</time></trkpt><trkpt lat="40.739263928357595" lon="-74.02224899952373"><time>2026-07-14T23:15:45Z</time></trkpt><trkpt lat="40.73922991595315" lon="-74.0222453931032"><time>2026-07-14T23:15:47Z</time></trkpt><trkpt lat="40.73920688114031" lon="-74.0222392731743"><time>2026-07-14T23:15:48Z</time></trkpt><trkpt lat="40.73918268941109" lon="-74.02224486849367"><time>2026-07-14T23:15:49Z</time></trkpt><trkpt lat="40.73916435716652" lon="-74.02225768564132"><time>2026-07-14T23:15:50Z</time></trkpt><trkpt lat="40.7391474009442" lon="-74.02226989900369"><time>2026-07-14T23:15:51Z</time></trkpt><trkpt lat="40.73911549362012" lon="-74.0222786587811"><time>2026-07-14T23:15:53Z</time></trkpt><trkpt lat="40.73908310057764" lon="-74.02229071040595"><time>2026-07-14T23:15:55Z</time></trkpt><trkpt lat="40.739062974948446" lon="-74.02229175340292"><time>2026-07-14T23:15:56Z</time></trkpt><trkpt lat="40.739043933163025" lon="-74.02229438689024"><time>2026-07-14T23:15:57Z</time></trkpt><trkpt lat="40.73902573351011" lon="-74.02229012407169"><time>2026-07-14T23:15:58Z</time></trkpt><trkpt lat="40.7389989410399" lon="-74.02227105890945"><time>2026-07-14T23:16:00Z</time></trkpt><trkpt lat="40.738981390082365" lon="-74.02226298481581"><time>2026-07-14T23:16:01Z</time></trkpt><trkpt lat="40.73896057779398" lon="-74.02222330282173"><time>2026-07-14T23:16:03Z</time></trkpt><trkpt lat="40.73895505247633" lon="-74.02219111926252"><time>2026-07-14T23:16:04Z</time></trkpt><trkpt lat="40.738956328126044" lon="-74.02215811885513"><time>2026-07-14T23:16:05Z</time></trkpt><trkpt lat="40.738958657974436" lon="-74.0221289132803"><time>2026-07-14T23:16:06Z</time></trkpt><trkpt lat="40.73896482386229" lon="-74.0220970670817"><time>2026-07-14T23:16:07Z</time></trkpt><trkpt lat="40.73897363156377" lon="-74.0220633226163"><time>2026-07-14T23:16:08Z</time></trkpt><trkpt lat="40.73898540215717" lon="-74.02203839994554"><time>2026-07-14T23:16:09Z</time></trkpt><trkpt lat="40.738997908811285" lon="-74.02200744575059"><time>2026-07-14T23:16:10Z</time></trkpt><trkpt lat="40.739032983872015" lon="-74.02197093173504"><time>2026-07-14T23:16:12Z</time></trkpt><trkpt lat="40.73905650247716" lon="-74.02195358983757"><time>2026-07-14T23:16:13Z</time></trkpt><trkpt lat="40.73908100911336" lon="-74.02193881798605"><time>2026-07-14T23:16:14Z</time></trkpt><trkpt lat="40.73910312860822" lon="-74.0219260492883"><time>2026-07-14T23:16:15Z</time></trkpt><trkpt lat="40.73911956031765" lon="-74.02190117980975"><time>2026-07-14T23:16:16Z</time></trkpt><trkpt lat="40.739138524195184" lon="-74.02188174517993"><time>2026-07-14T23:16:17Z</time></trkpt><trkpt lat="40.739159154438845" lon="-74.02187111651527"><time>2026-07-14T23:16:18Z</time></trkpt><trkpt lat="40.73917839093694" lon="-74.02185529221352"><time>2026-07-14T23:16:19Z</time></trkpt><trkpt lat="40.739199291269" lon="-74.02184005351916"><time>2026-07-14T23:16:20Z</time></trkpt><trkpt lat="40.73922127353502" lon="-74.02183055526815"><time>2026-07-14T23:16:21Z</time></trkpt><trkpt lat="40.73924066032769" lon="-74.0218157651935"><time>2026-07-14T23:16:22Z</time></trkpt><trkpt lat="40.73926031687965" lon="-74.02180505734161"><time>2026-07-14T23:16:23Z</time></trkpt><trkpt lat="40.739281837201396" lon="-74.0217899148361"><time>2026-07-14T23:16:24Z</time></trkpt><trkpt lat="40.7393044844158" lon="-74.02178003954353"><time>2026-07-14T23:16:25Z</time></trkpt><trkpt lat="40.739323811498984" lon="-74.02176305788285"><time>2026-07-14T23:16:26Z</time></trkpt><trkpt lat="40.73934450401472" lon="-74.0217496237431"><time>2026-07-14T23:16:27Z</time></trkpt><trkpt lat="40.7393685150591" lon="-74.0217401365981"><time>2026-07-14T23:16:28Z</time></trkpt><trkpt lat="40.739387742814685" lon="-74.02172499072134"><time>2026-07-14T23:16:29Z</time></trkpt><trkpt lat="40.73941149933401" lon="-74.02171374861229"><time>2026-07-14T23:16:30Z</time></trkpt><trkpt lat="40.73943386231781" lon="-74.02169968215411"><time>2026-07-14T23:16:31Z</time></trkpt><trkpt lat="40.739454809597014" lon="-74.02168725358021"><time>2026-07-14T23:16:32Z</time></trkpt><trkpt lat="40.73947669586334" lon="-74.02167588886249"><time>2026-07-14T23:16:33Z</time></trkpt><trkpt lat="40.739501783237095" lon="-74.02166556360179"><time>2026-07-14T23:16:34Z</time></trkpt><trkpt lat="40.73952721498171" lon="-74.02165241748808"><time>2026-07-14T23:16:35Z</time></trkpt><trkpt lat="40.73955253139002" lon="-74.02164000923973"><time>2026-07-14T23:16:36Z</time></trkpt><trkpt lat="40.73957997071225" lon="-74.02162838391483"><time>2026-07-14T23:16:37Z</time></trkpt><trkpt lat="40.739607320229624" lon="-74.02161278191802"><time>2026-07-14T23:16:38Z</time></trkpt><trkpt lat="40.73963255449162" lon="-74.02159993733581"><time>2026-07-14T23:16:39Z</time></trkpt><trkpt lat="40.73965917939388" lon="-74.02159074436378"><time>2026-07-14T23:16:40Z</time></trkpt><trkpt lat="40.73968821746197" lon="-74.02157763517073"><time>2026-07-14T23:16:41Z</time></trkpt><trkpt lat="40.739716413835424" lon="-74.0215641976755"><time>2026-07-14T23:16:42Z</time></trkpt><trkpt lat="40.73974141929767" lon="-74.02154610339774"><time>2026-07-14T23:16:43Z</time></trkpt><trkpt lat="40.739767111862356" lon="-74.02152986899412"><time>2026-07-14T23:16:44Z</time></trkpt><trkpt lat="40.73979520137295" lon="-74.02151656904971"><time>2026-07-14T23:16:45Z</time></trkpt><trkpt lat="40.73982029515609" lon="-74.02149847726314"><time>2026-07-14T23:16:46Z</time></trkpt><trkpt lat="40.73985227476762" lon="-74.02147984679337"><time>2026-07-14T23:16:47Z</time></trkpt><trkpt lat="40.739882919775326" lon="-74.02146533332979"><time>2026-07-14T23:16:48Z</time></trkpt><trkpt lat="40.73990311880908" lon="-74.02144615776159"><time>2026-07-14T23:16:49Z</time></trkpt><trkpt lat="40.73993277455491" lon="-74.0214295375714"><time>2026-07-14T23:16:50Z</time></trkpt><trkpt lat="40.73996027159506" lon="-74.02141575614559"><time>2026-07-14T23:16:51Z</time></trkpt><trkpt lat="40.73998362513509" lon="-74.02138829098976"><time>2026-07-14T23:16:52Z</time></trkpt><trkpt lat="40.74000417766985" lon="-74.02136361795384"><time>2026-07-14T23:16:53Z</time></trkpt><trkpt lat="40.74003662237518" lon="-74.02134815769858"><time>2026-07-14T23:16:54Z</time></trkpt><trkpt lat="40.74006123463944" lon="-74.02132914862585"><time>2026-07-14T23:16:55Z</time></trkpt><trkpt lat="40.74008697321415" lon="-74.02131231305701"><time>2026-07-14T23:16:56Z</time></trkpt><trkpt lat="40.74011043264569" lon="-74.02128727346086"><time>2026-07-14T23:16:57Z</time></trkpt><trkpt lat="40.74013474972877" lon="-74.02126493283326"><time>2026-07-14T23:16:58Z</time></trkpt><trkpt lat="40.740159888892826" lon="-74.02124408781279"><time>2026-07-14T23:16:59Z</time></trkpt><trkpt lat="40.740185598257206" lon="-74.02122307219983"><time>2026-07-14T23:17:00Z</time></trkpt><trkpt lat="40.74021071708281" lon="-74.02120049979948"><time>2026-07-14T23:17:01Z</time></trkpt><trkpt lat="40.740232691656246" lon="-74.0211776333328"><time>2026-07-14T23:17:02Z</time></trkpt><trkpt lat="40.74025987025468" lon="-74.02115808574064"><time>2026-07-14T23:17:03Z</time></trkpt><trkpt lat="40.74028026011908" lon="-74.02113555558553"><time>2026-07-14T23:17:04Z</time></trkpt><trkpt lat="40.74030831142197" lon="-74.02111317000006"><time>2026-07-14T23:17:05Z</time></trkpt><trkpt lat="40.74033041276184" lon="-74.02109109473865"><time>2026-07-14T23:17:06Z</time></trkpt><trkpt lat="40.74035212667162" lon="-74.02106201361647"><time>2026-07-14T23:17:07Z</time></trkpt><trkpt lat="40.74037887031317" lon="-74.02103525550801"><time>2026-07-14T23:17:08Z</time></trkpt><trkpt lat="40.74040926005136" lon="-74.02101011705545"><time>2026-07-14T23:17:09Z</time></trkpt><trkpt lat="40.74043243357656" lon="-74.02097982891631"><time>2026-07-14T23:17:10Z</time></trkpt><trkpt lat="40.74045549345665" lon="-74.02095002486396"><time>2026-07-14T23:17:11Z</time></trkpt><trkpt lat="40.74048123836108" lon="-74.0209259996735"><time>2026-07-14T23:17:12Z</time></trkpt><trkpt lat="40.74051134897118" lon="-74.02090499748036"><time>2026-07-14T23:17:13Z</time></trkpt><trkpt lat="40.74054443019462" lon="-74.02087375267493"><time>2026-07-14T23:17:14Z</time></trkpt><trkpt lat="40.7405679485576" lon="-74.02083956317307"><time>2026-07-14T23:17:15Z</time></trkpt><trkpt lat="40.740596240896274" lon="-74.02081686296654"><time>2026-07-14T23:17:16Z</time></trkpt><trkpt lat="40.740624071518056" lon="-74.02078862529133"><time>2026-07-14T23:17:17Z</time></trkpt><trkpt lat="40.740646193069814" lon="-74.02076150836277"><time>2026-07-14T23:17:18Z</time></trkpt><trkpt lat="40.74067092085696" lon="-74.02073015543984"><time>2026-07-14T23:17:19Z</time></trkpt><trkpt lat="40.740695963733444" lon="-74.02070144969198"><time>2026-07-14T23:17:20Z</time></trkpt><trkpt lat="40.74072095458984" lon="-74.02067296542369"><time>2026-07-14T23:17:21Z</time></trkpt><trkpt lat="40.74074304518593" lon="-74.02064301382568"><time>2026-07-14T23:17:22Z</time></trkpt><trkpt lat="40.74075936597646" lon="-74.02060409287891"><time>2026-07-14T23:17:23Z</time></trkpt><trkpt lat="40.740782976143066" lon="-74.02057513587259"><time>2026-07-14T23:17:24Z</time></trkpt><trkpt lat="40.74080867427942" lon="-74.02054894119817"><time>2026-07-14T23:17:25Z</time></trkpt><trkpt lat="40.74083064273663" lon="-74.0205205772418"><time>2026-07-14T23:17:26Z</time></trkpt><trkpt lat="40.74085508105799" lon="-74.02049667117097"><time>2026-07-14T23:17:27Z</time></trkpt><trkpt lat="40.740874965713445" lon="-74.02046996709865"><time>2026-07-14T23:17:28Z</time></trkpt><trkpt lat="40.7408942833338" lon="-74.020443097963"><time>2026-07-14T23:17:29Z</time></trkpt><trkpt lat="40.74091666034101" lon="-74.02041316581041"><time>2026-07-14T23:17:30Z</time></trkpt><trkpt lat="40.740939437938444" lon="-74.02038046341038"><time>2026-07-14T23:17:31Z</time></trkpt><trkpt lat="40.740963882967314" lon="-74.02034466303735"><time>2026-07-14T23:17:32Z</time></trkpt><trkpt lat="40.740988331326875" lon="-74.0203140694604"><time>2026-07-14T23:17:33Z</time></trkpt><trkpt lat="40.74100953742137" lon="-74.02028170561631"><time>2026-07-14T23:17:34Z</time></trkpt><trkpt lat="40.741026986908516" lon="-74.02025029376063"><time>2026-07-14T23:17:35Z</time></trkpt><trkpt lat="40.74104600875022" lon="-74.02021868462965"><time>2026-07-14T23:17:36Z</time></trkpt><trkpt lat="40.741069398606626" lon="-74.02018548922302"><time>2026-07-14T23:17:37Z</time></trkpt><trkpt lat="40.741093339884934" lon="-74.02014657800511"><time>2026-07-14T23:17:38Z</time></trkpt><trkpt lat="40.741118523752085" lon="-74.02010177088921"><time>2026-07-14T23:17:39Z</time></trkpt><trkpt lat="40.74113955947947" lon="-74.02006042671385"><time>2026-07-14T23:17:40Z</time></trkpt><trkpt lat="40.74116014026318" lon="-74.020024829106"><time>2026-07-14T23:17:41Z</time></trkpt><trkpt lat="40.74117967913887" lon="-74.0199964623141"><time>2026-07-14T23:17:42Z</time></trkpt><trkpt lat="40.74119784673948" lon="-74.01996731524324"><time>2026-07-14T23:17:43Z</time></trkpt><trkpt lat="40.7412189594949" lon="-74.01993647441421"><time>2026-07-14T23:17:44Z</time></trkpt><trkpt lat="40.741244967689674" lon="-74.01990002304355"><time>2026-07-14T23:17:45Z</time></trkpt><trkpt lat="40.74126881797648" lon="-74.01986379031028"><time>2026-07-14T23:17:46Z</time></trkpt><trkpt lat="40.74128822404868" lon="-74.01982431125879"><time>2026-07-14T23:17:47Z</time></trkpt><trkpt lat="40.74131154147842" lon="-74.0197890274605"><time>2026-07-14T23:17:48Z</time></trkpt><trkpt lat="40.741336778071975" lon="-74.01975787106358"><time>2026-07-14T23:17:49Z</time></trkpt><trkpt lat="40.741355511395135" lon="-74.01972398444585"><time>2026-07-14T23:17:50Z</time></trkpt><trkpt lat="40.74137233571649" lon="-74.0196919986611"><time>2026-07-14T23:17:51Z</time></trkpt><trkpt lat="40.74139267630547" lon="-74.01965841510618"><time>2026-07-14T23:17:52Z</time></trkpt><trkpt lat="40.74141738784823" lon="-74.01962378343443"><time>2026-07-14T23:17:53Z</time></trkpt><trkpt lat="40.74144268745321" lon="-74.0195891484522"><time>2026-07-14T23:17:54Z</time></trkpt><trkpt lat="40.74146165997644" lon="-74.019550247957"><time>2026-07-14T23:17:55Z</time></trkpt><trkpt lat="40.74147920946658" lon="-74.01952052142425"><time>2026-07-14T23:17:56Z</time></trkpt><trkpt lat="40.74149509821671" lon="-74.01949311379488"><time>2026-07-14T23:17:57Z</time></trkpt><trkpt lat="40.74151487036597" lon="-74.01946884925223"><time>2026-07-14T23:17:58Z</time></trkpt><trkpt lat="40.7415337767015" lon="-74.0194396633609"><time>2026-07-14T23:17:59Z</time></trkpt><trkpt lat="40.74154617238323" lon="-74.01940435335719"><time>2026-07-14T23:18:00Z</time></trkpt><trkpt lat="40.74156522347726" lon="-74.01937153616012"><time>2026-07-14T23:18:01Z</time></trkpt><trkpt lat="40.74158474676107" lon="-74.01934091012309"><time>2026-07-14T23:18:02Z</time></trkpt><trkpt lat="40.74160199871792" lon="-74.01931267795403"><time>2026-07-14T23:18:03Z</time></trkpt><trkpt lat="40.74161662535783" lon="-74.01928442254624"><time>2026-07-14T23:18:04Z</time></trkpt><trkpt lat="40.74163322393759" lon="-74.0192574282264"><time>2026-07-14T23:18:05Z</time></trkpt><trkpt lat="40.74164841556204" lon="-74.01922715477231"><time>2026-07-14T23:18:06Z</time></trkpt><trkpt lat="40.74166348069832" lon="-74.01919402516296"><time>2026-07-14T23:18:07Z</time></trkpt><trkpt lat="40.74168260222141" lon="-74.01916173296796"><time>2026-07-14T23:18:08Z</time></trkpt><trkpt lat="40.74170412289733" lon="-74.01913177780239"><time>2026-07-14T23:18:09Z</time></trkpt><trkpt lat="40.741717219817346" lon="-74.01910066844971"><time>2026-07-14T23:18:10Z</time></trkpt><trkpt lat="40.741727859066245" lon="-74.01907281553795"><time>2026-07-14T23:18:11Z</time></trkpt><trkpt lat="40.741742901500835" lon="-74.01904458579885"><time>2026-07-14T23:18:12Z</time></trkpt><trkpt lat="40.74176030402063" lon="-74.01901501917781"><time>2026-07-14T23:18:13Z</time></trkpt><trkpt lat="40.74177349781433" lon="-74.01898255660686"><time>2026-07-14T23:18:14Z</time></trkpt><trkpt lat="40.7417853770982" lon="-74.0189513121566"><time>2026-07-14T23:18:15Z</time></trkpt><trkpt lat="40.74179724677039" lon="-74.0189217416467"><time>2026-07-14T23:18:16Z</time></trkpt><trkpt lat="40.74180998033217" lon="-74.0188954683143"><time>2026-07-14T23:18:17Z</time></trkpt><trkpt lat="40.74182115246187" lon="-74.01886817754277"><time>2026-07-14T23:18:18Z</time></trkpt><trkpt lat="40.741832460745954" lon="-74.01884006285711"><time>2026-07-14T23:18:19Z</time></trkpt><trkpt lat="40.74184288407458" lon="-74.01881027120663"><time>2026-07-14T23:18:20Z</time></trkpt><trkpt lat="40.741853828565326" lon="-74.01877775553035"><time>2026-07-14T23:18:21Z</time></trkpt><trkpt lat="40.74186724673062" lon="-74.01874681384965"><time>2026-07-14T23:18:22Z</time></trkpt><trkpt lat="40.74188641292554" lon="-74.01872379824657"><time>2026-07-14T23:18:23Z</time></trkpt><trkpt lat="40.741902535438726" lon="-74.01870429188729"><time>2026-07-14T23:18:24Z</time></trkpt><trkpt lat="40.74192657753839" lon="-74.01868216870895"><time>2026-07-14T23:18:25Z</time></trkpt><trkpt lat="40.74196117880084" lon="-74.01865468982076"><time>2026-07-14T23:18:26Z</time></trkpt><trkpt lat="40.741985801303706" lon="-74.01862293197031"><time>2026-07-14T23:18:27Z</time></trkpt><trkpt lat="40.74200916895175" lon="-74.01860176392304"><time>2026-07-14T23:18:28Z</time></trkpt><trkpt lat="40.742032989999544" lon="-74.0185910800485"><time>2026-07-14T23:18:29Z</time></trkpt><trkpt lat="40.742055721741366" lon="-74.01857827051307"><time>2026-07-14T23:18:30Z</time></trkpt><trkpt lat="40.74207889735246" lon="-74.01856798799146"><time>2026-07-14T23:18:31Z</time></trkpt><trkpt lat="40.742110997209856" lon="-74.01854912846905"><time>2026-07-14T23:18:32Z</time></trkpt><trkpt lat="40.74213105023725" lon="-74.01851866319383"><time>2026-07-14T23:18:33Z</time></trkpt><trkpt lat="40.7421530337246" lon="-74.0184831120695"><time>2026-07-14T23:18:34Z</time></trkpt><trkpt lat="40.74218410438512" lon="-74.01845986301934"><time>2026-07-14T23:18:35Z</time></trkpt><trkpt lat="40.74221903158524" lon="-74.01845440487072"><time>2026-07-14T23:18:36Z</time></trkpt><trkpt lat="40.74224097368751" lon="-74.01843957537005"><time>2026-07-14T23:18:37Z</time></trkpt><trkpt lat="40.74226315958946" lon="-74.01841318653975"><time>2026-07-14T23:18:38Z</time></trkpt><trkpt lat="40.74229236626361" lon="-74.0183943777518"><time>2026-07-14T23:18:39Z</time></trkpt><trkpt lat="40.74232346602336" lon="-74.01838396600627"><time>2026-07-14T23:18:40Z</time></trkpt><trkpt lat="40.74234915857268" lon="-74.01837055058246"><time>2026-07-14T23:18:41Z</time></trkpt><trkpt lat="40.742378024711925" lon="-74.01834931738526"><time>2026-07-14T23:18:42Z</time></trkpt><trkpt lat="40.742406369731725" lon="-74.01832643555888"><time>2026-07-14T23:18:43Z</time></trkpt><trkpt lat="40.74243331008189" lon="-74.0183024599804"><time>2026-07-14T23:18:44Z</time></trkpt><trkpt lat="40.74246565345569" lon="-74.01827725255484"><time>2026-07-14T23:18:45Z</time></trkpt><trkpt lat="40.74249207820952" lon="-74.01826139833939"><time>2026-07-14T23:18:46Z</time></trkpt><trkpt lat="40.742525350316875" lon="-74.01824165094945"><time>2026-07-14T23:18:47Z</time></trkpt><trkpt lat="40.742555616709446" lon="-74.01821569945335"><time>2026-07-14T23:18:48Z</time></trkpt><trkpt lat="40.742584888232024" lon="-74.01819863690199"><time>2026-07-14T23:18:49Z</time></trkpt><trkpt lat="40.74261276698782" lon="-74.01817914902239"><time>2026-07-14T23:18:50Z</time></trkpt><trkpt lat="40.74263897763465" lon="-74.01815919984097"><time>2026-07-14T23:18:51Z</time></trkpt><trkpt lat="40.74266890981365" lon="-74.01814106975809"><time>2026-07-14T23:18:52Z</time></trkpt><trkpt lat="40.742701011728485" lon="-74.01811899939229"><time>2026-07-14T23:18:53Z</time></trkpt><trkpt lat="40.74273318789032" lon="-74.01809477265174"><time>2026-07-14T23:18:54Z</time></trkpt><trkpt lat="40.742766643705" lon="-74.0180726042259"><time>2026-07-14T23:18:55Z</time></trkpt><trkpt lat="40.74279817709476" lon="-74.01805496321127"><time>2026-07-14T23:18:56Z</time></trkpt><trkpt lat="40.74282955160297" lon="-74.0180370523069"><time>2026-07-14T23:18:57Z</time></trkpt><trkpt lat="40.74285896195461" lon="-74.01801602608671"><time>2026-07-14T23:18:58Z</time></trkpt><trkpt lat="40.74288539515461" lon="-74.01799413432191"><time>2026-07-14T23:18:59Z</time></trkpt><trkpt lat="40.742914485198014" lon="-74.01797002354891"><time>2026-07-14T23:19:00Z</time></trkpt><trkpt lat="40.742942403467005" lon="-74.01794958119075"><time>2026-07-14T23:19:01Z</time></trkpt><trkpt lat="40.7429622999204" lon="-74.01792809751402"><time>2026-07-14T23:19:02Z</time></trkpt><trkpt lat="40.742980911111175" lon="-74.01790670471483"><time>2026-07-14T23:19:03Z</time></trkpt><trkpt lat="40.74300762416695" lon="-74.0178940944142"><time>2026-07-14T23:19:04Z</time></trkpt><trkpt lat="40.743033336525755" lon="-74.01788221050002"><time>2026-07-14T23:19:05Z</time></trkpt><trkpt lat="40.74305709326487" lon="-74.01786896404701"><time>2026-07-14T23:19:06Z</time></trkpt><trkpt lat="40.743082922049354" lon="-74.01785487463611"><time>2026-07-14T23:19:07Z</time></trkpt><trkpt lat="40.74311012705047" lon="-74.01784652493755"><time>2026-07-14T23:19:08Z</time></trkpt><trkpt lat="40.74313772815866" lon="-74.01783242483538"><time>2026-07-14T23:19:09Z</time></trkpt><trkpt lat="40.74316398461757" lon="-74.01781863904338"><time>2026-07-14T23:19:10Z</time></trkpt><trkpt lat="40.74319144276858" lon="-74.01780641998783"><time>2026-07-14T23:19:11Z</time></trkpt><trkpt lat="40.74322145493168" lon="-74.01779479533255"><time>2026-07-14T23:19:12Z</time></trkpt><trkpt lat="40.743251151556265" lon="-74.01778357815701"><time>2026-07-14T23:19:13Z</time></trkpt><trkpt lat="40.74328259235378" lon="-74.01776508517715"><time>2026-07-14T23:19:14Z</time></trkpt><trkpt lat="40.743313492201054" lon="-74.01775009630346"><time>2026-07-14T23:19:15Z</time></trkpt><trkpt lat="40.74334682531139" lon="-74.01773482292268"><time>2026-07-14T23:19:16Z</time></trkpt><trkpt lat="40.743381184420485" lon="-74.01771807421632"><time>2026-07-14T23:19:17Z</time></trkpt><trkpt lat="40.74341416299313" lon="-74.01770263127399"><time>2026-07-14T23:19:18Z</time></trkpt><trkpt lat="40.74344927829396" lon="-74.01768797299592"><time>2026-07-14T23:19:19Z</time></trkpt><trkpt lat="40.74348126303833" lon="-74.01766839807924"><time>2026-07-14T23:19:20Z</time></trkpt><trkpt lat="40.743511182503354" lon="-74.0176439926687"><time>2026-07-14T23:19:21Z</time></trkpt><trkpt lat="40.74354746700153" lon="-74.01762018135175"><time>2026-07-14T23:19:22Z</time></trkpt><trkpt lat="40.74357420475529" lon="-74.01759581037486"><time>2026-07-14T23:19:23Z</time></trkpt><trkpt lat="40.743599785380965" lon="-74.01757689584882"><time>2026-07-14T23:19:24Z</time></trkpt><trkpt lat="40.7436277555974" lon="-74.01755900409272"><time>2026-07-14T23:19:25Z</time></trkpt><trkpt lat="40.74365563178944" lon="-74.01753472863717"><time>2026-07-14T23:19:26Z</time></trkpt><trkpt lat="40.7436820313042" lon="-74.01750016083811"><time>2026-07-14T23:19:27Z</time></trkpt><trkpt lat="40.74370559975333" lon="-74.01747190757419"><time>2026-07-14T23:19:28Z</time></trkpt><trkpt lat="40.74371490961649" lon="-74.01743881056395"><time>2026-07-14T23:19:29Z</time></trkpt><trkpt lat="40.743718642906074" lon="-74.01739959295368"><time>2026-07-14T23:19:30Z</time></trkpt><trkpt lat="40.743748352234554" lon="-74.01734487231376"><time>2026-07-14T23:19:32Z</time></trkpt><trkpt lat="40.743755507464755" lon="-74.0173048238999"><time>2026-07-14T23:19:33Z</time></trkpt><trkpt lat="40.74376032122845" lon="-74.01726523720338"><time>2026-07-14T23:19:34Z</time></trkpt><trkpt lat="40.74377125409959" lon="-74.01721722415515"><time>2026-07-14T23:19:35Z</time></trkpt><trkpt lat="40.74379336820251" lon="-74.01720512071485"><time>2026-07-14T23:19:36Z</time></trkpt><trkpt lat="40.743815663946485" lon="-74.01715244100312"><time>2026-07-14T23:19:38Z</time></trkpt><trkpt lat="40.743830290893754" lon="-74.01712775390382"><time>2026-07-14T23:19:39Z</time></trkpt><trkpt lat="40.74384571629787" lon="-74.01709109388344"><time>2026-07-14T23:19:40Z</time></trkpt><trkpt lat="40.74385296219296" lon="-74.01706597347524"><time>2026-07-14T23:19:41Z</time></trkpt><trkpt lat="40.7438631883841" lon="-74.01703013701888"><time>2026-07-14T23:19:42Z</time></trkpt><trkpt lat="40.74388052630975" lon="-74.017006392808"><time>2026-07-14T23:19:43Z</time></trkpt><trkpt lat="40.74389033804654" lon="-74.01698098237775"><time>2026-07-14T23:19:44Z</time></trkpt><trkpt lat="40.74389887813834" lon="-74.016952824412"><time>2026-07-14T23:19:45Z</time></trkpt><trkpt lat="40.743909746791346" lon="-74.01692828395323"><time>2026-07-14T23:19:46Z</time></trkpt><trkpt lat="40.74392671279192" lon="-74.01689985422428"><time>2026-07-14T23:19:47Z</time></trkpt><trkpt lat="40.74393883166021" lon="-74.01687072562424"><time>2026-07-14T23:19:48Z</time></trkpt><trkpt lat="40.743942139756534" lon="-74.01684086493854"><time>2026-07-14T23:19:49Z</time></trkpt><trkpt lat="40.7439491479486" lon="-74.01681351177662"><time>2026-07-14T23:19:50Z</time></trkpt><trkpt lat="40.743959354676925" lon="-74.01678630278015"><time>2026-07-14T23:19:51Z</time></trkpt><trkpt lat="40.74396446552058" lon="-74.01675699860147"><time>2026-07-14T23:19:52Z</time></trkpt><trkpt lat="40.7439682396682" lon="-74.016724855762"><time>2026-07-14T23:19:53Z</time></trkpt><trkpt lat="40.74397340886352" lon="-74.0166885729893"><time>2026-07-14T23:19:54Z</time></trkpt><trkpt lat="40.74398411126378" lon="-74.01664829501942"><time>2026-07-14T23:19:56Z</time></trkpt><trkpt lat="40.74398715391813" lon="-74.01661337259458"><time>2026-07-14T23:19:57Z</time></trkpt><trkpt lat="40.743989868380154" lon="-74.0165837565902"><time>2026-07-14T23:19:58Z</time></trkpt><trkpt lat="40.74399615511945" lon="-74.01655700125684"><time>2026-07-14T23:19:59Z</time></trkpt><trkpt lat="40.74399997629696" lon="-74.01652233175707"><time>2026-07-14T23:20:00Z</time></trkpt><trkpt lat="40.74400505534645" lon="-74.01649564778339"><time>2026-07-14T23:20:01Z</time></trkpt><trkpt lat="40.74401105276151" lon="-74.0164679743347"><time>2026-07-14T23:20:02Z</time></trkpt><trkpt lat="40.744025795079956" lon="-74.01644054453575"><time>2026-07-14T23:20:03Z</time></trkpt><trkpt lat="40.74405574976708" lon="-74.01642653547434"><time>2026-07-14T23:20:04Z</time></trkpt><trkpt lat="40.74409627729896" lon="-74.01642721056588"><time>2026-07-14T23:20:05Z</time></trkpt><trkpt lat="40.74412576135851" lon="-74.01642126691695"><time>2026-07-14T23:20:06Z</time></trkpt><trkpt lat="40.744152152622014" lon="-74.01640973865767"><time>2026-07-14T23:20:07Z</time></trkpt><trkpt lat="40.744178724390416" lon="-74.01639173204039"><time>2026-07-14T23:20:08Z</time></trkpt><trkpt lat="40.74420991298326" lon="-74.01639539714982"><time>2026-07-14T23:20:09Z</time></trkpt><trkpt lat="40.74423599720174" lon="-74.0163883952984"><time>2026-07-14T23:20:10Z</time></trkpt><trkpt lat="40.7442665530793" lon="-74.0163919085553"><time>2026-07-14T23:20:11Z</time></trkpt><trkpt lat="40.74429589596979" lon="-74.01638098521488"><time>2026-07-14T23:20:12Z</time></trkpt><trkpt lat="40.74432668337751" lon="-74.01637081805039"><time>2026-07-14T23:20:13Z</time></trkpt><trkpt lat="40.74435724482941" lon="-74.01636598211067"><time>2026-07-14T23:20:14Z</time></trkpt><trkpt lat="40.74438943407941" lon="-74.01635398241427"><time>2026-07-14T23:20:15Z</time></trkpt><trkpt lat="40.744421061519986" lon="-74.01635115979377"><time>2026-07-14T23:20:16Z</time></trkpt><trkpt lat="40.74445372679754" lon="-74.01634261920391"><time>2026-07-14T23:20:17Z</time></trkpt><trkpt lat="40.744484853985014" lon="-74.01633601825417"><time>2026-07-14T23:20:18Z</time></trkpt><trkpt lat="40.744519093116786" lon="-74.01632916605094"><time>2026-07-14T23:20:19Z</time></trkpt><trkpt lat="40.74455363098853" lon="-74.01631818999127"><time>2026-07-14T23:20:20Z</time></trkpt><trkpt lat="40.744589442339255" lon="-74.016308465933"><time>2026-07-14T23:20:21Z</time></trkpt><trkpt lat="40.74462547024872" lon="-74.0163027624611"><time>2026-07-14T23:20:22Z</time></trkpt><trkpt lat="40.744656895361715" lon="-74.0162970818402"><time>2026-07-14T23:20:23Z</time></trkpt><trkpt lat="40.74469339872943" lon="-74.01628521690716"><time>2026-07-14T23:20:24Z</time></trkpt><trkpt lat="40.744728843605294" lon="-74.0162823410828"><time>2026-07-14T23:20:25Z</time></trkpt><trkpt lat="40.74475911587418" lon="-74.01627699214568"><time>2026-07-14T23:20:26Z</time></trkpt><trkpt lat="40.74479472150705" lon="-74.01627161135214"><time>2026-07-14T23:20:27Z</time></trkpt><trkpt lat="40.7448310652986" lon="-74.01626498966934"><time>2026-07-14T23:20:28Z</time></trkpt><trkpt lat="40.74486579036717" lon="-74.01625593032301"><time>2026-07-14T23:20:29Z</time></trkpt><trkpt lat="40.74489870055376" lon="-74.01624811379094"><time>2026-07-14T23:20:30Z</time></trkpt><trkpt lat="40.74493757047404" lon="-74.01624212570103"><time>2026-07-14T23:20:31Z</time></trkpt><trkpt lat="40.74497154387373" lon="-74.01623817058679"><time>2026-07-14T23:20:32Z</time></trkpt><trkpt lat="40.745004291905936" lon="-74.01623000637271"><time>2026-07-14T23:20:33Z</time></trkpt><trkpt lat="40.745040528107594" lon="-74.01622383017492"><time>2026-07-14T23:20:34Z</time></trkpt><trkpt lat="40.7450793235147" lon="-74.01622204261079"><time>2026-07-14T23:20:35Z</time></trkpt><trkpt lat="40.745118461681386" lon="-74.01621716173518"><time>2026-07-14T23:20:36Z</time></trkpt><trkpt lat="40.74515551927093" lon="-74.0162138384479"><time>2026-07-14T23:20:37Z</time></trkpt><trkpt lat="40.74519164533874" lon="-74.0162065038793"><time>2026-07-14T23:20:38Z</time></trkpt><trkpt lat="40.74522658260415" lon="-74.016206382223"><time>2026-07-14T23:20:39Z</time></trkpt><trkpt lat="40.74526095816936" lon="-74.01619954090013"><time>2026-07-14T23:20:40Z</time></trkpt><trkpt lat="40.7452969884607" lon="-74.01619537858704"><time>2026-07-14T23:20:41Z</time></trkpt><trkpt lat="40.74533284789955" lon="-74.01619015964637"><time>2026-07-14T23:20:42Z</time></trkpt><trkpt lat="40.74537056983935" lon="-74.01618834553626"><time>2026-07-14T23:20:43Z</time></trkpt><trkpt lat="40.74540794050364" lon="-74.0161834025504"><time>2026-07-14T23:20:44Z</time></trkpt><trkpt lat="40.74544501491111" lon="-74.01617767993697"><time>2026-07-14T23:20:45Z</time></trkpt><trkpt lat="40.74548213274633" lon="-74.01617247320272"><time>2026-07-14T23:20:46Z</time></trkpt><trkpt lat="40.74551747896976" lon="-74.01616627452735"><time>2026-07-14T23:20:47Z</time></trkpt><trkpt lat="40.74555258006076" lon="-74.01616408897563"><time>2026-07-14T23:20:48Z</time></trkpt><trkpt lat="40.74558806197057" lon="-74.01617108300267"><time>2026-07-14T23:20:49Z</time></trkpt><trkpt lat="40.74562109514962" lon="-74.01618682341287"><time>2026-07-14T23:20:50Z</time></trkpt><trkpt lat="40.74564832600749" lon="-74.01621171171699"><time>2026-07-14T23:20:51Z</time></trkpt><trkpt lat="40.745672574853266" lon="-74.01623591478004"><time>2026-07-14T23:20:52Z</time></trkpt><trkpt lat="40.74569621225744" lon="-74.0162584053901"><time>2026-07-14T23:20:53Z</time></trkpt><trkpt lat="40.745712190666374" lon="-74.01627679178206"><time>2026-07-14T23:20:54Z</time></trkpt><trkpt lat="40.74574349620978" lon="-74.01629093323342"><time>2026-07-14T23:20:55Z</time></trkpt><trkpt lat="40.74575810375581" lon="-74.016313731668"><time>2026-07-14T23:20:56Z</time></trkpt><trkpt lat="40.74577244592871" lon="-74.01633386534779"><time>2026-07-14T23:20:57Z</time></trkpt><trkpt lat="40.74579147610943" lon="-74.01635116944077"><time>2026-07-14T23:20:58Z</time></trkpt><trkpt lat="40.74580929061502" lon="-74.01637153029459"><time>2026-07-14T23:20:59Z</time></trkpt><trkpt lat="40.74582085439221" lon="-74.01639012952397"><time>2026-07-14T23:21:00Z</time></trkpt><trkpt lat="40.7458315575074" lon="-74.0164092542204"><time>2026-07-14T23:21:01Z</time></trkpt><trkpt lat="40.74584660709809" lon="-74.01642281406735"><time>2026-07-14T23:21:02Z</time></trkpt><trkpt lat="40.74586931430841" lon="-74.01644830425226"><time>2026-07-14T23:21:04Z</time></trkpt><trkpt lat="40.7458842624277" lon="-74.01646584228968"><time>2026-07-14T23:21:05Z</time></trkpt><trkpt lat="40.74591112631562" lon="-74.01648815182975"><time>2026-07-14T23:21:07Z</time></trkpt><trkpt lat="40.745931175547135" lon="-74.01649719627737"><time>2026-07-14T23:21:08Z</time></trkpt><trkpt lat="40.745962195185896" lon="-74.01652862508546"><time>2026-07-14T23:21:10Z</time></trkpt><trkpt lat="40.745982050094426" lon="-74.01654110852543"><time>2026-07-14T23:21:11Z</time></trkpt><trkpt lat="40.74599655149429" lon="-74.01655707682353"><time>2026-07-14T23:21:12Z</time></trkpt><trkpt lat="40.74601093514179" lon="-74.01657773777471"><time>2026-07-14T23:21:13Z</time></trkpt><trkpt lat="40.746032149742184" lon="-74.01659329021602"><time>2026-07-14T23:21:14Z</time></trkpt><trkpt lat="40.74604746532228" lon="-74.01661095726764"><time>2026-07-14T23:21:15Z</time></trkpt><trkpt lat="40.74606513132872" lon="-74.01662951323186"><time>2026-07-14T23:21:16Z</time></trkpt><trkpt lat="40.746080733721804" lon="-74.01665453557821"><time>2026-07-14T23:21:17Z</time></trkpt><trkpt lat="40.74609914004784" lon="-74.01668156947841"><time>2026-07-14T23:21:18Z</time></trkpt><trkpt lat="40.74611662996254" lon="-74.0167122895097"><time>2026-07-14T23:21:19Z</time></trkpt><trkpt lat="40.74613563509524" lon="-74.01674248522572"><time>2026-07-14T23:21:20Z</time></trkpt><trkpt lat="40.74614987846791" lon="-74.01677753260847"><time>2026-07-14T23:21:21Z</time></trkpt><trkpt lat="40.74617166114412" lon="-74.0168110146421"><time>2026-07-14T23:21:22Z</time></trkpt><trkpt lat="40.74618487463066" lon="-74.01683826807252"><time>2026-07-14T23:21:23Z</time></trkpt><trkpt lat="40.74620309592639" lon="-74.0168747995468"><time>2026-07-14T23:21:24Z</time></trkpt><trkpt lat="40.746223588942954" lon="-74.01690452745602"><time>2026-07-14T23:21:25Z</time></trkpt><trkpt lat="40.746239931923384" lon="-74.01693624161778"><time>2026-07-14T23:21:26Z</time></trkpt><trkpt lat="40.74625981158965" lon="-74.01696465017108"><time>2026-07-14T23:21:27Z</time></trkpt><trkpt lat="40.74627834364766" lon="-74.01699756441754"><time>2026-07-14T23:21:28Z</time></trkpt><trkpt lat="40.746295145662664" lon="-74.01702804385454"><time>2026-07-14T23:21:29Z</time></trkpt><trkpt lat="40.74631205483895" lon="-74.01705880120544"><time>2026-07-14T23:21:30Z</time></trkpt><trkpt lat="40.746329544448756" lon="-74.01708721901994"><time>2026-07-14T23:21:31Z</time></trkpt><trkpt lat="40.74634355546065" lon="-74.01710847932807"><time>2026-07-14T23:21:32Z</time></trkpt><trkpt lat="40.74636177678424" lon="-74.01713698641142"><time>2026-07-14T23:21:33Z</time></trkpt><trkpt lat="40.74638605425025" lon="-74.01715729595885"><time>2026-07-14T23:21:34Z</time></trkpt><trkpt lat="40.746408899694075" lon="-74.01717474292563"><time>2026-07-14T23:21:35Z</time></trkpt><trkpt lat="40.74643038241638" lon="-74.01719274507764"><time>2026-07-14T23:21:36Z</time></trkpt><trkpt lat="40.74645412145648" lon="-74.01720660821773"><time>2026-07-14T23:21:37Z</time></trkpt><trkpt lat="40.74647865313732" lon="-74.01722084534669"><time>2026-07-14T23:21:38Z</time></trkpt><trkpt lat="40.74650071055625" lon="-74.01723529415983"><time>2026-07-14T23:21:39Z</time></trkpt><trkpt lat="40.746522861351664" lon="-74.01725054066357"><time>2026-07-14T23:21:40Z</time></trkpt><trkpt lat="40.746549475380355" lon="-74.01726438954078"><time>2026-07-14T23:21:41Z</time></trkpt><trkpt lat="40.746569934028585" lon="-74.0172786580316"><time>2026-07-14T23:21:42Z</time></trkpt><trkpt lat="40.74659143566362" lon="-74.01729229447506"><time>2026-07-14T23:21:43Z</time></trkpt><trkpt lat="40.74661623549887" lon="-74.01730355418836"><time>2026-07-14T23:21:44Z</time></trkpt><trkpt lat="40.74663900011054" lon="-74.01731768733906"><time>2026-07-14T23:21:45Z</time></trkpt><trkpt lat="40.74666027718866" lon="-74.01732987827337"><time>2026-07-14T23:21:46Z</time></trkpt><trkpt lat="40.7466839391121" lon="-74.01733932555948"><time>2026-07-14T23:21:47Z</time></trkpt><trkpt lat="40.746707775511425" lon="-74.01735160653296"><time>2026-07-14T23:21:48Z</time></trkpt><trkpt lat="40.746737821984354" lon="-74.01736560198391"><time>2026-07-14T23:21:49Z</time></trkpt><trkpt lat="40.74676136554597" lon="-74.01737833096864"><time>2026-07-14T23:21:50Z</time></trkpt><trkpt lat="40.74678589979831" lon="-74.0173876596981"><time>2026-07-14T23:21:51Z</time></trkpt><trkpt lat="40.74681022609961" lon="-74.01740035663782"><time>2026-07-14T23:21:52Z</time></trkpt><trkpt lat="40.74683619481201" lon="-74.01740945738763"><time>2026-07-14T23:21:53Z</time></trkpt><trkpt lat="40.7468631023109" lon="-74.01742022311447"><time>2026-07-14T23:21:54Z</time></trkpt><trkpt lat="40.746889675128" lon="-74.01743386334567"><time>2026-07-14T23:21:55Z</time></trkpt><trkpt lat="40.746919964195186" lon="-74.01743774378693"><time>2026-07-14T23:21:56Z</time></trkpt><trkpt lat="40.74694962397854" lon="-74.01744745509615"><time>2026-07-14T23:21:57Z</time></trkpt><trkpt lat="40.74697757306074" lon="-74.01746257277429"><time>2026-07-14T23:21:58Z</time></trkpt><trkpt lat="40.74700459592449" lon="-74.01747558083805"><time>2026-07-14T23:21:59Z</time></trkpt><trkpt lat="40.747030060528715" lon="-74.01748764312678"><time>2026-07-14T23:22:00Z</time></trkpt><trkpt lat="40.74705787013505" lon="-74.01750348737941"><time>2026-07-14T23:22:01Z</time></trkpt><trkpt lat="40.7470812298722" lon="-74.01751916555179"><time>2026-07-14T23:22:02Z</time></trkpt><trkpt lat="40.747103198639316" lon="-74.01753872085844"><time>2026-07-14T23:22:03Z</time></trkpt><trkpt lat="40.74712275566923" lon="-74.01755568267968"><time>2026-07-14T23:22:04Z</time></trkpt><trkpt lat="40.747136468052645" lon="-74.01757481799815"><time>2026-07-14T23:22:05Z</time></trkpt><trkpt lat="40.74714885654366" lon="-74.01761459329639"><time>2026-07-14T23:22:07Z</time></trkpt><trkpt lat="40.747137782202174" lon="-74.01764000122778"><time>2026-07-14T23:22:09Z</time></trkpt><trkpt lat="40.74713469658368" lon="-74.01766660268004"><time>2026-07-14T23:22:10Z</time></trkpt><trkpt lat="40.74712596071995" lon="-74.01763475345355"><time>2026-07-14T23:22:11Z</time></trkpt><trkpt lat="40.74710797153815" lon="-74.01761158668236"><time>2026-07-14T23:22:14Z</time></trkpt><trkpt lat="40.74709669534393" lon="-74.01758552468858"><time>2026-07-14T23:22:15Z</time></trkpt><trkpt lat="40.74707614578667" lon="-74.01757062445823"><time>2026-07-14T23:22:18Z</time></trkpt><trkpt lat="40.747052127594706" lon="-74.01755306956296"><time>2026-07-14T23:22:20Z</time></trkpt><trkpt lat="40.74702811544777" lon="-74.01753343179806"><time>2026-07-14T23:22:22Z</time></trkpt><trkpt lat="40.747007428594046" lon="-74.01751685927732"><time>2026-07-14T23:22:24Z</time></trkpt><trkpt lat="40.746980602403525" lon="-74.01749813708182"><time>2026-07-14T23:22:26Z</time></trkpt><trkpt lat="40.74695377594826" lon="-74.01747860480705"><time>2026-07-14T23:22:28Z</time></trkpt><trkpt lat="40.74693146838561" lon="-74.01745614138014"><time>2026-07-14T23:22:30Z</time></trkpt><trkpt lat="40.746909808378824" lon="-74.01743263088133"><time>2026-07-14T23:22:32Z</time></trkpt><trkpt lat="40.74688518426792" lon="-74.01740618922287"><time>2026-07-14T23:22:34Z</time></trkpt><trkpt lat="40.746865673631255" lon="-74.0173720349819"><time>2026-07-14T23:22:36Z</time></trkpt><trkpt lat="40.74684195857587" lon="-74.01734588014592"><time>2026-07-14T23:22:38Z</time></trkpt><trkpt lat="40.7468160423936" lon="-74.0173187535082"><time>2026-07-14T23:22:40Z</time></trkpt><trkpt lat="40.74678867899487" lon="-74.0172962779067"><time>2026-07-14T23:22:42Z</time></trkpt><trkpt lat="40.746772002052644" lon="-74.01728585548561"><time>2026-07-14T23:22:43Z</time></trkpt><trkpt lat="40.746739084004524" lon="-74.0172669192915"><time>2026-07-14T23:22:45Z</time></trkpt><trkpt lat="40.746710173877034" lon="-74.0172439123108"><time>2026-07-14T23:22:47Z</time></trkpt><trkpt lat="40.74669235993684" lon="-74.01723186077444"><time>2026-07-14T23:22:48Z</time></trkpt><trkpt lat="40.746677247001685" lon="-74.01721779363754"><time>2026-07-14T23:22:49Z</time></trkpt><trkpt lat="40.74666141314928" lon="-74.01720323143496"><time>2026-07-14T23:22:50Z</time></trkpt><trkpt lat="40.746643614690946" lon="-74.0171861610202"><time>2026-07-14T23:22:51Z</time></trkpt><trkpt lat="40.74662832603787" lon="-74.01717203983875"><time>2026-07-14T23:22:52Z</time></trkpt><trkpt lat="40.74661254204373" lon="-74.01715480951356"><time>2026-07-14T23:22:53Z</time></trkpt><trkpt lat="40.74658154471916" lon="-74.01712859831828"><time>2026-07-14T23:22:55Z</time></trkpt><trkpt lat="40.74656466709128" lon="-74.01711354801164"><time>2026-07-14T23:22:56Z</time></trkpt><trkpt lat="40.74654866371868" lon="-74.0171009837538"><time>2026-07-14T23:22:57Z</time></trkpt><trkpt lat="40.74653211013165" lon="-74.01708902014452"><time>2026-07-14T23:22:58Z</time></trkpt><trkpt lat="40.74651535115197" lon="-74.01707785561086"><time>2026-07-14T23:22:59Z</time></trkpt><trkpt lat="40.74649977999042" lon="-74.01706321519023"><time>2026-07-14T23:23:00Z</time></trkpt><trkpt lat="40.74648220405186" lon="-74.01705045842388"><time>2026-07-14T23:23:01Z</time></trkpt><trkpt lat="40.746465776917724" lon="-74.01703949102439"><time>2026-07-14T23:23:02Z</time></trkpt><trkpt lat="40.74643895514157" lon="-74.01702097037474"><time>2026-07-14T23:23:04Z</time></trkpt><trkpt lat="40.74640919959105" lon="-74.01700069398854"><time>2026-07-14T23:23:06Z</time></trkpt><trkpt lat="40.746380953630506" lon="-74.0169795645806"><time>2026-07-14T23:23:08Z</time></trkpt><trkpt lat="40.74635438318211" lon="-74.01695424100123"><time>2026-07-14T23:23:10Z</time></trkpt><trkpt lat="40.74632979670464" lon="-74.01692830992312"><time>2026-07-14T23:23:12Z</time></trkpt><trkpt lat="40.746307973294634" lon="-74.01689972084391"><time>2026-07-14T23:23:14Z</time></trkpt><trkpt lat="40.746284571475165" lon="-74.01687018072592"><time>2026-07-14T23:23:16Z</time></trkpt><trkpt lat="40.74626318047277" lon="-74.01684353229345"><time>2026-07-14T23:23:18Z</time></trkpt><trkpt lat="40.74624087213673" lon="-74.01681627814247"><time>2026-07-14T23:23:20Z</time></trkpt><trkpt lat="40.746215828122224" lon="-74.0167918169637"><time>2026-07-14T23:23:22Z</time></trkpt><trkpt lat="40.74618940076446" lon="-74.01676879788909"><time>2026-07-14T23:23:24Z</time></trkpt><trkpt lat="40.746173218218175" lon="-74.01675578568268"><time>2026-07-14T23:23:25Z</time></trkpt><trkpt lat="40.74615658812105" lon="-74.01674181736378"><time>2026-07-14T23:23:26Z</time></trkpt><trkpt lat="40.746128120056845" lon="-74.01671733024048"><time>2026-07-14T23:23:28Z</time></trkpt><trkpt lat="40.74611105216593" lon="-74.01670931058098"><time>2026-07-14T23:23:29Z</time></trkpt><trkpt lat="40.74609230703238" lon="-74.01669872125922"><time>2026-07-14T23:23:30Z</time></trkpt><trkpt lat="40.746073143704066" lon="-74.01669004359927"><time>2026-07-14T23:23:31Z</time></trkpt><trkpt lat="40.74605335460353" lon="-74.01668157419824"><time>2026-07-14T23:23:32Z</time></trkpt><trkpt lat="40.7460358118811" lon="-74.01667467790473"><time>2026-07-14T23:23:33Z</time></trkpt><trkpt lat="40.74601905898543" lon="-74.01666529886964"><time>2026-07-14T23:23:34Z</time></trkpt><trkpt lat="40.74600137711377" lon="-74.0166565233884"><time>2026-07-14T23:23:35Z</time></trkpt><trkpt lat="40.745981030897326" lon="-74.01664532523576"><time>2026-07-14T23:23:36Z</time></trkpt><trkpt lat="40.745963463225614" lon="-74.01663751720479"><time>2026-07-14T23:23:37Z</time></trkpt><trkpt lat="40.74594553529033" lon="-74.01662773212352"><time>2026-07-14T23:23:38Z</time></trkpt><trkpt lat="40.74591400197837" lon="-74.01660822663194"><time>2026-07-14T23:23:40Z</time></trkpt><trkpt lat="40.7458801558608" lon="-74.01659254739386"><time>2026-07-14T23:23:42Z</time></trkpt><trkpt lat="40.745862630844435" lon="-74.01658136800481"><time>2026-07-14T23:23:43Z</time></trkpt><trkpt lat="40.74582933325049" lon="-74.01656664595771"><time>2026-07-14T23:23:45Z</time></trkpt><trkpt lat="40.745797758278115" lon="-74.01655477514177"><time>2026-07-14T23:23:47Z</time></trkpt><trkpt lat="40.74576743751759" lon="-74.01653582783383"><time>2026-07-14T23:23:49Z</time></trkpt><trkpt lat="40.74573513635724" lon="-74.016518186073"><time>2026-07-14T23:23:51Z</time></trkpt><trkpt lat="40.74571568224187" lon="-74.01650509924559"><time>2026-07-14T23:23:52Z</time></trkpt><trkpt lat="40.745698038652854" lon="-74.01649408104727"><time>2026-07-14T23:23:53Z</time></trkpt><trkpt lat="40.745663040979906" lon="-74.01647951949359"><time>2026-07-14T23:23:55Z</time></trkpt><trkpt lat="40.7456439776754" lon="-74.01647339735747"><time>2026-07-14T23:23:56Z</time></trkpt><trkpt lat="40.74562194307926" lon="-74.01647019553717"><time>2026-07-14T23:23:57Z</time></trkpt><trkpt lat="40.745603112752555" lon="-74.01646792555121"><time>2026-07-14T23:23:58Z</time></trkpt><trkpt lat="40.745580207087386" lon="-74.0164669266856"><time>2026-07-14T23:23:59Z</time></trkpt><trkpt lat="40.74555805099569" lon="-74.01646360447494"><time>2026-07-14T23:24:00Z</time></trkpt><trkpt lat="40.745536421047376" lon="-74.01646077281143"><time>2026-07-14T23:24:01Z</time></trkpt><trkpt lat="40.74551506584607" lon="-74.01645957588786"><time>2026-07-14T23:24:02Z</time></trkpt><trkpt lat="40.74549210989441" lon="-74.01645952591284"><time>2026-07-14T23:24:03Z</time></trkpt><trkpt lat="40.7454690780775" lon="-74.01645648177299"><time>2026-07-14T23:24:04Z</time></trkpt><trkpt lat="40.745444312787946" lon="-74.01645043672714"><time>2026-07-14T23:24:05Z</time></trkpt><trkpt lat="40.745420267240384" lon="-74.01644377698167"><time>2026-07-14T23:24:06Z</time></trkpt><trkpt lat="40.74539712844413" lon="-74.01643735159492"><time>2026-07-14T23:24:07Z</time></trkpt><trkpt lat="40.74537629369266" lon="-74.01643099207928"><time>2026-07-14T23:24:08Z</time></trkpt><trkpt lat="40.74535727380512" lon="-74.01642508344683"><time>2026-07-14T23:24:09Z</time></trkpt><trkpt lat="40.74533941525632" lon="-74.01641746811886"><time>2026-07-14T23:24:10Z</time></trkpt><trkpt lat="40.74532125952153" lon="-74.01641121544712"><time>2026-07-14T23:24:11Z</time></trkpt><trkpt lat="40.745285546926766" lon="-74.01639741676271"><time>2026-07-14T23:24:13Z</time></trkpt><trkpt lat="40.74526687445919" lon="-74.01639148488384"><time>2026-07-14T23:24:14Z</time></trkpt><trkpt lat="40.74524765304188" lon="-74.01638447020069"><time>2026-07-14T23:24:15Z</time></trkpt><trkpt lat="40.745224072148375" lon="-74.01636953715885"><time>2026-07-14T23:24:17Z</time></trkpt><trkpt lat="40.745194941877024" lon="-74.01635265018304"><time>2026-07-14T23:24:19Z</time></trkpt><trkpt lat="40.74516692306028" lon="-74.0163394808188"><time>2026-07-14T23:24:21Z</time></trkpt><trkpt lat="40.74514201725458" lon="-74.01632813935848"><time>2026-07-14T23:24:23Z</time></trkpt><trkpt lat="40.74511586775757" lon="-74.01631962211866"><time>2026-07-14T23:24:25Z</time></trkpt><trkpt lat="40.74508677952175" lon="-74.01631259343871"><time>2026-07-14T23:24:27Z</time></trkpt><trkpt lat="40.74505733639532" lon="-74.01630308086183"><time>2026-07-14T23:24:29Z</time></trkpt><trkpt lat="40.74503883841597" lon="-74.01629715619731"><time>2026-07-14T23:24:30Z</time></trkpt><trkpt lat="40.745005723356925" lon="-74.01628530307461"><time>2026-07-14T23:24:32Z</time></trkpt><trkpt lat="40.7449868966249" lon="-74.01628071510443"><time>2026-07-14T23:24:33Z</time></trkpt><trkpt lat="40.74496690190893" lon="-74.01627031122696"><time>2026-07-14T23:24:34Z</time></trkpt><trkpt lat="40.74494394855678" lon="-74.0162588636775"><time>2026-07-14T23:24:35Z</time></trkpt><trkpt lat="40.74491984787393" lon="-74.01625117097966"><time>2026-07-14T23:24:36Z</time></trkpt><trkpt lat="40.744896358309774" lon="-74.01625251126619"><time>2026-07-14T23:24:37Z</time></trkpt><trkpt lat="40.74487330281889" lon="-74.0162530230151"><time>2026-07-14T23:24:38Z</time></trkpt><trkpt lat="40.744848381132186" lon="-74.01625364390692"><time>2026-07-14T23:24:39Z</time></trkpt><trkpt lat="40.74482025373528" lon="-74.01624678635137"><time>2026-07-14T23:24:40Z</time></trkpt><trkpt lat="40.74479197948785" lon="-74.0162369854453"><time>2026-07-14T23:24:41Z</time></trkpt><trkpt lat="40.74476497497186" lon="-74.01621842481818"><time>2026-07-14T23:24:42Z</time></trkpt><trkpt lat="40.74474255334201" lon="-74.01619907043056"><time>2026-07-14T23:24:43Z</time></trkpt><trkpt lat="40.74472644121279" lon="-74.01618040796879"><time>2026-07-14T23:24:44Z</time></trkpt><trkpt lat="40.7447091227918" lon="-74.01616355924533"><time>2026-07-14T23:24:45Z</time></trkpt><trkpt lat="40.74467416720588" lon="-74.0161376648787"><time>2026-07-14T23:24:47Z</time></trkpt><trkpt lat="40.74465203948735" lon="-74.01612041226156"><time>2026-07-14T23:24:48Z</time></trkpt><trkpt lat="40.74462391537839" lon="-74.01608011877254"><time>2026-07-14T23:24:50Z</time></trkpt><trkpt lat="40.7446090450388" lon="-74.01605100058033"><time>2026-07-14T23:24:51Z</time></trkpt><trkpt lat="40.74459406499962" lon="-74.01603195254015"><time>2026-07-14T23:24:52Z</time></trkpt><trkpt lat="40.7445793773997" lon="-74.01601362442634"><time>2026-07-14T23:24:53Z</time></trkpt><trkpt lat="40.7445702304492" lon="-74.01598469746048"><time>2026-07-14T23:24:54Z</time></trkpt><trkpt lat="40.74456244189645" lon="-74.01596277225096"><time>2026-07-14T23:24:55Z</time></trkpt><trkpt lat="40.74455121827605" lon="-74.01593974144792"><time>2026-07-14T23:24:56Z</time></trkpt><trkpt lat="40.744539612354956" lon="-74.01591653656267"><time>2026-07-14T23:24:57Z</time></trkpt><trkpt lat="40.74453079356195" lon="-74.0158910376742"><time>2026-07-14T23:24:58Z</time></trkpt><trkpt lat="40.74451928261035" lon="-74.01586598072134"><time>2026-07-14T23:24:59Z</time></trkpt><trkpt lat="40.74450793285438" lon="-74.01584059978897"><time>2026-07-14T23:25:00Z</time></trkpt><trkpt lat="40.74449575730292" lon="-74.01581741922769"><time>2026-07-14T23:25:01Z</time></trkpt><trkpt lat="40.74448155927711" lon="-74.01579253997146"><time>2026-07-14T23:25:02Z</time></trkpt><trkpt lat="40.74446528647734" lon="-74.01576988022009"><time>2026-07-14T23:25:03Z</time></trkpt><trkpt lat="40.7444495836039" lon="-74.01574323593734"><time>2026-07-14T23:25:04Z</time></trkpt><trkpt lat="40.74443613479789" lon="-74.01572262217209"><time>2026-07-14T23:25:05Z</time></trkpt><trkpt lat="40.744417132078596" lon="-74.01570383947747"><time>2026-07-14T23:25:06Z</time></trkpt><trkpt lat="40.744396877658446" lon="-74.01568205004223"><time>2026-07-14T23:25:07Z</time></trkpt><trkpt lat="40.74437326707117" lon="-74.01566615638752"><time>2026-07-14T23:25:08Z</time></trkpt><trkpt lat="40.74435360832023" lon="-74.01564964914685"><time>2026-07-14T23:25:09Z</time></trkpt><trkpt lat="40.744337416895334" lon="-74.01563495614903"><time>2026-07-14T23:25:10Z</time></trkpt><trkpt lat="40.744319415103064" lon="-74.01561821734114"><time>2026-07-14T23:25:11Z</time></trkpt><trkpt lat="40.74430114805197" lon="-74.01560892400772"><time>2026-07-14T23:25:12Z</time></trkpt><trkpt lat="40.74428101205173" lon="-74.01559049965901"><time>2026-07-14T23:25:13Z</time></trkpt><trkpt lat="40.74424788927616" lon="-74.0155948499113"><time>2026-07-14T23:25:15Z</time></trkpt><trkpt lat="40.74423348721373" lon="-74.01561226872296"><time>2026-07-14T23:25:16Z</time></trkpt><trkpt lat="40.744226906037866" lon="-74.01564062798478"><time>2026-07-14T23:25:17Z</time></trkpt><trkpt lat="40.74421996441597" lon="-74.0156680879246"><time>2026-07-14T23:25:18Z</time></trkpt><trkpt lat="40.744237824215986" lon="-74.01571411256005"><time>2026-07-14T23:25:20Z</time></trkpt><trkpt lat="40.74426386478559" lon="-74.01573334279433"><time>2026-07-14T23:25:21Z</time></trkpt><trkpt lat="40.744291406737624" lon="-74.01574949250667"><time>2026-07-14T23:25:22Z</time></trkpt><trkpt lat="40.744321624444936" lon="-74.01576149009475"><time>2026-07-14T23:25:23Z</time></trkpt><trkpt lat="40.74434191196054" lon="-74.01577843542552"><time>2026-07-14T23:25:24Z</time></trkpt><trkpt lat="40.74436611920059" lon="-74.01579941388087"><time>2026-07-14T23:25:25Z</time></trkpt><trkpt lat="40.74438442215882" lon="-74.01582236133225"><time>2026-07-14T23:25:26Z</time></trkpt><trkpt lat="40.744410529637356" lon="-74.0158514614385"><time>2026-07-14T23:25:27Z</time></trkpt><trkpt lat="40.74443692119826" lon="-74.01587034528373"><time>2026-07-14T23:25:28Z</time></trkpt><trkpt lat="40.74446087733778" lon="-74.01589174646979"><time>2026-07-14T23:25:29Z</time></trkpt><trkpt lat="40.74447838994461" lon="-74.0159243982549"><time>2026-07-14T23:25:30Z</time></trkpt><trkpt lat="40.74449270206804" lon="-74.01595382160528"><time>2026-07-14T23:25:31Z</time></trkpt><trkpt lat="40.74451051779936" lon="-74.01598057382914"><time>2026-07-14T23:25:32Z</time></trkpt><trkpt lat="40.7445360878011" lon="-74.01600410899762"><time>2026-07-14T23:25:33Z</time></trkpt><trkpt lat="40.744558582277456" lon="-74.01602646539239"><time>2026-07-14T23:25:34Z</time></trkpt><trkpt lat="40.744578628702115" lon="-74.01604937563137"><time>2026-07-14T23:25:35Z</time></trkpt><trkpt lat="40.74460107043667" lon="-74.01606863938638"><time>2026-07-14T23:25:36Z</time></trkpt><trkpt lat="40.74462224355929" lon="-74.01609173876382"><time>2026-07-14T23:25:37Z</time></trkpt><trkpt lat="40.74464101272458" lon="-74.01612209924504"><time>2026-07-14T23:25:38Z</time></trkpt><trkpt lat="40.74465707154282" lon="-74.01615144779318"><time>2026-07-14T23:25:39Z</time></trkpt><trkpt lat="40.74466931720326" lon="-74.01618029269254"><time>2026-07-14T23:25:40Z</time></trkpt><trkpt lat="40.74467798967399" lon="-74.01620624808278"><time>2026-07-14T23:25:41Z</time></trkpt><trkpt lat="40.74469282036175" lon="-74.0162309742167"><time>2026-07-14T23:25:42Z</time></trkpt><trkpt lat="40.74471009898146" lon="-74.01626044372374"><time>2026-07-14T23:25:43Z</time></trkpt><trkpt lat="40.744730704098544" lon="-74.01628782004606"><time>2026-07-14T23:25:44Z</time></trkpt><trkpt lat="40.744746867619796" lon="-74.01631357949476"><time>2026-07-14T23:25:45Z</time></trkpt><trkpt lat="40.744765414758206" lon="-74.01633869255329"><time>2026-07-14T23:25:46Z</time></trkpt><trkpt lat="40.7447844274129" lon="-74.01637202299601"><time>2026-07-14T23:25:47Z</time></trkpt><trkpt lat="40.74480425507826" lon="-74.01640040673391"><time>2026-07-14T23:25:48Z</time></trkpt><trkpt lat="40.74483069116012" lon="-74.01642728742364"><time>2026-07-14T23:25:49Z</time></trkpt><trkpt lat="40.744856987789674" lon="-74.01644615755181"><time>2026-07-14T23:25:50Z</time></trkpt><trkpt lat="40.74489001266542" lon="-74.01646995059548"><time>2026-07-14T23:25:51Z</time></trkpt><trkpt lat="40.74492189310076" lon="-74.0164977990084"><time>2026-07-14T23:25:52Z</time></trkpt><trkpt lat="40.744951684820975" lon="-74.01651824440806"><time>2026-07-14T23:25:53Z</time></trkpt><trkpt lat="40.74498303808293" lon="-74.01652356140006"><time>2026-07-14T23:25:54Z</time></trkpt><trkpt lat="40.745018299282194" lon="-74.01651686910645"><time>2026-07-14T23:25:55Z</time></trkpt><trkpt lat="40.74505908190786" lon="-74.01651685459622"><time>2026-07-14T23:25:56Z</time></trkpt><trkpt lat="40.74509387535703" lon="-74.01653324656965"><time>2026-07-14T23:25:57Z</time></trkpt><trkpt lat="40.745126414623854" lon="-74.0165522212534"><time>2026-07-14T23:25:58Z</time></trkpt><trkpt lat="40.745156744517594" lon="-74.01657449018916"><time>2026-07-14T23:25:59Z</time></trkpt><trkpt lat="40.74517834639625" lon="-74.01660699275533"><time>2026-07-14T23:26:00Z</time></trkpt><trkpt lat="40.74519744309016" lon="-74.01663581947072"><time>2026-07-14T23:26:01Z</time></trkpt><trkpt lat="40.745211373057835" lon="-74.01665936993585"><time>2026-07-14T23:26:02Z</time></trkpt><trkpt lat="40.745229391032176" lon="-74.01668655051668"><time>2026-07-14T23:26:03Z</time></trkpt><trkpt lat="40.74524898630838" lon="-74.016721637706"><time>2026-07-14T23:26:04Z</time></trkpt><trkpt lat="40.745270044990946" lon="-74.01675072233631"><time>2026-07-14T23:26:05Z</time></trkpt><trkpt lat="40.745295776365204" lon="-74.01678075923523"><time>2026-07-14T23:26:06Z</time></trkpt><trkpt lat="40.74531541705139" lon="-74.01680319072635"><time>2026-07-14T23:26:07Z</time></trkpt><trkpt lat="40.745335902176144" lon="-74.01682961242793"><time>2026-07-14T23:26:08Z</time></trkpt><trkpt lat="40.74535783398334" lon="-74.01685567324003"><time>2026-07-14T23:26:09Z</time></trkpt><trkpt lat="40.74537460926" lon="-74.01688496504364"><time>2026-07-14T23:26:10Z</time></trkpt><trkpt lat="40.74538687228998" lon="-74.01691659109339"><time>2026-07-14T23:26:11Z</time></trkpt><trkpt lat="40.74540262626366" lon="-74.01695072321556"><time>2026-07-14T23:26:12Z</time></trkpt><trkpt lat="40.74542119237375" lon="-74.01697496624263"><time>2026-07-14T23:26:13Z</time></trkpt><trkpt lat="40.74543004658783" lon="-74.01700208853049"><time>2026-07-14T23:26:14Z</time></trkpt><trkpt lat="40.745425308688056" lon="-74.0170331450983"><time>2026-07-14T23:26:16Z</time></trkpt><trkpt lat="40.745400990375394" lon="-74.01704555899349"><time>2026-07-14T23:26:18Z</time></trkpt><trkpt lat="40.745369521719205" lon="-74.01704463157076"><time>2026-07-14T23:26:20Z</time></trkpt><trkpt lat="40.74535094142227" lon="-74.0170379084758"><time>2026-07-14T23:26:21Z</time></trkpt><trkpt lat="40.745330005150336" lon="-74.01703679532474"><time>2026-07-14T23:26:22Z</time></trkpt><trkpt lat="40.74529915194021" lon="-74.01703859390602"><time>2026-07-14T23:26:24Z</time></trkpt><trkpt lat="40.74528033794232" lon="-74.01704250882838"><time>2026-07-14T23:26:25Z</time></trkpt><trkpt lat="40.745253810009025" lon="-74.01704366088843"><time>2026-07-14T23:26:26Z</time></trkpt><trkpt lat="40.74522873370981" lon="-74.01703847444769"><time>2026-07-14T23:26:27Z</time></trkpt><trkpt lat="40.74520843192232" lon="-74.01703602432993"><time>2026-07-14T23:26:28Z</time></trkpt><trkpt lat="40.745179829364574" lon="-74.01703376339023"><time>2026-07-14T23:26:29Z</time></trkpt><trkpt lat="40.74515289302486" lon="-74.01702761432443"><time>2026-07-14T23:26:31Z</time></trkpt><trkpt lat="40.745132554458316" lon="-74.01701519398709"><time>2026-07-14T23:26:32Z</time></trkpt><trkpt lat="40.74511369551912" lon="-74.01697953235983"><time>2026-07-14T23:26:33Z</time></trkpt><trkpt lat="40.745090184600976" lon="-74.01697877562172"><time>2026-07-14T23:26:34Z</time></trkpt><trkpt lat="40.74506566626274" lon="-74.01698254264608"><time>2026-07-14T23:26:35Z</time></trkpt><trkpt lat="40.745037719921854" lon="-74.01697744913301"><time>2026-07-14T23:26:36Z</time></trkpt><trkpt lat="40.745018275887475" lon="-74.01697299907056"><time>2026-07-14T23:26:37Z</time></trkpt><trkpt lat="40.74499627853705" lon="-74.01697004222713"><time>2026-07-14T23:26:38Z</time></trkpt><trkpt lat="40.74497870010324" lon="-74.01696308983102"><time>2026-07-14T23:26:39Z</time></trkpt><trkpt lat="40.74495344305356" lon="-74.01694662371733"><time>2026-07-14T23:26:40Z</time></trkpt><trkpt lat="40.74492932977136" lon="-74.01692700769227"><time>2026-07-14T23:26:41Z</time></trkpt><trkpt lat="40.74490395147603" lon="-74.01690454126573"><time>2026-07-14T23:26:42Z</time></trkpt><trkpt lat="40.744878793255424" lon="-74.01687730079558"><time>2026-07-14T23:26:43Z</time></trkpt><trkpt lat="40.744858171032355" lon="-74.01684587697717"><time>2026-07-14T23:26:44Z</time></trkpt><trkpt lat="40.744844446016046" lon="-74.01681304336927"><time>2026-07-14T23:26:45Z</time></trkpt><trkpt lat="40.74483229088401" lon="-74.0167833966184"><time>2026-07-14T23:26:46Z</time></trkpt><trkpt lat="40.744821522470005" lon="-74.01675556338627"><time>2026-07-14T23:26:47Z</time></trkpt><trkpt lat="40.744808867417206" lon="-74.01672757853196"><time>2026-07-14T23:26:48Z</time></trkpt><trkpt lat="40.744798181379046" lon="-74.0166966225654"><time>2026-07-14T23:26:49Z</time></trkpt><trkpt lat="40.744785373419965" lon="-74.01666471735552"><time>2026-07-14T23:26:50Z</time></trkpt><trkpt lat="40.74477329832705" lon="-74.01663705700292"><time>2026-07-14T23:26:51Z</time></trkpt><trkpt lat="40.74475534007256" lon="-74.01661849314095"><time>2026-07-14T23:26:52Z</time></trkpt><trkpt lat="40.74473191802613" lon="-74.01660753915787"><time>2026-07-14T23:26:53Z</time></trkpt><trkpt lat="40.744707596250635" lon="-74.01659825305518"><time>2026-07-14T23:26:54Z</time></trkpt><trkpt lat="40.74468831530182" lon="-74.0165894005003"><time>2026-07-14T23:26:55Z</time></trkpt><trkpt lat="40.744667349966804" lon="-74.01658192877225"><time>2026-07-14T23:26:56Z</time></trkpt><trkpt lat="40.74464586283331" lon="-74.01657189871983"><time>2026-07-14T23:26:57Z</time></trkpt><trkpt lat="40.74460742502493" lon="-74.01656483998686"><time>2026-07-14T23:26:59Z</time></trkpt><trkpt lat="40.74458492365455" lon="-74.0165691654533"><time>2026-07-14T23:27:00Z</time></trkpt><trkpt lat="40.74457230141931" lon="-74.01662158200956"><time>2026-07-14T23:27:02Z</time></trkpt><trkpt lat="40.74457724295351" lon="-74.016648878893"><time>2026-07-14T23:27:03Z</time></trkpt><trkpt lat="40.74459833948122" lon="-74.0166691845843"><time>2026-07-14T23:27:04Z</time></trkpt><trkpt lat="40.74462372707622" lon="-74.01669036214747"><time>2026-07-14T23:27:05Z</time></trkpt><trkpt lat="40.744649560458896" lon="-74.01670550329476"><time>2026-07-14T23:27:06Z</time></trkpt><trkpt lat="40.744673282989744" lon="-74.01671403187312"><time>2026-07-14T23:27:07Z</time></trkpt><trkpt lat="40.74470181240279" lon="-74.01671170865875"><time>2026-07-14T23:27:08Z</time></trkpt><trkpt lat="40.74473506185117" lon="-74.01670034796881"><time>2026-07-14T23:27:09Z</time></trkpt><trkpt lat="40.744767320673446" lon="-74.01668478303003"><time>2026-07-14T23:27:10Z</time></trkpt><trkpt lat="40.74479534311662" lon="-74.01666495646289"><time>2026-07-14T23:27:11Z</time></trkpt><trkpt lat="40.74481748493023" lon="-74.01663232031937"><time>2026-07-14T23:27:12Z</time></trkpt><trkpt lat="40.744817461721254" lon="-74.01659466232704"><time>2026-07-14T23:27:13Z</time></trkpt><trkpt lat="40.744812166526664" lon="-74.01656144584493"><time>2026-07-14T23:27:14Z</time></trkpt><trkpt lat="40.74480514651498" lon="-74.01653299286073"><time>2026-07-14T23:27:15Z</time></trkpt><trkpt lat="40.74480358993504" lon="-74.01650603564421"><time>2026-07-14T23:27:16Z</time></trkpt><trkpt lat="40.74479055700058" lon="-74.01648767067374"><time>2026-07-14T23:27:17Z</time></trkpt><trkpt lat="40.744766314646846" lon="-74.01648432474443"><time>2026-07-14T23:27:18Z</time></trkpt><trkpt lat="40.744751476698106" lon="-74.01646438899597"><time>2026-07-14T23:27:19Z</time></trkpt><trkpt lat="40.74473275271064" lon="-74.01643944118622"><time>2026-07-14T23:27:20Z</time></trkpt><trkpt lat="40.744715080470435" lon="-74.01642524128346"><time>2026-07-14T23:27:21Z</time></trkpt><trkpt lat="40.744691360059974" lon="-74.01641905571664"><time>2026-07-14T23:27:22Z</time></trkpt><trkpt lat="40.74466246065174" lon="-74.01641242033715"><time>2026-07-14T23:27:23Z</time></trkpt><trkpt lat="40.74464315137244" lon="-74.01642479701773"><time>2026-07-14T23:27:24Z</time></trkpt><trkpt lat="40.744612050147204" lon="-74.016438622662"><time>2026-07-14T23:27:26Z</time></trkpt><trkpt lat="40.74458900967003" lon="-74.01643974028293"><time>2026-07-14T23:27:27Z</time></trkpt><trkpt lat="40.744569786742574" lon="-74.0164417482458"><time>2026-07-14T23:27:28Z</time></trkpt><trkpt lat="40.744551619142726" lon="-74.0164498911303"><time>2026-07-14T23:27:29Z</time></trkpt><trkpt lat="40.744515505423735" lon="-74.01645885771323"><time>2026-07-14T23:27:31Z</time></trkpt><trkpt lat="40.744494194057154" lon="-74.01645737095524"><time>2026-07-14T23:27:32Z</time></trkpt><trkpt lat="40.744474968834524" lon="-74.01645834767862"><time>2026-07-14T23:27:33Z</time></trkpt><trkpt lat="40.74443481383582" lon="-74.01644516467869"><time>2026-07-14T23:27:35Z</time></trkpt><trkpt lat="40.74441495456512" lon="-74.01644726957907"><time>2026-07-14T23:27:36Z</time></trkpt><trkpt lat="40.74439307511169" lon="-74.01645052332832"><time>2026-07-14T23:27:37Z</time></trkpt><trkpt lat="40.744370752750214" lon="-74.01646115683234"><time>2026-07-14T23:27:38Z</time></trkpt><trkpt lat="40.74435070462558" lon="-74.01646170142912"><time>2026-07-14T23:27:39Z</time></trkpt><trkpt lat="40.74433327303769" lon="-74.01645162364584"><time>2026-07-14T23:27:40Z</time></trkpt><trkpt lat="40.74429892659177" lon="-74.01646452322395"><time>2026-07-14T23:27:42Z</time></trkpt><trkpt lat="40.744279900413765" lon="-74.01646035528341"><time>2026-07-14T23:27:43Z</time></trkpt><trkpt lat="40.74424159473955" lon="-74.01648737734317"><time>2026-07-14T23:27:45Z</time></trkpt><trkpt lat="40.7442244005305" lon="-74.01649633947454"><time>2026-07-14T23:27:46Z</time></trkpt><trkpt lat="40.74420226327245" lon="-74.01649720330718"><time>2026-07-14T23:27:47Z</time></trkpt><trkpt lat="40.744184500818626" lon="-74.01650422915229"><time>2026-07-14T23:27:48Z</time></trkpt><trkpt lat="40.74414253605112" lon="-74.01649850170583"><time>2026-07-14T23:27:50Z</time></trkpt><trkpt lat="40.744119314838976" lon="-74.01650004500513"><time>2026-07-14T23:27:51Z</time></trkpt><trkpt lat="40.74409612818567" lon="-74.01650220829387"><time>2026-07-14T23:27:52Z</time></trkpt><trkpt lat="40.7440714669539" lon="-74.01651456371349"><time>2026-07-14T23:27:53Z</time></trkpt><trkpt lat="40.744033776960165" lon="-74.01654020179538"><time>2026-07-14T23:27:55Z</time></trkpt><trkpt lat="40.744010281241174" lon="-74.01655031439626"><time>2026-07-14T23:27:56Z</time></trkpt><trkpt lat="40.74396988497175" lon="-74.01656183207263"><time>2026-07-14T23:27:58Z</time></trkpt><trkpt lat="40.74392583419415" lon="-74.01655916508892"><time>2026-07-14T23:28:00Z</time></trkpt><trkpt lat="40.74389840676137" lon="-74.01656048502218"><time>2026-07-14T23:28:01Z</time></trkpt><trkpt lat="40.74384944461697" lon="-74.01657068506977"><time>2026-07-14T23:28:03Z</time></trkpt><trkpt lat="40.743821435506675" lon="-74.01657301312885"><time>2026-07-14T23:28:04Z</time></trkpt><trkpt lat="40.74380643352849" lon="-74.01658815683741"><time>2026-07-14T23:28:05Z</time></trkpt><trkpt lat="40.74376901896239" lon="-74.01659370109068"><time>2026-07-14T23:28:07Z</time></trkpt><trkpt lat="40.74374667576141" lon="-74.01659577158816"><time>2026-07-14T23:28:08Z</time></trkpt><trkpt lat="40.74372423167685" lon="-74.0166024086468"><time>2026-07-14T23:28:09Z</time></trkpt><trkpt lat="40.74370007900906" lon="-74.01661168501103"><time>2026-07-14T23:28:10Z</time></trkpt><trkpt lat="40.74367924478832" lon="-74.01661306461591"><time>2026-07-14T23:28:11Z</time></trkpt><trkpt lat="40.743653361074074" lon="-74.016624158645"><time>2026-07-14T23:28:13Z</time></trkpt><trkpt lat="40.74363579664441" lon="-74.01663033658207"><time>2026-07-14T23:28:14Z</time></trkpt><trkpt lat="40.743600063521555" lon="-74.01663992767523"><time>2026-07-14T23:28:16Z</time></trkpt><trkpt lat="40.7435687096585" lon="-74.01664533015585"><time>2026-07-14T23:28:18Z</time></trkpt><trkpt lat="40.74353729017037" lon="-74.01663714247483"><time>2026-07-14T23:28:20Z</time></trkpt><trkpt lat="40.74350211710093" lon="-74.01664094186435"><time>2026-07-14T23:28:22Z</time></trkpt><trkpt lat="40.74346338414832" lon="-74.01663513670758"><time>2026-07-14T23:28:24Z</time></trkpt><trkpt lat="40.743432782039534" lon="-74.01663374176857"><time>2026-07-14T23:28:26Z</time></trkpt><trkpt lat="40.74339956825988" lon="-74.01663037694506"><time>2026-07-14T23:28:28Z</time></trkpt><trkpt lat="40.743377993428155" lon="-74.0166269231896"><time>2026-07-14T23:28:29Z</time></trkpt><trkpt lat="40.74335654479677" lon="-74.01661683924358"><time>2026-07-14T23:28:30Z</time></trkpt><trkpt lat="40.74332593894274" lon="-74.01660130365498"><time>2026-07-14T23:28:32Z</time></trkpt><trkpt lat="40.74329220863936" lon="-74.0165937682317"><time>2026-07-14T23:28:34Z</time></trkpt><trkpt lat="40.74327255963937" lon="-74.01659663321388"><time>2026-07-14T23:28:35Z</time></trkpt><trkpt lat="40.74323896699947" lon="-74.01659670772867"><time>2026-07-14T23:28:37Z</time></trkpt><trkpt lat="40.74320669663588" lon="-74.01658610065952"><time>2026-07-14T23:28:39Z</time></trkpt><trkpt lat="40.74318969901119" lon="-74.01657628583983"><time>2026-07-14T23:28:40Z</time></trkpt><trkpt lat="40.743172136770795" lon="-74.01656696098418"><time>2026-07-14T23:28:41Z</time></trkpt><trkpt lat="40.743140437797436" lon="-74.01654778382749"><time>2026-07-14T23:28:43Z</time></trkpt><trkpt lat="40.743112136248996" lon="-74.01653002039676"><time>2026-07-14T23:28:45Z</time></trkpt><trkpt lat="40.74309461499045" lon="-74.01652220606229"><time>2026-07-14T23:28:46Z</time></trkpt><trkpt lat="40.743077692003745" lon="-74.01651165295208"><time>2026-07-14T23:28:47Z</time></trkpt><trkpt lat="40.74304904718993" lon="-74.0164927914172"><time>2026-07-14T23:28:49Z</time></trkpt><trkpt lat="40.74301653137719" lon="-74.0164737654625"><time>2026-07-14T23:28:51Z</time></trkpt><trkpt lat="40.74298351009268" lon="-74.01645591971503"><time>2026-07-14T23:28:53Z</time></trkpt><trkpt lat="40.74295612577988" lon="-74.01646182925818"><time>2026-07-14T23:28:55Z</time></trkpt><trkpt lat="40.7429254314912" lon="-74.01646791753834"><time>2026-07-14T23:28:57Z</time></trkpt><trkpt lat="40.74290660552566" lon="-74.01646734414224"><time>2026-07-14T23:28:58Z</time></trkpt><trkpt lat="40.74288816811122" lon="-74.01646867908067"><time>2026-07-14T23:28:59Z</time></trkpt><trkpt lat="40.742869522313725" lon="-74.01647392411634"><time>2026-07-14T23:29:00Z</time></trkpt><trkpt lat="40.74283746960278" lon="-74.01647372802522"><time>2026-07-14T23:29:02Z</time></trkpt><trkpt lat="40.74281940287862" lon="-74.01647372270523"><time>2026-07-14T23:29:03Z</time></trkpt><trkpt lat="40.74279804357404" lon="-74.01647340494965"><time>2026-07-14T23:29:04Z</time></trkpt><trkpt lat="40.74277278980168" lon="-74.01648504309244"><time>2026-07-14T23:29:05Z</time></trkpt><trkpt lat="40.74275362011753" lon="-74.0164910360638"><time>2026-07-14T23:29:06Z</time></trkpt><trkpt lat="40.74273343954067" lon="-74.0164964350319"><time>2026-07-14T23:29:07Z</time></trkpt><trkpt lat="40.742700037480205" lon="-74.01649104413796"><time>2026-07-14T23:29:09Z</time></trkpt><trkpt lat="40.7426803598481" lon="-74.01649256635471"><time>2026-07-14T23:29:10Z</time></trkpt><trkpt lat="40.742658204507855" lon="-74.01649543620158"><time>2026-07-14T23:29:11Z</time></trkpt><trkpt lat="40.74263708410249" lon="-74.01650605891525"><time>2026-07-14T23:29:12Z</time></trkpt><trkpt lat="40.74261910238242" lon="-74.01651986687955"><time>2026-07-14T23:29:13Z</time></trkpt><trkpt lat="40.74259977701683" lon="-74.01652930741498"><time>2026-07-14T23:29:14Z</time></trkpt><trkpt lat="40.742576717091076" lon="-74.01655565879632"><time>2026-07-14T23:29:16Z</time></trkpt><trkpt lat="40.742572314846" lon="-74.01657911086426"><time>2026-07-14T23:29:17Z</time></trkpt><trkpt lat="40.74257519400538" lon="-74.0166160344301"><time>2026-07-14T23:29:18Z</time></trkpt><trkpt lat="40.74258928089243" lon="-74.01664625279888"><time>2026-07-14T23:29:19Z</time></trkpt><trkpt lat="40.74263054639033" lon="-74.01665651665266"><time>2026-07-14T23:29:20Z</time></trkpt><trkpt lat="40.742671636662095" lon="-74.01667918382898"><time>2026-07-14T23:29:22Z</time></trkpt><trkpt lat="40.74268401556714" lon="-74.01671408029226"><time>2026-07-14T23:29:23Z</time></trkpt><trkpt lat="40.74269978353678" lon="-74.0167340885223"><time>2026-07-14T23:29:24Z</time></trkpt><trkpt lat="40.74271259368611" lon="-74.01675962965685"><time>2026-07-14T23:29:25Z</time></trkpt><trkpt lat="40.74273144816405" lon="-74.0167828751236"><time>2026-07-14T23:29:26Z</time></trkpt><trkpt lat="40.74275452033691" lon="-74.01680643742732"><time>2026-07-14T23:29:27Z</time></trkpt><trkpt lat="40.74277007318225" lon="-74.01683021162"><time>2026-07-14T23:29:28Z</time></trkpt><trkpt lat="40.74279161790422" lon="-74.01685222251257"><time>2026-07-14T23:29:29Z</time></trkpt><trkpt lat="40.7428058565293" lon="-74.016884293799"><time>2026-07-14T23:29:30Z</time></trkpt><trkpt lat="40.74281092806153" lon="-74.01691927713644"><time>2026-07-14T23:29:31Z</time></trkpt><trkpt lat="40.74281627998873" lon="-74.0169487828095"><time>2026-07-14T23:29:32Z</time></trkpt><trkpt lat="40.742834881430966" lon="-74.01698014981557"><time>2026-07-14T23:29:33Z</time></trkpt><trkpt lat="40.74284502433978" lon="-74.01700897848836"><time>2026-07-14T23:29:34Z</time></trkpt><trkpt lat="40.74285253321365" lon="-74.01703183590556"><time>2026-07-14T23:29:35Z</time></trkpt><trkpt lat="40.742872574003634" lon="-74.01705428611761"><time>2026-07-14T23:29:36Z</time></trkpt><trkpt lat="40.7428960558477" lon="-74.01708940172172"><time>2026-07-14T23:29:37Z</time></trkpt><trkpt lat="40.74292316283369" lon="-74.01712182999404"><time>2026-07-14T23:29:38Z</time></trkpt><trkpt lat="40.74294843299979" lon="-74.01712697742"><time>2026-07-14T23:29:39Z</time></trkpt><trkpt lat="40.74298472500161" lon="-74.01713410041525"><time>2026-07-14T23:29:40Z</time></trkpt><trkpt lat="40.74302033536966" lon="-74.01714651457922"><time>2026-07-14T23:29:41Z</time></trkpt><trkpt lat="40.74305015278782" lon="-74.01716141544641"><time>2026-07-14T23:29:42Z</time></trkpt><trkpt lat="40.74307426469107" lon="-74.01717490381347"><time>2026-07-14T23:29:43Z</time></trkpt><trkpt lat="40.743098993525905" lon="-74.01718724292985"><time>2026-07-14T23:29:44Z</time></trkpt><trkpt lat="40.743114292205654" lon="-74.0172165940826"><time>2026-07-14T23:29:45Z</time></trkpt><trkpt lat="40.74313110476641" lon="-74.01724441950834"><time>2026-07-14T23:29:46Z</time></trkpt><trkpt lat="40.743154750260295" lon="-74.01728441731333"><time>2026-07-14T23:29:48Z</time></trkpt><trkpt lat="40.743173415481444" lon="-74.01731949943887"><time>2026-07-14T23:29:49Z</time></trkpt><trkpt lat="40.74318529438138" lon="-74.01734381118621"><time>2026-07-14T23:29:50Z</time></trkpt><trkpt lat="40.74320185402704" lon="-74.01737341941033"><time>2026-07-14T23:29:51Z</time></trkpt><trkpt lat="40.74321748350676" lon="-74.01739370091883"><time>2026-07-14T23:29:52Z</time></trkpt><trkpt lat="40.743228619537106" lon="-74.0174225709335"><time>2026-07-14T23:29:53Z</time></trkpt><trkpt lat="40.74323491769212" lon="-74.0174541233594"><time>2026-07-14T23:29:54Z</time></trkpt><trkpt lat="40.743244983563585" lon="-74.01747812723742"><time>2026-07-14T23:29:55Z</time></trkpt><trkpt lat="40.743254908413135" lon="-74.0175072733375"><time>2026-07-14T23:29:56Z</time></trkpt><trkpt lat="40.74326767168519" lon="-74.01753639345921"><time>2026-07-14T23:29:57Z</time></trkpt><trkpt lat="40.743267630236616" lon="-74.01756194306633"><time>2026-07-14T23:29:58Z</time></trkpt><trkpt lat="40.74326042149193" lon="-74.01759441042765"><time>2026-07-14T23:30:00Z</time></trkpt><trkpt lat="40.743234649153685" lon="-74.01761999412774"><time>2026-07-14T23:30:01Z</time></trkpt><trkpt lat="40.74323322532437" lon="-74.01757901799613"><time>2026-07-14T23:30:03Z</time></trkpt><trkpt lat="40.74320357661101" lon="-74.01758014147353"><time>2026-07-14T23:30:06Z</time></trkpt><trkpt lat="40.74318562478344" lon="-74.01756760699662"><time>2026-07-14T23:30:08Z</time></trkpt><trkpt lat="40.74316757281887" lon="-74.01756167929886"><time>2026-07-14T23:30:09Z</time></trkpt><trkpt lat="40.74314491257289" lon="-74.01755438890574"><time>2026-07-14T23:30:10Z</time></trkpt><trkpt lat="40.743136073655" lon="-74.01758353524367"><time>2026-07-14T23:30:12Z</time></trkpt><trkpt lat="40.74311669516112" lon="-74.01757167028582"><time>2026-07-14T23:30:13Z</time></trkpt><trkpt lat="40.74307792817937" lon="-74.0175628695557"><time>2026-07-14T23:30:15Z</time></trkpt><trkpt lat="40.743047877295034" lon="-74.01755970505387"><time>2026-07-14T23:30:17Z</time></trkpt><trkpt lat="40.74301837598921" lon="-74.01756447454177"><time>2026-07-14T23:30:19Z</time></trkpt><trkpt lat="40.74298288328675" lon="-74.01754944153643"><time>2026-07-14T23:30:21Z</time></trkpt><trkpt lat="40.74296506500715" lon="-74.01754052250838"><time>2026-07-14T23:30:22Z</time></trkpt><trkpt lat="40.74293306987014" lon="-74.01752960752536"><time>2026-07-14T23:30:24Z</time></trkpt><trkpt lat="40.742895775829126" lon="-74.01752962411925"><time>2026-07-14T23:30:26Z</time></trkpt><trkpt lat="40.74287599705996" lon="-74.01753302693744"><time>2026-07-14T23:30:27Z</time></trkpt><trkpt lat="40.74285616392021" lon="-74.01753633951779"><time>2026-07-14T23:30:28Z</time></trkpt><trkpt lat="40.74283637509227" lon="-74.01753989309516"><time>2026-07-14T23:30:29Z</time></trkpt><trkpt lat="40.742817615750866" lon="-74.01754498098693"><time>2026-07-14T23:30:30Z</time></trkpt><trkpt lat="40.74279840665307" lon="-74.01755103218854"><time>2026-07-14T23:30:31Z</time></trkpt><trkpt lat="40.74277622396172" lon="-74.01755231712411"><time>2026-07-14T23:30:32Z</time></trkpt><trkpt lat="40.74275402639924" lon="-74.01754999114455"><time>2026-07-14T23:30:33Z</time></trkpt><trkpt lat="40.74273432679" lon="-74.01755010679368"><time>2026-07-14T23:30:34Z</time></trkpt><trkpt lat="40.74271608279202" lon="-74.01755408853559"><time>2026-07-14T23:30:35Z</time></trkpt><trkpt lat="40.74269758937854" lon="-74.01755771893079"><time>2026-07-14T23:30:36Z</time></trkpt><trkpt lat="40.74266166708268" lon="-74.01756598889502"><time>2026-07-14T23:30:38Z</time></trkpt><trkpt lat="40.742643494043" lon="-74.01756780832376"><time>2026-07-14T23:30:39Z</time></trkpt><trkpt lat="40.742622616439455" lon="-74.01756609488119"><time>2026-07-14T23:30:40Z</time></trkpt><trkpt lat="40.74260130989673" lon="-74.01756417053336"><time>2026-07-14T23:30:41Z</time></trkpt><trkpt lat="40.742581451983824" lon="-74.01756373820517"><time>2026-07-14T23:30:42Z</time></trkpt><trkpt lat="40.74256238863372" lon="-74.0175660622569"><time>2026-07-14T23:30:43Z</time></trkpt><trkpt lat="40.74254407869809" lon="-74.0175661022447"><time>2026-07-14T23:30:44Z</time></trkpt><trkpt lat="40.74252400950214" lon="-74.01756310727903"><time>2026-07-14T23:30:45Z</time></trkpt><trkpt lat="40.742489756967124" lon="-74.01755986925633"><time>2026-07-14T23:30:47Z</time></trkpt><trkpt lat="40.742470825925786" lon="-74.01755324838116"><time>2026-07-14T23:30:48Z</time></trkpt><trkpt lat="40.74244012255149" lon="-74.01754393317057"><time>2026-07-14T23:30:50Z</time></trkpt><trkpt lat="40.74240852917562" lon="-74.01752790532738"><time>2026-07-14T23:30:52Z</time></trkpt><trkpt lat="40.74238989957153" lon="-74.01751522031569"><time>2026-07-14T23:30:53Z</time></trkpt><trkpt lat="40.74237144822614" lon="-74.01750215157323"><time>2026-07-14T23:30:54Z</time></trkpt><trkpt lat="40.74233977248243" lon="-74.017501779127"><time>2026-07-14T23:30:56Z</time></trkpt><trkpt lat="40.742312406663366" lon="-74.01750280979864"><time>2026-07-14T23:30:58Z</time></trkpt><trkpt lat="40.74228203181628" lon="-74.0175043748076"><time>2026-07-14T23:31:00Z</time></trkpt><trkpt lat="40.74226438159444" lon="-74.0175196766629"><time>2026-07-14T23:31:01Z</time></trkpt><trkpt lat="40.74224608671987" lon="-74.01754258019258"><time>2026-07-14T23:31:03Z</time></trkpt><trkpt lat="40.74222077707748" lon="-74.01757050535132"><time>2026-07-14T23:31:05Z</time></trkpt><trkpt lat="40.74218205401271" lon="-74.01758313356578"><time>2026-07-14T23:31:07Z</time></trkpt><trkpt lat="40.74216255753149" lon="-74.01758748888795"><time>2026-07-14T23:31:08Z</time></trkpt><trkpt lat="40.74212517319151" lon="-74.01759711871917"><time>2026-07-14T23:31:10Z</time></trkpt><trkpt lat="40.74209526034445" lon="-74.0176055922374"><time>2026-07-14T23:31:12Z</time></trkpt><trkpt lat="40.742071678933314" lon="-74.01759996721965"><time>2026-07-14T23:31:13Z</time></trkpt><trkpt lat="40.74203630072039" lon="-74.01760635059686"><time>2026-07-14T23:31:15Z</time></trkpt><trkpt lat="40.74199894876224" lon="-74.01760788898046"><time>2026-07-14T23:31:17Z</time></trkpt><trkpt lat="40.74198058013739" lon="-74.01761082384999"><time>2026-07-14T23:31:18Z</time></trkpt><trkpt lat="40.74196219711221" lon="-74.01761770682421"><time>2026-07-14T23:31:19Z</time></trkpt><trkpt lat="40.74194263389244" lon="-74.0176155160417"><time>2026-07-14T23:31:20Z</time></trkpt><trkpt lat="40.741905399386795" lon="-74.01761298839693"><time>2026-07-14T23:31:22Z</time></trkpt><trkpt lat="40.7418871462122" lon="-74.01761172672376"><time>2026-07-14T23:31:23Z</time></trkpt><trkpt lat="40.74185270935123" lon="-74.01760013195432"><time>2026-07-14T23:31:25Z</time></trkpt><trkpt lat="40.7418171154888" lon="-74.01760376566965"><time>2026-07-14T23:31:27Z</time></trkpt><trkpt lat="40.74179899706973" lon="-74.01760253897261"><time>2026-07-14T23:31:28Z</time></trkpt><trkpt lat="40.74178015552164" lon="-74.0176027681137"><time>2026-07-14T23:31:29Z</time></trkpt><trkpt lat="40.74174901835203" lon="-74.01761193666816"><time>2026-07-14T23:31:31Z</time></trkpt><trkpt lat="40.74172732075654" lon="-74.01761707434203"><time>2026-07-14T23:31:32Z</time></trkpt><trkpt lat="40.7417067376423" lon="-74.01762187853653"><time>2026-07-14T23:31:33Z</time></trkpt><trkpt lat="40.74167154578365" lon="-74.01763155274269"><time>2026-07-14T23:31:35Z</time></trkpt><trkpt lat="40.741654338336474" lon="-74.01764124632736"><time>2026-07-14T23:31:36Z</time></trkpt><trkpt lat="40.74162286411971" lon="-74.0176654829701"><time>2026-07-14T23:31:38Z</time></trkpt><trkpt lat="40.74160541723086" lon="-74.01767220029399"><time>2026-07-14T23:31:39Z</time></trkpt><trkpt lat="40.74158489421828" lon="-74.01767288013623"><time>2026-07-14T23:31:40Z</time></trkpt><trkpt lat="40.74156563030285" lon="-74.01767889148724"><time>2026-07-14T23:31:41Z</time></trkpt><trkpt lat="40.7415391663878" lon="-74.0176876074405"><time>2026-07-14T23:31:42Z</time></trkpt><trkpt lat="40.741522169474734" lon="-74.01769765222517"><time>2026-07-14T23:31:43Z</time></trkpt><trkpt lat="40.74150386901682" lon="-74.01770814255332"><time>2026-07-14T23:31:44Z</time></trkpt><trkpt lat="40.74148692085112" lon="-74.0177193184395"><time>2026-07-14T23:31:45Z</time></trkpt><trkpt lat="40.74146786591526" lon="-74.01772598773347"><time>2026-07-14T23:31:46Z</time></trkpt><trkpt lat="40.741428895348" lon="-74.01773720980384"><time>2026-07-14T23:31:48Z</time></trkpt><trkpt lat="40.74140570113226" lon="-74.01774167415486"><time>2026-07-14T23:31:49Z</time></trkpt><trkpt lat="40.74138275691583" lon="-74.01775306277676"><time>2026-07-14T23:31:50Z</time></trkpt><trkpt lat="40.741366321791645" lon="-74.01776430137483"><time>2026-07-14T23:31:51Z</time></trkpt><trkpt lat="40.741347666740694" lon="-74.01777294344977"><time>2026-07-14T23:31:52Z</time></trkpt><trkpt lat="40.741327795468074" lon="-74.017778110381"><time>2026-07-14T23:31:53Z</time></trkpt><trkpt lat="40.74130766129735" lon="-74.0177754852499"><time>2026-07-14T23:31:54Z</time></trkpt><trkpt lat="40.74128575828164" lon="-74.0177755371251"><time>2026-07-14T23:31:55Z</time></trkpt><trkpt lat="40.741263952326754" lon="-74.01777908428225"><time>2026-07-14T23:31:56Z</time></trkpt><trkpt lat="40.74124469500503" lon="-74.01778998599345"><time>2026-07-14T23:31:57Z</time></trkpt><trkpt lat="40.74122480395491" lon="-74.01780483220996"><time>2026-07-14T23:31:58Z</time></trkpt><trkpt lat="40.741207170721886" lon="-74.01781927275407"><time>2026-07-14T23:31:59Z</time></trkpt><trkpt lat="40.74119059659325" lon="-74.01783522582286"><time>2026-07-14T23:32:00Z</time></trkpt><trkpt lat="40.741174755035146" lon="-74.01785303528393"><time>2026-07-14T23:32:01Z</time></trkpt><trkpt lat="40.741144601726816" lon="-74.01787964354429"><time>2026-07-14T23:32:03Z</time></trkpt><trkpt lat="40.74113081183185" lon="-74.01789765585546"><time>2026-07-14T23:32:04Z</time></trkpt><trkpt lat="40.74111621798416" lon="-74.01791932147921"><time>2026-07-14T23:32:05Z</time></trkpt><trkpt lat="40.74110359778543" lon="-74.01794120279878"><time>2026-07-14T23:32:06Z</time></trkpt><trkpt lat="40.74109061411055" lon="-74.01796588346176"><time>2026-07-14T23:32:07Z</time></trkpt><trkpt lat="40.74107977225734" lon="-74.01798938231669"><time>2026-07-14T23:32:08Z</time></trkpt><trkpt lat="40.74106818317865" lon="-74.01801266303242"><time>2026-07-14T23:32:09Z</time></trkpt><trkpt lat="40.74105290564563" lon="-74.01803286404056"><time>2026-07-14T23:32:10Z</time></trkpt><trkpt lat="40.741033812917664" lon="-74.01804704222563"><time>2026-07-14T23:32:11Z</time></trkpt><trkpt lat="40.74101659699972" lon="-74.01806154809326"><time>2026-07-14T23:32:12Z</time></trkpt><trkpt lat="40.74098541563125" lon="-74.01808816637288"><time>2026-07-14T23:32:14Z</time></trkpt><trkpt lat="40.74096572606908" lon="-74.01810041508614"><time>2026-07-14T23:32:15Z</time></trkpt><trkpt lat="40.74094829903098" lon="-74.01811508596228"><time>2026-07-14T23:32:16Z</time></trkpt><trkpt lat="40.74093211152677" lon="-74.01813225235223"><time>2026-07-14T23:32:17Z</time></trkpt><trkpt lat="40.740916071198335" lon="-74.01815020729"><time>2026-07-14T23:32:18Z</time></trkpt><trkpt lat="40.7409009695802" lon="-74.01817182476091"><time>2026-07-14T23:32:19Z</time></trkpt><trkpt lat="40.740891426782014" lon="-74.01819678003821"><time>2026-07-14T23:32:20Z</time></trkpt><trkpt lat="40.740888313300964" lon="-74.01822536818749"><time>2026-07-14T23:32:21Z</time></trkpt><trkpt lat="40.740885870410885" lon="-74.0182542844858"><time>2026-07-14T23:32:22Z</time></trkpt><trkpt lat="40.740876334056296" lon="-74.01827941316404"><time>2026-07-14T23:32:23Z</time></trkpt><trkpt lat="40.740865199289004" lon="-74.01830606089806"><time>2026-07-14T23:32:24Z</time></trkpt><trkpt lat="40.74085438125964" lon="-74.01833255453826"><time>2026-07-14T23:32:25Z</time></trkpt><trkpt lat="40.74084366188375" lon="-74.01835945267739"><time>2026-07-14T23:32:26Z</time></trkpt><trkpt lat="40.74083335458497" lon="-74.01838941787483"><time>2026-07-14T23:32:27Z</time></trkpt><trkpt lat="40.740825758282426" lon="-74.01841901915685"><time>2026-07-14T23:32:28Z</time></trkpt><trkpt lat="40.74082314596531" lon="-74.01845043384259"><time>2026-07-14T23:32:29Z</time></trkpt><trkpt lat="40.740822343221396" lon="-74.01848148737372"><time>2026-07-14T23:32:30Z</time></trkpt><trkpt lat="40.74081481465597" lon="-74.01851579015357"><time>2026-07-14T23:32:31Z</time></trkpt><trkpt lat="40.74080471145823" lon="-74.01854694224414"><time>2026-07-14T23:32:32Z</time></trkpt><trkpt lat="40.74079415226236" lon="-74.01857628393563"><time>2026-07-14T23:32:33Z</time></trkpt><trkpt lat="40.74078841775291" lon="-74.01860683740836"><time>2026-07-14T23:32:34Z</time></trkpt><trkpt lat="40.74077912866896" lon="-74.01863674262641"><time>2026-07-14T23:32:35Z</time></trkpt><trkpt lat="40.740767198765475" lon="-74.01866512499242"><time>2026-07-14T23:32:36Z</time></trkpt><trkpt lat="40.74075739775457" lon="-74.01869467073386"><time>2026-07-14T23:32:37Z</time></trkpt><trkpt lat="40.74074737442036" lon="-74.01871971247114"><time>2026-07-14T23:32:38Z</time></trkpt><trkpt lat="40.74073437212887" lon="-74.01874375752357"><time>2026-07-14T23:32:39Z</time></trkpt><trkpt lat="40.74072292776562" lon="-74.01876238346972"><time>2026-07-14T23:32:40Z</time></trkpt><trkpt lat="40.74070918532872" lon="-74.01878801580939"><time>2026-07-14T23:32:41Z</time></trkpt><trkpt lat="40.74069661817503" lon="-74.01881150965187"><time>2026-07-14T23:32:42Z</time></trkpt><trkpt lat="40.74068265785148" lon="-74.01883641096238"><time>2026-07-14T23:32:43Z</time></trkpt><trkpt lat="40.74067045454207" lon="-74.01885954115839"><time>2026-07-14T23:32:44Z</time></trkpt><trkpt lat="40.740658469470745" lon="-74.01888224916753"><time>2026-07-14T23:32:45Z</time></trkpt><trkpt lat="40.740643336218774" lon="-74.01890319072015"><time>2026-07-14T23:32:46Z</time></trkpt><trkpt lat="40.74062984144643" lon="-74.018920824892"><time>2026-07-14T23:32:47Z</time></trkpt><trkpt lat="40.74061172562359" lon="-74.01893569217066"><time>2026-07-14T23:32:48Z</time></trkpt><trkpt lat="40.74059923891499" lon="-74.01895337287061"><time>2026-07-14T23:32:49Z</time></trkpt><trkpt lat="40.740567276771465" lon="-74.01898416011441"><time>2026-07-14T23:32:51Z</time></trkpt><trkpt lat="40.74054991475379" lon="-74.01899915134071"><time>2026-07-14T23:32:52Z</time></trkpt><trkpt lat="40.740533831272195" lon="-74.01901619408925"><time>2026-07-14T23:32:53Z</time></trkpt><trkpt lat="40.74052423726948" lon="-74.01903873395646"><time>2026-07-14T23:32:54Z</time></trkpt><trkpt lat="40.74050213917741" lon="-74.01907219996994"><time>2026-07-14T23:32:56Z</time></trkpt><trkpt lat="40.74047166920139" lon="-74.01908787194147"><time>2026-07-14T23:32:58Z</time></trkpt><trkpt lat="40.740442173486535" lon="-74.01910016909225"><time>2026-07-14T23:33:00Z</time></trkpt><trkpt lat="40.74040938743798" lon="-74.01909646218685"><time>2026-07-14T23:33:02Z</time></trkpt><trkpt lat="40.74038267661736" lon="-74.0191104394767"><time>2026-07-14T23:33:04Z</time></trkpt><trkpt lat="40.740365527108494" lon="-74.01911975199197"><time>2026-07-14T23:33:05Z</time></trkpt><trkpt lat="40.740347065260686" lon="-74.01912813168977"><time>2026-07-14T23:33:06Z</time></trkpt><trkpt lat="40.74033310339721" lon="-74.01914439465818"><time>2026-07-14T23:33:07Z</time></trkpt><trkpt lat="40.74030506464935" lon="-74.01916302659909"><time>2026-07-14T23:33:09Z</time></trkpt><trkpt lat="40.74026977941867" lon="-74.01916979923767"><time>2026-07-14T23:33:11Z</time></trkpt><trkpt lat="40.7402430915657" lon="-74.01918816953375"><time>2026-07-14T23:33:13Z</time></trkpt><trkpt lat="40.740212143717464" lon="-74.01919039761601"><time>2026-07-14T23:33:15Z</time></trkpt><trkpt lat="40.74019260198954" lon="-74.01918610390004"><time>2026-07-14T23:33:17Z</time></trkpt><trkpt lat="40.74016526013155" lon="-74.01919032799317"><time>2026-07-14T23:33:19Z</time></trkpt><trkpt lat="40.7401462204333" lon="-74.01918466517331"><time>2026-07-14T23:33:21Z</time></trkpt><trkpt lat="40.74012611988315" lon="-74.01916469199065"><time>2026-07-14T23:33:23Z</time></trkpt><trkpt lat="40.74009309181768" lon="-74.01914816937676"><time>2026-07-14T23:33:25Z</time></trkpt><trkpt lat="40.74007314804523" lon="-74.01914754162134"><time>2026-07-14T23:33:27Z</time></trkpt><trkpt lat="40.7400766398101" lon="-74.01917875952059"><time>2026-07-14T23:33:29Z</time></trkpt><trkpt lat="40.74008318920625" lon="-74.01920508488301"><time>2026-07-14T23:33:30Z</time></trkpt><trkpt lat="40.74008050654818" lon="-74.01923245834462"><time>2026-07-14T23:33:31Z</time></trkpt><trkpt lat="40.74011596477889" lon="-74.01926212337553"><time>2026-07-14T23:33:33Z</time></trkpt><trkpt lat="40.74014107895828" lon="-74.01926886265977"><time>2026-07-14T23:33:34Z</time></trkpt><trkpt lat="40.74015705891188" lon="-74.01928638939597"><time>2026-07-14T23:33:35Z</time></trkpt><trkpt lat="40.74017170050988" lon="-74.0193089101262"><time>2026-07-14T23:33:36Z</time></trkpt><trkpt lat="40.74018439651481" lon="-74.019329263959"><time>2026-07-14T23:33:37Z</time></trkpt><trkpt lat="40.740201513323875" lon="-74.01935035035247"><time>2026-07-14T23:33:38Z</time></trkpt><trkpt lat="40.74021544534655" lon="-74.0193733975785"><time>2026-07-14T23:33:39Z</time></trkpt><trkpt lat="40.74022352193503" lon="-74.01939699132058"><time>2026-07-14T23:33:40Z</time></trkpt><trkpt lat="40.74023203230298" lon="-74.01942341086153"><time>2026-07-14T23:33:41Z</time></trkpt><trkpt lat="40.74025112347816" lon="-74.01946095288731"><time>2026-07-14T23:33:43Z</time></trkpt><trkpt lat="40.740276616227575" lon="-74.01949193582392"><time>2026-07-14T23:33:44Z</time></trkpt><trkpt lat="40.74029037109626" lon="-74.01952017120834"><time>2026-07-14T23:33:45Z</time></trkpt><trkpt lat="40.74030351080293" lon="-74.01954836111308"><time>2026-07-14T23:33:46Z</time></trkpt><trkpt lat="40.74031745482447" lon="-74.01956413626874"><time>2026-07-14T23:33:47Z</time></trkpt><trkpt lat="40.74034159032956" lon="-74.01958471404815"><time>2026-07-14T23:33:48Z</time></trkpt><trkpt lat="40.74036325720991" lon="-74.01961724649149"><time>2026-07-14T23:33:49Z</time></trkpt><trkpt lat="40.74038164559077" lon="-74.01964143244089"><time>2026-07-14T23:33:50Z</time></trkpt><trkpt lat="40.740395978468285" lon="-74.0196741306772"><time>2026-07-14T23:33:51Z</time></trkpt><trkpt lat="40.74041222581167" lon="-74.0197012310464"><time>2026-07-14T23:33:52Z</time></trkpt><trkpt lat="40.74042980923556" lon="-74.01973100461838"><time>2026-07-14T23:33:53Z</time></trkpt><trkpt lat="40.74045689453057" lon="-74.01975772161879"><time>2026-07-14T23:33:54Z</time></trkpt><trkpt lat="40.74048090313143" lon="-74.0197870668511"><time>2026-07-14T23:33:55Z</time></trkpt><trkpt lat="40.740500223853" lon="-74.01981507471021"><time>2026-07-14T23:33:56Z</time></trkpt><trkpt lat="40.74052416109473" lon="-74.01984539492544"><time>2026-07-14T23:33:57Z</time></trkpt><trkpt lat="40.740552558273045" lon="-74.01987980524964"><time>2026-07-14T23:33:58Z</time></trkpt><trkpt lat="40.74057599740734" lon="-74.0199009739971"><time>2026-07-14T23:33:59Z</time></trkpt><trkpt lat="40.74060290418462" lon="-74.01992367639691"><time>2026-07-14T23:34:00Z</time></trkpt><trkpt lat="40.74062407320058" lon="-74.01995160344059"><time>2026-07-14T23:34:01Z</time></trkpt><trkpt lat="40.740644059345385" lon="-74.01997819092752"><time>2026-07-14T23:34:02Z</time></trkpt><trkpt lat="40.74066332703865" lon="-74.02000135652739"><time>2026-07-14T23:34:03Z</time></trkpt><trkpt lat="40.74068257998086" lon="-74.02002442061634"><time>2026-07-14T23:34:04Z</time></trkpt><trkpt lat="40.74070230713724" lon="-74.02005347178569"><time>2026-07-14T23:34:05Z</time></trkpt><trkpt lat="40.74072215350796" lon="-74.0200796386843"><time>2026-07-14T23:34:06Z</time></trkpt><trkpt lat="40.74074259226698" lon="-74.02010528898955"><time>2026-07-14T23:34:07Z</time></trkpt><trkpt lat="40.7407662480362" lon="-74.02012604275372"><time>2026-07-14T23:34:08Z</time></trkpt><trkpt lat="40.74078740886194" lon="-74.02014665186799"><time>2026-07-14T23:34:09Z</time></trkpt><trkpt lat="40.74080987100597" lon="-74.02016557221425"><time>2026-07-14T23:34:10Z</time></trkpt><trkpt lat="40.74083196443945" lon="-74.02018853944982"><time>2026-07-14T23:34:11Z</time></trkpt><trkpt lat="40.740856957738075" lon="-74.02021105109341"><time>2026-07-14T23:34:12Z</time></trkpt><trkpt lat="40.74087916482237" lon="-74.02023578485365"><time>2026-07-14T23:34:13Z</time></trkpt><trkpt lat="40.74090160295172" lon="-74.02025806010433"><time>2026-07-14T23:34:14Z</time></trkpt><trkpt lat="40.740923331092766" lon="-74.02027642484589"><time>2026-07-14T23:34:15Z</time></trkpt><trkpt lat="40.74094440405586" lon="-74.02029687031585"><time>2026-07-14T23:34:16Z</time></trkpt><trkpt lat="40.74096812828786" lon="-74.02031528453968"><time>2026-07-14T23:34:17Z</time></trkpt><trkpt lat="40.74099128298524" lon="-74.02033394492025"><time>2026-07-14T23:34:18Z</time></trkpt><trkpt lat="40.741013341725186" lon="-74.02035195376858"><time>2026-07-14T23:34:19Z</time></trkpt><trkpt lat="40.741039639827754" lon="-74.02036607406885"><time>2026-07-14T23:34:20Z</time></trkpt><trkpt lat="40.74106337660775" lon="-74.02038162269052"><time>2026-07-14T23:34:21Z</time></trkpt><trkpt lat="40.74108737034543" lon="-74.02039455683179"><time>2026-07-14T23:34:22Z</time></trkpt><trkpt lat="40.7411117918722" lon="-74.0204105267201"><time>2026-07-14T23:34:23Z</time></trkpt><trkpt lat="40.74113528876988" lon="-74.02042276960927"><time>2026-07-14T23:34:24Z</time></trkpt><trkpt lat="40.74115471112236" lon="-74.02044182947607"><time>2026-07-14T23:34:25Z</time></trkpt><trkpt lat="40.74117394081814" lon="-74.02046191608899"><time>2026-07-14T23:34:26Z</time></trkpt><trkpt lat="40.74119245994945" lon="-74.02048078644752"><time>2026-07-14T23:34:27Z</time></trkpt><trkpt lat="40.74121035789793" lon="-74.02049939571404"><time>2026-07-14T23:34:28Z</time></trkpt><trkpt lat="40.74123079455401" lon="-74.02051971404423"><time>2026-07-14T23:34:29Z</time></trkpt><trkpt lat="40.741244191913" lon="-74.02054204293478"><time>2026-07-14T23:34:30Z</time></trkpt><trkpt lat="40.74126210564841" lon="-74.02055971966443"><time>2026-07-14T23:34:31Z</time></trkpt><trkpt lat="40.741277804468" lon="-74.02057729660164"><time>2026-07-14T23:34:32Z</time></trkpt><trkpt lat="40.74129456408019" lon="-74.02059602554723"><time>2026-07-14T23:34:33Z</time></trkpt><trkpt lat="40.741312534815634" lon="-74.02061150897312"><time>2026-07-14T23:34:34Z</time></trkpt><trkpt lat="40.74132996729068" lon="-74.02062941595068"><time>2026-07-14T23:34:35Z</time></trkpt><trkpt lat="40.74134880908865" lon="-74.02064697950824"><time>2026-07-14T23:34:36Z</time></trkpt><trkpt lat="40.74136560196726" lon="-74.02066587787084"><time>2026-07-14T23:34:37Z</time></trkpt><trkpt lat="40.74138420928158" lon="-74.02067914206211"><time>2026-07-14T23:34:38Z</time></trkpt><trkpt lat="40.74140003420911" lon="-74.02069473784869"><time>2026-07-14T23:34:39Z</time></trkpt><trkpt lat="40.74141892586143" lon="-74.02071115102424"><time>2026-07-14T23:34:40Z</time></trkpt><trkpt lat="40.74144154646217" lon="-74.02072697811077"><time>2026-07-14T23:34:41Z</time></trkpt><trkpt lat="40.74145913797258" lon="-74.02074573661031"><time>2026-07-14T23:34:42Z</time></trkpt><trkpt lat="40.741486994820384" lon="-74.0207735243197"><time>2026-07-14T23:34:44Z</time></trkpt><trkpt lat="40.74150542188541" lon="-74.0207889870781"><time>2026-07-14T23:34:45Z</time></trkpt><trkpt lat="40.74152302060696" lon="-74.02080603905871"><time>2026-07-14T23:34:46Z</time></trkpt><trkpt lat="40.741541302490546" lon="-74.02082084455115"><time>2026-07-14T23:34:47Z</time></trkpt><trkpt lat="40.74157522842621" lon="-74.02083551053094"><time>2026-07-14T23:34:49Z</time></trkpt><trkpt lat="40.741590602352964" lon="-74.02085993032742"><time>2026-07-14T23:34:50Z</time></trkpt><trkpt lat="40.74160589505688" lon="-74.02087671689337"><time>2026-07-14T23:34:51Z</time></trkpt><trkpt lat="40.74162169240386" lon="-74.02088960798747"><time>2026-07-14T23:34:52Z</time></trkpt><trkpt lat="40.74164144931777" lon="-74.02092881251254"><time>2026-07-14T23:34:54Z</time></trkpt><trkpt lat="40.74166168378423" lon="-74.02095396571148"><time>2026-07-14T23:34:56Z</time></trkpt><trkpt lat="40.741675849888786" lon="-74.02098391360812"><time>2026-07-14T23:34:58Z</time></trkpt><trkpt lat="40.7416880354688" lon="-74.02100602982681"><time>2026-07-14T23:35:00Z</time></trkpt><trkpt lat="40.74169762502794" lon="-74.02103677735934"><time>2026-07-14T23:35:03Z</time></trkpt><trkpt lat="40.74170010010865" lon="-74.02106108502855"><time>2026-07-14T23:35:10Z</time></trkpt><trkpt lat="40.74168068715629" lon="-74.02104816386847"><time>2026-07-14T23:35:17Z</time></trkpt><trkpt lat="40.74165992755103" lon="-74.02104165779198"><time>2026-07-14T23:35:22Z</time></trkpt><trkpt lat="40.7416487464622" lon="-74.0210212649292"><time>2026-07-14T23:35:25Z</time></trkpt><trkpt lat="40.74163003533934" lon="-74.02102975315614"><time>2026-07-14T23:35:28Z</time></trkpt><trkpt lat="40.74160318626729" lon="-74.02102396399714"><time>2026-07-14T23:35:30Z</time></trkpt><trkpt lat="40.74156974611429" lon="-74.02101893083433"><time>2026-07-14T23:35:32Z</time></trkpt><trkpt lat="40.741547800074585" lon="-74.02101577687995"><time>2026-07-14T23:35:34Z</time></trkpt><trkpt lat="40.74150965680948" lon="-74.02102865722881"><time>2026-07-14T23:35:36Z</time></trkpt><trkpt lat="40.74149024712763" lon="-74.02102467443721"><time>2026-07-14T23:35:39Z</time></trkpt><trkpt lat="40.74146226679462" lon="-74.02102138084132"><time>2026-07-14T23:35:41Z</time></trkpt><trkpt lat="40.74143060154047" lon="-74.02102118630448"><time>2026-07-14T23:35:43Z</time></trkpt><trkpt lat="40.74140904949507" lon="-74.02102411153872"><time>2026-07-14T23:35:46Z</time></trkpt><trkpt lat="40.74138955041298" lon="-74.02102641810973"><time>2026-07-14T23:35:47Z</time></trkpt><trkpt lat="40.7413686589498" lon="-74.02102790284955"><time>2026-07-14T23:35:49Z</time></trkpt><trkpt lat="40.74134134246877" lon="-74.02102943061038"><time>2026-07-14T23:35:52Z</time></trkpt><trkpt lat="40.74131988821144" lon="-74.02103218955133"><time>2026-07-14T23:35:54Z</time></trkpt><trkpt lat="40.74129729672107" lon="-74.02102931878979"><time>2026-07-14T23:35:57Z</time></trkpt><trkpt lat="40.74127538819584" lon="-74.02103263073009"><time>2026-07-14T23:35:59Z</time></trkpt><trkpt lat="40.741250645782635" lon="-74.02103170468104"><time>2026-07-14T23:36:02Z</time></trkpt><trkpt lat="40.741222733193815" lon="-74.02102897212721"><time>2026-07-14T23:36:04Z</time></trkpt><trkpt lat="40.741202529394776" lon="-74.02103809877771"><time>2026-07-14T23:36:06Z</time></trkpt><trkpt lat="40.74117199000204" lon="-74.02103446812268"><time>2026-07-14T23:36:08Z</time></trkpt><trkpt lat="40.741143285902425" lon="-74.02103397114767"><time>2026-07-14T23:36:11Z</time></trkpt><trkpt lat="40.741124325289384" lon="-74.02103470278085"><time>2026-07-14T23:36:12Z</time></trkpt><trkpt lat="40.741099755068994" lon="-74.02103011966243"><time>2026-07-14T23:36:14Z</time></trkpt><trkpt lat="40.741080460155096" lon="-74.02103706313805"><time>2026-07-14T23:36:16Z</time></trkpt><trkpt lat="40.74105627054644" lon="-74.02103848917858"><time>2026-07-14T23:36:18Z</time></trkpt><trkpt lat="40.74103353563018" lon="-74.02102974422542"><time>2026-07-14T23:36:21Z</time></trkpt><trkpt lat="40.741009287060386" lon="-74.02103438541741"><time>2026-07-14T23:36:24Z</time></trkpt><trkpt lat="40.74098855566685" lon="-74.02103331807662"><time>2026-07-14T23:36:26Z</time></trkpt><trkpt lat="40.74096541435217" lon="-74.02103500820249"><time>2026-07-14T23:36:28Z</time></trkpt><trkpt lat="40.74094201791666" lon="-74.02103810184335"><time>2026-07-14T23:36:30Z</time></trkpt><trkpt lat="40.740922530919086" lon="-74.0210351887393"><time>2026-07-14T23:36:32Z</time></trkpt><trkpt lat="40.740902861068086" lon="-74.02103659734823"><time>2026-07-14T23:36:34Z</time></trkpt><trkpt lat="40.74087600543375" lon="-74.02103612120429"><time>2026-07-14T23:36:37Z</time></trkpt><trkpt lat="40.74085133040208" lon="-74.02104509406345"><time>2026-07-14T23:36:41Z</time></trkpt><trkpt lat="40.74083157507874" lon="-74.02104389790532"><time>2026-07-14T23:36:44Z</time></trkpt><trkpt lat="40.74081050214581" lon="-74.02103304080605"><time>2026-07-14T23:36:48Z</time></trkpt><trkpt lat="40.74078647412569" lon="-74.02103079730236"><time>2026-07-14T23:36:51Z</time></trkpt><trkpt lat="40.740766812859285" lon="-74.0210285472943"><time>2026-07-14T23:36:53Z</time></trkpt><trkpt lat="40.74074379848205" lon="-74.02103659904893"><time>2026-07-14T23:36:56Z</time></trkpt><trkpt lat="40.740719207678346" lon="-74.02104282204557"><time>2026-07-14T23:36:58Z</time></trkpt><trkpt lat="40.740691102550734" lon="-74.02104685347557"><time>2026-07-14T23:37:02Z</time></trkpt><trkpt lat="40.740668464809296" lon="-74.02104767174855"><time>2026-07-14T23:37:05Z</time></trkpt><trkpt lat="40.74064461883354" lon="-74.02104607104278"><time>2026-07-14T23:37:08Z</time></trkpt><trkpt lat="40.74062654769357" lon="-74.02104193724286"><time>2026-07-14T23:37:09Z</time></trkpt><trkpt lat="40.74059727139209" lon="-74.02104196883339"><time>2026-07-14T23:37:13Z</time></trkpt><trkpt lat="40.74057325020664" lon="-74.02103997427001"><time>2026-07-14T23:37:15Z</time></trkpt><trkpt lat="40.74054184805529" lon="-74.0210444022033"><time>2026-07-14T23:37:18Z</time></trkpt><trkpt lat="40.74052304921597" lon="-74.02105865094144"><time>2026-07-14T23:37:20Z</time></trkpt><trkpt lat="40.74049675374574" lon="-74.02106262691527"><time>2026-07-14T23:37:22Z</time></trkpt><trkpt lat="40.74046766865911" lon="-74.02108049544889"><time>2026-07-14T23:37:24Z</time></trkpt><trkpt lat="40.740446657526796" lon="-74.02109425988412"><time>2026-07-14T23:37:26Z</time></trkpt><trkpt lat="40.74042206470674" lon="-74.021107607441"><time>2026-07-14T23:37:28Z</time></trkpt><trkpt lat="40.740404886114284" lon="-74.02111488264653"><time>2026-07-14T23:37:29Z</time></trkpt><trkpt lat="40.74037284540257" lon="-74.02113626881822"><time>2026-07-14T23:37:31Z</time></trkpt><trkpt lat="40.74034753141765" lon="-74.02111972637509"><time>2026-07-14T23:37:34Z</time></trkpt><trkpt lat="40.74032126156123" lon="-74.02111934198369"><time>2026-07-14T23:37:36Z</time></trkpt><trkpt lat="40.740301020145786" lon="-74.02112814517422"><time>2026-07-14T23:37:38Z</time></trkpt><trkpt lat="40.74028061210755" lon="-74.0211268908728"><time>2026-07-14T23:37:40Z</time></trkpt><trkpt lat="40.7402604296039" lon="-74.02113004027622"><time>2026-07-14T23:37:43Z</time></trkpt><trkpt lat="40.740259722130936" lon="-74.02115842349623"><time>2026-07-14T23:37:45Z</time></trkpt><trkpt lat="40.740277390924035" lon="-74.02118889990736"><time>2026-07-14T23:37:47Z</time></trkpt><trkpt lat="40.74030752455826" lon="-74.02120653188314"><time>2026-07-14T23:37:49Z</time></trkpt><trkpt lat="40.74032579536628" lon="-74.02122510531613"><time>2026-07-14T23:37:50Z</time></trkpt><trkpt lat="40.74035434067412" lon="-74.02123034289315"><time>2026-07-14T23:37:52Z</time></trkpt><trkpt lat="40.74037456112562" lon="-74.02123538270521"><time>2026-07-14T23:37:53Z</time></trkpt><trkpt lat="40.74039776350027" lon="-74.02124270984568"><time>2026-07-14T23:37:54Z</time></trkpt><trkpt lat="40.740420345156394" lon="-74.02125186541573"><time>2026-07-14T23:37:55Z</time></trkpt><trkpt lat="40.740437507202074" lon="-74.02126669361544"><time>2026-07-14T23:37:56Z</time></trkpt><trkpt lat="40.74045900275852" lon="-74.02128037946522"><time>2026-07-14T23:37:57Z</time></trkpt><trkpt lat="40.74047691808691" lon="-74.02129867819662"><time>2026-07-14T23:37:58Z</time></trkpt><trkpt lat="40.74049888669553" lon="-74.02131854504033"><time>2026-07-14T23:37:59Z</time></trkpt><trkpt lat="40.74051439718651" lon="-74.02134199506509"><time>2026-07-14T23:38:00Z</time></trkpt><trkpt lat="40.74052977683209" lon="-74.02136647948109"><time>2026-07-14T23:38:01Z</time></trkpt><trkpt lat="40.7405448640435" lon="-74.02139737695227"><time>2026-07-14T23:38:02Z</time></trkpt><trkpt lat="40.74056314920302" lon="-74.02142429040497"><time>2026-07-14T23:38:03Z</time></trkpt><trkpt lat="40.740578352621306" lon="-74.02145350325229"><time>2026-07-14T23:38:04Z</time></trkpt><trkpt lat="40.74058465047687" lon="-74.02148483984767"><time>2026-07-14T23:38:05Z</time></trkpt><trkpt lat="40.74059385838403" lon="-74.02151051671008"><time>2026-07-14T23:38:06Z</time></trkpt><trkpt lat="40.74060356172321" lon="-74.02153932870432"><time>2026-07-14T23:38:07Z</time></trkpt><trkpt lat="40.740608686090354" lon="-74.02156959612559"><time>2026-07-14T23:38:08Z</time></trkpt><trkpt lat="40.74060367599416" lon="-74.02160500648385"><time>2026-07-14T23:38:10Z</time></trkpt><trkpt lat="40.74058153865323" lon="-74.02158141271812"><time>2026-07-14T23:38:13Z</time></trkpt><trkpt lat="40.74056241972424" lon="-74.0215538967606"><time>2026-07-14T23:38:14Z</time></trkpt><trkpt lat="40.74054404382972" lon="-74.02156014782206"><time>2026-07-14T23:38:16Z</time></trkpt><trkpt lat="40.740513211068674" lon="-74.0215414948571"><time>2026-07-14T23:38:18Z</time></trkpt><trkpt lat="40.740490265293644" lon="-74.02151922193758"><time>2026-07-14T23:38:19Z</time></trkpt><trkpt lat="40.74045650748917" lon="-74.02149641596262"><time>2026-07-14T23:38:21Z</time></trkpt><trkpt lat="40.740433102374666" lon="-74.02147186327564"><time>2026-07-14T23:38:23Z</time></trkpt><trkpt lat="40.74041743093038" lon="-74.02145837596967"><time>2026-07-14T23:38:24Z</time></trkpt><trkpt lat="40.74039669861513" lon="-74.02143617694831"><time>2026-07-14T23:38:25Z</time></trkpt><trkpt lat="40.74037991151662" lon="-74.0214175834781"><time>2026-07-14T23:38:26Z</time></trkpt><trkpt lat="40.74036527580696" lon="-74.02139341718778"><time>2026-07-14T23:38:27Z</time></trkpt><trkpt lat="40.74035465503043" lon="-74.02136691382583"><time>2026-07-14T23:38:28Z</time></trkpt><trkpt lat="40.74033479019918" lon="-74.02135072646384"><time>2026-07-14T23:38:29Z</time></trkpt><trkpt lat="40.74031841655009" lon="-74.02133489285407"><time>2026-07-14T23:38:30Z</time></trkpt><trkpt lat="40.74029999367244" lon="-74.02131358720993"><time>2026-07-14T23:38:31Z</time></trkpt><trkpt lat="40.74028074636386" lon="-74.0212888829606"><time>2026-07-14T23:38:32Z</time></trkpt><trkpt lat="40.74026159711727" lon="-74.02127040413312"><time>2026-07-14T23:38:33Z</time></trkpt><trkpt lat="40.74024720691503" lon="-74.02125445696845"><time>2026-07-14T23:38:34Z</time></trkpt><trkpt lat="40.74022863214455" lon="-74.02123290409344"><time>2026-07-14T23:38:35Z</time></trkpt><trkpt lat="40.740210600624046" lon="-74.02120691980517"><time>2026-07-14T23:38:36Z</time></trkpt><trkpt lat="40.740193625767745" lon="-74.02118939415729"><time>2026-07-14T23:38:37Z</time></trkpt><trkpt lat="40.74016997629062" lon="-74.02114366375255"><time>2026-07-14T23:38:38Z</time></trkpt><trkpt lat="40.740154230356495" lon="-74.02112914786302"><time>2026-07-14T23:38:39Z</time></trkpt><trkpt lat="40.74014785479355" lon="-74.02109917496838"><time>2026-07-14T23:38:40Z</time></trkpt><trkpt lat="40.74013837054528" lon="-74.02105935548164"><time>2026-07-14T23:38:41Z</time></trkpt><trkpt lat="40.7401258448504" lon="-74.02103683910981"><time>2026-07-14T23:38:42Z</time></trkpt><trkpt lat="40.74012692484356" lon="-74.02100341021338"><time>2026-07-14T23:38:43Z</time></trkpt><trkpt lat="40.740128703454936" lon="-74.02096686382683"><time>2026-07-14T23:38:44Z</time></trkpt><trkpt lat="40.74013035429635" lon="-74.02093001171541"><time>2026-07-14T23:38:45Z</time></trkpt><trkpt lat="40.74014073384224" lon="-74.02088608677921"><time>2026-07-14T23:38:46Z</time></trkpt><trkpt lat="40.740150718242205" lon="-74.02084949659367"><time>2026-07-14T23:38:47Z</time></trkpt><trkpt lat="40.740164338653344" lon="-74.02081380182074"><time>2026-07-14T23:38:48Z</time></trkpt><trkpt lat="40.74017596670601" lon="-74.02078246386333"><time>2026-07-14T23:38:49Z</time></trkpt><trkpt lat="40.74019186946024" lon="-74.02075146155362"><time>2026-07-14T23:38:50Z</time></trkpt><trkpt lat="40.74021891621329" lon="-74.02072369909128"><time>2026-07-14T23:38:51Z</time></trkpt><trkpt lat="40.74023870956928" lon="-74.02069565191897"><time>2026-07-14T23:38:52Z</time></trkpt><trkpt lat="40.74026270433994" lon="-74.02064502042134"><time>2026-07-14T23:38:54Z</time></trkpt><trkpt lat="40.740285004543935" lon="-74.02060921169242"><time>2026-07-14T23:38:55Z</time></trkpt><trkpt lat="40.74030130175617" lon="-74.02058384708455"><time>2026-07-14T23:38:56Z</time></trkpt><trkpt lat="40.740309652781356" lon="-74.02055333777383"><time>2026-07-14T23:38:57Z</time></trkpt><trkpt lat="40.74033005876518" lon="-74.02052840719583"><time>2026-07-14T23:38:58Z</time></trkpt><trkpt lat="40.740348470868696" lon="-74.0205051493337"><time>2026-07-14T23:38:59Z</time></trkpt><trkpt lat="40.74036980603425" lon="-74.0204710859933"><time>2026-07-14T23:39:00Z</time></trkpt><trkpt lat="40.740386552276725" lon="-74.02044835554914"><time>2026-07-14T23:39:01Z</time></trkpt><trkpt lat="40.74040693648568" lon="-74.02042037279357"><time>2026-07-14T23:39:02Z</time></trkpt><trkpt lat="40.74042986140141" lon="-74.02039460169169"><time>2026-07-14T23:39:03Z</time></trkpt><trkpt lat="40.740448020896444" lon="-74.02036990306361"><time>2026-07-14T23:39:04Z</time></trkpt><trkpt lat="40.74046157994706" lon="-74.02033819874538"><time>2026-07-14T23:39:05Z</time></trkpt><trkpt lat="40.74046704976343" lon="-74.02030310849386"><time>2026-07-14T23:39:06Z</time></trkpt><trkpt lat="40.74046887666291" lon="-74.02027504381559"><time>2026-07-14T23:39:07Z</time></trkpt><trkpt lat="40.74048796236019" lon="-74.02023216944161"><time>2026-07-14T23:39:08Z</time></trkpt><trkpt lat="40.74050638007662" lon="-74.02020851484046"><time>2026-07-14T23:39:09Z</time></trkpt><trkpt lat="40.74051550524079" lon="-74.02018677837803"><time>2026-07-14T23:39:10Z</time></trkpt><trkpt lat="40.740521463161635" lon="-74.02015513975549"><time>2026-07-14T23:39:11Z</time></trkpt><trkpt lat="40.74054025345625" lon="-74.0201295810971"><time>2026-07-14T23:39:12Z</time></trkpt><trkpt lat="40.74055033851031" lon="-74.02009631049982"><time>2026-07-14T23:39:13Z</time></trkpt><trkpt lat="40.74056201453829" lon="-74.0200556997116"><time>2026-07-14T23:39:14Z</time></trkpt><trkpt lat="40.74057188896267" lon="-74.02002527432697"><time>2026-07-14T23:39:15Z</time></trkpt><trkpt lat="40.74058132425602" lon="-74.01999078905759"><time>2026-07-14T23:39:16Z</time></trkpt><trkpt lat="40.74059305503063" lon="-74.0199514941338"><time>2026-07-14T23:39:17Z</time></trkpt><trkpt lat="40.740615784594276" lon="-74.01989490363484"><time>2026-07-14T23:39:18Z</time></trkpt><trkpt lat="40.74063701844635" lon="-74.01984481724426"><time>2026-07-14T23:39:20Z</time></trkpt><trkpt lat="40.74065253269089" lon="-74.01981231028702"><time>2026-07-14T23:39:21Z</time></trkpt><trkpt lat="40.74066240162789" lon="-74.01977819065927"><time>2026-07-14T23:39:22Z</time></trkpt><trkpt lat="40.74066602143695" lon="-74.01974752707885"><time>2026-07-14T23:39:23Z</time></trkpt><trkpt lat="40.740662300744695" lon="-74.01971774648996"><time>2026-07-14T23:39:24Z</time></trkpt><trkpt lat="40.74066324810436" lon="-74.01969202546695"><time>2026-07-14T23:39:25Z</time></trkpt><trkpt lat="40.74068241019821" lon="-74.01966898023997"><time>2026-07-14T23:39:26Z</time></trkpt><trkpt lat="40.74070769100114" lon="-74.01964176364687"><time>2026-07-14T23:39:27Z</time></trkpt><trkpt lat="40.7407145708048" lon="-74.01961496349058"><time>2026-07-14T23:39:28Z</time></trkpt><trkpt lat="40.74072371786926" lon="-74.0195758170745"><time>2026-07-14T23:39:30Z</time></trkpt><trkpt lat="40.74074586654003" lon="-74.01953762603239"><time>2026-07-14T23:39:31Z</time></trkpt><trkpt lat="40.740757058886025" lon="-74.01949778970898"><time>2026-07-14T23:39:32Z</time></trkpt><trkpt lat="40.74077415143278" lon="-74.01944864523766"><time>2026-07-14T23:39:33Z</time></trkpt><trkpt lat="40.74078347739838" lon="-74.01941694240234"><time>2026-07-14T23:39:34Z</time></trkpt><trkpt lat="40.74078776669182" lon="-74.01938447731368"><time>2026-07-14T23:39:35Z</time></trkpt><trkpt lat="40.74080741446472" lon="-74.01934925476816"><time>2026-07-14T23:39:36Z</time></trkpt><trkpt lat="40.74082585511581" lon="-74.01931597810744"><time>2026-07-14T23:39:37Z</time></trkpt><trkpt lat="40.74083511241158" lon="-74.01927718912316"><time>2026-07-14T23:39:38Z</time></trkpt><trkpt lat="40.74084903338035" lon="-74.01925427221936"><time>2026-07-14T23:39:39Z</time></trkpt><trkpt lat="40.74085732603721" lon="-74.0192199597041"><time>2026-07-14T23:39:40Z</time></trkpt><trkpt lat="40.74086653722945" lon="-74.0191903118719"><time>2026-07-14T23:39:41Z</time></trkpt><trkpt lat="40.74087737678928" lon="-74.01915960418118"><time>2026-07-14T23:39:42Z</time></trkpt><trkpt lat="40.740898456529486" lon="-74.01914049885231"><time>2026-07-14T23:39:43Z</time></trkpt><trkpt lat="40.740902250245874" lon="-74.01911212401768"><time>2026-07-14T23:39:44Z</time></trkpt><trkpt lat="40.74091449209759" lon="-74.01908326128166"><time>2026-07-14T23:39:45Z</time></trkpt><trkpt lat="40.74091866498633" lon="-74.01905783007446"><time>2026-07-14T23:39:46Z</time></trkpt><trkpt lat="40.740922425284325" lon="-74.01903240379063"><time>2026-07-14T23:39:47Z</time></trkpt><trkpt lat="40.740927420627095" lon="-74.01900528345945"><time>2026-07-14T23:39:48Z</time></trkpt><trkpt lat="40.74093399851924" lon="-74.01898131582567"><time>2026-07-14T23:39:49Z</time></trkpt><trkpt lat="40.74093969496104" lon="-74.01895883477842"><time>2026-07-14T23:39:50Z</time></trkpt><trkpt lat="40.74095016243417" lon="-74.01893281227647"><time>2026-07-14T23:39:51Z</time></trkpt><trkpt lat="40.740961677476164" lon="-74.01890935284432"><time>2026-07-14T23:39:52Z</time></trkpt><trkpt lat="40.740972687787156" lon="-74.01888523646917"><time>2026-07-14T23:39:53Z</time></trkpt><trkpt lat="40.740977536661575" lon="-74.01883954730212"><time>2026-07-14T23:39:55Z</time></trkpt><trkpt lat="40.74098643077152" lon="-74.0188174242386"><time>2026-07-14T23:39:56Z</time></trkpt><trkpt lat="40.74100338810805" lon="-74.01877368958223"><time>2026-07-14T23:39:58Z</time></trkpt><trkpt lat="40.74100918321193" lon="-74.01874801442085"><time>2026-07-14T23:39:59Z</time></trkpt><trkpt lat="40.74101910369599" lon="-74.01872732627236"><time>2026-07-14T23:40:00Z</time></trkpt><trkpt lat="40.74102930900302" lon="-74.01870357834171"><time>2026-07-14T23:40:01Z</time></trkpt><trkpt lat="40.74104194737874" lon="-74.01868052012611"><time>2026-07-14T23:40:02Z</time></trkpt><trkpt lat="40.74105302936074" lon="-74.01866124687365"><time>2026-07-14T23:40:03Z</time></trkpt><trkpt lat="40.74106284172308" lon="-74.01863369824116"><time>2026-07-14T23:40:04Z</time></trkpt><trkpt lat="40.74107082587386" lon="-74.01861227741945"><time>2026-07-14T23:40:05Z</time></trkpt><trkpt lat="40.74108796497072" lon="-74.01857385059944"><time>2026-07-14T23:40:07Z</time></trkpt><trkpt lat="40.741094526654514" lon="-74.01855145409763"><time>2026-07-14T23:40:08Z</time></trkpt><trkpt lat="40.74110598965522" lon="-74.01850704967596"><time>2026-07-14T23:40:10Z</time></trkpt><trkpt lat="40.741112991491015" lon="-74.01848378701013"><time>2026-07-14T23:40:11Z</time></trkpt><trkpt lat="40.74112353547483" lon="-74.0184603285389"><time>2026-07-14T23:40:12Z</time></trkpt><trkpt lat="40.74112619222664" lon="-74.01843629950355"><time>2026-07-14T23:40:13Z</time></trkpt><trkpt lat="40.741122398623546" lon="-74.01839132197615"><time>2026-07-14T23:40:15Z</time></trkpt><trkpt lat="40.741144204852304" lon="-74.01835385880804"><time>2026-07-14T23:40:17Z</time></trkpt><trkpt lat="40.74116231638014" lon="-74.01832805819657"><time>2026-07-14T23:40:18Z</time></trkpt><trkpt lat="40.741198285957665" lon="-74.01832798254563"><time>2026-07-14T23:40:19Z</time></trkpt><trkpt lat="40.74123531293305" lon="-74.01833930299196"><time>2026-07-14T23:40:20Z</time></trkpt><trkpt lat="40.741257648191805" lon="-74.01830301747796"><time>2026-07-14T23:40:22Z</time></trkpt><trkpt lat="40.74128683846982" lon="-74.01827645962511"><time>2026-07-14T23:40:24Z</time></trkpt><trkpt lat="40.74131426606208" lon="-74.01827460920117"><time>2026-07-14T23:40:25Z</time></trkpt><trkpt lat="40.741346632387696" lon="-74.01828074960572"><time>2026-07-14T23:40:26Z</time></trkpt><trkpt lat="40.74136710508045" lon="-74.01828099123827"><time>2026-07-14T23:40:27Z</time></trkpt><trkpt lat="40.74139041710654" lon="-74.01827603560561"><time>2026-07-14T23:40:28Z</time></trkpt><trkpt lat="40.74141505843106" lon="-74.01827179432173"><time>2026-07-14T23:40:29Z</time></trkpt><trkpt lat="40.74143800645974" lon="-74.01826457359246"><time>2026-07-14T23:40:30Z</time></trkpt><trkpt lat="40.741464976756966" lon="-74.01825542447978"><time>2026-07-14T23:40:31Z</time></trkpt><trkpt lat="40.74149757076915" lon="-74.01824966379681"><time>2026-07-14T23:40:33Z</time></trkpt><trkpt lat="40.74151890688157" lon="-74.01824717928031"><time>2026-07-14T23:40:34Z</time></trkpt><trkpt lat="40.74154995562131" lon="-74.01823788011649"><time>2026-07-14T23:40:35Z</time></trkpt><trkpt lat="40.7415774255368" lon="-74.01823146227451"><time>2026-07-14T23:40:36Z</time></trkpt><trkpt lat="40.74161135374207" lon="-74.01822085089293"><time>2026-07-14T23:40:38Z</time></trkpt><trkpt lat="40.74163159643776" lon="-74.01821438042965"><time>2026-07-14T23:40:39Z</time></trkpt><trkpt lat="40.741651933896186" lon="-74.01821108740208"><time>2026-07-14T23:40:40Z</time></trkpt><trkpt lat="40.741676996272915" lon="-74.01821169863403"><time>2026-07-14T23:40:41Z</time></trkpt><trkpt lat="40.74171382096465" lon="-74.01819717480514"><time>2026-07-14T23:40:43Z</time></trkpt><trkpt lat="40.74173465947256" lon="-74.01819411956824"><time>2026-07-14T23:40:44Z</time></trkpt><trkpt lat="40.741755256677166" lon="-74.01818882031671"><time>2026-07-14T23:40:45Z</time></trkpt><trkpt lat="40.74178922610488" lon="-74.01817740214585"><time>2026-07-14T23:40:47Z</time></trkpt><trkpt lat="40.74182461277055" lon="-74.01816912911825"><time>2026-07-14T23:40:49Z</time></trkpt><trkpt lat="40.741859804544134" lon="-74.01816055726913"><time>2026-07-14T23:40:51Z</time></trkpt><trkpt lat="40.741878694919926" lon="-74.0181536979338"><time>2026-07-14T23:40:52Z</time></trkpt><trkpt lat="40.74189632364714" lon="-74.018146995831"><time>2026-07-14T23:40:53Z</time></trkpt><trkpt lat="40.74193229534968" lon="-74.01813663785182"><time>2026-07-14T23:40:55Z</time></trkpt><trkpt lat="40.741969009920254" lon="-74.01811057718085"><time>2026-07-14T23:40:57Z</time></trkpt><trkpt lat="40.741992464810004" lon="-74.01810394790095"><time>2026-07-14T23:40:58Z</time></trkpt><trkpt lat="40.742011223144274" lon="-74.01810747442742"><time>2026-07-14T23:40:59Z</time></trkpt><trkpt lat="40.742037916909815" lon="-74.01810090418569"><time>2026-07-14T23:41:00Z</time></trkpt><trkpt lat="40.74205215810462" lon="-74.01808297235083"><time>2026-07-14T23:41:01Z</time></trkpt><trkpt lat="40.742082920246006" lon="-74.01808263853114"><time>2026-07-14T23:41:02Z</time></trkpt><trkpt lat="40.74211181165017" lon="-74.01807537950661"><time>2026-07-14T23:41:03Z</time></trkpt><trkpt lat="40.74213062939951" lon="-74.018050635816"><time>2026-07-14T23:41:04Z</time></trkpt><trkpt lat="40.7421646974467" lon="-74.01803680825448"><time>2026-07-14T23:41:05Z</time></trkpt><trkpt lat="40.74219726079253" lon="-74.01802757574217"><time>2026-07-14T23:41:06Z</time></trkpt><trkpt lat="40.74223593904997" lon="-74.0180158642531"><time>2026-07-14T23:41:07Z</time></trkpt><trkpt lat="40.74227480500126" lon="-74.01800493958592"><time>2026-07-14T23:41:08Z</time></trkpt><trkpt lat="40.74231875665741" lon="-74.01799268255247"><time>2026-07-14T23:41:09Z</time></trkpt><trkpt lat="40.74235874078193" lon="-74.01798949648213"><time>2026-07-14T23:41:10Z</time></trkpt><trkpt lat="40.74239616516614" lon="-74.01796826965445"><time>2026-07-14T23:41:11Z</time></trkpt><trkpt lat="40.7424357415781" lon="-74.01795576284914"><time>2026-07-14T23:41:12Z</time></trkpt><trkpt lat="40.74246610404131" lon="-74.01792739764792"><time>2026-07-14T23:41:13Z</time></trkpt><trkpt lat="40.74250061702682" lon="-74.01791335007968"><time>2026-07-14T23:41:14Z</time></trkpt><trkpt lat="40.742532383147264" lon="-74.01789024199545"><time>2026-07-14T23:41:15Z</time></trkpt><trkpt lat="40.742569237406194" lon="-74.01788957947036"><time>2026-07-14T23:41:16Z</time></trkpt><trkpt lat="40.74259539167084" lon="-74.01786276677457"><time>2026-07-14T23:41:17Z</time></trkpt><trkpt lat="40.74263387309334" lon="-74.01783869429104"><time>2026-07-14T23:41:18Z</time></trkpt><trkpt lat="40.74267524511205" lon="-74.01781986729202"><time>2026-07-14T23:41:19Z</time></trkpt><trkpt lat="40.74271608288858" lon="-74.01779373010554"><time>2026-07-14T23:41:20Z</time></trkpt><trkpt lat="40.74275900871976" lon="-74.01777553486883"><time>2026-07-14T23:41:21Z</time></trkpt><trkpt lat="40.74280050959093" lon="-74.0177553475892"><time>2026-07-14T23:41:22Z</time></trkpt><trkpt lat="40.74283589281857" lon="-74.01773091605574"><time>2026-07-14T23:41:23Z</time></trkpt><trkpt lat="40.74287619321175" lon="-74.01769789750273"><time>2026-07-14T23:41:24Z</time></trkpt><trkpt lat="40.74290325730916" lon="-74.01767127578975"><time>2026-07-14T23:41:25Z</time></trkpt><trkpt lat="40.74293944894274" lon="-74.01764342992325"><time>2026-07-14T23:41:26Z</time></trkpt><trkpt lat="40.742973400528136" lon="-74.0176183489693"><time>2026-07-14T23:41:27Z</time></trkpt><trkpt lat="40.74300508645107" lon="-74.01759406266738"><time>2026-07-14T23:41:28Z</time></trkpt><trkpt lat="40.74303734930368" lon="-74.01756570724648"><time>2026-07-14T23:41:29Z</time></trkpt><trkpt lat="40.74307042821983" lon="-74.01754349380617"><time>2026-07-14T23:41:30Z</time></trkpt><trkpt lat="40.74310622171591" lon="-74.01751342805133"><time>2026-07-14T23:41:31Z</time></trkpt><trkpt lat="40.74314145580565" lon="-74.0174871708176"><time>2026-07-14T23:41:32Z</time></trkpt><trkpt lat="40.743175342734766" lon="-74.01745352244492"><time>2026-07-14T23:41:33Z</time></trkpt><trkpt lat="40.743207106505515" lon="-74.01742232719913"><time>2026-07-14T23:41:34Z</time></trkpt><trkpt lat="40.74324288815595" lon="-74.0173939358849"><time>2026-07-14T23:41:35Z</time></trkpt><trkpt lat="40.74327534538721" lon="-74.01737071197044"><time>2026-07-14T23:41:36Z</time></trkpt><trkpt lat="40.74331102857726" lon="-74.01734632856096"><time>2026-07-14T23:41:37Z</time></trkpt><trkpt lat="40.74333923385542" lon="-74.01731818136096"><time>2026-07-14T23:41:38Z</time></trkpt><trkpt lat="40.74338144241326" lon="-74.01728793267749"><time>2026-07-14T23:41:39Z</time></trkpt><trkpt lat="40.743418297110594" lon="-74.017253756507"><time>2026-07-14T23:41:40Z</time></trkpt><trkpt lat="40.74345004771406" lon="-74.01722506248603"><time>2026-07-14T23:41:41Z</time></trkpt><trkpt lat="40.74348687224245" lon="-74.01719932145436"><time>2026-07-14T23:41:42Z</time></trkpt><trkpt lat="40.74352451645319" lon="-74.0171748160524"><time>2026-07-14T23:41:43Z</time></trkpt><trkpt lat="40.743557090259614" lon="-74.01714525068913"><time>2026-07-14T23:41:44Z</time></trkpt><trkpt lat="40.74359150430568" lon="-74.01711727546808"><time>2026-07-14T23:41:45Z</time></trkpt><trkpt lat="40.74362658461014" lon="-74.01708851579136"><time>2026-07-14T23:41:46Z</time></trkpt><trkpt lat="40.74366517592797" lon="-74.01706189967886"><time>2026-07-14T23:41:47Z</time></trkpt><trkpt lat="40.743702196988096" lon="-74.01702989217901"><time>2026-07-14T23:41:48Z</time></trkpt><trkpt lat="40.74373707381002" lon="-74.01699859988074"><time>2026-07-14T23:41:49Z</time></trkpt><trkpt lat="40.743772614380575" lon="-74.01697356420291"><time>2026-07-14T23:41:50Z</time></trkpt><trkpt lat="40.74380920435795" lon="-74.01695194649484"><time>2026-07-14T23:41:51Z</time></trkpt><trkpt lat="40.743841874576205" lon="-74.0169236556584"><time>2026-07-14T23:41:52Z</time></trkpt><trkpt lat="40.74387606905664" lon="-74.0168980241072"><time>2026-07-14T23:41:53Z</time></trkpt><trkpt lat="40.74390892423729" lon="-74.0168695241147"><time>2026-07-14T23:41:54Z</time></trkpt><trkpt lat="40.7439477681027" lon="-74.0168455338962"><time>2026-07-14T23:41:55Z</time></trkpt><trkpt lat="40.743982174569" lon="-74.01681514320687"><time>2026-07-14T23:41:56Z</time></trkpt><trkpt lat="40.7440165008584" lon="-74.01678215378145"><time>2026-07-14T23:41:57Z</time></trkpt><trkpt lat="40.7440431427503" lon="-74.01675014810863"><time>2026-07-14T23:41:58Z</time></trkpt><trkpt lat="40.744082707845564" lon="-74.01673384902253"><time>2026-07-14T23:41:59Z</time></trkpt><trkpt lat="40.744120468127555" lon="-74.0167100628034"><time>2026-07-14T23:42:00Z</time></trkpt><trkpt lat="40.74415392726946" lon="-74.01668433215197"><time>2026-07-14T23:42:01Z</time></trkpt><trkpt lat="40.74418597609269" lon="-74.01665654131594"><time>2026-07-14T23:42:02Z</time></trkpt><trkpt lat="40.74421983076877" lon="-74.01662934091873"><time>2026-07-14T23:42:03Z</time></trkpt><trkpt lat="40.74425363517033" lon="-74.01659914020857"><time>2026-07-14T23:42:04Z</time></trkpt><trkpt lat="40.74428434676988" lon="-74.01657377415903"><time>2026-07-14T23:42:05Z</time></trkpt><trkpt lat="40.7443122630986" lon="-74.01654140909065"><time>2026-07-14T23:42:06Z</time></trkpt><trkpt lat="40.74434320451975" lon="-74.01650710838194"><time>2026-07-14T23:42:07Z</time></trkpt><trkpt lat="40.74437298323686" lon="-74.01647840134457"><time>2026-07-14T23:42:08Z</time></trkpt><trkpt lat="40.74440697632913" lon="-74.01644619455331"><time>2026-07-14T23:42:09Z</time></trkpt><trkpt lat="40.744442103628025" lon="-74.0164132008785"><time>2026-07-14T23:42:10Z</time></trkpt><trkpt lat="40.74447938262873" lon="-74.01636824642101"><time>2026-07-14T23:42:11Z</time></trkpt><trkpt lat="40.74451604707675" lon="-74.01632296864979"><time>2026-07-14T23:42:12Z</time></trkpt><trkpt lat="40.74455231043647" lon="-74.01627739127737"><time>2026-07-14T23:42:13Z</time></trkpt><trkpt lat="40.744583792913744" lon="-74.01623998782688"><time>2026-07-14T23:42:14Z</time></trkpt><trkpt lat="40.74461164402091" lon="-74.01619573367174"><time>2026-07-14T23:42:15Z</time></trkpt><trkpt lat="40.74463716468238" lon="-74.01615151725552"><time>2026-07-14T23:42:16Z</time></trkpt><trkpt lat="40.74466511773035" lon="-74.01611044779268"><time>2026-07-14T23:42:17Z</time></trkpt><trkpt lat="40.744694480969834" lon="-74.01606662096263"><time>2026-07-14T23:42:18Z</time></trkpt><trkpt lat="40.74472440009401" lon="-74.01601896636068"><time>2026-07-14T23:42:19Z</time></trkpt><trkpt lat="40.7447548811875" lon="-74.01596398301346"><time>2026-07-14T23:42:20Z</time></trkpt><trkpt lat="40.74478824035593" lon="-74.01591048383362"><time>2026-07-14T23:42:21Z</time></trkpt><trkpt lat="40.74482179860193" lon="-74.01585559565869"><time>2026-07-14T23:42:22Z</time></trkpt><trkpt lat="40.744856124050166" lon="-74.01580206315415"><time>2026-07-14T23:42:23Z</time></trkpt><trkpt lat="40.74488913408095" lon="-74.01574860777929"><time>2026-07-14T23:42:24Z</time></trkpt><trkpt lat="40.744919944343025" lon="-74.01569672421145"><time>2026-07-14T23:42:25Z</time></trkpt><trkpt lat="40.744949677483525" lon="-74.0156424842752"><time>2026-07-14T23:42:26Z</time></trkpt><trkpt lat="40.744981563551306" lon="-74.01559033968465"><time>2026-07-14T23:42:27Z</time></trkpt><trkpt lat="40.74501309933117" lon="-74.0155384051586"><time>2026-07-14T23:42:28Z</time></trkpt><trkpt lat="40.745044012559234" lon="-74.01547851841963"><time>2026-07-14T23:42:29Z</time></trkpt><trkpt lat="40.745071591798144" lon="-74.01543795161021"><time>2026-07-14T23:42:30Z</time></trkpt><trkpt lat="40.745095402738116" lon="-74.01539690419877"><time>2026-07-14T23:42:31Z</time></trkpt><trkpt lat="40.745121040893274" lon="-74.01535011047945"><time>2026-07-14T23:42:32Z</time></trkpt><trkpt lat="40.74514409386649" lon="-74.01530285484849"><time>2026-07-14T23:42:33Z</time></trkpt><trkpt lat="40.74518145852813" lon="-74.01525372935747"><time>2026-07-14T23:42:34Z</time></trkpt><trkpt lat="40.74520379546481" lon="-74.01520427246871"><time>2026-07-14T23:42:35Z</time></trkpt><trkpt lat="40.745229646074165" lon="-74.01515173581362"><time>2026-07-14T23:42:36Z</time></trkpt><trkpt lat="40.74526176530481" lon="-74.01510425639955"><time>2026-07-14T23:42:37Z</time></trkpt><trkpt lat="40.74529456677858" lon="-74.01505793864885"><time>2026-07-14T23:42:38Z</time></trkpt><trkpt lat="40.74532812516113" lon="-74.01501273799566"><time>2026-07-14T23:42:39Z</time></trkpt><trkpt lat="40.745355178958036" lon="-74.01496838233419"><time>2026-07-14T23:42:40Z</time></trkpt><trkpt lat="40.74538681012013" lon="-74.01492711899313"><time>2026-07-14T23:42:41Z</time></trkpt><trkpt lat="40.74541919770443" lon="-74.01488609159307"><time>2026-07-14T23:42:42Z</time></trkpt><trkpt lat="40.74544606396498" lon="-74.01483852215763"><time>2026-07-14T23:42:43Z</time></trkpt><trkpt lat="40.74546875797814" lon="-74.01479075786452"><time>2026-07-14T23:42:44Z</time></trkpt><trkpt lat="40.74549811281775" lon="-74.01473921741018"><time>2026-07-14T23:42:45Z</time></trkpt><trkpt lat="40.745526111781956" lon="-74.0146974421734"><time>2026-07-14T23:42:46Z</time></trkpt><trkpt lat="40.74555792386987" lon="-74.01465212937988"><time>2026-07-14T23:42:47Z</time></trkpt><trkpt lat="40.74558300207702" lon="-74.0146115943177"><time>2026-07-14T23:42:48Z</time></trkpt><trkpt lat="40.745611103306366" lon="-74.01456085012468"><time>2026-07-14T23:42:49Z</time></trkpt><trkpt lat="40.74564142455506" lon="-74.01453970848564"><time>2026-07-14T23:42:50Z</time></trkpt><trkpt lat="40.74566770966955" lon="-74.01451406820222"><time>2026-07-14T23:42:51Z</time></trkpt><trkpt lat="40.74569888711368" lon="-74.0144772843781"><time>2026-07-14T23:42:52Z</time></trkpt><trkpt lat="40.74572153437968" lon="-74.01444341406918"><time>2026-07-14T23:42:53Z</time></trkpt><trkpt lat="40.74574778954174" lon="-74.01441461090546"><time>2026-07-14T23:42:54Z</time></trkpt><trkpt lat="40.7457773897103" lon="-74.014384118791"><time>2026-07-14T23:42:55Z</time></trkpt><trkpt lat="40.745796073149926" lon="-74.0143514398724"><time>2026-07-14T23:42:56Z</time></trkpt><trkpt lat="40.74582873977197" lon="-74.01432231805164"><time>2026-07-14T23:42:57Z</time></trkpt><trkpt lat="40.745860543324326" lon="-74.01428879977843"><time>2026-07-14T23:42:58Z</time></trkpt><trkpt lat="40.74588304070072" lon="-74.01426088761635"><time>2026-07-14T23:42:59Z</time></trkpt><trkpt lat="40.74591324090275" lon="-74.01422350099473"><time>2026-07-14T23:43:00Z</time></trkpt><trkpt lat="40.74594587433713" lon="-74.01422436417256"><time>2026-07-14T23:43:01Z</time></trkpt><trkpt lat="40.74598104602784" lon="-74.014216301068"><time>2026-07-14T23:43:02Z</time></trkpt><trkpt lat="40.74601561896168" lon="-74.01420574505755"><time>2026-07-14T23:43:03Z</time></trkpt><trkpt lat="40.74605306592837" lon="-74.0141996373524"><time>2026-07-14T23:43:04Z</time></trkpt><trkpt lat="40.74608668668479" lon="-74.01417599857294"><time>2026-07-14T23:43:05Z</time></trkpt><trkpt lat="40.746109875188424" lon="-74.01414231671028"><time>2026-07-14T23:43:06Z</time></trkpt><trkpt lat="40.74614085357649" lon="-74.0141164487203"><time>2026-07-14T23:43:07Z</time></trkpt><trkpt lat="40.74615952989976" lon="-74.01408491064086"><time>2026-07-14T23:43:08Z</time></trkpt><trkpt lat="40.746176187712905" lon="-74.01405817995871"><time>2026-07-14T23:43:09Z</time></trkpt><trkpt lat="40.74619414349564" lon="-74.01402568327335"><time>2026-07-14T23:43:10Z</time></trkpt><trkpt lat="40.74621029526652" lon="-74.01399096008868"><time>2026-07-14T23:43:11Z</time></trkpt><trkpt lat="40.74622931448017" lon="-74.01394995691867"><time>2026-07-14T23:43:12Z</time></trkpt><trkpt lat="40.74623948246189" lon="-74.01391616140997"><time>2026-07-14T23:43:13Z</time></trkpt><trkpt lat="40.74625270570349" lon="-74.01388352763875"><time>2026-07-14T23:43:14Z</time></trkpt><trkpt lat="40.746278688059995" lon="-74.01386457914793"><time>2026-07-14T23:43:15Z</time></trkpt><trkpt lat="40.746293957861226" lon="-74.0138382951097"><time>2026-07-14T23:43:16Z</time></trkpt><trkpt lat="40.74630441530122" lon="-74.01380837299274"><time>2026-07-14T23:43:17Z</time></trkpt><trkpt lat="40.746322058434075" lon="-74.01377297178209"><time>2026-07-14T23:43:18Z</time></trkpt><trkpt lat="40.74633834405374" lon="-74.01373754325179"><time>2026-07-14T23:43:19Z</time></trkpt><trkpt lat="40.7463557547929" lon="-74.01370447706759"><time>2026-07-14T23:43:20Z</time></trkpt><trkpt lat="40.746376895741605" lon="-74.01366398158147"><time>2026-07-14T23:43:21Z</time></trkpt><trkpt lat="40.74639697638433" lon="-74.0136491111311"><time>2026-07-14T23:43:22Z</time></trkpt><trkpt lat="40.74640991101593" lon="-74.01361796142974"><time>2026-07-14T23:43:23Z</time></trkpt><trkpt lat="40.74642548230528" lon="-74.01360307983242"><time>2026-07-14T23:43:24Z</time></trkpt><trkpt lat="40.746443435873545" lon="-74.01356564894897"><time>2026-07-14T23:43:25Z</time></trkpt><trkpt lat="40.74645654558425" lon="-74.01354502875091"><time>2026-07-14T23:43:26Z</time></trkpt><trkpt lat="40.74647412993238" lon="-74.01352376719746"><time>2026-07-14T23:43:27Z</time></trkpt><trkpt lat="40.74648352157712" lon="-74.01350113650636"><time>2026-07-14T23:43:28Z</time></trkpt><trkpt lat="40.7465036588395" lon="-74.01346803832101"><time>2026-07-14T23:43:29Z</time></trkpt><trkpt lat="40.746515669988135" lon="-74.01343848184113"><time>2026-07-14T23:43:30Z</time></trkpt><trkpt lat="40.74654621421603" lon="-74.01340805797504"><time>2026-07-14T23:43:31Z</time></trkpt><trkpt lat="40.74656207725141" lon="-74.01338033640702"><time>2026-07-14T23:43:32Z</time></trkpt><trkpt lat="40.74658065051463" lon="-74.01335899603808"><time>2026-07-14T23:43:33Z</time></trkpt><trkpt lat="40.746605468432364" lon="-74.01332807998999"><time>2026-07-14T23:43:34Z</time></trkpt><trkpt lat="40.746627120342744" lon="-74.01329445879493"><time>2026-07-14T23:43:35Z</time></trkpt><trkpt lat="40.74664659469919" lon="-74.01324605728786"><time>2026-07-14T23:43:36Z</time></trkpt><trkpt lat="40.7466750931499" lon="-74.0132385291988"><time>2026-07-14T23:43:37Z</time></trkpt><trkpt lat="40.74670389365946" lon="-74.01321032569523"><time>2026-07-14T23:43:38Z</time></trkpt><trkpt lat="40.74671708458446" lon="-74.01319342924202"><time>2026-07-14T23:43:39Z</time></trkpt><trkpt lat="40.74673947545475" lon="-74.01315403087763"><time>2026-07-14T23:43:40Z</time></trkpt><trkpt lat="40.74675804501562" lon="-74.01311826960776"><time>2026-07-14T23:43:41Z</time></trkpt><trkpt lat="40.74677761409386" lon="-74.01309439513935"><time>2026-07-14T23:43:42Z</time></trkpt><trkpt lat="40.746803982918124" lon="-74.01306008497244"><time>2026-07-14T23:43:43Z</time></trkpt><trkpt lat="40.74682778807729" lon="-74.01303320773437"><time>2026-07-14T23:43:44Z</time></trkpt><trkpt lat="40.74685315058644" lon="-74.01299315519393"><time>2026-07-14T23:43:45Z</time></trkpt><trkpt lat="40.74687743518745" lon="-74.01296997769637"><time>2026-07-14T23:43:46Z</time></trkpt><trkpt lat="40.746898187938335" lon="-74.01293866707273"><time>2026-07-14T23:43:47Z</time></trkpt><trkpt lat="40.746914671841935" lon="-74.01290363154651"><time>2026-07-14T23:43:48Z</time></trkpt><trkpt lat="40.746932135821346" lon="-74.01286686449355"><time>2026-07-14T23:43:49Z</time></trkpt><trkpt lat="40.746954654542755" lon="-74.01282493534012"><time>2026-07-14T23:43:50Z</time></trkpt><trkpt lat="40.74697721437905" lon="-74.01279220773866"><time>2026-07-14T23:43:51Z</time></trkpt><trkpt lat="40.74699480081819" lon="-74.01275386498381"><time>2026-07-14T23:43:52Z</time></trkpt><trkpt lat="40.747014830255814" lon="-74.0127225616798"><time>2026-07-14T23:43:53Z</time></trkpt><trkpt lat="40.74703691128461" lon="-74.01268998617556"><time>2026-07-14T23:43:54Z</time></trkpt><trkpt lat="40.74705882208372" lon="-74.01266075712414"><time>2026-07-14T23:43:55Z</time></trkpt><trkpt lat="40.7470899843975" lon="-74.0126345791154"><time>2026-07-14T23:43:56Z</time></trkpt><trkpt lat="40.747124731845446" lon="-74.01261693530428"><time>2026-07-14T23:43:57Z</time></trkpt><trkpt lat="40.74715703102502" lon="-74.01259437006404"><time>2026-07-14T23:43:58Z</time></trkpt><trkpt lat="40.747189153933185" lon="-74.01257204581903"><time>2026-07-14T23:43:59Z</time></trkpt><trkpt lat="40.7472170722256" lon="-74.01255730960636"><time>2026-07-14T23:44:00Z</time></trkpt><trkpt lat="40.74724322864018" lon="-74.01253792678452"><time>2026-07-14T23:44:01Z</time></trkpt><trkpt lat="40.74727269810258" lon="-74.01251594333553"><time>2026-07-14T23:44:02Z</time></trkpt><trkpt lat="40.74730178997639" lon="-74.01249760879831"><time>2026-07-14T23:44:03Z</time></trkpt><trkpt lat="40.74733355465813" lon="-74.01248899691764"><time>2026-07-14T23:44:04Z</time></trkpt><trkpt lat="40.74736297369938" lon="-74.01246588614892"><time>2026-07-14T23:44:05Z</time></trkpt><trkpt lat="40.747394157376036" lon="-74.01243998030338"><time>2026-07-14T23:44:06Z</time></trkpt><trkpt lat="40.74742496837874" lon="-74.01242270965132"><time>2026-07-14T23:44:07Z</time></trkpt><trkpt lat="40.74745211853212" lon="-74.01241396285901"><time>2026-07-14T23:44:08Z</time></trkpt><trkpt lat="40.74749185325008" lon="-74.01239018584585"><time>2026-07-14T23:44:10Z</time></trkpt><trkpt lat="40.747528676356026" lon="-74.0123677486988"><time>2026-07-14T23:44:11Z</time></trkpt><trkpt lat="40.747564072259955" lon="-74.01235274200896"><time>2026-07-14T23:44:12Z</time></trkpt><trkpt lat="40.747591955963905" lon="-74.01233817946931"><time>2026-07-14T23:44:13Z</time></trkpt><trkpt lat="40.74761430098724" lon="-74.0123241360248"><time>2026-07-14T23:44:14Z</time></trkpt><trkpt lat="40.74764879249381" lon="-74.01231401482029"><time>2026-07-14T23:44:15Z</time></trkpt><trkpt lat="40.747676426466654" lon="-74.01229378359226"><time>2026-07-14T23:44:16Z</time></trkpt><trkpt lat="40.747708736868894" lon="-74.01228072021375"><time>2026-07-14T23:44:17Z</time></trkpt><trkpt lat="40.74773656379852" lon="-74.01227450159507"><time>2026-07-14T23:44:18Z</time></trkpt><trkpt lat="40.74776817776316" lon="-74.01225909888865"><time>2026-07-14T23:44:19Z</time></trkpt><trkpt lat="40.74779270810536" lon="-74.01225527180434"><time>2026-07-14T23:44:20Z</time></trkpt><trkpt lat="40.74782153851006" lon="-74.01225477889395"><time>2026-07-14T23:44:21Z</time></trkpt><trkpt lat="40.747852405314376" lon="-74.01224992014512"><time>2026-07-14T23:44:22Z</time></trkpt><trkpt lat="40.74788145298705" lon="-74.01224960758627"><time>2026-07-14T23:44:23Z</time></trkpt><trkpt lat="40.747914452603" lon="-74.01224484593544"><time>2026-07-14T23:44:24Z</time></trkpt><trkpt lat="40.74794386431161" lon="-74.01223718219161"><time>2026-07-14T23:44:25Z</time></trkpt><trkpt lat="40.747970826015276" lon="-74.01222947173252"><time>2026-07-14T23:44:26Z</time></trkpt><trkpt lat="40.74799388182587" lon="-74.01223196864161"><time>2026-07-14T23:44:27Z</time></trkpt><trkpt lat="40.74802112847154" lon="-74.0122306150544"><time>2026-07-14T23:44:28Z</time></trkpt><trkpt lat="40.74805044554043" lon="-74.01223098209132"><time>2026-07-14T23:44:29Z</time></trkpt><trkpt lat="40.748077016763055" lon="-74.01223199757662"><time>2026-07-14T23:44:30Z</time></trkpt><trkpt lat="40.748106816036255" lon="-74.01223251913768"><time>2026-07-14T23:44:31Z</time></trkpt><trkpt lat="40.74813107170818" lon="-74.01223249550857"><time>2026-07-14T23:44:32Z</time></trkpt><trkpt lat="40.748156121694805" lon="-74.01223429709897"><time>2026-07-14T23:44:33Z</time></trkpt><trkpt lat="40.74818590574575" lon="-74.01223214389077"><time>2026-07-14T23:44:34Z</time></trkpt><trkpt lat="40.74821302058308" lon="-74.01223263244425"><time>2026-07-14T23:44:35Z</time></trkpt><trkpt lat="40.74824341637513" lon="-74.01223431528295"><time>2026-07-14T23:44:36Z</time></trkpt><trkpt lat="40.74827099511605" lon="-74.01223317944034"><time>2026-07-14T23:44:37Z</time></trkpt><trkpt lat="40.748295074959024" lon="-74.01223247591237"><time>2026-07-14T23:44:38Z</time></trkpt><trkpt lat="40.748322904284194" lon="-74.01223668924429"><time>2026-07-14T23:44:39Z</time></trkpt><trkpt lat="40.74835568186269" lon="-74.01223072000356"><time>2026-07-14T23:44:40Z</time></trkpt><trkpt lat="40.748409134693404" lon="-74.01222124529725"><time>2026-07-14T23:44:42Z</time></trkpt><trkpt lat="40.74843704700659" lon="-74.012228915771"><time>2026-07-14T23:44:43Z</time></trkpt><trkpt lat="40.74846276214607" lon="-74.01223234184367"><time>2026-07-14T23:44:44Z</time></trkpt><trkpt lat="40.74848595136295" lon="-74.0122440734583"><time>2026-07-14T23:44:45Z</time></trkpt><trkpt lat="40.74851826628751" lon="-74.01225057012464"><time>2026-07-14T23:44:46Z</time></trkpt><trkpt lat="40.74854498081074" lon="-74.01224820396276"><time>2026-07-14T23:44:47Z</time></trkpt><trkpt lat="40.74857228947201" lon="-74.01225297120872"><time>2026-07-14T23:44:48Z</time></trkpt><trkpt lat="40.74859889621712" lon="-74.01225616144934"><time>2026-07-14T23:44:49Z</time></trkpt><trkpt lat="40.74861728498729" lon="-74.01225428490709"><time>2026-07-14T23:44:50Z</time></trkpt><trkpt lat="40.74864710755977" lon="-74.01225559799113"><time>2026-07-14T23:44:51Z</time></trkpt><trkpt lat="40.748676346399066" lon="-74.01225252109532"><time>2026-07-14T23:44:52Z</time></trkpt><trkpt lat="40.74870427384703" lon="-74.01225704066138"><time>2026-07-14T23:44:53Z</time></trkpt><trkpt lat="40.74873286044722" lon="-74.01225787375402"><time>2026-07-14T23:44:54Z</time></trkpt><trkpt lat="40.74875913832166" lon="-74.01225958214563"><time>2026-07-14T23:44:55Z</time></trkpt><trkpt lat="40.74878699913399" lon="-74.01225216600186"><time>2026-07-14T23:44:56Z</time></trkpt><trkpt lat="40.7488162399806" lon="-74.0122505853026"><time>2026-07-14T23:44:57Z</time></trkpt><trkpt lat="40.748844696511775" lon="-74.01224962322196"><time>2026-07-14T23:44:58Z</time></trkpt><trkpt lat="40.74887251493079" lon="-74.01224687579348"><time>2026-07-14T23:44:59Z</time></trkpt></trkseg></trk></gpx>
