<gpx version="1.1" creator="Reese Field Notes" xmlns="http://www.topografix.com/GPX/1/1"><trk><trkseg><trkpt lat="41.56169095493667" lon="-71.31853839326018"><time>2026-08-09T16:10:08Z</time></trkpt><trkpt lat="41.56175834336243" lon="-71.31847803868783"><time>2026-08-09T16:10:09Z</time></trkpt><trkpt lat="41.56168624402993" lon="-71.31847180666378"><time>2026-08-09T16:10:10Z</time></trkpt><trkpt lat="41.56169025904518" lon="-71.3184397890604"><time>2026-08-09T16:10:11Z</time></trkpt><trkpt lat="41.56173151091885" lon="-71.31844892618169"><time>2026-08-09T16:10:12Z</time></trkpt><trkpt lat="41.56174682451335" lon="-71.31840213824515"><time>2026-08-09T16:10:13Z</time></trkpt><trkpt lat="41.561754102036886" lon="-71.31835157246398"><time>2026-08-09T16:10:14Z</time></trkpt><trkpt lat="41.56175573034652" lon="-71.3182898676895"><time>2026-08-09T16:10:16Z</time></trkpt><trkpt lat="41.56175461646341" lon="-71.31823743422095"><time>2026-08-09T16:10:17Z</time></trkpt><trkpt lat="41.56175360444992" lon="-71.31818001522605"><time>2026-08-09T16:10:18Z</time></trkpt><trkpt lat="41.56175251573117" lon="-71.3181207337456"><time>2026-08-09T16:10:19Z</time></trkpt><trkpt lat="41.56175145147918" lon="-71.31806625670986"><time>2026-08-09T16:10:20Z</time></trkpt><trkpt lat="41.56174842762299" lon="-71.31801146606828"><time>2026-08-09T16:10:21Z</time></trkpt><trkpt lat="41.56174078284418" lon="-71.31795918035327"><time>2026-08-09T16:10:22Z</time></trkpt><trkpt lat="41.561729021611775" lon="-71.31791521710713"><time>2026-08-09T16:10:23Z</time></trkpt><trkpt lat="41.561711890823226" lon="-71.31787107956166"><time>2026-08-09T16:10:24Z</time></trkpt><trkpt lat="41.56169037151468" lon="-71.3178288149187"><time>2026-08-09T16:10:25Z</time></trkpt><trkpt lat="41.56166514957061" lon="-71.31779259876055"><time>2026-08-09T16:10:26Z</time></trkpt><trkpt lat="41.56163782603081" lon="-71.31776516883816"><time>2026-08-09T16:10:27Z</time></trkpt><trkpt lat="41.56160732658868" lon="-71.31774238898336"><time>2026-08-09T16:10:28Z</time></trkpt><trkpt lat="41.56157450951201" lon="-71.31772935202454"><time>2026-08-09T16:10:29Z</time></trkpt><trkpt lat="41.56154177184372" lon="-71.3177253311656"><time>2026-08-09T16:10:30Z</time></trkpt><trkpt lat="41.56151303888488" lon="-71.31772653378454"><time>2026-08-09T16:10:31Z</time></trkpt><trkpt lat="41.56147634239808" lon="-71.31771796611517"><time>2026-08-09T16:10:32Z</time></trkpt><trkpt lat="41.56144585655464" lon="-71.31773155359845"><time>2026-08-09T16:10:33Z</time></trkpt><trkpt lat="41.56141975513821" lon="-71.31774426303775"><time>2026-08-09T16:10:34Z</time></trkpt><trkpt lat="41.561397267315485" lon="-71.3177600052787"><time>2026-08-09T16:10:35Z</time></trkpt><trkpt lat="41.561374863054056" lon="-71.31778130474181"><time>2026-08-09T16:10:36Z</time></trkpt><trkpt lat="41.5613572810374" lon="-71.31780639914682"><time>2026-08-09T16:10:37Z</time></trkpt><trkpt lat="41.561338871913556" lon="-71.31782820644553"><time>2026-08-09T16:10:38Z</time></trkpt><trkpt lat="41.5613298131449" lon="-71.31785737720047"><time>2026-08-09T16:10:39Z</time></trkpt><trkpt lat="41.561314602692704" lon="-71.31789044180519"><time>2026-08-09T16:10:40Z</time></trkpt><trkpt lat="41.5613023131971" lon="-71.31791826760345"><time>2026-08-09T16:10:41Z</time></trkpt><trkpt lat="41.56129170599733" lon="-71.31795745538507"><time>2026-08-09T16:10:42Z</time></trkpt><trkpt lat="41.561293168009925" lon="-71.31798921623707"><time>2026-08-09T16:10:43Z</time></trkpt><trkpt lat="41.561292560478556" lon="-71.31803014646455"><time>2026-08-09T16:10:44Z</time></trkpt><trkpt lat="41.561295817715965" lon="-71.31806552961595"><time>2026-08-09T16:10:45Z</time></trkpt><trkpt lat="41.561299035117116" lon="-71.31809265550437"><time>2026-08-09T16:10:46Z</time></trkpt><trkpt lat="41.56130317389337" lon="-71.31813142294133"><time>2026-08-09T16:10:47Z</time></trkpt><trkpt lat="41.56130578281302" lon="-71.31816956524763"><time>2026-08-09T16:10:48Z</time></trkpt><trkpt lat="41.56130667847374" lon="-71.31820560530241"><time>2026-08-09T16:10:49Z</time></trkpt><trkpt lat="41.56130809022013" lon="-71.31824389265596"><time>2026-08-09T16:10:50Z</time></trkpt><trkpt lat="41.56130943971719" lon="-71.31828177113155"><time>2026-08-09T16:10:51Z</time></trkpt><trkpt lat="41.56131026473047" lon="-71.31832050367905"><time>2026-08-09T16:10:52Z</time></trkpt><trkpt lat="41.561311747618404" lon="-71.3183605025665"><time>2026-08-09T16:10:53Z</time></trkpt><trkpt lat="41.56131230242756" lon="-71.31839967490083"><time>2026-08-09T16:10:54Z</time></trkpt><trkpt lat="41.561312916524415" lon="-71.31843930012762"><time>2026-08-09T16:10:55Z</time></trkpt><trkpt lat="41.561317682115615" lon="-71.31847880021373"><time>2026-08-09T16:10:56Z</time></trkpt><trkpt lat="41.56131848251189" lon="-71.31851991643346"><time>2026-08-09T16:10:57Z</time></trkpt><trkpt lat="41.56132261561899" lon="-71.31855719512865"><time>2026-08-09T16:10:58Z</time></trkpt><trkpt lat="41.561324753548" lon="-71.31859978488066"><time>2026-08-09T16:10:59Z</time></trkpt><trkpt lat="41.561327906407826" lon="-71.31863899327615"><time>2026-08-09T16:11:00Z</time></trkpt><trkpt lat="41.561331511702996" lon="-71.31867867184812"><time>2026-08-09T16:11:01Z</time></trkpt><trkpt lat="41.56133555079073" lon="-71.31872574097949"><time>2026-08-09T16:11:02Z</time></trkpt><trkpt lat="41.56133790797936" lon="-71.31876358244477"><time>2026-08-09T16:11:03Z</time></trkpt><trkpt lat="41.561348954327805" lon="-71.31880966169143"><time>2026-08-09T16:11:04Z</time></trkpt><trkpt lat="41.561345081644305" lon="-71.31884929451658"><time>2026-08-09T16:11:05Z</time></trkpt><trkpt lat="41.56134978717706" lon="-71.31889066516133"><time>2026-08-09T16:11:06Z</time></trkpt><trkpt lat="41.561352396948344" lon="-71.3189340517798"><time>2026-08-09T16:11:07Z</time></trkpt><trkpt lat="41.56135452955168" lon="-71.31897849697138"><time>2026-08-09T16:11:08Z</time></trkpt><trkpt lat="41.56135714079773" lon="-71.31902339840477"><time>2026-08-09T16:11:09Z</time></trkpt><trkpt lat="41.56136221892182" lon="-71.31906568435642"><time>2026-08-09T16:11:10Z</time></trkpt><trkpt lat="41.56136495546752" lon="-71.31911133522941"><time>2026-08-09T16:11:11Z</time></trkpt><trkpt lat="41.56136792330439" lon="-71.31915289689425"><time>2026-08-09T16:11:12Z</time></trkpt><trkpt lat="41.56136829864406" lon="-71.31919764122024"><time>2026-08-09T16:11:13Z</time></trkpt><trkpt lat="41.561370500579486" lon="-71.3192421089316"><time>2026-08-09T16:11:14Z</time></trkpt><trkpt lat="41.56137208668592" lon="-71.31928579839358"><time>2026-08-09T16:11:15Z</time></trkpt><trkpt lat="41.56137660938917" lon="-71.31933033845648"><time>2026-08-09T16:11:16Z</time></trkpt><trkpt lat="41.56137802262757" lon="-71.31937392467367"><time>2026-08-09T16:11:17Z</time></trkpt><trkpt lat="41.561379295011356" lon="-71.31941980390441"><time>2026-08-09T16:11:18Z</time></trkpt><trkpt lat="41.56138142225859" lon="-71.31946477248226"><time>2026-08-09T16:11:19Z</time></trkpt><trkpt lat="41.561384170299846" lon="-71.31951033155478"><time>2026-08-09T16:11:20Z</time></trkpt><trkpt lat="41.56138666554804" lon="-71.31955326598279"><time>2026-08-09T16:11:21Z</time></trkpt><trkpt lat="41.56138896490486" lon="-71.31960177011867"><time>2026-08-09T16:11:22Z</time></trkpt><trkpt lat="41.561391055127956" lon="-71.31964577083733"><time>2026-08-09T16:11:23Z</time></trkpt><trkpt lat="41.5613909366994" lon="-71.319692344699"><time>2026-08-09T16:11:24Z</time></trkpt><trkpt lat="41.56139334327302" lon="-71.31973665864408"><time>2026-08-09T16:11:25Z</time></trkpt><trkpt lat="41.561395828023144" lon="-71.31978352843379"><time>2026-08-09T16:11:26Z</time></trkpt><trkpt lat="41.561396742152986" lon="-71.31982680131826"><time>2026-08-09T16:11:27Z</time></trkpt><trkpt lat="41.5613989205655" lon="-71.31987308681165"><time>2026-08-09T16:11:28Z</time></trkpt><trkpt lat="41.56139979316247" lon="-71.31991655435382"><time>2026-08-09T16:11:29Z</time></trkpt><trkpt lat="41.5614029207487" lon="-71.31995996544408"><time>2026-08-09T16:11:30Z</time></trkpt><trkpt lat="41.56140515519635" lon="-71.32000452540036"><time>2026-08-09T16:11:31Z</time></trkpt><trkpt lat="41.561407807255016" lon="-71.32005079743476"><time>2026-08-09T16:11:32Z</time></trkpt><trkpt lat="41.5614096211324" lon="-71.32009596484393"><time>2026-08-09T16:11:33Z</time></trkpt><trkpt lat="41.561413010051155" lon="-71.3201411816066"><time>2026-08-09T16:11:34Z</time></trkpt><trkpt lat="41.56141748517907" lon="-71.32018423332924"><time>2026-08-09T16:11:35Z</time></trkpt><trkpt lat="41.56141900372484" lon="-71.32022984332151"><time>2026-08-09T16:11:36Z</time></trkpt><trkpt lat="41.561421835933835" lon="-71.32027474994972"><time>2026-08-09T16:11:37Z</time></trkpt><trkpt lat="41.56142315693282" lon="-71.3203193570261"><time>2026-08-09T16:11:38Z</time></trkpt><trkpt lat="41.56142341313211" lon="-71.320363451592"><time>2026-08-09T16:11:39Z</time></trkpt><trkpt lat="41.561426153798664" lon="-71.32040926403515"><time>2026-08-09T16:11:40Z</time></trkpt><trkpt lat="41.56142978504577" lon="-71.32045178095746"><time>2026-08-09T16:11:41Z</time></trkpt><trkpt lat="41.561432728050285" lon="-71.32049603071603"><time>2026-08-09T16:11:42Z</time></trkpt><trkpt lat="41.561436563135814" lon="-71.320539738333"><time>2026-08-09T16:11:43Z</time></trkpt><trkpt lat="41.56144120683093" lon="-71.32058450814667"><time>2026-08-09T16:11:44Z</time></trkpt><trkpt lat="41.561446763064836" lon="-71.32062734073534"><time>2026-08-09T16:11:45Z</time></trkpt><trkpt lat="41.561451632774755" lon="-71.32067222853036"><time>2026-08-09T16:11:46Z</time></trkpt><trkpt lat="41.56145697768823" lon="-71.3207155671628"><time>2026-08-09T16:11:47Z</time></trkpt><trkpt lat="41.56146121808241" lon="-71.32075941307565"><time>2026-08-09T16:11:48Z</time></trkpt><trkpt lat="41.56146382121818" lon="-71.32080346877869"><time>2026-08-09T16:11:49Z</time></trkpt><trkpt lat="41.56146722954665" lon="-71.320848799496"><time>2026-08-09T16:11:50Z</time></trkpt><trkpt lat="41.56146957906763" lon="-71.32089146186348"><time>2026-08-09T16:11:51Z</time></trkpt><trkpt lat="41.561471441154964" lon="-71.3209367930053"><time>2026-08-09T16:11:52Z</time></trkpt><trkpt lat="41.56147462409731" lon="-71.32098126216044"><time>2026-08-09T16:11:53Z</time></trkpt><trkpt lat="41.56147421520902" lon="-71.32102381081626"><time>2026-08-09T16:11:54Z</time></trkpt><trkpt lat="41.56147586331098" lon="-71.32106715185402"><time>2026-08-09T16:11:55Z</time></trkpt><trkpt lat="41.56147679426904" lon="-71.32111267371039"><time>2026-08-09T16:11:56Z</time></trkpt><trkpt lat="41.56147741528576" lon="-71.32115474611005"><time>2026-08-09T16:11:57Z</time></trkpt><trkpt lat="41.56147811664243" lon="-71.32120004363559"><time>2026-08-09T16:11:58Z</time></trkpt><trkpt lat="41.5614794662324" lon="-71.32124543658185"><time>2026-08-09T16:11:59Z</time></trkpt><trkpt lat="41.56148097503335" lon="-71.32128950063775"><time>2026-08-09T16:12:00Z</time></trkpt><trkpt lat="41.56148260189139" lon="-71.32133597463653"><time>2026-08-09T16:12:01Z</time></trkpt><trkpt lat="41.56148412451451" lon="-71.32138104169452"><time>2026-08-09T16:12:02Z</time></trkpt><trkpt lat="41.56148533941878" lon="-71.32142811107035"><time>2026-08-09T16:12:03Z</time></trkpt><trkpt lat="41.56148820358017" lon="-71.3214720787257"><time>2026-08-09T16:12:04Z</time></trkpt><trkpt lat="41.56148831841586" lon="-71.32151692449132"><time>2026-08-09T16:12:05Z</time></trkpt><trkpt lat="41.561486226143785" lon="-71.32156111732854"><time>2026-08-09T16:12:06Z</time></trkpt><trkpt lat="41.561483569996504" lon="-71.32160602684674"><time>2026-08-09T16:12:07Z</time></trkpt><trkpt lat="41.56148338926821" lon="-71.3216493278922"><time>2026-08-09T16:12:08Z</time></trkpt><trkpt lat="41.56148500211466" lon="-71.32169219859367"><time>2026-08-09T16:12:09Z</time></trkpt><trkpt lat="41.561485833396254" lon="-71.32173572939658"><time>2026-08-09T16:12:10Z</time></trkpt><trkpt lat="41.56148787457332" lon="-71.32177893510631"><time>2026-08-09T16:12:11Z</time></trkpt><trkpt lat="41.56148777823914" lon="-71.3218242421054"><time>2026-08-09T16:12:12Z</time></trkpt><trkpt lat="41.56148266377208" lon="-71.32187315671963"><time>2026-08-09T16:12:13Z</time></trkpt><trkpt lat="41.561486792083244" lon="-71.32191217865417"><time>2026-08-09T16:12:14Z</time></trkpt><trkpt lat="41.56148719510159" lon="-71.32196255126078"><time>2026-08-09T16:12:15Z</time></trkpt><trkpt lat="41.5614819552435" lon="-71.3220046098122"><time>2026-08-09T16:12:16Z</time></trkpt><trkpt lat="41.5614887475488" lon="-71.32204704682694"><time>2026-08-09T16:12:17Z</time></trkpt><trkpt lat="41.56149058257295" lon="-71.32209957159017"><time>2026-08-09T16:12:18Z</time></trkpt><trkpt lat="41.56148716121598" lon="-71.32214576199868"><time>2026-08-09T16:12:19Z</time></trkpt><trkpt lat="41.56148569664993" lon="-71.32219524876098"><time>2026-08-09T16:12:20Z</time></trkpt><trkpt lat="41.56148757238111" lon="-71.32224183586874"><time>2026-08-09T16:12:21Z</time></trkpt><trkpt lat="41.56148859859122" lon="-71.32229182696285"><time>2026-08-09T16:12:22Z</time></trkpt><trkpt lat="41.56149106766033" lon="-71.3223345615169"><time>2026-08-09T16:12:23Z</time></trkpt><trkpt lat="41.56149354833568" lon="-71.32238715179399"><time>2026-08-09T16:12:24Z</time></trkpt><trkpt lat="41.561499613543354" lon="-71.3224346548917"><time>2026-08-09T16:12:25Z</time></trkpt><trkpt lat="41.56150396028314" lon="-71.32248111450957"><time>2026-08-09T16:12:26Z</time></trkpt><trkpt lat="41.5615102549032" lon="-71.32253191846983"><time>2026-08-09T16:12:27Z</time></trkpt><trkpt lat="41.56151859301683" lon="-71.32258126564653"><time>2026-08-09T16:12:28Z</time></trkpt><trkpt lat="41.561526218819" lon="-71.32263129272619"><time>2026-08-09T16:12:29Z</time></trkpt><trkpt lat="41.56153095423858" lon="-71.3226808818761"><time>2026-08-09T16:12:30Z</time></trkpt><trkpt lat="41.561532886507884" lon="-71.32273187424123"><time>2026-08-09T16:12:31Z</time></trkpt><trkpt lat="41.561532990251905" lon="-71.32278152349426"><time>2026-08-09T16:12:32Z</time></trkpt><trkpt lat="41.56153107111899" lon="-71.3228276992152"><time>2026-08-09T16:12:33Z</time></trkpt><trkpt lat="41.5615303514451" lon="-71.322876232456"><time>2026-08-09T16:12:34Z</time></trkpt><trkpt lat="41.561530889421284" lon="-71.32292635756977"><time>2026-08-09T16:12:35Z</time></trkpt><trkpt lat="41.56152983818836" lon="-71.32297690703416"><time>2026-08-09T16:12:36Z</time></trkpt><trkpt lat="41.56153132429716" lon="-71.32302573746962"><time>2026-08-09T16:12:37Z</time></trkpt><trkpt lat="41.5615329375058" lon="-71.32307754803492"><time>2026-08-09T16:12:38Z</time></trkpt><trkpt lat="41.56153357484007" lon="-71.32312800908358"><time>2026-08-09T16:12:39Z</time></trkpt><trkpt lat="41.56153373905331" lon="-71.32317941029709"><time>2026-08-09T16:12:40Z</time></trkpt><trkpt lat="41.56153452061115" lon="-71.32323033267595"><time>2026-08-09T16:12:41Z</time></trkpt><trkpt lat="41.56153525455923" lon="-71.32328179905686"><time>2026-08-09T16:12:42Z</time></trkpt><trkpt lat="41.56153700261135" lon="-71.3233330276718"><time>2026-08-09T16:12:43Z</time></trkpt><trkpt lat="41.56153786247938" lon="-71.32338437754177"><time>2026-08-09T16:12:44Z</time></trkpt><trkpt lat="41.56153772597626" lon="-71.32343642898105"><time>2026-08-09T16:12:45Z</time></trkpt><trkpt lat="41.56153669073031" lon="-71.3234874000872"><time>2026-08-09T16:12:46Z</time></trkpt><trkpt lat="41.56153663743063" lon="-71.32353723619362"><time>2026-08-09T16:12:47Z</time></trkpt><trkpt lat="41.56153698725931" lon="-71.32358656850235"><time>2026-08-09T16:12:48Z</time></trkpt><trkpt lat="41.56153821683409" lon="-71.32363674781436"><time>2026-08-09T16:12:49Z</time></trkpt><trkpt lat="41.56154016328839" lon="-71.32368759113933"><time>2026-08-09T16:12:50Z</time></trkpt><trkpt lat="41.56154249501233" lon="-71.32373933395037"><time>2026-08-09T16:12:51Z</time></trkpt><trkpt lat="41.56154374512382" lon="-71.32378933680242"><time>2026-08-09T16:12:52Z</time></trkpt><trkpt lat="41.56154699968167" lon="-71.3238409552479"><time>2026-08-09T16:12:53Z</time></trkpt><trkpt lat="41.56155076260526" lon="-71.32389054593963"><time>2026-08-09T16:12:54Z</time></trkpt><trkpt lat="41.561554089558065" lon="-71.32394315755259"><time>2026-08-09T16:12:55Z</time></trkpt><trkpt lat="41.56155593978811" lon="-71.32399345000526"><time>2026-08-09T16:12:56Z</time></trkpt><trkpt lat="41.56155808416038" lon="-71.32404144819229"><time>2026-08-09T16:12:57Z</time></trkpt><trkpt lat="41.5615600180477" lon="-71.32409292733337"><time>2026-08-09T16:12:58Z</time></trkpt><trkpt lat="41.56156144279017" lon="-71.32414205552176"><time>2026-08-09T16:12:59Z</time></trkpt><trkpt lat="41.561562979072654" lon="-71.32419084634427"><time>2026-08-09T16:13:00Z</time></trkpt><trkpt lat="41.561563567221285" lon="-71.32423976718148"><time>2026-08-09T16:13:01Z</time></trkpt><trkpt lat="41.56156373757601" lon="-71.32428920638687"><time>2026-08-09T16:13:02Z</time></trkpt><trkpt lat="41.56156664196764" lon="-71.32433849307041"><time>2026-08-09T16:13:03Z</time></trkpt><trkpt lat="41.56156875245705" lon="-71.3243862218885"><time>2026-08-09T16:13:04Z</time></trkpt><trkpt lat="41.56157129153489" lon="-71.32443451299063"><time>2026-08-09T16:13:05Z</time></trkpt><trkpt lat="41.56157393785511" lon="-71.32448376474252"><time>2026-08-09T16:13:06Z</time></trkpt><trkpt lat="41.56157846580054" lon="-71.32453126704418"><time>2026-08-09T16:13:07Z</time></trkpt><trkpt lat="41.561583163407896" lon="-71.3245779470576"><time>2026-08-09T16:13:08Z</time></trkpt><trkpt lat="41.561585264655484" lon="-71.32462597762022"><time>2026-08-09T16:13:09Z</time></trkpt><trkpt lat="41.56158596149754" lon="-71.32467140576094"><time>2026-08-09T16:13:10Z</time></trkpt><trkpt lat="41.5615853806205" lon="-71.32472085217074"><time>2026-08-09T16:13:11Z</time></trkpt><trkpt lat="41.56158671310509" lon="-71.3247699968885"><time>2026-08-09T16:13:12Z</time></trkpt><trkpt lat="41.56158928173598" lon="-71.32481763911493"><time>2026-08-09T16:13:13Z</time></trkpt><trkpt lat="41.561588608177686" lon="-71.32486786040288"><time>2026-08-09T16:13:14Z</time></trkpt><trkpt lat="41.56159029855917" lon="-71.32491629579239"><time>2026-08-09T16:13:15Z</time></trkpt><trkpt lat="41.56159130808453" lon="-71.32496491649329"><time>2026-08-09T16:13:16Z</time></trkpt><trkpt lat="41.56159123139576" lon="-71.3250132899692"><time>2026-08-09T16:13:17Z</time></trkpt><trkpt lat="41.56159289325908" lon="-71.32506148303258"><time>2026-08-09T16:13:18Z</time></trkpt><trkpt lat="41.56159468880753" lon="-71.325110343835"><time>2026-08-09T16:13:19Z</time></trkpt><trkpt lat="41.56159665817733" lon="-71.32515903123692"><time>2026-08-09T16:13:20Z</time></trkpt><trkpt lat="41.561599822408155" lon="-71.32520856507949"><time>2026-08-09T16:13:21Z</time></trkpt><trkpt lat="41.561603227600045" lon="-71.32526099054093"><time>2026-08-09T16:13:22Z</time></trkpt><trkpt lat="41.561606878409755" lon="-71.32530957649006"><time>2026-08-09T16:13:23Z</time></trkpt><trkpt lat="41.56160748245927" lon="-71.32535525688066"><time>2026-08-09T16:13:24Z</time></trkpt><trkpt lat="41.56160910794596" lon="-71.32540157007764"><time>2026-08-09T16:13:25Z</time></trkpt><trkpt lat="41.56161112122406" lon="-71.32544556733198"><time>2026-08-09T16:13:26Z</time></trkpt><trkpt lat="41.561613925301046" lon="-71.32549440245894"><time>2026-08-09T16:13:27Z</time></trkpt><trkpt lat="41.56161657266379" lon="-71.32554392159315"><time>2026-08-09T16:13:28Z</time></trkpt><trkpt lat="41.56161257029428" lon="-71.32559161631642"><time>2026-08-09T16:13:29Z</time></trkpt><trkpt lat="41.56161434603267" lon="-71.32564343865018"><time>2026-08-09T16:13:30Z</time></trkpt><trkpt lat="41.561619266327966" lon="-71.32569540364362"><time>2026-08-09T16:13:31Z</time></trkpt><trkpt lat="41.56162021206725" lon="-71.32573666540898"><time>2026-08-09T16:13:32Z</time></trkpt><trkpt lat="41.56161978942954" lon="-71.32578274735371"><time>2026-08-09T16:13:33Z</time></trkpt><trkpt lat="41.56161504889024" lon="-71.32582878694804"><time>2026-08-09T16:13:34Z</time></trkpt><trkpt lat="41.56161842447482" lon="-71.32587659996027"><time>2026-08-09T16:13:35Z</time></trkpt><trkpt lat="41.56162141691301" lon="-71.3259269172165"><time>2026-08-09T16:13:36Z</time></trkpt><trkpt lat="41.56162250807007" lon="-71.32597626859568"><time>2026-08-09T16:13:37Z</time></trkpt><trkpt lat="41.56162122579291" lon="-71.32602516747085"><time>2026-08-09T16:13:38Z</time></trkpt><trkpt lat="41.561619037838625" lon="-71.32607649465398"><time>2026-08-09T16:13:39Z</time></trkpt><trkpt lat="41.56161591395241" lon="-71.3261272878342"><time>2026-08-09T16:13:40Z</time></trkpt><trkpt lat="41.56161197166528" lon="-71.32617528355549"><time>2026-08-09T16:13:41Z</time></trkpt><trkpt lat="41.56161005474287" lon="-71.32622599268187"><time>2026-08-09T16:13:42Z</time></trkpt><trkpt lat="41.56160763804301" lon="-71.32627567822075"><time>2026-08-09T16:13:43Z</time></trkpt><trkpt lat="41.56160479889696" lon="-71.3263221731808"><time>2026-08-09T16:13:44Z</time></trkpt><trkpt lat="41.561585158265885" lon="-71.3263664457153"><time>2026-08-09T16:13:45Z</time></trkpt><trkpt lat="41.56157967712593" lon="-71.32642070259169"><time>2026-08-09T16:13:46Z</time></trkpt><trkpt lat="41.56157193721349" lon="-71.32647054611371"><time>2026-08-09T16:13:47Z</time></trkpt><trkpt lat="41.561559226462464" lon="-71.32651590292511"><time>2026-08-09T16:13:48Z</time></trkpt><trkpt lat="41.561550034727276" lon="-71.32656398788716"><time>2026-08-09T16:13:49Z</time></trkpt><trkpt lat="41.561539005750724" lon="-71.32661043976779"><time>2026-08-09T16:13:50Z</time></trkpt><trkpt lat="41.56152829747657" lon="-71.32665615523452"><time>2026-08-09T16:13:51Z</time></trkpt><trkpt lat="41.561518979397455" lon="-71.32670940407884"><time>2026-08-09T16:13:52Z</time></trkpt><trkpt lat="41.56151021456323" lon="-71.32675881878853"><time>2026-08-09T16:13:53Z</time></trkpt><trkpt lat="41.561500282341875" lon="-71.32681052642886"><time>2026-08-09T16:13:54Z</time></trkpt><trkpt lat="41.56149152843256" lon="-71.32686051825056"><time>2026-08-09T16:13:55Z</time></trkpt><trkpt lat="41.561482862500455" lon="-71.32691200178287"><time>2026-08-09T16:13:56Z</time></trkpt><trkpt lat="41.561476174040955" lon="-71.32696340849331"><time>2026-08-09T16:13:57Z</time></trkpt><trkpt lat="41.56147358246188" lon="-71.32701750526938"><time>2026-08-09T16:13:58Z</time></trkpt><trkpt lat="41.56146989766474" lon="-71.32706998742799"><time>2026-08-09T16:13:59Z</time></trkpt><trkpt lat="41.5614673146355" lon="-71.32712235853336"><time>2026-08-09T16:14:00Z</time></trkpt><trkpt lat="41.56146433305768" lon="-71.3271730617765"><time>2026-08-09T16:14:01Z</time></trkpt><trkpt lat="41.56145823003863" lon="-71.3272241196339"><time>2026-08-09T16:14:02Z</time></trkpt><trkpt lat="41.561454557031205" lon="-71.32727558157681"><time>2026-08-09T16:14:03Z</time></trkpt><trkpt lat="41.56145590917922" lon="-71.32732523094364"><time>2026-08-09T16:14:04Z</time></trkpt><trkpt lat="41.561448861337425" lon="-71.32737957704666"><time>2026-08-09T16:14:05Z</time></trkpt><trkpt lat="41.56144335855483" lon="-71.32743290640492"><time>2026-08-09T16:14:06Z</time></trkpt><trkpt lat="41.56143825516535" lon="-71.3274863176105"><time>2026-08-09T16:14:07Z</time></trkpt><trkpt lat="41.56143332278612" lon="-71.32753739963617"><time>2026-08-09T16:14:08Z</time></trkpt><trkpt lat="41.56142845495737" lon="-71.32759424871747"><time>2026-08-09T16:14:09Z</time></trkpt><trkpt lat="41.56142398779303" lon="-71.32764640643741"><time>2026-08-09T16:14:10Z</time></trkpt><trkpt lat="41.56141906537591" lon="-71.3276994041522"><time>2026-08-09T16:14:11Z</time></trkpt><trkpt lat="41.56141339635808" lon="-71.3277527213927"><time>2026-08-09T16:14:12Z</time></trkpt><trkpt lat="41.561406371498784" lon="-71.32780393942167"><time>2026-08-09T16:14:13Z</time></trkpt><trkpt lat="41.561399371888584" lon="-71.32785399152914"><time>2026-08-09T16:14:14Z</time></trkpt><trkpt lat="41.561393392024534" lon="-71.32790038425183"><time>2026-08-09T16:14:15Z</time></trkpt><trkpt lat="41.561396899821396" lon="-71.3279490617678"><time>2026-08-09T16:14:16Z</time></trkpt><trkpt lat="41.56139696283882" lon="-71.32800494843006"><time>2026-08-09T16:14:17Z</time></trkpt><trkpt lat="41.56139864096968" lon="-71.32805346656183"><time>2026-08-09T16:14:18Z</time></trkpt><trkpt lat="41.561406418466014" lon="-71.32812484817644"><time>2026-08-09T16:14:19Z</time></trkpt><trkpt lat="41.561390398443294" lon="-71.32816118514435"><time>2026-08-09T16:14:20Z</time></trkpt><trkpt lat="41.56137374635585" lon="-71.3282037371952"><time>2026-08-09T16:14:21Z</time></trkpt><trkpt lat="41.56135347997529" lon="-71.32824315871416"><time>2026-08-09T16:14:22Z</time></trkpt><trkpt lat="41.56132271819365" lon="-71.32827512393557"><time>2026-08-09T16:14:23Z</time></trkpt><trkpt lat="41.56129211017517" lon="-71.32829942189558"><time>2026-08-09T16:14:24Z</time></trkpt><trkpt lat="41.56126053872135" lon="-71.32830038741042"><time>2026-08-09T16:14:25Z</time></trkpt><trkpt lat="41.56122625872177" lon="-71.3282994327771"><time>2026-08-09T16:14:26Z</time></trkpt><trkpt lat="41.561204720143834" lon="-71.32829161803399"><time>2026-08-09T16:14:27Z</time></trkpt><trkpt lat="41.56118172409116" lon="-71.32829591361511"><time>2026-08-09T16:14:28Z</time></trkpt><trkpt lat="41.56115948543002" lon="-71.32827450067882"><time>2026-08-09T16:14:29Z</time></trkpt><trkpt lat="41.561135096120786" lon="-71.32825437127329"><time>2026-08-09T16:14:30Z</time></trkpt><trkpt lat="41.56110561785763" lon="-71.32821759751899"><time>2026-08-09T16:14:32Z</time></trkpt><trkpt lat="41.56109437445769" lon="-71.32818926437857"><time>2026-08-09T16:14:33Z</time></trkpt><trkpt lat="41.56107441346126" lon="-71.32815968242214"><time>2026-08-09T16:14:34Z</time></trkpt><trkpt lat="41.56107900931254" lon="-71.32813032247172"><time>2026-08-09T16:14:35Z</time></trkpt><trkpt lat="41.56107208763391" lon="-71.32810527111782"><time>2026-08-09T16:14:36Z</time></trkpt><trkpt lat="41.56107148667708" lon="-71.32807379312338"><time>2026-08-09T16:14:37Z</time></trkpt><trkpt lat="41.56107181804464" lon="-71.32803805201355"><time>2026-08-09T16:14:38Z</time></trkpt><trkpt lat="41.56107195710785" lon="-71.32799958556767"><time>2026-08-09T16:14:39Z</time></trkpt><trkpt lat="41.56106889001236" lon="-71.32796391942722"><time>2026-08-09T16:14:40Z</time></trkpt><trkpt lat="41.561067517545965" lon="-71.32792787703548"><time>2026-08-09T16:14:41Z</time></trkpt><trkpt lat="41.561068702511484" lon="-71.32788774743264"><time>2026-08-09T16:14:42Z</time></trkpt><trkpt lat="41.56107073238701" lon="-71.32784782110468"><time>2026-08-09T16:14:43Z</time></trkpt><trkpt lat="41.56106975596611" lon="-71.32780807941792"><time>2026-08-09T16:14:44Z</time></trkpt><trkpt lat="41.56106981864096" lon="-71.32776805743252"><time>2026-08-09T16:14:45Z</time></trkpt><trkpt lat="41.56106881298874" lon="-71.32772549168703"><time>2026-08-09T16:14:46Z</time></trkpt><trkpt lat="41.561070571971285" lon="-71.32768393080586"><time>2026-08-09T16:14:47Z</time></trkpt><trkpt lat="41.56107237756994" lon="-71.32764001444465"><time>2026-08-09T16:14:48Z</time></trkpt><trkpt lat="41.56107146603366" lon="-71.32759864375838"><time>2026-08-09T16:14:49Z</time></trkpt><trkpt lat="41.561068980044936" lon="-71.32755598050433"><time>2026-08-09T16:14:50Z</time></trkpt><trkpt lat="41.56106268043845" lon="-71.32751397141263"><time>2026-08-09T16:14:51Z</time></trkpt><trkpt lat="41.56105736126992" lon="-71.327471381075"><time>2026-08-09T16:14:52Z</time></trkpt><trkpt lat="41.56105005464368" lon="-71.32742803382605"><time>2026-08-09T16:14:53Z</time></trkpt><trkpt lat="41.561042885662964" lon="-71.32738593719411"><time>2026-08-09T16:14:54Z</time></trkpt><trkpt lat="41.561030359248576" lon="-71.32734471534731"><time>2026-08-09T16:14:55Z</time></trkpt><trkpt lat="41.56101636066437" lon="-71.32730545864045"><time>2026-08-09T16:14:56Z</time></trkpt><trkpt lat="41.56100108559164" lon="-71.32726667264537"><time>2026-08-09T16:14:57Z</time></trkpt><trkpt lat="41.560985877097906" lon="-71.32722838861116"><time>2026-08-09T16:14:58Z</time></trkpt><trkpt lat="41.560971557832985" lon="-71.32719001621312"><time>2026-08-09T16:14:59Z</time></trkpt><trkpt lat="41.560956007758556" lon="-71.32715205928817"><time>2026-08-09T16:15:00Z</time></trkpt><trkpt lat="41.56094030679489" lon="-71.3271113993977"><time>2026-08-09T16:15:01Z</time></trkpt><trkpt lat="41.56092584381915" lon="-71.32707314782895"><time>2026-08-09T16:15:02Z</time></trkpt><trkpt lat="41.560907647901075" lon="-71.32703358500945"><time>2026-08-09T16:15:03Z</time></trkpt><trkpt lat="41.56088882181098" lon="-71.326997538087"><time>2026-08-09T16:15:04Z</time></trkpt><trkpt lat="41.56086694380152" lon="-71.3269638767426"><time>2026-08-09T16:15:05Z</time></trkpt><trkpt lat="41.560845628390744" lon="-71.32692912823718"><time>2026-08-09T16:15:06Z</time></trkpt><trkpt lat="41.560822411940116" lon="-71.32689712986668"><time>2026-08-09T16:15:07Z</time></trkpt><trkpt lat="41.5608015189993" lon="-71.32686297985224"><time>2026-08-09T16:15:08Z</time></trkpt><trkpt lat="41.560786513377" lon="-71.32682374791712"><time>2026-08-09T16:15:09Z</time></trkpt><trkpt lat="41.5607730517069" lon="-71.32677685719385"><time>2026-08-09T16:15:10Z</time></trkpt><trkpt lat="41.560746238467615" lon="-71.3267595913211"><time>2026-08-09T16:15:11Z</time></trkpt><trkpt lat="41.560706990355726" lon="-71.326749271964"><time>2026-08-09T16:15:12Z</time></trkpt><trkpt lat="41.560688263620776" lon="-71.3267024633029"><time>2026-08-09T16:15:13Z</time></trkpt><trkpt lat="41.56066624777194" lon="-71.32668406376958"><time>2026-08-09T16:15:14Z</time></trkpt><trkpt lat="41.560640397086374" lon="-71.32665323282023"><time>2026-08-09T16:15:15Z</time></trkpt><trkpt lat="41.56061554124317" lon="-71.32662703290458"><time>2026-08-09T16:15:16Z</time></trkpt><trkpt lat="41.56058970312131" lon="-71.3266019086497"><time>2026-08-09T16:15:17Z</time></trkpt><trkpt lat="41.560565109654384" lon="-71.32657432158405"><time>2026-08-09T16:15:18Z</time></trkpt><trkpt lat="41.560539973821584" lon="-71.32654791874863"><time>2026-08-09T16:15:19Z</time></trkpt><trkpt lat="41.56051630027304" lon="-71.32651906545293"><time>2026-08-09T16:15:20Z</time></trkpt><trkpt lat="41.56048969168789" lon="-71.32648543696877"><time>2026-08-09T16:15:21Z</time></trkpt><trkpt lat="41.5604659748086" lon="-71.32645822865649"><time>2026-08-09T16:15:22Z</time></trkpt><trkpt lat="41.56043988575294" lon="-71.32643627030136"><time>2026-08-09T16:15:23Z</time></trkpt><trkpt lat="41.56041477328051" lon="-71.32640813533831"><time>2026-08-09T16:15:24Z</time></trkpt><trkpt lat="41.560391281992516" lon="-71.32638794735583"><time>2026-08-09T16:15:25Z</time></trkpt><trkpt lat="41.56036747128229" lon="-71.32636193450726"><time>2026-08-09T16:15:26Z</time></trkpt><trkpt lat="41.56034314555879" lon="-71.32633079276538"><time>2026-08-09T16:15:27Z</time></trkpt><trkpt lat="41.560320980088946" lon="-71.3262981981062"><time>2026-08-09T16:15:28Z</time></trkpt><trkpt lat="41.56029853093212" lon="-71.3262742916745"><time>2026-08-09T16:15:29Z</time></trkpt><trkpt lat="41.560275086988945" lon="-71.32624642107706"><time>2026-08-09T16:15:30Z</time></trkpt><trkpt lat="41.560257474361634" lon="-71.32621104946432"><time>2026-08-09T16:15:31Z</time></trkpt><trkpt lat="41.560231097142044" lon="-71.32618354472274"><time>2026-08-09T16:15:32Z</time></trkpt><trkpt lat="41.56020685176774" lon="-71.32615927777246"><time>2026-08-09T16:15:33Z</time></trkpt><trkpt lat="41.56018269008666" lon="-71.32613328666312"><time>2026-08-09T16:15:34Z</time></trkpt><trkpt lat="41.5601593103376" lon="-71.32610667963816"><time>2026-08-09T16:15:35Z</time></trkpt><trkpt lat="41.560136361394775" lon="-71.32607939894699"><time>2026-08-09T16:15:36Z</time></trkpt><trkpt lat="41.56011455652084" lon="-71.32605478420196"><time>2026-08-09T16:15:37Z</time></trkpt><trkpt lat="41.56008997235301" lon="-71.326031026089"><time>2026-08-09T16:15:38Z</time></trkpt><trkpt lat="41.56006556195314" lon="-71.32600862804891"><time>2026-08-09T16:15:39Z</time></trkpt><trkpt lat="41.560042275759294" lon="-71.32598320910887"><time>2026-08-09T16:15:40Z</time></trkpt><trkpt lat="41.56001931684932" lon="-71.32595756683821"><time>2026-08-09T16:15:41Z</time></trkpt><trkpt lat="41.55999898677426" lon="-71.3259192047804"><time>2026-08-09T16:15:42Z</time></trkpt><trkpt lat="41.559975213601064" lon="-71.32590259917534"><time>2026-08-09T16:15:43Z</time></trkpt><trkpt lat="41.55995158042455" lon="-71.32588132151054"><time>2026-08-09T16:15:44Z</time></trkpt><trkpt lat="41.55993078540732" lon="-71.32584868251932"><time>2026-08-09T16:15:45Z</time></trkpt><trkpt lat="41.55990860781256" lon="-71.32581684390972"><time>2026-08-09T16:15:46Z</time></trkpt><trkpt lat="41.55988728645422" lon="-71.32579073726062"><time>2026-08-09T16:15:47Z</time></trkpt><trkpt lat="41.55986590014929" lon="-71.32575913727406"><time>2026-08-09T16:15:48Z</time></trkpt><trkpt lat="41.55984546321897" lon="-71.32572139011364"><time>2026-08-09T16:15:49Z</time></trkpt><trkpt lat="41.55982534281356" lon="-71.32569409906408"><time>2026-08-09T16:15:50Z</time></trkpt><trkpt lat="41.55979932773005" lon="-71.32566413484611"><time>2026-08-09T16:15:51Z</time></trkpt><trkpt lat="41.559778358630766" lon="-71.32563296488003"><time>2026-08-09T16:15:52Z</time></trkpt><trkpt lat="41.559757119554696" lon="-71.32560266609929"><time>2026-08-09T16:15:53Z</time></trkpt><trkpt lat="41.55973502501403" lon="-71.3255717060799"><time>2026-08-09T16:15:54Z</time></trkpt><trkpt lat="41.55971309996782" lon="-71.32554322468216"><time>2026-08-09T16:15:55Z</time></trkpt><trkpt lat="41.5596904642675" lon="-71.32551486651965"><time>2026-08-09T16:15:56Z</time></trkpt><trkpt lat="41.55966914684101" lon="-71.32548367139916"><time>2026-08-09T16:15:57Z</time></trkpt><trkpt lat="41.559647791706254" lon="-71.32545121167716"><time>2026-08-09T16:15:58Z</time></trkpt><trkpt lat="41.55962612803654" lon="-71.32541977059219"><time>2026-08-09T16:15:59Z</time></trkpt><trkpt lat="41.559604024368376" lon="-71.32538801369495"><time>2026-08-09T16:16:00Z</time></trkpt><trkpt lat="41.55958187043827" lon="-71.32535812014385"><time>2026-08-09T16:16:01Z</time></trkpt><trkpt lat="41.55955795128927" lon="-71.32532948442997"><time>2026-08-09T16:16:02Z</time></trkpt><trkpt lat="41.5595360371341" lon="-71.32529907079666"><time>2026-08-09T16:16:03Z</time></trkpt><trkpt lat="41.559512613037086" lon="-71.32526986872575"><time>2026-08-09T16:16:04Z</time></trkpt><trkpt lat="41.55948966330983" lon="-71.32524017961141"><time>2026-08-09T16:16:05Z</time></trkpt><trkpt lat="41.55946590768493" lon="-71.32520914410141"><time>2026-08-09T16:16:06Z</time></trkpt><trkpt lat="41.55944431290094" lon="-71.32517943519083"><time>2026-08-09T16:16:07Z</time></trkpt><trkpt lat="41.5594215764606" lon="-71.3251481806662"><time>2026-08-09T16:16:08Z</time></trkpt><trkpt lat="41.55939705565639" lon="-71.32511826159673"><time>2026-08-09T16:16:09Z</time></trkpt><trkpt lat="41.55937302937376" lon="-71.32508997718568"><time>2026-08-09T16:16:10Z</time></trkpt><trkpt lat="41.5593496712196" lon="-71.32506000014737"><time>2026-08-09T16:16:11Z</time></trkpt><trkpt lat="41.55932789177804" lon="-71.32503173420066"><time>2026-08-09T16:16:12Z</time></trkpt><trkpt lat="41.55930637691805" lon="-71.32500258098177"><time>2026-08-09T16:16:13Z</time></trkpt><trkpt lat="41.55928307113442" lon="-71.32497322816393"><time>2026-08-09T16:16:14Z</time></trkpt><trkpt lat="41.55925996265328" lon="-71.32494635855475"><time>2026-08-09T16:16:15Z</time></trkpt><trkpt lat="41.5592373210876" lon="-71.32491540677577"><time>2026-08-09T16:16:16Z</time></trkpt><trkpt lat="41.55921553782085" lon="-71.32488541930846"><time>2026-08-09T16:16:17Z</time></trkpt><trkpt lat="41.55919330108646" lon="-71.3248539141724"><time>2026-08-09T16:16:18Z</time></trkpt><trkpt lat="41.559171325445774" lon="-71.32482373363487"><time>2026-08-09T16:16:19Z</time></trkpt><trkpt lat="41.55914905597352" lon="-71.32479405089606"><time>2026-08-09T16:16:20Z</time></trkpt><trkpt lat="41.55912840377257" lon="-71.32476507974916"><time>2026-08-09T16:16:21Z</time></trkpt><trkpt lat="41.559107013615275" lon="-71.3247359774329"><time>2026-08-09T16:16:22Z</time></trkpt><trkpt lat="41.55908536307163" lon="-71.32470648962328"><time>2026-08-09T16:16:23Z</time></trkpt><trkpt lat="41.55906459250603" lon="-71.3246766323704"><time>2026-08-09T16:16:24Z</time></trkpt><trkpt lat="41.55904593310152" lon="-71.32464442846242"><time>2026-08-09T16:16:25Z</time></trkpt><trkpt lat="41.55902730577874" lon="-71.32461164862063"><time>2026-08-09T16:16:26Z</time></trkpt><trkpt lat="41.559006116891176" lon="-71.32457983028863"><time>2026-08-09T16:16:27Z</time></trkpt><trkpt lat="41.558985676262616" lon="-71.32454900121476"><time>2026-08-09T16:16:28Z</time></trkpt><trkpt lat="41.55896321603929" lon="-71.32451813354614"><time>2026-08-09T16:16:29Z</time></trkpt><trkpt lat="41.55894139336479" lon="-71.32448778256675"><time>2026-08-09T16:16:30Z</time></trkpt><trkpt lat="41.558920426598" lon="-71.32445828851598"><time>2026-08-09T16:16:31Z</time></trkpt><trkpt lat="41.5588997974705" lon="-71.32442669429192"><time>2026-08-09T16:16:32Z</time></trkpt><trkpt lat="41.55888069060231" lon="-71.32439496440179"><time>2026-08-09T16:16:33Z</time></trkpt><trkpt lat="41.55886187637823" lon="-71.32436183465083"><time>2026-08-09T16:16:34Z</time></trkpt><trkpt lat="41.55884199104176" lon="-71.32432995718726"><time>2026-08-09T16:16:35Z</time></trkpt><trkpt lat="41.55882054627619" lon="-71.32429847091295"><time>2026-08-09T16:16:36Z</time></trkpt><trkpt lat="41.558799380984006" lon="-71.324268014054"><time>2026-08-09T16:16:37Z</time></trkpt><trkpt lat="41.558777436035605" lon="-71.32423778388562"><time>2026-08-09T16:16:38Z</time></trkpt><trkpt lat="41.55875509594267" lon="-71.3242086060344"><time>2026-08-09T16:16:39Z</time></trkpt><trkpt lat="41.55873434163675" lon="-71.32417709048488"><time>2026-08-09T16:16:40Z</time></trkpt><trkpt lat="41.5587128259137" lon="-71.32414603084494"><time>2026-08-09T16:16:41Z</time></trkpt><trkpt lat="41.55869181614296" lon="-71.32411459460161"><time>2026-08-09T16:16:42Z</time></trkpt><trkpt lat="41.558669935224515" lon="-71.32408571471899"><time>2026-08-09T16:16:43Z</time></trkpt><trkpt lat="41.55864593376799" lon="-71.32405864906758"><time>2026-08-09T16:16:44Z</time></trkpt><trkpt lat="41.5586277917863" lon="-71.3240310641575"><time>2026-08-09T16:16:45Z</time></trkpt><trkpt lat="41.55861083017226" lon="-71.32400396575632"><time>2026-08-09T16:16:46Z</time></trkpt><trkpt lat="41.558586613725716" lon="-71.32397250796228"><time>2026-08-09T16:16:47Z</time></trkpt><trkpt lat="41.55856394549333" lon="-71.32394256854934"><time>2026-08-09T16:16:48Z</time></trkpt><trkpt lat="41.55853991741914" lon="-71.32390868878689"><time>2026-08-09T16:16:49Z</time></trkpt><trkpt lat="41.55851655400117" lon="-71.32388059050514"><time>2026-08-09T16:16:50Z</time></trkpt><trkpt lat="41.558502584763865" lon="-71.32385238111088"><time>2026-08-09T16:16:51Z</time></trkpt><trkpt lat="41.55848384263633" lon="-71.3238196714006"><time>2026-08-09T16:16:52Z</time></trkpt><trkpt lat="41.55845609296123" lon="-71.32379307668725"><time>2026-08-09T16:16:53Z</time></trkpt><trkpt lat="41.55843445638047" lon="-71.32376632804935"><time>2026-08-09T16:16:54Z</time></trkpt><trkpt lat="41.558413053369506" lon="-71.32373951079111"><time>2026-08-09T16:16:55Z</time></trkpt><trkpt lat="41.55839073900053" lon="-71.32370762256552"><time>2026-08-09T16:16:56Z</time></trkpt><trkpt lat="41.558368943894784" lon="-71.32367522578339"><time>2026-08-09T16:16:57Z</time></trkpt><trkpt lat="41.5583484158625" lon="-71.3236451113031"><time>2026-08-09T16:16:58Z</time></trkpt><trkpt lat="41.55832240381136" lon="-71.32361749725001"><time>2026-08-09T16:16:59Z</time></trkpt><trkpt lat="41.55829751501924" lon="-71.3235940353384"><time>2026-08-09T16:17:00Z</time></trkpt><trkpt lat="41.558274075702904" lon="-71.32356418564721"><time>2026-08-09T16:17:01Z</time></trkpt><trkpt lat="41.558251674803245" lon="-71.32353725848043"><time>2026-08-09T16:17:02Z</time></trkpt><trkpt lat="41.55823096262855" lon="-71.32351320084553"><time>2026-08-09T16:17:03Z</time></trkpt><trkpt lat="41.55821213673262" lon="-71.32348660333935"><time>2026-08-09T16:17:04Z</time></trkpt><trkpt lat="41.55818664793445" lon="-71.32346222448406"><time>2026-08-09T16:17:05Z</time></trkpt><trkpt lat="41.55816125335329" lon="-71.32343443422968"><time>2026-08-09T16:17:06Z</time></trkpt><trkpt lat="41.55813474799492" lon="-71.32340968427664"><time>2026-08-09T16:17:07Z</time></trkpt><trkpt lat="41.55812182036749" lon="-71.32337140174013"><time>2026-08-09T16:17:08Z</time></trkpt><trkpt lat="41.558097655097306" lon="-71.32334095686173"><time>2026-08-09T16:17:09Z</time></trkpt><trkpt lat="41.55807511588231" lon="-71.32331365053946"><time>2026-08-09T16:17:10Z</time></trkpt><trkpt lat="41.55804937730315" lon="-71.32329432894392"><time>2026-08-09T16:17:11Z</time></trkpt><trkpt lat="41.558025767938695" lon="-71.32327697549034"><time>2026-08-09T16:17:12Z</time></trkpt><trkpt lat="41.55800234409172" lon="-71.32326981810078"><time>2026-08-09T16:17:13Z</time></trkpt><trkpt lat="41.557978415109815" lon="-71.32326870566017"><time>2026-08-09T16:17:14Z</time></trkpt><trkpt lat="41.55795565117629" lon="-71.32326798143042"><time>2026-08-09T16:17:15Z</time></trkpt><trkpt lat="41.55793373105312" lon="-71.32327504277391"><time>2026-08-09T16:17:16Z</time></trkpt><trkpt lat="41.557915781369005" lon="-71.3232841633155"><time>2026-08-09T16:17:17Z</time></trkpt><trkpt lat="41.55789567428638" lon="-71.32329681023705"><time>2026-08-09T16:17:18Z</time></trkpt><trkpt lat="41.55788017370226" lon="-71.32331410642216"><time>2026-08-09T16:17:19Z</time></trkpt><trkpt lat="41.557864574247986" lon="-71.32333780807444"><time>2026-08-09T16:17:20Z</time></trkpt><trkpt lat="41.5578509427361" lon="-71.32336438394518"><time>2026-08-09T16:17:21Z</time></trkpt><trkpt lat="41.55783500436772" lon="-71.32338727932299"><time>2026-08-09T16:17:22Z</time></trkpt><trkpt lat="41.55782030046572" lon="-71.32341570516954"><time>2026-08-09T16:17:23Z</time></trkpt><trkpt lat="41.55780308043862" lon="-71.32343966937462"><time>2026-08-09T16:17:24Z</time></trkpt><trkpt lat="41.55778523467973" lon="-71.32346133127537"><time>2026-08-09T16:17:25Z</time></trkpt><trkpt lat="41.55776665861493" lon="-71.32348277362786"><time>2026-08-09T16:17:26Z</time></trkpt><trkpt lat="41.557745975520255" lon="-71.3235026151487"><time>2026-08-09T16:17:27Z</time></trkpt><trkpt lat="41.5577263208292" lon="-71.32352217887734"><time>2026-08-09T16:17:28Z</time></trkpt><trkpt lat="41.55770715788937" lon="-71.32354314954918"><time>2026-08-09T16:17:29Z</time></trkpt><trkpt lat="41.55768714052951" lon="-71.32356444277792"><time>2026-08-09T16:17:30Z</time></trkpt><trkpt lat="41.557667692084465" lon="-71.32358624422459"><time>2026-08-09T16:17:31Z</time></trkpt><trkpt lat="41.55764726752751" lon="-71.32361044917013"><time>2026-08-09T16:17:32Z</time></trkpt><trkpt lat="41.557625539186084" lon="-71.32363211762421"><time>2026-08-09T16:17:33Z</time></trkpt><trkpt lat="41.55760503970085" lon="-71.32365332352131"><time>2026-08-09T16:17:34Z</time></trkpt><trkpt lat="41.557582221541644" lon="-71.32367510634955"><time>2026-08-09T16:17:35Z</time></trkpt><trkpt lat="41.55756039332552" lon="-71.32369547122079"><time>2026-08-09T16:17:36Z</time></trkpt><trkpt lat="41.557539014898744" lon="-71.32371828785273"><time>2026-08-09T16:17:37Z</time></trkpt><trkpt lat="41.557517350693225" lon="-71.32374088720333"><time>2026-08-09T16:17:38Z</time></trkpt><trkpt lat="41.55749634452286" lon="-71.32376502111674"><time>2026-08-09T16:17:39Z</time></trkpt><trkpt lat="41.55747411688722" lon="-71.32378939499645"><time>2026-08-09T16:17:40Z</time></trkpt><trkpt lat="41.55745242977538" lon="-71.32381238110379"><time>2026-08-09T16:17:41Z</time></trkpt><trkpt lat="41.55742856093345" lon="-71.3238352246138"><time>2026-08-09T16:17:42Z</time></trkpt><trkpt lat="41.557405217849144" lon="-71.32385282837085"><time>2026-08-09T16:17:43Z</time></trkpt><trkpt lat="41.55738277491604" lon="-71.32387767167863"><time>2026-08-09T16:17:44Z</time></trkpt><trkpt lat="41.557359703737" lon="-71.3239027472683"><time>2026-08-09T16:17:45Z</time></trkpt><trkpt lat="41.55733654823517" lon="-71.32392551995048"><time>2026-08-09T16:17:46Z</time></trkpt><trkpt lat="41.55731382416028" lon="-71.32395024753691"><time>2026-08-09T16:17:47Z</time></trkpt><trkpt lat="41.55729124987896" lon="-71.3239752509607"><time>2026-08-09T16:17:48Z</time></trkpt><trkpt lat="41.5572696980594" lon="-71.32399948664423"><time>2026-08-09T16:17:49Z</time></trkpt><trkpt lat="41.557245748133184" lon="-71.32402464384938"><time>2026-08-09T16:17:50Z</time></trkpt><trkpt lat="41.55721806462735" lon="-71.32404783794874"><time>2026-08-09T16:17:51Z</time></trkpt><trkpt lat="41.55719610310572" lon="-71.32407378727105"><time>2026-08-09T16:17:52Z</time></trkpt><trkpt lat="41.55717350135883" lon="-71.32409988622051"><time>2026-08-09T16:17:53Z</time></trkpt><trkpt lat="41.55714909024954" lon="-71.32412093692957"><time>2026-08-09T16:17:54Z</time></trkpt><trkpt lat="41.55712435042809" lon="-71.32414797546836"><time>2026-08-09T16:17:55Z</time></trkpt><trkpt lat="41.55710135325771" lon="-71.32417340592706"><time>2026-08-09T16:17:56Z</time></trkpt><trkpt lat="41.557081715577496" lon="-71.3241916297046"><time>2026-08-09T16:17:57Z</time></trkpt><trkpt lat="41.557054523552715" lon="-71.32421728604176"><time>2026-08-09T16:17:58Z</time></trkpt><trkpt lat="41.55703060002958" lon="-71.32424089501116"><time>2026-08-09T16:17:59Z</time></trkpt><trkpt lat="41.55700578138636" lon="-71.32426374216146"><time>2026-08-09T16:18:00Z</time></trkpt><trkpt lat="41.556982313656846" lon="-71.32428648174765"><time>2026-08-09T16:18:01Z</time></trkpt><trkpt lat="41.55695668296364" lon="-71.32430987717738"><time>2026-08-09T16:18:02Z</time></trkpt><trkpt lat="41.556932526820766" lon="-71.32433370422851"><time>2026-08-09T16:18:03Z</time></trkpt><trkpt lat="41.55690829457519" lon="-71.32435598065643"><time>2026-08-09T16:18:04Z</time></trkpt><trkpt lat="41.556885179826" lon="-71.32438019496486"><time>2026-08-09T16:18:05Z</time></trkpt><trkpt lat="41.556859958919695" lon="-71.32440468100845"><time>2026-08-09T16:18:06Z</time></trkpt><trkpt lat="41.55683616778365" lon="-71.32442802761148"><time>2026-08-09T16:18:07Z</time></trkpt><trkpt lat="41.556811259122405" lon="-71.32445291215167"><time>2026-08-09T16:18:08Z</time></trkpt><trkpt lat="41.55678815852606" lon="-71.32447829298121"><time>2026-08-09T16:18:09Z</time></trkpt><trkpt lat="41.55676528461656" lon="-71.32450435379248"><time>2026-08-09T16:18:10Z</time></trkpt><trkpt lat="41.55673814560407" lon="-71.32453273845414"><time>2026-08-09T16:18:11Z</time></trkpt><trkpt lat="41.55671468295246" lon="-71.32455315046919"><time>2026-08-09T16:18:12Z</time></trkpt><trkpt lat="41.556690079756294" lon="-71.32458040072639"><time>2026-08-09T16:18:13Z</time></trkpt><trkpt lat="41.55666508782581" lon="-71.32460795069855"><time>2026-08-09T16:18:14Z</time></trkpt><trkpt lat="41.55663833828626" lon="-71.32462994551477"><time>2026-08-09T16:18:15Z</time></trkpt><trkpt lat="41.556613965717254" lon="-71.3246486670334"><time>2026-08-09T16:18:16Z</time></trkpt><trkpt lat="41.55658835902275" lon="-71.32467298436268"><time>2026-08-09T16:18:17Z</time></trkpt><trkpt lat="41.556563654457975" lon="-71.32470041422934"><time>2026-08-09T16:18:18Z</time></trkpt><trkpt lat="41.556538485833634" lon="-71.32472568754191"><time>2026-08-09T16:18:19Z</time></trkpt><trkpt lat="41.55651222431749" lon="-71.32474993119808"><time>2026-08-09T16:18:20Z</time></trkpt><trkpt lat="41.55648599929002" lon="-71.3247830748701"><time>2026-08-09T16:18:21Z</time></trkpt><trkpt lat="41.556459951612005" lon="-71.3248127684044"><time>2026-08-09T16:18:22Z</time></trkpt><trkpt lat="41.556435331897866" lon="-71.32483451627193"><time>2026-08-09T16:18:23Z</time></trkpt><trkpt lat="41.556416553621304" lon="-71.32485970661709"><time>2026-08-09T16:18:24Z</time></trkpt><trkpt lat="41.55638467844989" lon="-71.32488444664713"><time>2026-08-09T16:18:25Z</time></trkpt><trkpt lat="41.55636275831508" lon="-71.32491238455468"><time>2026-08-09T16:18:26Z</time></trkpt><trkpt lat="41.55633553148679" lon="-71.32493631710545"><time>2026-08-09T16:18:27Z</time></trkpt><trkpt lat="41.556306690193814" lon="-71.32496350771868"><time>2026-08-09T16:18:28Z</time></trkpt><trkpt lat="41.55628041047303" lon="-71.3249882195038"><time>2026-08-09T16:18:29Z</time></trkpt><trkpt lat="41.556254042462776" lon="-71.32501280703741"><time>2026-08-09T16:18:30Z</time></trkpt><trkpt lat="41.55622762624977" lon="-71.32503778456567"><time>2026-08-09T16:18:31Z</time></trkpt><trkpt lat="41.55620034408517" lon="-71.32506390003724"><time>2026-08-09T16:18:32Z</time></trkpt><trkpt lat="41.55617305958434" lon="-71.32508641742552"><time>2026-08-09T16:18:33Z</time></trkpt><trkpt lat="41.55614587423257" lon="-71.32511142331077"><time>2026-08-09T16:18:34Z</time></trkpt><trkpt lat="41.55611788259314" lon="-71.32513320272352"><time>2026-08-09T16:18:35Z</time></trkpt><trkpt lat="41.55609019490061" lon="-71.32515822288781"><time>2026-08-09T16:18:36Z</time></trkpt><trkpt lat="41.55606400470215" lon="-71.32518642664631"><time>2026-08-09T16:18:37Z</time></trkpt><trkpt lat="41.55603855938152" lon="-71.32521110163954"><time>2026-08-09T16:18:38Z</time></trkpt><trkpt lat="41.556007559719724" lon="-71.32523450111063"><time>2026-08-09T16:18:39Z</time></trkpt><trkpt lat="41.55597975111209" lon="-71.32525423449425"><time>2026-08-09T16:18:40Z</time></trkpt><trkpt lat="41.55595319155451" lon="-71.32527821121604"><time>2026-08-09T16:18:41Z</time></trkpt><trkpt lat="41.555926107937104" lon="-71.32530094695841"><time>2026-08-09T16:18:42Z</time></trkpt><trkpt lat="41.55589844640531" lon="-71.32533373245207"><time>2026-08-09T16:18:43Z</time></trkpt><trkpt lat="41.55587147799632" lon="-71.32535750177435"><time>2026-08-09T16:18:44Z</time></trkpt><trkpt lat="41.55584313690222" lon="-71.3253740707154"><time>2026-08-09T16:18:45Z</time></trkpt><trkpt lat="41.555814317089244" lon="-71.32539632398988"><time>2026-08-09T16:18:46Z</time></trkpt><trkpt lat="41.555788695458986" lon="-71.32542542201966"><time>2026-08-09T16:18:47Z</time></trkpt><trkpt lat="41.55576006035257" lon="-71.32545557306237"><time>2026-08-09T16:18:48Z</time></trkpt><trkpt lat="41.55573540589188" lon="-71.3254832789991"><time>2026-08-09T16:18:49Z</time></trkpt><trkpt lat="41.55570916653746" lon="-71.32550475835045"><time>2026-08-09T16:18:50Z</time></trkpt><trkpt lat="41.55567873134793" lon="-71.32552358860013"><time>2026-08-09T16:18:51Z</time></trkpt><trkpt lat="41.55565038814972" lon="-71.32553020415921"><time>2026-08-09T16:18:52Z</time></trkpt><trkpt lat="41.55562890384253" lon="-71.32552485396013"><time>2026-08-09T16:18:53Z</time></trkpt><trkpt lat="41.55560499067213" lon="-71.32552112914352"><time>2026-08-09T16:18:54Z</time></trkpt><trkpt lat="41.555578806781035" lon="-71.32552645697847"><time>2026-08-09T16:18:55Z</time></trkpt><trkpt lat="41.55555225602061" lon="-71.32552066622034"><time>2026-08-09T16:18:56Z</time></trkpt><trkpt lat="41.55553241564915" lon="-71.32550691693174"><time>2026-08-09T16:18:57Z</time></trkpt><trkpt lat="41.555507991544665" lon="-71.32549911736166"><time>2026-08-09T16:18:58Z</time></trkpt><trkpt lat="41.55548707053683" lon="-71.32548188290546"><time>2026-08-09T16:18:59Z</time></trkpt><trkpt lat="41.55546864221831" lon="-71.32546900035081"><time>2026-08-09T16:19:00Z</time></trkpt><trkpt lat="41.555451528079644" lon="-71.32545227950033"><time>2026-08-09T16:19:01Z</time></trkpt><trkpt lat="41.555432591665856" lon="-71.32543755292443"><time>2026-08-09T16:19:02Z</time></trkpt><trkpt lat="41.5554130927391" lon="-71.32542168360654"><time>2026-08-09T16:19:03Z</time></trkpt><trkpt lat="41.55539485812376" lon="-71.3254076710101"><time>2026-08-09T16:19:04Z</time></trkpt><trkpt lat="41.55537746010739" lon="-71.32538907307982"><time>2026-08-09T16:19:05Z</time></trkpt><trkpt lat="41.55536048755699" lon="-71.32536537803485"><time>2026-08-09T16:19:06Z</time></trkpt><trkpt lat="41.55534834162128" lon="-71.32534237022355"><time>2026-08-09T16:19:07Z</time></trkpt><trkpt lat="41.555335508219095" lon="-71.32531904574816"><time>2026-08-09T16:19:08Z</time></trkpt><trkpt lat="41.55532250392071" lon="-71.32529538630585"><time>2026-08-09T16:19:09Z</time></trkpt><trkpt lat="41.55530759011938" lon="-71.3252693052393"><time>2026-08-09T16:19:10Z</time></trkpt><trkpt lat="41.55529053274628" lon="-71.3252461535861"><time>2026-08-09T16:19:11Z</time></trkpt><trkpt lat="41.55527557167278" lon="-71.3252192947176"><time>2026-08-09T16:19:12Z</time></trkpt><trkpt lat="41.55525841280773" lon="-71.32518889342202"><time>2026-08-09T16:19:13Z</time></trkpt><trkpt lat="41.55524066687582" lon="-71.3251684645437"><time>2026-08-09T16:19:14Z</time></trkpt><trkpt lat="41.55522050967834" lon="-71.32514792896771"><time>2026-08-09T16:19:15Z</time></trkpt><trkpt lat="41.555204695185026" lon="-71.32512221355901"><time>2026-08-09T16:19:16Z</time></trkpt><trkpt lat="41.55518604680092" lon="-71.32509653707811"><time>2026-08-09T16:19:17Z</time></trkpt><trkpt lat="41.55516905632597" lon="-71.3250686680737"><time>2026-08-09T16:19:18Z</time></trkpt><trkpt lat="41.55514742398851" lon="-71.32504525126164"><time>2026-08-09T16:19:19Z</time></trkpt><trkpt lat="41.555127850508896" lon="-71.32501694198298"><time>2026-08-09T16:19:20Z</time></trkpt><trkpt lat="41.555107821449994" lon="-71.32499015452527"><time>2026-08-09T16:19:21Z</time></trkpt><trkpt lat="41.55508725557388" lon="-71.32496318009075"><time>2026-08-09T16:19:22Z</time></trkpt><trkpt lat="41.55506814848439" lon="-71.32493585999732"><time>2026-08-09T16:19:23Z</time></trkpt><trkpt lat="41.555048170956596" lon="-71.32490838689758"><time>2026-08-09T16:19:24Z</time></trkpt><trkpt lat="41.55502773811659" lon="-71.3248790766822"><time>2026-08-09T16:19:25Z</time></trkpt><trkpt lat="41.55500618045024" lon="-71.32485053524694"><time>2026-08-09T16:19:26Z</time></trkpt><trkpt lat="41.554979237336084" lon="-71.32480467114156"><time>2026-08-09T16:19:27Z</time></trkpt><trkpt lat="41.5549666640329" lon="-71.32477985158945"><time>2026-08-09T16:19:28Z</time></trkpt><trkpt lat="41.55494668143145" lon="-71.32475573849044"><time>2026-08-09T16:19:29Z</time></trkpt><trkpt lat="41.554924993016215" lon="-71.32472495260329"><time>2026-08-09T16:19:30Z</time></trkpt><trkpt lat="41.5549014901619" lon="-71.32470152330585"><time>2026-08-09T16:19:31Z</time></trkpt><trkpt lat="41.554886224924914" lon="-71.32466864589283"><time>2026-08-09T16:19:32Z</time></trkpt><trkpt lat="41.55486199187946" lon="-71.32463816858487"><time>2026-08-09T16:19:33Z</time></trkpt><trkpt lat="41.5548404581978" lon="-71.32460774226168"><time>2026-08-09T16:19:34Z</time></trkpt><trkpt lat="41.55481992490175" lon="-71.32457336331429"><time>2026-08-09T16:19:35Z</time></trkpt><trkpt lat="41.554797004256415" lon="-71.32454833384183"><time>2026-08-09T16:19:36Z</time></trkpt><trkpt lat="41.55477633583181" lon="-71.32451505401013"><time>2026-08-09T16:19:37Z</time></trkpt><trkpt lat="41.554751969595955" lon="-71.32448561326514"><time>2026-08-09T16:19:38Z</time></trkpt><trkpt lat="41.55473172868018" lon="-71.32445573106025"><time>2026-08-09T16:19:39Z</time></trkpt><trkpt lat="41.5547096258093" lon="-71.32442568870405"><time>2026-08-09T16:19:40Z</time></trkpt><trkpt lat="41.55468909629361" lon="-71.32438813824638"><time>2026-08-09T16:19:41Z</time></trkpt><trkpt lat="41.55466414576698" lon="-71.3243612983442"><time>2026-08-09T16:19:42Z</time></trkpt><trkpt lat="41.554643135172924" lon="-71.32432995724405"><time>2026-08-09T16:19:43Z</time></trkpt><trkpt lat="41.55462194140647" lon="-71.32429959106733"><time>2026-08-09T16:19:44Z</time></trkpt><trkpt lat="41.554594332735604" lon="-71.32427126116666"><time>2026-08-09T16:19:45Z</time></trkpt><trkpt lat="41.55457355241555" lon="-71.32423990189743"><time>2026-08-09T16:19:46Z</time></trkpt><trkpt lat="41.55455008064835" lon="-71.32420639915256"><time>2026-08-09T16:19:47Z</time></trkpt><trkpt lat="41.55452745242908" lon="-71.32417608422361"><time>2026-08-09T16:19:48Z</time></trkpt><trkpt lat="41.554505102210975" lon="-71.32414477813204"><time>2026-08-09T16:19:49Z</time></trkpt><trkpt lat="41.55448197278935" lon="-71.3241152834266"><time>2026-08-09T16:19:50Z</time></trkpt><trkpt lat="41.554457646561154" lon="-71.32408263590541"><time>2026-08-09T16:19:51Z</time></trkpt><trkpt lat="41.55443499581978" lon="-71.32405008424591"><time>2026-08-09T16:19:52Z</time></trkpt><trkpt lat="41.55441133839707" lon="-71.3240184743912"><time>2026-08-09T16:19:53Z</time></trkpt><trkpt lat="41.5543855177799" lon="-71.32398946953904"><time>2026-08-09T16:19:54Z</time></trkpt><trkpt lat="41.55435963541592" lon="-71.32396042123533"><time>2026-08-09T16:19:55Z</time></trkpt><trkpt lat="41.55433261488317" lon="-71.32393018087653"><time>2026-08-09T16:19:56Z</time></trkpt><trkpt lat="41.55430742749447" lon="-71.3239016588414"><time>2026-08-09T16:19:57Z</time></trkpt><trkpt lat="41.5542831715624" lon="-71.32387113675063"><time>2026-08-09T16:19:58Z</time></trkpt><trkpt lat="41.55425677081933" lon="-71.32384290590753"><time>2026-08-09T16:19:59Z</time></trkpt><trkpt lat="41.55423156097066" lon="-71.32381372766757"><time>2026-08-09T16:20:00Z</time></trkpt><trkpt lat="41.55420581080279" lon="-71.32378342277455"><time>2026-08-09T16:20:01Z</time></trkpt><trkpt lat="41.55418040408801" lon="-71.32375596633125"><time>2026-08-09T16:20:02Z</time></trkpt><trkpt lat="41.554155225692696" lon="-71.32372728568085"><time>2026-08-09T16:20:03Z</time></trkpt><trkpt lat="41.55412963901366" lon="-71.32369978356647"><time>2026-08-09T16:20:04Z</time></trkpt><trkpt lat="41.55410488691218" lon="-71.32367173469409"><time>2026-08-09T16:20:05Z</time></trkpt><trkpt lat="41.554079318375095" lon="-71.32364213942684"><time>2026-08-09T16:20:06Z</time></trkpt><trkpt lat="41.55405389941164" lon="-71.32361398756359"><time>2026-08-09T16:20:07Z</time></trkpt><trkpt lat="41.55402713009232" lon="-71.32358460282873"><time>2026-08-09T16:20:08Z</time></trkpt><trkpt lat="41.55400179748293" lon="-71.32355477551228"><time>2026-08-09T16:20:09Z</time></trkpt><trkpt lat="41.55397486352647" lon="-71.32352651833823"><time>2026-08-09T16:20:10Z</time></trkpt><trkpt lat="41.5539476944893" lon="-71.32349810087494"><time>2026-08-09T16:20:11Z</time></trkpt><trkpt lat="41.55392189321487" lon="-71.32346927632246"><time>2026-08-09T16:20:12Z</time></trkpt><trkpt lat="41.553895586996845" lon="-71.3234426973932"><time>2026-08-09T16:20:13Z</time></trkpt><trkpt lat="41.55386833254057" lon="-71.32341387017782"><time>2026-08-09T16:20:14Z</time></trkpt><trkpt lat="41.55384341770362" lon="-71.32338390621575"><time>2026-08-09T16:20:15Z</time></trkpt><trkpt lat="41.55381677117749" lon="-71.3233547603648"><time>2026-08-09T16:20:16Z</time></trkpt><trkpt lat="41.55379001934494" lon="-71.32332742054126"><time>2026-08-09T16:20:17Z</time></trkpt><trkpt lat="41.55376376169728" lon="-71.32329797558741"><time>2026-08-09T16:20:18Z</time></trkpt><trkpt lat="41.55373626148257" lon="-71.32326964111823"><time>2026-08-09T16:20:19Z</time></trkpt><trkpt lat="41.55370940370672" lon="-71.32324102318782"><time>2026-08-09T16:20:20Z</time></trkpt><trkpt lat="41.55368302453377" lon="-71.32321134652591"><time>2026-08-09T16:20:21Z</time></trkpt><trkpt lat="41.55365546265875" lon="-71.32318515999285"><time>2026-08-09T16:20:22Z</time></trkpt><trkpt lat="41.55362845725957" lon="-71.32315709447997"><time>2026-08-09T16:20:23Z</time></trkpt><trkpt lat="41.5536005673825" lon="-71.32312870653162"><time>2026-08-09T16:20:24Z</time></trkpt><trkpt lat="41.553573391588586" lon="-71.32309592231157"><time>2026-08-09T16:20:25Z</time></trkpt><trkpt lat="41.55354487124538" lon="-71.32307253149489"><time>2026-08-09T16:20:26Z</time></trkpt><trkpt lat="41.55351774023765" lon="-71.32305114398648"><time>2026-08-09T16:20:27Z</time></trkpt><trkpt lat="41.553489443907786" lon="-71.32302301497496"><time>2026-08-09T16:20:28Z</time></trkpt><trkpt lat="41.553463821438456" lon="-71.32299516299237"><time>2026-08-09T16:20:29Z</time></trkpt><trkpt lat="41.55343748327499" lon="-71.32296857603629"><time>2026-08-09T16:20:30Z</time></trkpt><trkpt lat="41.55341018943966" lon="-71.32294190978233"><time>2026-08-09T16:20:31Z</time></trkpt><trkpt lat="41.553381978961966" lon="-71.32291502809304"><time>2026-08-09T16:20:32Z</time></trkpt><trkpt lat="41.55335615298136" lon="-71.3228887052898"><time>2026-08-09T16:20:33Z</time></trkpt><trkpt lat="41.55333009125339" lon="-71.32285983269239"><time>2026-08-09T16:20:34Z</time></trkpt><trkpt lat="41.553304338978265" lon="-71.32283168212157"><time>2026-08-09T16:20:35Z</time></trkpt><trkpt lat="41.55327898598548" lon="-71.32280436149634"><time>2026-08-09T16:20:36Z</time></trkpt><trkpt lat="41.55325382055441" lon="-71.3227761713753"><time>2026-08-09T16:20:37Z</time></trkpt><trkpt lat="41.55322876174649" lon="-71.32274874960488"><time>2026-08-09T16:20:38Z</time></trkpt><trkpt lat="41.553202945919814" lon="-71.32272071241528"><time>2026-08-09T16:20:39Z</time></trkpt><trkpt lat="41.553178508532646" lon="-71.32269179700495"><time>2026-08-09T16:20:40Z</time></trkpt><trkpt lat="41.55315687164731" lon="-71.3226573798025"><time>2026-08-09T16:20:41Z</time></trkpt><trkpt lat="41.55313528041338" lon="-71.32263175712964"><time>2026-08-09T16:20:42Z</time></trkpt><trkpt lat="41.55310802263343" lon="-71.32260092768924"><time>2026-08-09T16:20:43Z</time></trkpt><trkpt lat="41.55308003807194" lon="-71.32257480930599"><time>2026-08-09T16:20:44Z</time></trkpt><trkpt lat="41.553054437243" lon="-71.32254885477572"><time>2026-08-09T16:20:45Z</time></trkpt><trkpt lat="41.55302965217912" lon="-71.32252811860658"><time>2026-08-09T16:20:46Z</time></trkpt><trkpt lat="41.55300138943667" lon="-71.32249776242618"><time>2026-08-09T16:20:47Z</time></trkpt><trkpt lat="41.552966579575454" lon="-71.32246578115826"><time>2026-08-09T16:20:48Z</time></trkpt><trkpt lat="41.55293984297907" lon="-71.3224503406071"><time>2026-08-09T16:20:49Z</time></trkpt><trkpt lat="41.55291128346525" lon="-71.3224257595163"><time>2026-08-09T16:20:50Z</time></trkpt><trkpt lat="41.55288405810124" lon="-71.32239756856296"><time>2026-08-09T16:20:51Z</time></trkpt><trkpt lat="41.5528570969903" lon="-71.3223728894274"><time>2026-08-09T16:20:52Z</time></trkpt><trkpt lat="41.55283048064764" lon="-71.32234891923481"><time>2026-08-09T16:20:53Z</time></trkpt><trkpt lat="41.55280307143342" lon="-71.32232532088784"><time>2026-08-09T16:20:54Z</time></trkpt><trkpt lat="41.55277720544518" lon="-71.3223008410844"><time>2026-08-09T16:20:55Z</time></trkpt><trkpt lat="41.55275138838857" lon="-71.32227363537126"><time>2026-08-09T16:20:56Z</time></trkpt><trkpt lat="41.5527264457372" lon="-71.32224531309652"><time>2026-08-09T16:20:57Z</time></trkpt><trkpt lat="41.5527000395679" lon="-71.32221894498763"><time>2026-08-09T16:20:58Z</time></trkpt><trkpt lat="41.55267412718029" lon="-71.32219204803532"><time>2026-08-09T16:20:59Z</time></trkpt><trkpt lat="41.552646145119624" lon="-71.3221667147003"><time>2026-08-09T16:21:00Z</time></trkpt><trkpt lat="41.55261863300789" lon="-71.3221391914447"><time>2026-08-09T16:21:01Z</time></trkpt><trkpt lat="41.55259134216805" lon="-71.32211086791978"><time>2026-08-09T16:21:02Z</time></trkpt><trkpt lat="41.55256299879155" lon="-71.32208768054544"><time>2026-08-09T16:21:03Z</time></trkpt><trkpt lat="41.55253570755079" lon="-71.3220620443008"><time>2026-08-09T16:21:04Z</time></trkpt><trkpt lat="41.55250904755727" lon="-71.32203569515713"><time>2026-08-09T16:21:05Z</time></trkpt><trkpt lat="41.552481738075585" lon="-71.32200891313525"><time>2026-08-09T16:21:06Z</time></trkpt><trkpt lat="41.55245553900975" lon="-71.32198293967157"><time>2026-08-09T16:21:07Z</time></trkpt><trkpt lat="41.55242765752231" lon="-71.32195573790068"><time>2026-08-09T16:21:08Z</time></trkpt><trkpt lat="41.552399736466306" lon="-71.32193056855134"><time>2026-08-09T16:21:09Z</time></trkpt><trkpt lat="41.55237227092481" lon="-71.32190375048155"><time>2026-08-09T16:21:10Z</time></trkpt><trkpt lat="41.552345687871224" lon="-71.32187540399944"><time>2026-08-09T16:21:11Z</time></trkpt><trkpt lat="41.552317838246154" lon="-71.32184841173755"><time>2026-08-09T16:21:12Z</time></trkpt><trkpt lat="41.55229030215769" lon="-71.32182225221806"><time>2026-08-09T16:21:13Z</time></trkpt><trkpt lat="41.552262317577046" lon="-71.32179939491405"><time>2026-08-09T16:21:14Z</time></trkpt><trkpt lat="41.552235048687336" lon="-71.32177304082101"><time>2026-08-09T16:21:15Z</time></trkpt><trkpt lat="41.552208226069496" lon="-71.3217457538121"><time>2026-08-09T16:21:16Z</time></trkpt><trkpt lat="41.55218188302429" lon="-71.32171873269554"><time>2026-08-09T16:21:17Z</time></trkpt><trkpt lat="41.55215267870478" lon="-71.32169316556794"><time>2026-08-09T16:21:18Z</time></trkpt><trkpt lat="41.55212346604983" lon="-71.32166584685069"><time>2026-08-09T16:21:19Z</time></trkpt><trkpt lat="41.55209368275992" lon="-71.32164014720239"><time>2026-08-09T16:21:20Z</time></trkpt><trkpt lat="41.552063102500014" lon="-71.32161552370698"><time>2026-08-09T16:21:21Z</time></trkpt><trkpt lat="41.55203252732613" lon="-71.32159257757439"><time>2026-08-09T16:21:22Z</time></trkpt><trkpt lat="41.55200346738326" lon="-71.32156895624928"><time>2026-08-09T16:21:23Z</time></trkpt><trkpt lat="41.55197394232939" lon="-71.32154453070616"><time>2026-08-09T16:21:24Z</time></trkpt><trkpt lat="41.551943608296675" lon="-71.32151896244945"><time>2026-08-09T16:21:25Z</time></trkpt><trkpt lat="41.55191264738304" lon="-71.32149488482234"><time>2026-08-09T16:21:26Z</time></trkpt><trkpt lat="41.551883041736744" lon="-71.32147144210701"><time>2026-08-09T16:21:27Z</time></trkpt><trkpt lat="41.5518515335814" lon="-71.32145088315198"><time>2026-08-09T16:21:28Z</time></trkpt><trkpt lat="41.55182017015615" lon="-71.32142894585668"><time>2026-08-09T16:21:29Z</time></trkpt><trkpt lat="41.55178859225528" lon="-71.32140745048255"><time>2026-08-09T16:21:30Z</time></trkpt><trkpt lat="41.55175974073429" lon="-71.32138321886735"><time>2026-08-09T16:21:31Z</time></trkpt><trkpt lat="41.551723996142364" lon="-71.32136602327215"><time>2026-08-09T16:21:32Z</time></trkpt><trkpt lat="41.55169398449675" lon="-71.32134399796163"><time>2026-08-09T16:21:33Z</time></trkpt><trkpt lat="41.55166100830471" lon="-71.32132366267042"><time>2026-08-09T16:21:34Z</time></trkpt><trkpt lat="41.551629613329744" lon="-71.32130534705514"><time>2026-08-09T16:21:35Z</time></trkpt><trkpt lat="41.55159827473351" lon="-71.32128718251835"><time>2026-08-09T16:21:36Z</time></trkpt><trkpt lat="41.55156740363714" lon="-71.32127025913167"><time>2026-08-09T16:21:37Z</time></trkpt><trkpt lat="41.55153541625925" lon="-71.32124847139582"><time>2026-08-09T16:21:38Z</time></trkpt><trkpt lat="41.55150549356031" lon="-71.32122677731853"><time>2026-08-09T16:21:39Z</time></trkpt><trkpt lat="41.551472981226695" lon="-71.32120567886683"><time>2026-08-09T16:21:40Z</time></trkpt><trkpt lat="41.551441065252575" lon="-71.3211871120829"><time>2026-08-09T16:21:41Z</time></trkpt><trkpt lat="41.551410734253984" lon="-71.32116793157492"><time>2026-08-09T16:21:42Z</time></trkpt><trkpt lat="41.55137912361207" lon="-71.32114808273272"><time>2026-08-09T16:21:43Z</time></trkpt><trkpt lat="41.55134988602515" lon="-71.32113076540888"><time>2026-08-09T16:21:44Z</time></trkpt><trkpt lat="41.55131762099748" lon="-71.32111076767852"><time>2026-08-09T16:21:45Z</time></trkpt><trkpt lat="41.55128587719592" lon="-71.32109211421104"><time>2026-08-09T16:21:46Z</time></trkpt><trkpt lat="41.55125518111239" lon="-71.32107298780934"><time>2026-08-09T16:21:47Z</time></trkpt><trkpt lat="41.55122421641772" lon="-71.32105337690494"><time>2026-08-09T16:21:48Z</time></trkpt><trkpt lat="41.55119343467655" lon="-71.32103513873948"><time>2026-08-09T16:21:49Z</time></trkpt><trkpt lat="41.55116376985144" lon="-71.32101432421885"><time>2026-08-09T16:21:50Z</time></trkpt><trkpt lat="41.55113399995351" lon="-71.32099148832577"><time>2026-08-09T16:21:51Z</time></trkpt><trkpt lat="41.55110276127261" lon="-71.32097329524983"><time>2026-08-09T16:21:52Z</time></trkpt><trkpt lat="41.55107313026449" lon="-71.32095657976106"><time>2026-08-09T16:21:53Z</time></trkpt><trkpt lat="41.55104245671626" lon="-71.32093598742911"><time>2026-08-09T16:21:54Z</time></trkpt><trkpt lat="41.55101141643045" lon="-71.32091711347681"><time>2026-08-09T16:21:55Z</time></trkpt><trkpt lat="41.55098059189582" lon="-71.3208985508284"><time>2026-08-09T16:21:56Z</time></trkpt><trkpt lat="41.5509509022654" lon="-71.32087694834694"><time>2026-08-09T16:21:57Z</time></trkpt><trkpt lat="41.550920389417485" lon="-71.32085746815176"><time>2026-08-09T16:21:58Z</time></trkpt><trkpt lat="41.55089005271673" lon="-71.32083676918643"><time>2026-08-09T16:21:59Z</time></trkpt><trkpt lat="41.55085954304979" lon="-71.3208181004023"><time>2026-08-09T16:22:00Z</time></trkpt><trkpt lat="41.55082944083536" lon="-71.32079994287923"><time>2026-08-09T16:22:01Z</time></trkpt><trkpt lat="41.55079970988455" lon="-71.3207780530975"><time>2026-08-09T16:22:02Z</time></trkpt><trkpt lat="41.55076946185123" lon="-71.32075878254392"><time>2026-08-09T16:22:03Z</time></trkpt><trkpt lat="41.550738494513155" lon="-71.32074119106997"><time>2026-08-09T16:22:04Z</time></trkpt><trkpt lat="41.55070702806042" lon="-71.32072618637153"><time>2026-08-09T16:22:05Z</time></trkpt><trkpt lat="41.550675895775335" lon="-71.32070909395051"><time>2026-08-09T16:22:06Z</time></trkpt><trkpt lat="41.5506453112232" lon="-71.32069176765614"><time>2026-08-09T16:22:07Z</time></trkpt><trkpt lat="41.55061509028692" lon="-71.32067395844236"><time>2026-08-09T16:22:08Z</time></trkpt><trkpt lat="41.55058507374414" lon="-71.32065785323611"><time>2026-08-09T16:22:09Z</time></trkpt><trkpt lat="41.55055442096088" lon="-71.32064100944726"><time>2026-08-09T16:22:10Z</time></trkpt><trkpt lat="41.550524521445666" lon="-71.32062122902424"><time>2026-08-09T16:22:11Z</time></trkpt><trkpt lat="41.55049542759869" lon="-71.32060225336642"><time>2026-08-09T16:22:12Z</time></trkpt><trkpt lat="41.5504656873264" lon="-71.3205832808744"><time>2026-08-09T16:22:13Z</time></trkpt><trkpt lat="41.55043722443739" lon="-71.3205637728842"><time>2026-08-09T16:22:14Z</time></trkpt><trkpt lat="41.55040844706981" lon="-71.32054535442718"><time>2026-08-09T16:22:15Z</time></trkpt><trkpt lat="41.55037949163625" lon="-71.32052806063655"><time>2026-08-09T16:22:16Z</time></trkpt><trkpt lat="41.55034811357008" lon="-71.32051200997691"><time>2026-08-09T16:22:17Z</time></trkpt><trkpt lat="41.55032022144008" lon="-71.32049335296838"><time>2026-08-09T16:22:18Z</time></trkpt><trkpt lat="41.55029098496313" lon="-71.3204754533545"><time>2026-08-09T16:22:19Z</time></trkpt><trkpt lat="41.550263177897904" lon="-71.32046023714511"><time>2026-08-09T16:22:20Z</time></trkpt><trkpt lat="41.55023316895191" lon="-71.32044339931002"><time>2026-08-09T16:22:21Z</time></trkpt><trkpt lat="41.55020575446997" lon="-71.32042575103699"><time>2026-08-09T16:22:22Z</time></trkpt><trkpt lat="41.55017459878072" lon="-71.32041231244739"><time>2026-08-09T16:22:23Z</time></trkpt><trkpt lat="41.550145634156394" lon="-71.32039508975949"><time>2026-08-09T16:22:24Z</time></trkpt><trkpt lat="41.55011676766752" lon="-71.32037618215992"><time>2026-08-09T16:22:25Z</time></trkpt><trkpt lat="41.550087801811024" lon="-71.32035299719368"><time>2026-08-09T16:22:26Z</time></trkpt><trkpt lat="41.55006661619967" lon="-71.3203291959046"><time>2026-08-09T16:22:27Z</time></trkpt><trkpt lat="41.55003744807603" lon="-71.32030979972491"><time>2026-08-09T16:22:28Z</time></trkpt><trkpt lat="41.55000943549748" lon="-71.32028916311333"><time>2026-08-09T16:22:29Z</time></trkpt><trkpt lat="41.549984372323586" lon="-71.32026905560558"><time>2026-08-09T16:22:30Z</time></trkpt><trkpt lat="41.54995695922394" lon="-71.32025096581418"><time>2026-08-09T16:22:31Z</time></trkpt><trkpt lat="41.54992996397532" lon="-71.32023695173207"><time>2026-08-09T16:22:32Z</time></trkpt><trkpt lat="41.549891644502324" lon="-71.32024334020885"><time>2026-08-09T16:22:33Z</time></trkpt><trkpt lat="41.54986331065988" lon="-71.3202465059879"><time>2026-08-09T16:22:34Z</time></trkpt><trkpt lat="41.54982836989868" lon="-71.3202691287362"><time>2026-08-09T16:22:36Z</time></trkpt><trkpt lat="41.54980770008589" lon="-71.32028229330189"><time>2026-08-09T16:22:37Z</time></trkpt><trkpt lat="41.549778621528795" lon="-71.32028677765496"><time>2026-08-09T16:22:38Z</time></trkpt><trkpt lat="41.54976482095975" lon="-71.32031059280695"><time>2026-08-09T16:22:39Z</time></trkpt><trkpt lat="41.549752547051256" lon="-71.32034112854699"><time>2026-08-09T16:22:40Z</time></trkpt><trkpt lat="41.5497475629206" lon="-71.32036545884733"><time>2026-08-09T16:22:41Z</time></trkpt><trkpt lat="41.54973395477697" lon="-71.32039573343884"><time>2026-08-09T16:22:42Z</time></trkpt><trkpt lat="41.549723644229644" lon="-71.32042788537612"><time>2026-08-09T16:22:43Z</time></trkpt><trkpt lat="41.5497155513363" lon="-71.32045303313923"><time>2026-08-09T16:22:44Z</time></trkpt><trkpt lat="41.54970016065361" lon="-71.32048491950344"><time>2026-08-09T16:22:45Z</time></trkpt><trkpt lat="41.54967955094948" lon="-71.3205132002579"><time>2026-08-09T16:22:46Z</time></trkpt><trkpt lat="41.549665110382215" lon="-71.32053093365292"><time>2026-08-09T16:22:47Z</time></trkpt><trkpt lat="41.5496541681725" lon="-71.32055897453506"><time>2026-08-09T16:22:48Z</time></trkpt><trkpt lat="41.549635943885406" lon="-71.32058140058334"><time>2026-08-09T16:22:49Z</time></trkpt><trkpt lat="41.549614888382884" lon="-71.32062830848288"><time>2026-08-09T16:22:51Z</time></trkpt><trkpt lat="41.54960297539851" lon="-71.32065503095458"><time>2026-08-09T16:22:52Z</time></trkpt><trkpt lat="41.549590635786366" lon="-71.32068980584447"><time>2026-08-09T16:22:53Z</time></trkpt><trkpt lat="41.54956228688385" lon="-71.32073241184806"><time>2026-08-09T16:22:55Z</time></trkpt><trkpt lat="41.549540002789435" lon="-71.3207495595041"><time>2026-08-09T16:22:56Z</time></trkpt><trkpt lat="41.549505072453" lon="-71.3207689552191"><time>2026-08-09T16:22:58Z</time></trkpt><trkpt lat="41.54946994875193" lon="-71.32078912657681"><time>2026-08-09T16:23:00Z</time></trkpt><trkpt lat="41.549453720500594" lon="-71.32080269621065"><time>2026-08-09T16:23:01Z</time></trkpt><trkpt lat="41.549424334170325" lon="-71.32083734761508"><time>2026-08-09T16:23:03Z</time></trkpt><trkpt lat="41.54941362035316" lon="-71.32085975634712"><time>2026-08-09T16:23:04Z</time></trkpt><trkpt lat="41.54940203470224" lon="-71.32087998543314"><time>2026-08-09T16:23:05Z</time></trkpt><trkpt lat="41.549388248499724" lon="-71.3208984713995"><time>2026-08-09T16:23:06Z</time></trkpt><trkpt lat="41.54937549606982" lon="-71.3209209554216"><time>2026-08-09T16:23:07Z</time></trkpt><trkpt lat="41.54936349183953" lon="-71.32094277866108"><time>2026-08-09T16:23:08Z</time></trkpt><trkpt lat="41.549352467125125" lon="-71.32096773182722"><time>2026-08-09T16:23:09Z</time></trkpt><trkpt lat="41.54934174850741" lon="-71.32099158094671"><time>2026-08-09T16:23:10Z</time></trkpt><trkpt lat="41.549329534235504" lon="-71.32101723553022"><time>2026-08-09T16:23:11Z</time></trkpt><trkpt lat="41.549318160727346" lon="-71.3210430689894"><time>2026-08-09T16:23:12Z</time></trkpt><trkpt lat="41.54930554144461" lon="-71.32106917975898"><time>2026-08-09T16:23:13Z</time></trkpt><trkpt lat="41.549294003149214" lon="-71.32109575735701"><time>2026-08-09T16:23:14Z</time></trkpt><trkpt lat="41.549282122422774" lon="-71.32112221272729"><time>2026-08-09T16:23:15Z</time></trkpt><trkpt lat="41.54926907865538" lon="-71.32115052611817"><time>2026-08-09T16:23:16Z</time></trkpt><trkpt lat="41.54925573722503" lon="-71.32117845852869"><time>2026-08-09T16:23:17Z</time></trkpt><trkpt lat="41.549243323849296" lon="-71.32120651741103"><time>2026-08-09T16:23:18Z</time></trkpt><trkpt lat="41.54923068882855" lon="-71.32123684374888"><time>2026-08-09T16:23:19Z</time></trkpt><trkpt lat="41.54921911870351" lon="-71.32126907450558"><time>2026-08-09T16:23:20Z</time></trkpt><trkpt lat="41.54920533058385" lon="-71.32129960304256"><time>2026-08-09T16:23:21Z</time></trkpt><trkpt lat="41.549193728654004" lon="-71.32133168511167"><time>2026-08-09T16:23:22Z</time></trkpt><trkpt lat="41.54918191052641" lon="-71.32136307235565"><time>2026-08-09T16:23:23Z</time></trkpt><trkpt lat="41.54916837278097" lon="-71.3213944861786"><time>2026-08-09T16:23:24Z</time></trkpt><trkpt lat="41.549154158225434" lon="-71.32142762040999"><time>2026-08-09T16:23:25Z</time></trkpt><trkpt lat="41.54914124404975" lon="-71.32146085771228"><time>2026-08-09T16:23:26Z</time></trkpt><trkpt lat="41.54912774073945" lon="-71.32149412249125"><time>2026-08-09T16:23:27Z</time></trkpt><trkpt lat="41.54911434825416" lon="-71.32152755839063"><time>2026-08-09T16:23:28Z</time></trkpt><trkpt lat="41.549096943598485" lon="-71.32155880775879"><time>2026-08-09T16:23:29Z</time></trkpt><trkpt lat="41.54907862594565" lon="-71.32159445602473"><time>2026-08-09T16:23:30Z</time></trkpt><trkpt lat="41.54906206730992" lon="-71.32162640314952"><time>2026-08-09T16:23:31Z</time></trkpt><trkpt lat="41.54905162707693" lon="-71.32166156743439"><time>2026-08-09T16:23:32Z</time></trkpt><trkpt lat="41.549042307871794" lon="-71.32169528559287"><time>2026-08-09T16:23:33Z</time></trkpt><trkpt lat="41.549027427564916" lon="-71.32173334937782"><time>2026-08-09T16:23:34Z</time></trkpt><trkpt lat="41.549013508768944" lon="-71.32177067909117"><time>2026-08-09T16:23:35Z</time></trkpt><trkpt lat="41.54900078697071" lon="-71.32180710239042"><time>2026-08-09T16:23:36Z</time></trkpt><trkpt lat="41.54899141524527" lon="-71.32183684551536"><time>2026-08-09T16:23:37Z</time></trkpt><trkpt lat="41.548975882186426" lon="-71.32187992004447"><time>2026-08-09T16:23:38Z</time></trkpt><trkpt lat="41.54896191900242" lon="-71.3219183016162"><time>2026-08-09T16:23:39Z</time></trkpt><trkpt lat="41.54894644099498" lon="-71.32195312723819"><time>2026-08-09T16:23:40Z</time></trkpt><trkpt lat="41.54892985258044" lon="-71.32199124436026"><time>2026-08-09T16:23:41Z</time></trkpt><trkpt lat="41.54891389923312" lon="-71.32202786996397"><time>2026-08-09T16:23:42Z</time></trkpt><trkpt lat="41.54889989475138" lon="-71.32206353373753"><time>2026-08-09T16:23:43Z</time></trkpt><trkpt lat="41.548883595296736" lon="-71.32210621290369"><time>2026-08-09T16:23:44Z</time></trkpt><trkpt lat="41.54886899325176" lon="-71.32214159942961"><time>2026-08-09T16:23:45Z</time></trkpt><trkpt lat="41.54885188324461" lon="-71.32217682852442"><time>2026-08-09T16:23:46Z</time></trkpt><trkpt lat="41.54883624706913" lon="-71.32221292889248"><time>2026-08-09T16:23:47Z</time></trkpt><trkpt lat="41.548818154576175" lon="-71.32224933008699"><time>2026-08-09T16:23:48Z</time></trkpt><trkpt lat="41.5488002231423" lon="-71.32228410466213"><time>2026-08-09T16:23:49Z</time></trkpt><trkpt lat="41.54878720816194" lon="-71.32232320306267"><time>2026-08-09T16:23:50Z</time></trkpt><trkpt lat="41.54876927787356" lon="-71.3223603460836"><time>2026-08-09T16:23:51Z</time></trkpt><trkpt lat="41.54875273810821" lon="-71.32239751594028"><time>2026-08-09T16:23:52Z</time></trkpt><trkpt lat="41.548737304534924" lon="-71.32243552911586"><time>2026-08-09T16:23:53Z</time></trkpt><trkpt lat="41.54872062274425" lon="-71.32247310970031"><time>2026-08-09T16:23:54Z</time></trkpt><trkpt lat="41.54870513715001" lon="-71.32251023331057"><time>2026-08-09T16:23:55Z</time></trkpt><trkpt lat="41.548687819975235" lon="-71.32254829926704"><time>2026-08-09T16:23:56Z</time></trkpt><trkpt lat="41.54866881833666" lon="-71.32258551170172"><time>2026-08-09T16:23:57Z</time></trkpt><trkpt lat="41.5486511093172" lon="-71.32262189920017"><time>2026-08-09T16:23:58Z</time></trkpt><trkpt lat="41.54863375497751" lon="-71.32265989235816"><time>2026-08-09T16:23:59Z</time></trkpt><trkpt lat="41.548616146794146" lon="-71.32269830481715"><time>2026-08-09T16:24:00Z</time></trkpt><trkpt lat="41.54859770738961" lon="-71.32273489563161"><time>2026-08-09T16:24:01Z</time></trkpt><trkpt lat="41.548579397118594" lon="-71.32277269746623"><time>2026-08-09T16:24:02Z</time></trkpt><trkpt lat="41.54856013483292" lon="-71.32281002382416"><time>2026-08-09T16:24:03Z</time></trkpt><trkpt lat="41.5485416044635" lon="-71.32284688724195"><time>2026-08-09T16:24:04Z</time></trkpt><trkpt lat="41.548521533225696" lon="-71.32288334457957"><time>2026-08-09T16:24:05Z</time></trkpt><trkpt lat="41.548502604421174" lon="-71.32291927702292"><time>2026-08-09T16:24:06Z</time></trkpt><trkpt lat="41.54848137856147" lon="-71.32295577485174"><time>2026-08-09T16:24:07Z</time></trkpt><trkpt lat="41.54846312934286" lon="-71.3229906920685"><time>2026-08-09T16:24:08Z</time></trkpt><trkpt lat="41.54844425397508" lon="-71.3230266670877"><time>2026-08-09T16:24:09Z</time></trkpt><trkpt lat="41.54842485593939" lon="-71.32306165639886"><time>2026-08-09T16:24:10Z</time></trkpt><trkpt lat="41.54840650047301" lon="-71.32309550859361"><time>2026-08-09T16:24:11Z</time></trkpt><trkpt lat="41.54838717576852" lon="-71.32313278963639"><time>2026-08-09T16:24:12Z</time></trkpt><trkpt lat="41.548366459964264" lon="-71.32317061514142"><time>2026-08-09T16:24:13Z</time></trkpt><trkpt lat="41.54834795784147" lon="-71.32320683633776"><time>2026-08-09T16:24:14Z</time></trkpt><trkpt lat="41.54832798850424" lon="-71.32324400654622"><time>2026-08-09T16:24:15Z</time></trkpt><trkpt lat="41.54830820039139" lon="-71.32328177043487"><time>2026-08-09T16:24:16Z</time></trkpt><trkpt lat="41.54828570360872" lon="-71.3233145019608"><time>2026-08-09T16:24:17Z</time></trkpt><trkpt lat="41.548264654594746" lon="-71.32335185623162"><time>2026-08-09T16:24:18Z</time></trkpt><trkpt lat="41.548245659777166" lon="-71.32338790486156"><time>2026-08-09T16:24:19Z</time></trkpt><trkpt lat="41.54822534823421" lon="-71.32342609763033"><time>2026-08-09T16:24:20Z</time></trkpt><trkpt lat="41.548206496106516" lon="-71.3234618811186"><time>2026-08-09T16:24:21Z</time></trkpt><trkpt lat="41.54818593013856" lon="-71.3234992208368"><time>2026-08-09T16:24:22Z</time></trkpt><trkpt lat="41.548165379417185" lon="-71.32353361369674"><time>2026-08-09T16:24:23Z</time></trkpt><trkpt lat="41.548143491033294" lon="-71.32356719136479"><time>2026-08-09T16:24:24Z</time></trkpt><trkpt lat="41.54812260349028" lon="-71.32360043869356"><time>2026-08-09T16:24:25Z</time></trkpt><trkpt lat="41.548099537764884" lon="-71.32363619035206"><time>2026-08-09T16:24:26Z</time></trkpt><trkpt lat="41.54807987382835" lon="-71.32366888830265"><time>2026-08-09T16:24:27Z</time></trkpt><trkpt lat="41.54805831946644" lon="-71.32370403229109"><time>2026-08-09T16:24:28Z</time></trkpt><trkpt lat="41.5480393444893" lon="-71.32374105021304"><time>2026-08-09T16:24:29Z</time></trkpt><trkpt lat="41.548013699164805" lon="-71.32377577191916"><time>2026-08-09T16:24:30Z</time></trkpt><trkpt lat="41.54799491759318" lon="-71.32381016255731"><time>2026-08-09T16:24:31Z</time></trkpt><trkpt lat="41.54797224543692" lon="-71.32384740449358"><time>2026-08-09T16:24:32Z</time></trkpt><trkpt lat="41.54795014030568" lon="-71.32388092664799"><time>2026-08-09T16:24:33Z</time></trkpt><trkpt lat="41.547927624340936" lon="-71.32391646436713"><time>2026-08-09T16:24:34Z</time></trkpt><trkpt lat="41.54790498568511" lon="-71.32394929799791"><time>2026-08-09T16:24:35Z</time></trkpt><trkpt lat="41.547883166011104" lon="-71.32398385253434"><time>2026-08-09T16:24:36Z</time></trkpt><trkpt lat="41.54786132865551" lon="-71.32401921865507"><time>2026-08-09T16:24:37Z</time></trkpt><trkpt lat="41.54783546609398" lon="-71.32405213848867"><time>2026-08-09T16:24:38Z</time></trkpt><trkpt lat="41.5478134526756" lon="-71.32408511591197"><time>2026-08-09T16:24:39Z</time></trkpt><trkpt lat="41.54778849381097" lon="-71.32411801226723"><time>2026-08-09T16:24:40Z</time></trkpt><trkpt lat="41.5477654598307" lon="-71.32414974994728"><time>2026-08-09T16:24:41Z</time></trkpt><trkpt lat="41.54774242176576" lon="-71.3241854486859"><time>2026-08-09T16:24:42Z</time></trkpt><trkpt lat="41.54771909605524" lon="-71.32421929607058"><time>2026-08-09T16:24:43Z</time></trkpt><trkpt lat="41.54769539196464" lon="-71.32425412988762"><time>2026-08-09T16:24:44Z</time></trkpt><trkpt lat="41.5476717463462" lon="-71.32428627666849"><time>2026-08-09T16:24:45Z</time></trkpt><trkpt lat="41.547650394178596" lon="-71.32432216601366"><time>2026-08-09T16:24:46Z</time></trkpt><trkpt lat="41.54762613760895" lon="-71.32435229773337"><time>2026-08-09T16:24:47Z</time></trkpt><trkpt lat="41.547603922148575" lon="-71.32438723254312"><time>2026-08-09T16:24:48Z</time></trkpt><trkpt lat="41.54758240632969" lon="-71.32442123279633"><time>2026-08-09T16:24:49Z</time></trkpt><trkpt lat="41.547563382156554" lon="-71.32445439452107"><time>2026-08-09T16:24:50Z</time></trkpt><trkpt lat="41.54753971361292" lon="-71.32449256053876"><time>2026-08-09T16:24:51Z</time></trkpt><trkpt lat="41.54751693846703" lon="-71.32452504171202"><time>2026-08-09T16:24:52Z</time></trkpt><trkpt lat="41.54750210221987" lon="-71.32455831784515"><time>2026-08-09T16:24:53Z</time></trkpt><trkpt lat="41.54747580904347" lon="-71.32459560918998"><time>2026-08-09T16:24:54Z</time></trkpt><trkpt lat="41.54744971745353" lon="-71.32462883640748"><time>2026-08-09T16:24:55Z</time></trkpt><trkpt lat="41.54742698671748" lon="-71.32466162281987"><time>2026-08-09T16:24:56Z</time></trkpt><trkpt lat="41.547403642939145" lon="-71.32469407076718"><time>2026-08-09T16:24:57Z</time></trkpt><trkpt lat="41.54738127816409" lon="-71.32472990876211"><time>2026-08-09T16:24:58Z</time></trkpt><trkpt lat="41.54735939657424" lon="-71.32476401203085"><time>2026-08-09T16:24:59Z</time></trkpt><trkpt lat="41.54733359965426" lon="-71.32479646546257"><time>2026-08-09T16:25:00Z</time></trkpt><trkpt lat="41.54731156444402" lon="-71.32483366664071"><time>2026-08-09T16:25:01Z</time></trkpt><trkpt lat="41.547284922435225" lon="-71.32486251544728"><time>2026-08-09T16:25:02Z</time></trkpt><trkpt lat="41.54726149135833" lon="-71.32488916893185"><time>2026-08-09T16:25:03Z</time></trkpt><trkpt lat="41.5472378451698" lon="-71.32492401920871"><time>2026-08-09T16:25:04Z</time></trkpt><trkpt lat="41.54721417341962" lon="-71.32495579183355"><time>2026-08-09T16:25:05Z</time></trkpt><trkpt lat="41.54719064853748" lon="-71.32499072921007"><time>2026-08-09T16:25:06Z</time></trkpt><trkpt lat="41.5471678357511" lon="-71.32502222743571"><time>2026-08-09T16:25:07Z</time></trkpt><trkpt lat="41.54714413292773" lon="-71.32505317515319"><time>2026-08-09T16:25:08Z</time></trkpt><trkpt lat="41.54712182817968" lon="-71.32508639710534"><time>2026-08-09T16:25:09Z</time></trkpt><trkpt lat="41.547096723457244" lon="-71.32511584710795"><time>2026-08-09T16:25:10Z</time></trkpt><trkpt lat="41.54707261188247" lon="-71.32514437475506"><time>2026-08-09T16:25:11Z</time></trkpt><trkpt lat="41.54704771103638" lon="-71.32517652735535"><time>2026-08-09T16:25:12Z</time></trkpt><trkpt lat="41.547024711333385" lon="-71.32520601955135"><time>2026-08-09T16:25:13Z</time></trkpt><trkpt lat="41.54700153076397" lon="-71.32523787416424"><time>2026-08-09T16:25:14Z</time></trkpt><trkpt lat="41.546977412924306" lon="-71.32526517573616"><time>2026-08-09T16:25:15Z</time></trkpt><trkpt lat="41.54695249310477" lon="-71.32529532478529"><time>2026-08-09T16:25:16Z</time></trkpt><trkpt lat="41.54693029283526" lon="-71.32532606934404"><time>2026-08-09T16:25:17Z</time></trkpt><trkpt lat="41.54690619839481" lon="-71.32535428818157"><time>2026-08-09T16:25:18Z</time></trkpt><trkpt lat="41.54688287246261" lon="-71.32538284270264"><time>2026-08-09T16:25:19Z</time></trkpt><trkpt lat="41.54685932549397" lon="-71.32541236445314"><time>2026-08-09T16:25:20Z</time></trkpt><trkpt lat="41.546835954928795" lon="-71.32544088626614"><time>2026-08-09T16:25:21Z</time></trkpt><trkpt lat="41.546812222290896" lon="-71.3254683832401"><time>2026-08-09T16:25:22Z</time></trkpt><trkpt lat="41.54678853228249" lon="-71.32549526632465"><time>2026-08-09T16:25:23Z</time></trkpt><trkpt lat="41.546764078528085" lon="-71.32552299791995"><time>2026-08-09T16:25:24Z</time></trkpt><trkpt lat="41.5467400009003" lon="-71.32555041543064"><time>2026-08-09T16:25:25Z</time></trkpt><trkpt lat="41.54671822663295" lon="-71.32558071500202"><time>2026-08-09T16:25:26Z</time></trkpt><trkpt lat="41.54669462884096" lon="-71.3256084700642"><time>2026-08-09T16:25:27Z</time></trkpt><trkpt lat="41.546673076837266" lon="-71.3256336135852"><time>2026-08-09T16:25:28Z</time></trkpt><trkpt lat="41.54664623044087" lon="-71.3256619191473"><time>2026-08-09T16:25:29Z</time></trkpt><trkpt lat="41.546625868396944" lon="-71.32568791329447"><time>2026-08-09T16:25:30Z</time></trkpt><trkpt lat="41.54660175329265" lon="-71.32571944982907"><time>2026-08-09T16:25:31Z</time></trkpt><trkpt lat="41.546577611862766" lon="-71.32574902567899"><time>2026-08-09T16:25:32Z</time></trkpt><trkpt lat="41.54655544915844" lon="-71.32577705561532"><time>2026-08-09T16:25:33Z</time></trkpt><trkpt lat="41.54653209402091" lon="-71.32580644950043"><time>2026-08-09T16:25:34Z</time></trkpt><trkpt lat="41.54650907441849" lon="-71.32583801866866"><time>2026-08-09T16:25:35Z</time></trkpt><trkpt lat="41.54648585191578" lon="-71.32586483754422"><time>2026-08-09T16:25:36Z</time></trkpt><trkpt lat="41.54646151222654" lon="-71.3258927727834"><time>2026-08-09T16:25:37Z</time></trkpt><trkpt lat="41.546438079259495" lon="-71.32592109348505"><time>2026-08-09T16:25:38Z</time></trkpt><trkpt lat="41.5464137972161" lon="-71.32594802514487"><time>2026-08-09T16:25:39Z</time></trkpt><trkpt lat="41.546392280037956" lon="-71.32598056505773"><time>2026-08-09T16:25:40Z</time></trkpt><trkpt lat="41.54637057643949" lon="-71.32601183130528"><time>2026-08-09T16:25:41Z</time></trkpt><trkpt lat="41.54634879521982" lon="-71.32604388850628"><time>2026-08-09T16:25:42Z</time></trkpt><trkpt lat="41.546324744897746" lon="-71.3260720190297"><time>2026-08-09T16:25:43Z</time></trkpt><trkpt lat="41.54630000491985" lon="-71.32610116639964"><time>2026-08-09T16:25:44Z</time></trkpt><trkpt lat="41.54627768927046" lon="-71.32613060473541"><time>2026-08-09T16:25:45Z</time></trkpt><trkpt lat="41.54625331280929" lon="-71.32615993103053"><time>2026-08-09T16:25:46Z</time></trkpt><trkpt lat="41.54623105771083" lon="-71.32618939400211"><time>2026-08-09T16:25:47Z</time></trkpt><trkpt lat="41.54620887303306" lon="-71.3262217701636"><time>2026-08-09T16:25:48Z</time></trkpt><trkpt lat="41.54618357376388" lon="-71.32624985250655"><time>2026-08-09T16:25:49Z</time></trkpt><trkpt lat="41.54615790363782" lon="-71.32628022319318"><time>2026-08-09T16:25:50Z</time></trkpt><trkpt lat="41.546134046455094" lon="-71.3263106174677"><time>2026-08-09T16:25:51Z</time></trkpt><trkpt lat="41.54611272910915" lon="-71.32634371930915"><time>2026-08-09T16:25:52Z</time></trkpt><trkpt lat="41.54608917857339" lon="-71.32637547053962"><time>2026-08-09T16:25:53Z</time></trkpt><trkpt lat="41.54606396679185" lon="-71.32640410650927"><time>2026-08-09T16:25:54Z</time></trkpt><trkpt lat="41.54603949236355" lon="-71.3264350643205"><time>2026-08-09T16:25:55Z</time></trkpt><trkpt lat="41.546015358606866" lon="-71.32646549916028"><time>2026-08-09T16:25:56Z</time></trkpt><trkpt lat="41.54599267232736" lon="-71.32649754015091"><time>2026-08-09T16:25:57Z</time></trkpt><trkpt lat="41.54596832681085" lon="-71.32652899331616"><time>2026-08-09T16:25:58Z</time></trkpt><trkpt lat="41.545942359198385" lon="-71.32655815532135"><time>2026-08-09T16:25:59Z</time></trkpt><trkpt lat="41.54591713929413" lon="-71.32658788345165"><time>2026-08-09T16:26:00Z</time></trkpt><trkpt lat="41.54589158830732" lon="-71.32661934185987"><time>2026-08-09T16:26:01Z</time></trkpt><trkpt lat="41.54586517352167" lon="-71.32665034307355"><time>2026-08-09T16:26:02Z</time></trkpt><trkpt lat="41.54583947701079" lon="-71.32668010560167"><time>2026-08-09T16:26:03Z</time></trkpt><trkpt lat="41.545813540434" lon="-71.32670932126496"><time>2026-08-09T16:26:04Z</time></trkpt><trkpt lat="41.54578821291854" lon="-71.32673921445013"><time>2026-08-09T16:26:05Z</time></trkpt><trkpt lat="41.54576246541615" lon="-71.32677180276013"><time>2026-08-09T16:26:06Z</time></trkpt><trkpt lat="41.545736266617816" lon="-71.32680238677725"><time>2026-08-09T16:26:07Z</time></trkpt><trkpt lat="41.545709516787376" lon="-71.32683483312599"><time>2026-08-09T16:26:08Z</time></trkpt><trkpt lat="41.54568992837739" lon="-71.32686755821328"><time>2026-08-09T16:26:09Z</time></trkpt><trkpt lat="41.54566352720303" lon="-71.3269016146803"><time>2026-08-09T16:26:10Z</time></trkpt><trkpt lat="41.545642255746394" lon="-71.32694314989564"><time>2026-08-09T16:26:11Z</time></trkpt><trkpt lat="41.545622126271866" lon="-71.3269888178947"><time>2026-08-09T16:26:12Z</time></trkpt><trkpt lat="41.54560714920656" lon="-71.32703454457089"><time>2026-08-09T16:26:13Z</time></trkpt><trkpt lat="41.54558327875442" lon="-71.32707218222193"><time>2026-08-09T16:26:14Z</time></trkpt><trkpt lat="41.54556251064183" lon="-71.32711001937218"><time>2026-08-09T16:26:15Z</time></trkpt><trkpt lat="41.54554162361192" lon="-71.32715039090826"><time>2026-08-09T16:26:16Z</time></trkpt><trkpt lat="41.54552606161284" lon="-71.32719370298246"><time>2026-08-09T16:26:17Z</time></trkpt><trkpt lat="41.54550578561328" lon="-71.32723517977328"><time>2026-08-09T16:26:18Z</time></trkpt><trkpt lat="41.545484187431654" lon="-71.32727838208562"><time>2026-08-09T16:26:19Z</time></trkpt><trkpt lat="41.5454651403642" lon="-71.32732105930829"><time>2026-08-09T16:26:20Z</time></trkpt><trkpt lat="41.54544168193968" lon="-71.32736113196721"><time>2026-08-09T16:26:21Z</time></trkpt><trkpt lat="41.54542221798161" lon="-71.32740390050017"><time>2026-08-09T16:26:22Z</time></trkpt><trkpt lat="41.545401041646045" lon="-71.3274431471444"><time>2026-08-09T16:26:23Z</time></trkpt><trkpt lat="41.54538025739706" lon="-71.32748588553589"><time>2026-08-09T16:26:24Z</time></trkpt><trkpt lat="41.54536016625287" lon="-71.32752807579213"><time>2026-08-09T16:26:25Z</time></trkpt><trkpt lat="41.545341003228835" lon="-71.32757139431966"><time>2026-08-09T16:26:26Z</time></trkpt><trkpt lat="41.545321812290254" lon="-71.32761712799173"><time>2026-08-09T16:26:27Z</time></trkpt><trkpt lat="41.5453062960664" lon="-71.327665464384"><time>2026-08-09T16:26:28Z</time></trkpt><trkpt lat="41.545285397098375" lon="-71.32771021246"><time>2026-08-09T16:26:29Z</time></trkpt><trkpt lat="41.54526478318452" lon="-71.32775160179526"><time>2026-08-09T16:26:30Z</time></trkpt><trkpt lat="41.545244466086075" lon="-71.32779854229761"><time>2026-08-09T16:26:31Z</time></trkpt><trkpt lat="41.545224269395796" lon="-71.327841715169"><time>2026-08-09T16:26:32Z</time></trkpt><trkpt lat="41.54520439623482" lon="-71.32788125794524"><time>2026-08-09T16:26:33Z</time></trkpt><trkpt lat="41.545177741590685" lon="-71.3279208754727"><time>2026-08-09T16:26:34Z</time></trkpt><trkpt lat="41.54515369560494" lon="-71.32795676319716"><time>2026-08-09T16:26:35Z</time></trkpt><trkpt lat="41.54512901672959" lon="-71.32799923064121"><time>2026-08-09T16:26:36Z</time></trkpt><trkpt lat="41.5451028561166" lon="-71.32803683173313"><time>2026-08-09T16:26:37Z</time></trkpt><trkpt lat="41.54508263648547" lon="-71.32808013402757"><time>2026-08-09T16:26:38Z</time></trkpt><trkpt lat="41.54505330929864" lon="-71.328116719389"><time>2026-08-09T16:26:39Z</time></trkpt><trkpt lat="41.5450284622269" lon="-71.32815546228909"><time>2026-08-09T16:26:40Z</time></trkpt><trkpt lat="41.54500317649558" lon="-71.32819440994348"><time>2026-08-09T16:26:41Z</time></trkpt><trkpt lat="41.54497952991477" lon="-71.32823262883574"><time>2026-08-09T16:26:42Z</time></trkpt><trkpt lat="41.54495268746201" lon="-71.32827128387797"><time>2026-08-09T16:26:43Z</time></trkpt><trkpt lat="41.544928032058415" lon="-71.32831299334481"><time>2026-08-09T16:26:44Z</time></trkpt><trkpt lat="41.54490460300759" lon="-71.32835494501788"><time>2026-08-09T16:26:45Z</time></trkpt><trkpt lat="41.5448831547524" lon="-71.32839832194658"><time>2026-08-09T16:26:46Z</time></trkpt><trkpt lat="41.54486128652852" lon="-71.32844064898784"><time>2026-08-09T16:26:47Z</time></trkpt><trkpt lat="41.544839679252" lon="-71.32848427976838"><time>2026-08-09T16:26:48Z</time></trkpt><trkpt lat="41.544821764723835" lon="-71.32852855605728"><time>2026-08-09T16:26:49Z</time></trkpt><trkpt lat="41.54480226590165" lon="-71.32857322744346"><time>2026-08-09T16:26:50Z</time></trkpt><trkpt lat="41.54478138593999" lon="-71.32861817596093"><time>2026-08-09T16:26:51Z</time></trkpt><trkpt lat="41.54475986957411" lon="-71.32865970878825"><time>2026-08-09T16:26:52Z</time></trkpt><trkpt lat="41.54474404197996" lon="-71.3287073991154"><time>2026-08-09T16:26:53Z</time></trkpt><trkpt lat="41.54472583450401" lon="-71.32875654703261"><time>2026-08-09T16:26:54Z</time></trkpt><trkpt lat="41.54470645214461" lon="-71.32880175784915"><time>2026-08-09T16:26:55Z</time></trkpt><trkpt lat="41.54468565898814" lon="-71.32884662048001"><time>2026-08-09T16:26:56Z</time></trkpt><trkpt lat="41.54466580205392" lon="-71.32889115376678"><time>2026-08-09T16:26:57Z</time></trkpt><trkpt lat="41.54464633007904" lon="-71.32893203081537"><time>2026-08-09T16:26:58Z</time></trkpt><trkpt lat="41.544624367216876" lon="-71.32897431686976"><time>2026-08-09T16:26:59Z</time></trkpt><trkpt lat="41.54460121726012" lon="-71.3290159096669"><time>2026-08-09T16:27:00Z</time></trkpt><trkpt lat="41.544577677259376" lon="-71.32905615194869"><time>2026-08-09T16:27:01Z</time></trkpt><trkpt lat="41.54455515236977" lon="-71.32909383109832"><time>2026-08-09T16:27:02Z</time></trkpt><trkpt lat="41.54452939279935" lon="-71.32913788597648"><time>2026-08-09T16:27:03Z</time></trkpt><trkpt lat="41.54450528300876" lon="-71.32917535356874"><time>2026-08-09T16:27:04Z</time></trkpt><trkpt lat="41.544478487762184" lon="-71.32921416830288"><time>2026-08-09T16:27:05Z</time></trkpt><trkpt lat="41.54445805215826" lon="-71.32925388905021"><time>2026-08-09T16:27:06Z</time></trkpt><trkpt lat="41.54443662369909" lon="-71.3292854646363"><time>2026-08-09T16:27:07Z</time></trkpt><trkpt lat="41.544406914840486" lon="-71.32932558244717"><time>2026-08-09T16:27:08Z</time></trkpt><trkpt lat="41.54438083152154" lon="-71.32936428835745"><time>2026-08-09T16:27:09Z</time></trkpt><trkpt lat="41.54435795859376" lon="-71.32940110987867"><time>2026-08-09T16:27:10Z</time></trkpt><trkpt lat="41.54433293316316" lon="-71.3294382827664"><time>2026-08-09T16:27:11Z</time></trkpt><trkpt lat="41.54430964725932" lon="-71.32947242288563"><time>2026-08-09T16:27:12Z</time></trkpt><trkpt lat="41.54428768722687" lon="-71.32950625172727"><time>2026-08-09T16:27:13Z</time></trkpt><trkpt lat="41.54426219607106" lon="-71.32954296661384"><time>2026-08-09T16:27:14Z</time></trkpt><trkpt lat="41.54423741970866" lon="-71.32957688533803"><time>2026-08-09T16:27:15Z</time></trkpt><trkpt lat="41.544212762342994" lon="-71.32961189315914"><time>2026-08-09T16:27:16Z</time></trkpt><trkpt lat="41.54418759774877" lon="-71.32964757891965"><time>2026-08-09T16:27:17Z</time></trkpt><trkpt lat="41.544163776510175" lon="-71.32968427648846"><time>2026-08-09T16:27:18Z</time></trkpt><trkpt lat="41.5441397845324" lon="-71.329720690897"><time>2026-08-09T16:27:19Z</time></trkpt><trkpt lat="41.54411440538201" lon="-71.3297525894419"><time>2026-08-09T16:27:20Z</time></trkpt><trkpt lat="41.544090018099034" lon="-71.32978776806351"><time>2026-08-09T16:27:21Z</time></trkpt><trkpt lat="41.5440655620097" lon="-71.32982192977978"><time>2026-08-09T16:27:22Z</time></trkpt><trkpt lat="41.54403989091693" lon="-71.32985428839619"><time>2026-08-09T16:27:23Z</time></trkpt><trkpt lat="41.54401535296674" lon="-71.3298851754096"><time>2026-08-09T16:27:24Z</time></trkpt><trkpt lat="41.54399165370658" lon="-71.32991919284484"><time>2026-08-09T16:27:25Z</time></trkpt><trkpt lat="41.54396417681377" lon="-71.32995103637863"><time>2026-08-09T16:27:26Z</time></trkpt><trkpt lat="41.54394050093677" lon="-71.3299827881879"><time>2026-08-09T16:27:27Z</time></trkpt><trkpt lat="41.54391470327846" lon="-71.33001662503754"><time>2026-08-09T16:27:28Z</time></trkpt><trkpt lat="41.54389322349321" lon="-71.33004882749132"><time>2026-08-09T16:27:29Z</time></trkpt><trkpt lat="41.54386920222772" lon="-71.33008490346111"><time>2026-08-09T16:27:30Z</time></trkpt><trkpt lat="41.54384462910227" lon="-71.33011673165663"><time>2026-08-09T16:27:31Z</time></trkpt><trkpt lat="41.54381931399575" lon="-71.33014725044909"><time>2026-08-09T16:27:32Z</time></trkpt><trkpt lat="41.54379703848937" lon="-71.33018064510563"><time>2026-08-09T16:27:33Z</time></trkpt><trkpt lat="41.54377244215151" lon="-71.33021465330025"><time>2026-08-09T16:27:34Z</time></trkpt><trkpt lat="41.54374736523059" lon="-71.33024788675492"><time>2026-08-09T16:27:35Z</time></trkpt><trkpt lat="41.54372329506934" lon="-71.33028056331342"><time>2026-08-09T16:27:36Z</time></trkpt><trkpt lat="41.543699772411166" lon="-71.33031151939"><time>2026-08-09T16:27:37Z</time></trkpt><trkpt lat="41.54367556741695" lon="-71.33034289923994"><time>2026-08-09T16:27:38Z</time></trkpt><trkpt lat="41.54365046560005" lon="-71.33037455582269"><time>2026-08-09T16:27:39Z</time></trkpt><trkpt lat="41.543627404828875" lon="-71.33040623077228"><time>2026-08-09T16:27:40Z</time></trkpt><trkpt lat="41.54360403340551" lon="-71.33043936877831"><time>2026-08-09T16:27:41Z</time></trkpt><trkpt lat="41.54358019734978" lon="-71.33047362091087"><time>2026-08-09T16:27:42Z</time></trkpt><trkpt lat="41.543556643652856" lon="-71.33050603366696"><time>2026-08-09T16:27:43Z</time></trkpt><trkpt lat="41.54353296846982" lon="-71.33053583273298"><time>2026-08-09T16:27:44Z</time></trkpt><trkpt lat="41.54350895565359" lon="-71.33056729071681"><time>2026-08-09T16:27:45Z</time></trkpt><trkpt lat="41.543484579518974" lon="-71.33059964508038"><time>2026-08-09T16:27:46Z</time></trkpt><trkpt lat="41.54346049869757" lon="-71.33063382541768"><time>2026-08-09T16:27:47Z</time></trkpt><trkpt lat="41.54343745374378" lon="-71.33066747006926"><time>2026-08-09T16:27:48Z</time></trkpt><trkpt lat="41.54341455561377" lon="-71.3307001405579"><time>2026-08-09T16:27:49Z</time></trkpt><trkpt lat="41.54338994887371" lon="-71.33073199348081"><time>2026-08-09T16:27:50Z</time></trkpt><trkpt lat="41.54336409406424" lon="-71.3307633528743"><time>2026-08-09T16:27:51Z</time></trkpt><trkpt lat="41.543342211356595" lon="-71.33079741266108"><time>2026-08-09T16:27:52Z</time></trkpt><trkpt lat="41.54331724625095" lon="-71.33082937006105"><time>2026-08-09T16:27:53Z</time></trkpt><trkpt lat="41.54329108459287" lon="-71.33086126018087"><time>2026-08-09T16:27:54Z</time></trkpt><trkpt lat="41.54326636073972" lon="-71.33089225976197"><time>2026-08-09T16:27:55Z</time></trkpt><trkpt lat="41.54324192704766" lon="-71.33092520039477"><time>2026-08-09T16:27:56Z</time></trkpt><trkpt lat="41.543217437122316" lon="-71.33095478883479"><time>2026-08-09T16:27:57Z</time></trkpt><trkpt lat="41.54319127467937" lon="-71.33098569904637"><time>2026-08-09T16:27:58Z</time></trkpt><trkpt lat="41.54316544037535" lon="-71.33101595822629"><time>2026-08-09T16:27:59Z</time></trkpt><trkpt lat="41.543140778792846" lon="-71.33104750661468"><time>2026-08-09T16:28:00Z</time></trkpt><trkpt lat="41.543117629077315" lon="-71.33107661956863"><time>2026-08-09T16:28:01Z</time></trkpt><trkpt lat="41.54308469059118" lon="-71.33110613869087"><time>2026-08-09T16:28:02Z</time></trkpt><trkpt lat="41.54306551091949" lon="-71.33114009062555"><time>2026-08-09T16:28:03Z</time></trkpt><trkpt lat="41.54303990686302" lon="-71.33116759332196"><time>2026-08-09T16:28:04Z</time></trkpt><trkpt lat="41.5430164170103" lon="-71.33119618481176"><time>2026-08-09T16:28:05Z</time></trkpt><trkpt lat="41.54299145350764" lon="-71.33122547837891"><time>2026-08-09T16:28:06Z</time></trkpt><trkpt lat="41.54296724287438" lon="-71.33125357901989"><time>2026-08-09T16:28:07Z</time></trkpt><trkpt lat="41.542943478393234" lon="-71.33127989685954"><time>2026-08-09T16:28:08Z</time></trkpt><trkpt lat="41.54292073406378" lon="-71.33131009113661"><time>2026-08-09T16:28:09Z</time></trkpt><trkpt lat="41.54289601184528" lon="-71.33133949064187"><time>2026-08-09T16:28:10Z</time></trkpt><trkpt lat="41.542872544141225" lon="-71.33136846497455"><time>2026-08-09T16:28:11Z</time></trkpt><trkpt lat="41.54284666219657" lon="-71.33139725842958"><time>2026-08-09T16:28:12Z</time></trkpt><trkpt lat="41.54282167592497" lon="-71.3314262311703"><time>2026-08-09T16:28:13Z</time></trkpt><trkpt lat="41.54279695001178" lon="-71.33145555203076"><time>2026-08-09T16:28:14Z</time></trkpt><trkpt lat="41.54277060381735" lon="-71.33148485616859"><time>2026-08-09T16:28:15Z</time></trkpt><trkpt lat="41.542746116502094" lon="-71.33151283177978"><time>2026-08-09T16:28:16Z</time></trkpt><trkpt lat="41.54272037175254" lon="-71.33154181731683"><time>2026-08-09T16:28:17Z</time></trkpt><trkpt lat="41.54269433914091" lon="-71.33157117567858"><time>2026-08-09T16:28:18Z</time></trkpt><trkpt lat="41.542668442250054" lon="-71.3316003128512"><time>2026-08-09T16:28:19Z</time></trkpt><trkpt lat="41.54264200749211" lon="-71.33163159922843"><time>2026-08-09T16:28:20Z</time></trkpt><trkpt lat="41.54261618647902" lon="-71.33166160523506"><time>2026-08-09T16:28:21Z</time></trkpt><trkpt lat="41.542590293051965" lon="-71.3316896755072"><time>2026-08-09T16:28:22Z</time></trkpt><trkpt lat="41.54256549606817" lon="-71.33171941782285"><time>2026-08-09T16:28:23Z</time></trkpt><trkpt lat="41.54253717590559" lon="-71.33174777883235"><time>2026-08-09T16:28:24Z</time></trkpt><trkpt lat="41.54251035920281" lon="-71.3317769991395"><time>2026-08-09T16:28:25Z</time></trkpt><trkpt lat="41.54248489695906" lon="-71.33180627409833"><time>2026-08-09T16:28:26Z</time></trkpt><trkpt lat="41.54245779672843" lon="-71.33183702153514"><time>2026-08-09T16:28:27Z</time></trkpt><trkpt lat="41.54243159024225" lon="-71.33186616814176"><time>2026-08-09T16:28:28Z</time></trkpt><trkpt lat="41.54240425125571" lon="-71.3318940231384"><time>2026-08-09T16:28:29Z</time></trkpt><trkpt lat="41.54238323404599" lon="-71.33192762889895"><time>2026-08-09T16:28:30Z</time></trkpt><trkpt lat="41.54235706245052" lon="-71.33195947409105"><time>2026-08-09T16:28:31Z</time></trkpt><trkpt lat="41.54232931632582" lon="-71.33198911051971"><time>2026-08-09T16:28:32Z</time></trkpt><trkpt lat="41.542299616721394" lon="-71.332008599522"><time>2026-08-09T16:28:33Z</time></trkpt><trkpt lat="41.54227455858844" lon="-71.33204359669611"><time>2026-08-09T16:28:34Z</time></trkpt><trkpt lat="41.542245452389935" lon="-71.33207357662906"><time>2026-08-09T16:28:35Z</time></trkpt><trkpt lat="41.54221411917958" lon="-71.33211161611163"><time>2026-08-09T16:28:36Z</time></trkpt><trkpt lat="41.54217778675403" lon="-71.33212875572264"><time>2026-08-09T16:28:37Z</time></trkpt><trkpt lat="41.54214385481501" lon="-71.33213264172167"><time>2026-08-09T16:28:38Z</time></trkpt><trkpt lat="41.54211979086083" lon="-71.33212585076087"><time>2026-08-09T16:28:39Z</time></trkpt><trkpt lat="41.54208910579589" lon="-71.33212893357116"><time>2026-08-09T16:28:40Z</time></trkpt><trkpt lat="41.542062145098896" lon="-71.33212050880866"><time>2026-08-09T16:28:41Z</time></trkpt><trkpt lat="41.54203751296457" lon="-71.33210715986134"><time>2026-08-09T16:28:42Z</time></trkpt><trkpt lat="41.542016105547454" lon="-71.33208957942117"><time>2026-08-09T16:28:43Z</time></trkpt><trkpt lat="41.541990811755106" lon="-71.33206086717308"><time>2026-08-09T16:28:44Z</time></trkpt><trkpt lat="41.541973878186255" lon="-71.33203864290634"><time>2026-08-09T16:28:45Z</time></trkpt><trkpt lat="41.54196092735254" lon="-71.33201546444036"><time>2026-08-09T16:28:46Z</time></trkpt><trkpt lat="41.54194420674988" lon="-71.33199958320445"><time>2026-08-09T16:28:47Z</time></trkpt><trkpt lat="41.54192549634942" lon="-71.33197394895161"><time>2026-08-09T16:28:48Z</time></trkpt><trkpt lat="41.54190881410961" lon="-71.33195603122026"><time>2026-08-09T16:28:49Z</time></trkpt><trkpt lat="41.54189059501907" lon="-71.33193796946459"><time>2026-08-09T16:28:50Z</time></trkpt><trkpt lat="41.54186264104668" lon="-71.33192126368738"><time>2026-08-09T16:28:51Z</time></trkpt><trkpt lat="41.54184255151254" lon="-71.33189458702236"><time>2026-08-09T16:28:52Z</time></trkpt><trkpt lat="41.54182825167736" lon="-71.33187310678692"><time>2026-08-09T16:28:53Z</time></trkpt><trkpt lat="41.54181537501599" lon="-71.3318558775744"><time>2026-08-09T16:28:54Z</time></trkpt><trkpt lat="41.541792144437224" lon="-71.33183653492082"><time>2026-08-09T16:28:55Z</time></trkpt><trkpt lat="41.5417724932537" lon="-71.33180017103943"><time>2026-08-09T16:28:56Z</time></trkpt><trkpt lat="41.54175704023773" lon="-71.33178296396699"><time>2026-08-09T16:28:57Z</time></trkpt><trkpt lat="41.5417401011231" lon="-71.33175810524006"><time>2026-08-09T16:28:58Z</time></trkpt><trkpt lat="41.54171032158602" lon="-71.33171702176365"><time>2026-08-09T16:29:00Z</time></trkpt><trkpt lat="41.5416922007619" lon="-71.33169048402745"><time>2026-08-09T16:29:01Z</time></trkpt><trkpt lat="41.54167435275147" lon="-71.33166601910573"><time>2026-08-09T16:29:02Z</time></trkpt><trkpt lat="41.541654077919596" lon="-71.33164325701709"><time>2026-08-09T16:29:03Z</time></trkpt><trkpt lat="41.541636932984474" lon="-71.33161932556108"><time>2026-08-09T16:29:04Z</time></trkpt><trkpt lat="41.54161799511361" lon="-71.33159133579399"><time>2026-08-09T16:29:05Z</time></trkpt><trkpt lat="41.54159484827683" lon="-71.331567044224"><time>2026-08-09T16:29:06Z</time></trkpt><trkpt lat="41.541580421962266" lon="-71.3315393487402"><time>2026-08-09T16:29:07Z</time></trkpt><trkpt lat="41.54156092828902" lon="-71.33151318975325"><time>2026-08-09T16:29:08Z</time></trkpt><trkpt lat="41.5415405309688" lon="-71.33148817764622"><time>2026-08-09T16:29:09Z</time></trkpt><trkpt lat="41.54152113779907" lon="-71.33146362977168"><time>2026-08-09T16:29:10Z</time></trkpt><trkpt lat="41.54150157389301" lon="-71.33143621958322"><time>2026-08-09T16:29:11Z</time></trkpt><trkpt lat="41.54148294965327" lon="-71.33140815510541"><time>2026-08-09T16:29:12Z</time></trkpt><trkpt lat="41.54146584300033" lon="-71.331377778568"><time>2026-08-09T16:29:13Z</time></trkpt><trkpt lat="41.54143931611848" lon="-71.33134356082245"><time>2026-08-09T16:29:14Z</time></trkpt><trkpt lat="41.54142197365833" lon="-71.3313197914154"><time>2026-08-09T16:29:15Z</time></trkpt><trkpt lat="41.54140157028925" lon="-71.33129220877674"><time>2026-08-09T16:29:16Z</time></trkpt><trkpt lat="41.54138137707515" lon="-71.33126445110608"><time>2026-08-09T16:29:17Z</time></trkpt><trkpt lat="41.541360821540216" lon="-71.33123689466517"><time>2026-08-09T16:29:18Z</time></trkpt><trkpt lat="41.54134037534682" lon="-71.33120745682864"><time>2026-08-09T16:29:19Z</time></trkpt><trkpt lat="41.541318713206465" lon="-71.33118048531114"><time>2026-08-09T16:29:20Z</time></trkpt><trkpt lat="41.54129815455634" lon="-71.33115149113392"><time>2026-08-09T16:29:21Z</time></trkpt><trkpt lat="41.54127629221708" lon="-71.33112194397238"><time>2026-08-09T16:29:22Z</time></trkpt><trkpt lat="41.54125490658239" lon="-71.33109367352199"><time>2026-08-09T16:29:23Z</time></trkpt><trkpt lat="41.54123243033043" lon="-71.33106563259632"><time>2026-08-09T16:29:24Z</time></trkpt><trkpt lat="41.54121029650917" lon="-71.33103572652401"><time>2026-08-09T16:29:25Z</time></trkpt><trkpt lat="41.541188520326926" lon="-71.33100706971683"><time>2026-08-09T16:29:26Z</time></trkpt><trkpt lat="41.54116663260896" lon="-71.33097613626956"><time>2026-08-09T16:29:27Z</time></trkpt><trkpt lat="41.541144263180904" lon="-71.33094658826276"><time>2026-08-09T16:29:28Z</time></trkpt><trkpt lat="41.54111973598806" lon="-71.33091797271624"><time>2026-08-09T16:29:29Z</time></trkpt><trkpt lat="41.54109117184532" lon="-71.33088956599049"><time>2026-08-09T16:29:30Z</time></trkpt><trkpt lat="41.54106740842771" lon="-71.33086009197899"><time>2026-08-09T16:29:31Z</time></trkpt><trkpt lat="41.54104357001051" lon="-71.3308295341264"><time>2026-08-09T16:29:32Z</time></trkpt><trkpt lat="41.54101966001097" lon="-71.33080080220493"><time>2026-08-09T16:29:33Z</time></trkpt><trkpt lat="41.54099416954863" lon="-71.3307719338246"><time>2026-08-09T16:29:34Z</time></trkpt><trkpt lat="41.54096927657462" lon="-71.33074320292191"><time>2026-08-09T16:29:35Z</time></trkpt><trkpt lat="41.540944419457475" lon="-71.33071528031394"><time>2026-08-09T16:29:36Z</time></trkpt><trkpt lat="41.54091920061089" lon="-71.33068769303654"><time>2026-08-09T16:29:37Z</time></trkpt><trkpt lat="41.54089343723054" lon="-71.33066101246644"><time>2026-08-09T16:29:38Z</time></trkpt><trkpt lat="41.54086751936707" lon="-71.33063360149211"><time>2026-08-09T16:29:39Z</time></trkpt><trkpt lat="41.54084074519621" lon="-71.33060781110682"><time>2026-08-09T16:29:40Z</time></trkpt><trkpt lat="41.54081403040162" lon="-71.33058257982296"><time>2026-08-09T16:29:41Z</time></trkpt><trkpt lat="41.540787057047474" lon="-71.3305561128519"><time>2026-08-09T16:29:42Z</time></trkpt><trkpt lat="41.54076086623438" lon="-71.3305292545417"><time>2026-08-09T16:29:43Z</time></trkpt><trkpt lat="41.540734130139136" lon="-71.3305005038075"><time>2026-08-09T16:29:44Z</time></trkpt><trkpt lat="41.540707943732315" lon="-71.33047407450955"><time>2026-08-09T16:29:45Z</time></trkpt><trkpt lat="41.54068243747825" lon="-71.33044468298029"><time>2026-08-09T16:29:46Z</time></trkpt><trkpt lat="41.540656344959245" lon="-71.33041652675085"><time>2026-08-09T16:29:47Z</time></trkpt><trkpt lat="41.54063206359101" lon="-71.330387980181"><time>2026-08-09T16:29:48Z</time></trkpt><trkpt lat="41.54060527551575" lon="-71.3303588842116"><time>2026-08-09T16:29:49Z</time></trkpt><trkpt lat="41.540583002796694" lon="-71.33031933228075"><time>2026-08-09T16:29:50Z</time></trkpt><trkpt lat="41.54056450408242" lon="-71.33029444765877"><time>2026-08-09T16:29:51Z</time></trkpt><trkpt lat="41.54053887126209" lon="-71.33026467011902"><time>2026-08-09T16:29:52Z</time></trkpt><trkpt lat="41.54051231877319" lon="-71.33023087248257"><time>2026-08-09T16:29:53Z</time></trkpt><trkpt lat="41.54048662134608" lon="-71.33019970478078"><time>2026-08-09T16:29:54Z</time></trkpt><trkpt lat="41.54046122017883" lon="-71.33016823120533"><time>2026-08-09T16:29:55Z</time></trkpt><trkpt lat="41.540435818898615" lon="-71.33013839380871"><time>2026-08-09T16:29:56Z</time></trkpt><trkpt lat="41.540408890408855" lon="-71.33011026976857"><time>2026-08-09T16:29:57Z</time></trkpt><trkpt lat="41.540382896683084" lon="-71.33007807095873"><time>2026-08-09T16:29:58Z</time></trkpt><trkpt lat="41.54035928692321" lon="-71.33004466416723"><time>2026-08-09T16:29:59Z</time></trkpt><trkpt lat="41.54033397184952" lon="-71.33001226063922"><time>2026-08-09T16:30:00Z</time></trkpt><trkpt lat="41.54030941194356" lon="-71.32997922565197"><time>2026-08-09T16:30:01Z</time></trkpt><trkpt lat="41.54028513558636" lon="-71.32994618440658"><time>2026-08-09T16:30:02Z</time></trkpt><trkpt lat="41.5402587562687" lon="-71.3299154904594"><time>2026-08-09T16:30:03Z</time></trkpt><trkpt lat="41.54023438465761" lon="-71.32988350223532"><time>2026-08-09T16:30:04Z</time></trkpt><trkpt lat="41.54021099829259" lon="-71.32984919018743"><time>2026-08-09T16:30:05Z</time></trkpt><trkpt lat="41.54018645315693" lon="-71.32981348703721"><time>2026-08-09T16:30:06Z</time></trkpt><trkpt lat="41.54016031201589" lon="-71.32977970451243"><time>2026-08-09T16:30:07Z</time></trkpt><trkpt lat="41.54013550105854" lon="-71.3297477260847"><time>2026-08-09T16:30:08Z</time></trkpt><trkpt lat="41.54011233379148" lon="-71.32971213919083"><time>2026-08-09T16:30:09Z</time></trkpt><trkpt lat="41.5400883761235" lon="-71.32967519223996"><time>2026-08-09T16:30:10Z</time></trkpt><trkpt lat="41.540064771498514" lon="-71.32963924219096"><time>2026-08-09T16:30:11Z</time></trkpt><trkpt lat="41.540039101096255" lon="-71.32960476658704"><time>2026-08-09T16:30:12Z</time></trkpt><trkpt lat="41.540012600071115" lon="-71.32957131428714"><time>2026-08-09T16:30:13Z</time></trkpt><trkpt lat="41.53998529881854" lon="-71.32954006117153"><time>2026-08-09T16:30:14Z</time></trkpt><trkpt lat="41.53996009814386" lon="-71.32950712827451"><time>2026-08-09T16:30:15Z</time></trkpt><trkpt lat="41.53993452742056" lon="-71.3294739017394"><time>2026-08-09T16:30:16Z</time></trkpt><trkpt lat="41.53990875651218" lon="-71.32944062110603"><time>2026-08-09T16:30:17Z</time></trkpt><trkpt lat="41.5398836548555" lon="-71.32940678624503"><time>2026-08-09T16:30:18Z</time></trkpt><trkpt lat="41.539858978963004" lon="-71.32936968369486"><time>2026-08-09T16:30:19Z</time></trkpt><trkpt lat="41.53983602082724" lon="-71.32933244224736"><time>2026-08-09T16:30:20Z</time></trkpt><trkpt lat="41.53981288833907" lon="-71.3292947561611"><time>2026-08-09T16:30:21Z</time></trkpt><trkpt lat="41.53978888304989" lon="-71.32925709736418"><time>2026-08-09T16:30:22Z</time></trkpt><trkpt lat="41.53976364694367" lon="-71.32922053848837"><time>2026-08-09T16:30:23Z</time></trkpt><trkpt lat="41.53974024268477" lon="-71.32918393754608"><time>2026-08-09T16:30:24Z</time></trkpt><trkpt lat="41.53971684413208" lon="-71.32914923611703"><time>2026-08-09T16:30:25Z</time></trkpt><trkpt lat="41.539695412354334" lon="-71.32910964492346"><time>2026-08-09T16:30:26Z</time></trkpt><trkpt lat="41.539673630940555" lon="-71.32906823315558"><time>2026-08-09T16:30:27Z</time></trkpt><trkpt lat="41.539651600287584" lon="-71.32903293042652"><time>2026-08-09T16:30:28Z</time></trkpt><trkpt lat="41.53962888712541" lon="-71.32899470392259"><time>2026-08-09T16:30:29Z</time></trkpt><trkpt lat="41.53960620949893" lon="-71.3289550525154"><time>2026-08-09T16:30:30Z</time></trkpt><trkpt lat="41.53958579320479" lon="-71.32891290018456"><time>2026-08-09T16:30:31Z</time></trkpt><trkpt lat="41.539563524473465" lon="-71.32887047680664"><time>2026-08-09T16:30:32Z</time></trkpt><trkpt lat="41.53954140025375" lon="-71.32883314050511"><time>2026-08-09T16:30:33Z</time></trkpt><trkpt lat="41.53951886567643" lon="-71.3287942957892"><time>2026-08-09T16:30:34Z</time></trkpt><trkpt lat="41.539498178592765" lon="-71.32875321325116"><time>2026-08-09T16:30:35Z</time></trkpt><trkpt lat="41.53947530091248" lon="-71.3287119062168"><time>2026-08-09T16:30:36Z</time></trkpt><trkpt lat="41.53945121403328" lon="-71.32867341940707"><time>2026-08-09T16:30:37Z</time></trkpt><trkpt lat="41.5394291947326" lon="-71.32863454962383"><time>2026-08-09T16:30:38Z</time></trkpt><trkpt lat="41.53940784312824" lon="-71.32859187795104"><time>2026-08-09T16:30:39Z</time></trkpt><trkpt lat="41.53938883369744" lon="-71.32854676312442"><time>2026-08-09T16:30:40Z</time></trkpt><trkpt lat="41.539366585347544" lon="-71.32849941148795"><time>2026-08-09T16:30:41Z</time></trkpt><trkpt lat="41.53934524269141" lon="-71.32845530834065"><time>2026-08-09T16:30:42Z</time></trkpt><trkpt lat="41.539324878648145" lon="-71.32841148672249"><time>2026-08-09T16:30:43Z</time></trkpt><trkpt lat="41.539302159176295" lon="-71.32837163844432"><time>2026-08-09T16:30:44Z</time></trkpt><trkpt lat="41.539277972200864" lon="-71.3283303289684"><time>2026-08-09T16:30:45Z</time></trkpt><trkpt lat="41.53925684494376" lon="-71.32828985509391"><time>2026-08-09T16:30:46Z</time></trkpt><trkpt lat="41.53923517030042" lon="-71.328246144311"><time>2026-08-09T16:30:47Z</time></trkpt><trkpt lat="41.539212075572" lon="-71.32819771350286"><time>2026-08-09T16:30:48Z</time></trkpt><trkpt lat="41.539191932207146" lon="-71.32815571732417"><time>2026-08-09T16:30:49Z</time></trkpt><trkpt lat="41.539171353501715" lon="-71.32810925196499"><time>2026-08-09T16:30:50Z</time></trkpt><trkpt lat="41.53914753803221" lon="-71.32806719108473"><time>2026-08-09T16:30:51Z</time></trkpt><trkpt lat="41.53912706055402" lon="-71.32802512881787"><time>2026-08-09T16:30:52Z</time></trkpt><trkpt lat="41.539103672643435" lon="-71.32798435949516"><time>2026-08-09T16:30:53Z</time></trkpt><trkpt lat="41.53908145233458" lon="-71.32794100715505"><time>2026-08-09T16:30:54Z</time></trkpt><trkpt lat="41.539058439734674" lon="-71.32789940349159"><time>2026-08-09T16:30:55Z</time></trkpt><trkpt lat="41.5390350530369" lon="-71.32785991521747"><time>2026-08-09T16:30:56Z</time></trkpt><trkpt lat="41.53901373302994" lon="-71.32781587218156"><time>2026-08-09T16:30:57Z</time></trkpt><trkpt lat="41.53898908896375" lon="-71.32777533045963"><time>2026-08-09T16:30:58Z</time></trkpt><trkpt lat="41.53896724180421" lon="-71.32773312420163"><time>2026-08-09T16:30:59Z</time></trkpt><trkpt lat="41.53894299822181" lon="-71.32769218104852"><time>2026-08-09T16:31:00Z</time></trkpt><trkpt lat="41.53891938000277" lon="-71.32764883379352"><time>2026-08-09T16:31:01Z</time></trkpt><trkpt lat="41.53889757856453" lon="-71.32760795371549"><time>2026-08-09T16:31:02Z</time></trkpt><trkpt lat="41.53887317453284" lon="-71.32756392543752"><time>2026-08-09T16:31:03Z</time></trkpt><trkpt lat="41.53885306338827" lon="-71.32751786680436"><time>2026-08-09T16:31:04Z</time></trkpt><trkpt lat="41.53883276135203" lon="-71.3274724987349"><time>2026-08-09T16:31:05Z</time></trkpt><trkpt lat="41.53881117633161" lon="-71.3274281706545"><time>2026-08-09T16:31:06Z</time></trkpt><trkpt lat="41.53879045476285" lon="-71.32738382276156"><time>2026-08-09T16:31:07Z</time></trkpt><trkpt lat="41.538766517527556" lon="-71.32734168812107"><time>2026-08-09T16:31:08Z</time></trkpt><trkpt lat="41.538744663559875" lon="-71.32729781253411"><time>2026-08-09T16:31:09Z</time></trkpt><trkpt lat="41.53872170613958" lon="-71.32725388003246"><time>2026-08-09T16:31:10Z</time></trkpt><trkpt lat="41.53869872343738" lon="-71.32721017937455"><time>2026-08-09T16:31:11Z</time></trkpt><trkpt lat="41.5386788542057" lon="-71.32716342812402"><time>2026-08-09T16:31:12Z</time></trkpt><trkpt lat="41.53866168524489" lon="-71.32711523090704"><time>2026-08-09T16:31:13Z</time></trkpt><trkpt lat="41.538645459605554" lon="-71.32706540884287"><time>2026-08-09T16:31:14Z</time></trkpt><trkpt lat="41.53862589426152" lon="-71.32701862373389"><time>2026-08-09T16:31:15Z</time></trkpt><trkpt lat="41.53860317364602" lon="-71.32697568819857"><time>2026-08-09T16:31:16Z</time></trkpt><trkpt lat="41.53858206482306" lon="-71.32693106960248"><time>2026-08-09T16:31:17Z</time></trkpt><trkpt lat="41.53856041804669" lon="-71.32688532686734"><time>2026-08-09T16:31:18Z</time></trkpt><trkpt lat="41.53854045126374" lon="-71.32683834761707"><time>2026-08-09T16:31:19Z</time></trkpt><trkpt lat="41.538521274862184" lon="-71.3267904461353"><time>2026-08-09T16:31:20Z</time></trkpt><trkpt lat="41.538500572370026" lon="-71.32674361226503"><time>2026-08-09T16:31:21Z</time></trkpt><trkpt lat="41.53848168106464" lon="-71.32669711431143"><time>2026-08-09T16:31:22Z</time></trkpt><trkpt lat="41.5384626517148" lon="-71.3266489200456"><time>2026-08-09T16:31:23Z</time></trkpt><trkpt lat="41.53844087895042" lon="-71.32660468384712"><time>2026-08-09T16:31:24Z</time></trkpt><trkpt lat="41.538415849690644" lon="-71.32656196873027"><time>2026-08-09T16:31:25Z</time></trkpt><trkpt lat="41.538391382508664" lon="-71.32652061746155"><time>2026-08-09T16:31:26Z</time></trkpt><trkpt lat="41.53836964158926" lon="-71.32647620407273"><time>2026-08-09T16:31:27Z</time></trkpt><trkpt lat="41.53834679061232" lon="-71.32643319307242"><time>2026-08-09T16:31:28Z</time></trkpt><trkpt lat="41.53832465949525" lon="-71.32638800856053"><time>2026-08-09T16:31:29Z</time></trkpt><trkpt lat="41.53830630849253" lon="-71.32633899452338"><time>2026-08-09T16:31:30Z</time></trkpt><trkpt lat="41.53828847453504" lon="-71.3262903370486"><time>2026-08-09T16:31:31Z</time></trkpt><trkpt lat="41.538269483241336" lon="-71.32624314703418"><time>2026-08-09T16:31:32Z</time></trkpt><trkpt lat="41.53825360782784" lon="-71.32619063554472"><time>2026-08-09T16:31:33Z</time></trkpt><trkpt lat="41.538241174373866" lon="-71.32613923097324"><time>2026-08-09T16:31:34Z</time></trkpt><trkpt lat="41.53823440831697" lon="-71.32608286697233"><time>2026-08-09T16:31:35Z</time></trkpt><trkpt lat="41.53822851758091" lon="-71.32602736002953"><time>2026-08-09T16:31:36Z</time></trkpt><trkpt lat="41.538223723859716" lon="-71.32597082641108"><time>2026-08-09T16:31:37Z</time></trkpt><trkpt lat="41.53822038157323" lon="-71.32591176539812"><time>2026-08-09T16:31:38Z</time></trkpt><trkpt lat="41.538219162536215" lon="-71.32585918160251"><time>2026-08-09T16:31:39Z</time></trkpt><trkpt lat="41.53821783900295" lon="-71.3258000178077"><time>2026-08-09T16:31:40Z</time></trkpt><trkpt lat="41.53821985867736" lon="-71.32574597094693"><time>2026-08-09T16:31:41Z</time></trkpt><trkpt lat="41.53822200035806" lon="-71.32568943893106"><time>2026-08-09T16:31:42Z</time></trkpt><trkpt lat="41.53822784635462" lon="-71.3256319552408"><time>2026-08-09T16:31:43Z</time></trkpt><trkpt lat="41.538233763727916" lon="-71.32557372708636"><time>2026-08-09T16:31:44Z</time></trkpt><trkpt lat="41.53824033478425" lon="-71.32551698823481"><time>2026-08-09T16:31:45Z</time></trkpt><trkpt lat="41.538247937389606" lon="-71.3254593018725"><time>2026-08-09T16:31:46Z</time></trkpt><trkpt lat="41.53825772572221" lon="-71.3254033831547"><time>2026-08-09T16:31:47Z</time></trkpt><trkpt lat="41.538269098409984" lon="-71.32534878421626"><time>2026-08-09T16:31:48Z</time></trkpt><trkpt lat="41.53828469614153" lon="-71.32529227393896"><time>2026-08-09T16:31:49Z</time></trkpt><trkpt lat="41.53830296959518" lon="-71.32524149518312"><time>2026-08-09T16:31:50Z</time></trkpt><trkpt lat="41.53832600684314" lon="-71.32519495561093"><time>2026-08-09T16:31:51Z</time></trkpt><trkpt lat="41.53835087744393" lon="-71.3251500924926"><time>2026-08-09T16:31:52Z</time></trkpt><trkpt lat="41.5383785717923" lon="-71.32511107863625"><time>2026-08-09T16:31:53Z</time></trkpt><trkpt lat="41.53840867495844" lon="-71.32507310730027"><time>2026-08-09T16:31:54Z</time></trkpt><trkpt lat="41.538442040135024" lon="-71.32504660936965"><time>2026-08-09T16:31:55Z</time></trkpt><trkpt lat="41.53847596371014" lon="-71.32502584068213"><time>2026-08-09T16:31:56Z</time></trkpt><trkpt lat="41.53850801462988" lon="-71.32500294066519"><time>2026-08-09T16:31:57Z</time></trkpt><trkpt lat="41.53854104952039" lon="-71.32498185624448"><time>2026-08-09T16:31:58Z</time></trkpt><trkpt lat="41.53857384194163" lon="-71.32496048287624"><time>2026-08-09T16:31:59Z</time></trkpt><trkpt lat="41.53860721027032" lon="-71.32494293753535"><time>2026-08-09T16:32:00Z</time></trkpt><trkpt lat="41.53864207328513" lon="-71.32492254743879"><time>2026-08-09T16:32:01Z</time></trkpt><trkpt lat="41.53867316507016" lon="-71.3249035662664"><time>2026-08-09T16:32:02Z</time></trkpt><trkpt lat="41.53870364754641" lon="-71.3248864591541"><time>2026-08-09T16:32:03Z</time></trkpt><trkpt lat="41.538736209646345" lon="-71.32487076916162"><time>2026-08-09T16:32:04Z</time></trkpt><trkpt lat="41.53876765623386" lon="-71.3248579335825"><time>2026-08-09T16:32:05Z</time></trkpt><trkpt lat="41.538798611269684" lon="-71.32484385632702"><time>2026-08-09T16:32:06Z</time></trkpt><trkpt lat="41.53882773268228" lon="-71.32482872564124"><time>2026-08-09T16:32:07Z</time></trkpt><trkpt lat="41.538856301266286" lon="-71.3248128606325"><time>2026-08-09T16:32:08Z</time></trkpt><trkpt lat="41.53888776267863" lon="-71.32478964530515"><time>2026-08-09T16:32:09Z</time></trkpt><trkpt lat="41.53891501012747" lon="-71.32476810725049"><time>2026-08-09T16:32:10Z</time></trkpt><trkpt lat="41.538942742355914" lon="-71.32474577183548"><time>2026-08-09T16:32:11Z</time></trkpt><trkpt lat="41.53896944299038" lon="-71.32472524612417"><time>2026-08-09T16:32:12Z</time></trkpt><trkpt lat="41.53899519694087" lon="-71.32470273186544"><time>2026-08-09T16:32:13Z</time></trkpt><trkpt lat="41.53902201682699" lon="-71.32468008090862"><time>2026-08-09T16:32:14Z</time></trkpt><trkpt lat="41.53905195105537" lon="-71.32465836653152"><time>2026-08-09T16:32:15Z</time></trkpt><trkpt lat="41.53908001693016" lon="-71.32463264330616"><time>2026-08-09T16:32:16Z</time></trkpt><trkpt lat="41.539106216424976" lon="-71.3246065929159"><time>2026-08-09T16:32:17Z</time></trkpt><trkpt lat="41.53913095927645" lon="-71.32457730370784"><time>2026-08-09T16:32:18Z</time></trkpt><trkpt lat="41.53915684982273" lon="-71.32454696048434"><time>2026-08-09T16:32:19Z</time></trkpt><trkpt lat="41.53918181111555" lon="-71.32451699306353"><time>2026-08-09T16:32:20Z</time></trkpt><trkpt lat="41.53920983076843" lon="-71.32448851389306"><time>2026-08-09T16:32:21Z</time></trkpt><trkpt lat="41.53923890083187" lon="-71.32446519839631"><time>2026-08-09T16:32:22Z</time></trkpt><trkpt lat="41.53926714975419" lon="-71.32444079060812"><time>2026-08-09T16:32:23Z</time></trkpt><trkpt lat="41.53929668093403" lon="-71.32441666474298"><time>2026-08-09T16:32:24Z</time></trkpt><trkpt lat="41.539327149720684" lon="-71.32438492370233"><time>2026-08-09T16:32:25Z</time></trkpt><trkpt lat="41.53935651264981" lon="-71.32433929181681"><time>2026-08-09T16:32:26Z</time></trkpt><trkpt lat="41.53939276725993" lon="-71.32432363002192"><time>2026-08-09T16:32:27Z</time></trkpt><trkpt lat="41.5394164444861" lon="-71.32430048293686"><time>2026-08-09T16:32:28Z</time></trkpt><trkpt lat="41.539446759497395" lon="-71.3242868403097"><time>2026-08-09T16:32:29Z</time></trkpt><trkpt lat="41.53947474682315" lon="-71.32427585980855"><time>2026-08-09T16:32:30Z</time></trkpt><trkpt lat="41.53950302691388" lon="-71.32424802750013"><time>2026-08-09T16:32:31Z</time></trkpt><trkpt lat="41.53953356187686" lon="-71.32421865511313"><time>2026-08-09T16:32:32Z</time></trkpt><trkpt lat="41.53956348544093" lon="-71.3241927915699"><time>2026-08-09T16:32:33Z</time></trkpt><trkpt lat="41.53959310839149" lon="-71.3241678525375"><time>2026-08-09T16:32:34Z</time></trkpt><trkpt lat="41.53962191689952" lon="-71.32414315342379"><time>2026-08-09T16:32:35Z</time></trkpt><trkpt lat="41.5396511340811" lon="-71.32411656876172"><time>2026-08-09T16:32:36Z</time></trkpt><trkpt lat="41.539681679035176" lon="-71.32409223481226"><time>2026-08-09T16:32:37Z</time></trkpt><trkpt lat="41.53971085510006" lon="-71.32406656485641"><time>2026-08-09T16:32:38Z</time></trkpt><trkpt lat="41.539740220577" lon="-71.32403996373843"><time>2026-08-09T16:32:39Z</time></trkpt><trkpt lat="41.53976702310876" lon="-71.32401488845481"><time>2026-08-09T16:32:40Z</time></trkpt><trkpt lat="41.53979473027654" lon="-71.32398515338978"><time>2026-08-09T16:32:41Z</time></trkpt><trkpt lat="41.53982833194475" lon="-71.32396566554957"><time>2026-08-09T16:32:42Z</time></trkpt><trkpt lat="41.53985452447426" lon="-71.32394669762034"><time>2026-08-09T16:32:43Z</time></trkpt><trkpt lat="41.53988111918544" lon="-71.32391703989956"><time>2026-08-09T16:32:44Z</time></trkpt><trkpt lat="41.539909268621" lon="-71.32389982553347"><time>2026-08-09T16:32:45Z</time></trkpt><trkpt lat="41.539936969628116" lon="-71.32387737500564"><time>2026-08-09T16:32:46Z</time></trkpt><trkpt lat="41.5399634398969" lon="-71.32385681652963"><time>2026-08-09T16:32:47Z</time></trkpt><trkpt lat="41.539991104368426" lon="-71.32381845868058"><time>2026-08-09T16:32:48Z</time></trkpt><trkpt lat="41.54001466577336" lon="-71.32379721195161"><time>2026-08-09T16:32:49Z</time></trkpt><trkpt lat="41.54004521974929" lon="-71.32377970314097"><time>2026-08-09T16:32:50Z</time></trkpt><trkpt lat="41.54008349331654" lon="-71.32377430930967"><time>2026-08-09T16:32:51Z</time></trkpt><trkpt lat="41.54010819663046" lon="-71.32373610961726"><time>2026-08-09T16:32:52Z</time></trkpt><trkpt lat="41.540133985559144" lon="-71.32370602755203"><time>2026-08-09T16:32:53Z</time></trkpt><trkpt lat="41.54016004272527" lon="-71.3236927197282"><time>2026-08-09T16:32:54Z</time></trkpt><trkpt lat="41.540178814534514" lon="-71.32367790834257"><time>2026-08-09T16:32:55Z</time></trkpt><trkpt lat="41.54021934208084" lon="-71.32364833361224"><time>2026-08-09T16:32:56Z</time></trkpt><trkpt lat="41.540251682076025" lon="-71.32363023499987"><time>2026-08-09T16:32:57Z</time></trkpt><trkpt lat="41.54028100942118" lon="-71.32359511368723"><time>2026-08-09T16:32:58Z</time></trkpt><trkpt lat="41.540306689769324" lon="-71.32357767221792"><time>2026-08-09T16:32:59Z</time></trkpt><trkpt lat="41.540334542877886" lon="-71.3235469263454"><time>2026-08-09T16:33:00Z</time></trkpt><trkpt lat="41.54036344592221" lon="-71.32352697934294"><time>2026-08-09T16:33:01Z</time></trkpt><trkpt lat="41.54039026054556" lon="-71.32349371753722"><time>2026-08-09T16:33:02Z</time></trkpt><trkpt lat="41.54041377150433" lon="-71.32347272578214"><time>2026-08-09T16:33:03Z</time></trkpt><trkpt lat="41.540444778240506" lon="-71.32344078892112"><time>2026-08-09T16:33:04Z</time></trkpt><trkpt lat="41.54049948770445" lon="-71.32339461971887"><time>2026-08-09T16:33:06Z</time></trkpt><trkpt lat="41.54052752357805" lon="-71.32336187081738"><time>2026-08-09T16:33:07Z</time></trkpt><trkpt lat="41.54054782722946" lon="-71.3233467012076"><time>2026-08-09T16:33:08Z</time></trkpt><trkpt lat="41.5405901127578" lon="-71.32331464515255"><time>2026-08-09T16:33:09Z</time></trkpt><trkpt lat="41.54064667828871" lon="-71.32327268915017"><time>2026-08-09T16:33:11Z</time></trkpt><trkpt lat="41.540679385125856" lon="-71.32324635748948"><time>2026-08-09T16:33:12Z</time></trkpt><trkpt lat="41.540706871831254" lon="-71.32321837541323"><time>2026-08-09T16:33:13Z</time></trkpt><trkpt lat="41.540730026044415" lon="-71.32318809600929"><time>2026-08-09T16:33:14Z</time></trkpt><trkpt lat="41.54076168727743" lon="-71.32316363213562"><time>2026-08-09T16:33:15Z</time></trkpt><trkpt lat="41.54079098066228" lon="-71.32313940454517"><time>2026-08-09T16:33:16Z</time></trkpt><trkpt lat="41.54082217853721" lon="-71.32311864435292"><time>2026-08-09T16:33:17Z</time></trkpt><trkpt lat="41.540849366328786" lon="-71.32308953844397"><time>2026-08-09T16:33:18Z</time></trkpt><trkpt lat="41.54087838168433" lon="-71.32306128106002"><time>2026-08-09T16:33:19Z</time></trkpt><trkpt lat="41.540906545528856" lon="-71.3230359161589"><time>2026-08-09T16:33:20Z</time></trkpt><trkpt lat="41.54093646631002" lon="-71.32300621732799"><time>2026-08-09T16:33:21Z</time></trkpt><trkpt lat="41.54096497206524" lon="-71.32297781484154"><time>2026-08-09T16:33:22Z</time></trkpt><trkpt lat="41.54099433619572" lon="-71.32294990353633"><time>2026-08-09T16:33:23Z</time></trkpt><trkpt lat="41.54102204132313" lon="-71.32292204290405"><time>2026-08-09T16:33:24Z</time></trkpt><trkpt lat="41.54104742986012" lon="-71.3228866534695"><time>2026-08-09T16:33:25Z</time></trkpt><trkpt lat="41.54107607388944" lon="-71.32285460414357"><time>2026-08-09T16:33:26Z</time></trkpt><trkpt lat="41.54109480146274" lon="-71.32282295355755"><time>2026-08-09T16:33:27Z</time></trkpt><trkpt lat="41.54113568489864" lon="-71.32281457601039"><time>2026-08-09T16:33:28Z</time></trkpt><trkpt lat="41.5411667070947" lon="-71.3227875143287"><time>2026-08-09T16:33:29Z</time></trkpt><trkpt lat="41.54119975398344" lon="-71.32275782259921"><time>2026-08-09T16:33:30Z</time></trkpt><trkpt lat="41.54122856779267" lon="-71.32271905590729"><time>2026-08-09T16:33:31Z</time></trkpt><trkpt lat="41.54125252730133" lon="-71.32269358933804"><time>2026-08-09T16:33:32Z</time></trkpt><trkpt lat="41.54128762546745" lon="-71.32267575667711"><time>2026-08-09T16:33:33Z</time></trkpt><trkpt lat="41.541321242146566" lon="-71.32266092605909"><time>2026-08-09T16:33:34Z</time></trkpt><trkpt lat="41.541356544113654" lon="-71.32265112388029"><time>2026-08-09T16:33:35Z</time></trkpt><trkpt lat="41.54139084341996" lon="-71.32261587245547"><time>2026-08-09T16:33:36Z</time></trkpt><trkpt lat="41.541420925770744" lon="-71.32259976258052"><time>2026-08-09T16:33:37Z</time></trkpt><trkpt lat="41.541449105680265" lon="-71.32257315902326"><time>2026-08-09T16:33:38Z</time></trkpt><trkpt lat="41.541478403021756" lon="-71.32256509386617"><time>2026-08-09T16:33:39Z</time></trkpt><trkpt lat="41.54150495376572" lon="-71.32254923729991"><time>2026-08-09T16:33:40Z</time></trkpt><trkpt lat="41.541524178669505" lon="-71.32253665382953"><time>2026-08-09T16:33:41Z</time></trkpt><trkpt lat="41.54155456297255" lon="-71.32253665130828"><time>2026-08-09T16:33:42Z</time></trkpt><trkpt lat="41.54159398526049" lon="-71.32251918641762"><time>2026-08-09T16:33:43Z</time></trkpt><trkpt lat="41.54162593810609" lon="-71.3225114448322"><time>2026-08-09T16:33:44Z</time></trkpt><trkpt lat="41.541677869671354" lon="-71.32251019450429"><time>2026-08-09T16:33:46Z</time></trkpt><trkpt lat="41.5417007496496" lon="-71.32250605313179"><time>2026-08-09T16:33:47Z</time></trkpt><trkpt lat="41.54172568699425" lon="-71.32251087655477"><time>2026-08-09T16:33:48Z</time></trkpt><trkpt lat="41.54175738461331" lon="-71.3225221975378"><time>2026-08-09T16:33:49Z</time></trkpt><trkpt lat="41.541789344885224" lon="-71.32251975301203"><time>2026-08-09T16:33:50Z</time></trkpt><trkpt lat="41.54181974939829" lon="-71.32252986766548"><time>2026-08-09T16:33:51Z</time></trkpt><trkpt lat="41.541854924520564" lon="-71.32252397282537"><time>2026-08-09T16:33:52Z</time></trkpt><trkpt lat="41.54188183842678" lon="-71.32250905370886"><time>2026-08-09T16:33:53Z</time></trkpt><trkpt lat="41.54191564456657" lon="-71.32252293821743"><time>2026-08-09T16:33:54Z</time></trkpt><trkpt lat="41.541940208763286" lon="-71.32253850006644"><time>2026-08-09T16:33:55Z</time></trkpt><trkpt lat="41.54197818213837" lon="-71.32255720369713"><time>2026-08-09T16:33:56Z</time></trkpt><trkpt lat="41.542002424880735" lon="-71.32255604265303"><time>2026-08-09T16:33:57Z</time></trkpt><trkpt lat="41.54202957071938" lon="-71.32255423211016"><time>2026-08-09T16:33:58Z</time></trkpt><trkpt lat="41.54205583738434" lon="-71.3225698476599"><time>2026-08-09T16:33:59Z</time></trkpt><trkpt lat="41.542084262907416" lon="-71.32257320170007"><time>2026-08-09T16:34:00Z</time></trkpt><trkpt lat="41.54211156884108" lon="-71.32257467120104"><time>2026-08-09T16:34:01Z</time></trkpt><trkpt lat="41.54214072682932" lon="-71.3225770774809"><time>2026-08-09T16:34:02Z</time></trkpt><trkpt lat="41.54216859337479" lon="-71.322579580336"><time>2026-08-09T16:34:03Z</time></trkpt><trkpt lat="41.54219724064115" lon="-71.32258598079788"><time>2026-08-09T16:34:04Z</time></trkpt><trkpt lat="41.5422257880703" lon="-71.32259228226869"><time>2026-08-09T16:34:05Z</time></trkpt><trkpt lat="41.542255985049124" lon="-71.32259426650181"><time>2026-08-09T16:34:06Z</time></trkpt><trkpt lat="41.54228833398382" lon="-71.32259446664966"><time>2026-08-09T16:34:07Z</time></trkpt><trkpt lat="41.5423167634065" lon="-71.3225995871776"><time>2026-08-09T16:34:08Z</time></trkpt><trkpt lat="41.54234357387013" lon="-71.3226131067709"><time>2026-08-09T16:34:09Z</time></trkpt><trkpt lat="41.54237015167615" lon="-71.32261750009965"><time>2026-08-09T16:34:10Z</time></trkpt><trkpt lat="41.542398363203155" lon="-71.32262681588618"><time>2026-08-09T16:34:11Z</time></trkpt><trkpt lat="41.54243046947083" lon="-71.32262515126816"><time>2026-08-09T16:34:12Z</time></trkpt><trkpt lat="41.54245699138627" lon="-71.32263673362426"><time>2026-08-09T16:34:13Z</time></trkpt><trkpt lat="41.542486178280924" lon="-71.32264406672437"><time>2026-08-09T16:34:14Z</time></trkpt><trkpt lat="41.542516440903256" lon="-71.32265176730141"><time>2026-08-09T16:34:15Z</time></trkpt><trkpt lat="41.54254528047781" lon="-71.3226601915357"><time>2026-08-09T16:34:16Z</time></trkpt><trkpt lat="41.54257516982533" lon="-71.32266611437093"><time>2026-08-09T16:34:17Z</time></trkpt><trkpt lat="41.54260655928764" lon="-71.32267047504247"><time>2026-08-09T16:34:18Z</time></trkpt><trkpt lat="41.54263527464794" lon="-71.3226821905432"><time>2026-08-09T16:34:19Z</time></trkpt><trkpt lat="41.54266444785449" lon="-71.32269220879944"><time>2026-08-09T16:34:20Z</time></trkpt><trkpt lat="41.542694046435955" lon="-71.32270170087271"><time>2026-08-09T16:34:21Z</time></trkpt><trkpt lat="41.542723120930845" lon="-71.32271142289962"><time>2026-08-09T16:34:22Z</time></trkpt><trkpt lat="41.542753486783376" lon="-71.32271836565135"><time>2026-08-09T16:34:23Z</time></trkpt><trkpt lat="41.542782733441676" lon="-71.3227278304531"><time>2026-08-09T16:34:24Z</time></trkpt><trkpt lat="41.54281220009665" lon="-71.32273951625677"><time>2026-08-09T16:34:25Z</time></trkpt><trkpt lat="41.54284317656819" lon="-71.32274840729146"><time>2026-08-09T16:34:26Z</time></trkpt><trkpt lat="41.54287213774488" lon="-71.32275957887921"><time>2026-08-09T16:34:27Z</time></trkpt><trkpt lat="41.54290184253521" lon="-71.32276928347935"><time>2026-08-09T16:34:28Z</time></trkpt><trkpt lat="41.542931363547034" lon="-71.32277782669271"><time>2026-08-09T16:34:29Z</time></trkpt><trkpt lat="41.54296186034658" lon="-71.3227842342774"><time>2026-08-09T16:34:30Z</time></trkpt><trkpt lat="41.54299321905986" lon="-71.32278934930478"><time>2026-08-09T16:34:31Z</time></trkpt><trkpt lat="41.54302515323995" lon="-71.32279566355994"><time>2026-08-09T16:34:32Z</time></trkpt><trkpt lat="41.54305865806435" lon="-71.32280162210135"><time>2026-08-09T16:34:33Z</time></trkpt><trkpt lat="41.543093497435585" lon="-71.32280461426755"><time>2026-08-09T16:34:34Z</time></trkpt><trkpt lat="41.543116302103826" lon="-71.32282293196317"><time>2026-08-09T16:34:35Z</time></trkpt><trkpt lat="41.54314790845792" lon="-71.32283022621957"><time>2026-08-09T16:34:36Z</time></trkpt><trkpt lat="41.543182613197146" lon="-71.32283958875145"><time>2026-08-09T16:34:37Z</time></trkpt><trkpt lat="41.54321199720876" lon="-71.32284585360601"><time>2026-08-09T16:34:38Z</time></trkpt><trkpt lat="41.54324417324038" lon="-71.322851170445"><time>2026-08-09T16:34:39Z</time></trkpt><trkpt lat="41.54327636816967" lon="-71.32285524795827"><time>2026-08-09T16:34:40Z</time></trkpt><trkpt lat="41.54330871495139" lon="-71.32285869873294"><time>2026-08-09T16:34:41Z</time></trkpt><trkpt lat="41.54334050077781" lon="-71.32286463086848"><time>2026-08-09T16:34:42Z</time></trkpt><trkpt lat="41.543371218929295" lon="-71.32287121953452"><time>2026-08-09T16:34:43Z</time></trkpt><trkpt lat="41.54340182695862" lon="-71.32287667632257"><time>2026-08-09T16:34:44Z</time></trkpt><trkpt lat="41.54343465389892" lon="-71.32288308248741"><time>2026-08-09T16:34:45Z</time></trkpt><trkpt lat="41.54346635202104" lon="-71.32288874610502"><time>2026-08-09T16:34:46Z</time></trkpt><trkpt lat="41.54349843678378" lon="-71.32289451337174"><time>2026-08-09T16:34:47Z</time></trkpt><trkpt lat="41.543526410749" lon="-71.32289903666016"><time>2026-08-09T16:34:48Z</time></trkpt><trkpt lat="41.543566640758186" lon="-71.322881710334"><time>2026-08-09T16:34:49Z</time></trkpt><trkpt lat="41.54359849632336" lon="-71.32287300795413"><time>2026-08-09T16:34:50Z</time></trkpt><trkpt lat="41.543633803002635" lon="-71.32290184612242"><time>2026-08-09T16:34:51Z</time></trkpt><trkpt lat="41.54366722856988" lon="-71.32290477233381"><time>2026-08-09T16:34:52Z</time></trkpt><trkpt lat="41.543696267321856" lon="-71.3229066507661"><time>2026-08-09T16:34:53Z</time></trkpt><trkpt lat="41.5437294623433" lon="-71.3229071615641"><time>2026-08-09T16:34:54Z</time></trkpt><trkpt lat="41.543759620127446" lon="-71.32290985375974"><time>2026-08-09T16:34:55Z</time></trkpt><trkpt lat="41.543790849446445" lon="-71.32291815661833"><time>2026-08-09T16:34:56Z</time></trkpt><trkpt lat="41.54382174126044" lon="-71.32292185170324"><time>2026-08-09T16:34:57Z</time></trkpt><trkpt lat="41.54385547972728" lon="-71.32292513636483"><time>2026-08-09T16:34:58Z</time></trkpt><trkpt lat="41.54388698006525" lon="-71.32292683505796"><time>2026-08-09T16:34:59Z</time></trkpt><trkpt lat="41.54391884080043" lon="-71.32292935035585"><time>2026-08-09T16:35:00Z</time></trkpt><trkpt lat="41.543950743880366" lon="-71.32293144031105"><time>2026-08-09T16:35:01Z</time></trkpt><trkpt lat="41.543981758991016" lon="-71.32293495564329"><time>2026-08-09T16:35:02Z</time></trkpt><trkpt lat="41.544013248979695" lon="-71.32293844385318"><time>2026-08-09T16:35:03Z</time></trkpt><trkpt lat="41.54404018162303" lon="-71.32294174387378"><time>2026-08-09T16:35:04Z</time></trkpt><trkpt lat="41.54406365984788" lon="-71.3229547359"><time>2026-08-09T16:35:05Z</time></trkpt><trkpt lat="41.54409701017042" lon="-71.3229540656435"><time>2026-08-09T16:35:06Z</time></trkpt><trkpt lat="41.54412965260578" lon="-71.32295580317457"><time>2026-08-09T16:35:07Z</time></trkpt><trkpt lat="41.54416035737455" lon="-71.32296035396857"><time>2026-08-09T16:35:08Z</time></trkpt><trkpt lat="41.54419118041112" lon="-71.32296153429456"><time>2026-08-09T16:35:09Z</time></trkpt><trkpt lat="41.544221566755574" lon="-71.322963414126"><time>2026-08-09T16:35:10Z</time></trkpt><trkpt lat="41.54425197432348" lon="-71.3229674039017"><time>2026-08-09T16:35:11Z</time></trkpt><trkpt lat="41.54428222868624" lon="-71.32296750380861"><time>2026-08-09T16:35:12Z</time></trkpt><trkpt lat="41.5443118662001" lon="-71.32297106560641"><time>2026-08-09T16:35:13Z</time></trkpt><trkpt lat="41.54434273392663" lon="-71.32297503479634"><time>2026-08-09T16:35:14Z</time></trkpt><trkpt lat="41.54437324742029" lon="-71.32297704694572"><time>2026-08-09T16:35:15Z</time></trkpt><trkpt lat="41.544404235059424" lon="-71.32297823407072"><time>2026-08-09T16:35:16Z</time></trkpt><trkpt lat="41.544434403065836" lon="-71.32298148659476"><time>2026-08-09T16:35:17Z</time></trkpt><trkpt lat="41.54446567721526" lon="-71.32298447440986"><time>2026-08-09T16:35:18Z</time></trkpt><trkpt lat="41.54449611305326" lon="-71.32298812496587"><time>2026-08-09T16:35:19Z</time></trkpt><trkpt lat="41.54452751131058" lon="-71.322992399336"><time>2026-08-09T16:35:20Z</time></trkpt><trkpt lat="41.54455800237718" lon="-71.32299710549579"><time>2026-08-09T16:35:21Z</time></trkpt><trkpt lat="41.54458905280804" lon="-71.32300343976533"><time>2026-08-09T16:35:22Z</time></trkpt><trkpt lat="41.544620184576104" lon="-71.32301013532759"><time>2026-08-09T16:35:23Z</time></trkpt><trkpt lat="41.54465164903977" lon="-71.32301604374493"><time>2026-08-09T16:35:24Z</time></trkpt><trkpt lat="41.54468379021614" lon="-71.3230210749239"><time>2026-08-09T16:35:25Z</time></trkpt><trkpt lat="41.544716416054825" lon="-71.32302477848928"><time>2026-08-09T16:35:26Z</time></trkpt><trkpt lat="41.54474850805585" lon="-71.32302928914176"><time>2026-08-09T16:35:27Z</time></trkpt><trkpt lat="41.54477975419727" lon="-71.3230363944037"><time>2026-08-09T16:35:28Z</time></trkpt><trkpt lat="41.54481218941319" lon="-71.32304447890688"><time>2026-08-09T16:35:29Z</time></trkpt><trkpt lat="41.54484444738914" lon="-71.32304798038612"><time>2026-08-09T16:35:30Z</time></trkpt><trkpt lat="41.544877269544095" lon="-71.32305382948938"><time>2026-08-09T16:35:31Z</time></trkpt><trkpt lat="41.5449103871111" lon="-71.32305713771875"><time>2026-08-09T16:35:32Z</time></trkpt><trkpt lat="41.54494320194254" lon="-71.32306184365729"><time>2026-08-09T16:35:33Z</time></trkpt><trkpt lat="41.54497521866647" lon="-71.32307011503013"><time>2026-08-09T16:35:34Z</time></trkpt><trkpt lat="41.54500695724771" lon="-71.32307832365183"><time>2026-08-09T16:35:35Z</time></trkpt><trkpt lat="41.54503950302805" lon="-71.32308388348868"><time>2026-08-09T16:35:36Z</time></trkpt><trkpt lat="41.545071563481685" lon="-71.32308953456474"><time>2026-08-09T16:35:37Z</time></trkpt><trkpt lat="41.54510313670084" lon="-71.32309780567515"><time>2026-08-09T16:35:38Z</time></trkpt><trkpt lat="41.5451360564191" lon="-71.32310338802215"><time>2026-08-09T16:35:39Z</time></trkpt><trkpt lat="41.5451680170535" lon="-71.32311148104591"><time>2026-08-09T16:35:40Z</time></trkpt><trkpt lat="41.545201356558664" lon="-71.32311532811788"><time>2026-08-09T16:35:41Z</time></trkpt><trkpt lat="41.545234619960084" lon="-71.32312189170992"><time>2026-08-09T16:35:42Z</time></trkpt><trkpt lat="41.54526872040277" lon="-71.32312673967847"><time>2026-08-09T16:35:43Z</time></trkpt><trkpt lat="41.54530101289521" lon="-71.32313146802996"><time>2026-08-09T16:35:44Z</time></trkpt><trkpt lat="41.545333866622535" lon="-71.32313838655202"><time>2026-08-09T16:35:45Z</time></trkpt><trkpt lat="41.54536694242075" lon="-71.3231447652538"><time>2026-08-09T16:35:46Z</time></trkpt><trkpt lat="41.545399811729204" lon="-71.32314895275664"><time>2026-08-09T16:35:47Z</time></trkpt><trkpt lat="41.54543376681804" lon="-71.32315478182578"><time>2026-08-09T16:35:48Z</time></trkpt><trkpt lat="41.54546665725729" lon="-71.32316228156017"><time>2026-08-09T16:35:49Z</time></trkpt><trkpt lat="41.545500122241556" lon="-71.32317088133372"><time>2026-08-09T16:35:50Z</time></trkpt><trkpt lat="41.54553274810436" lon="-71.3231797449123"><time>2026-08-09T16:35:51Z</time></trkpt><trkpt lat="41.545565079177095" lon="-71.32318882000405"><time>2026-08-09T16:35:52Z</time></trkpt><trkpt lat="41.545598326947434" lon="-71.32319557814405"><time>2026-08-09T16:35:53Z</time></trkpt><trkpt lat="41.545631828081625" lon="-71.32320060882418"><time>2026-08-09T16:35:54Z</time></trkpt><trkpt lat="41.54566416365401" lon="-71.32320885790152"><time>2026-08-09T16:35:55Z</time></trkpt><trkpt lat="41.54569789215829" lon="-71.32320976726699"><time>2026-08-09T16:35:56Z</time></trkpt><trkpt lat="41.54572922835214" lon="-71.32321502232429"><time>2026-08-09T16:35:57Z</time></trkpt><trkpt lat="41.545760922780765" lon="-71.32322647326606"><time>2026-08-09T16:35:58Z</time></trkpt><trkpt lat="41.54579367389808" lon="-71.32323550754609"><time>2026-08-09T16:35:59Z</time></trkpt><trkpt lat="41.54582576453854" lon="-71.32324107340182"><time>2026-08-09T16:36:00Z</time></trkpt><trkpt lat="41.54585752138309" lon="-71.32324762189867"><time>2026-08-09T16:36:01Z</time></trkpt><trkpt lat="41.54589129735245" lon="-71.32325615480909"><time>2026-08-09T16:36:02Z</time></trkpt><trkpt lat="41.545922077703175" lon="-71.3232642670567"><time>2026-08-09T16:36:03Z</time></trkpt><trkpt lat="41.54595439749333" lon="-71.32327258245864"><time>2026-08-09T16:36:04Z</time></trkpt><trkpt lat="41.545986507342874" lon="-71.32327931693813"><time>2026-08-09T16:36:05Z</time></trkpt><trkpt lat="41.546019159861274" lon="-71.3232850189627"><time>2026-08-09T16:36:06Z</time></trkpt><trkpt lat="41.54605096447623" lon="-71.32329446106421"><time>2026-08-09T16:36:07Z</time></trkpt><trkpt lat="41.5460837499105" lon="-71.3233036863001"><time>2026-08-09T16:36:08Z</time></trkpt><trkpt lat="41.54611664846123" lon="-71.32331054416434"><time>2026-08-09T16:36:09Z</time></trkpt><trkpt lat="41.54614919319602" lon="-71.32331928937953"><time>2026-08-09T16:36:10Z</time></trkpt><trkpt lat="41.54618247345061" lon="-71.32332549543712"><time>2026-08-09T16:36:11Z</time></trkpt><trkpt lat="41.546215142963334" lon="-71.32333504486722"><time>2026-08-09T16:36:12Z</time></trkpt><trkpt lat="41.54624790735369" lon="-71.3233420446818"><time>2026-08-09T16:36:13Z</time></trkpt><trkpt lat="41.546281176463815" lon="-71.3233463724601"><time>2026-08-09T16:36:14Z</time></trkpt><trkpt lat="41.5463143081207" lon="-71.32335260997195"><time>2026-08-09T16:36:15Z</time></trkpt><trkpt lat="41.546345416465044" lon="-71.3233590656433"><time>2026-08-09T16:36:16Z</time></trkpt><trkpt lat="41.54637770803016" lon="-71.32336740564364"><time>2026-08-09T16:36:17Z</time></trkpt><trkpt lat="41.54641024052293" lon="-71.32337388846662"><time>2026-08-09T16:36:18Z</time></trkpt><trkpt lat="41.5464417986271" lon="-71.32338285476838"><time>2026-08-09T16:36:19Z</time></trkpt><trkpt lat="41.546474360195624" lon="-71.32339608875394"><time>2026-08-09T16:36:20Z</time></trkpt><trkpt lat="41.546506126829264" lon="-71.32340608556012"><time>2026-08-09T16:36:21Z</time></trkpt><trkpt lat="41.546539191483504" lon="-71.32341467069281"><time>2026-08-09T16:36:22Z</time></trkpt><trkpt lat="41.54657119560584" lon="-71.32342567077744"><time>2026-08-09T16:36:23Z</time></trkpt><trkpt lat="41.54660411403442" lon="-71.32343269235076"><time>2026-08-09T16:36:24Z</time></trkpt><trkpt lat="41.54663721685142" lon="-71.32344192242245"><time>2026-08-09T16:36:25Z</time></trkpt><trkpt lat="41.54666949004397" lon="-71.32345088227414"><time>2026-08-09T16:36:26Z</time></trkpt><trkpt lat="41.5467018890845" lon="-71.3234604841874"><time>2026-08-09T16:36:27Z</time></trkpt><trkpt lat="41.546734236307806" lon="-71.32346904863547"><time>2026-08-09T16:36:28Z</time></trkpt><trkpt lat="41.546766587096165" lon="-71.32347913088115"><time>2026-08-09T16:36:29Z</time></trkpt><trkpt lat="41.54679844110831" lon="-71.32348846035462"><time>2026-08-09T16:36:30Z</time></trkpt><trkpt lat="41.54683065520758" lon="-71.32349926957515"><time>2026-08-09T16:36:31Z</time></trkpt><trkpt lat="41.54686328692315" lon="-71.32350742549828"><time>2026-08-09T16:36:32Z</time></trkpt><trkpt lat="41.54689521328643" lon="-71.32351401733162"><time>2026-08-09T16:36:33Z</time></trkpt><trkpt lat="41.54692808963332" lon="-71.32352044893062"><time>2026-08-09T16:36:34Z</time></trkpt><trkpt lat="41.5469612908015" lon="-71.32352903063361"><time>2026-08-09T16:36:35Z</time></trkpt><trkpt lat="41.546993162632745" lon="-71.32353696966437"><time>2026-08-09T16:36:36Z</time></trkpt><trkpt lat="41.54702492419138" lon="-71.32354389810942"><time>2026-08-09T16:36:37Z</time></trkpt><trkpt lat="41.54705629826533" lon="-71.32355052257793"><time>2026-08-09T16:36:38Z</time></trkpt><trkpt lat="41.54708810676602" lon="-71.32355930171589"><time>2026-08-09T16:36:39Z</time></trkpt><trkpt lat="41.54711951103245" lon="-71.32356823017592"><time>2026-08-09T16:36:40Z</time></trkpt><trkpt lat="41.54715142606956" lon="-71.32357760827256"><time>2026-08-09T16:36:41Z</time></trkpt><trkpt lat="41.547183403080155" lon="-71.32358550432562"><time>2026-08-09T16:36:42Z</time></trkpt><trkpt lat="41.5472144812042" lon="-71.32359342374673"><time>2026-08-09T16:36:43Z</time></trkpt><trkpt lat="41.54724635217119" lon="-71.32360216111233"><time>2026-08-09T16:36:44Z</time></trkpt><trkpt lat="41.54727700235854" lon="-71.32360694634329"><time>2026-08-09T16:36:45Z</time></trkpt><trkpt lat="41.547307793085146" lon="-71.32361564613792"><time>2026-08-09T16:36:46Z</time></trkpt><trkpt lat="41.54733966289802" lon="-71.32362289055983"><time>2026-08-09T16:36:47Z</time></trkpt><trkpt lat="41.54737085635227" lon="-71.32363083793861"><time>2026-08-09T16:36:48Z</time></trkpt><trkpt lat="41.54740253367804" lon="-71.32363892115299"><time>2026-08-09T16:36:49Z</time></trkpt><trkpt lat="41.54743308227233" lon="-71.32364812046671"><time>2026-08-09T16:36:50Z</time></trkpt><trkpt lat="41.54746498839837" lon="-71.32365683199588"><time>2026-08-09T16:36:51Z</time></trkpt><trkpt lat="41.54749628071956" lon="-71.3236634424677"><time>2026-08-09T16:36:52Z</time></trkpt><trkpt lat="41.54752835276043" lon="-71.32366958900687"><time>2026-08-09T16:36:53Z</time></trkpt><trkpt lat="41.54755868779657" lon="-71.32367822330686"><time>2026-08-09T16:36:54Z</time></trkpt><trkpt lat="41.5475903737716" lon="-71.32368515924954"><time>2026-08-09T16:36:55Z</time></trkpt><trkpt lat="41.547621692305704" lon="-71.32369415888397"><time>2026-08-09T16:36:56Z</time></trkpt><trkpt lat="41.5476531898292" lon="-71.32369904517616"><time>2026-08-09T16:36:57Z</time></trkpt><trkpt lat="41.547686120723405" lon="-71.32370706584746"><time>2026-08-09T16:36:58Z</time></trkpt><trkpt lat="41.54772335120976" lon="-71.32371033137845"><time>2026-08-09T16:36:59Z</time></trkpt><trkpt lat="41.54775267177357" lon="-71.32372046832491"><time>2026-08-09T16:37:00Z</time></trkpt><trkpt lat="41.547783091171276" lon="-71.32372870399921"><time>2026-08-09T16:37:01Z</time></trkpt><trkpt lat="41.54780986133524" lon="-71.32374006476428"><time>2026-08-09T16:37:02Z</time></trkpt><trkpt lat="41.547842679773275" lon="-71.3237416072268"><time>2026-08-09T16:37:03Z</time></trkpt><trkpt lat="41.54787386763638" lon="-71.32375349436745"><time>2026-08-09T16:37:04Z</time></trkpt><trkpt lat="41.547905372596574" lon="-71.32375862147074"><time>2026-08-09T16:37:05Z</time></trkpt><trkpt lat="41.54793567351628" lon="-71.3237654311546"><time>2026-08-09T16:37:06Z</time></trkpt><trkpt lat="41.547966281853775" lon="-71.32377358891962"><time>2026-08-09T16:37:07Z</time></trkpt><trkpt lat="41.54799970513894" lon="-71.32377827197799"><time>2026-08-09T16:37:08Z</time></trkpt><trkpt lat="41.548031491461124" lon="-71.32378738286333"><time>2026-08-09T16:37:09Z</time></trkpt><trkpt lat="41.548061867338674" lon="-71.32379555368628"><time>2026-08-09T16:37:10Z</time></trkpt><trkpt lat="41.54809508109421" lon="-71.32380371836427"><time>2026-08-09T16:37:11Z</time></trkpt><trkpt lat="41.54812590631288" lon="-71.3238108831487"><time>2026-08-09T16:37:12Z</time></trkpt><trkpt lat="41.548156810546374" lon="-71.32382133765458"><time>2026-08-09T16:37:13Z</time></trkpt><trkpt lat="41.54818771850473" lon="-71.32382773811717"><time>2026-08-09T16:37:14Z</time></trkpt><trkpt lat="41.548219621013104" lon="-71.32383216745393"><time>2026-08-09T16:37:15Z</time></trkpt><trkpt lat="41.54825203978754" lon="-71.3238384696459"><time>2026-08-09T16:37:16Z</time></trkpt><trkpt lat="41.54828371084161" lon="-71.32384755451508"><time>2026-08-09T16:37:17Z</time></trkpt><trkpt lat="41.54831399838581" lon="-71.32385857050528"><time>2026-08-09T16:37:18Z</time></trkpt><trkpt lat="41.548345410638795" lon="-71.32386833678981"><time>2026-08-09T16:37:19Z</time></trkpt><trkpt lat="41.54837839283995" lon="-71.32387518992725"><time>2026-08-09T16:37:20Z</time></trkpt><trkpt lat="41.548409543060984" lon="-71.32388396481839"><time>2026-08-09T16:37:21Z</time></trkpt><trkpt lat="41.548441068173524" lon="-71.32389133505922"><time>2026-08-09T16:37:22Z</time></trkpt><trkpt lat="41.548471164443" lon="-71.32389878262224"><time>2026-08-09T16:37:23Z</time></trkpt><trkpt lat="41.54850361698396" lon="-71.32390194674812"><time>2026-08-09T16:37:24Z</time></trkpt><trkpt lat="41.54853495047926" lon="-71.32391130757205"><time>2026-08-09T16:37:25Z</time></trkpt><trkpt lat="41.54856538836094" lon="-71.32392371877346"><time>2026-08-09T16:37:26Z</time></trkpt><trkpt lat="41.54859684423698" lon="-71.32393614686713"><time>2026-08-09T16:37:27Z</time></trkpt><trkpt lat="41.54862670713386" lon="-71.32395037986397"><time>2026-08-09T16:37:28Z</time></trkpt><trkpt lat="41.54865778780116" lon="-71.32396183176658"><time>2026-08-09T16:37:29Z</time></trkpt><trkpt lat="41.54868844008532" lon="-71.32397333994956"><time>2026-08-09T16:37:30Z</time></trkpt><trkpt lat="41.548719957532526" lon="-71.32398451335041"><time>2026-08-09T16:37:31Z</time></trkpt><trkpt lat="41.54875009353789" lon="-71.32399972059524"><time>2026-08-09T16:37:32Z</time></trkpt><trkpt lat="41.54878028139211" lon="-71.32401455909822"><time>2026-08-09T16:37:33Z</time></trkpt><trkpt lat="41.5488141592448" lon="-71.32402690009668"><time>2026-08-09T16:37:34Z</time></trkpt><trkpt lat="41.54884614449887" lon="-71.32402335529618"><time>2026-08-09T16:37:35Z</time></trkpt><trkpt lat="41.54886085942792" lon="-71.32403765902953"><time>2026-08-09T16:37:36Z</time></trkpt><trkpt lat="41.54889089953071" lon="-71.32405391968372"><time>2026-08-09T16:37:37Z</time></trkpt><trkpt lat="41.548924832557844" lon="-71.32407822917386"><time>2026-08-09T16:37:38Z</time></trkpt><trkpt lat="41.54895686120668" lon="-71.3240942453764"><time>2026-08-09T16:37:39Z</time></trkpt><trkpt lat="41.54898969957201" lon="-71.32410613729867"><time>2026-08-09T16:37:40Z</time></trkpt><trkpt lat="41.54901548873339" lon="-71.32412261341132"><time>2026-08-09T16:37:41Z</time></trkpt><trkpt lat="41.54904859369569" lon="-71.32412363220612"><time>2026-08-09T16:37:42Z</time></trkpt><trkpt lat="41.5490782330374" lon="-71.32415130437663"><time>2026-08-09T16:37:43Z</time></trkpt><trkpt lat="41.54911052151691" lon="-71.32416060653833"><time>2026-08-09T16:37:44Z</time></trkpt><trkpt lat="41.549137594927224" lon="-71.32417766485887"><time>2026-08-09T16:37:45Z</time></trkpt><trkpt lat="41.54916829560852" lon="-71.32419342180854"><time>2026-08-09T16:37:46Z</time></trkpt><trkpt lat="41.54919990694338" lon="-71.32421200472679"><time>2026-08-09T16:37:47Z</time></trkpt><trkpt lat="41.54923172575796" lon="-71.3242270138492"><time>2026-08-09T16:37:48Z</time></trkpt><trkpt lat="41.549263004134424" lon="-71.32423728816126"><time>2026-08-09T16:37:49Z</time></trkpt><trkpt lat="41.54929529120653" lon="-71.32424366207003"><time>2026-08-09T16:37:50Z</time></trkpt><trkpt lat="41.54932626715451" lon="-71.3242530893698"><time>2026-08-09T16:37:51Z</time></trkpt><trkpt lat="41.54935814851343" lon="-71.32425997412126"><time>2026-08-09T16:37:52Z</time></trkpt><trkpt lat="41.549389661102445" lon="-71.3242684751281"><time>2026-08-09T16:37:53Z</time></trkpt><trkpt lat="41.549421279992686" lon="-71.32427613727987"><time>2026-08-09T16:37:54Z</time></trkpt><trkpt lat="41.54945133163073" lon="-71.32428415355265"><time>2026-08-09T16:37:55Z</time></trkpt><trkpt lat="41.549482664297486" lon="-71.32429711484926"><time>2026-08-09T16:37:56Z</time></trkpt><trkpt lat="41.54951336868636" lon="-71.3243056051615"><time>2026-08-09T16:37:57Z</time></trkpt><trkpt lat="41.5495450929329" lon="-71.32431546565894"><time>2026-08-09T16:37:58Z</time></trkpt><trkpt lat="41.54958035601672" lon="-71.32432090120953"><time>2026-08-09T16:37:59Z</time></trkpt><trkpt lat="41.5496150095515" lon="-71.32432337640816"><time>2026-08-09T16:38:00Z</time></trkpt><trkpt lat="41.54964396549858" lon="-71.32430635906583"><time>2026-08-09T16:38:01Z</time></trkpt><trkpt lat="41.54967500731406" lon="-71.32432285548258"><time>2026-08-09T16:38:02Z</time></trkpt><trkpt lat="41.549697841369415" lon="-71.32435699077921"><time>2026-08-09T16:38:03Z</time></trkpt><trkpt lat="41.54973041904988" lon="-71.32435430970449"><time>2026-08-09T16:38:04Z</time></trkpt><trkpt lat="41.54976019932962" lon="-71.324360532896"><time>2026-08-09T16:38:05Z</time></trkpt><trkpt lat="41.54979053239201" lon="-71.32436819316335"><time>2026-08-09T16:38:06Z</time></trkpt><trkpt lat="41.54982061132354" lon="-71.32438029572509"><time>2026-08-09T16:38:07Z</time></trkpt><trkpt lat="41.54985119177945" lon="-71.32438796806306"><time>2026-08-09T16:38:08Z</time></trkpt><trkpt lat="41.549882829757074" lon="-71.32439989906932"><time>2026-08-09T16:38:09Z</time></trkpt><trkpt lat="41.5499090387278" lon="-71.32440671458787"><time>2026-08-09T16:38:10Z</time></trkpt><trkpt lat="41.54993779468879" lon="-71.32441619951905"><time>2026-08-09T16:38:11Z</time></trkpt><trkpt lat="41.54996610209013" lon="-71.32442542270945"><time>2026-08-09T16:38:12Z</time></trkpt><trkpt lat="41.54999467144929" lon="-71.32443433331282"><time>2026-08-09T16:38:13Z</time></trkpt><trkpt lat="41.55002405965359" lon="-71.32444080192266"><time>2026-08-09T16:38:14Z</time></trkpt><trkpt lat="41.55005307620773" lon="-71.32444830408234"><time>2026-08-09T16:38:15Z</time></trkpt><trkpt lat="41.550083032184496" lon="-71.32445484790466"><time>2026-08-09T16:38:16Z</time></trkpt><trkpt lat="41.55011227664961" lon="-71.32446260698227"><time>2026-08-09T16:38:17Z</time></trkpt><trkpt lat="41.55014206251168" lon="-71.32447076937251"><time>2026-08-09T16:38:18Z</time></trkpt><trkpt lat="41.55017081167683" lon="-71.32447914667733"><time>2026-08-09T16:38:19Z</time></trkpt><trkpt lat="41.55020016586311" lon="-71.32448738892585"><time>2026-08-09T16:38:20Z</time></trkpt><trkpt lat="41.5502280911672" lon="-71.32449522575024"><time>2026-08-09T16:38:21Z</time></trkpt><trkpt lat="41.55025755983241" lon="-71.32450280259533"><time>2026-08-09T16:38:22Z</time></trkpt><trkpt lat="41.550288044982395" lon="-71.32450939096026"><time>2026-08-09T16:38:23Z</time></trkpt><trkpt lat="41.55031549932919" lon="-71.32451561782324"><time>2026-08-09T16:38:24Z</time></trkpt><trkpt lat="41.55034228515327" lon="-71.32451932780995"><time>2026-08-09T16:38:25Z</time></trkpt><trkpt lat="41.55037428871605" lon="-71.32452819660332"><time>2026-08-09T16:38:26Z</time></trkpt><trkpt lat="41.55040366955651" lon="-71.32453560286694"><time>2026-08-09T16:38:27Z</time></trkpt><trkpt lat="41.55042923597767" lon="-71.32454103599053"><time>2026-08-09T16:38:28Z</time></trkpt><trkpt lat="41.5504637199206" lon="-71.32454330444821"><time>2026-08-09T16:38:29Z</time></trkpt><trkpt lat="41.55049196275504" lon="-71.32454950700632"><time>2026-08-09T16:38:30Z</time></trkpt><trkpt lat="41.55051732853861" lon="-71.32455935719962"><time>2026-08-09T16:38:31Z</time></trkpt><trkpt lat="41.55054585931037" lon="-71.32456744080372"><time>2026-08-09T16:38:32Z</time></trkpt><trkpt lat="41.55057201581421" lon="-71.32457324198242"><time>2026-08-09T16:38:33Z</time></trkpt><trkpt lat="41.55060754014351" lon="-71.32458347791982"><time>2026-08-09T16:38:34Z</time></trkpt><trkpt lat="41.550630034797415" lon="-71.32458032397018"><time>2026-08-09T16:38:35Z</time></trkpt><trkpt lat="41.5506596211428" lon="-71.32459326424473"><time>2026-08-09T16:38:36Z</time></trkpt><trkpt lat="41.55068791345697" lon="-71.32460023977772"><time>2026-08-09T16:38:37Z</time></trkpt><trkpt lat="41.55071758370498" lon="-71.32460461170623"><time>2026-08-09T16:38:38Z</time></trkpt><trkpt lat="41.55074628595175" lon="-71.32461476354217"><time>2026-08-09T16:38:39Z</time></trkpt><trkpt lat="41.550773512435775" lon="-71.32462099848595"><time>2026-08-09T16:38:40Z</time></trkpt><trkpt lat="41.55080470213457" lon="-71.3246260999065"><time>2026-08-09T16:38:41Z</time></trkpt><trkpt lat="41.550832205669636" lon="-71.32463366428205"><time>2026-08-09T16:38:42Z</time></trkpt><trkpt lat="41.55086006384356" lon="-71.32464038760266"><time>2026-08-09T16:38:43Z</time></trkpt><trkpt lat="41.55088886485912" lon="-71.32464548645643"><time>2026-08-09T16:38:44Z</time></trkpt><trkpt lat="41.55091695273332" lon="-71.32465365336574"><time>2026-08-09T16:38:45Z</time></trkpt><trkpt lat="41.55094601952128" lon="-71.32466124890479"><time>2026-08-09T16:38:46Z</time></trkpt><trkpt lat="41.550971566466046" lon="-71.32466826276864"><time>2026-08-09T16:38:47Z</time></trkpt><trkpt lat="41.551004889974244" lon="-71.32467342012232"><time>2026-08-09T16:38:48Z</time></trkpt><trkpt lat="41.55103167789731" lon="-71.32468172395093"><time>2026-08-09T16:38:49Z</time></trkpt><trkpt lat="41.55105574965081" lon="-71.32469118240935"><time>2026-08-09T16:38:50Z</time></trkpt><trkpt lat="41.55108736315189" lon="-71.32469412577491"><time>2026-08-09T16:38:51Z</time></trkpt><trkpt lat="41.55111583320181" lon="-71.32470077665106"><time>2026-08-09T16:38:52Z</time></trkpt><trkpt lat="41.55114414383074" lon="-71.32470800966246"><time>2026-08-09T16:38:53Z</time></trkpt><trkpt lat="41.5511727958793" lon="-71.32471251054024"><time>2026-08-09T16:38:54Z</time></trkpt><trkpt lat="41.55120117979622" lon="-71.32471988960076"><time>2026-08-09T16:38:55Z</time></trkpt><trkpt lat="41.55122930458322" lon="-71.32472679504683"><time>2026-08-09T16:38:56Z</time></trkpt><trkpt lat="41.55125736066701" lon="-71.32473244618886"><time>2026-08-09T16:38:57Z</time></trkpt><trkpt lat="41.551284929584874" lon="-71.3247402835635"><time>2026-08-09T16:38:58Z</time></trkpt><trkpt lat="41.551311647891126" lon="-71.32474910240983"><time>2026-08-09T16:38:59Z</time></trkpt><trkpt lat="41.55134098992275" lon="-71.32475621081605"><time>2026-08-09T16:39:00Z</time></trkpt><trkpt lat="41.55136954291817" lon="-71.3247601944821"><time>2026-08-09T16:39:01Z</time></trkpt><trkpt lat="41.551398230657" lon="-71.3247660877013"><time>2026-08-09T16:39:02Z</time></trkpt><trkpt lat="41.55142345598864" lon="-71.32477278561988"><time>2026-08-09T16:39:03Z</time></trkpt><trkpt lat="41.5514517233662" lon="-71.32477830188871"><time>2026-08-09T16:39:04Z</time></trkpt><trkpt lat="41.55147982275593" lon="-71.3247836496907"><time>2026-08-09T16:39:05Z</time></trkpt><trkpt lat="41.55150696655824" lon="-71.32479077044377"><time>2026-08-09T16:39:06Z</time></trkpt><trkpt lat="41.55153503565097" lon="-71.32479673150127"><time>2026-08-09T16:39:07Z</time></trkpt><trkpt lat="41.551562422837726" lon="-71.32480369608714"><time>2026-08-09T16:39:08Z</time></trkpt><trkpt lat="41.55158856570433" lon="-71.32481270062978"><time>2026-08-09T16:39:09Z</time></trkpt><trkpt lat="41.55162123852367" lon="-71.32482002774692"><time>2026-08-09T16:39:10Z</time></trkpt><trkpt lat="41.55164670179315" lon="-71.32482250015147"><time>2026-08-09T16:39:11Z</time></trkpt><trkpt lat="41.55167335508181" lon="-71.32482614267377"><time>2026-08-09T16:39:12Z</time></trkpt><trkpt lat="41.55170172646097" lon="-71.32483235415651"><time>2026-08-09T16:39:13Z</time></trkpt><trkpt lat="41.55172938121344" lon="-71.32483897793972"><time>2026-08-09T16:39:14Z</time></trkpt><trkpt lat="41.55175499953665" lon="-71.32484628711447"><time>2026-08-09T16:39:15Z</time></trkpt><trkpt lat="41.55178273766764" lon="-71.32484824302968"><time>2026-08-09T16:39:16Z</time></trkpt><trkpt lat="41.5518076894302" lon="-71.32485163629414"><time>2026-08-09T16:39:17Z</time></trkpt><trkpt lat="41.55183350236739" lon="-71.32485785444052"><time>2026-08-09T16:39:18Z</time></trkpt><trkpt lat="41.55186085806437" lon="-71.32486299351105"><time>2026-08-09T16:39:19Z</time></trkpt><trkpt lat="41.55188900906665" lon="-71.32486504252691"><time>2026-08-09T16:39:20Z</time></trkpt><trkpt lat="41.55191612146901" lon="-71.32487451765388"><time>2026-08-09T16:39:21Z</time></trkpt><trkpt lat="41.55194160217589" lon="-71.32488298908126"><time>2026-08-09T16:39:22Z</time></trkpt><trkpt lat="41.55196944046085" lon="-71.324887824687"><time>2026-08-09T16:39:23Z</time></trkpt><trkpt lat="41.55199626935797" lon="-71.32489302764384"><time>2026-08-09T16:39:24Z</time></trkpt><trkpt lat="41.552023215203015" lon="-71.3248967712849"><time>2026-08-09T16:39:25Z</time></trkpt><trkpt lat="41.55204922967283" lon="-71.32490203340637"><time>2026-08-09T16:39:26Z</time></trkpt><trkpt lat="41.5520759846648" lon="-71.3249071103492"><time>2026-08-09T16:39:27Z</time></trkpt><trkpt lat="41.552110233254005" lon="-71.3249088953834"><time>2026-08-09T16:39:28Z</time></trkpt><trkpt lat="41.55214267209094" lon="-71.32491292863519"><time>2026-08-09T16:39:29Z</time></trkpt><trkpt lat="41.552166342555935" lon="-71.32492119952734"><time>2026-08-09T16:39:30Z</time></trkpt><trkpt lat="41.552188312875224" lon="-71.3249358908342"><time>2026-08-09T16:39:31Z</time></trkpt><trkpt lat="41.55220818409862" lon="-71.32494327582475"><time>2026-08-09T16:39:32Z</time></trkpt><trkpt lat="41.552240043750345" lon="-71.3249487362094"><time>2026-08-09T16:39:33Z</time></trkpt><trkpt lat="41.55226774178403" lon="-71.32495590768971"><time>2026-08-09T16:39:34Z</time></trkpt><trkpt lat="41.55229273527373" lon="-71.32496769913475"><time>2026-08-09T16:39:35Z</time></trkpt><trkpt lat="41.552320912231075" lon="-71.32497446890459"><time>2026-08-09T16:39:36Z</time></trkpt><trkpt lat="41.552348101092676" lon="-71.32498028984148"><time>2026-08-09T16:39:37Z</time></trkpt><trkpt lat="41.55237515482149" lon="-71.32499228176916"><time>2026-08-09T16:39:38Z</time></trkpt><trkpt lat="41.55240223795636" lon="-71.32500006630123"><time>2026-08-09T16:39:39Z</time></trkpt><trkpt lat="41.552429182625026" lon="-71.32501233336116"><time>2026-08-09T16:39:40Z</time></trkpt><trkpt lat="41.55245519361391" lon="-71.32501828095263"><time>2026-08-09T16:39:41Z</time></trkpt><trkpt lat="41.55248240161783" lon="-71.32502667266102"><time>2026-08-09T16:39:42Z</time></trkpt><trkpt lat="41.55251019390437" lon="-71.32503411965226"><time>2026-08-09T16:39:43Z</time></trkpt><trkpt lat="41.55253900686097" lon="-71.32504181150449"><time>2026-08-09T16:39:44Z</time></trkpt><trkpt lat="41.5525670788877" lon="-71.32505111427801"><time>2026-08-09T16:39:45Z</time></trkpt><trkpt lat="41.55259394965925" lon="-71.32506069535356"><time>2026-08-09T16:39:46Z</time></trkpt><trkpt lat="41.55262077062088" lon="-71.32507052833252"><time>2026-08-09T16:39:47Z</time></trkpt><trkpt lat="41.55264764636629" lon="-71.3250798454172"><time>2026-08-09T16:39:48Z</time></trkpt><trkpt lat="41.55267563511799" lon="-71.32508864355091"><time>2026-08-09T16:39:49Z</time></trkpt><trkpt lat="41.55270330986753" lon="-71.32509588202478"><time>2026-08-09T16:39:50Z</time></trkpt><trkpt lat="41.55273145622123" lon="-71.32510386301509"><time>2026-08-09T16:39:51Z</time></trkpt><trkpt lat="41.55275975125974" lon="-71.32511228652575"><time>2026-08-09T16:39:52Z</time></trkpt><trkpt lat="41.55278734185456" lon="-71.32512002048813"><time>2026-08-09T16:39:53Z</time></trkpt><trkpt lat="41.552813951410464" lon="-71.32513098408536"><time>2026-08-09T16:39:54Z</time></trkpt><trkpt lat="41.55284215193537" lon="-71.32513952984732"><time>2026-08-09T16:39:55Z</time></trkpt><trkpt lat="41.55286920886415" lon="-71.32514817640259"><time>2026-08-09T16:39:56Z</time></trkpt><trkpt lat="41.552896975189675" lon="-71.3251556784798"><time>2026-08-09T16:39:57Z</time></trkpt><trkpt lat="41.552925066641066" lon="-71.32516231665731"><time>2026-08-09T16:39:58Z</time></trkpt><trkpt lat="41.55295320232639" lon="-71.32516789359693"><time>2026-08-09T16:39:59Z</time></trkpt><trkpt lat="41.552984427317384" lon="-71.32517367893757"><time>2026-08-09T16:40:00Z</time></trkpt><trkpt lat="41.553018089004404" lon="-71.3251747112313"><time>2026-08-09T16:40:01Z</time></trkpt><trkpt lat="41.55304480950802" lon="-71.32518129341233"><time>2026-08-09T16:40:02Z</time></trkpt><trkpt lat="41.553069394162094" lon="-71.32519606870626"><time>2026-08-09T16:40:03Z</time></trkpt><trkpt lat="41.55310594316156" lon="-71.325211487431"><time>2026-08-09T16:40:04Z</time></trkpt><trkpt lat="41.55315081454015" lon="-71.32521662905698"><time>2026-08-09T16:40:06Z</time></trkpt><trkpt lat="41.55320574893067" lon="-71.32525085266202"><time>2026-08-09T16:40:08Z</time></trkpt><trkpt lat="41.55321363086451" lon="-71.3252973262393"><time>2026-08-09T16:40:09Z</time></trkpt><trkpt lat="41.553208091489545" lon="-71.32534753990053"><time>2026-08-09T16:40:10Z</time></trkpt><trkpt lat="41.55323501810686" lon="-71.3253810390565"><time>2026-08-09T16:40:12Z</time></trkpt><trkpt lat="41.553274521171566" lon="-71.32541882119656"><time>2026-08-09T16:40:13Z</time></trkpt><trkpt lat="41.55329336965823" lon="-71.32544489155195"><time>2026-08-09T16:40:14Z</time></trkpt><trkpt lat="41.553321915993436" lon="-71.32548597985343"><time>2026-08-09T16:40:15Z</time></trkpt><trkpt lat="41.55333233001086" lon="-71.32552812967573"><time>2026-08-09T16:40:16Z</time></trkpt><trkpt lat="41.553352808376516" lon="-71.3255631332613"><time>2026-08-09T16:40:17Z</time></trkpt><trkpt lat="41.553354171520134" lon="-71.32560654807186"><time>2026-08-09T16:40:18Z</time></trkpt><trkpt lat="41.55337091296152" lon="-71.32564613715476"><time>2026-08-09T16:40:19Z</time></trkpt><trkpt lat="41.55337803221707" lon="-71.32568606188892"><time>2026-08-09T16:40:20Z</time></trkpt><trkpt lat="41.553384916025756" lon="-71.325721111761"><time>2026-08-09T16:40:21Z</time></trkpt><trkpt lat="41.55339984953147" lon="-71.32575190200613"><time>2026-08-09T16:40:22Z</time></trkpt><trkpt lat="41.55341689405824" lon="-71.32578929307195"><time>2026-08-09T16:40:23Z</time></trkpt><trkpt lat="41.553434698175074" lon="-71.32583414867621"><time>2026-08-09T16:40:24Z</time></trkpt><trkpt lat="41.55345015355541" lon="-71.3258701400443"><time>2026-08-09T16:40:25Z</time></trkpt><trkpt lat="41.553472532700354" lon="-71.32590407885272"><time>2026-08-09T16:40:26Z</time></trkpt><trkpt lat="41.55349316587598" lon="-71.32593609889102"><time>2026-08-09T16:40:27Z</time></trkpt><trkpt lat="41.55352223042351" lon="-71.32596756415701"><time>2026-08-09T16:40:28Z</time></trkpt><trkpt lat="41.55354393614758" lon="-71.32599668738565"><time>2026-08-09T16:40:29Z</time></trkpt><trkpt lat="41.553570460239214" lon="-71.32602444093017"><time>2026-08-09T16:40:30Z</time></trkpt><trkpt lat="41.55359983516266" lon="-71.3260493004933"><time>2026-08-09T16:40:31Z</time></trkpt><trkpt lat="41.553630221014814" lon="-71.32607142805387"><time>2026-08-09T16:40:32Z</time></trkpt><trkpt lat="41.553667600589215" lon="-71.32608890972949"><time>2026-08-09T16:40:33Z</time></trkpt><trkpt lat="41.55369493187641" lon="-71.32609939176838"><time>2026-08-09T16:40:34Z</time></trkpt><trkpt lat="41.553723556559" lon="-71.32611146469243"><time>2026-08-09T16:40:35Z</time></trkpt><trkpt lat="41.55375563176617" lon="-71.32611068939099"><time>2026-08-09T16:40:36Z</time></trkpt><trkpt lat="41.55379104787509" lon="-71.32612465764565"><time>2026-08-09T16:40:37Z</time></trkpt><trkpt lat="41.55381948586368" lon="-71.32613830921592"><time>2026-08-09T16:40:38Z</time></trkpt><trkpt lat="41.553853267032395" lon="-71.32614647011708"><time>2026-08-09T16:40:39Z</time></trkpt><trkpt lat="41.553884492333815" lon="-71.32614977382256"><time>2026-08-09T16:40:40Z</time></trkpt><trkpt lat="41.553915897613045" lon="-71.32615117051566"><time>2026-08-09T16:40:41Z</time></trkpt><trkpt lat="41.553946662251946" lon="-71.32615516630445"><time>2026-08-09T16:40:42Z</time></trkpt><trkpt lat="41.553977905310575" lon="-71.32615700355164"><time>2026-08-09T16:40:43Z</time></trkpt><trkpt lat="41.554006733020344" lon="-71.32616354925274"><time>2026-08-09T16:40:44Z</time></trkpt><trkpt lat="41.55403801320264" lon="-71.32616503170081"><time>2026-08-09T16:40:45Z</time></trkpt><trkpt lat="41.55407714336491" lon="-71.32615629925029"><time>2026-08-09T16:40:46Z</time></trkpt><trkpt lat="41.55411299415627" lon="-71.32615882410619"><time>2026-08-09T16:40:47Z</time></trkpt><trkpt lat="41.55413061322905" lon="-71.32617590898381"><time>2026-08-09T16:40:48Z</time></trkpt><trkpt lat="41.55416091314833" lon="-71.32618196290795"><time>2026-08-09T16:40:49Z</time></trkpt><trkpt lat="41.554188067424604" lon="-71.32618304254818"><time>2026-08-09T16:40:50Z</time></trkpt><trkpt lat="41.554220456413404" lon="-71.32619298075558"><time>2026-08-09T16:40:51Z</time></trkpt><trkpt lat="41.55424996570517" lon="-71.32619908443237"><time>2026-08-09T16:40:52Z</time></trkpt><trkpt lat="41.554278472560064" lon="-71.32620473135086"><time>2026-08-09T16:40:53Z</time></trkpt><trkpt lat="41.55430775363667" lon="-71.32621054506654"><time>2026-08-09T16:40:54Z</time></trkpt><trkpt lat="41.55433713812147" lon="-71.32621432793347"><time>2026-08-09T16:40:55Z</time></trkpt><trkpt lat="41.55436632163996" lon="-71.32621811370089"><time>2026-08-09T16:40:56Z</time></trkpt><trkpt lat="41.55439485496003" lon="-71.32622414789898"><time>2026-08-09T16:40:57Z</time></trkpt><trkpt lat="41.55442197535447" lon="-71.32623023543597"><time>2026-08-09T16:40:58Z</time></trkpt><trkpt lat="41.55444678169865" lon="-71.32623800298305"><time>2026-08-09T16:40:59Z</time></trkpt><trkpt lat="41.554475214331966" lon="-71.32624453535999"><time>2026-08-09T16:41:00Z</time></trkpt><trkpt lat="41.554500799194045" lon="-71.326249926646"><time>2026-08-09T16:41:01Z</time></trkpt><trkpt lat="41.55452908383625" lon="-71.32625595259096"><time>2026-08-09T16:41:02Z</time></trkpt><trkpt lat="41.55455644344585" lon="-71.32626563174237"><time>2026-08-09T16:41:03Z</time></trkpt><trkpt lat="41.55458283805683" lon="-71.32627212025149"><time>2026-08-09T16:41:04Z</time></trkpt><trkpt lat="41.5546141430656" lon="-71.32627315593713"><time>2026-08-09T16:41:05Z</time></trkpt><trkpt lat="41.55464507100868" lon="-71.32627201060951"><time>2026-08-09T16:41:06Z</time></trkpt><trkpt lat="41.554678100549204" lon="-71.32627863659604"><time>2026-08-09T16:41:07Z</time></trkpt><trkpt lat="41.55469724772358" lon="-71.32628532124646"><time>2026-08-09T16:41:08Z</time></trkpt><trkpt lat="41.55472398996972" lon="-71.32629546709062"><time>2026-08-09T16:41:09Z</time></trkpt><trkpt lat="41.55474892615763" lon="-71.32631040610732"><time>2026-08-09T16:41:10Z</time></trkpt><trkpt lat="41.55477632721517" lon="-71.32632003025188"><time>2026-08-09T16:41:11Z</time></trkpt><trkpt lat="41.55480662353247" lon="-71.32632550402188"><time>2026-08-09T16:41:12Z</time></trkpt><trkpt lat="41.55483530358649" lon="-71.32633406953275"><time>2026-08-09T16:41:13Z</time></trkpt><trkpt lat="41.55485587161471" lon="-71.32635217941332"><time>2026-08-09T16:41:14Z</time></trkpt><trkpt lat="41.55488173938472" lon="-71.32636524605897"><time>2026-08-09T16:41:15Z</time></trkpt><trkpt lat="41.5549097542973" lon="-71.32638068314579"><time>2026-08-09T16:41:16Z</time></trkpt><trkpt lat="41.554933687926734" lon="-71.3263933304626"><time>2026-08-09T16:41:17Z</time></trkpt><trkpt lat="41.554955860717996" lon="-71.32640388083514"><time>2026-08-09T16:41:18Z</time></trkpt><trkpt lat="41.554978797544834" lon="-71.32642203866583"><time>2026-08-09T16:41:19Z</time></trkpt><trkpt lat="41.5550043814401" lon="-71.32643399986694"><time>2026-08-09T16:41:20Z</time></trkpt><trkpt lat="41.55503141583021" lon="-71.32644941031799"><time>2026-08-09T16:41:21Z</time></trkpt><trkpt lat="41.55505780950163" lon="-71.32646062177295"><time>2026-08-09T16:41:22Z</time></trkpt><trkpt lat="41.55508724469097" lon="-71.32647492144109"><time>2026-08-09T16:41:23Z</time></trkpt><trkpt lat="41.55511308602458" lon="-71.32648859201278"><time>2026-08-09T16:41:24Z</time></trkpt><trkpt lat="41.55514145946594" lon="-71.32650090228269"><time>2026-08-09T16:41:25Z</time></trkpt><trkpt lat="41.555168943954605" lon="-71.32651121319753"><time>2026-08-09T16:41:26Z</time></trkpt><trkpt lat="41.55519140524536" lon="-71.3265231911254"><time>2026-08-09T16:41:27Z</time></trkpt><trkpt lat="41.55521815422934" lon="-71.32653741404181"><time>2026-08-09T16:41:28Z</time></trkpt><trkpt lat="41.55524427779063" lon="-71.3265545347713"><time>2026-08-09T16:41:29Z</time></trkpt><trkpt lat="41.55527099636818" lon="-71.3265677350561"><time>2026-08-09T16:41:30Z</time></trkpt><trkpt lat="41.55529574000972" lon="-71.3265836177542"><time>2026-08-09T16:41:31Z</time></trkpt><trkpt lat="41.555322854843176" lon="-71.32659704957926"><time>2026-08-09T16:41:32Z</time></trkpt><trkpt lat="41.55535087377856" lon="-71.32660712309733"><time>2026-08-09T16:41:33Z</time></trkpt><trkpt lat="41.555378328674635" lon="-71.32661770718872"><time>2026-08-09T16:41:34Z</time></trkpt><trkpt lat="41.55540578483912" lon="-71.32662796401786"><time>2026-08-09T16:41:35Z</time></trkpt><trkpt lat="41.55543345276018" lon="-71.32663957336113"><time>2026-08-09T16:41:36Z</time></trkpt><trkpt lat="41.55545997159428" lon="-71.32665045071133"><time>2026-08-09T16:41:37Z</time></trkpt><trkpt lat="41.555486463090126" lon="-71.32666187098947"><time>2026-08-09T16:41:38Z</time></trkpt><trkpt lat="41.55551372082114" lon="-71.32667358339882"><time>2026-08-09T16:41:39Z</time></trkpt><trkpt lat="41.5555392795809" lon="-71.32668422131599"><time>2026-08-09T16:41:40Z</time></trkpt><trkpt lat="41.555567449634644" lon="-71.32669640016334"><time>2026-08-09T16:41:41Z</time></trkpt><trkpt lat="41.5555990994617" lon="-71.32671041478955"><time>2026-08-09T16:41:42Z</time></trkpt><trkpt lat="41.55563399499647" lon="-71.32672615896551"><time>2026-08-09T16:41:43Z</time></trkpt><trkpt lat="41.55566110085096" lon="-71.32674002831857"><time>2026-08-09T16:41:44Z</time></trkpt><trkpt lat="41.55567923476849" lon="-71.32675635196256"><time>2026-08-09T16:41:45Z</time></trkpt><trkpt lat="41.55570690915899" lon="-71.32676633143532"><time>2026-08-09T16:41:46Z</time></trkpt><trkpt lat="41.55573271036843" lon="-71.3267761026974"><time>2026-08-09T16:41:47Z</time></trkpt><trkpt lat="41.55575734394098" lon="-71.32678344377243"><time>2026-08-09T16:41:48Z</time></trkpt><trkpt lat="41.55578568175394" lon="-71.326790809102"><time>2026-08-09T16:41:49Z</time></trkpt><trkpt lat="41.55582035382154" lon="-71.326806828623"><time>2026-08-09T16:41:50Z</time></trkpt><trkpt lat="41.55584150567036" lon="-71.32680310666062"><time>2026-08-09T16:41:51Z</time></trkpt><trkpt lat="41.55586772648269" lon="-71.32681187451335"><time>2026-08-09T16:41:52Z</time></trkpt><trkpt lat="41.555892841096906" lon="-71.32682254122184"><time>2026-08-09T16:41:53Z</time></trkpt><trkpt lat="41.555928613279455" lon="-71.3268313321587"><time>2026-08-09T16:41:54Z</time></trkpt><trkpt lat="41.55595779661961" lon="-71.32682641582073"><time>2026-08-09T16:41:55Z</time></trkpt><trkpt lat="41.55599539113547" lon="-71.32683579958173"><time>2026-08-09T16:41:58Z</time></trkpt><trkpt lat="41.55602558662494" lon="-71.32684682170549"><time>2026-08-09T16:41:59Z</time></trkpt><trkpt lat="41.55605726145298" lon="-71.32684588889045"><time>2026-08-09T16:42:00Z</time></trkpt><trkpt lat="41.556099458108854" lon="-71.3268166973641"><time>2026-08-09T16:42:01Z</time></trkpt><trkpt lat="41.55615360357885" lon="-71.32676164262833"><time>2026-08-09T16:42:02Z</time></trkpt><trkpt lat="41.556151735446704" lon="-71.3268014227573"><time>2026-08-09T16:42:03Z</time></trkpt><trkpt lat="41.55618152754715" lon="-71.32680890810066"><time>2026-08-09T16:42:04Z</time></trkpt><trkpt lat="41.55622846045083" lon="-71.32679353093877"><time>2026-08-09T16:42:06Z</time></trkpt><trkpt lat="41.55625956037125" lon="-71.32678308738993"><time>2026-08-09T16:42:07Z</time></trkpt><trkpt lat="41.55628637253307" lon="-71.32678315682206"><time>2026-08-09T16:42:08Z</time></trkpt><trkpt lat="41.5563046746667" lon="-71.32677630815611"><time>2026-08-09T16:42:09Z</time></trkpt><trkpt lat="41.55632648478576" lon="-71.32676038063046"><time>2026-08-09T16:42:10Z</time></trkpt><trkpt lat="41.55635455931859" lon="-71.32674464383466"><time>2026-08-09T16:42:11Z</time></trkpt><trkpt lat="41.55637571499052" lon="-71.32672363575887"><time>2026-08-09T16:42:12Z</time></trkpt><trkpt lat="41.55642551380311" lon="-71.32670797820164"><time>2026-08-09T16:42:14Z</time></trkpt><trkpt lat="41.556453684040186" lon="-71.32668331114301"><time>2026-08-09T16:42:15Z</time></trkpt><trkpt lat="41.55646894652505" lon="-71.32665434099334"><time>2026-08-09T16:42:16Z</time></trkpt><trkpt lat="41.55650231500678" lon="-71.3266499556011"><time>2026-08-09T16:42:18Z</time></trkpt><trkpt lat="41.556531709878236" lon="-71.32664529586717"><time>2026-08-09T16:42:19Z</time></trkpt><trkpt lat="41.5565590443226" lon="-71.32663716745924"><time>2026-08-09T16:42:20Z</time></trkpt><trkpt lat="41.55657644516965" lon="-71.32662294059217"><time>2026-08-09T16:42:21Z</time></trkpt><trkpt lat="41.55661936281057" lon="-71.32661871484555"><time>2026-08-09T16:42:23Z</time></trkpt><trkpt lat="41.5566398424268" lon="-71.32661084446013"><time>2026-08-09T16:42:24Z</time></trkpt><trkpt lat="41.556658076068175" lon="-71.3266005723738"><time>2026-08-09T16:42:25Z</time></trkpt><trkpt lat="41.55669268623439" lon="-71.3266068675126"><time>2026-08-09T16:42:26Z</time></trkpt><trkpt lat="41.55670734269396" lon="-71.32658979677261"><time>2026-08-09T16:42:27Z</time></trkpt><trkpt lat="41.55672366953896" lon="-71.32656273898644"><time>2026-08-09T16:42:28Z</time></trkpt><trkpt lat="41.55675268914987" lon="-71.32655382012072"><time>2026-08-09T16:42:29Z</time></trkpt><trkpt lat="41.55677035711832" lon="-71.3265491248273"><time>2026-08-09T16:42:30Z</time></trkpt><trkpt lat="41.556798523923916" lon="-71.32653771911434"><time>2026-08-09T16:42:31Z</time></trkpt><trkpt lat="41.55682376010984" lon="-71.32652188957732"><time>2026-08-09T16:42:32Z</time></trkpt><trkpt lat="41.556846248794955" lon="-71.32650902917193"><time>2026-08-09T16:42:33Z</time></trkpt><trkpt lat="41.55687572682396" lon="-71.32649006029652"><time>2026-08-09T16:42:34Z</time></trkpt><trkpt lat="41.556917212141876" lon="-71.3264637079865"><time>2026-08-09T16:42:36Z</time></trkpt><trkpt lat="41.5569460732997" lon="-71.32644344317117"><time>2026-08-09T16:42:37Z</time></trkpt><trkpt lat="41.556965603013424" lon="-71.32643983755185"><time>2026-08-09T16:42:38Z</time></trkpt><trkpt lat="41.55699596720838" lon="-71.32642683996276"><time>2026-08-09T16:42:39Z</time></trkpt><trkpt lat="41.55701394882468" lon="-71.32641348904845"><time>2026-08-09T16:42:40Z</time></trkpt><trkpt lat="41.557043699571544" lon="-71.32639140468491"><time>2026-08-09T16:42:41Z</time></trkpt><trkpt lat="41.55707071896927" lon="-71.32637428827753"><time>2026-08-09T16:42:42Z</time></trkpt><trkpt lat="41.55709071968475" lon="-71.3263572447804"><time>2026-08-09T16:42:43Z</time></trkpt><trkpt lat="41.55711991312059" lon="-71.32633683018594"><time>2026-08-09T16:42:44Z</time></trkpt><trkpt lat="41.557151273994215" lon="-71.32632359188129"><time>2026-08-09T16:42:45Z</time></trkpt><trkpt lat="41.55717545576033" lon="-71.32631005437193"><time>2026-08-09T16:42:46Z</time></trkpt><trkpt lat="41.557198799039085" lon="-71.32630130016297"><time>2026-08-09T16:42:47Z</time></trkpt><trkpt lat="41.5572290969983" lon="-71.32629525974842"><time>2026-08-09T16:42:48Z</time></trkpt><trkpt lat="41.557251406588556" lon="-71.32627348197049"><time>2026-08-09T16:42:49Z</time></trkpt><trkpt lat="41.557278821787655" lon="-71.32625329723666"><time>2026-08-09T16:42:50Z</time></trkpt><trkpt lat="41.55730514415546" lon="-71.32623771526161"><time>2026-08-09T16:42:51Z</time></trkpt><trkpt lat="41.55733337187628" lon="-71.3262237686281"><time>2026-08-09T16:42:52Z</time></trkpt><trkpt lat="41.55735887014483" lon="-71.32621101378561"><time>2026-08-09T16:42:53Z</time></trkpt><trkpt lat="41.55738251132402" lon="-71.32619205735351"><time>2026-08-09T16:42:54Z</time></trkpt><trkpt lat="41.55740589098171" lon="-71.32617287077463"><time>2026-08-09T16:42:55Z</time></trkpt><trkpt lat="41.557433605909246" lon="-71.32615937332507"><time>2026-08-09T16:42:56Z</time></trkpt><trkpt lat="41.55746037120771" lon="-71.32613638955968"><time>2026-08-09T16:42:57Z</time></trkpt><trkpt lat="41.557486294179746" lon="-71.32612190913945"><time>2026-08-09T16:42:58Z</time></trkpt><trkpt lat="41.55750897309847" lon="-71.32610392406504"><time>2026-08-09T16:42:59Z</time></trkpt><trkpt lat="41.55753665310634" lon="-71.32608800991792"><time>2026-08-09T16:43:00Z</time></trkpt><trkpt lat="41.55756227124063" lon="-71.32606929565641"><time>2026-08-09T16:43:01Z</time></trkpt><trkpt lat="41.557586792205925" lon="-71.32605172210631"><time>2026-08-09T16:43:02Z</time></trkpt><trkpt lat="41.55760944462551" lon="-71.3260273904622"><time>2026-08-09T16:43:03Z</time></trkpt><trkpt lat="41.55763473347296" lon="-71.32600751337696"><time>2026-08-09T16:43:04Z</time></trkpt><trkpt lat="41.5576582322908" lon="-71.32598664716241"><time>2026-08-09T16:43:05Z</time></trkpt><trkpt lat="41.5576858279293" lon="-71.32597134379868"><time>2026-08-09T16:43:06Z</time></trkpt><trkpt lat="41.5577166837378" lon="-71.32595094925321"><time>2026-08-09T16:43:07Z</time></trkpt><trkpt lat="41.55773483285202" lon="-71.32593206532091"><time>2026-08-09T16:43:08Z</time></trkpt><trkpt lat="41.557759682402576" lon="-71.32591528637202"><time>2026-08-09T16:43:09Z</time></trkpt><trkpt lat="41.557784514941595" lon="-71.32589284768406"><time>2026-08-09T16:43:10Z</time></trkpt><trkpt lat="41.55780696652625" lon="-71.32586820994695"><time>2026-08-09T16:43:11Z</time></trkpt><trkpt lat="41.557830633198726" lon="-71.32584895129025"><time>2026-08-09T16:43:12Z</time></trkpt><trkpt lat="41.55785146557802" lon="-71.32582264225998"><time>2026-08-09T16:43:13Z</time></trkpt><trkpt lat="41.55787935233072" lon="-71.32579969426986"><time>2026-08-09T16:43:14Z</time></trkpt><trkpt lat="41.55790142360496" lon="-71.32577098015872"><time>2026-08-09T16:43:15Z</time></trkpt><trkpt lat="41.55792470659565" lon="-71.32574464432031"><time>2026-08-09T16:43:16Z</time></trkpt><trkpt lat="41.557948706690176" lon="-71.32571871538838"><time>2026-08-09T16:43:17Z</time></trkpt><trkpt lat="41.557971673831396" lon="-71.32569276035592"><time>2026-08-09T16:43:18Z</time></trkpt><trkpt lat="41.55799732620515" lon="-71.32566988374002"><time>2026-08-09T16:43:19Z</time></trkpt><trkpt lat="41.55802258195692" lon="-71.32564542037441"><time>2026-08-09T16:43:20Z</time></trkpt><trkpt lat="41.55804567109772" lon="-71.32561733404427"><time>2026-08-09T16:43:21Z</time></trkpt><trkpt lat="41.558070350873145" lon="-71.32559176812875"><time>2026-08-09T16:43:22Z</time></trkpt><trkpt lat="41.55809567052475" lon="-71.32556464882715"><time>2026-08-09T16:43:23Z</time></trkpt><trkpt lat="41.55812105587194" lon="-71.32554001225061"><time>2026-08-09T16:43:24Z</time></trkpt><trkpt lat="41.55814487736354" lon="-71.32551449229615"><time>2026-08-09T16:43:25Z</time></trkpt><trkpt lat="41.55817143069367" lon="-71.32548792119242"><time>2026-08-09T16:43:26Z</time></trkpt><trkpt lat="41.55819562020184" lon="-71.32546102563971"><time>2026-08-09T16:43:27Z</time></trkpt><trkpt lat="41.55822102444127" lon="-71.3254339920141"><time>2026-08-09T16:43:28Z</time></trkpt><trkpt lat="41.558245679965445" lon="-71.32540765951178"><time>2026-08-09T16:43:29Z</time></trkpt><trkpt lat="41.55826982162892" lon="-71.325382203142"><time>2026-08-09T16:43:30Z</time></trkpt><trkpt lat="41.55829240314405" lon="-71.32535909730048"><time>2026-08-09T16:43:31Z</time></trkpt><trkpt lat="41.55831529775123" lon="-71.32533326177128"><time>2026-08-09T16:43:32Z</time></trkpt><trkpt lat="41.558338116650376" lon="-71.32530234712345"><time>2026-08-09T16:43:33Z</time></trkpt><trkpt lat="41.55836320819081" lon="-71.32527500791602"><time>2026-08-09T16:43:34Z</time></trkpt><trkpt lat="41.55838914257191" lon="-71.32524619388761"><time>2026-08-09T16:43:35Z</time></trkpt><trkpt lat="41.55840345241823" lon="-71.32520297891715"><time>2026-08-09T16:43:36Z</time></trkpt><trkpt lat="41.55842373103714" lon="-71.32518846702708"><time>2026-08-09T16:43:37Z</time></trkpt><trkpt lat="41.55846283641037" lon="-71.32513997319019"><time>2026-08-09T16:43:38Z</time></trkpt><trkpt lat="41.558507675173004" lon="-71.32511720819458"><time>2026-08-09T16:43:39Z</time></trkpt><trkpt lat="41.5585210001969" lon="-71.32509241072968"><time>2026-08-09T16:43:40Z</time></trkpt><trkpt lat="41.5585032538245" lon="-71.32505048536584"><time>2026-08-09T16:43:41Z</time></trkpt><trkpt lat="41.55852113267719" lon="-71.32501164011461"><time>2026-08-09T16:43:42Z</time></trkpt><trkpt lat="41.55854499787384" lon="-71.32498423940149"><time>2026-08-09T16:43:43Z</time></trkpt><trkpt lat="41.55857195683217" lon="-71.32494696967008"><time>2026-08-09T16:43:44Z</time></trkpt><trkpt lat="41.55858609199771" lon="-71.32488145796644"><time>2026-08-09T16:43:45Z</time></trkpt><trkpt lat="41.558602011342856" lon="-71.32485885658186"><time>2026-08-09T16:43:46Z</time></trkpt><trkpt lat="41.55861605071817" lon="-71.32482872264112"><time>2026-08-09T16:43:47Z</time></trkpt><trkpt lat="41.55862519134068" lon="-71.32479925405949"><time>2026-08-09T16:43:48Z</time></trkpt><trkpt lat="41.55863501377177" lon="-71.32476348696117"><time>2026-08-09T16:43:49Z</time></trkpt><trkpt lat="41.55864296289071" lon="-71.3247140431691"><time>2026-08-09T16:43:50Z</time></trkpt><trkpt lat="41.55864924492441" lon="-71.32467051081005"><time>2026-08-09T16:43:51Z</time></trkpt><trkpt lat="41.558634975129564" lon="-71.32463536707728"><time>2026-08-09T16:43:52Z</time></trkpt><trkpt lat="41.558625880380816" lon="-71.32461406172818"><time>2026-08-09T16:43:53Z</time></trkpt><trkpt lat="41.55861154297708" lon="-71.32458325631393"><time>2026-08-09T16:43:54Z</time></trkpt><trkpt lat="41.5585943839916" lon="-71.32456391571414"><time>2026-08-09T16:43:55Z</time></trkpt><trkpt lat="41.55858310876645" lon="-71.32452068629958"><time>2026-08-09T16:43:56Z</time></trkpt><trkpt lat="41.55856829968241" lon="-71.32450541438645"><time>2026-08-09T16:43:57Z</time></trkpt><trkpt lat="41.55854734021007" lon="-71.32448727852666"><time>2026-08-09T16:43:58Z</time></trkpt><trkpt lat="41.558535788476476" lon="-71.32446234619896"><time>2026-08-09T16:43:59Z</time></trkpt><trkpt lat="41.5585131922051" lon="-71.32444124177684"><time>2026-08-09T16:44:00Z</time></trkpt><trkpt lat="41.55849868797245" lon="-71.32442157412352"><time>2026-08-09T16:44:01Z</time></trkpt><trkpt lat="41.558481515790525" lon="-71.32440997324949"><time>2026-08-09T16:44:02Z</time></trkpt><trkpt lat="41.558461090827066" lon="-71.32440377817407"><time>2026-08-09T16:44:03Z</time></trkpt><trkpt lat="41.55843632782684" lon="-71.3243873085087"><time>2026-08-09T16:44:04Z</time></trkpt><trkpt lat="41.558424375968066" lon="-71.32436776207008"><time>2026-08-09T16:44:05Z</time></trkpt><trkpt lat="41.55840402596284" lon="-71.32434110609034"><time>2026-08-09T16:44:06Z</time></trkpt><trkpt lat="41.558389343127786" lon="-71.32431650127481"><time>2026-08-09T16:44:07Z</time></trkpt><trkpt lat="41.55837489863846" lon="-71.32429685129341"><time>2026-08-09T16:44:08Z</time></trkpt><trkpt lat="41.55835854531639" lon="-71.32427499683125"><time>2026-08-09T16:44:09Z</time></trkpt><trkpt lat="41.558345840992494" lon="-71.32425710922655"><time>2026-08-09T16:44:10Z</time></trkpt><trkpt lat="41.55832754585406" lon="-71.32423465627492"><time>2026-08-09T16:44:11Z</time></trkpt><trkpt lat="41.55831211981184" lon="-71.32421327087901"><time>2026-08-09T16:44:12Z</time></trkpt><trkpt lat="41.55829791274501" lon="-71.32419036993586"><time>2026-08-09T16:44:13Z</time></trkpt><trkpt lat="41.558282114626664" lon="-71.32417038527143"><time>2026-08-09T16:44:14Z</time></trkpt><trkpt lat="41.5582678698203" lon="-71.32414888016255"><time>2026-08-09T16:44:15Z</time></trkpt><trkpt lat="41.55825413670609" lon="-71.32412540360227"><time>2026-08-09T16:44:16Z</time></trkpt><trkpt lat="41.55824258843248" lon="-71.32409949231874"><time>2026-08-09T16:44:17Z</time></trkpt><trkpt lat="41.558232093455565" lon="-71.32407016073981"><time>2026-08-09T16:44:18Z</time></trkpt><trkpt lat="41.55821576102956" lon="-71.32405004710213"><time>2026-08-09T16:44:19Z</time></trkpt><trkpt lat="41.558196178150816" lon="-71.32403470063693"><time>2026-08-09T16:44:20Z</time></trkpt><trkpt lat="41.55818155819474" lon="-71.32401300144377"><time>2026-08-09T16:44:21Z</time></trkpt><trkpt lat="41.5581646925388" lon="-71.32398945220669"><time>2026-08-09T16:44:22Z</time></trkpt><trkpt lat="41.55814889020026" lon="-71.32397050607399"><time>2026-08-09T16:44:23Z</time></trkpt><trkpt lat="41.55812930426315" lon="-71.32394929115657"><time>2026-08-09T16:44:24Z</time></trkpt><trkpt lat="41.55811301854592" lon="-71.32392929371841"><time>2026-08-09T16:44:25Z</time></trkpt><trkpt lat="41.55809809070927" lon="-71.32391030356548"><time>2026-08-09T16:44:26Z</time></trkpt><trkpt lat="41.55807877019404" lon="-71.32388905859602"><time>2026-08-09T16:44:27Z</time></trkpt><trkpt lat="41.55806028969065" lon="-71.32386913417142"><time>2026-08-09T16:44:28Z</time></trkpt><trkpt lat="41.558043384049434" lon="-71.32384846354306"><time>2026-08-09T16:44:29Z</time></trkpt><trkpt lat="41.5580264408198" lon="-71.3238276637828"><time>2026-08-09T16:44:30Z</time></trkpt><trkpt lat="41.55801136317004" lon="-71.32380359086508"><time>2026-08-09T16:44:31Z</time></trkpt><trkpt lat="41.557999840216496" lon="-71.32376747199774"><time>2026-08-09T16:44:32Z</time></trkpt><trkpt lat="41.55796460708448" lon="-71.32373329510239"><time>2026-08-09T16:44:34Z</time></trkpt><trkpt lat="41.557948320696134" lon="-71.32371344763246"><time>2026-08-09T16:44:35Z</time></trkpt><trkpt lat="41.55793200020861" lon="-71.32369260468208"><time>2026-08-09T16:44:36Z</time></trkpt><trkpt lat="41.557918805735454" lon="-71.32366825813357"><time>2026-08-09T16:44:37Z</time></trkpt><trkpt lat="41.55789397534101" lon="-71.32365317673457"><time>2026-08-09T16:44:38Z</time></trkpt><trkpt lat="41.557876971396944" lon="-71.323635455225"><time>2026-08-09T16:44:39Z</time></trkpt><trkpt lat="41.55786143349434" lon="-71.32361773263949"><time>2026-08-09T16:44:40Z</time></trkpt><trkpt lat="41.557847924390416" lon="-71.32359801783406"><time>2026-08-09T16:44:41Z</time></trkpt><trkpt lat="41.55783213487374" lon="-71.32356206872349"><time>2026-08-09T16:44:42Z</time></trkpt><trkpt lat="41.55779157619203" lon="-71.32352732305134"><time>2026-08-09T16:44:44Z</time></trkpt><trkpt lat="41.55777160144805" lon="-71.3235030230725"><time>2026-08-09T16:44:45Z</time></trkpt><trkpt lat="41.55775948151218" lon="-71.3234835486268"><time>2026-08-09T16:44:46Z</time></trkpt><trkpt lat="41.55774177795785" lon="-71.32346545707622"><time>2026-08-09T16:44:47Z</time></trkpt><trkpt lat="41.55772371709009" lon="-71.32344510807528"><time>2026-08-09T16:44:48Z</time></trkpt><trkpt lat="41.557702651819376" lon="-71.32341926649399"><time>2026-08-09T16:44:49Z</time></trkpt><trkpt lat="41.557684890020866" lon="-71.32340462148309"><time>2026-08-09T16:44:50Z</time></trkpt><trkpt lat="41.55767280034013" lon="-71.32338299088566"><time>2026-08-09T16:44:51Z</time></trkpt><trkpt lat="41.55765333829174" lon="-71.32336796262821"><time>2026-08-09T16:44:52Z</time></trkpt><trkpt lat="41.5576382719218" lon="-71.32332796815832"><time>2026-08-09T16:44:53Z</time></trkpt><trkpt lat="41.55762262391931" lon="-71.32331516526155"><time>2026-08-09T16:44:54Z</time></trkpt><trkpt lat="41.55760368081568" lon="-71.32328819314792"><time>2026-08-09T16:44:55Z</time></trkpt><trkpt lat="41.55758338846621" lon="-71.32327859595108"><time>2026-08-09T16:44:56Z</time></trkpt><trkpt lat="41.55756250103935" lon="-71.32325769973212"><time>2026-08-09T16:44:57Z</time></trkpt><trkpt lat="41.55754655396964" lon="-71.32322336960091"><time>2026-08-09T16:44:58Z</time></trkpt><trkpt lat="41.557527302738045" lon="-71.32321935429678"><time>2026-08-09T16:44:59Z</time></trkpt><trkpt lat="41.557512881900905" lon="-71.32319136784143"><time>2026-08-09T16:45:00Z</time></trkpt><trkpt lat="41.55749184692655" lon="-71.32317552822944"><time>2026-08-09T16:45:01Z</time></trkpt><trkpt lat="41.557472317508086" lon="-71.32314725160435"><time>2026-08-09T16:45:02Z</time></trkpt><trkpt lat="41.557461468297575" lon="-71.32312005449201"><time>2026-08-09T16:45:03Z</time></trkpt><trkpt lat="41.55742551253424" lon="-71.32308076486251"><time>2026-08-09T16:45:05Z</time></trkpt><trkpt lat="41.557409460999146" lon="-71.3230485432059"><time>2026-08-09T16:45:06Z</time></trkpt><trkpt lat="41.5573899712803" lon="-71.32303879060974"><time>2026-08-09T16:45:07Z</time></trkpt><trkpt lat="41.55736898010643" lon="-71.32301891402949"><time>2026-08-09T16:45:08Z</time></trkpt><trkpt lat="41.557336800169054" lon="-71.32298116094533"><time>2026-08-09T16:45:10Z</time></trkpt><trkpt lat="41.55731461140153" lon="-71.3229557906289"><time>2026-08-09T16:45:11Z</time></trkpt><trkpt lat="41.55728186788329" lon="-71.32291079192018"><time>2026-08-09T16:45:13Z</time></trkpt><trkpt lat="41.557260046892395" lon="-71.32290105854182"><time>2026-08-09T16:45:14Z</time></trkpt><trkpt lat="41.55723398668201" lon="-71.32287886678408"><time>2026-08-09T16:45:15Z</time></trkpt><trkpt lat="41.55720531270715" lon="-71.32284212404812"><time>2026-08-09T16:45:17Z</time></trkpt><trkpt lat="41.55719122350802" lon="-71.32281233603766"><time>2026-08-09T16:45:18Z</time></trkpt><trkpt lat="41.55716835019268" lon="-71.32279940802943"><time>2026-08-09T16:45:19Z</time></trkpt><trkpt lat="41.55713779636444" lon="-71.32276195626183"><time>2026-08-09T16:45:21Z</time></trkpt><trkpt lat="41.557117869582704" lon="-71.32274319136432"><time>2026-08-09T16:45:22Z</time></trkpt><trkpt lat="41.55710138659309" lon="-71.32271742208722"><time>2026-08-09T16:45:23Z</time></trkpt><trkpt lat="41.55708358331058" lon="-71.32270297137542"><time>2026-08-09T16:45:24Z</time></trkpt><trkpt lat="41.55706475308218" lon="-71.32268831890661"><time>2026-08-09T16:45:25Z</time></trkpt><trkpt lat="41.55704734684171" lon="-71.32266618006959"><time>2026-08-09T16:45:26Z</time></trkpt><trkpt lat="41.55701022965284" lon="-71.32263167814816"><time>2026-08-09T16:45:28Z</time></trkpt><trkpt lat="41.556993146609905" lon="-71.3226104412606"><time>2026-08-09T16:45:29Z</time></trkpt><trkpt lat="41.55695915509488" lon="-71.32257829321006"><time>2026-08-09T16:45:31Z</time></trkpt><trkpt lat="41.55692097132446" lon="-71.32253355849926"><time>2026-08-09T16:45:33Z</time></trkpt><trkpt lat="41.55690201611221" lon="-71.3225174514787"><time>2026-08-09T16:45:34Z</time></trkpt><trkpt lat="41.556868216882094" lon="-71.32247605998694"><time>2026-08-09T16:45:36Z</time></trkpt><trkpt lat="41.55684806554583" lon="-71.3224610123611"><time>2026-08-09T16:45:37Z</time></trkpt><trkpt lat="41.5568334225385" lon="-71.32244141105366"><time>2026-08-09T16:45:38Z</time></trkpt><trkpt lat="41.556814894929495" lon="-71.32242928893179"><time>2026-08-09T16:45:39Z</time></trkpt><trkpt lat="41.556796310305884" lon="-71.32239514174945"><time>2026-08-09T16:45:40Z</time></trkpt><trkpt lat="41.556781533484596" lon="-71.32237708665428"><time>2026-08-09T16:45:41Z</time></trkpt><trkpt lat="41.556764034070596" lon="-71.32235909104946"><time>2026-08-09T16:45:42Z</time></trkpt><trkpt lat="41.55674711095183" lon="-71.32234077772502"><time>2026-08-09T16:45:43Z</time></trkpt><trkpt lat="41.556724607997815" lon="-71.32231696713303"><time>2026-08-09T16:45:44Z</time></trkpt><trkpt lat="41.55670807327393" lon="-71.32229724888387"><time>2026-08-09T16:45:45Z</time></trkpt><trkpt lat="41.55668879345518" lon="-71.32227734409781"><time>2026-08-09T16:45:46Z</time></trkpt><trkpt lat="41.55667325184432" lon="-71.32225411704509"><time>2026-08-09T16:45:47Z</time></trkpt><trkpt lat="41.55663646608533" lon="-71.32220731847217"><time>2026-08-09T16:45:49Z</time></trkpt><trkpt lat="41.55661793886149" lon="-71.32219184407153"><time>2026-08-09T16:45:50Z</time></trkpt><trkpt lat="41.556599701782936" lon="-71.3221739148681"><time>2026-08-09T16:45:51Z</time></trkpt><trkpt lat="41.55658339535459" lon="-71.32215187296512"><time>2026-08-09T16:45:52Z</time></trkpt><trkpt lat="41.55656748695827" lon="-71.32212860766577"><time>2026-08-09T16:45:53Z</time></trkpt><trkpt lat="41.55654930740738" lon="-71.32210879409921"><time>2026-08-09T16:45:54Z</time></trkpt><trkpt lat="41.55653558756421" lon="-71.32208885324012"><time>2026-08-09T16:45:55Z</time></trkpt><trkpt lat="41.55651845347306" lon="-71.32205947764504"><time>2026-08-09T16:45:56Z</time></trkpt><trkpt lat="41.55649903807223" lon="-71.32204643079056"><time>2026-08-09T16:45:57Z</time></trkpt><trkpt lat="41.55647615985984" lon="-71.32202747513179"><time>2026-08-09T16:45:58Z</time></trkpt><trkpt lat="41.55646459498214" lon="-71.32199467424512"><time>2026-08-09T16:45:59Z</time></trkpt><trkpt lat="41.55644271867555" lon="-71.32198446360397"><time>2026-08-09T16:46:00Z</time></trkpt><trkpt lat="41.556424771443716" lon="-71.32196316524941"><time>2026-08-09T16:46:01Z</time></trkpt><trkpt lat="41.5564094019723" lon="-71.3219402161498"><time>2026-08-09T16:46:02Z</time></trkpt><trkpt lat="41.55639273432288" lon="-71.3219154538181"><time>2026-08-09T16:46:03Z</time></trkpt><trkpt lat="41.55637551542579" lon="-71.32189148589059"><time>2026-08-09T16:46:04Z</time></trkpt><trkpt lat="41.5563565528414" lon="-71.32186733389999"><time>2026-08-09T16:46:05Z</time></trkpt><trkpt lat="41.55634060367583" lon="-71.32184329434124"><time>2026-08-09T16:46:06Z</time></trkpt><trkpt lat="41.55632073030848" lon="-71.32181457443043"><time>2026-08-09T16:46:07Z</time></trkpt><trkpt lat="41.556300224855846" lon="-71.3217889486029"><time>2026-08-09T16:46:08Z</time></trkpt><trkpt lat="41.5562818068947" lon="-71.32176352472007"><time>2026-08-09T16:46:09Z</time></trkpt><trkpt lat="41.55626180770504" lon="-71.32173789292611"><time>2026-08-09T16:46:10Z</time></trkpt><trkpt lat="41.55624341804145" lon="-71.32170995498251"><time>2026-08-09T16:46:11Z</time></trkpt><trkpt lat="41.556223973297556" lon="-71.32168351090436"><time>2026-08-09T16:46:12Z</time></trkpt><trkpt lat="41.55620541215659" lon="-71.32165604204263"><time>2026-08-09T16:46:13Z</time></trkpt><trkpt lat="41.55618617154172" lon="-71.32162753331137"><time>2026-08-09T16:46:14Z</time></trkpt><trkpt lat="41.55616663613199" lon="-71.32159914214286"><time>2026-08-09T16:46:15Z</time></trkpt><trkpt lat="41.55614600615639" lon="-71.32157134018067"><time>2026-08-09T16:46:16Z</time></trkpt><trkpt lat="41.55612525186554" lon="-71.32154313393215"><time>2026-08-09T16:46:17Z</time></trkpt><trkpt lat="41.556105595937076" lon="-71.32151249023417"><time>2026-08-09T16:46:18Z</time></trkpt><trkpt lat="41.556085254547504" lon="-71.32148329488133"><time>2026-08-09T16:46:19Z</time></trkpt><trkpt lat="41.55606370655041" lon="-71.321452519993"><time>2026-08-09T16:46:20Z</time></trkpt><trkpt lat="41.5560432883317" lon="-71.32142370900073"><time>2026-08-09T16:46:21Z</time></trkpt><trkpt lat="41.55602353376148" lon="-71.3213932569619"><time>2026-08-09T16:46:22Z</time></trkpt><trkpt lat="41.556000763236206" lon="-71.32136272574867"><time>2026-08-09T16:46:23Z</time></trkpt><trkpt lat="41.55597668402237" lon="-71.32133530039849"><time>2026-08-09T16:46:24Z</time></trkpt><trkpt lat="41.555955554260855" lon="-71.32130616921678"><time>2026-08-09T16:46:25Z</time></trkpt><trkpt lat="41.555933419836606" lon="-71.32127372461356"><time>2026-08-09T16:46:26Z</time></trkpt><trkpt lat="41.55591155705664" lon="-71.32124238628865"><time>2026-08-09T16:46:27Z</time></trkpt><trkpt lat="41.555889420578204" lon="-71.32121334614723"><time>2026-08-09T16:46:28Z</time></trkpt><trkpt lat="41.5558650883303" lon="-71.32118175600468"><time>2026-08-09T16:46:29Z</time></trkpt><trkpt lat="41.555841461783544" lon="-71.32115237482357"><time>2026-08-09T16:46:30Z</time></trkpt><trkpt lat="41.55581894297963" lon="-71.32112104050411"><time>2026-08-09T16:46:31Z</time></trkpt><trkpt lat="41.55579652516515" lon="-71.32108822582353"><time>2026-08-09T16:46:32Z</time></trkpt><trkpt lat="41.555774148426465" lon="-71.3210572201112"><time>2026-08-09T16:46:33Z</time></trkpt><trkpt lat="41.55574942015854" lon="-71.32102693565766"><time>2026-08-09T16:46:34Z</time></trkpt><trkpt lat="41.55572626620427" lon="-71.32099459847548"><time>2026-08-09T16:46:35Z</time></trkpt><trkpt lat="41.555703830517906" lon="-71.32096360272227"><time>2026-08-09T16:46:36Z</time></trkpt><trkpt lat="41.55567905771638" lon="-71.32093283109528"><time>2026-08-09T16:46:37Z</time></trkpt><trkpt lat="41.55565702904813" lon="-71.3208999668634"><time>2026-08-09T16:46:38Z</time></trkpt><trkpt lat="41.55563287343418" lon="-71.32086795040563"><time>2026-08-09T16:46:39Z</time></trkpt><trkpt lat="41.55561007505732" lon="-71.32083479793326"><time>2026-08-09T16:46:40Z</time></trkpt><trkpt lat="41.55558687528986" lon="-71.320802113338"><time>2026-08-09T16:46:41Z</time></trkpt><trkpt lat="41.555563452340536" lon="-71.32076898305195"><time>2026-08-09T16:46:42Z</time></trkpt><trkpt lat="41.555540061735385" lon="-71.32073588696443"><time>2026-08-09T16:46:43Z</time></trkpt><trkpt lat="41.55551508002611" lon="-71.32070298436007"><time>2026-08-09T16:46:44Z</time></trkpt><trkpt lat="41.55549080289856" lon="-71.32067042303714"><time>2026-08-09T16:46:45Z</time></trkpt><trkpt lat="41.55546551148273" lon="-71.32063951360675"><time>2026-08-09T16:46:46Z</time></trkpt><trkpt lat="41.555441494037304" lon="-71.32060616339595"><time>2026-08-09T16:46:47Z</time></trkpt><trkpt lat="41.55541856967706" lon="-71.32057281670221"><time>2026-08-09T16:46:48Z</time></trkpt><trkpt lat="41.555392266488816" lon="-71.32053996126936"><time>2026-08-09T16:46:49Z</time></trkpt><trkpt lat="41.55536778484289" lon="-71.32050516537329"><time>2026-08-09T16:46:50Z</time></trkpt><trkpt lat="41.55534106706658" lon="-71.32047320503924"><time>2026-08-09T16:46:51Z</time></trkpt><trkpt lat="41.55531583117886" lon="-71.3204381849267"><time>2026-08-09T16:46:52Z</time></trkpt><trkpt lat="41.555291354002634" lon="-71.32040341292425"><time>2026-08-09T16:46:53Z</time></trkpt><trkpt lat="41.55526556552113" lon="-71.32036973547974"><time>2026-08-09T16:46:54Z</time></trkpt><trkpt lat="41.55524087393189" lon="-71.32033266058703"><time>2026-08-09T16:46:55Z</time></trkpt><trkpt lat="41.55521571775192" lon="-71.32029823837999"><time>2026-08-09T16:46:56Z</time></trkpt><trkpt lat="41.55519063637625" lon="-71.32026297174153"><time>2026-08-09T16:46:57Z</time></trkpt><trkpt lat="41.55516382645712" lon="-71.32023133693875"><time>2026-08-09T16:46:58Z</time></trkpt><trkpt lat="41.55513648187739" lon="-71.32020073548817"><time>2026-08-09T16:46:59Z</time></trkpt><trkpt lat="41.55510920595187" lon="-71.32016785106026"><time>2026-08-09T16:47:00Z</time></trkpt><trkpt lat="41.55508094123082" lon="-71.32013561601794"><time>2026-08-09T16:47:01Z</time></trkpt><trkpt lat="41.55505246125288" lon="-71.32010505881911"><time>2026-08-09T16:47:02Z</time></trkpt><trkpt lat="41.55502390674196" lon="-71.3200734778482"><time>2026-08-09T16:47:03Z</time></trkpt><trkpt lat="41.55499740958798" lon="-71.320039145047"><time>2026-08-09T16:47:04Z</time></trkpt><trkpt lat="41.55496692552028" lon="-71.32000586077305"><time>2026-08-09T16:47:05Z</time></trkpt><trkpt lat="41.554940296478534" lon="-71.31997494502522"><time>2026-08-09T16:47:06Z</time></trkpt><trkpt lat="41.554911924958034" lon="-71.31994330946182"><time>2026-08-09T16:47:07Z</time></trkpt><trkpt lat="41.554882704294904" lon="-71.3199136423698"><time>2026-08-09T16:47:08Z</time></trkpt><trkpt lat="41.554855129268" lon="-71.31988049344586"><time>2026-08-09T16:47:09Z</time></trkpt><trkpt lat="41.55482676074201" lon="-71.3198451501648"><time>2026-08-09T16:47:10Z</time></trkpt><trkpt lat="41.5547993675151" lon="-71.31981296945531"><time>2026-08-09T16:47:11Z</time></trkpt><trkpt lat="41.55477224038686" lon="-71.31977840101845"><time>2026-08-09T16:47:12Z</time></trkpt><trkpt lat="41.554743696253155" lon="-71.31974664258912"><time>2026-08-09T16:47:13Z</time></trkpt><trkpt lat="41.554714487072005" lon="-71.3197146304782"><time>2026-08-09T16:47:14Z</time></trkpt><trkpt lat="41.55468575358012" lon="-71.3196860536377"><time>2026-08-09T16:47:15Z</time></trkpt><trkpt lat="41.55465684742485" lon="-71.31965602309688"><time>2026-08-09T16:47:16Z</time></trkpt><trkpt lat="41.5546286434081" lon="-71.31962226790779"><time>2026-08-09T16:47:17Z</time></trkpt><trkpt lat="41.55459956644547" lon="-71.31959109292701"><time>2026-08-09T16:47:18Z</time></trkpt><trkpt lat="41.55457204023212" lon="-71.3195585224699"><time>2026-08-09T16:47:19Z</time></trkpt><trkpt lat="41.55454372843715" lon="-71.31952598936331"><time>2026-08-09T16:47:20Z</time></trkpt><trkpt lat="41.55451586283608" lon="-71.3194944262241"><time>2026-08-09T16:47:21Z</time></trkpt><trkpt lat="41.5544869957963" lon="-71.31946097125628"><time>2026-08-09T16:47:22Z</time></trkpt><trkpt lat="41.554459569597185" lon="-71.3194277998248"><time>2026-08-09T16:47:23Z</time></trkpt><trkpt lat="41.55443100211024" lon="-71.31939548850885"><time>2026-08-09T16:47:24Z</time></trkpt><trkpt lat="41.55440132239774" lon="-71.31936411418086"><time>2026-08-09T16:47:25Z</time></trkpt><trkpt lat="41.55437288570908" lon="-71.3193334528426"><time>2026-08-09T16:47:26Z</time></trkpt><trkpt lat="41.55434652596656" lon="-71.31929952274477"><time>2026-08-09T16:47:27Z</time></trkpt><trkpt lat="41.554318110921244" lon="-71.31926809855725"><time>2026-08-09T16:47:28Z</time></trkpt><trkpt lat="41.55428924345321" lon="-71.3192374111506"><time>2026-08-09T16:47:29Z</time></trkpt><trkpt lat="41.55426139015183" lon="-71.31920228675219"><time>2026-08-09T16:47:30Z</time></trkpt><trkpt lat="41.554231725332116" lon="-71.31916950899472"><time>2026-08-09T16:47:31Z</time></trkpt><trkpt lat="41.55420499403815" lon="-71.31913698345983"><time>2026-08-09T16:47:32Z</time></trkpt><trkpt lat="41.55417687271249" lon="-71.31910266067887"><time>2026-08-09T16:47:33Z</time></trkpt><trkpt lat="41.55414984224315" lon="-71.3190664597389"><time>2026-08-09T16:47:34Z</time></trkpt><trkpt lat="41.55412239808901" lon="-71.31903224329686"><time>2026-08-09T16:47:35Z</time></trkpt><trkpt lat="41.55409538058139" lon="-71.31899990785345"><time>2026-08-09T16:47:36Z</time></trkpt><trkpt lat="41.55406678758983" lon="-71.3189693284132"><time>2026-08-09T16:47:37Z</time></trkpt><trkpt lat="41.55404007444496" lon="-71.31893769994379"><time>2026-08-09T16:47:38Z</time></trkpt><trkpt lat="41.554010093202386" lon="-71.3189058968964"><time>2026-08-09T16:47:39Z</time></trkpt><trkpt lat="41.553980287719156" lon="-71.31887740002973"><time>2026-08-09T16:47:40Z</time></trkpt><trkpt lat="41.553951659864616" lon="-71.31884638879286"><time>2026-08-09T16:47:41Z</time></trkpt><trkpt lat="41.55392270972761" lon="-71.3188159817856"><time>2026-08-09T16:47:42Z</time></trkpt><trkpt lat="41.55389262172972" lon="-71.3187845091603"><time>2026-08-09T16:47:43Z</time></trkpt><trkpt lat="41.55386249991321" lon="-71.31875402270848"><time>2026-08-09T16:47:44Z</time></trkpt><trkpt lat="41.55383426466944" lon="-71.31872180820265"><time>2026-08-09T16:47:45Z</time></trkpt><trkpt lat="41.55380825321637" lon="-71.31868834275699"><time>2026-08-09T16:47:46Z</time></trkpt><trkpt lat="41.553780354336816" lon="-71.31865767794206"><time>2026-08-09T16:47:47Z</time></trkpt><trkpt lat="41.55375198684077" lon="-71.31862785736878"><time>2026-08-09T16:47:48Z</time></trkpt><trkpt lat="41.55372323338647" lon="-71.31859885458555"><time>2026-08-09T16:47:49Z</time></trkpt><trkpt lat="41.55369543344238" lon="-71.31856614732064"><time>2026-08-09T16:47:50Z</time></trkpt><trkpt lat="41.5536676231096" lon="-71.31853530826102"><time>2026-08-09T16:47:51Z</time></trkpt><trkpt lat="41.55363953878472" lon="-71.31850219511311"><time>2026-08-09T16:47:52Z</time></trkpt><trkpt lat="41.55361147460788" lon="-71.31847032733793"><time>2026-08-09T16:47:53Z</time></trkpt><trkpt lat="41.55358324238167" lon="-71.31843933699045"><time>2026-08-09T16:47:54Z</time></trkpt><trkpt lat="41.553555725370096" lon="-71.31840864241845"><time>2026-08-09T16:47:55Z</time></trkpt><trkpt lat="41.55352735130478" lon="-71.31837605178458"><time>2026-08-09T16:47:56Z</time></trkpt><trkpt lat="41.55349883834881" lon="-71.31834644133036"><time>2026-08-09T16:47:57Z</time></trkpt><trkpt lat="41.5534705953191" lon="-71.31831550436802"><time>2026-08-09T16:47:58Z</time></trkpt><trkpt lat="41.55344266287187" lon="-71.31828472651291"><time>2026-08-09T16:47:59Z</time></trkpt><trkpt lat="41.55341256372045" lon="-71.31825328877503"><time>2026-08-09T16:48:00Z</time></trkpt><trkpt lat="41.55338615108643" lon="-71.31822532798068"><time>2026-08-09T16:48:01Z</time></trkpt><trkpt lat="41.55335751587597" lon="-71.31819536590953"><time>2026-08-09T16:48:02Z</time></trkpt><trkpt lat="41.55332730949051" lon="-71.3181648140803"><time>2026-08-09T16:48:03Z</time></trkpt><trkpt lat="41.55329659168841" lon="-71.3181392381125"><time>2026-08-09T16:48:04Z</time></trkpt><trkpt lat="41.55326672226294" lon="-71.31810900573026"><time>2026-08-09T16:48:05Z</time></trkpt><trkpt lat="41.553239989504874" lon="-71.31807750854091"><time>2026-08-09T16:48:06Z</time></trkpt><trkpt lat="41.55321257900914" lon="-71.31804620948307"><time>2026-08-09T16:48:07Z</time></trkpt><trkpt lat="41.55318460897549" lon="-71.31801506079844"><time>2026-08-09T16:48:08Z</time></trkpt><trkpt lat="41.55315674401347" lon="-71.31798367176197"><time>2026-08-09T16:48:09Z</time></trkpt><trkpt lat="41.553131187434325" lon="-71.31795106156099"><time>2026-08-09T16:48:10Z</time></trkpt><trkpt lat="41.55310689849903" lon="-71.31791541107283"><time>2026-08-09T16:48:11Z</time></trkpt><trkpt lat="41.553081711744554" lon="-71.31788203928858"><time>2026-08-09T16:48:12Z</time></trkpt><trkpt lat="41.55305564345061" lon="-71.3178476666164"><time>2026-08-09T16:48:13Z</time></trkpt><trkpt lat="41.55302862069665" lon="-71.31781456572155"><time>2026-08-09T16:48:14Z</time></trkpt><trkpt lat="41.55300221323846" lon="-71.31778113440157"><time>2026-08-09T16:48:15Z</time></trkpt><trkpt lat="41.55297637975375" lon="-71.31774712399503"><time>2026-08-09T16:48:16Z</time></trkpt><trkpt lat="41.5529511887227" lon="-71.31771276988967"><time>2026-08-09T16:48:17Z</time></trkpt><trkpt lat="41.55292464873761" lon="-71.31768102965306"><time>2026-08-09T16:48:18Z</time></trkpt><trkpt lat="41.55289823005501" lon="-71.31764691457134"><time>2026-08-09T16:48:19Z</time></trkpt><trkpt lat="41.552871654998334" lon="-71.31761587984924"><time>2026-08-09T16:48:20Z</time></trkpt><trkpt lat="41.552845689613655" lon="-71.31758143482658"><time>2026-08-09T16:48:21Z</time></trkpt><trkpt lat="41.552819760407964" lon="-71.31754913533696"><time>2026-08-09T16:48:22Z</time></trkpt><trkpt lat="41.55279419639846" lon="-71.3175132967407"><time>2026-08-09T16:48:23Z</time></trkpt><trkpt lat="41.5527674528563" lon="-71.31748990105757"><time>2026-08-09T16:48:24Z</time></trkpt><trkpt lat="41.552741928066276" lon="-71.31744206804264"><time>2026-08-09T16:48:25Z</time></trkpt><trkpt lat="41.552717155835815" lon="-71.31741438926905"><time>2026-08-09T16:48:26Z</time></trkpt><trkpt lat="41.552690114961564" lon="-71.31738109399092"><time>2026-08-09T16:48:27Z</time></trkpt><trkpt lat="41.55266442777584" lon="-71.31734515398938"><time>2026-08-09T16:48:28Z</time></trkpt><trkpt lat="41.552643048586724" lon="-71.31730939756066"><time>2026-08-09T16:48:29Z</time></trkpt><trkpt lat="41.55262016197416" lon="-71.31727941539516"><time>2026-08-09T16:48:30Z</time></trkpt><trkpt lat="41.55259086152321" lon="-71.31724641989477"><time>2026-08-09T16:48:31Z</time></trkpt><trkpt lat="41.5525648462975" lon="-71.31721135328031"><time>2026-08-09T16:48:32Z</time></trkpt><trkpt lat="41.552542338198876" lon="-71.31717730736229"><time>2026-08-09T16:48:33Z</time></trkpt><trkpt lat="41.55251629318625" lon="-71.31714215578852"><time>2026-08-09T16:48:34Z</time></trkpt><trkpt lat="41.55249092770138" lon="-71.31710505321401"><time>2026-08-09T16:48:35Z</time></trkpt><trkpt lat="41.55246322435547" lon="-71.3170700651058"><time>2026-08-09T16:48:36Z</time></trkpt><trkpt lat="41.552443589462186" lon="-71.3170300588662"><time>2026-08-09T16:48:37Z</time></trkpt><trkpt lat="41.552419886580104" lon="-71.31697889054787"><time>2026-08-09T16:48:38Z</time></trkpt><trkpt lat="41.552400170317384" lon="-71.31694337066007"><time>2026-08-09T16:48:39Z</time></trkpt><trkpt lat="41.552367349454855" lon="-71.31691615797571"><time>2026-08-09T16:48:40Z</time></trkpt><trkpt lat="41.552347395601295" lon="-71.31691109927736"><time>2026-08-09T16:48:41Z</time></trkpt><trkpt lat="41.55230872665878" lon="-71.31690187097428"><time>2026-08-09T16:48:42Z</time></trkpt><trkpt lat="41.55226756263095" lon="-71.31689358806008"><time>2026-08-09T16:48:43Z</time></trkpt><trkpt lat="41.552242304862624" lon="-71.31688942200618"><time>2026-08-09T16:48:44Z</time></trkpt><trkpt lat="41.55221252475449" lon="-71.31689744118484"><time>2026-08-09T16:48:45Z</time></trkpt><trkpt lat="41.55218079663688" lon="-71.31691342757817"><time>2026-08-09T16:48:46Z</time></trkpt><trkpt lat="41.55215344666857" lon="-71.31693329705406"><time>2026-08-09T16:48:47Z</time></trkpt><trkpt lat="41.55213178626621" lon="-71.31694474294483"><time>2026-08-09T16:48:48Z</time></trkpt><trkpt lat="41.552114027551646" lon="-71.316962624692"><time>2026-08-09T16:48:49Z</time></trkpt><trkpt lat="41.55209636618118" lon="-71.31699095652426"><time>2026-08-09T16:48:50Z</time></trkpt><trkpt lat="41.55208562927084" lon="-71.31701951446401"><time>2026-08-09T16:48:51Z</time></trkpt><trkpt lat="41.552071721093625" lon="-71.31704983347039"><time>2026-08-09T16:48:52Z</time></trkpt><trkpt lat="41.55205768814265" lon="-71.31708572009585"><time>2026-08-09T16:48:53Z</time></trkpt><trkpt lat="41.552041674675266" lon="-71.31711541294749"><time>2026-08-09T16:48:54Z</time></trkpt><trkpt lat="41.552023240711414" lon="-71.31714534115602"><time>2026-08-09T16:48:55Z</time></trkpt><trkpt lat="41.5520032927746" lon="-71.31717375850025"><time>2026-08-09T16:48:56Z</time></trkpt><trkpt lat="41.55198500589082" lon="-71.31720233749067"><time>2026-08-09T16:48:57Z</time></trkpt><trkpt lat="41.55196614491394" lon="-71.3172313253397"><time>2026-08-09T16:48:58Z</time></trkpt><trkpt lat="41.55194671687294" lon="-71.3172568234743"><time>2026-08-09T16:48:59Z</time></trkpt><trkpt lat="41.5519278028688" lon="-71.31728551373"><time>2026-08-09T16:49:00Z</time></trkpt><trkpt lat="41.55190667702497" lon="-71.31731284544335"><time>2026-08-09T16:49:01Z</time></trkpt><trkpt lat="41.55188535922796" lon="-71.31733998433242"><time>2026-08-09T16:49:02Z</time></trkpt><trkpt lat="41.55186623765419" lon="-71.31736605273016"><time>2026-08-09T16:49:03Z</time></trkpt><trkpt lat="41.55184639134253" lon="-71.31739896877464"><time>2026-08-09T16:49:04Z</time></trkpt><trkpt lat="41.5518257898004" lon="-71.31742578791366"><time>2026-08-09T16:49:05Z</time></trkpt><trkpt lat="41.55180956196695" lon="-71.3174660628529"><time>2026-08-09T16:49:06Z</time></trkpt><trkpt lat="41.55179328644334" lon="-71.31750498805248"><time>2026-08-09T16:49:07Z</time></trkpt><trkpt lat="41.55177916086975" lon="-71.31754384484584"><time>2026-08-09T16:49:08Z</time></trkpt><trkpt lat="41.551760698639676" lon="-71.3175801096341"><time>2026-08-09T16:49:09Z</time></trkpt><trkpt lat="41.55174427640985" lon="-71.31761551412188"><time>2026-08-09T16:49:10Z</time></trkpt><trkpt lat="41.55172617016743" lon="-71.31765156653253"><time>2026-08-09T16:49:11Z</time></trkpt><trkpt lat="41.55170883312725" lon="-71.31769085692054"><time>2026-08-09T16:49:12Z</time></trkpt><trkpt lat="41.551692894352406" lon="-71.31773056039559"><time>2026-08-09T16:49:13Z</time></trkpt><trkpt lat="41.55167772398605" lon="-71.31777209583792"><time>2026-08-09T16:49:14Z</time></trkpt><trkpt lat="41.55166312621892" lon="-71.31781285107466"><time>2026-08-09T16:49:15Z</time></trkpt><trkpt lat="41.551647039824836" lon="-71.3178576036586"><time>2026-08-09T16:49:16Z</time></trkpt><trkpt lat="41.551629008580285" lon="-71.31789956908871"><time>2026-08-09T16:49:17Z</time></trkpt><trkpt lat="41.55160897644357" lon="-71.317937966447"><time>2026-08-09T16:49:18Z</time></trkpt><trkpt lat="41.55159014641925" lon="-71.31798136426868"><time>2026-08-09T16:49:19Z</time></trkpt><trkpt lat="41.551569277877725" lon="-71.31801916578002"><time>2026-08-09T16:49:20Z</time></trkpt><trkpt lat="41.5515474617695" lon="-71.31805708232798"><time>2026-08-09T16:49:21Z</time></trkpt><trkpt lat="41.55152758578559" lon="-71.31809243006246"><time>2026-08-09T16:49:22Z</time></trkpt><trkpt lat="41.55150458577143" lon="-71.31813162882781"><time>2026-08-09T16:49:23Z</time></trkpt><trkpt lat="41.55148070549039" lon="-71.31816665286682"><time>2026-08-09T16:49:24Z</time></trkpt><trkpt lat="41.551456754200984" lon="-71.31820065073074"><time>2026-08-09T16:49:25Z</time></trkpt><trkpt lat="41.55142919585606" lon="-71.31823401238387"><time>2026-08-09T16:49:26Z</time></trkpt><trkpt lat="41.551404323977096" lon="-71.31826499847361"><time>2026-08-09T16:49:27Z</time></trkpt><trkpt lat="41.55138305621103" lon="-71.31830086413652"><time>2026-08-09T16:49:28Z</time></trkpt><trkpt lat="41.55135612709791" lon="-71.31833819765033"><time>2026-08-09T16:49:29Z</time></trkpt><trkpt lat="41.551327582764266" lon="-71.31837373762355"><time>2026-08-09T16:49:30Z</time></trkpt><trkpt lat="41.55130259525005" lon="-71.31841298169503"><time>2026-08-09T16:49:31Z</time></trkpt><trkpt lat="41.55128016755375" lon="-71.31844536580662"><time>2026-08-09T16:49:32Z</time></trkpt><trkpt lat="41.551253503535854" lon="-71.31847635358663"><time>2026-08-09T16:49:33Z</time></trkpt><trkpt lat="41.55122779486478" lon="-71.31850751650448"><time>2026-08-09T16:49:34Z</time></trkpt><trkpt lat="41.551200851163856" lon="-71.3185381360964"><time>2026-08-09T16:49:35Z</time></trkpt><trkpt lat="41.551172826831454" lon="-71.31857115742045"><time>2026-08-09T16:49:36Z</time></trkpt><trkpt lat="41.55114942572321" lon="-71.31860539939113"><time>2026-08-09T16:49:37Z</time></trkpt><trkpt lat="41.551124994466804" lon="-71.31863946959396"><time>2026-08-09T16:49:38Z</time></trkpt><trkpt lat="41.55110167425861" lon="-71.31867064630642"><time>2026-08-09T16:49:39Z</time></trkpt><trkpt lat="41.551077045894914" lon="-71.3187055957779"><time>2026-08-09T16:49:40Z</time></trkpt><trkpt lat="41.551050610555905" lon="-71.31873845132282"><time>2026-08-09T16:49:41Z</time></trkpt><trkpt lat="41.55102382687479" lon="-71.31876944621798"><time>2026-08-09T16:49:42Z</time></trkpt><trkpt lat="41.5509981461101" lon="-71.31880191243867"><time>2026-08-09T16:49:43Z</time></trkpt><trkpt lat="41.55097092030123" lon="-71.31883494929521"><time>2026-08-09T16:49:44Z</time></trkpt><trkpt lat="41.550942229718686" lon="-71.3188656036099"><time>2026-08-09T16:49:45Z</time></trkpt><trkpt lat="41.55091451902254" lon="-71.31889490574108"><time>2026-08-09T16:49:46Z</time></trkpt><trkpt lat="41.550886779314425" lon="-71.31892518340433"><time>2026-08-09T16:49:47Z</time></trkpt><trkpt lat="41.55085968645984" lon="-71.31895538738677"><time>2026-08-09T16:49:48Z</time></trkpt><trkpt lat="41.55083260502632" lon="-71.3189870490275"><time>2026-08-09T16:49:49Z</time></trkpt><trkpt lat="41.55080538851524" lon="-71.31901787932037"><time>2026-08-09T16:49:50Z</time></trkpt><trkpt lat="41.55077868216271" lon="-71.3190479666383"><time>2026-08-09T16:49:51Z</time></trkpt><trkpt lat="41.55075169615932" lon="-71.3190797822115"><time>2026-08-09T16:49:52Z</time></trkpt><trkpt lat="41.55072534939051" lon="-71.31911038476873"><time>2026-08-09T16:49:53Z</time></trkpt><trkpt lat="41.550699496800206" lon="-71.31914296370402"><time>2026-08-09T16:49:54Z</time></trkpt><trkpt lat="41.550671741169424" lon="-71.31917401560376"><time>2026-08-09T16:49:55Z</time></trkpt><trkpt lat="41.55064612553837" lon="-71.31920673805061"><time>2026-08-09T16:49:56Z</time></trkpt><trkpt lat="41.55062056273114" lon="-71.31924199579234"><time>2026-08-09T16:49:57Z</time></trkpt><trkpt lat="41.55059315175027" lon="-71.3192757102509"><time>2026-08-09T16:49:58Z</time></trkpt><trkpt lat="41.5505677397265" lon="-71.31930552372532"><time>2026-08-09T16:49:59Z</time></trkpt><trkpt lat="41.55054261261658" lon="-71.31933471959141"><time>2026-08-09T16:50:00Z</time></trkpt><trkpt lat="41.550515825598424" lon="-71.31936748715324"><time>2026-08-09T16:50:01Z</time></trkpt><trkpt lat="41.55048947829058" lon="-71.31940056965483"><time>2026-08-09T16:50:02Z</time></trkpt><trkpt lat="41.5504644692052" lon="-71.31943331130364"><time>2026-08-09T16:50:03Z</time></trkpt><trkpt lat="41.550439636164" lon="-71.31946850212412"><time>2026-08-09T16:50:04Z</time></trkpt><trkpt lat="41.5504145189935" lon="-71.31950171875415"><time>2026-08-09T16:50:05Z</time></trkpt><trkpt lat="41.55038992093575" lon="-71.31953728671306"><time>2026-08-09T16:50:06Z</time></trkpt><trkpt lat="41.55036439198552" lon="-71.31957078443833"><time>2026-08-09T16:50:07Z</time></trkpt><trkpt lat="41.550337620386024" lon="-71.31960389222417"><time>2026-08-09T16:50:08Z</time></trkpt><trkpt lat="41.55031312785813" lon="-71.31963738209616"><time>2026-08-09T16:50:09Z</time></trkpt><trkpt lat="41.55028872235258" lon="-71.31967091492136"><time>2026-08-09T16:50:10Z</time></trkpt><trkpt lat="41.55026302364741" lon="-71.31970379736472"><time>2026-08-09T16:50:11Z</time></trkpt><trkpt lat="41.55023954943288" lon="-71.31973710271761"><time>2026-08-09T16:50:12Z</time></trkpt><trkpt lat="41.550214246270265" lon="-71.31976968478332"><time>2026-08-09T16:50:13Z</time></trkpt><trkpt lat="41.55018929611442" lon="-71.31980349673758"><time>2026-08-09T16:50:14Z</time></trkpt><trkpt lat="41.5501654357646" lon="-71.3198356923899"><time>2026-08-09T16:50:15Z</time></trkpt><trkpt lat="41.55014071856633" lon="-71.31986760210808"><time>2026-08-09T16:50:16Z</time></trkpt><trkpt lat="41.550116031246056" lon="-71.31989894186468"><time>2026-08-09T16:50:17Z</time></trkpt><trkpt lat="41.55009010387532" lon="-71.31992872272731"><time>2026-08-09T16:50:18Z</time></trkpt><trkpt lat="41.55006546495937" lon="-71.31995746670782"><time>2026-08-09T16:50:19Z</time></trkpt><trkpt lat="41.55004211721891" lon="-71.31999467655648"><time>2026-08-09T16:50:20Z</time></trkpt><trkpt lat="41.55002214968204" lon="-71.32002746041509"><time>2026-08-09T16:50:21Z</time></trkpt><trkpt lat="41.55000092403859" lon="-71.32005827534651"><time>2026-08-09T16:50:22Z</time></trkpt><trkpt lat="41.549980385871564" lon="-71.32009356208943"><time>2026-08-09T16:50:23Z</time></trkpt><trkpt lat="41.54995908561301" lon="-71.32012544845206"><time>2026-08-09T16:50:24Z</time></trkpt><trkpt lat="41.54993868226777" lon="-71.32015974336488"><time>2026-08-09T16:50:25Z</time></trkpt><trkpt lat="41.549920489112125" lon="-71.32019597751405"><time>2026-08-09T16:50:26Z</time></trkpt><trkpt lat="41.54990352955371" lon="-71.32023382592043"><time>2026-08-09T16:50:27Z</time></trkpt><trkpt lat="41.54988613467354" lon="-71.32027131565681"><time>2026-08-09T16:50:28Z</time></trkpt><trkpt lat="41.54986833263443" lon="-71.32030921164677"><time>2026-08-09T16:50:29Z</time></trkpt><trkpt lat="41.54984952525768" lon="-71.32034701115175"><time>2026-08-09T16:50:30Z</time></trkpt><trkpt lat="41.54983063749581" lon="-71.32038226918031"><time>2026-08-09T16:50:31Z</time></trkpt><trkpt lat="41.54981142705966" lon="-71.32042046606638"><time>2026-08-09T16:50:32Z</time></trkpt><trkpt lat="41.54979167996694" lon="-71.32045623765111"><time>2026-08-09T16:50:33Z</time></trkpt><trkpt lat="41.54977312047094" lon="-71.3204939500705"><time>2026-08-09T16:50:34Z</time></trkpt><trkpt lat="41.54975318885021" lon="-71.32053107232974"><time>2026-08-09T16:50:35Z</time></trkpt><trkpt lat="41.54973535741212" lon="-71.32056813397891"><time>2026-08-09T16:50:36Z</time></trkpt><trkpt lat="41.54971692643459" lon="-71.32060638885343"><time>2026-08-09T16:50:37Z</time></trkpt><trkpt lat="41.54969848911261" lon="-71.32064698083092"><time>2026-08-09T16:50:38Z</time></trkpt><trkpt lat="41.54968049179638" lon="-71.32068642339574"><time>2026-08-09T16:50:39Z</time></trkpt><trkpt lat="41.549662404076464" lon="-71.32072683126974"><time>2026-08-09T16:50:40Z</time></trkpt><trkpt lat="41.54964198122651" lon="-71.32076565110839"><time>2026-08-09T16:50:41Z</time></trkpt><trkpt lat="41.549622495189595" lon="-71.32080456078225"><time>2026-08-09T16:50:42Z</time></trkpt><trkpt lat="41.54960362206823" lon="-71.32084113287267"><time>2026-08-09T16:50:43Z</time></trkpt><trkpt lat="41.54958396847102" lon="-71.32088179365181"><time>2026-08-09T16:50:44Z</time></trkpt><trkpt lat="41.549565117425814" lon="-71.32092148221935"><time>2026-08-09T16:50:45Z</time></trkpt><trkpt lat="41.54954676564697" lon="-71.32096186644075"><time>2026-08-09T16:50:46Z</time></trkpt><trkpt lat="41.54952780072158" lon="-71.32100172693177"><time>2026-08-09T16:50:47Z</time></trkpt><trkpt lat="41.54950955983116" lon="-71.32104244290409"><time>2026-08-09T16:50:48Z</time></trkpt><trkpt lat="41.54949156052068" lon="-71.32108251836577"><time>2026-08-09T16:50:49Z</time></trkpt><trkpt lat="41.54947314078088" lon="-71.32112364696593"><time>2026-08-09T16:50:50Z</time></trkpt><trkpt lat="41.549454104744015" lon="-71.32116329280619"><time>2026-08-09T16:50:51Z</time></trkpt><trkpt lat="41.54944036688823" lon="-71.32120591317113"><time>2026-08-09T16:50:52Z</time></trkpt><trkpt lat="41.5494238815909" lon="-71.32124907453787"><time>2026-08-09T16:50:53Z</time></trkpt><trkpt lat="41.5494088366585" lon="-71.32129332089634"><time>2026-08-09T16:50:54Z</time></trkpt><trkpt lat="41.54939325686937" lon="-71.32133566962757"><time>2026-08-09T16:50:55Z</time></trkpt><trkpt lat="41.54937632807168" lon="-71.32137984730079"><time>2026-08-09T16:50:56Z</time></trkpt><trkpt lat="41.54935492555989" lon="-71.32142005165241"><time>2026-08-09T16:50:57Z</time></trkpt><trkpt lat="41.54933729095132" lon="-71.32146090815911"><time>2026-08-09T16:50:58Z</time></trkpt><trkpt lat="41.54931545663239" lon="-71.32150220658279"><time>2026-08-09T16:50:59Z</time></trkpt><trkpt lat="41.549296455949" lon="-71.3215410710435"><time>2026-08-09T16:51:00Z</time></trkpt><trkpt lat="41.549276147809174" lon="-71.32158036073241"><time>2026-08-09T16:51:01Z</time></trkpt><trkpt lat="41.54925624803938" lon="-71.32162122109987"><time>2026-08-09T16:51:02Z</time></trkpt><trkpt lat="41.54923606904514" lon="-71.32165955865509"><time>2026-08-09T16:51:03Z</time></trkpt><trkpt lat="41.54921500664971" lon="-71.32170226602531"><time>2026-08-09T16:51:04Z</time></trkpt><trkpt lat="41.549193833068614" lon="-71.32173838299956"><time>2026-08-09T16:51:05Z</time></trkpt><trkpt lat="41.549167931390286" lon="-71.32177073439097"><time>2026-08-09T16:51:06Z</time></trkpt><trkpt lat="41.54914278074733" lon="-71.32180442137928"><time>2026-08-09T16:51:07Z</time></trkpt><trkpt lat="41.54911953469297" lon="-71.32183576770453"><time>2026-08-09T16:51:08Z</time></trkpt><trkpt lat="41.549095174085636" lon="-71.32187164819855"><time>2026-08-09T16:51:09Z</time></trkpt><trkpt lat="41.54907040990973" lon="-71.32190551622882"><time>2026-08-09T16:51:10Z</time></trkpt><trkpt lat="41.549046004324566" lon="-71.32193700081795"><time>2026-08-09T16:51:11Z</time></trkpt><trkpt lat="41.54902128389109" lon="-71.32197110217516"><time>2026-08-09T16:51:12Z</time></trkpt><trkpt lat="41.54899653747068" lon="-71.32200500043466"><time>2026-08-09T16:51:13Z</time></trkpt><trkpt lat="41.5489722052335" lon="-71.32203791826444"><time>2026-08-09T16:51:14Z</time></trkpt><trkpt lat="41.54894787775346" lon="-71.3220710288976"><time>2026-08-09T16:51:15Z</time></trkpt><trkpt lat="41.54892415013461" lon="-71.32210316256955"><time>2026-08-09T16:51:16Z</time></trkpt><trkpt lat="41.5488995747907" lon="-71.3221349350521"><time>2026-08-09T16:51:17Z</time></trkpt><trkpt lat="41.54887439408577" lon="-71.32216678390083"><time>2026-08-09T16:51:18Z</time></trkpt><trkpt lat="41.548850599185776" lon="-71.32219815397343"><time>2026-08-09T16:51:19Z</time></trkpt><trkpt lat="41.54882626252393" lon="-71.32223037405386"><time>2026-08-09T16:51:20Z</time></trkpt><trkpt lat="41.54880227891895" lon="-71.32226226850757"><time>2026-08-09T16:51:21Z</time></trkpt><trkpt lat="41.54877910397079" lon="-71.32229760967012"><time>2026-08-09T16:51:22Z</time></trkpt><trkpt lat="41.548754252451836" lon="-71.32233272726107"><time>2026-08-09T16:51:23Z</time></trkpt><trkpt lat="41.54873150884777" lon="-71.32236963442804"><time>2026-08-09T16:51:24Z</time></trkpt><trkpt lat="41.548708970767585" lon="-71.32239967189768"><time>2026-08-09T16:51:25Z</time></trkpt><trkpt lat="41.548689133926814" lon="-71.32243017828512"><time>2026-08-09T16:51:26Z</time></trkpt><trkpt lat="41.548666212139594" lon="-71.32246549793336"><time>2026-08-09T16:51:27Z</time></trkpt><trkpt lat="41.54864489970321" lon="-71.32250052915352"><time>2026-08-09T16:51:28Z</time></trkpt><trkpt lat="41.548623167541194" lon="-71.32253938218938"><time>2026-08-09T16:51:29Z</time></trkpt><trkpt lat="41.54860326019443" lon="-71.32257365286954"><time>2026-08-09T16:51:30Z</time></trkpt><trkpt lat="41.548582883158666" lon="-71.32260694007444"><time>2026-08-09T16:51:31Z</time></trkpt><trkpt lat="41.54856071075849" lon="-71.32264058250247"><time>2026-08-09T16:51:32Z</time></trkpt><trkpt lat="41.54853980549121" lon="-71.32267584987706"><time>2026-08-09T16:51:33Z</time></trkpt><trkpt lat="41.548517957658206" lon="-71.32270966668514"><time>2026-08-09T16:51:34Z</time></trkpt><trkpt lat="41.54849707010016" lon="-71.32274395615089"><time>2026-08-09T16:51:35Z</time></trkpt><trkpt lat="41.54847558395945" lon="-71.3227780511012"><time>2026-08-09T16:51:36Z</time></trkpt><trkpt lat="41.548454118507266" lon="-71.32281213766741"><time>2026-08-09T16:51:37Z</time></trkpt><trkpt lat="41.548433398799496" lon="-71.32284558086998"><time>2026-08-09T16:51:38Z</time></trkpt><trkpt lat="41.548411546144244" lon="-71.32287954585384"><time>2026-08-09T16:51:39Z</time></trkpt><trkpt lat="41.54838921071733" lon="-71.32291349283567"><time>2026-08-09T16:51:40Z</time></trkpt><trkpt lat="41.5483672518191" lon="-71.32294535539137"><time>2026-08-09T16:51:41Z</time></trkpt><trkpt lat="41.54834503992032" lon="-71.32297838742636"><time>2026-08-09T16:51:42Z</time></trkpt><trkpt lat="41.54832172069955" lon="-71.32301068600339"><time>2026-08-09T16:51:43Z</time></trkpt><trkpt lat="41.548298692771446" lon="-71.3230432000993"><time>2026-08-09T16:51:44Z</time></trkpt><trkpt lat="41.54827577339435" lon="-71.3230759763665"><time>2026-08-09T16:51:45Z</time></trkpt><trkpt lat="41.54825233241672" lon="-71.32310857689197"><time>2026-08-09T16:51:46Z</time></trkpt><trkpt lat="41.54823019094849" lon="-71.32314114816083"><time>2026-08-09T16:51:47Z</time></trkpt><trkpt lat="41.54820821921641" lon="-71.32317256973269"><time>2026-08-09T16:51:48Z</time></trkpt><trkpt lat="41.548185232295616" lon="-71.32320466479423"><time>2026-08-09T16:51:49Z</time></trkpt><trkpt lat="41.54816217720837" lon="-71.32323896307511"><time>2026-08-09T16:51:50Z</time></trkpt><trkpt lat="41.548141083991055" lon="-71.32326974012702"><time>2026-08-09T16:51:51Z</time></trkpt><trkpt lat="41.54811938198118" lon="-71.32330329309502"><time>2026-08-09T16:51:52Z</time></trkpt><trkpt lat="41.548100221994" lon="-71.32333590178268"><time>2026-08-09T16:51:53Z</time></trkpt><trkpt lat="41.548079643666114" lon="-71.32337247289631"><time>2026-08-09T16:51:54Z</time></trkpt><trkpt lat="41.54805622558385" lon="-71.32340117555731"><time>2026-08-09T16:51:55Z</time></trkpt><trkpt lat="41.54803977885216" lon="-71.32343127304692"><time>2026-08-09T16:51:56Z</time></trkpt><trkpt lat="41.54801414269164" lon="-71.3234665573741"><time>2026-08-09T16:51:57Z</time></trkpt><trkpt lat="41.54799755505576" lon="-71.32350119241443"><time>2026-08-09T16:51:58Z</time></trkpt><trkpt lat="41.54797529432588" lon="-71.32353759113433"><time>2026-08-09T16:51:59Z</time></trkpt><trkpt lat="41.54795295981125" lon="-71.32357275216314"><time>2026-08-09T16:52:00Z</time></trkpt><trkpt lat="41.54793450278746" lon="-71.3236056793674"><time>2026-08-09T16:52:01Z</time></trkpt><trkpt lat="41.54791325844416" lon="-71.32363900048502"><time>2026-08-09T16:52:02Z</time></trkpt><trkpt lat="41.54789269983059" lon="-71.32367166572746"><time>2026-08-09T16:52:03Z</time></trkpt><trkpt lat="41.54787113860549" lon="-71.32370453314776"><time>2026-08-09T16:52:04Z</time></trkpt><trkpt lat="41.54784943282611" lon="-71.32373815556132"><time>2026-08-09T16:52:05Z</time></trkpt><trkpt lat="41.54782975505817" lon="-71.32377230244643"><time>2026-08-09T16:52:06Z</time></trkpt><trkpt lat="41.54780955806662" lon="-71.32380848186895"><time>2026-08-09T16:52:07Z</time></trkpt><trkpt lat="41.5477901964645" lon="-71.32384166135604"><time>2026-08-09T16:52:08Z</time></trkpt><trkpt lat="41.54777116568488" lon="-71.32387771213861"><time>2026-08-09T16:52:09Z</time></trkpt><trkpt lat="41.547750135237514" lon="-71.32391212284969"><time>2026-08-09T16:52:10Z</time></trkpt><trkpt lat="41.5477303446609" lon="-71.32394691174977"><time>2026-08-09T16:52:11Z</time></trkpt><trkpt lat="41.54771049187511" lon="-71.32398262190141"><time>2026-08-09T16:52:12Z</time></trkpt><trkpt lat="41.54769078020762" lon="-71.32401629883151"><time>2026-08-09T16:52:13Z</time></trkpt><trkpt lat="41.547670575518254" lon="-71.32405264824541"><time>2026-08-09T16:52:14Z</time></trkpt><trkpt lat="41.547650237447705" lon="-71.32408699429594"><time>2026-08-09T16:52:15Z</time></trkpt><trkpt lat="41.547629733629435" lon="-71.32412249714943"><time>2026-08-09T16:52:16Z</time></trkpt><trkpt lat="41.54760991974603" lon="-71.32415855014678"><time>2026-08-09T16:52:17Z</time></trkpt><trkpt lat="41.54758945736706" lon="-71.32419461682503"><time>2026-08-09T16:52:18Z</time></trkpt><trkpt lat="41.54756839795874" lon="-71.32423001376027"><time>2026-08-09T16:52:19Z</time></trkpt><trkpt lat="41.547547359684884" lon="-71.32426630291381"><time>2026-08-09T16:52:20Z</time></trkpt><trkpt lat="41.547525584867685" lon="-71.32429963123656"><time>2026-08-09T16:52:21Z</time></trkpt><trkpt lat="41.54750396069821" lon="-71.3243345479055"><time>2026-08-09T16:52:22Z</time></trkpt><trkpt lat="41.54748273203979" lon="-71.32436863996766"><time>2026-08-09T16:52:23Z</time></trkpt><trkpt lat="41.54746140579086" lon="-71.32440454042496"><time>2026-08-09T16:52:24Z</time></trkpt><trkpt lat="41.54744044747248" lon="-71.32443973540502"><time>2026-08-09T16:52:25Z</time></trkpt><trkpt lat="41.54741848270828" lon="-71.32447512692686"><time>2026-08-09T16:52:26Z</time></trkpt><trkpt lat="41.54739795321839" lon="-71.32451159382059"><time>2026-08-09T16:52:27Z</time></trkpt><trkpt lat="41.54737679809336" lon="-71.32454787538713"><time>2026-08-09T16:52:28Z</time></trkpt><trkpt lat="41.54735657191743" lon="-71.3245843108569"><time>2026-08-09T16:52:29Z</time></trkpt><trkpt lat="41.547334709223264" lon="-71.32462055428842"><time>2026-08-09T16:52:30Z</time></trkpt><trkpt lat="41.547312137718194" lon="-71.32465537504775"><time>2026-08-09T16:52:31Z</time></trkpt><trkpt lat="41.54728936884691" lon="-71.32469212248049"><time>2026-08-09T16:52:32Z</time></trkpt><trkpt lat="41.547266143502924" lon="-71.32472611489908"><time>2026-08-09T16:52:33Z</time></trkpt><trkpt lat="41.547243042826985" lon="-71.32476175079978"><time>2026-08-09T16:52:34Z</time></trkpt><trkpt lat="41.54721991240572" lon="-71.32479854398946"><time>2026-08-09T16:52:35Z</time></trkpt><trkpt lat="41.54719652740718" lon="-71.32483427548763"><time>2026-08-09T16:52:36Z</time></trkpt><trkpt lat="41.54717416045756" lon="-71.32487194873569"><time>2026-08-09T16:52:37Z</time></trkpt><trkpt lat="41.547151140851504" lon="-71.32490736773144"><time>2026-08-09T16:52:38Z</time></trkpt><trkpt lat="41.54712821042596" lon="-71.32494470352701"><time>2026-08-09T16:52:39Z</time></trkpt><trkpt lat="41.547103795975985" lon="-71.32498039284445"><time>2026-08-09T16:52:40Z</time></trkpt><trkpt lat="41.54707877346485" lon="-71.32501380388042"><time>2026-08-09T16:52:41Z</time></trkpt><trkpt lat="41.547054213292554" lon="-71.32504961675332"><time>2026-08-09T16:52:42Z</time></trkpt><trkpt lat="41.54702981153482" lon="-71.3250843335231"><time>2026-08-09T16:52:43Z</time></trkpt><trkpt lat="41.54700520024499" lon="-71.32511852170632"><time>2026-08-09T16:52:44Z</time></trkpt><trkpt lat="41.546981428273476" lon="-71.32515305349001"><time>2026-08-09T16:52:45Z</time></trkpt><trkpt lat="41.54695606045358" lon="-71.32518777392133"><time>2026-08-09T16:52:46Z</time></trkpt><trkpt lat="41.54693267171508" lon="-71.32522358780615"><time>2026-08-09T16:52:47Z</time></trkpt><trkpt lat="41.546909909344" lon="-71.32525871534085"><time>2026-08-09T16:52:48Z</time></trkpt><trkpt lat="41.5468860662613" lon="-71.32529613053731"><time>2026-08-09T16:52:49Z</time></trkpt><trkpt lat="41.54686119199901" lon="-71.32533211301751"><time>2026-08-09T16:52:50Z</time></trkpt><trkpt lat="41.546838961118546" lon="-71.3253696204137"><time>2026-08-09T16:52:51Z</time></trkpt><trkpt lat="41.54681524269057" lon="-71.32540592353767"><time>2026-08-09T16:52:52Z</time></trkpt><trkpt lat="41.546791106555084" lon="-71.3254430860278"><time>2026-08-09T16:52:53Z</time></trkpt><trkpt lat="41.54676511910523" lon="-71.32547784408025"><time>2026-08-09T16:52:54Z</time></trkpt><trkpt lat="41.54674249089661" lon="-71.32551556417549"><time>2026-08-09T16:52:55Z</time></trkpt><trkpt lat="41.54671805233158" lon="-71.32555183820237"><time>2026-08-09T16:52:56Z</time></trkpt><trkpt lat="41.54669485760781" lon="-71.32559042683064"><time>2026-08-09T16:52:57Z</time></trkpt><trkpt lat="41.54666970141863" lon="-71.32562745658747"><time>2026-08-09T16:52:58Z</time></trkpt><trkpt lat="41.54664571605412" lon="-71.3256652445063"><time>2026-08-09T16:52:59Z</time></trkpt><trkpt lat="41.546619739666184" lon="-71.32570136087321"><time>2026-08-09T16:53:00Z</time></trkpt><trkpt lat="41.54659360004205" lon="-71.32573652062624"><time>2026-08-09T16:53:01Z</time></trkpt><trkpt lat="41.54656679169853" lon="-71.32577433879129"><time>2026-08-09T16:53:02Z</time></trkpt><trkpt lat="41.54654147979106" lon="-71.32581000302986"><time>2026-08-09T16:53:03Z</time></trkpt><trkpt lat="41.54651602748277" lon="-71.3258459501914"><time>2026-08-09T16:53:04Z</time></trkpt><trkpt lat="41.54648964108332" lon="-71.32588395459115"><time>2026-08-09T16:53:05Z</time></trkpt><trkpt lat="41.54646209235197" lon="-71.3259188942729"><time>2026-08-09T16:53:06Z</time></trkpt><trkpt lat="41.54643555997278" lon="-71.32595367257093"><time>2026-08-09T16:53:07Z</time></trkpt><trkpt lat="41.546407824476695" lon="-71.32598818944295"><time>2026-08-09T16:53:08Z</time></trkpt><trkpt lat="41.546364565488645" lon="-71.32599539688043"><time>2026-08-09T16:53:09Z</time></trkpt><trkpt lat="41.54634859277452" lon="-71.32604569892369"><time>2026-08-09T16:53:10Z</time></trkpt><trkpt lat="41.546320112321126" lon="-71.32607500557813"><time>2026-08-09T16:53:11Z</time></trkpt><trkpt lat="41.54629459340559" lon="-71.32610844359066"><time>2026-08-09T16:53:12Z</time></trkpt><trkpt lat="41.546265693594904" lon="-71.32614200170164"><time>2026-08-09T16:53:13Z</time></trkpt><trkpt lat="41.54623915494855" lon="-71.32617574765742"><time>2026-08-09T16:53:14Z</time></trkpt><trkpt lat="41.54621166415665" lon="-71.3262099656889"><time>2026-08-09T16:53:15Z</time></trkpt><trkpt lat="41.54618464515076" lon="-71.3262439685734"><time>2026-08-09T16:53:16Z</time></trkpt><trkpt lat="41.5461570724989" lon="-71.3262777702626"><time>2026-08-09T16:53:17Z</time></trkpt><trkpt lat="41.5461299140124" lon="-71.32631151721542"><time>2026-08-09T16:53:18Z</time></trkpt><trkpt lat="41.546103772023486" lon="-71.32634329146646"><time>2026-08-09T16:53:19Z</time></trkpt><trkpt lat="41.54607385469522" lon="-71.32637792520146"><time>2026-08-09T16:53:20Z</time></trkpt><trkpt lat="41.54604828846735" lon="-71.32640964691743"><time>2026-08-09T16:53:21Z</time></trkpt><trkpt lat="41.54602100646602" lon="-71.32644374418969"><time>2026-08-09T16:53:22Z</time></trkpt><trkpt lat="41.54599151498281" lon="-71.32647251315638"><time>2026-08-09T16:53:23Z</time></trkpt><trkpt lat="41.5459635172407" lon="-71.32650271453323"><time>2026-08-09T16:53:24Z</time></trkpt><trkpt lat="41.545935228948835" lon="-71.32653166286937"><time>2026-08-09T16:53:25Z</time></trkpt><trkpt lat="41.54590742220069" lon="-71.32655734325358"><time>2026-08-09T16:53:26Z</time></trkpt><trkpt lat="41.5458795952376" lon="-71.32658366276691"><time>2026-08-09T16:53:27Z</time></trkpt><trkpt lat="41.54585256128447" lon="-71.32661372400256"><time>2026-08-09T16:53:28Z</time></trkpt><trkpt lat="41.545823529740424" lon="-71.32664477547475"><time>2026-08-09T16:53:29Z</time></trkpt><trkpt lat="41.54579648876584" lon="-71.3266754272229"><time>2026-08-09T16:53:30Z</time></trkpt><trkpt lat="41.54576894904887" lon="-71.32670764189312"><time>2026-08-09T16:53:31Z</time></trkpt><trkpt lat="41.54574222253047" lon="-71.32673857817862"><time>2026-08-09T16:53:32Z</time></trkpt><trkpt lat="41.54571441412641" lon="-71.32677115645738"><time>2026-08-09T16:53:33Z</time></trkpt><trkpt lat="41.54568752556667" lon="-71.32680186890603"><time>2026-08-09T16:53:34Z</time></trkpt><trkpt lat="41.54566006177374" lon="-71.32683321245976"><time>2026-08-09T16:53:35Z</time></trkpt><trkpt lat="41.54563442945861" lon="-71.32685790617401"><time>2026-08-09T16:53:36Z</time></trkpt><trkpt lat="41.545607295643016" lon="-71.32689021502063"><time>2026-08-09T16:53:37Z</time></trkpt><trkpt lat="41.54557856796299" lon="-71.32692260960377"><time>2026-08-09T16:53:38Z</time></trkpt><trkpt lat="41.54555241484537" lon="-71.32695225507702"><time>2026-08-09T16:53:39Z</time></trkpt><trkpt lat="41.54552500494051" lon="-71.3269814987953"><time>2026-08-09T16:53:40Z</time></trkpt><trkpt lat="41.545497765287735" lon="-71.3270117053165"><time>2026-08-09T16:53:41Z</time></trkpt><trkpt lat="41.545470965422226" lon="-71.3270397803695"><time>2026-08-09T16:53:42Z</time></trkpt><trkpt lat="41.54544207337903" lon="-71.32707204728344"><time>2026-08-09T16:53:43Z</time></trkpt><trkpt lat="41.54541633280524" lon="-71.32710212345484"><time>2026-08-09T16:53:44Z</time></trkpt><trkpt lat="41.54539120649267" lon="-71.32713453277607"><time>2026-08-09T16:53:45Z</time></trkpt><trkpt lat="41.54536529982705" lon="-71.32716670086943"><time>2026-08-09T16:53:46Z</time></trkpt><trkpt lat="41.545339652532164" lon="-71.32719643133936"><time>2026-08-09T16:53:47Z</time></trkpt><trkpt lat="41.54531459225416" lon="-71.32722917896169"><time>2026-08-09T16:53:48Z</time></trkpt><trkpt lat="41.54528806534311" lon="-71.32726032378116"><time>2026-08-09T16:53:49Z</time></trkpt><trkpt lat="41.54526301933613" lon="-71.32728958840399"><time>2026-08-09T16:53:50Z</time></trkpt><trkpt lat="41.54523697780475" lon="-71.32731696596399"><time>2026-08-09T16:53:51Z</time></trkpt><trkpt lat="41.545211723730276" lon="-71.3273478176606"><time>2026-08-09T16:53:52Z</time></trkpt><trkpt lat="41.54518736134076" lon="-71.32737795831963"><time>2026-08-09T16:53:53Z</time></trkpt><trkpt lat="41.54516260295484" lon="-71.32740741500369"><time>2026-08-09T16:53:54Z</time></trkpt><trkpt lat="41.545138995906214" lon="-71.32743657520034"><time>2026-08-09T16:53:55Z</time></trkpt><trkpt lat="41.545111742787" lon="-71.32746834737704"><time>2026-08-09T16:53:56Z</time></trkpt><trkpt lat="41.54508700198194" lon="-71.32749822445206"><time>2026-08-09T16:53:57Z</time></trkpt><trkpt lat="41.545063859919786" lon="-71.32752502885178"><time>2026-08-09T16:53:58Z</time></trkpt><trkpt lat="41.54503972224526" lon="-71.3275534062029"><time>2026-08-09T16:53:59Z</time></trkpt><trkpt lat="41.54501673881084" lon="-71.32758218273506"><time>2026-08-09T16:54:00Z</time></trkpt><trkpt lat="41.5449903293718" lon="-71.32761045859837"><time>2026-08-09T16:54:01Z</time></trkpt><trkpt lat="41.54496572105127" lon="-71.32763803715767"><time>2026-08-09T16:54:02Z</time></trkpt><trkpt lat="41.54494226773143" lon="-71.3276648167282"><time>2026-08-09T16:54:03Z</time></trkpt><trkpt lat="41.54491832087947" lon="-71.32769230909435"><time>2026-08-09T16:54:04Z</time></trkpt><trkpt lat="41.54489366765226" lon="-71.32772035316665"><time>2026-08-09T16:54:05Z</time></trkpt><trkpt lat="41.544869775634425" lon="-71.32774787597464"><time>2026-08-09T16:54:06Z</time></trkpt><trkpt lat="41.544844974924814" lon="-71.3277732931941"><time>2026-08-09T16:54:07Z</time></trkpt><trkpt lat="41.544821153003255" lon="-71.32779789047788"><time>2026-08-09T16:54:08Z</time></trkpt><trkpt lat="41.544797273622194" lon="-71.32782370712835"><time>2026-08-09T16:54:09Z</time></trkpt><trkpt lat="41.5447738410277" lon="-71.32784819001448"><time>2026-08-09T16:54:10Z</time></trkpt><trkpt lat="41.5447516358089" lon="-71.32787455339616"><time>2026-08-09T16:54:11Z</time></trkpt><trkpt lat="41.5447302311893" lon="-71.32790216236513"><time>2026-08-09T16:54:12Z</time></trkpt><trkpt lat="41.54470802775077" lon="-71.32793076959138"><time>2026-08-09T16:54:13Z</time></trkpt><trkpt lat="41.54468654468981" lon="-71.32796005782535"><time>2026-08-09T16:54:14Z</time></trkpt><trkpt lat="41.544664579467415" lon="-71.32799075940152"><time>2026-08-09T16:54:15Z</time></trkpt><trkpt lat="41.5446430387754" lon="-71.32802260340068"><time>2026-08-09T16:54:16Z</time></trkpt><trkpt lat="41.54462044612918" lon="-71.32805154871298"><time>2026-08-09T16:54:17Z</time></trkpt><trkpt lat="41.54459751987481" lon="-71.32808252138449"><time>2026-08-09T16:54:18Z</time></trkpt><trkpt lat="41.54457473372153" lon="-71.32811218725337"><time>2026-08-09T16:54:19Z</time></trkpt><trkpt lat="41.54455054770591" lon="-71.328142090288"><time>2026-08-09T16:54:20Z</time></trkpt><trkpt lat="41.5445289239728" lon="-71.32816924850148"><time>2026-08-09T16:54:21Z</time></trkpt><trkpt lat="41.544505450469586" lon="-71.32820007143371"><time>2026-08-09T16:54:22Z</time></trkpt><trkpt lat="41.544482159906735" lon="-71.32823050958642"><time>2026-08-09T16:54:23Z</time></trkpt><trkpt lat="41.54445991975686" lon="-71.32826096896311"><time>2026-08-09T16:54:24Z</time></trkpt><trkpt lat="41.54443733724595" lon="-71.32829180503046"><time>2026-08-09T16:54:25Z</time></trkpt><trkpt lat="41.54441357372105" lon="-71.32832293215685"><time>2026-08-09T16:54:26Z</time></trkpt><trkpt lat="41.54439145259845" lon="-71.32835054159523"><time>2026-08-09T16:54:27Z</time></trkpt><trkpt lat="41.54436849117636" lon="-71.32838154531694"><time>2026-08-09T16:54:28Z</time></trkpt><trkpt lat="41.544346056064754" lon="-71.32841154370753"><time>2026-08-09T16:54:29Z</time></trkpt><trkpt lat="41.544323918977575" lon="-71.3284421207559"><time>2026-08-09T16:54:30Z</time></trkpt><trkpt lat="41.544302041578796" lon="-71.32847329037833"><time>2026-08-09T16:54:31Z</time></trkpt><trkpt lat="41.54427940151506" lon="-71.3285033517249"><time>2026-08-09T16:54:32Z</time></trkpt><trkpt lat="41.54425646658934" lon="-71.32853489281528"><time>2026-08-09T16:54:33Z</time></trkpt><trkpt lat="41.54423467918689" lon="-71.32856516901883"><time>2026-08-09T16:54:34Z</time></trkpt><trkpt lat="41.544211986214705" lon="-71.32859850120101"><time>2026-08-09T16:54:35Z</time></trkpt><trkpt lat="41.544188941611" lon="-71.3286278485433"><time>2026-08-09T16:54:36Z</time></trkpt><trkpt lat="41.544167048642514" lon="-71.32865821182438"><time>2026-08-09T16:54:37Z</time></trkpt><trkpt lat="41.54414266508172" lon="-71.32868848424842"><time>2026-08-09T16:54:38Z</time></trkpt><trkpt lat="41.54411951005243" lon="-71.3287187157073"><time>2026-08-09T16:54:39Z</time></trkpt><trkpt lat="41.5440954692062" lon="-71.32874901083137"><time>2026-08-09T16:54:40Z</time></trkpt><trkpt lat="41.544072715278254" lon="-71.32877988518422"><time>2026-08-09T16:54:41Z</time></trkpt><trkpt lat="41.544049864020295" lon="-71.32881023904733"><time>2026-08-09T16:54:42Z</time></trkpt><trkpt lat="41.54402575218905" lon="-71.32884266621801"><time>2026-08-09T16:54:43Z</time></trkpt><trkpt lat="41.5440027558899" lon="-71.32887297128792"><time>2026-08-09T16:54:44Z</time></trkpt><trkpt lat="41.543979679914315" lon="-71.32890650532016"><time>2026-08-09T16:54:45Z</time></trkpt><trkpt lat="41.54395474910289" lon="-71.32893830030743"><time>2026-08-09T16:54:46Z</time></trkpt><trkpt lat="41.54393155605105" lon="-71.32897010074075"><time>2026-08-09T16:54:47Z</time></trkpt><trkpt lat="41.543906905546685" lon="-71.329001890649"><time>2026-08-09T16:54:48Z</time></trkpt><trkpt lat="41.5438823781372" lon="-71.32903251950206"><time>2026-08-09T16:54:49Z</time></trkpt><trkpt lat="41.54385871944439" lon="-71.32906449964153"><time>2026-08-09T16:54:50Z</time></trkpt><trkpt lat="41.54383376003583" lon="-71.32909658106128"><time>2026-08-09T16:54:51Z</time></trkpt><trkpt lat="41.54381095678706" lon="-71.32912754049393"><time>2026-08-09T16:54:52Z</time></trkpt><trkpt lat="41.54378634436714" lon="-71.32915880585053"><time>2026-08-09T16:54:53Z</time></trkpt><trkpt lat="41.54376255316614" lon="-71.32918949023961"><time>2026-08-09T16:54:54Z</time></trkpt><trkpt lat="41.543737630938324" lon="-71.32922010877492"><time>2026-08-09T16:54:55Z</time></trkpt><trkpt lat="41.54371156629869" lon="-71.32925186450086"><time>2026-08-09T16:54:56Z</time></trkpt><trkpt lat="41.54368855601847" lon="-71.32928258778551"><time>2026-08-09T16:54:57Z</time></trkpt><trkpt lat="41.54366455250843" lon="-71.32931490127189"><time>2026-08-09T16:54:58Z</time></trkpt><trkpt lat="41.54364013352185" lon="-71.32934691090406"><time>2026-08-09T16:54:59Z</time></trkpt><trkpt lat="41.54361595563368" lon="-71.32937827952617"><time>2026-08-09T16:55:00Z</time></trkpt><trkpt lat="41.543591900448746" lon="-71.32940987776512"><time>2026-08-09T16:55:01Z</time></trkpt><trkpt lat="41.543567441538436" lon="-71.32944150554393"><time>2026-08-09T16:55:02Z</time></trkpt><trkpt lat="41.543542537179725" lon="-71.32947239036075"><time>2026-08-09T16:55:03Z</time></trkpt><trkpt lat="41.54351835730965" lon="-71.3295031730973"><time>2026-08-09T16:55:04Z</time></trkpt><trkpt lat="41.54349498771765" lon="-71.3295355355192"><time>2026-08-09T16:55:05Z</time></trkpt><trkpt lat="41.54347012749585" lon="-71.32956614598041"><time>2026-08-09T16:55:06Z</time></trkpt><trkpt lat="41.543445439359004" lon="-71.32959561745979"><time>2026-08-09T16:55:07Z</time></trkpt><trkpt lat="41.54342011317062" lon="-71.32962444792646"><time>2026-08-09T16:55:08Z</time></trkpt><trkpt lat="41.5433952439369" lon="-71.32965399091067"><time>2026-08-09T16:55:09Z</time></trkpt><trkpt lat="41.543370374701155" lon="-71.32968450218122"><time>2026-08-09T16:55:10Z</time></trkpt><trkpt lat="41.54334656879079" lon="-71.32971602971645"><time>2026-08-09T16:55:11Z</time></trkpt><trkpt lat="41.543323718061025" lon="-71.32974680120505"><time>2026-08-09T16:55:12Z</time></trkpt><trkpt lat="41.54330047295635" lon="-71.32977803156349"><time>2026-08-09T16:55:13Z</time></trkpt><trkpt lat="41.54327821083971" lon="-71.3298092999891"><time>2026-08-09T16:55:14Z</time></trkpt><trkpt lat="41.5432546903593" lon="-71.32984636120067"><time>2026-08-09T16:55:15Z</time></trkpt><trkpt lat="41.543233161596866" lon="-71.32987891109569"><time>2026-08-09T16:55:16Z</time></trkpt><trkpt lat="41.54321015183471" lon="-71.3299111952512"><time>2026-08-09T16:55:17Z</time></trkpt><trkpt lat="41.543186379204855" lon="-71.32994556136495"><time>2026-08-09T16:55:18Z</time></trkpt><trkpt lat="41.54316430798484" lon="-71.32997585874658"><time>2026-08-09T16:55:19Z</time></trkpt><trkpt lat="41.543141273085524" lon="-71.33001024112589"><time>2026-08-09T16:55:20Z</time></trkpt><trkpt lat="41.543119353307056" lon="-71.33004209009668"><time>2026-08-09T16:55:21Z</time></trkpt><trkpt lat="41.54309557774597" lon="-71.33007418733568"><time>2026-08-09T16:55:22Z</time></trkpt><trkpt lat="41.54307530994332" lon="-71.33010781860366"><time>2026-08-09T16:55:23Z</time></trkpt><trkpt lat="41.54305163202052" lon="-71.33013795366908"><time>2026-08-09T16:55:24Z</time></trkpt><trkpt lat="41.5430312281985" lon="-71.33017316524717"><time>2026-08-09T16:55:25Z</time></trkpt><trkpt lat="41.54300936459038" lon="-71.33020113786692"><time>2026-08-09T16:55:26Z</time></trkpt><trkpt lat="41.54299455327028" lon="-71.33023232516743"><time>2026-08-09T16:55:27Z</time></trkpt><trkpt lat="41.54297161189727" lon="-71.33026739829286"><time>2026-08-09T16:55:28Z</time></trkpt><trkpt lat="41.5429470870599" lon="-71.33030159822307"><time>2026-08-09T16:55:29Z</time></trkpt><trkpt lat="41.542925009189055" lon="-71.33033452469745"><time>2026-08-09T16:55:30Z</time></trkpt><trkpt lat="41.54290257748884" lon="-71.33036602421248"><time>2026-08-09T16:55:31Z</time></trkpt><trkpt lat="41.54287950281676" lon="-71.33039889049707"><time>2026-08-09T16:55:32Z</time></trkpt><trkpt lat="41.542855937284166" lon="-71.3304326074325"><time>2026-08-09T16:55:33Z</time></trkpt><trkpt lat="41.542836251718505" lon="-71.3304657357145"><time>2026-08-09T16:55:34Z</time></trkpt><trkpt lat="41.54281354332" lon="-71.33049931434417"><time>2026-08-09T16:55:35Z</time></trkpt><trkpt lat="41.542789383222384" lon="-71.33053131388813"><time>2026-08-09T16:55:36Z</time></trkpt><trkpt lat="41.54276576509872" lon="-71.33056693085193"><time>2026-08-09T16:55:37Z</time></trkpt><trkpt lat="41.54274223705574" lon="-71.33059524344182"><time>2026-08-09T16:55:38Z</time></trkpt><trkpt lat="41.54272167940702" lon="-71.33063080035231"><time>2026-08-09T16:55:39Z</time></trkpt><trkpt lat="41.542700159996464" lon="-71.33066643719675"><time>2026-08-09T16:55:40Z</time></trkpt><trkpt lat="41.54267090870746" lon="-71.3307126237575"><time>2026-08-09T16:55:41Z</time></trkpt><trkpt lat="41.542649827130155" lon="-71.33074136188294"><time>2026-08-09T16:55:42Z</time></trkpt><trkpt lat="41.54262112905791" lon="-71.33076096484231"><time>2026-08-09T16:55:43Z</time></trkpt><trkpt lat="41.54259715061011" lon="-71.33079590946812"><time>2026-08-09T16:55:44Z</time></trkpt><trkpt lat="41.542569262280885" lon="-71.33081394353458"><time>2026-08-09T16:55:45Z</time></trkpt><trkpt lat="41.542535580455336" lon="-71.33082039192162"><time>2026-08-09T16:55:46Z</time></trkpt><trkpt lat="41.542506164181795" lon="-71.33082685825487"><time>2026-08-09T16:55:47Z</time></trkpt><trkpt lat="41.542480416527404" lon="-71.33081641169508"><time>2026-08-09T16:55:48Z</time></trkpt><trkpt lat="41.54245250418534" lon="-71.33080985296556"><time>2026-08-09T16:55:49Z</time></trkpt><trkpt lat="41.54243468766064" lon="-71.33079472148123"><time>2026-08-09T16:55:50Z</time></trkpt><trkpt lat="41.542427171605446" lon="-71.33076145414965"><time>2026-08-09T16:55:51Z</time></trkpt><trkpt lat="41.542389718435814" lon="-71.330727068867"><time>2026-08-09T16:55:53Z</time></trkpt><trkpt lat="41.542376467368655" lon="-71.33069974995843"><time>2026-08-09T16:55:54Z</time></trkpt><trkpt lat="41.54236135867473" lon="-71.33068313425325"><time>2026-08-09T16:55:55Z</time></trkpt><trkpt lat="41.542343394048046" lon="-71.3306657317627"><time>2026-08-09T16:55:56Z</time></trkpt><trkpt lat="41.542317594165006" lon="-71.33064613744392"><time>2026-08-09T16:55:57Z</time></trkpt><trkpt lat="41.54229865156587" lon="-71.33063094626814"><time>2026-08-09T16:55:58Z</time></trkpt><trkpt lat="41.54228425347393" lon="-71.33060994899519"><time>2026-08-09T16:55:59Z</time></trkpt><trkpt lat="41.542267598319185" lon="-71.33058431810547"><time>2026-08-09T16:56:00Z</time></trkpt><trkpt lat="41.542246960626606" lon="-71.33056563324455"><time>2026-08-09T16:56:01Z</time></trkpt><trkpt lat="41.54223043262223" lon="-71.33054028623519"><time>2026-08-09T16:56:02Z</time></trkpt><trkpt lat="41.542208775701944" lon="-71.33052629086936"><time>2026-08-09T16:56:03Z</time></trkpt><trkpt lat="41.54219198773022" lon="-71.33050166698887"><time>2026-08-09T16:56:04Z</time></trkpt><trkpt lat="41.542179928420786" lon="-71.33047832211588"><time>2026-08-09T16:56:05Z</time></trkpt><trkpt lat="41.542163987988936" lon="-71.3304475298061"><time>2026-08-09T16:56:06Z</time></trkpt><trkpt lat="41.54213976228457" lon="-71.33042576041528"><time>2026-08-09T16:56:07Z</time></trkpt><trkpt lat="41.54212062320401" lon="-71.33040033181958"><time>2026-08-09T16:56:08Z</time></trkpt><trkpt lat="41.54210233167184" lon="-71.3303727297452"><time>2026-08-09T16:56:09Z</time></trkpt><trkpt lat="41.54208843683163" lon="-71.33034142803697"><time>2026-08-09T16:56:10Z</time></trkpt><trkpt lat="41.54206848841559" lon="-71.33031568517563"><time>2026-08-09T16:56:11Z</time></trkpt><trkpt lat="41.542050782324694" lon="-71.33028546514046"><time>2026-08-09T16:56:12Z</time></trkpt><trkpt lat="41.54203129992523" lon="-71.33025230718803"><time>2026-08-09T16:56:13Z</time></trkpt><trkpt lat="41.5420074163523" lon="-71.33022872531832"><time>2026-08-09T16:56:14Z</time></trkpt><trkpt lat="41.54198651157294" lon="-71.33019390697041"><time>2026-08-09T16:56:15Z</time></trkpt><trkpt lat="41.541965515716946" lon="-71.33016866494694"><time>2026-08-09T16:56:16Z</time></trkpt><trkpt lat="41.54194554828759" lon="-71.33015081827199"><time>2026-08-09T16:56:17Z</time></trkpt><trkpt lat="41.54192694268242" lon="-71.33011861056734"><time>2026-08-09T16:56:18Z</time></trkpt><trkpt lat="41.54190722955276" lon="-71.33008616962076"><time>2026-08-09T16:56:19Z</time></trkpt><trkpt lat="41.541884202626825" lon="-71.3300537604104"><time>2026-08-09T16:56:20Z</time></trkpt><trkpt lat="41.5418636062227" lon="-71.3300251911943"><time>2026-08-09T16:56:21Z</time></trkpt><trkpt lat="41.541840398020526" lon="-71.33000231214143"><time>2026-08-09T16:56:22Z</time></trkpt><trkpt lat="41.54181583613629" lon="-71.32997221150764"><time>2026-08-09T16:56:23Z</time></trkpt><trkpt lat="41.54179271685922" lon="-71.32994244108538"><time>2026-08-09T16:56:24Z</time></trkpt><trkpt lat="41.54176969228827" lon="-71.32991178646245"><time>2026-08-09T16:56:25Z</time></trkpt><trkpt lat="41.54174855096092" lon="-71.32987982532849"><time>2026-08-09T16:56:26Z</time></trkpt><trkpt lat="41.54172491287162" lon="-71.32984952609907"><time>2026-08-09T16:56:27Z</time></trkpt><trkpt lat="41.541702130181655" lon="-71.32981844846488"><time>2026-08-09T16:56:28Z</time></trkpt><trkpt lat="41.54167913232785" lon="-71.32978707318551"><time>2026-08-09T16:56:29Z</time></trkpt><trkpt lat="41.54165577856535" lon="-71.3297547612923"><time>2026-08-09T16:56:30Z</time></trkpt><trkpt lat="41.54163335525033" lon="-71.32972414659693"><time>2026-08-09T16:56:31Z</time></trkpt><trkpt lat="41.5416101995712" lon="-71.32969247558164"><time>2026-08-09T16:56:32Z</time></trkpt><trkpt lat="41.54158611710706" lon="-71.32966188682336"><time>2026-08-09T16:56:33Z</time></trkpt><trkpt lat="41.54156140340978" lon="-71.32963079385138"><time>2026-08-09T16:56:34Z</time></trkpt><trkpt lat="41.54153685137983" lon="-71.3296011503443"><time>2026-08-09T16:56:35Z</time></trkpt><trkpt lat="41.54151180103976" lon="-71.32957111841469"><time>2026-08-09T16:56:36Z</time></trkpt><trkpt lat="41.54148745617454" lon="-71.32954218516284"><time>2026-08-09T16:56:37Z</time></trkpt><trkpt lat="41.5414630533642" lon="-71.32951497796338"><time>2026-08-09T16:56:38Z</time></trkpt><trkpt lat="41.54145154477081" lon="-71.32948829441413"><time>2026-08-09T16:56:39Z</time></trkpt><trkpt lat="41.54143104088308" lon="-71.32945622043722"><time>2026-08-09T16:56:40Z</time></trkpt><trkpt lat="41.54139906722975" lon="-71.32942541455763"><time>2026-08-09T16:56:41Z</time></trkpt><trkpt lat="41.54137493110582" lon="-71.32939163041634"><time>2026-08-09T16:56:42Z</time></trkpt><trkpt lat="41.54135048435053" lon="-71.32936416043253"><time>2026-08-09T16:56:43Z</time></trkpt><trkpt lat="41.54132458321072" lon="-71.32933676842136"><time>2026-08-09T16:56:44Z</time></trkpt><trkpt lat="41.54129855726914" lon="-71.32930875767367"><time>2026-08-09T16:56:45Z</time></trkpt><trkpt lat="41.541273205036276" lon="-71.32927878600499"><time>2026-08-09T16:56:46Z</time></trkpt><trkpt lat="41.54124614000159" lon="-71.32924993975692"><time>2026-08-09T16:56:47Z</time></trkpt><trkpt lat="41.54122059464831" lon="-71.32922409357022"><time>2026-08-09T16:56:48Z</time></trkpt><trkpt lat="41.541194380265416" lon="-71.32919657013552"><time>2026-08-09T16:56:49Z</time></trkpt><trkpt lat="41.541168910642774" lon="-71.32916724549824"><time>2026-08-09T16:56:50Z</time></trkpt><trkpt lat="41.54114468073873" lon="-71.32913676165956"><time>2026-08-09T16:56:51Z</time></trkpt><trkpt lat="41.54111892483612" lon="-71.32910898599256"><time>2026-08-09T16:56:52Z</time></trkpt><trkpt lat="41.54109232337128" lon="-71.32908183225013"><time>2026-08-09T16:56:53Z</time></trkpt><trkpt lat="41.54106702860974" lon="-71.32905414369623"><time>2026-08-09T16:56:54Z</time></trkpt><trkpt lat="41.54104287056425" lon="-71.32902394154034"><time>2026-08-09T16:56:55Z</time></trkpt><trkpt lat="41.541016137465974" lon="-71.32899563615088"><time>2026-08-09T16:56:56Z</time></trkpt><trkpt lat="41.540990368277164" lon="-71.32896343878787"><time>2026-08-09T16:56:57Z</time></trkpt><trkpt lat="41.540961018257775" lon="-71.32893366694914"><time>2026-08-09T16:56:58Z</time></trkpt><trkpt lat="41.54093526552725" lon="-71.32890554877386"><time>2026-08-09T16:56:59Z</time></trkpt><trkpt lat="41.54090949348194" lon="-71.3288794628006"><time>2026-08-09T16:57:00Z</time></trkpt><trkpt lat="41.54088493956208" lon="-71.32885092288714"><time>2026-08-09T16:57:01Z</time></trkpt><trkpt lat="41.54086364762033" lon="-71.32882111101823"><time>2026-08-09T16:57:02Z</time></trkpt><trkpt lat="41.54083574895292" lon="-71.32879513800196"><time>2026-08-09T16:57:03Z</time></trkpt><trkpt lat="41.54080884158861" lon="-71.32876677698714"><time>2026-08-09T16:57:04Z</time></trkpt><trkpt lat="41.540783352568994" lon="-71.32873810869124"><time>2026-08-09T16:57:05Z</time></trkpt><trkpt lat="41.54075708071988" lon="-71.32871162740906"><time>2026-08-09T16:57:06Z</time></trkpt><trkpt lat="41.54073193264301" lon="-71.32868333183524"><time>2026-08-09T16:57:07Z</time></trkpt><trkpt lat="41.540707521766095" lon="-71.3286538193339"><time>2026-08-09T16:57:08Z</time></trkpt><trkpt lat="41.54068283862382" lon="-71.32862525336355"><time>2026-08-09T16:57:09Z</time></trkpt><trkpt lat="41.54065704678661" lon="-71.32859674324555"><time>2026-08-09T16:57:10Z</time></trkpt><trkpt lat="41.540630848774725" lon="-71.32856938080957"><time>2026-08-09T16:57:11Z</time></trkpt><trkpt lat="41.54060725415316" lon="-71.32854005890775"><time>2026-08-09T16:57:12Z</time></trkpt><trkpt lat="41.54058114678243" lon="-71.32851097994843"><time>2026-08-09T16:57:13Z</time></trkpt><trkpt lat="41.540556426409104" lon="-71.32848185813502"><time>2026-08-09T16:57:14Z</time></trkpt><trkpt lat="41.54053039672388" lon="-71.32845199774538"><time>2026-08-09T16:57:15Z</time></trkpt><trkpt lat="41.540504859435195" lon="-71.32842460683813"><time>2026-08-09T16:57:16Z</time></trkpt><trkpt lat="41.54048115035032" lon="-71.32839681345943"><time>2026-08-09T16:57:17Z</time></trkpt><trkpt lat="41.540455687140394" lon="-71.32836724202389"><time>2026-08-09T16:57:18Z</time></trkpt><trkpt lat="41.54042984158648" lon="-71.3283393297568"><time>2026-08-09T16:57:19Z</time></trkpt><trkpt lat="41.54040387385775" lon="-71.32831213321303"><time>2026-08-09T16:57:20Z</time></trkpt><trkpt lat="41.540378324091" lon="-71.32828373943362"><time>2026-08-09T16:57:21Z</time></trkpt><trkpt lat="41.54035277304558" lon="-71.3282545008502"><time>2026-08-09T16:57:22Z</time></trkpt><trkpt lat="41.54032748202283" lon="-71.32822554908158"><time>2026-08-09T16:57:23Z</time></trkpt><trkpt lat="41.54030004171946" lon="-71.3281973005322"><time>2026-08-09T16:57:24Z</time></trkpt><trkpt lat="41.54027278628753" lon="-71.3281720890205"><time>2026-08-09T16:57:25Z</time></trkpt><trkpt lat="41.54024674442063" lon="-71.3281476589415"><time>2026-08-09T16:57:26Z</time></trkpt><trkpt lat="41.540219425347075" lon="-71.32812421357137"><time>2026-08-09T16:57:27Z</time></trkpt><trkpt lat="41.54019207774868" lon="-71.32809995546695"><time>2026-08-09T16:57:28Z</time></trkpt><trkpt lat="41.54016476023586" lon="-71.32807520077593"><time>2026-08-09T16:57:29Z</time></trkpt><trkpt lat="41.54013818626137" lon="-71.32804930749138"><time>2026-08-09T16:57:30Z</time></trkpt><trkpt lat="41.540110323185885" lon="-71.32802518393065"><time>2026-08-09T16:57:31Z</time></trkpt><trkpt lat="41.540082732977204" lon="-71.32800276303516"><time>2026-08-09T16:57:32Z</time></trkpt><trkpt lat="41.54005598249252" lon="-71.3279788664868"><time>2026-08-09T16:57:33Z</time></trkpt><trkpt lat="41.54002963099442" lon="-71.32795364882773"><time>2026-08-09T16:57:34Z</time></trkpt><trkpt lat="41.54000314724233" lon="-71.32793003281111"><time>2026-08-09T16:57:35Z</time></trkpt><trkpt lat="41.53997544151038" lon="-71.32790754905751"><time>2026-08-09T16:57:36Z</time></trkpt><trkpt lat="41.539949051824905" lon="-71.32788344120681"><time>2026-08-09T16:57:37Z</time></trkpt><trkpt lat="41.539923388991205" lon="-71.32785730934016"><time>2026-08-09T16:57:38Z</time></trkpt><trkpt lat="41.539899485496335" lon="-71.32783001391549"><time>2026-08-09T16:57:39Z</time></trkpt><trkpt lat="41.53987409651177" lon="-71.32780364453639"><time>2026-08-09T16:57:40Z</time></trkpt><trkpt lat="41.539849787288205" lon="-71.32777627333621"><time>2026-08-09T16:57:41Z</time></trkpt><trkpt lat="41.53982461916776" lon="-71.32774954607905"><time>2026-08-09T16:57:42Z</time></trkpt><trkpt lat="41.53979848602703" lon="-71.32772714141305"><time>2026-08-09T16:57:43Z</time></trkpt><trkpt lat="41.539770773687906" lon="-71.32770632346204"><time>2026-08-09T16:57:44Z</time></trkpt><trkpt lat="41.53974513818324" lon="-71.32768401136948"><time>2026-08-09T16:57:45Z</time></trkpt><trkpt lat="41.539719369199666" lon="-71.3276599989956"><time>2026-08-09T16:57:46Z</time></trkpt><trkpt lat="41.539695022457956" lon="-71.3276357323534"><time>2026-08-09T16:57:47Z</time></trkpt><trkpt lat="41.5396701307351" lon="-71.32761220499204"><time>2026-08-09T16:57:48Z</time></trkpt><trkpt lat="41.539645170396135" lon="-71.32758936320576"><time>2026-08-09T16:57:49Z</time></trkpt><trkpt lat="41.5396246629957" lon="-71.3275667857585"><time>2026-08-09T16:57:50Z</time></trkpt><trkpt lat="41.53959782830407" lon="-71.32754924247925"><time>2026-08-09T16:57:51Z</time></trkpt><trkpt lat="41.53957152783635" lon="-71.32752679379666"><time>2026-08-09T16:57:52Z</time></trkpt><trkpt lat="41.53954626513402" lon="-71.32750548680829"><time>2026-08-09T16:57:53Z</time></trkpt><trkpt lat="41.539520956884374" lon="-71.3274853820271"><time>2026-08-09T16:57:54Z</time></trkpt><trkpt lat="41.53949552892953" lon="-71.32746555358962"><time>2026-08-09T16:57:55Z</time></trkpt><trkpt lat="41.539470140047484" lon="-71.32744376324148"><time>2026-08-09T16:57:56Z</time></trkpt><trkpt lat="41.53944645588856" lon="-71.327420384594"><time>2026-08-09T16:57:57Z</time></trkpt><trkpt lat="41.53941993867676" lon="-71.32739765592859"><time>2026-08-09T16:57:58Z</time></trkpt><trkpt lat="41.53939514685423" lon="-71.32737878839103"><time>2026-08-09T16:57:59Z</time></trkpt><trkpt lat="41.539369626220115" lon="-71.32736081736529"><time>2026-08-09T16:58:00Z</time></trkpt><trkpt lat="41.53934441233372" lon="-71.32734354774828"><time>2026-08-09T16:58:01Z</time></trkpt><trkpt lat="41.539319912058055" lon="-71.32732273834294"><time>2026-08-09T16:58:02Z</time></trkpt><trkpt lat="41.53929579020341" lon="-71.32730101510703"><time>2026-08-09T16:58:03Z</time></trkpt><trkpt lat="41.53927189555063" lon="-71.32727834278079"><time>2026-08-09T16:58:04Z</time></trkpt><trkpt lat="41.539247766584865" lon="-71.32725455957628"><time>2026-08-09T16:58:05Z</time></trkpt><trkpt lat="41.539226081916134" lon="-71.3272301625459"><time>2026-08-09T16:58:06Z</time></trkpt><trkpt lat="41.539204550139665" lon="-71.32720242275452"><time>2026-08-09T16:58:07Z</time></trkpt><trkpt lat="41.53918332513661" lon="-71.32717653937925"><time>2026-08-09T16:58:08Z</time></trkpt><trkpt lat="41.53915940445645" lon="-71.32715346614458"><time>2026-08-09T16:58:09Z</time></trkpt><trkpt lat="41.539135304621986" lon="-71.32713252199643"><time>2026-08-09T16:58:10Z</time></trkpt><trkpt lat="41.539111058481076" lon="-71.32711220698978"><time>2026-08-09T16:58:11Z</time></trkpt><trkpt lat="41.539087035189624" lon="-71.32709054019529"><time>2026-08-09T16:58:12Z</time></trkpt><trkpt lat="41.53906356005878" lon="-71.32706853251254"><time>2026-08-09T16:58:13Z</time></trkpt><trkpt lat="41.539040137360544" lon="-71.32704602899241"><time>2026-08-09T16:58:14Z</time></trkpt><trkpt lat="41.53901666993414" lon="-71.32702334325668"><time>2026-08-09T16:58:15Z</time></trkpt><trkpt lat="41.53899280889584" lon="-71.3270015420281"><time>2026-08-09T16:58:16Z</time></trkpt><trkpt lat="41.53896943986037" lon="-71.32697915730792"><time>2026-08-09T16:58:17Z</time></trkpt><trkpt lat="41.53894543862489" lon="-71.32695779695338"><time>2026-08-09T16:58:18Z</time></trkpt><trkpt lat="41.53892143220882" lon="-71.32693661281466"><time>2026-08-09T16:58:19Z</time></trkpt><trkpt lat="41.53889811832038" lon="-71.32691474272762"><time>2026-08-09T16:58:20Z</time></trkpt><trkpt lat="41.53887454195423" lon="-71.32689419624182"><time>2026-08-09T16:58:21Z</time></trkpt><trkpt lat="41.53885089313741" lon="-71.32687234617995"><time>2026-08-09T16:58:22Z</time></trkpt><trkpt lat="41.53882737526539" lon="-71.32685150927556"><time>2026-08-09T16:58:23Z</time></trkpt><trkpt lat="41.53880395705881" lon="-71.32683133487507"><time>2026-08-09T16:58:24Z</time></trkpt><trkpt lat="41.53878109202796" lon="-71.32680966287505"><time>2026-08-09T16:58:25Z</time></trkpt><trkpt lat="41.538757626373275" lon="-71.32678740103013"><time>2026-08-09T16:58:26Z</time></trkpt><trkpt lat="41.538734979783094" lon="-71.32676577195099"><time>2026-08-09T16:58:27Z</time></trkpt><trkpt lat="41.53871210877983" lon="-71.32674419040941"><time>2026-08-09T16:58:28Z</time></trkpt><trkpt lat="41.53868970564437" lon="-71.32672434521994"><time>2026-08-09T16:58:29Z</time></trkpt><trkpt lat="41.53866600686053" lon="-71.32670371420879"><time>2026-08-09T16:58:30Z</time></trkpt><trkpt lat="41.53864299470878" lon="-71.32668662828432"><time>2026-08-09T16:58:31Z</time></trkpt><trkpt lat="41.53861867658543" lon="-71.32666881216751"><time>2026-08-09T16:58:32Z</time></trkpt><trkpt lat="41.538594276100014" lon="-71.32665222003952"><time>2026-08-09T16:58:33Z</time></trkpt><trkpt lat="41.5385704037383" lon="-71.326636417092"><time>2026-08-09T16:58:34Z</time></trkpt><trkpt lat="41.53854677652016" lon="-71.32661944020202"><time>2026-08-09T16:58:35Z</time></trkpt><trkpt lat="41.53852361751514" lon="-71.3266007291307"><time>2026-08-09T16:58:36Z</time></trkpt><trkpt lat="41.53850224344325" lon="-71.32657892480051"><time>2026-08-09T16:58:37Z</time></trkpt><trkpt lat="41.53848202996403" lon="-71.3265548978962"><time>2026-08-09T16:58:38Z</time></trkpt><trkpt lat="41.53846214626339" lon="-71.3265281809293"><time>2026-08-09T16:58:39Z</time></trkpt><trkpt lat="41.53844523987178" lon="-71.32649810556875"><time>2026-08-09T16:58:40Z</time></trkpt><trkpt lat="41.538432643117105" lon="-71.32646439644854"><time>2026-08-09T16:58:41Z</time></trkpt><trkpt lat="41.538425417018075" lon="-71.326428164299"><time>2026-08-09T16:58:42Z</time></trkpt><trkpt lat="41.538419731602495" lon="-71.32639085734293"><time>2026-08-09T16:58:43Z</time></trkpt><trkpt lat="41.5384135657419" lon="-71.3263528152489"><time>2026-08-09T16:58:44Z</time></trkpt><trkpt lat="41.53840702172419" lon="-71.32631597259437"><time>2026-08-09T16:58:45Z</time></trkpt><trkpt lat="41.53839740333867" lon="-71.32628000280484"><time>2026-08-09T16:58:46Z</time></trkpt><trkpt lat="41.538389932385215" lon="-71.32624282198681"><time>2026-08-09T16:58:47Z</time></trkpt><trkpt lat="41.53838192061461" lon="-71.3262058537123"><time>2026-08-09T16:58:48Z</time></trkpt><trkpt lat="41.538374227078" lon="-71.32616810736558"><time>2026-08-09T16:58:49Z</time></trkpt><trkpt lat="41.53836614090739" lon="-71.32612989631882"><time>2026-08-09T16:58:50Z</time></trkpt><trkpt lat="41.53835949809085" lon="-71.32609089158794"><time>2026-08-09T16:58:51Z</time></trkpt><trkpt lat="41.538351924074675" lon="-71.32605177125954"><time>2026-08-09T16:58:52Z</time></trkpt><trkpt lat="41.538346859242864" lon="-71.32601200223245"><time>2026-08-09T16:58:53Z</time></trkpt><trkpt lat="41.538342717490586" lon="-71.32597138245251"><time>2026-08-09T16:58:54Z</time></trkpt><trkpt lat="41.53833991292354" lon="-71.32593059236314"><time>2026-08-09T16:58:55Z</time></trkpt><trkpt lat="41.538338510046735" lon="-71.3258877566085"><time>2026-08-09T16:58:56Z</time></trkpt><trkpt lat="41.53833827354365" lon="-71.32584678702231"><time>2026-08-09T16:58:57Z</time></trkpt><trkpt lat="41.538337943788484" lon="-71.3258057439415"><time>2026-08-09T16:58:58Z</time></trkpt><trkpt lat="41.538338285952676" lon="-71.32576429705772"><time>2026-08-09T16:58:59Z</time></trkpt><trkpt lat="41.53833877848941" lon="-71.32572376454905"><time>2026-08-09T16:59:00Z</time></trkpt><trkpt lat="41.53833997695758" lon="-71.32568196198837"><time>2026-08-09T16:59:01Z</time></trkpt><trkpt lat="41.538343311585116" lon="-71.32564006064688"><time>2026-08-09T16:59:02Z</time></trkpt><trkpt lat="41.538348343077075" lon="-71.32559804144609"><time>2026-08-09T16:59:03Z</time></trkpt><trkpt lat="41.53835255454914" lon="-71.32555593304573"><time>2026-08-09T16:59:04Z</time></trkpt><trkpt lat="41.53835789165789" lon="-71.32551450780522"><time>2026-08-09T16:59:05Z</time></trkpt><trkpt lat="41.53836409512814" lon="-71.32547197421901"><time>2026-08-09T16:59:06Z</time></trkpt><trkpt lat="41.53836762997218" lon="-71.32543027397743"><time>2026-08-09T16:59:07Z</time></trkpt><trkpt lat="41.5383693362725" lon="-71.32538885097755"><time>2026-08-09T16:59:08Z</time></trkpt><trkpt lat="41.53837062936306" lon="-71.32534752832842"><time>2026-08-09T16:59:09Z</time></trkpt><trkpt lat="41.53837330537862" lon="-71.32530703631649"><time>2026-08-09T16:59:10Z</time></trkpt><trkpt lat="41.53837459931916" lon="-71.32526463753209"><time>2026-08-09T16:59:11Z</time></trkpt><trkpt lat="41.538379344822594" lon="-71.32522373893578"><time>2026-08-09T16:59:12Z</time></trkpt><trkpt lat="41.53839059363708" lon="-71.3251852355565"><time>2026-08-09T16:59:13Z</time></trkpt><trkpt lat="41.53840736914829" lon="-71.32515066412616"><time>2026-08-09T16:59:14Z</time></trkpt><trkpt lat="41.53842317624149" lon="-71.32512160292438"><time>2026-08-09T16:59:15Z</time></trkpt><trkpt lat="41.538439726008036" lon="-71.32507961359492"><time>2026-08-09T16:59:16Z</time></trkpt><trkpt lat="41.53845213678896" lon="-71.32504594092713"><time>2026-08-09T16:59:17Z</time></trkpt><trkpt lat="41.5384681305061" lon="-71.32501103361545"><time>2026-08-09T16:59:18Z</time></trkpt><trkpt lat="41.53848222883116" lon="-71.32497437317231"><time>2026-08-09T16:59:19Z</time></trkpt><trkpt lat="41.538496140965044" lon="-71.32493864983887"><time>2026-08-09T16:59:20Z</time></trkpt><trkpt lat="41.5385031645762" lon="-71.32490067358923"><time>2026-08-09T16:59:21Z</time></trkpt><trkpt lat="41.53851580871392" lon="-71.32486774771401"><time>2026-08-09T16:59:22Z</time></trkpt><trkpt lat="41.53852792698442" lon="-71.32483489633779"><time>2026-08-09T16:59:23Z</time></trkpt><trkpt lat="41.5385463850086" lon="-71.32479734786045"><time>2026-08-09T16:59:24Z</time></trkpt><trkpt lat="41.538559978177155" lon="-71.32475971441937"><time>2026-08-09T16:59:25Z</time></trkpt><trkpt lat="41.53857447539955" lon="-71.3247228567993"><time>2026-08-09T16:59:26Z</time></trkpt><trkpt lat="41.53858785577286" lon="-71.32468639849809"><time>2026-08-09T16:59:27Z</time></trkpt><trkpt lat="41.53860044228613" lon="-71.32464766550449"><time>2026-08-09T16:59:28Z</time></trkpt><trkpt lat="41.53861374302287" lon="-71.3246108399818"><time>2026-08-09T16:59:29Z</time></trkpt><trkpt lat="41.53862696439203" lon="-71.32457218170421"><time>2026-08-09T16:59:30Z</time></trkpt><trkpt lat="41.53863963488959" lon="-71.32453290662092"><time>2026-08-09T16:59:31Z</time></trkpt><trkpt lat="41.538647964904584" lon="-71.32449032032135"><time>2026-08-09T16:59:32Z</time></trkpt><trkpt lat="41.53866715391461" lon="-71.32445769738958"><time>2026-08-09T16:59:33Z</time></trkpt><trkpt lat="41.538682608255264" lon="-71.32442668074094"><time>2026-08-09T16:59:34Z</time></trkpt><trkpt lat="41.53869976592338" lon="-71.32438620050628"><time>2026-08-09T16:59:35Z</time></trkpt><trkpt lat="41.538717798568285" lon="-71.3243573997019"><time>2026-08-09T16:59:36Z</time></trkpt><trkpt lat="41.53873851329049" lon="-71.32432389136522"><time>2026-08-09T16:59:37Z</time></trkpt><trkpt lat="41.538754425861335" lon="-71.32428931797989"><time>2026-08-09T16:59:38Z</time></trkpt><trkpt lat="41.53876979545083" lon="-71.32424930456095"><time>2026-08-09T16:59:39Z</time></trkpt><trkpt lat="41.53878973432007" lon="-71.32421539538555"><time>2026-08-09T16:59:40Z</time></trkpt><trkpt lat="41.53881175506068" lon="-71.32418081148788"><time>2026-08-09T16:59:41Z</time></trkpt><trkpt lat="41.538833504013034" lon="-71.3241549817063"><time>2026-08-09T16:59:42Z</time></trkpt><trkpt lat="41.53884652261198" lon="-71.32411549929517"><time>2026-08-09T16:59:43Z</time></trkpt><trkpt lat="41.53886450056934" lon="-71.3240840373968"><time>2026-08-09T16:59:44Z</time></trkpt><trkpt lat="41.53888694812369" lon="-71.32405785499175"><time>2026-08-09T16:59:45Z</time></trkpt><trkpt lat="41.5389078989525" lon="-71.3240249539021"><time>2026-08-09T16:59:46Z</time></trkpt><trkpt lat="41.53892367456145" lon="-71.32400684216867"><time>2026-08-09T16:59:47Z</time></trkpt><trkpt lat="41.53895413804021" lon="-71.32397392733736"><time>2026-08-09T16:59:48Z</time></trkpt><trkpt lat="41.53897599572408" lon="-71.323944489904"><time>2026-08-09T16:59:49Z</time></trkpt><trkpt lat="41.53899421246003" lon="-71.32391811463357"><time>2026-08-09T16:59:50Z</time></trkpt><trkpt lat="41.539015851794964" lon="-71.32388522418702"><time>2026-08-09T16:59:51Z</time></trkpt><trkpt lat="41.539037647107904" lon="-71.32385870079119"><time>2026-08-09T16:59:52Z</time></trkpt><trkpt lat="41.53905775732836" lon="-71.32382966248015"><time>2026-08-09T16:59:53Z</time></trkpt><trkpt lat="41.53907933285875" lon="-71.32379999525534"><time>2026-08-09T16:59:54Z</time></trkpt><trkpt lat="41.539092901121634" lon="-71.32378054871131"><time>2026-08-09T16:59:55Z</time></trkpt><trkpt lat="41.539115091162955" lon="-71.32374715380536"><time>2026-08-09T16:59:56Z</time></trkpt><trkpt lat="41.53913241881397" lon="-71.32372645867079"><time>2026-08-09T16:59:57Z</time></trkpt><trkpt lat="41.53915697528648" lon="-71.32369090631268"><time>2026-08-09T16:59:58Z</time></trkpt><trkpt lat="41.539183347041956" lon="-71.32367302529038"><time>2026-08-09T16:59:59Z</time></trkpt><trkpt lat="41.53920680727266" lon="-71.32365332076994"><time>2026-08-09T17:00:00Z</time></trkpt><trkpt lat="41.53922913614973" lon="-71.32362332746645"><time>2026-08-09T17:00:01Z</time></trkpt><trkpt lat="41.53925389011813" lon="-71.32359761566691"><time>2026-08-09T17:00:02Z</time></trkpt><trkpt lat="41.5392773431794" lon="-71.32357213557724"><time>2026-08-09T17:00:03Z</time></trkpt><trkpt lat="41.539299795858085" lon="-71.32354366811656"><time>2026-08-09T17:00:04Z</time></trkpt><trkpt lat="41.53931582237805" lon="-71.3235276348059"><time>2026-08-09T17:00:05Z</time></trkpt><trkpt lat="41.5393347912407" lon="-71.32350855813736"><time>2026-08-09T17:00:06Z</time></trkpt><trkpt lat="41.53936524850049" lon="-71.32348655246892"><time>2026-08-09T17:00:07Z</time></trkpt><trkpt lat="41.53938423928997" lon="-71.32346237925255"><time>2026-08-09T17:00:08Z</time></trkpt><trkpt lat="41.53940509897235" lon="-71.32343957453465"><time>2026-08-09T17:00:09Z</time></trkpt><trkpt lat="41.53943065806211" lon="-71.32341375841214"><time>2026-08-09T17:00:10Z</time></trkpt><trkpt lat="41.5394535975192" lon="-71.32339264211879"><time>2026-08-09T17:00:11Z</time></trkpt><trkpt lat="41.53947163306151" lon="-71.32336791367281"><time>2026-08-09T17:00:12Z</time></trkpt><trkpt lat="41.53949350165868" lon="-71.32334644503622"><time>2026-08-09T17:00:13Z</time></trkpt><trkpt lat="41.53951327177966" lon="-71.32332544522637"><time>2026-08-09T17:00:14Z</time></trkpt><trkpt lat="41.53953787525655" lon="-71.32329672245602"><time>2026-08-09T17:00:15Z</time></trkpt><trkpt lat="41.53956110985636" lon="-71.32326893812002"><time>2026-08-09T17:00:16Z</time></trkpt><trkpt lat="41.539583831523906" lon="-71.32324879530256"><time>2026-08-09T17:00:17Z</time></trkpt><trkpt lat="41.53960513272657" lon="-71.32322348998767"><time>2026-08-09T17:00:18Z</time></trkpt><trkpt lat="41.53962935027263" lon="-71.32320626798978"><time>2026-08-09T17:00:19Z</time></trkpt><trkpt lat="41.539650124839895" lon="-71.32318233456593"><time>2026-08-09T17:00:20Z</time></trkpt><trkpt lat="41.5396736606735" lon="-71.32315769425396"><time>2026-08-09T17:00:21Z</time></trkpt><trkpt lat="41.53969584598968" lon="-71.32313497983942"><time>2026-08-09T17:00:22Z</time></trkpt><trkpt lat="41.53971780961203" lon="-71.32311593207146"><time>2026-08-09T17:00:23Z</time></trkpt><trkpt lat="41.53974107630185" lon="-71.32309304351388"><time>2026-08-09T17:00:24Z</time></trkpt><trkpt lat="41.53976591537646" lon="-71.3230720080492"><time>2026-08-09T17:00:25Z</time></trkpt><trkpt lat="41.539785806388785" lon="-71.32304971311198"><time>2026-08-09T17:00:26Z</time></trkpt><trkpt lat="41.53981020613897" lon="-71.32302572978101"><time>2026-08-09T17:00:27Z</time></trkpt><trkpt lat="41.539835064724954" lon="-71.32300890730251"><time>2026-08-09T17:00:28Z</time></trkpt><trkpt lat="41.53985982590247" lon="-71.32298514169472"><time>2026-08-09T17:00:29Z</time></trkpt><trkpt lat="41.53988018742071" lon="-71.32296628224185"><time>2026-08-09T17:00:30Z</time></trkpt><trkpt lat="41.539901415228506" lon="-71.3229466853281"><time>2026-08-09T17:00:31Z</time></trkpt><trkpt lat="41.539922134990654" lon="-71.3229199768705"><time>2026-08-09T17:00:32Z</time></trkpt><trkpt lat="41.53994374610034" lon="-71.32290035248694"><time>2026-08-09T17:00:33Z</time></trkpt><trkpt lat="41.53997060098033" lon="-71.32288301970586"><time>2026-08-09T17:00:34Z</time></trkpt><trkpt lat="41.5399914130392" lon="-71.32285886358254"><time>2026-08-09T17:00:35Z</time></trkpt><trkpt lat="41.54001354160227" lon="-71.32283616294244"><time>2026-08-09T17:00:36Z</time></trkpt><trkpt lat="41.54003728896821" lon="-71.32281540676549"><time>2026-08-09T17:00:37Z</time></trkpt><trkpt lat="41.54005825415858" lon="-71.32278827583885"><time>2026-08-09T17:00:38Z</time></trkpt><trkpt lat="41.540080226479375" lon="-71.32276881202645"><time>2026-08-09T17:00:39Z</time></trkpt><trkpt lat="41.540104997148426" lon="-71.32275140757201"><time>2026-08-09T17:00:40Z</time></trkpt><trkpt lat="41.540120258914634" lon="-71.3227315608929"><time>2026-08-09T17:00:41Z</time></trkpt><trkpt lat="41.54014546543269" lon="-71.3227136203682"><time>2026-08-09T17:00:42Z</time></trkpt><trkpt lat="41.54017261385312" lon="-71.32268398748478"><time>2026-08-09T17:00:43Z</time></trkpt><trkpt lat="41.5401951466867" lon="-71.32266309510905"><time>2026-08-09T17:00:44Z</time></trkpt><trkpt lat="41.540213891431755" lon="-71.32263708903785"><time>2026-08-09T17:00:45Z</time></trkpt><trkpt lat="41.54024056081423" lon="-71.32261575865684"><time>2026-08-09T17:00:46Z</time></trkpt><trkpt lat="41.540262997350595" lon="-71.32259192331848"><time>2026-08-09T17:00:47Z</time></trkpt><trkpt lat="41.54028687777936" lon="-71.32257764820753"><time>2026-08-09T17:00:48Z</time></trkpt><trkpt lat="41.54031202377185" lon="-71.32256069727575"><time>2026-08-09T17:00:49Z</time></trkpt><trkpt lat="41.54033508914672" lon="-71.32253952373867"><time>2026-08-09T17:00:50Z</time></trkpt><trkpt lat="41.54036097788954" lon="-71.32252394488414"><time>2026-08-09T17:00:51Z</time></trkpt><trkpt lat="41.540385832981265" lon="-71.32250424114454"><time>2026-08-09T17:00:52Z</time></trkpt><trkpt lat="41.54040957086989" lon="-71.32248735366183"><time>2026-08-09T17:00:53Z</time></trkpt><trkpt lat="41.540431165816045" lon="-71.32246862112083"><time>2026-08-09T17:00:54Z</time></trkpt><trkpt lat="41.54045557946761" lon="-71.32245235453061"><time>2026-08-09T17:00:55Z</time></trkpt><trkpt lat="41.540483234984" lon="-71.32243021368637"><time>2026-08-09T17:00:56Z</time></trkpt><trkpt lat="41.54050769787921" lon="-71.32241099552607"><time>2026-08-09T17:00:57Z</time></trkpt><trkpt lat="41.54053249668988" lon="-71.32239376434279"><time>2026-08-09T17:00:58Z</time></trkpt><trkpt lat="41.540557165203545" lon="-71.32237441488617"><time>2026-08-09T17:00:59Z</time></trkpt><trkpt lat="41.54058183447948" lon="-71.32235585311184"><time>2026-08-09T17:01:00Z</time></trkpt><trkpt lat="41.54060700198229" lon="-71.32233831800691"><time>2026-08-09T17:01:01Z</time></trkpt><trkpt lat="41.540633428861554" lon="-71.322319458376"><time>2026-08-09T17:01:02Z</time></trkpt><trkpt lat="41.540659224727115" lon="-71.32230647800313"><time>2026-08-09T17:01:03Z</time></trkpt><trkpt lat="41.54068320301839" lon="-71.32228553895105"><time>2026-08-09T17:01:04Z</time></trkpt><trkpt lat="41.54070685646124" lon="-71.32226784270124"><time>2026-08-09T17:01:05Z</time></trkpt><trkpt lat="41.54073242024939" lon="-71.32225036846536"><time>2026-08-09T17:01:06Z</time></trkpt><trkpt lat="41.540755208893785" lon="-71.32223053171798"><time>2026-08-09T17:01:07Z</time></trkpt><trkpt lat="41.54077727042997" lon="-71.32221322388627"><time>2026-08-09T17:01:08Z</time></trkpt><trkpt lat="41.540802525412225" lon="-71.32219418603498"><time>2026-08-09T17:01:09Z</time></trkpt><trkpt lat="41.5408276489362" lon="-71.3221777776513"><time>2026-08-09T17:01:10Z</time></trkpt><trkpt lat="41.540851489111915" lon="-71.32215911473106"><time>2026-08-09T17:01:11Z</time></trkpt><trkpt lat="41.540876559280086" lon="-71.32214235388302"><time>2026-08-09T17:01:12Z</time></trkpt><trkpt lat="41.54090437386367" lon="-71.32212347760327"><time>2026-08-09T17:01:13Z</time></trkpt><trkpt lat="41.54092800549254" lon="-71.32210695478298"><time>2026-08-09T17:01:14Z</time></trkpt><trkpt lat="41.54095131656903" lon="-71.32209025062605"><time>2026-08-09T17:01:15Z</time></trkpt><trkpt lat="41.54097641158385" lon="-71.32207607525596"><time>2026-08-09T17:01:16Z</time></trkpt><trkpt lat="41.541000654927934" lon="-71.32206015365512"><time>2026-08-09T17:01:17Z</time></trkpt><trkpt lat="41.54102526025714" lon="-71.32204492728839"><time>2026-08-09T17:01:18Z</time></trkpt><trkpt lat="41.54104919781406" lon="-71.32203147150128"><time>2026-08-09T17:01:19Z</time></trkpt><trkpt lat="41.541072249704825" lon="-71.3220156054406"><time>2026-08-09T17:01:20Z</time></trkpt><trkpt lat="41.54109520884527" lon="-71.32199413072136"><time>2026-08-09T17:01:21Z</time></trkpt><trkpt lat="41.541118393081966" lon="-71.32197981221134"><time>2026-08-09T17:01:22Z</time></trkpt><trkpt lat="41.541142236352265" lon="-71.32195998191273"><time>2026-08-09T17:01:23Z</time></trkpt><trkpt lat="41.541166751504115" lon="-71.32194806738059"><time>2026-08-09T17:01:24Z</time></trkpt><trkpt lat="41.54119508604815" lon="-71.32192973037981"><time>2026-08-09T17:01:25Z</time></trkpt><trkpt lat="41.54122132319539" lon="-71.32189260830958"><time>2026-08-09T17:01:26Z</time></trkpt><trkpt lat="41.541241070740114" lon="-71.3218851329763"><time>2026-08-09T17:01:27Z</time></trkpt><trkpt lat="41.541266106330234" lon="-71.32187160046291"><time>2026-08-09T17:01:28Z</time></trkpt><trkpt lat="41.541289396493376" lon="-71.32186070916302"><time>2026-08-09T17:01:29Z</time></trkpt><trkpt lat="41.54131690779564" lon="-71.32184114574044"><time>2026-08-09T17:01:30Z</time></trkpt><trkpt lat="41.54134058939906" lon="-71.32182495780486"><time>2026-08-09T17:01:31Z</time></trkpt><trkpt lat="41.54137210564608" lon="-71.32180268508061"><time>2026-08-09T17:01:32Z</time></trkpt><trkpt lat="41.54139369187278" lon="-71.32178943768811"><time>2026-08-09T17:01:33Z</time></trkpt><trkpt lat="41.54141136122351" lon="-71.32177540520591"><time>2026-08-09T17:01:34Z</time></trkpt><trkpt lat="41.541432404657314" lon="-71.32175954236051"><time>2026-08-09T17:01:35Z</time></trkpt><trkpt lat="41.54145438442647" lon="-71.32174150831035"><time>2026-08-09T17:01:36Z</time></trkpt><trkpt lat="41.54147358996783" lon="-71.32172806081479"><time>2026-08-09T17:01:37Z</time></trkpt><trkpt lat="41.541501142423385" lon="-71.32170988959551"><time>2026-08-09T17:01:38Z</time></trkpt><trkpt lat="41.5415287623019" lon="-71.32169206930378"><time>2026-08-09T17:01:39Z</time></trkpt><trkpt lat="41.54154673414197" lon="-71.32167406583352"><time>2026-08-09T17:01:40Z</time></trkpt><trkpt lat="41.54156975691112" lon="-71.32165731061704"><time>2026-08-09T17:01:41Z</time></trkpt><trkpt lat="41.54159854938605" lon="-71.32164073430219"><time>2026-08-09T17:01:42Z</time></trkpt><trkpt lat="41.54161644820524" lon="-71.32162508470643"><time>2026-08-09T17:01:43Z</time></trkpt><trkpt lat="41.5416361493084" lon="-71.32159804843133"><time>2026-08-09T17:01:44Z</time></trkpt><trkpt lat="41.54165810636209" lon="-71.32158281808819"><time>2026-08-09T17:01:45Z</time></trkpt><trkpt lat="41.54168234209252" lon="-71.3215674407373"><time>2026-08-09T17:01:46Z</time></trkpt><trkpt lat="41.54170402061465" lon="-71.32154794854812"><time>2026-08-09T17:01:47Z</time></trkpt><trkpt lat="41.54172975224919" lon="-71.32153028996669"><time>2026-08-09T17:01:48Z</time></trkpt><trkpt lat="41.54175128509068" lon="-71.32151034935708"><time>2026-08-09T17:01:49Z</time></trkpt><trkpt lat="41.54177509130248" lon="-71.32149400588293"><time>2026-08-09T17:01:50Z</time></trkpt><trkpt lat="41.541798135343996" lon="-71.32147375213404"><time>2026-08-09T17:01:51Z</time></trkpt><trkpt lat="41.54182064593916" lon="-71.32145286057124"><time>2026-08-09T17:01:52Z</time></trkpt><trkpt lat="41.54184169007136" lon="-71.3214301066854"><time>2026-08-09T17:01:53Z</time></trkpt><trkpt lat="41.541864270731615" lon="-71.32141081789064"><time>2026-08-09T17:01:54Z</time></trkpt><trkpt lat="41.54188919448536" lon="-71.321395092787"><time>2026-08-09T17:01:55Z</time></trkpt><trkpt lat="41.541915979830144" lon="-71.32137779597159"><time>2026-08-09T17:01:56Z</time></trkpt><trkpt lat="41.54194083483409" lon="-71.32136214007517"><time>2026-08-09T17:01:57Z</time></trkpt><trkpt lat="41.541964343902684" lon="-71.32134453049498"><time>2026-08-09T17:01:58Z</time></trkpt><trkpt lat="41.54198498109465" lon="-71.32132586315872"><time>2026-08-09T17:01:59Z</time></trkpt><trkpt lat="41.54200936027977" lon="-71.32130648113476"><time>2026-08-09T17:02:00Z</time></trkpt><trkpt lat="41.54202917892552" lon="-71.32128959117814"><time>2026-08-09T17:02:01Z</time></trkpt><trkpt lat="41.542058317824285" lon="-71.32127668399833"><time>2026-08-09T17:02:02Z</time></trkpt><trkpt lat="41.542082432181815" lon="-71.32125726925464"><time>2026-08-09T17:02:03Z</time></trkpt><trkpt lat="41.54210598553207" lon="-71.32124053730054"><time>2026-08-09T17:02:04Z</time></trkpt><trkpt lat="41.542130821173494" lon="-71.32122488955712"><time>2026-08-09T17:02:05Z</time></trkpt><trkpt lat="41.542159694301255" lon="-71.32121187808717"><time>2026-08-09T17:02:06Z</time></trkpt><trkpt lat="41.54218655722432" lon="-71.32120045361644"><time>2026-08-09T17:02:07Z</time></trkpt><trkpt lat="41.54220888573097" lon="-71.32118046139485"><time>2026-08-09T17:02:08Z</time></trkpt><trkpt lat="41.542238490500324" lon="-71.32117840435168"><time>2026-08-09T17:02:09Z</time></trkpt><trkpt lat="41.54226339623697" lon="-71.3211675754759"><time>2026-08-09T17:02:10Z</time></trkpt><trkpt lat="41.542277652998315" lon="-71.32114873601641"><time>2026-08-09T17:02:11Z</time></trkpt><trkpt lat="41.542309919933224" lon="-71.32113227263733"><time>2026-08-09T17:02:12Z</time></trkpt><trkpt lat="41.54233389045603" lon="-71.32111136186137"><time>2026-08-09T17:02:13Z</time></trkpt><trkpt lat="41.54235729281682" lon="-71.32110774993998"><time>2026-08-09T17:02:14Z</time></trkpt><trkpt lat="41.54238306900238" lon="-71.3210958365016"><time>2026-08-09T17:02:15Z</time></trkpt><trkpt lat="41.54240780876391" lon="-71.3210778859812"><time>2026-08-09T17:02:16Z</time></trkpt><trkpt lat="41.54243361504619" lon="-71.32106324325761"><time>2026-08-09T17:02:17Z</time></trkpt><trkpt lat="41.54245673750454" lon="-71.32105218717119"><time>2026-08-09T17:02:18Z</time></trkpt><trkpt lat="41.542485106003376" lon="-71.32104079667278"><time>2026-08-09T17:02:19Z</time></trkpt><trkpt lat="41.542508221107134" lon="-71.32102580285566"><time>2026-08-09T17:02:20Z</time></trkpt><trkpt lat="41.542529946789486" lon="-71.32101088063762"><time>2026-08-09T17:02:21Z</time></trkpt><trkpt lat="41.54255526315345" lon="-71.32100020973164"><time>2026-08-09T17:02:22Z</time></trkpt><trkpt lat="41.54257750489639" lon="-71.32098515754666"><time>2026-08-09T17:02:23Z</time></trkpt><trkpt lat="41.542601969973724" lon="-71.32097473128326"><time>2026-08-09T17:02:24Z</time></trkpt><trkpt lat="41.542623485530946" lon="-71.32096255865835"><time>2026-08-09T17:02:25Z</time></trkpt><trkpt lat="41.542646948855946" lon="-71.3209472068718"><time>2026-08-09T17:02:26Z</time></trkpt><trkpt lat="41.54266789822338" lon="-71.3209314918143"><time>2026-08-09T17:02:27Z</time></trkpt><trkpt lat="41.54269412551468" lon="-71.32092211397072"><time>2026-08-09T17:02:28Z</time></trkpt><trkpt lat="41.542716818173965" lon="-71.32090889990977"><time>2026-08-09T17:02:29Z</time></trkpt><trkpt lat="41.54274027395706" lon="-71.3208940928851"><time>2026-08-09T17:02:30Z</time></trkpt><trkpt lat="41.54276314314095" lon="-71.32088212299152"><time>2026-08-09T17:02:31Z</time></trkpt><trkpt lat="41.54278609626857" lon="-71.32087177480999"><time>2026-08-09T17:02:32Z</time></trkpt><trkpt lat="41.5428105400945" lon="-71.32086024231806"><time>2026-08-09T17:02:33Z</time></trkpt><trkpt lat="41.54283369244125" lon="-71.3208491453379"><time>2026-08-09T17:02:34Z</time></trkpt><trkpt lat="41.54285799146853" lon="-71.32083975772895"><time>2026-08-09T17:02:35Z</time></trkpt><trkpt lat="41.542880917650365" lon="-71.32082923567744"><time>2026-08-09T17:02:36Z</time></trkpt><trkpt lat="41.54290410521904" lon="-71.32081744841935"><time>2026-08-09T17:02:37Z</time></trkpt><trkpt lat="41.54292582112178" lon="-71.32080321840122"><time>2026-08-09T17:02:38Z</time></trkpt><trkpt lat="41.54295220688615" lon="-71.32079233982437"><time>2026-08-09T17:02:39Z</time></trkpt><trkpt lat="41.54297498419534" lon="-71.32078129720333"><time>2026-08-09T17:02:40Z</time></trkpt><trkpt lat="41.54299794206417" lon="-71.3207694927366"><time>2026-08-09T17:02:41Z</time></trkpt><trkpt lat="41.54302038460778" lon="-71.32075753935084"><time>2026-08-09T17:02:42Z</time></trkpt><trkpt lat="41.54304287237946" lon="-71.32074425919507"><time>2026-08-09T17:02:43Z</time></trkpt><trkpt lat="41.54306661258668" lon="-71.32073283780164"><time>2026-08-09T17:02:44Z</time></trkpt><trkpt lat="41.54309013732759" lon="-71.32072103747394"><time>2026-08-09T17:02:45Z</time></trkpt><trkpt lat="41.543114028962194" lon="-71.32070887747763"><time>2026-08-09T17:02:46Z</time></trkpt><trkpt lat="41.54313713537172" lon="-71.32069682079285"><time>2026-08-09T17:02:47Z</time></trkpt><trkpt lat="41.54315945127714" lon="-71.32068306078202"><time>2026-08-09T17:02:48Z</time></trkpt><trkpt lat="41.54318247479878" lon="-71.32066984643299"><time>2026-08-09T17:02:49Z</time></trkpt><trkpt lat="41.54320567468346" lon="-71.32065803350726"><time>2026-08-09T17:02:50Z</time></trkpt><trkpt lat="41.54322918327011" lon="-71.32064383877942"><time>2026-08-09T17:02:51Z</time></trkpt><trkpt lat="41.543251918687545" lon="-71.32062962551248"><time>2026-08-09T17:02:52Z</time></trkpt><trkpt lat="41.54327471060292" lon="-71.3206169135851"><time>2026-08-09T17:02:53Z</time></trkpt><trkpt lat="41.543296474262654" lon="-71.32060489358587"><time>2026-08-09T17:02:54Z</time></trkpt><trkpt lat="41.543316738945826" lon="-71.32059050265285"><time>2026-08-09T17:02:55Z</time></trkpt><trkpt lat="41.54334003344228" lon="-71.32057887453422"><time>2026-08-09T17:02:56Z</time></trkpt><trkpt lat="41.54336391276475" lon="-71.32056280050111"><time>2026-08-09T17:02:57Z</time></trkpt><trkpt lat="41.543385898368435" lon="-71.32055144649601"><time>2026-08-09T17:02:58Z</time></trkpt><trkpt lat="41.54340905325396" lon="-71.3205397290465"><time>2026-08-09T17:02:59Z</time></trkpt><trkpt lat="41.543432299767844" lon="-71.32052783306906"><time>2026-08-09T17:03:00Z</time></trkpt><trkpt lat="41.54345332786806" lon="-71.32051583650943"><time>2026-08-09T17:03:01Z</time></trkpt><trkpt lat="41.54347539612912" lon="-71.32050289982308"><time>2026-08-09T17:03:02Z</time></trkpt><trkpt lat="41.543499103967136" lon="-71.32048996165067"><time>2026-08-09T17:03:03Z</time></trkpt><trkpt lat="41.54352194898162" lon="-71.32047755629532"><time>2026-08-09T17:03:04Z</time></trkpt><trkpt lat="41.543544839487886" lon="-71.32046263559789"><time>2026-08-09T17:03:05Z</time></trkpt><trkpt lat="41.54356761159467" lon="-71.32044739420212"><time>2026-08-09T17:03:06Z</time></trkpt><trkpt lat="41.543590634162605" lon="-71.32043525986197"><time>2026-08-09T17:03:07Z</time></trkpt><trkpt lat="41.54361349895388" lon="-71.32042222722086"><time>2026-08-09T17:03:08Z</time></trkpt><trkpt lat="41.54363643492414" lon="-71.32040929919576"><time>2026-08-09T17:03:09Z</time></trkpt><trkpt lat="41.54365747129551" lon="-71.32039800328698"><time>2026-08-09T17:03:10Z</time></trkpt><trkpt lat="41.543680303372156" lon="-71.32038457343111"><time>2026-08-09T17:03:11Z</time></trkpt><trkpt lat="41.54370426027794" lon="-71.32037053693244"><time>2026-08-09T17:03:12Z</time></trkpt><trkpt lat="41.54372800591872" lon="-71.32035689502403"><time>2026-08-09T17:03:13Z</time></trkpt><trkpt lat="41.54375196745335" lon="-71.32034289001398"><time>2026-08-09T17:03:14Z</time></trkpt><trkpt lat="41.5437749580278" lon="-71.32032887107238"><time>2026-08-09T17:03:15Z</time></trkpt><trkpt lat="41.5437971276447" lon="-71.32031487617908"><time>2026-08-09T17:03:16Z</time></trkpt><trkpt lat="41.543819099983" lon="-71.32030334861987"><time>2026-08-09T17:03:17Z</time></trkpt><trkpt lat="41.54384206462035" lon="-71.3202915656051"><time>2026-08-09T17:03:18Z</time></trkpt><trkpt lat="41.54386478645929" lon="-71.32027869147946"><time>2026-08-09T17:03:19Z</time></trkpt><trkpt lat="41.54388766582326" lon="-71.32026432910203"><time>2026-08-09T17:03:20Z</time></trkpt><trkpt lat="41.543910618218014" lon="-71.32025052598033"><time>2026-08-09T17:03:21Z</time></trkpt><trkpt lat="41.54393392406908" lon="-71.32023731234885"><time>2026-08-09T17:03:22Z</time></trkpt><trkpt lat="41.54395715692031" lon="-71.32022478670316"><time>2026-08-09T17:03:23Z</time></trkpt><trkpt lat="41.54397984141801" lon="-71.32021303961906"><time>2026-08-09T17:03:24Z</time></trkpt><trkpt lat="41.54400205223693" lon="-71.32020164790744"><time>2026-08-09T17:03:25Z</time></trkpt><trkpt lat="41.54402545432572" lon="-71.32018932814708"><time>2026-08-09T17:03:26Z</time></trkpt><trkpt lat="41.54404947468048" lon="-71.32017661032361"><time>2026-08-09T17:03:27Z</time></trkpt><trkpt lat="41.54407384275585" lon="-71.32016360061206"><time>2026-08-09T17:03:28Z</time></trkpt><trkpt lat="41.544096315976454" lon="-71.32015189258333"><time>2026-08-09T17:03:29Z</time></trkpt><trkpt lat="41.544122241751055" lon="-71.32013679222106"><time>2026-08-09T17:03:30Z</time></trkpt><trkpt lat="41.54414744686568" lon="-71.32012584046885"><time>2026-08-09T17:03:31Z</time></trkpt><trkpt lat="41.54417073507585" lon="-71.3201129975707"><time>2026-08-09T17:03:32Z</time></trkpt><trkpt lat="41.544194116419966" lon="-71.32010007388793"><time>2026-08-09T17:03:33Z</time></trkpt><trkpt lat="41.544217906199954" lon="-71.32008776679918"><time>2026-08-09T17:03:34Z</time></trkpt><trkpt lat="41.54424176779649" lon="-71.32007591207024"><time>2026-08-09T17:03:35Z</time></trkpt><trkpt lat="41.54426396125604" lon="-71.3200640372859"><time>2026-08-09T17:03:36Z</time></trkpt><trkpt lat="41.54428806004049" lon="-71.32005134102091"><time>2026-08-09T17:03:37Z</time></trkpt><trkpt lat="41.5443120106432" lon="-71.3200395983339"><time>2026-08-09T17:03:38Z</time></trkpt><trkpt lat="41.54433498447065" lon="-71.32002762075541"><time>2026-08-09T17:03:39Z</time></trkpt><trkpt lat="41.54435791210005" lon="-71.32001479429113"><time>2026-08-09T17:03:40Z</time></trkpt><trkpt lat="41.54438050300867" lon="-71.32000005577397"><time>2026-08-09T17:03:41Z</time></trkpt><trkpt lat="41.54440493944481" lon="-71.31998717597487"><time>2026-08-09T17:03:42Z</time></trkpt><trkpt lat="41.544429020174896" lon="-71.3199740050237"><time>2026-08-09T17:03:43Z</time></trkpt><trkpt lat="41.54445391488968" lon="-71.31996163778793"><time>2026-08-09T17:03:44Z</time></trkpt><trkpt lat="41.54447638702025" lon="-71.3199507437045"><time>2026-08-09T17:03:45Z</time></trkpt><trkpt lat="41.54449968793873" lon="-71.319935792823"><time>2026-08-09T17:03:46Z</time></trkpt><trkpt lat="41.54452611031384" lon="-71.3199224137104"><time>2026-08-09T17:03:47Z</time></trkpt><trkpt lat="41.54455032468276" lon="-71.31991037496378"><time>2026-08-09T17:03:48Z</time></trkpt><trkpt lat="41.544575462019786" lon="-71.31989675309298"><time>2026-08-09T17:03:49Z</time></trkpt><trkpt lat="41.54460024086894" lon="-71.31988344832014"><time>2026-08-09T17:03:50Z</time></trkpt><trkpt lat="41.54462421793285" lon="-71.31986991648752"><time>2026-08-09T17:03:51Z</time></trkpt><trkpt lat="41.54464855309715" lon="-71.31985730003588"><time>2026-08-09T17:03:52Z</time></trkpt><trkpt lat="41.54467344933297" lon="-71.31984347805742"><time>2026-08-09T17:03:53Z</time></trkpt><trkpt lat="41.54469792385609" lon="-71.31982940064924"><time>2026-08-09T17:03:54Z</time></trkpt><trkpt lat="41.54472230445605" lon="-71.31981774486316"><time>2026-08-09T17:03:55Z</time></trkpt><trkpt lat="41.54474776091298" lon="-71.31980529619422"><time>2026-08-09T17:03:56Z</time></trkpt><trkpt lat="41.5447733592214" lon="-71.31979389285607"><time>2026-08-09T17:03:57Z</time></trkpt><trkpt lat="41.544799022887666" lon="-71.31978207255281"><time>2026-08-09T17:03:58Z</time></trkpt><trkpt lat="41.544825106608464" lon="-71.31976891513501"><time>2026-08-09T17:03:59Z</time></trkpt><trkpt lat="41.54484851765741" lon="-71.31975823874832"><time>2026-08-09T17:04:00Z</time></trkpt><trkpt lat="41.54487058959739" lon="-71.31975328595423"><time>2026-08-09T17:04:01Z</time></trkpt><trkpt lat="41.54489721057114" lon="-71.31974074560263"><time>2026-08-09T17:04:02Z</time></trkpt><trkpt lat="41.54492317756857" lon="-71.3197292460875"><time>2026-08-09T17:04:03Z</time></trkpt><trkpt lat="41.544948211318705" lon="-71.31971978233254"><time>2026-08-09T17:04:04Z</time></trkpt><trkpt lat="41.54497345832127" lon="-71.31971028023695"><time>2026-08-09T17:04:05Z</time></trkpt><trkpt lat="41.54499931301154" lon="-71.31969988116704"><time>2026-08-09T17:04:06Z</time></trkpt><trkpt lat="41.545024650724315" lon="-71.31969255913434"><time>2026-08-09T17:04:07Z</time></trkpt><trkpt lat="41.54505075314534" lon="-71.31968496030407"><time>2026-08-09T17:04:08Z</time></trkpt><trkpt lat="41.54507689515015" lon="-71.31967590334713"><time>2026-08-09T17:04:09Z</time></trkpt><trkpt lat="41.54510387260891" lon="-71.31966907568665"><time>2026-08-09T17:04:10Z</time></trkpt><trkpt lat="41.54513101481172" lon="-71.3196604224587"><time>2026-08-09T17:04:11Z</time></trkpt><trkpt lat="41.545155432084705" lon="-71.31965073873954"><time>2026-08-09T17:04:12Z</time></trkpt><trkpt lat="41.545180928027854" lon="-71.31964155772008"><time>2026-08-09T17:04:13Z</time></trkpt><trkpt lat="41.54520784999323" lon="-71.31963309343688"><time>2026-08-09T17:04:14Z</time></trkpt><trkpt lat="41.54523257122934" lon="-71.3196241298294"><time>2026-08-09T17:04:15Z</time></trkpt><trkpt lat="41.54525943669307" lon="-71.31961485109628"><time>2026-08-09T17:04:16Z</time></trkpt><trkpt lat="41.545286607355685" lon="-71.31960656988448"><time>2026-08-09T17:04:17Z</time></trkpt><trkpt lat="41.54531332459886" lon="-71.31959711574818"><time>2026-08-09T17:04:18Z</time></trkpt><trkpt lat="41.545338846443265" lon="-71.31958867039098"><time>2026-08-09T17:04:19Z</time></trkpt><trkpt lat="41.54536555104794" lon="-71.3195806521928"><time>2026-08-09T17:04:20Z</time></trkpt><trkpt lat="41.54539153094332" lon="-71.31957260792947"><time>2026-08-09T17:04:21Z</time></trkpt><trkpt lat="41.545419402616794" lon="-71.3195660660413"><time>2026-08-09T17:04:22Z</time></trkpt><trkpt lat="41.545445458227874" lon="-71.31955652712065"><time>2026-08-09T17:04:23Z</time></trkpt><trkpt lat="41.545469589988" lon="-71.31954871264489"><time>2026-08-09T17:04:24Z</time></trkpt><trkpt lat="41.54549707813394" lon="-71.31954112724506"><time>2026-08-09T17:04:25Z</time></trkpt><trkpt lat="41.5455234619077" lon="-71.3195351667772"><time>2026-08-09T17:04:26Z</time></trkpt><trkpt lat="41.54554997259431" lon="-71.31953012480793"><time>2026-08-09T17:04:27Z</time></trkpt><trkpt lat="41.545576454034084" lon="-71.31952361537343"><time>2026-08-09T17:04:28Z</time></trkpt><trkpt lat="41.54560274238444" lon="-71.31951618412634"><time>2026-08-09T17:04:29Z</time></trkpt><trkpt lat="41.54562740204855" lon="-71.31950808049841"><time>2026-08-09T17:04:30Z</time></trkpt><trkpt lat="41.54565384503455" lon="-71.31950096410591"><time>2026-08-09T17:04:31Z</time></trkpt><trkpt lat="41.545678648862314" lon="-71.31949467906225"><time>2026-08-09T17:04:32Z</time></trkpt><trkpt lat="41.545706070316" lon="-71.3194870949748"><time>2026-08-09T17:04:33Z</time></trkpt><trkpt lat="41.54573197497704" lon="-71.31947976307171"><time>2026-08-09T17:04:34Z</time></trkpt><trkpt lat="41.54575853155943" lon="-71.31947253286154"><time>2026-08-09T17:04:35Z</time></trkpt><trkpt lat="41.54578503150092" lon="-71.31946605824245"><time>2026-08-09T17:04:36Z</time></trkpt><trkpt lat="41.54581285220971" lon="-71.31945804781141"><time>2026-08-09T17:04:37Z</time></trkpt><trkpt lat="41.5458399033104" lon="-71.3194522766126"><time>2026-08-09T17:04:38Z</time></trkpt><trkpt lat="41.5458671230947" lon="-71.3194450930138"><time>2026-08-09T17:04:39Z</time></trkpt><trkpt lat="41.545893758224764" lon="-71.3194373660229"><time>2026-08-09T17:04:40Z</time></trkpt><trkpt lat="41.54592009477661" lon="-71.31943079569682"><time>2026-08-09T17:04:41Z</time></trkpt><trkpt lat="41.545946475424635" lon="-71.31942537963617"><time>2026-08-09T17:04:42Z</time></trkpt><trkpt lat="41.545973458845026" lon="-71.31941717049179"><time>2026-08-09T17:04:43Z</time></trkpt><trkpt lat="41.54599981539322" lon="-71.31941123886598"><time>2026-08-09T17:04:44Z</time></trkpt><trkpt lat="41.54602643108443" lon="-71.31940448942969"><time>2026-08-09T17:04:45Z</time></trkpt><trkpt lat="41.54605383066" lon="-71.3193972970665"><time>2026-08-09T17:04:46Z</time></trkpt><trkpt lat="41.546081213544525" lon="-71.31939008178627"><time>2026-08-09T17:04:47Z</time></trkpt><trkpt lat="41.54610746551502" lon="-71.3193840934734"><time>2026-08-09T17:04:48Z</time></trkpt><trkpt lat="41.54613342103451" lon="-71.31937848575582"><time>2026-08-09T17:04:49Z</time></trkpt><trkpt lat="41.54615907665786" lon="-71.31936956471154"><time>2026-08-09T17:04:50Z</time></trkpt><trkpt lat="41.546185931646264" lon="-71.31936215124229"><time>2026-08-09T17:04:51Z</time></trkpt><trkpt lat="41.546213025940496" lon="-71.31935503269533"><time>2026-08-09T17:04:52Z</time></trkpt><trkpt lat="41.546239700904" lon="-71.31934834996612"><time>2026-08-09T17:04:53Z</time></trkpt><trkpt lat="41.546265097958496" lon="-71.3193430121104"><time>2026-08-09T17:04:54Z</time></trkpt><trkpt lat="41.546291937194376" lon="-71.31933756819342"><time>2026-08-09T17:04:55Z</time></trkpt><trkpt lat="41.546318487667506" lon="-71.31933070771684"><time>2026-08-09T17:04:56Z</time></trkpt><trkpt lat="41.54634533379016" lon="-71.3193245356754"><time>2026-08-09T17:04:57Z</time></trkpt><trkpt lat="41.54637190282842" lon="-71.3193177987819"><time>2026-08-09T17:04:58Z</time></trkpt><trkpt lat="41.54640038452616" lon="-71.31931356415173"><time>2026-08-09T17:04:59Z</time></trkpt><trkpt lat="41.546427941968034" lon="-71.31930736615013"><time>2026-08-09T17:05:00Z</time></trkpt><trkpt lat="41.546454291279616" lon="-71.31930238700407"><time>2026-08-09T17:05:01Z</time></trkpt><trkpt lat="41.54648170512965" lon="-71.3192998336578"><time>2026-08-09T17:05:02Z</time></trkpt><trkpt lat="41.546509302967735" lon="-71.31929452619363"><time>2026-08-09T17:05:03Z</time></trkpt><trkpt lat="41.54653611217844" lon="-71.31929152231781"><time>2026-08-09T17:05:04Z</time></trkpt><trkpt lat="41.546562158878295" lon="-71.31928726267074"><time>2026-08-09T17:05:05Z</time></trkpt><trkpt lat="41.546588524189914" lon="-71.3192812309002"><time>2026-08-09T17:05:06Z</time></trkpt><trkpt lat="41.54661573294966" lon="-71.31927755345558"><time>2026-08-09T17:05:07Z</time></trkpt><trkpt lat="41.54664199008028" lon="-71.3192725462371"><time>2026-08-09T17:05:08Z</time></trkpt><trkpt lat="41.54667051032686" lon="-71.31927077849569"><time>2026-08-09T17:05:09Z</time></trkpt><trkpt lat="41.54669784148713" lon="-71.31926696489442"><time>2026-08-09T17:05:10Z</time></trkpt><trkpt lat="41.546723974241324" lon="-71.31926367415956"><time>2026-08-09T17:05:11Z</time></trkpt><trkpt lat="41.54674907861199" lon="-71.31926138924702"><time>2026-08-09T17:05:12Z</time></trkpt><trkpt lat="41.54677725023649" lon="-71.31926320395712"><time>2026-08-09T17:05:13Z</time></trkpt><trkpt lat="41.54680763440056" lon="-71.3192787395898"><time>2026-08-09T17:05:14Z</time></trkpt><trkpt lat="41.54682760436001" lon="-71.31925642588254"><time>2026-08-09T17:05:15Z</time></trkpt><trkpt lat="41.54684907871718" lon="-71.31925464210038"><time>2026-08-09T17:05:16Z</time></trkpt><trkpt lat="41.54687990630389" lon="-71.31921233439539"><time>2026-08-09T17:05:17Z</time></trkpt><trkpt lat="41.5469038285021" lon="-71.31922073557207"><time>2026-08-09T17:05:18Z</time></trkpt><trkpt lat="41.54693942540848" lon="-71.31922590183864"><time>2026-08-09T17:05:19Z</time></trkpt><trkpt lat="41.54696776620759" lon="-71.31922056280702"><time>2026-08-09T17:05:20Z</time></trkpt><trkpt lat="41.547001984767796" lon="-71.31921551837641"><time>2026-08-09T17:05:21Z</time></trkpt><trkpt lat="41.54702836917763" lon="-71.31918999063191"><time>2026-08-09T17:05:22Z</time></trkpt><trkpt lat="41.5470537355178" lon="-71.31919337129767"><time>2026-08-09T17:05:23Z</time></trkpt><trkpt lat="41.547076627199154" lon="-71.31921264143229"><time>2026-08-09T17:05:24Z</time></trkpt><trkpt lat="41.54712396101354" lon="-71.3192105974307"><time>2026-08-09T17:05:26Z</time></trkpt><trkpt lat="41.547147093276465" lon="-71.31920450767271"><time>2026-08-09T17:05:27Z</time></trkpt><trkpt lat="41.547154878646815" lon="-71.31918248489913"><time>2026-08-09T17:05:28Z</time></trkpt><trkpt lat="41.54720221625504" lon="-71.31918091005363"><time>2026-08-09T17:05:29Z</time></trkpt><trkpt lat="41.54723675995551" lon="-71.3191957994971"><time>2026-08-09T17:05:31Z</time></trkpt><trkpt lat="41.547269433201684" lon="-71.31921346810259"><time>2026-08-09T17:05:32Z</time></trkpt><trkpt lat="41.54730797482798" lon="-71.31923288237635"><time>2026-08-09T17:05:34Z</time></trkpt><trkpt lat="41.54732802925849" lon="-71.31924243013907"><time>2026-08-09T17:05:35Z</time></trkpt><trkpt lat="41.54737354477486" lon="-71.31924264598304"><time>2026-08-09T17:05:37Z</time></trkpt><trkpt lat="41.5473924032117" lon="-71.31925577570797"><time>2026-08-09T17:05:38Z</time></trkpt><trkpt lat="41.547434188347616" lon="-71.31925797077668"><time>2026-08-09T17:05:40Z</time></trkpt><trkpt lat="41.547458861221024" lon="-71.31925608387847"><time>2026-08-09T17:05:41Z</time></trkpt><trkpt lat="41.54748084379242" lon="-71.31925772826189"><time>2026-08-09T17:05:42Z</time></trkpt><trkpt lat="41.547525935320095" lon="-71.31925143576902"><time>2026-08-09T17:05:45Z</time></trkpt><trkpt lat="41.54755157236668" lon="-71.31926637381461"><time>2026-08-09T17:05:46Z</time></trkpt><trkpt lat="41.54757211593542" lon="-71.31927331165551"><time>2026-08-09T17:05:47Z</time></trkpt><trkpt lat="41.54759488997876" lon="-71.31927720504831"><time>2026-08-09T17:05:48Z</time></trkpt><trkpt lat="41.54761549760819" lon="-71.31928371504915"><time>2026-08-09T17:05:49Z</time></trkpt><trkpt lat="41.54763833395279" lon="-71.31928983775641"><time>2026-08-09T17:05:50Z</time></trkpt><trkpt lat="41.54765943546459" lon="-71.31929714705225"><time>2026-08-09T17:05:51Z</time></trkpt><trkpt lat="41.54768736340508" lon="-71.31929864967124"><time>2026-08-09T17:05:52Z</time></trkpt><trkpt lat="41.547705864624994" lon="-71.3193011055832"><time>2026-08-09T17:05:53Z</time></trkpt><trkpt lat="41.54774134033666" lon="-71.31930497256683"><time>2026-08-09T17:05:54Z</time></trkpt><trkpt lat="41.54776565599226" lon="-71.3193051906146"><time>2026-08-09T17:05:55Z</time></trkpt><trkpt lat="41.54778618120861" lon="-71.31931157250776"><time>2026-08-09T17:05:56Z</time></trkpt><trkpt lat="41.547802255883674" lon="-71.31932646531902"><time>2026-08-09T17:05:57Z</time></trkpt><trkpt lat="41.54782546699827" lon="-71.31933327159932"><time>2026-08-09T17:05:58Z</time></trkpt><trkpt lat="41.54785126609546" lon="-71.31933700821853"><time>2026-08-09T17:05:59Z</time></trkpt><trkpt lat="41.547870842291864" lon="-71.31934379163853"><time>2026-08-09T17:06:00Z</time></trkpt><trkpt lat="41.54789065519387" lon="-71.3193479111422"><time>2026-08-09T17:06:01Z</time></trkpt><trkpt lat="41.54791231933533" lon="-71.3193573072231"><time>2026-08-09T17:06:02Z</time></trkpt><trkpt lat="41.54793409797341" lon="-71.31936383172996"><time>2026-08-09T17:06:03Z</time></trkpt><trkpt lat="41.547954720019455" lon="-71.31937328029329"><time>2026-08-09T17:06:04Z</time></trkpt><trkpt lat="41.5479751822096" lon="-71.31938004416214"><time>2026-08-09T17:06:05Z</time></trkpt><trkpt lat="41.547998211107114" lon="-71.31938707602274"><time>2026-08-09T17:06:06Z</time></trkpt><trkpt lat="41.548017067712735" lon="-71.31939438140813"><time>2026-08-09T17:06:07Z</time></trkpt><trkpt lat="41.548043012541186" lon="-71.31940227403112"><time>2026-08-09T17:06:08Z</time></trkpt><trkpt lat="41.54806414286935" lon="-71.31940785847051"><time>2026-08-09T17:06:09Z</time></trkpt><trkpt lat="41.54808556008103" lon="-71.31941149090639"><time>2026-08-09T17:06:10Z</time></trkpt><trkpt lat="41.54810708588144" lon="-71.31941542181207"><time>2026-08-09T17:06:11Z</time></trkpt><trkpt lat="41.54812803710781" lon="-71.31942012491233"><time>2026-08-09T17:06:12Z</time></trkpt><trkpt lat="41.54814933331507" lon="-71.31942481674594"><time>2026-08-09T17:06:13Z</time></trkpt><trkpt lat="41.548187858141546" lon="-71.3194387034154"><time>2026-08-09T17:06:15Z</time></trkpt><trkpt lat="41.54821310941597" lon="-71.319438510843"><time>2026-08-09T17:06:16Z</time></trkpt><trkpt lat="41.54823868449823" lon="-71.31944518847077"><time>2026-08-09T17:06:17Z</time></trkpt><trkpt lat="41.54825615650948" lon="-71.3194563805816"><time>2026-08-09T17:06:18Z</time></trkpt><trkpt lat="41.5482763797954" lon="-71.31946514716111"><time>2026-08-09T17:06:19Z</time></trkpt><trkpt lat="41.54829688485144" lon="-71.31947619464546"><time>2026-08-09T17:06:20Z</time></trkpt><trkpt lat="41.54831566933154" lon="-71.31948748100328"><time>2026-08-09T17:06:21Z</time></trkpt><trkpt lat="41.54833641445866" lon="-71.31949810387633"><time>2026-08-09T17:06:22Z</time></trkpt><trkpt lat="41.54835581159969" lon="-71.31950907578778"><time>2026-08-09T17:06:23Z</time></trkpt><trkpt lat="41.5483763568128" lon="-71.31952012223492"><time>2026-08-09T17:06:24Z</time></trkpt><trkpt lat="41.548397225853755" lon="-71.31953072888474"><time>2026-08-09T17:06:25Z</time></trkpt><trkpt lat="41.548417953341975" lon="-71.31954167419848"><time>2026-08-09T17:06:26Z</time></trkpt><trkpt lat="41.54843857820665" lon="-71.31955240116525"><time>2026-08-09T17:06:27Z</time></trkpt><trkpt lat="41.5484598131773" lon="-71.3195632144082"><time>2026-08-09T17:06:28Z</time></trkpt><trkpt lat="41.548480679901616" lon="-71.31957345785976"><time>2026-08-09T17:06:29Z</time></trkpt><trkpt lat="41.5485004019333" lon="-71.31958502951282"><time>2026-08-09T17:06:30Z</time></trkpt><trkpt lat="41.548521409108005" lon="-71.31959781035695"><time>2026-08-09T17:06:31Z</time></trkpt><trkpt lat="41.54854108764369" lon="-71.31960878289054"><time>2026-08-09T17:06:32Z</time></trkpt><trkpt lat="41.54856318211611" lon="-71.31962099317266"><time>2026-08-09T17:06:33Z</time></trkpt><trkpt lat="41.54858351707265" lon="-71.31963366227163"><time>2026-08-09T17:06:34Z</time></trkpt><trkpt lat="41.548603530216646" lon="-71.31964588131903"><time>2026-08-09T17:06:35Z</time></trkpt><trkpt lat="41.54862396100452" lon="-71.31965739625613"><time>2026-08-09T17:06:36Z</time></trkpt><trkpt lat="41.54864382266114" lon="-71.31966575361866"><time>2026-08-09T17:06:37Z</time></trkpt><trkpt lat="41.548675252306595" lon="-71.31968474230624"><time>2026-08-09T17:06:39Z</time></trkpt><trkpt lat="41.54870504226131" lon="-71.31969954487899"><time>2026-08-09T17:06:40Z</time></trkpt><trkpt lat="41.548729735989006" lon="-71.31970342056225"><time>2026-08-09T17:06:41Z</time></trkpt><trkpt lat="41.548747411605866" lon="-71.319716617076"><time>2026-08-09T17:06:42Z</time></trkpt><trkpt lat="41.548768605370384" lon="-71.31972457977008"><time>2026-08-09T17:06:43Z</time></trkpt><trkpt lat="41.54879142637852" lon="-71.3197366985996"><time>2026-08-09T17:06:44Z</time></trkpt><trkpt lat="41.548814417340964" lon="-71.31975074001566"><time>2026-08-09T17:06:45Z</time></trkpt><trkpt lat="41.54884020047796" lon="-71.31977028109438"><time>2026-08-09T17:06:46Z</time></trkpt><trkpt lat="41.548865620238416" lon="-71.31978317670726"><time>2026-08-09T17:06:47Z</time></trkpt><trkpt lat="41.548888069280295" lon="-71.3197933390751"><time>2026-08-09T17:06:48Z</time></trkpt><trkpt lat="41.54890839547053" lon="-71.31980448601237"><time>2026-08-09T17:06:49Z</time></trkpt><trkpt lat="41.548929203771344" lon="-71.31981646865718"><time>2026-08-09T17:06:50Z</time></trkpt><trkpt lat="41.54895177616784" lon="-71.31983226127355"><time>2026-08-09T17:06:51Z</time></trkpt><trkpt lat="41.5489735654202" lon="-71.31984574510025"><time>2026-08-09T17:06:52Z</time></trkpt><trkpt lat="41.548995545803486" lon="-71.31985917910008"><time>2026-08-09T17:06:53Z</time></trkpt><trkpt lat="41.54901738806421" lon="-71.31987333795648"><time>2026-08-09T17:06:54Z</time></trkpt><trkpt lat="41.54903827670292" lon="-71.31988815083848"><time>2026-08-09T17:06:55Z</time></trkpt><trkpt lat="41.54905411336945" lon="-71.31990290171342"><time>2026-08-09T17:06:56Z</time></trkpt><trkpt lat="41.5490966919532" lon="-71.31990453624293"><time>2026-08-09T17:06:58Z</time></trkpt><trkpt lat="41.54912054618514" lon="-71.31993084194353"><time>2026-08-09T17:06:59Z</time></trkpt><trkpt lat="41.54914833018806" lon="-71.31994402238456"><time>2026-08-09T17:07:00Z</time></trkpt><trkpt lat="41.5491672195912" lon="-71.3199498098567"><time>2026-08-09T17:07:01Z</time></trkpt><trkpt lat="41.54919149318584" lon="-71.319963261724"><time>2026-08-09T17:07:02Z</time></trkpt><trkpt lat="41.54921712708858" lon="-71.31997372344664"><time>2026-08-09T17:07:03Z</time></trkpt><trkpt lat="41.54924157778401" lon="-71.31998742495612"><time>2026-08-09T17:07:04Z</time></trkpt><trkpt lat="41.54926617864702" lon="-71.32000682000434"><time>2026-08-09T17:07:05Z</time></trkpt><trkpt lat="41.549293322900006" lon="-71.32001845004613"><time>2026-08-09T17:07:06Z</time></trkpt><trkpt lat="41.549317604633565" lon="-71.32002940131363"><time>2026-08-09T17:07:07Z</time></trkpt><trkpt lat="41.54936698156412" lon="-71.32004500086065"><time>2026-08-09T17:07:09Z</time></trkpt><trkpt lat="41.54939289568327" lon="-71.32007157961556"><time>2026-08-09T17:07:10Z</time></trkpt><trkpt lat="41.54941335497291" lon="-71.32008922624613"><time>2026-08-09T17:07:11Z</time></trkpt><trkpt lat="41.54943882839612" lon="-71.32010223891072"><time>2026-08-09T17:07:12Z</time></trkpt><trkpt lat="41.54946249948187" lon="-71.32011614646385"><time>2026-08-09T17:07:13Z</time></trkpt><trkpt lat="41.54948457627423" lon="-71.32013087080034"><time>2026-08-09T17:07:14Z</time></trkpt><trkpt lat="41.54950946162169" lon="-71.32014719577556"><time>2026-08-09T17:07:15Z</time></trkpt><trkpt lat="41.54953397076711" lon="-71.32016169013323"><time>2026-08-09T17:07:16Z</time></trkpt><trkpt lat="41.549557268297406" lon="-71.3201754824049"><time>2026-08-09T17:07:17Z</time></trkpt><trkpt lat="41.54958216432196" lon="-71.32018766598031"><time>2026-08-09T17:07:18Z</time></trkpt><trkpt lat="41.54960516872512" lon="-71.32020286589537"><time>2026-08-09T17:07:19Z</time></trkpt><trkpt lat="41.54963045612535" lon="-71.32021787286905"><time>2026-08-09T17:07:20Z</time></trkpt><trkpt lat="41.54965157992304" lon="-71.32023226154216"><time>2026-08-09T17:07:21Z</time></trkpt><trkpt lat="41.54967536395984" lon="-71.32024538018244"><time>2026-08-09T17:07:22Z</time></trkpt><trkpt lat="41.54969823882101" lon="-71.32026010373653"><time>2026-08-09T17:07:23Z</time></trkpt><trkpt lat="41.5497221425171" lon="-71.3202743525969"><time>2026-08-09T17:07:24Z</time></trkpt><trkpt lat="41.54974457707118" lon="-71.32028764546024"><time>2026-08-09T17:07:25Z</time></trkpt><trkpt lat="41.54976860244352" lon="-71.32029881617116"><time>2026-08-09T17:07:26Z</time></trkpt><trkpt lat="41.54979202169115" lon="-71.32031327675512"><time>2026-08-09T17:07:27Z</time></trkpt><trkpt lat="41.54981518379518" lon="-71.32032838416795"><time>2026-08-09T17:07:28Z</time></trkpt><trkpt lat="41.54983696657051" lon="-71.32034265217693"><time>2026-08-09T17:07:29Z</time></trkpt><trkpt lat="41.54986252666423" lon="-71.32035305525805"><time>2026-08-09T17:07:30Z</time></trkpt><trkpt lat="41.549885281691424" lon="-71.32036567470585"><time>2026-08-09T17:07:31Z</time></trkpt><trkpt lat="41.54990972857969" lon="-71.32037964431406"><time>2026-08-09T17:07:32Z</time></trkpt><trkpt lat="41.54993152627851" lon="-71.32039240528283"><time>2026-08-09T17:07:33Z</time></trkpt><trkpt lat="41.549955001938756" lon="-71.32040539735151"><time>2026-08-09T17:07:34Z</time></trkpt><trkpt lat="41.549973454478355" lon="-71.32042178686713"><time>2026-08-09T17:07:35Z</time></trkpt><trkpt lat="41.54999237682994" lon="-71.32043705560595"><time>2026-08-09T17:07:36Z</time></trkpt><trkpt lat="41.55001631964673" lon="-71.32044882530934"><time>2026-08-09T17:07:37Z</time></trkpt><trkpt lat="41.550038547644846" lon="-71.3204582600048"><time>2026-08-09T17:07:38Z</time></trkpt><trkpt lat="41.55005985627995" lon="-71.3204750351858"><time>2026-08-09T17:07:39Z</time></trkpt><trkpt lat="41.55007923874801" lon="-71.32048847574566"><time>2026-08-09T17:07:40Z</time></trkpt><trkpt lat="41.550103265383754" lon="-71.32049920714539"><time>2026-08-09T17:07:41Z</time></trkpt><trkpt lat="41.550125611960226" lon="-71.32051065722841"><time>2026-08-09T17:07:42Z</time></trkpt><trkpt lat="41.55014801405746" lon="-71.32052477276015"><time>2026-08-09T17:07:43Z</time></trkpt><trkpt lat="41.55016873801439" lon="-71.32053893943882"><time>2026-08-09T17:07:44Z</time></trkpt><trkpt lat="41.55019004948137" lon="-71.32055230594318"><time>2026-08-09T17:07:45Z</time></trkpt><trkpt lat="41.55021196082597" lon="-71.32056407020272"><time>2026-08-09T17:07:46Z</time></trkpt><trkpt lat="41.550235050540536" lon="-71.32057658728786"><time>2026-08-09T17:07:47Z</time></trkpt><trkpt lat="41.55025318089366" lon="-71.32059126462705"><time>2026-08-09T17:07:48Z</time></trkpt><trkpt lat="41.550275617152586" lon="-71.32060513887369"><time>2026-08-09T17:07:49Z</time></trkpt><trkpt lat="41.55029961316932" lon="-71.32061679784819"><time>2026-08-09T17:07:50Z</time></trkpt><trkpt lat="41.550319015099184" lon="-71.32062687130117"><time>2026-08-09T17:07:51Z</time></trkpt><trkpt lat="41.55033949385986" lon="-71.32064079576413"><time>2026-08-09T17:07:52Z</time></trkpt><trkpt lat="41.55036235469017" lon="-71.32065501273638"><time>2026-08-09T17:07:53Z</time></trkpt><trkpt lat="41.550382498995084" lon="-71.32066928825765"><time>2026-08-09T17:07:54Z</time></trkpt><trkpt lat="41.55040769609307" lon="-71.32068407830853"><time>2026-08-09T17:07:55Z</time></trkpt><trkpt lat="41.550426045848866" lon="-71.32069202499072"><time>2026-08-09T17:07:56Z</time></trkpt><trkpt lat="41.55044955975859" lon="-71.3207071756056"><time>2026-08-09T17:07:57Z</time></trkpt><trkpt lat="41.550471897143694" lon="-71.32071436092137"><time>2026-08-09T17:07:58Z</time></trkpt><trkpt lat="41.55049690703033" lon="-71.32072528447593"><time>2026-08-09T17:07:59Z</time></trkpt><trkpt lat="41.55051883638739" lon="-71.32074062416508"><time>2026-08-09T17:08:00Z</time></trkpt><trkpt lat="41.550537077470395" lon="-71.32075146563511"><time>2026-08-09T17:08:01Z</time></trkpt><trkpt lat="41.550561410690904" lon="-71.32076083919145"><time>2026-08-09T17:08:02Z</time></trkpt><trkpt lat="41.55058493815422" lon="-71.32077533136656"><time>2026-08-09T17:08:03Z</time></trkpt><trkpt lat="41.550606911823465" lon="-71.3207865273632"><time>2026-08-09T17:08:04Z</time></trkpt><trkpt lat="41.550628824848715" lon="-71.32080112270381"><time>2026-08-09T17:08:05Z</time></trkpt><trkpt lat="41.55065105133891" lon="-71.32081011528382"><time>2026-08-09T17:08:06Z</time></trkpt><trkpt lat="41.55068147393634" lon="-71.32080419899782"><time>2026-08-09T17:08:07Z</time></trkpt><trkpt lat="41.550737601005665" lon="-71.32080187975248"><time>2026-08-09T17:08:08Z</time></trkpt><trkpt lat="41.550707356164565" lon="-71.32086001827722"><time>2026-08-09T17:08:09Z</time></trkpt><trkpt lat="41.55072747564134" lon="-71.3208748282235"><time>2026-08-09T17:08:10Z</time></trkpt><trkpt lat="41.55075115275901" lon="-71.32089262403501"><time>2026-08-09T17:08:11Z</time></trkpt><trkpt lat="41.550786733298686" lon="-71.32090434432695"><time>2026-08-09T17:08:12Z</time></trkpt><trkpt lat="41.550806520925676" lon="-71.32091798901423"><time>2026-08-09T17:08:13Z</time></trkpt><trkpt lat="41.55083117111087" lon="-71.32092647103022"><time>2026-08-09T17:08:14Z</time></trkpt><trkpt lat="41.55085296914025" lon="-71.32094088443718"><time>2026-08-09T17:08:15Z</time></trkpt><trkpt lat="41.55087587531699" lon="-71.3209510425561"><time>2026-08-09T17:08:16Z</time></trkpt><trkpt lat="41.55089754682173" lon="-71.32096491748474"><time>2026-08-09T17:08:17Z</time></trkpt><trkpt lat="41.5509248666696" lon="-71.32097898856779"><time>2026-08-09T17:08:18Z</time></trkpt><trkpt lat="41.5509446765404" lon="-71.32099312378567"><time>2026-08-09T17:08:19Z</time></trkpt><trkpt lat="41.55096769396179" lon="-71.32100351367123"><time>2026-08-09T17:08:20Z</time></trkpt><trkpt lat="41.55101075816841" lon="-71.32102707074179"><time>2026-08-09T17:08:22Z</time></trkpt><trkpt lat="41.551035360055536" lon="-71.321045449635"><time>2026-08-09T17:08:23Z</time></trkpt><trkpt lat="41.55105755589544" lon="-71.32105494362125"><time>2026-08-09T17:08:24Z</time></trkpt><trkpt lat="41.551076783183504" lon="-71.3210692642468"><time>2026-08-09T17:08:25Z</time></trkpt><trkpt lat="41.551097310223454" lon="-71.32108245704212"><time>2026-08-09T17:08:26Z</time></trkpt><trkpt lat="41.55112003357445" lon="-71.32109141000554"><time>2026-08-09T17:08:27Z</time></trkpt><trkpt lat="41.551144028795065" lon="-71.32110611497396"><time>2026-08-09T17:08:28Z</time></trkpt><trkpt lat="41.55116733448334" lon="-71.32111804294368"><time>2026-08-09T17:08:29Z</time></trkpt><trkpt lat="41.551189924961" lon="-71.3211318090713"><time>2026-08-09T17:08:30Z</time></trkpt><trkpt lat="41.55121283324112" lon="-71.32114380872576"><time>2026-08-09T17:08:31Z</time></trkpt><trkpt lat="41.55123891149962" lon="-71.3211564255106"><time>2026-08-09T17:08:32Z</time></trkpt><trkpt lat="41.55125674066352" lon="-71.32117064992269"><time>2026-08-09T17:08:33Z</time></trkpt><trkpt lat="41.55127910608313" lon="-71.32118371808572"><time>2026-08-09T17:08:34Z</time></trkpt><trkpt lat="41.55130136208843" lon="-71.3211957460593"><time>2026-08-09T17:08:35Z</time></trkpt><trkpt lat="41.551322651448906" lon="-71.32120728357005"><time>2026-08-09T17:08:36Z</time></trkpt><trkpt lat="41.55134558077727" lon="-71.32121879166404"><time>2026-08-09T17:08:37Z</time></trkpt><trkpt lat="41.55136716975747" lon="-71.32123068005616"><time>2026-08-09T17:08:38Z</time></trkpt><trkpt lat="41.55138747879391" lon="-71.32124108816282"><time>2026-08-09T17:08:39Z</time></trkpt><trkpt lat="41.55140916918445" lon="-71.321255693164"><time>2026-08-09T17:08:40Z</time></trkpt><trkpt lat="41.55143128875038" lon="-71.32126826018279"><time>2026-08-09T17:08:41Z</time></trkpt><trkpt lat="41.551451991123436" lon="-71.32128269922171"><time>2026-08-09T17:08:42Z</time></trkpt><trkpt lat="41.55147409777065" lon="-71.32129545990668"><time>2026-08-09T17:08:43Z</time></trkpt><trkpt lat="41.5514959393796" lon="-71.3213084298916"><time>2026-08-09T17:08:44Z</time></trkpt><trkpt lat="41.55151739719605" lon="-71.3213223947216"><time>2026-08-09T17:08:45Z</time></trkpt><trkpt lat="41.551537677100804" lon="-71.3213363201822"><time>2026-08-09T17:08:46Z</time></trkpt><trkpt lat="41.55155984614342" lon="-71.32134817562823"><time>2026-08-09T17:08:47Z</time></trkpt><trkpt lat="41.551582429741636" lon="-71.32136120420523"><time>2026-08-09T17:08:48Z</time></trkpt><trkpt lat="41.55160363298753" lon="-71.32137344834274"><time>2026-08-09T17:08:49Z</time></trkpt><trkpt lat="41.551624511299906" lon="-71.32138575286567"><time>2026-08-09T17:08:50Z</time></trkpt><trkpt lat="41.551645003163145" lon="-71.32139896675791"><time>2026-08-09T17:08:51Z</time></trkpt><trkpt lat="41.551666690360555" lon="-71.32141119948709"><time>2026-08-09T17:08:52Z</time></trkpt><trkpt lat="41.551688117537346" lon="-71.32142270820657"><time>2026-08-09T17:08:53Z</time></trkpt><trkpt lat="41.55171052042388" lon="-71.32143251562019"><time>2026-08-09T17:08:54Z</time></trkpt><trkpt lat="41.55172986880055" lon="-71.32144594289551"><time>2026-08-09T17:08:55Z</time></trkpt><trkpt lat="41.551750980136774" lon="-71.32145989638957"><time>2026-08-09T17:08:56Z</time></trkpt><trkpt lat="41.55177421113097" lon="-71.32147406703946"><time>2026-08-09T17:08:57Z</time></trkpt><trkpt lat="41.55179302435243" lon="-71.3214868633374"><time>2026-08-09T17:08:58Z</time></trkpt><trkpt lat="41.55181471250946" lon="-71.32149827747811"><time>2026-08-09T17:08:59Z</time></trkpt><trkpt lat="41.55183217130959" lon="-71.32150604528898"><time>2026-08-09T17:09:00Z</time></trkpt><trkpt lat="41.551851579357155" lon="-71.32151981121947"><time>2026-08-09T17:09:01Z</time></trkpt><trkpt lat="41.55187864972392" lon="-71.32152993580519"><time>2026-08-09T17:09:02Z</time></trkpt><trkpt lat="41.55189440645417" lon="-71.32154389871467"><time>2026-08-09T17:09:03Z</time></trkpt><trkpt lat="41.55191271760439" lon="-71.32155992693198"><time>2026-08-09T17:09:04Z</time></trkpt><trkpt lat="41.55193734837791" lon="-71.32157097729029"><time>2026-08-09T17:09:05Z</time></trkpt><trkpt lat="41.55195918773429" lon="-71.32158154534196"><time>2026-08-09T17:09:06Z</time></trkpt><trkpt lat="41.55198087376898" lon="-71.32159421835516"><time>2026-08-09T17:09:07Z</time></trkpt><trkpt lat="41.55200131067316" lon="-71.32160561041833"><time>2026-08-09T17:09:08Z</time></trkpt><trkpt lat="41.55202384529463" lon="-71.32161729006029"><time>2026-08-09T17:09:09Z</time></trkpt><trkpt lat="41.55204256781468" lon="-71.32163095449161"><time>2026-08-09T17:09:10Z</time></trkpt><trkpt lat="41.55206417013951" lon="-71.32164520253413"><time>2026-08-09T17:09:11Z</time></trkpt><trkpt lat="41.55208640824098" lon="-71.32165668765587"><time>2026-08-09T17:09:12Z</time></trkpt><trkpt lat="41.5521078540572" lon="-71.32167019285019"><time>2026-08-09T17:09:13Z</time></trkpt><trkpt lat="41.552132315544576" lon="-71.32168411951376"><time>2026-08-09T17:09:14Z</time></trkpt><trkpt lat="41.552153944609344" lon="-71.3217009671742"><time>2026-08-09T17:09:15Z</time></trkpt><trkpt lat="41.55217638801833" lon="-71.3217168720203"><time>2026-08-09T17:09:16Z</time></trkpt><trkpt lat="41.552198256586244" lon="-71.32172526849183"><time>2026-08-09T17:09:17Z</time></trkpt><trkpt lat="41.55221864434979" lon="-71.3217363330187"><time>2026-08-09T17:09:18Z</time></trkpt><trkpt lat="41.552241071317866" lon="-71.32175230044528"><time>2026-08-09T17:09:19Z</time></trkpt><trkpt lat="41.55226079346207" lon="-71.32176983013198"><time>2026-08-09T17:09:20Z</time></trkpt><trkpt lat="41.552284386393076" lon="-71.32178325914259"><time>2026-08-09T17:09:21Z</time></trkpt><trkpt lat="41.552307535628856" lon="-71.32179441727362"><time>2026-08-09T17:09:22Z</time></trkpt><trkpt lat="41.55232911570866" lon="-71.32180848987139"><time>2026-08-09T17:09:23Z</time></trkpt><trkpt lat="41.552353050221555" lon="-71.32182602817842"><time>2026-08-09T17:09:24Z</time></trkpt><trkpt lat="41.55237407819169" lon="-71.32183821372416"><time>2026-08-09T17:09:25Z</time></trkpt><trkpt lat="41.55239621492626" lon="-71.32185068606277"><time>2026-08-09T17:09:26Z</time></trkpt><trkpt lat="41.552417615765" lon="-71.32186178395605"><time>2026-08-09T17:09:27Z</time></trkpt><trkpt lat="41.55244058012535" lon="-71.32187353394423"><time>2026-08-09T17:09:28Z</time></trkpt><trkpt lat="41.552461327394774" lon="-71.32188384140261"><time>2026-08-09T17:09:29Z</time></trkpt><trkpt lat="41.55248207873357" lon="-71.32189302926894"><time>2026-08-09T17:09:30Z</time></trkpt><trkpt lat="41.552503098733034" lon="-71.32191073836911"><time>2026-08-09T17:09:31Z</time></trkpt><trkpt lat="41.552527448312276" lon="-71.32192594630128"><time>2026-08-09T17:09:32Z</time></trkpt><trkpt lat="41.55254907412319" lon="-71.32193604940967"><time>2026-08-09T17:09:33Z</time></trkpt><trkpt lat="41.55256982553131" lon="-71.32194754299182"><time>2026-08-09T17:09:34Z</time></trkpt><trkpt lat="41.55259039284327" lon="-71.3219608422996"><time>2026-08-09T17:09:35Z</time></trkpt><trkpt lat="41.55261012811576" lon="-71.32197138901905"><time>2026-08-09T17:09:36Z</time></trkpt><trkpt lat="41.55263025696749" lon="-71.32198335660803"><time>2026-08-09T17:09:37Z</time></trkpt><trkpt lat="41.552654605523635" lon="-71.32200231457844"><time>2026-08-09T17:09:38Z</time></trkpt><trkpt lat="41.55267528695309" lon="-71.3220108396178"><time>2026-08-09T17:09:39Z</time></trkpt><trkpt lat="41.55269761045927" lon="-71.32202165837278"><time>2026-08-09T17:09:40Z</time></trkpt><trkpt lat="41.55271856874677" lon="-71.32203726646169"><time>2026-08-09T17:09:41Z</time></trkpt><trkpt lat="41.55274015636814" lon="-71.32205154020757"><time>2026-08-09T17:09:42Z</time></trkpt><trkpt lat="41.55276191991013" lon="-71.3220635531899"><time>2026-08-09T17:09:43Z</time></trkpt><trkpt lat="41.5527826932853" lon="-71.3220773331548"><time>2026-08-09T17:09:44Z</time></trkpt><trkpt lat="41.552806031766075" lon="-71.32208841123123"><time>2026-08-09T17:09:45Z</time></trkpt><trkpt lat="41.552831318871" lon="-71.32210125938936"><time>2026-08-09T17:09:46Z</time></trkpt><trkpt lat="41.55285729014982" lon="-71.32211411360552"><time>2026-08-09T17:09:47Z</time></trkpt><trkpt lat="41.55288402193555" lon="-71.32212581423538"><time>2026-08-09T17:09:48Z</time></trkpt><trkpt lat="41.55291542375905" lon="-71.3221512941337"><time>2026-08-09T17:09:50Z</time></trkpt><trkpt lat="41.55293988382817" lon="-71.32216366346357"><time>2026-08-09T17:09:51Z</time></trkpt><trkpt lat="41.5529623344449" lon="-71.32217747888818"><time>2026-08-09T17:09:52Z</time></trkpt><trkpt lat="41.55298395450056" lon="-71.32219025608528"><time>2026-08-09T17:09:53Z</time></trkpt><trkpt lat="41.55300559854426" lon="-71.32220225800695"><time>2026-08-09T17:09:54Z</time></trkpt><trkpt lat="41.55302740528392" lon="-71.3222141854342"><time>2026-08-09T17:09:55Z</time></trkpt><trkpt lat="41.55305021431509" lon="-71.32222611029275"><time>2026-08-09T17:09:56Z</time></trkpt><trkpt lat="41.553071603195086" lon="-71.32223908678876"><time>2026-08-09T17:09:57Z</time></trkpt><trkpt lat="41.553092878957116" lon="-71.32225100899832"><time>2026-08-09T17:09:58Z</time></trkpt><trkpt lat="41.5531147033875" lon="-71.32226352944421"><time>2026-08-09T17:09:59Z</time></trkpt><trkpt lat="41.55313539778344" lon="-71.32227551157146"><time>2026-08-09T17:10:00Z</time></trkpt><trkpt lat="41.5531589972235" lon="-71.32228450177709"><time>2026-08-09T17:10:01Z</time></trkpt><trkpt lat="41.55317934130013" lon="-71.3223004767081"><time>2026-08-09T17:10:02Z</time></trkpt><trkpt lat="41.55319591740519" lon="-71.3223226189907"><time>2026-08-09T17:10:03Z</time></trkpt><trkpt lat="41.55321954159814" lon="-71.32232708109395"><time>2026-08-09T17:10:04Z</time></trkpt><trkpt lat="41.55324133423901" lon="-71.32233716491444"><time>2026-08-09T17:10:05Z</time></trkpt><trkpt lat="41.55326303157749" lon="-71.3223492276066"><time>2026-08-09T17:10:06Z</time></trkpt><trkpt lat="41.553283873113436" lon="-71.32236185840786"><time>2026-08-09T17:10:07Z</time></trkpt><trkpt lat="41.55330464784751" lon="-71.32237470139337"><time>2026-08-09T17:10:08Z</time></trkpt><trkpt lat="41.55332642047901" lon="-71.32238578826566"><time>2026-08-09T17:10:09Z</time></trkpt><trkpt lat="41.55334882264298" lon="-71.3223984855559"><time>2026-08-09T17:10:10Z</time></trkpt><trkpt lat="41.553370509560864" lon="-71.32241131791712"><time>2026-08-09T17:10:11Z</time></trkpt><trkpt lat="41.55339180156829" lon="-71.32242415572482"><time>2026-08-09T17:10:12Z</time></trkpt><trkpt lat="41.55341350885318" lon="-71.32243715672531"><time>2026-08-09T17:10:13Z</time></trkpt><trkpt lat="41.55343617192347" lon="-71.32244916048093"><time>2026-08-09T17:10:14Z</time></trkpt><trkpt lat="41.553458522726835" lon="-71.32246047982734"><time>2026-08-09T17:10:15Z</time></trkpt><trkpt lat="41.55348086828447" lon="-71.3224719002494"><time>2026-08-09T17:10:16Z</time></trkpt><trkpt lat="41.553502442188524" lon="-71.32248614611181"><time>2026-08-09T17:10:17Z</time></trkpt><trkpt lat="41.553523776543024" lon="-71.32250052238378"><time>2026-08-09T17:10:18Z</time></trkpt><trkpt lat="41.553544029738575" lon="-71.3225138734268"><time>2026-08-09T17:10:19Z</time></trkpt><trkpt lat="41.55356667271321" lon="-71.32252586501819"><time>2026-08-09T17:10:20Z</time></trkpt><trkpt lat="41.55358889696241" lon="-71.32253774683632"><time>2026-08-09T17:10:21Z</time></trkpt><trkpt lat="41.553611055146014" lon="-71.32255036424782"><time>2026-08-09T17:10:22Z</time></trkpt><trkpt lat="41.553631873154536" lon="-71.32256378856711"><time>2026-08-09T17:10:23Z</time></trkpt><trkpt lat="41.55365364581402" lon="-71.32257664060852"><time>2026-08-09T17:10:24Z</time></trkpt><trkpt lat="41.5536757672209" lon="-71.32258919204656"><time>2026-08-09T17:10:25Z</time></trkpt><trkpt lat="41.553696691087424" lon="-71.32260322513329"><time>2026-08-09T17:10:26Z</time></trkpt><trkpt lat="41.553718673265266" lon="-71.32261614821367"><time>2026-08-09T17:10:27Z</time></trkpt><trkpt lat="41.55374051872206" lon="-71.32263027762664"><time>2026-08-09T17:10:28Z</time></trkpt><trkpt lat="41.55376309455666" lon="-71.3226432694896"><time>2026-08-09T17:10:29Z</time></trkpt><trkpt lat="41.55378575523504" lon="-71.32265607917255"><time>2026-08-09T17:10:30Z</time></trkpt><trkpt lat="41.553807715719906" lon="-71.32266917392661"><time>2026-08-09T17:10:31Z</time></trkpt><trkpt lat="41.55382955329543" lon="-71.32268173397354"><time>2026-08-09T17:10:32Z</time></trkpt><trkpt lat="41.55385083270296" lon="-71.32269409424492"><time>2026-08-09T17:10:33Z</time></trkpt><trkpt lat="41.55387169990448" lon="-71.32270803242886"><time>2026-08-09T17:10:34Z</time></trkpt><trkpt lat="41.553893341932984" lon="-71.32272005591489"><time>2026-08-09T17:10:35Z</time></trkpt><trkpt lat="41.553914855782956" lon="-71.32273289796801"><time>2026-08-09T17:10:36Z</time></trkpt><trkpt lat="41.553938441299174" lon="-71.322745703316"><time>2026-08-09T17:10:37Z</time></trkpt><trkpt lat="41.553964650310384" lon="-71.32275520291483"><time>2026-08-09T17:10:38Z</time></trkpt><trkpt lat="41.553989599901" lon="-71.32276539002999"><time>2026-08-09T17:10:39Z</time></trkpt><trkpt lat="41.554007380383965" lon="-71.32278017411878"><time>2026-08-09T17:10:40Z</time></trkpt><trkpt lat="41.55402922061929" lon="-71.32279281806682"><time>2026-08-09T17:10:41Z</time></trkpt><trkpt lat="41.55405022207837" lon="-71.32280662379004"><time>2026-08-09T17:10:42Z</time></trkpt><trkpt lat="41.55407155404117" lon="-71.32282024929448"><time>2026-08-09T17:10:43Z</time></trkpt><trkpt lat="41.554093043802915" lon="-71.32283305143557"><time>2026-08-09T17:10:44Z</time></trkpt><trkpt lat="41.55411481598495" lon="-71.32284641611481"><time>2026-08-09T17:10:45Z</time></trkpt><trkpt lat="41.55413669526421" lon="-71.32285940264697"><time>2026-08-09T17:10:46Z</time></trkpt><trkpt lat="41.55415811056036" lon="-71.32287278044427"><time>2026-08-09T17:10:47Z</time></trkpt><trkpt lat="41.554179866552666" lon="-71.32288664317623"><time>2026-08-09T17:10:48Z</time></trkpt><trkpt lat="41.55420285808474" lon="-71.3228991639406"><time>2026-08-09T17:10:49Z</time></trkpt><trkpt lat="41.554225251076474" lon="-71.32291252726348"><time>2026-08-09T17:10:50Z</time></trkpt><trkpt lat="41.554246884377804" lon="-71.32292514886325"><time>2026-08-09T17:10:51Z</time></trkpt><trkpt lat="41.554270537525085" lon="-71.32293775595525"><time>2026-08-09T17:10:52Z</time></trkpt><trkpt lat="41.554292128703835" lon="-71.32295061434301"><time>2026-08-09T17:10:53Z</time></trkpt><trkpt lat="41.55431437513178" lon="-71.32296328466317"><time>2026-08-09T17:10:54Z</time></trkpt><trkpt lat="41.55433650525632" lon="-71.32297826831518"><time>2026-08-09T17:10:55Z</time></trkpt><trkpt lat="41.55435821960173" lon="-71.32299091789662"><time>2026-08-09T17:10:56Z</time></trkpt><trkpt lat="41.55438050736783" lon="-71.32300313359544"><time>2026-08-09T17:10:57Z</time></trkpt><trkpt lat="41.55440369839329" lon="-71.32301618066337"><time>2026-08-09T17:10:58Z</time></trkpt><trkpt lat="41.554425747983046" lon="-71.32302996526987"><time>2026-08-09T17:10:59Z</time></trkpt><trkpt lat="41.55444857555675" lon="-71.32304404630307"><time>2026-08-09T17:11:00Z</time></trkpt><trkpt lat="41.55447071716097" lon="-71.32305712209859"><time>2026-08-09T17:11:01Z</time></trkpt><trkpt lat="41.55449233007414" lon="-71.32306950621793"><time>2026-08-09T17:11:02Z</time></trkpt><trkpt lat="41.554514707246156" lon="-71.32308277961836"><time>2026-08-09T17:11:03Z</time></trkpt><trkpt lat="41.55453653166358" lon="-71.32309262470385"><time>2026-08-09T17:11:04Z</time></trkpt><trkpt lat="41.55455988803175" lon="-71.32310567113154"><time>2026-08-09T17:11:05Z</time></trkpt><trkpt lat="41.554582536256525" lon="-71.32311708572934"><time>2026-08-09T17:11:06Z</time></trkpt><trkpt lat="41.55460432017819" lon="-71.323130530498"><time>2026-08-09T17:11:07Z</time></trkpt><trkpt lat="41.554627539483626" lon="-71.3231429767133"><time>2026-08-09T17:11:08Z</time></trkpt><trkpt lat="41.55464960881424" lon="-71.32315449574298"><time>2026-08-09T17:11:09Z</time></trkpt><trkpt lat="41.55467119985722" lon="-71.32317039203278"><time>2026-08-09T17:11:10Z</time></trkpt><trkpt lat="41.55469233589897" lon="-71.32318830464415"><time>2026-08-09T17:11:11Z</time></trkpt><trkpt lat="41.55471464857614" lon="-71.32319856573044"><time>2026-08-09T17:11:12Z</time></trkpt><trkpt lat="41.55473572267697" lon="-71.3232102524904"><time>2026-08-09T17:11:13Z</time></trkpt><trkpt lat="41.55475684457502" lon="-71.3232199454506"><time>2026-08-09T17:11:14Z</time></trkpt><trkpt lat="41.55477878145683" lon="-71.3232310476599"><time>2026-08-09T17:11:15Z</time></trkpt><trkpt lat="41.55480675003315" lon="-71.32324034825174"><time>2026-08-09T17:11:16Z</time></trkpt><trkpt lat="41.55482537232205" lon="-71.32325610795779"><time>2026-08-09T17:11:17Z</time></trkpt><trkpt lat="41.55484430106159" lon="-71.32326369046663"><time>2026-08-09T17:11:18Z</time></trkpt><trkpt lat="41.5548699397991" lon="-71.32328215415566"><time>2026-08-09T17:11:19Z</time></trkpt><trkpt lat="41.55488993986103" lon="-71.32329292807954"><time>2026-08-09T17:11:20Z</time></trkpt><trkpt lat="41.55491209241191" lon="-71.323302340145"><time>2026-08-09T17:11:21Z</time></trkpt><trkpt lat="41.554933746238824" lon="-71.32331442429542"><time>2026-08-09T17:11:22Z</time></trkpt><trkpt lat="41.5549556802623" lon="-71.32332449920031"><time>2026-08-09T17:11:23Z</time></trkpt><trkpt lat="41.55497671595907" lon="-71.32333704405033"><time>2026-08-09T17:11:24Z</time></trkpt><trkpt lat="41.554997859800615" lon="-71.3233481554272"><time>2026-08-09T17:11:25Z</time></trkpt><trkpt lat="41.55502002572258" lon="-71.32336235391898"><time>2026-08-09T17:11:26Z</time></trkpt><trkpt lat="41.55504120032245" lon="-71.3233751733485"><time>2026-08-09T17:11:27Z</time></trkpt><trkpt lat="41.55506161509415" lon="-71.32338995099533"><time>2026-08-09T17:11:28Z</time></trkpt><trkpt lat="41.555084409474645" lon="-71.3234022443908"><time>2026-08-09T17:11:29Z</time></trkpt><trkpt lat="41.55510580828225" lon="-71.32341450286137"><time>2026-08-09T17:11:30Z</time></trkpt><trkpt lat="41.55512695446656" lon="-71.32342652333806"><time>2026-08-09T17:11:31Z</time></trkpt><trkpt lat="41.555149040573355" lon="-71.3234380786105"><time>2026-08-09T17:11:32Z</time></trkpt><trkpt lat="41.55516983257827" lon="-71.32345107987672"><time>2026-08-09T17:11:33Z</time></trkpt><trkpt lat="41.55519162381545" lon="-71.32346342955546"><time>2026-08-09T17:11:34Z</time></trkpt><trkpt lat="41.555211820893334" lon="-71.3234752664231"><time>2026-08-09T17:11:35Z</time></trkpt><trkpt lat="41.55523286764605" lon="-71.32348650997508"><time>2026-08-09T17:11:36Z</time></trkpt><trkpt lat="41.55525318165957" lon="-71.32349895670667"><time>2026-08-09T17:11:37Z</time></trkpt><trkpt lat="41.555273929057655" lon="-71.32351050989323"><time>2026-08-09T17:11:38Z</time></trkpt><trkpt lat="41.55529613418704" lon="-71.32352326081043"><time>2026-08-09T17:11:39Z</time></trkpt><trkpt lat="41.555316931150486" lon="-71.32353693669715"><time>2026-08-09T17:11:40Z</time></trkpt><trkpt lat="41.55533548318063" lon="-71.3235481021366"><time>2026-08-09T17:11:41Z</time></trkpt><trkpt lat="41.555357996342146" lon="-71.3235590446032"><time>2026-08-09T17:11:42Z</time></trkpt><trkpt lat="41.55537944624951" lon="-71.32356944313894"><time>2026-08-09T17:11:43Z</time></trkpt><trkpt lat="41.55540074301909" lon="-71.32358209178128"><time>2026-08-09T17:11:44Z</time></trkpt><trkpt lat="41.55542146496825" lon="-71.32359343018146"><time>2026-08-09T17:11:45Z</time></trkpt><trkpt lat="41.55544187854313" lon="-71.32360516570338"><time>2026-08-09T17:11:46Z</time></trkpt><trkpt lat="41.555463486093664" lon="-71.32361760779752"><time>2026-08-09T17:11:47Z</time></trkpt><trkpt lat="41.55548552903575" lon="-71.32362950256555"><time>2026-08-09T17:11:48Z</time></trkpt><trkpt lat="41.55550887045298" lon="-71.32363872204034"><time>2026-08-09T17:11:49Z</time></trkpt><trkpt lat="41.55552742085974" lon="-71.32364945620515"><time>2026-08-09T17:11:50Z</time></trkpt><trkpt lat="41.55554772448673" lon="-71.32366005427723"><time>2026-08-09T17:11:51Z</time></trkpt><trkpt lat="41.55556942655709" lon="-71.32367195437511"><time>2026-08-09T17:11:52Z</time></trkpt><trkpt lat="41.55558996535872" lon="-71.32368223003287"><time>2026-08-09T17:11:53Z</time></trkpt><trkpt lat="41.55561035067095" lon="-71.32369447554856"><time>2026-08-09T17:11:54Z</time></trkpt><trkpt lat="41.55563237394667" lon="-71.32370440504494"><time>2026-08-09T17:11:55Z</time></trkpt><trkpt lat="41.555652845343346" lon="-71.32371723978781"><time>2026-08-09T17:11:56Z</time></trkpt><trkpt lat="41.555674283775474" lon="-71.32373013698694"><time>2026-08-09T17:11:57Z</time></trkpt><trkpt lat="41.5556960159925" lon="-71.32374203467754"><time>2026-08-09T17:11:58Z</time></trkpt><trkpt lat="41.55571706836962" lon="-71.32375379415646"><time>2026-08-09T17:11:59Z</time></trkpt><trkpt lat="41.55573816896632" lon="-71.3237652340376"><time>2026-08-09T17:12:00Z</time></trkpt><trkpt lat="41.555758284614136" lon="-71.32377647217407"><time>2026-08-09T17:12:01Z</time></trkpt><trkpt lat="41.555779120641425" lon="-71.32378586018498"><time>2026-08-09T17:12:02Z</time></trkpt><trkpt lat="41.55580002349747" lon="-71.3237989946921"><time>2026-08-09T17:12:03Z</time></trkpt><trkpt lat="41.55582230846877" lon="-71.32380816906421"><time>2026-08-09T17:12:04Z</time></trkpt><trkpt lat="41.55584373370566" lon="-71.32381875252771"><time>2026-08-09T17:12:05Z</time></trkpt><trkpt lat="41.55586536372593" lon="-71.32382932941225"><time>2026-08-09T17:12:06Z</time></trkpt><trkpt lat="41.555886178302856" lon="-71.32384164187914"><time>2026-08-09T17:12:07Z</time></trkpt><trkpt lat="41.5559080743773" lon="-71.32385229331632"><time>2026-08-09T17:12:08Z</time></trkpt><trkpt lat="41.55592987744796" lon="-71.32386182064224"><time>2026-08-09T17:12:09Z</time></trkpt><trkpt lat="41.55595033707165" lon="-71.32387310769425"><time>2026-08-09T17:12:10Z</time></trkpt><trkpt lat="41.555971218771475" lon="-71.32388662005502"><time>2026-08-09T17:12:11Z</time></trkpt><trkpt lat="41.55599172851026" lon="-71.32389830475232"><time>2026-08-09T17:12:12Z</time></trkpt><trkpt lat="41.556013733651795" lon="-71.32390803316906"><time>2026-08-09T17:12:13Z</time></trkpt><trkpt lat="41.55603452902844" lon="-71.32391929634375"><time>2026-08-09T17:12:14Z</time></trkpt><trkpt lat="41.55605706501479" lon="-71.32392896822243"><time>2026-08-09T17:12:15Z</time></trkpt><trkpt lat="41.5560797073202" lon="-71.32393714650557"><time>2026-08-09T17:12:16Z</time></trkpt><trkpt lat="41.55610081194932" lon="-71.32394854752609"><time>2026-08-09T17:12:17Z</time></trkpt><trkpt lat="41.55612136468586" lon="-71.32395771396757"><time>2026-08-09T17:12:18Z</time></trkpt><trkpt lat="41.55613871291907" lon="-71.32397143032198"><time>2026-08-09T17:12:19Z</time></trkpt><trkpt lat="41.55616002844641" lon="-71.32398417682613"><time>2026-08-09T17:12:20Z</time></trkpt><trkpt lat="41.55618310512284" lon="-71.32399492798203"><time>2026-08-09T17:12:21Z</time></trkpt><trkpt lat="41.55619996281111" lon="-71.32400444502312"><time>2026-08-09T17:12:22Z</time></trkpt><trkpt lat="41.556222748950056" lon="-71.3240146988325"><time>2026-08-09T17:12:23Z</time></trkpt><trkpt lat="41.55624282866464" lon="-71.32402937465373"><time>2026-08-09T17:12:24Z</time></trkpt><trkpt lat="41.556263437731644" lon="-71.32404464651638"><time>2026-08-09T17:12:25Z</time></trkpt><trkpt lat="41.556283410225625" lon="-71.32405341303806"><time>2026-08-09T17:12:26Z</time></trkpt><trkpt lat="41.556304258883586" lon="-71.32406660025276"><time>2026-08-09T17:12:27Z</time></trkpt><trkpt lat="41.5563243641232" lon="-71.32407842675315"><time>2026-08-09T17:12:28Z</time></trkpt><trkpt lat="41.55634497783923" lon="-71.32408976333572"><time>2026-08-09T17:12:29Z</time></trkpt><trkpt lat="41.55636675284193" lon="-71.32410034874293"><time>2026-08-09T17:12:30Z</time></trkpt><trkpt lat="41.55638861704163" lon="-71.32411297970054"><time>2026-08-09T17:12:31Z</time></trkpt><trkpt lat="41.5564116059177" lon="-71.3241243773593"><time>2026-08-09T17:12:32Z</time></trkpt><trkpt lat="41.55643807318108" lon="-71.32413235472374"><time>2026-08-09T17:12:33Z</time></trkpt><trkpt lat="41.55645960615132" lon="-71.32414297754217"><time>2026-08-09T17:12:34Z</time></trkpt><trkpt lat="41.55649654079297" lon="-71.32414831208388"><time>2026-08-09T17:12:35Z</time></trkpt><trkpt lat="41.556506717949226" lon="-71.32417670818529"><time>2026-08-09T17:12:37Z</time></trkpt><trkpt lat="41.556528895813614" lon="-71.32421025430729"><time>2026-08-09T17:12:38Z</time></trkpt><trkpt lat="41.556548454201604" lon="-71.32423585148156"><time>2026-08-09T17:12:39Z</time></trkpt><trkpt lat="41.556559485894695" lon="-71.32426879945183"><time>2026-08-09T17:12:40Z</time></trkpt><trkpt lat="41.55658364319919" lon="-71.32428109241403"><time>2026-08-09T17:12:41Z</time></trkpt><trkpt lat="41.55660383808508" lon="-71.32431510534423"><time>2026-08-09T17:12:42Z</time></trkpt><trkpt lat="41.55660049429133" lon="-71.32436539108417"><time>2026-08-09T17:12:43Z</time></trkpt><trkpt lat="41.556606051578704" lon="-71.32438994219324"><time>2026-08-09T17:12:44Z</time></trkpt><trkpt lat="41.55662268174966" lon="-71.32442094168883"><time>2026-08-09T17:12:45Z</time></trkpt><trkpt lat="41.55663150669634" lon="-71.32444508603932"><time>2026-08-09T17:12:46Z</time></trkpt><trkpt lat="41.5566388620793" lon="-71.32447704886847"><time>2026-08-09T17:12:47Z</time></trkpt><trkpt lat="41.556642433448935" lon="-71.32451372395225"><time>2026-08-09T17:12:48Z</time></trkpt><trkpt lat="41.556647076559464" lon="-71.3245503920463"><time>2026-08-09T17:12:49Z</time></trkpt><trkpt lat="41.55666780361075" lon="-71.32457800759315"><time>2026-08-09T17:12:50Z</time></trkpt><trkpt lat="41.5566818801037" lon="-71.32460785268654"><time>2026-08-09T17:12:51Z</time></trkpt><trkpt lat="41.55669630655054" lon="-71.32463853439572"><time>2026-08-09T17:12:52Z</time></trkpt><trkpt lat="41.55671416635904" lon="-71.32466786656474"><time>2026-08-09T17:12:53Z</time></trkpt><trkpt lat="41.556733011510694" lon="-71.32469313916127"><time>2026-08-09T17:12:54Z</time></trkpt><trkpt lat="41.55675251990558" lon="-71.32471996687244"><time>2026-08-09T17:12:55Z</time></trkpt><trkpt lat="41.55677464809653" lon="-71.32474418729848"><time>2026-08-09T17:12:56Z</time></trkpt><trkpt lat="41.55679751108896" lon="-71.32476366074177"><time>2026-08-09T17:12:57Z</time></trkpt><trkpt lat="41.5568214377716" lon="-71.32478276567278"><time>2026-08-09T17:12:58Z</time></trkpt><trkpt lat="41.55684612453706" lon="-71.32479643720566"><time>2026-08-09T17:12:59Z</time></trkpt><trkpt lat="41.556869261686884" lon="-71.32480966342715"><time>2026-08-09T17:13:00Z</time></trkpt><trkpt lat="41.55689614309784" lon="-71.32482601716218"><time>2026-08-09T17:13:01Z</time></trkpt><trkpt lat="41.55692259053328" lon="-71.32483743272411"><time>2026-08-09T17:13:02Z</time></trkpt><trkpt lat="41.55694807938281" lon="-71.32484969518437"><time>2026-08-09T17:13:03Z</time></trkpt><trkpt lat="41.556973214683076" lon="-71.32486437919829"><time>2026-08-09T17:13:04Z</time></trkpt><trkpt lat="41.556998630291" lon="-71.32487666699834"><time>2026-08-09T17:13:05Z</time></trkpt><trkpt lat="41.55702450181227" lon="-71.32488887172086"><time>2026-08-09T17:13:06Z</time></trkpt><trkpt lat="41.557049769930465" lon="-71.32490160611468"><time>2026-08-09T17:13:07Z</time></trkpt><trkpt lat="41.55707703593452" lon="-71.32491407473641"><time>2026-08-09T17:13:08Z</time></trkpt><trkpt lat="41.55710255546916" lon="-71.32492448326597"><time>2026-08-09T17:13:09Z</time></trkpt><trkpt lat="41.55712761115151" lon="-71.32493573183004"><time>2026-08-09T17:13:10Z</time></trkpt><trkpt lat="41.55715318655037" lon="-71.3249460643014"><time>2026-08-09T17:13:11Z</time></trkpt><trkpt lat="41.55717848647563" lon="-71.3249553419103"><time>2026-08-09T17:13:12Z</time></trkpt><trkpt lat="41.55720409024256" lon="-71.32496600616466"><time>2026-08-09T17:13:13Z</time></trkpt><trkpt lat="41.55723184302639" lon="-71.32497217188022"><time>2026-08-09T17:13:14Z</time></trkpt><trkpt lat="41.55726266872811" lon="-71.32498441682318"><time>2026-08-09T17:13:15Z</time></trkpt><trkpt lat="41.55728265708765" lon="-71.32499018802899"><time>2026-08-09T17:13:16Z</time></trkpt><trkpt lat="41.557307189833374" lon="-71.32500073664808"><time>2026-08-09T17:13:17Z</time></trkpt><trkpt lat="41.55733200586663" lon="-71.32501131501792"><time>2026-08-09T17:13:18Z</time></trkpt><trkpt lat="41.55735721127379" lon="-71.32502368892578"><time>2026-08-09T17:13:19Z</time></trkpt><trkpt lat="41.557377205567605" lon="-71.32504036823087"><time>2026-08-09T17:13:20Z</time></trkpt><trkpt lat="41.5573968600286" lon="-71.32504792621407"><time>2026-08-09T17:13:21Z</time></trkpt><trkpt lat="41.55742081417848" lon="-71.32504699287631"><time>2026-08-09T17:13:22Z</time></trkpt><trkpt lat="41.557464758952" lon="-71.32504910466514"><time>2026-08-09T17:13:23Z</time></trkpt><trkpt lat="41.557495942574924" lon="-71.32505042095512"><time>2026-08-09T17:13:24Z</time></trkpt><trkpt lat="41.55750642267225" lon="-71.32507407545239"><time>2026-08-09T17:13:25Z</time></trkpt><trkpt lat="41.557532799222685" lon="-71.32511160521778"><time>2026-08-09T17:13:26Z</time></trkpt><trkpt lat="41.55755084494868" lon="-71.32511992432663"><time>2026-08-09T17:13:27Z</time></trkpt><trkpt lat="41.55757304341273" lon="-71.32513730696334"><time>2026-08-09T17:13:28Z</time></trkpt><trkpt lat="41.557592543391024" lon="-71.32515328752731"><time>2026-08-09T17:13:29Z</time></trkpt><trkpt lat="41.55761338593379" lon="-71.325170040932"><time>2026-08-09T17:13:30Z</time></trkpt><trkpt lat="41.557634791929765" lon="-71.32518552795041"><time>2026-08-09T17:13:31Z</time></trkpt><trkpt lat="41.55765633066072" lon="-71.32520031674481"><time>2026-08-09T17:13:32Z</time></trkpt><trkpt lat="41.55767799302131" lon="-71.3252147860702"><time>2026-08-09T17:13:33Z</time></trkpt><trkpt lat="41.557699594016825" lon="-71.32522690299842"><time>2026-08-09T17:13:34Z</time></trkpt><trkpt lat="41.55772176548637" lon="-71.32523624401152"><time>2026-08-09T17:13:35Z</time></trkpt><trkpt lat="41.55774602182761" lon="-71.32524317005992"><time>2026-08-09T17:13:36Z</time></trkpt><trkpt lat="41.557771506492536" lon="-71.32524689130067"><time>2026-08-09T17:13:37Z</time></trkpt><trkpt lat="41.55779765641855" lon="-71.32525174463328"><time>2026-08-09T17:13:38Z</time></trkpt><trkpt lat="41.55781611894356" lon="-71.32526375892459"><time>2026-08-09T17:13:39Z</time></trkpt><trkpt lat="41.557840389594006" lon="-71.32527422357582"><time>2026-08-09T17:13:40Z</time></trkpt><trkpt lat="41.55786097628491" lon="-71.32528781124232"><time>2026-08-09T17:13:41Z</time></trkpt><trkpt lat="41.55788176444579" lon="-71.3252960506452"><time>2026-08-09T17:13:42Z</time></trkpt><trkpt lat="41.55790368953043" lon="-71.32530358203874"><time>2026-08-09T17:13:43Z</time></trkpt><trkpt lat="41.55792554599398" lon="-71.32531240757385"><time>2026-08-09T17:13:44Z</time></trkpt><trkpt lat="41.55794548334691" lon="-71.32531918093264"><time>2026-08-09T17:13:45Z</time></trkpt><trkpt lat="41.55796628340187" lon="-71.32532679385652"><time>2026-08-09T17:13:46Z</time></trkpt><trkpt lat="41.55798661674416" lon="-71.32533402622319"><time>2026-08-09T17:13:47Z</time></trkpt><trkpt lat="41.558008312594666" lon="-71.32533905915501"><time>2026-08-09T17:13:48Z</time></trkpt><trkpt lat="41.55802970374109" lon="-71.32534432838955"><time>2026-08-09T17:13:49Z</time></trkpt><trkpt lat="41.558049703297826" lon="-71.32535032153405"><time>2026-08-09T17:13:50Z</time></trkpt><trkpt lat="41.5580700190272" lon="-71.32535677720365"><time>2026-08-09T17:13:51Z</time></trkpt><trkpt lat="41.558089715441206" lon="-71.32536388144361"><time>2026-08-09T17:13:52Z</time></trkpt><trkpt lat="41.5581076073035" lon="-71.32537609869264"><time>2026-08-09T17:13:53Z</time></trkpt><trkpt lat="41.55812638043034" lon="-71.32538982773079"><time>2026-08-09T17:13:54Z</time></trkpt><trkpt lat="41.558144768017904" lon="-71.32540220216069"><time>2026-08-09T17:13:55Z</time></trkpt><trkpt lat="41.5581631723396" lon="-71.32541475298926"><time>2026-08-09T17:13:56Z</time></trkpt><trkpt lat="41.55817902632066" lon="-71.32542828291575"><time>2026-08-09T17:13:57Z</time></trkpt><trkpt lat="41.558197855784705" lon="-71.32543916828965"><time>2026-08-09T17:13:58Z</time></trkpt><trkpt lat="41.55821699937038" lon="-71.32545250577817"><time>2026-08-09T17:13:59Z</time></trkpt><trkpt lat="41.55823579201561" lon="-71.32546370086271"><time>2026-08-09T17:14:00Z</time></trkpt><trkpt lat="41.55825585190278" lon="-71.3254744499588"><time>2026-08-09T17:14:01Z</time></trkpt><trkpt lat="41.5582757829836" lon="-71.32548950176621"><time>2026-08-09T17:14:02Z</time></trkpt><trkpt lat="41.55829436013251" lon="-71.32550183309905"><time>2026-08-09T17:14:03Z</time></trkpt><trkpt lat="41.55831300882062" lon="-71.32551494736565"><time>2026-08-09T17:14:04Z</time></trkpt><trkpt lat="41.55833093145159" lon="-71.32553200518667"><time>2026-08-09T17:14:05Z</time></trkpt><trkpt lat="41.558346648758466" lon="-71.32554925391582"><time>2026-08-09T17:14:06Z</time></trkpt><trkpt lat="41.55836220612758" lon="-71.32557038526704"><time>2026-08-09T17:14:07Z</time></trkpt><trkpt lat="41.558377593213535" lon="-71.32558878184231"><time>2026-08-09T17:14:08Z</time></trkpt><trkpt lat="41.55839316527513" lon="-71.32560845209892"><time>2026-08-09T17:14:09Z</time></trkpt><trkpt lat="41.558409026284046" lon="-71.3256270247228"><time>2026-08-09T17:14:10Z</time></trkpt><trkpt lat="41.558424565267536" lon="-71.32564553698617"><time>2026-08-09T17:14:11Z</time></trkpt><trkpt lat="41.55844265827919" lon="-71.32566312542257"><time>2026-08-09T17:14:12Z</time></trkpt><trkpt lat="41.558459635593444" lon="-71.3256813297446"><time>2026-08-09T17:14:13Z</time></trkpt><trkpt lat="41.55847454882341" lon="-71.32569854087618"><time>2026-08-09T17:14:14Z</time></trkpt><trkpt lat="41.55849248018817" lon="-71.32571615868426"><time>2026-08-09T17:14:15Z</time></trkpt><trkpt lat="41.558509202241794" lon="-71.32573546578996"><time>2026-08-09T17:14:16Z</time></trkpt><trkpt lat="41.558525717608916" lon="-71.32575345428198"><time>2026-08-09T17:14:17Z</time></trkpt><trkpt lat="41.55854264082787" lon="-71.32577263165402"><time>2026-08-09T17:14:18Z</time></trkpt><trkpt lat="41.55855921044029" lon="-71.32579158311235"><time>2026-08-09T17:14:19Z</time></trkpt><trkpt lat="41.55857720228899" lon="-71.3258089033166"><time>2026-08-09T17:14:20Z</time></trkpt><trkpt lat="41.55859588351807" lon="-71.3258267752189"><time>2026-08-09T17:14:21Z</time></trkpt><trkpt lat="41.55861369264782" lon="-71.32584268519732"><time>2026-08-09T17:14:22Z</time></trkpt><trkpt lat="41.55863171193688" lon="-71.32585876162723"><time>2026-08-09T17:14:23Z</time></trkpt><trkpt lat="41.558650869499836" lon="-71.32587572635546"><time>2026-08-09T17:14:24Z</time></trkpt><trkpt lat="41.558665807513876" lon="-71.32589518199005"><time>2026-08-09T17:14:25Z</time></trkpt><trkpt lat="41.558684812626666" lon="-71.32591374726006"><time>2026-08-09T17:14:26Z</time></trkpt><trkpt lat="41.55869905607866" lon="-71.32593295963916"><time>2026-08-09T17:14:27Z</time></trkpt><trkpt lat="41.55871566488838" lon="-71.3259503246121"><time>2026-08-09T17:14:28Z</time></trkpt><trkpt lat="41.558735481882344" lon="-71.32596609343369"><time>2026-08-09T17:14:29Z</time></trkpt><trkpt lat="41.55875595599189" lon="-71.32597831030814"><time>2026-08-09T17:14:30Z</time></trkpt><trkpt lat="41.55877527178643" lon="-71.32599008594701"><time>2026-08-09T17:14:31Z</time></trkpt><trkpt lat="41.55879467132993" lon="-71.32600032516295"><time>2026-08-09T17:14:32Z</time></trkpt><trkpt lat="41.55881528945444" lon="-71.32600611152634"><time>2026-08-09T17:14:33Z</time></trkpt><trkpt lat="41.55883701562991" lon="-71.32601571594168"><time>2026-08-09T17:14:34Z</time></trkpt><trkpt lat="41.55885741241434" lon="-71.32602376326277"><time>2026-08-09T17:14:35Z</time></trkpt><trkpt lat="41.55887698094846" lon="-71.32603235656237"><time>2026-08-09T17:14:36Z</time></trkpt><trkpt lat="41.5588964781335" lon="-71.32603938078653"><time>2026-08-09T17:14:37Z</time></trkpt><trkpt lat="41.55891540667322" lon="-71.32604815300571"><time>2026-08-09T17:14:38Z</time></trkpt><trkpt lat="41.558936372403174" lon="-71.32605799681457"><time>2026-08-09T17:14:39Z</time></trkpt><trkpt lat="41.55895678782899" lon="-71.32606555379942"><time>2026-08-09T17:14:40Z</time></trkpt><trkpt lat="41.5589764565015" lon="-71.3260753385445"><time>2026-08-09T17:14:41Z</time></trkpt><trkpt lat="41.55899559809837" lon="-71.32608469917528"><time>2026-08-09T17:14:42Z</time></trkpt><trkpt lat="41.559021083482904" lon="-71.3260891701924"><time>2026-08-09T17:14:43Z</time></trkpt><trkpt lat="41.55904134851214" lon="-71.32609337231376"><time>2026-08-09T17:14:44Z</time></trkpt><trkpt lat="41.55906197306912" lon="-71.3261016751766"><time>2026-08-09T17:14:45Z</time></trkpt><trkpt lat="41.55908169454316" lon="-71.32610869256365"><time>2026-08-09T17:14:46Z</time></trkpt><trkpt lat="41.55909884988751" lon="-71.32611634185533"><time>2026-08-09T17:14:47Z</time></trkpt><trkpt lat="41.5591190530695" lon="-71.32612488804938"><time>2026-08-09T17:14:48Z</time></trkpt><trkpt lat="41.55915218961502" lon="-71.3261452645141"><time>2026-08-09T17:14:50Z</time></trkpt><trkpt lat="41.55917366573177" lon="-71.32615362851101"><time>2026-08-09T17:14:51Z</time></trkpt><trkpt lat="41.55919416955006" lon="-71.32615754096744"><time>2026-08-09T17:14:52Z</time></trkpt><trkpt lat="41.559214634299316" lon="-71.32616333284929"><time>2026-08-09T17:14:53Z</time></trkpt><trkpt lat="41.559233902696825" lon="-71.32616512993447"><time>2026-08-09T17:14:54Z</time></trkpt><trkpt lat="41.559254409614375" lon="-71.3261689944452"><time>2026-08-09T17:14:55Z</time></trkpt><trkpt lat="41.55927329007694" lon="-71.32617394335539"><time>2026-08-09T17:14:56Z</time></trkpt><trkpt lat="41.55929095762597" lon="-71.32617976776824"><time>2026-08-09T17:14:57Z</time></trkpt><trkpt lat="41.559308799449965" lon="-71.3261849209132"><time>2026-08-09T17:14:58Z</time></trkpt><trkpt lat="41.5593434227982" lon="-71.32619210300957"><time>2026-08-09T17:15:00Z</time></trkpt><trkpt lat="41.55936254459603" lon="-71.3261966749558"><time>2026-08-09T17:15:01Z</time></trkpt><trkpt lat="41.55939733439561" lon="-71.32620710021962"><time>2026-08-09T17:15:03Z</time></trkpt><trkpt lat="41.55941565583617" lon="-71.3262120589261"><time>2026-08-09T17:15:04Z</time></trkpt><trkpt lat="41.55944997322157" lon="-71.32621831289411"><time>2026-08-09T17:15:06Z</time></trkpt><trkpt lat="41.559482150684985" lon="-71.32622634717474"><time>2026-08-09T17:15:08Z</time></trkpt><trkpt lat="41.55951413224862" lon="-71.32623490182037"><time>2026-08-09T17:15:10Z</time></trkpt><trkpt lat="41.559546971703746" lon="-71.32624038889159"><time>2026-08-09T17:15:12Z</time></trkpt><trkpt lat="41.559579066930425" lon="-71.32624736563798"><time>2026-08-09T17:15:14Z</time></trkpt><trkpt lat="41.55960698306241" lon="-71.32625859042633"><time>2026-08-09T17:15:16Z</time></trkpt><trkpt lat="41.5596416658216" lon="-71.32626482064937"><time>2026-08-09T17:15:18Z</time></trkpt><trkpt lat="41.55967386215149" lon="-71.3262669742523"><time>2026-08-09T17:15:20Z</time></trkpt><trkpt lat="41.55970177867364" lon="-71.3262741852765"><time>2026-08-09T17:15:22Z</time></trkpt><trkpt lat="41.55973313751512" lon="-71.32628083952869"><time>2026-08-09T17:15:24Z</time></trkpt><trkpt lat="41.55976562581603" lon="-71.32628408091975"><time>2026-08-09T17:15:26Z</time></trkpt><trkpt lat="41.5597930184094" lon="-71.32628718415177"><time>2026-08-09T17:15:28Z</time></trkpt><trkpt lat="41.55982196491041" lon="-71.3262939312807"><time>2026-08-09T17:15:30Z</time></trkpt><trkpt lat="41.559848534211255" lon="-71.32630515276422"><time>2026-08-09T17:15:32Z</time></trkpt><trkpt lat="41.5598764609413" lon="-71.32631533379003"><time>2026-08-09T17:15:34Z</time></trkpt><trkpt lat="41.55990276549268" lon="-71.32632528189961"><time>2026-08-09T17:15:36Z</time></trkpt><trkpt lat="41.559934715728815" lon="-71.32633462885747"><time>2026-08-09T17:15:38Z</time></trkpt><trkpt lat="41.559957582918294" lon="-71.32634252166427"><time>2026-08-09T17:15:40Z</time></trkpt><trkpt lat="41.55998303528648" lon="-71.3263552414303"><time>2026-08-09T17:15:42Z</time></trkpt><trkpt lat="41.560009455662154" lon="-71.32636585403304"><time>2026-08-09T17:15:44Z</time></trkpt><trkpt lat="41.56003331459205" lon="-71.32636182561085"><time>2026-08-09T17:15:46Z</time></trkpt><trkpt lat="41.56006019260037" lon="-71.3263714376295"><time>2026-08-09T17:15:48Z</time></trkpt><trkpt lat="41.56007643334008" lon="-71.32638233039357"><time>2026-08-09T17:15:50Z</time></trkpt><trkpt lat="41.56008851617853" lon="-71.32636038589366"><time>2026-08-09T17:15:52Z</time></trkpt><trkpt lat="41.56011288718535" lon="-71.32635406932152"><time>2026-08-09T17:15:53Z</time></trkpt><trkpt lat="41.560133915021844" lon="-71.32635646008734"><time>2026-08-09T17:15:54Z</time></trkpt><trkpt lat="41.56015480274068" lon="-71.32635912021064"><time>2026-08-09T17:15:56Z</time></trkpt><trkpt lat="41.5601803031418" lon="-71.32635001336229"><time>2026-08-09T17:15:58Z</time></trkpt><trkpt lat="41.56019921734442" lon="-71.3263435789958"><time>2026-08-09T17:15:59Z</time></trkpt><trkpt lat="41.56022342452753" lon="-71.3263406127237"><time>2026-08-09T17:16:01Z</time></trkpt><trkpt lat="41.56024386116061" lon="-71.32632729681008"><time>2026-08-09T17:16:03Z</time></trkpt><trkpt lat="41.560260116255506" lon="-71.3263430036129"><time>2026-08-09T17:16:04Z</time></trkpt><trkpt lat="41.56028623210357" lon="-71.32633587955802"><time>2026-08-09T17:16:07Z</time></trkpt><trkpt lat="41.56031052228272" lon="-71.32633709211181"><time>2026-08-09T17:16:09Z</time></trkpt><trkpt lat="41.560332781206036" lon="-71.32632966417009"><time>2026-08-09T17:16:11Z</time></trkpt><trkpt lat="41.56035859777231" lon="-71.32631808993801"><time>2026-08-09T17:16:13Z</time></trkpt><trkpt lat="41.560379602839646" lon="-71.32630842997212"><time>2026-08-09T17:16:15Z</time></trkpt><trkpt lat="41.56039994656663" lon="-71.3262987878728"><time>2026-08-09T17:16:17Z</time></trkpt><trkpt lat="41.560418192351705" lon="-71.3262867056787"><time>2026-08-09T17:16:19Z</time></trkpt><trkpt lat="41.56043875199317" lon="-71.32627673940978"><time>2026-08-09T17:16:21Z</time></trkpt><trkpt lat="41.56045863804268" lon="-71.32626590095617"><time>2026-08-09T17:16:23Z</time></trkpt><trkpt lat="41.560477908722554" lon="-71.32625851256358"><time>2026-08-09T17:16:25Z</time></trkpt><trkpt lat="41.56049892686941" lon="-71.32622965360041"><time>2026-08-09T17:16:27Z</time></trkpt><trkpt lat="41.56052815005402" lon="-71.32622828163922"><time>2026-08-09T17:16:30Z</time></trkpt><trkpt lat="41.56055085133438" lon="-71.3262251690396"><time>2026-08-09T17:16:32Z</time></trkpt><trkpt lat="41.56057945934998" lon="-71.32623312870625"><time>2026-08-09T17:16:35Z</time></trkpt><trkpt lat="41.56059903677322" lon="-71.32624050632022"><time>2026-08-09T17:16:37Z</time></trkpt><trkpt lat="41.56062015778782" lon="-71.32625258487106"><time>2026-08-09T17:16:39Z</time></trkpt><trkpt lat="41.56064134905697" lon="-71.32625865216485"><time>2026-08-09T17:16:42Z</time></trkpt><trkpt lat="41.56065053552316" lon="-71.32628148715047"><time>2026-08-09T17:16:44Z</time></trkpt><trkpt lat="41.56066728569369" lon="-71.32629849745004"><time>2026-08-09T17:16:46Z</time></trkpt><trkpt lat="41.56067849272013" lon="-71.3263179825305"><time>2026-08-09T17:16:48Z</time></trkpt><trkpt lat="41.56069401276005" lon="-71.326335734856"><time>2026-08-09T17:16:50Z</time></trkpt><trkpt lat="41.56071475453946" lon="-71.32635936089092"><time>2026-08-09T17:16:52Z</time></trkpt><trkpt lat="41.56073356433689" lon="-71.32637919186195"><time>2026-08-09T17:16:55Z</time></trkpt><trkpt lat="41.56074831198904" lon="-71.32639749331521"><time>2026-08-09T17:16:57Z</time></trkpt><trkpt lat="41.5607635817912" lon="-71.32641360514346"><time>2026-08-09T17:16:59Z</time></trkpt><trkpt lat="41.56077944351108" lon="-71.32643315003776"><time>2026-08-09T17:17:01Z</time></trkpt><trkpt lat="41.560795091550474" lon="-71.32645275996076"><time>2026-08-09T17:17:03Z</time></trkpt><trkpt lat="41.56080965322043" lon="-71.32647393349097"><time>2026-08-09T17:17:05Z</time></trkpt><trkpt lat="41.56082822475981" lon="-71.32649865797873"><time>2026-08-09T17:17:07Z</time></trkpt><trkpt lat="41.56083427487467" lon="-71.32652382701944"><time>2026-08-09T17:17:09Z</time></trkpt><trkpt lat="41.560852381824745" lon="-71.32654974014565"><time>2026-08-09T17:17:11Z</time></trkpt><trkpt lat="41.56085857071033" lon="-71.32657772504848"><time>2026-08-09T17:17:13Z</time></trkpt><trkpt lat="41.560859571028814" lon="-71.32660717423397"><time>2026-08-09T17:17:15Z</time></trkpt><trkpt lat="41.56087061735987" lon="-71.3266324185786"><time>2026-08-09T17:17:17Z</time></trkpt><trkpt lat="41.56087479286535" lon="-71.32666698095413"><time>2026-08-09T17:17:19Z</time></trkpt><trkpt lat="41.560866428734194" lon="-71.32670357596169"><time>2026-08-09T17:17:21Z</time></trkpt><trkpt lat="41.56086516867584" lon="-71.32673579303969"><time>2026-08-09T17:17:23Z</time></trkpt><trkpt lat="41.560870596402815" lon="-71.32676836879993"><time>2026-08-09T17:17:25Z</time></trkpt><trkpt lat="41.56087260498856" lon="-71.32680563294798"><time>2026-08-09T17:17:27Z</time></trkpt><trkpt lat="41.56087474999828" lon="-71.32683894235866"><time>2026-08-09T17:17:29Z</time></trkpt><trkpt lat="41.56087635613629" lon="-71.32686767131997"><time>2026-08-09T17:17:31Z</time></trkpt><trkpt lat="41.56087899441967" lon="-71.32689867633216"><time>2026-08-09T17:17:33Z</time></trkpt><trkpt lat="41.5608828502348" lon="-71.32693561720112"><time>2026-08-09T17:17:35Z</time></trkpt><trkpt lat="41.56088593448826" lon="-71.32696928839282"><time>2026-08-09T17:17:37Z</time></trkpt><trkpt lat="41.560886348201564" lon="-71.327002575958"><time>2026-08-09T17:17:39Z</time></trkpt><trkpt lat="41.56089031062831" lon="-71.32703626489845"><time>2026-08-09T17:17:41Z</time></trkpt><trkpt lat="41.560893419899806" lon="-71.3270712619973"><time>2026-08-09T17:17:43Z</time></trkpt><trkpt lat="41.56089486965935" lon="-71.32710599010953"><time>2026-08-09T17:17:45Z</time></trkpt><trkpt lat="41.56089475466252" lon="-71.32714145254153"><time>2026-08-09T17:17:47Z</time></trkpt><trkpt lat="41.56089651053472" lon="-71.3271771600973"><time>2026-08-09T17:17:49Z</time></trkpt><trkpt lat="41.56090662212106" lon="-71.32721893610957"><time>2026-08-09T17:17:51Z</time></trkpt><trkpt lat="41.56090822570181" lon="-71.3272464599448"><time>2026-08-09T17:17:53Z</time></trkpt><trkpt lat="41.560911373032624" lon="-71.32729073740664"><time>2026-08-09T17:17:55Z</time></trkpt><trkpt lat="41.560918268173594" lon="-71.32732164935356"><time>2026-08-09T17:17:57Z</time></trkpt><trkpt lat="41.560924577471845" lon="-71.32735971868198"><time>2026-08-09T17:17:59Z</time></trkpt><trkpt lat="41.56092932767557" lon="-71.32739413718367"><time>2026-08-09T17:18:01Z</time></trkpt><trkpt lat="41.560934698356654" lon="-71.32743385331976"><time>2026-08-09T17:18:03Z</time></trkpt><trkpt lat="41.56093640946094" lon="-71.32746831334497"><time>2026-08-09T17:18:05Z</time></trkpt><trkpt lat="41.560940131745696" lon="-71.32749327370078"><time>2026-08-09T17:18:06Z</time></trkpt><trkpt lat="41.56094270346675" lon="-71.32752429846313"><time>2026-08-09T17:18:08Z</time></trkpt><trkpt lat="41.56094489822418" lon="-71.32756151282288"><time>2026-08-09T17:18:10Z</time></trkpt><trkpt lat="41.560953486839466" lon="-71.3275879758453"><time>2026-08-09T17:18:11Z</time></trkpt><trkpt lat="41.56095512068361" lon="-71.32762485236896"><time>2026-08-09T17:18:13Z</time></trkpt><trkpt lat="41.56095854848847" lon="-71.3276645999608"><time>2026-08-09T17:18:15Z</time></trkpt><trkpt lat="41.56096539925615" lon="-71.32769986544625"><time>2026-08-09T17:18:17Z</time></trkpt><trkpt lat="41.560967756825065" lon="-71.32772471573973"><time>2026-08-09T17:18:18Z</time></trkpt><trkpt lat="41.56097372289337" lon="-71.32777006801503"><time>2026-08-09T17:18:20Z</time></trkpt><trkpt lat="41.560978132297585" lon="-71.3278118084442"><time>2026-08-09T17:18:22Z</time></trkpt><trkpt lat="41.560982543657985" lon="-71.32785701731864"><time>2026-08-09T17:18:24Z</time></trkpt><trkpt lat="41.56099071011522" lon="-71.32789351588688"><time>2026-08-09T17:18:26Z</time></trkpt><trkpt lat="41.56099255958483" lon="-71.32793642817141"><time>2026-08-09T17:18:28Z</time></trkpt><trkpt lat="41.56099929002448" lon="-71.32798023437955"><time>2026-08-09T17:18:30Z</time></trkpt><trkpt lat="41.56099913378855" lon="-71.3280059329558"><time>2026-08-09T17:18:31Z</time></trkpt><trkpt lat="41.56100795245499" lon="-71.32803853974627"><time>2026-08-09T17:18:33Z</time></trkpt><trkpt lat="41.56100332921004" lon="-71.32807764951285"><time>2026-08-09T17:18:34Z</time></trkpt><trkpt lat="41.56100051235316" lon="-71.32812155534627"><time>2026-08-09T17:18:36Z</time></trkpt><trkpt lat="41.56099995739244" lon="-71.32817354063917"><time>2026-08-09T17:18:38Z</time></trkpt><trkpt lat="41.56099980745726" lon="-71.3281981364623"><time>2026-08-09T17:18:39Z</time></trkpt><trkpt lat="41.56099590958884" lon="-71.328247960571"><time>2026-08-09T17:18:41Z</time></trkpt><trkpt lat="41.56099582270021" lon="-71.32829802402648"><time>2026-08-09T17:18:43Z</time></trkpt><trkpt lat="41.560996420187784" lon="-71.32833655816916"><time>2026-08-09T17:18:45Z</time></trkpt><trkpt lat="41.56099225591255" lon="-71.32836215213507"><time>2026-08-09T17:18:46Z</time></trkpt><trkpt lat="41.56098823367229" lon="-71.32839384860762"><time>2026-08-09T17:18:47Z</time></trkpt><trkpt lat="41.56099314526577" lon="-71.3284265261026"><time>2026-08-09T17:18:49Z</time></trkpt><trkpt lat="41.560992542208524" lon="-71.32846354128571"><time>2026-08-09T17:18:51Z</time></trkpt><trkpt lat="41.5609907875399" lon="-71.32848991561076"><time>2026-08-09T17:18:52Z</time></trkpt><trkpt lat="41.56098906138063" lon="-71.3285367839303"><time>2026-08-09T17:18:54Z</time></trkpt><trkpt lat="41.56097671003996" lon="-71.32855849709605"><time>2026-08-09T17:18:55Z</time></trkpt><trkpt lat="41.56097972105655" lon="-71.32860238346606"><time>2026-08-09T17:18:57Z</time></trkpt><trkpt lat="41.560980319270264" lon="-71.3286271073113"><time>2026-08-09T17:18:58Z</time></trkpt><trkpt lat="41.560980758621554" lon="-71.32867150827275"><time>2026-08-09T17:19:00Z</time></trkpt><trkpt lat="41.56097887274984" lon="-71.3287172364579"><time>2026-08-09T17:19:02Z</time></trkpt><trkpt lat="41.560977687239905" lon="-71.32876346161956"><time>2026-08-09T17:19:04Z</time></trkpt><trkpt lat="41.56097623849037" lon="-71.32880928461903"><time>2026-08-09T17:19:06Z</time></trkpt><trkpt lat="41.56097864370604" lon="-71.32885185040978"><time>2026-08-09T17:19:08Z</time></trkpt><trkpt lat="41.56098020043641" lon="-71.32887680051648"><time>2026-08-09T17:19:09Z</time></trkpt><trkpt lat="41.56098537426268" lon="-71.32892245276847"><time>2026-08-09T17:19:11Z</time></trkpt><trkpt lat="41.56099065043778" lon="-71.32896720387724"><time>2026-08-09T17:19:13Z</time></trkpt><trkpt lat="41.56099666998193" lon="-71.32901191819623"><time>2026-08-09T17:19:15Z</time></trkpt><trkpt lat="41.561000198607886" lon="-71.32905598034125"><time>2026-08-09T17:19:17Z</time></trkpt><trkpt lat="41.561004834933236" lon="-71.32910107164646"><time>2026-08-09T17:19:19Z</time></trkpt><trkpt lat="41.56100460458481" lon="-71.32912577444456"><time>2026-08-09T17:19:20Z</time></trkpt><trkpt lat="41.561007780274586" lon="-71.32916744853254"><time>2026-08-09T17:19:22Z</time></trkpt><trkpt lat="41.561007722156546" lon="-71.32920943479746"><time>2026-08-09T17:19:24Z</time></trkpt><trkpt lat="41.56100592648218" lon="-71.32925058376794"><time>2026-08-09T17:19:26Z</time></trkpt><trkpt lat="41.561008496307544" lon="-71.32929467779022"><time>2026-08-09T17:19:28Z</time></trkpt><trkpt lat="41.56100614478791" lon="-71.32934010736884"><time>2026-08-09T17:19:30Z</time></trkpt><trkpt lat="41.561002851660724" lon="-71.32938528856853"><time>2026-08-09T17:19:32Z</time></trkpt><trkpt lat="41.56099851731756" lon="-71.32942917270756"><time>2026-08-09T17:19:34Z</time></trkpt><trkpt lat="41.56099389578658" lon="-71.32947422386121"><time>2026-08-09T17:19:36Z</time></trkpt><trkpt lat="41.56099169619949" lon="-71.32952130478701"><time>2026-08-09T17:19:38Z</time></trkpt><trkpt lat="41.5609825463132" lon="-71.32956317366423"><time>2026-08-09T17:19:40Z</time></trkpt><trkpt lat="41.560974975149875" lon="-71.32960499708669"><time>2026-08-09T17:19:42Z</time></trkpt><trkpt lat="41.56097051336778" lon="-71.32962842371649"><time>2026-08-09T17:19:43Z</time></trkpt><trkpt lat="41.56096065419457" lon="-71.32966616786398"><time>2026-08-09T17:19:45Z</time></trkpt><trkpt lat="41.56095256085087" lon="-71.32971028030639"><time>2026-08-09T17:19:47Z</time></trkpt><trkpt lat="41.560943451087475" lon="-71.32975059185843"><time>2026-08-09T17:19:49Z</time></trkpt><trkpt lat="41.56093471536154" lon="-71.32979246344043"><time>2026-08-09T17:19:51Z</time></trkpt><trkpt lat="41.56092926068993" lon="-71.32981570918444"><time>2026-08-09T17:19:52Z</time></trkpt><trkpt lat="41.56092114123198" lon="-71.32985591863107"><time>2026-08-09T17:19:54Z</time></trkpt><trkpt lat="41.560912982185755" lon="-71.32989825232266"><time>2026-08-09T17:19:56Z</time></trkpt><trkpt lat="41.56090286742249" lon="-71.32993721420758"><time>2026-08-09T17:19:58Z</time></trkpt><trkpt lat="41.56089212045444" lon="-71.32997482570786"><time>2026-08-09T17:20:00Z</time></trkpt><trkpt lat="41.56087911703703" lon="-71.33001703832889"><time>2026-08-09T17:20:02Z</time></trkpt><trkpt lat="41.560866868907766" lon="-71.33006007638554"><time>2026-08-09T17:20:04Z</time></trkpt><trkpt lat="41.56085746452045" lon="-71.33010047819239"><time>2026-08-09T17:20:06Z</time></trkpt><trkpt lat="41.560845065614934" lon="-71.33013882886091"><time>2026-08-09T17:20:08Z</time></trkpt><trkpt lat="41.56083162933668" lon="-71.33017572870658"><time>2026-08-09T17:20:10Z</time></trkpt><trkpt lat="41.56081826419684" lon="-71.33021592561481"><time>2026-08-09T17:20:12Z</time></trkpt><trkpt lat="41.56080171526232" lon="-71.3302560378667"><time>2026-08-09T17:20:14Z</time></trkpt><trkpt lat="41.5607873009025" lon="-71.33029197678832"><time>2026-08-09T17:20:16Z</time></trkpt><trkpt lat="41.560771957435605" lon="-71.33033053475872"><time>2026-08-09T17:20:18Z</time></trkpt><trkpt lat="41.56075648157055" lon="-71.33036829564438"><time>2026-08-09T17:20:20Z</time></trkpt><trkpt lat="41.56073961981348" lon="-71.3304063342596"><time>2026-08-09T17:20:22Z</time></trkpt><trkpt lat="41.56072293027403" lon="-71.33044483684812"><time>2026-08-09T17:20:24Z</time></trkpt><trkpt lat="41.56070402037439" lon="-71.33048352114675"><time>2026-08-09T17:20:26Z</time></trkpt><trkpt lat="41.56068735197217" lon="-71.33052229170235"><time>2026-08-09T17:20:28Z</time></trkpt><trkpt lat="41.56066813166179" lon="-71.33056052851573"><time>2026-08-09T17:20:30Z</time></trkpt><trkpt lat="41.56064838875928" lon="-71.33059721736828"><time>2026-08-09T17:20:32Z</time></trkpt><trkpt lat="41.560628722992185" lon="-71.33063458626408"><time>2026-08-09T17:20:34Z</time></trkpt><trkpt lat="41.56060678541701" lon="-71.3306728388144"><time>2026-08-09T17:20:36Z</time></trkpt><trkpt lat="41.56058708674796" lon="-71.33070842565644"><time>2026-08-09T17:20:38Z</time></trkpt><trkpt lat="41.560568126243815" lon="-71.33074520872579"><time>2026-08-09T17:20:40Z</time></trkpt><trkpt lat="41.56054892710617" lon="-71.33078298060995"><time>2026-08-09T17:20:42Z</time></trkpt><trkpt lat="41.560526666653644" lon="-71.33081805449241"><time>2026-08-09T17:20:44Z</time></trkpt><trkpt lat="41.56050527124944" lon="-71.33085736639968"><time>2026-08-09T17:20:46Z</time></trkpt><trkpt lat="41.560485610622045" lon="-71.33089466121417"><time>2026-08-09T17:20:48Z</time></trkpt><trkpt lat="41.560465853317915" lon="-71.33093152460789"><time>2026-08-09T17:20:50Z</time></trkpt><trkpt lat="41.56045584762633" lon="-71.33095176507832"><time>2026-08-09T17:20:51Z</time></trkpt><trkpt lat="41.56043652058566" lon="-71.33098688407466"><time>2026-08-09T17:20:53Z</time></trkpt><trkpt lat="41.560415116144696" lon="-71.33102434679883"><time>2026-08-09T17:20:55Z</time></trkpt><trkpt lat="41.56039807627432" lon="-71.3310622012105"><time>2026-08-09T17:20:57Z</time></trkpt><trkpt lat="41.560379179698444" lon="-71.33110206125744"><time>2026-08-09T17:20:59Z</time></trkpt><trkpt lat="41.56035902961311" lon="-71.33113813590306"><time>2026-08-09T17:21:01Z</time></trkpt><trkpt lat="41.560340671303685" lon="-71.33117732439617"><time>2026-08-09T17:21:03Z</time></trkpt><trkpt lat="41.5603201060826" lon="-71.33121493130164"><time>2026-08-09T17:21:05Z</time></trkpt><trkpt lat="41.56030124419631" lon="-71.33125255127672"><time>2026-08-09T17:21:07Z</time></trkpt><trkpt lat="41.5602808125782" lon="-71.33129092412001"><time>2026-08-09T17:21:09Z</time></trkpt><trkpt lat="41.56026620965092" lon="-71.33130783952258"><time>2026-08-09T17:21:10Z</time></trkpt><trkpt lat="41.56025855549094" lon="-71.33133014697518"><time>2026-08-09T17:21:11Z</time></trkpt><trkpt lat="41.5602346070174" lon="-71.33136605087981"><time>2026-08-09T17:21:13Z</time></trkpt><trkpt lat="41.560222992059856" lon="-71.33138559957428"><time>2026-08-09T17:21:14Z</time></trkpt><trkpt lat="41.56020940410484" lon="-71.33140176932005"><time>2026-08-09T17:21:15Z</time></trkpt><trkpt lat="41.56018953370835" lon="-71.33143819206462"><time>2026-08-09T17:21:17Z</time></trkpt><trkpt lat="41.56017641209127" lon="-71.33145665640633"><time>2026-08-09T17:21:18Z</time></trkpt><trkpt lat="41.56015681287159" lon="-71.33149042958502"><time>2026-08-09T17:21:20Z</time></trkpt><trkpt lat="41.56014409344994" lon="-71.33150980549848"><time>2026-08-09T17:21:21Z</time></trkpt><trkpt lat="41.56012225343419" lon="-71.33153709903084"><time>2026-08-09T17:21:23Z</time></trkpt><trkpt lat="41.56010510680699" lon="-71.33157702032004"><time>2026-08-09T17:21:25Z</time></trkpt><trkpt lat="41.56009299083615" lon="-71.33159684647651"><time>2026-08-09T17:21:26Z</time></trkpt><trkpt lat="41.56008025336189" lon="-71.3316172423736"><time>2026-08-09T17:21:27Z</time></trkpt><trkpt lat="41.56006821846566" lon="-71.33163620623611"><time>2026-08-09T17:21:28Z</time></trkpt><trkpt lat="41.5600461055753" lon="-71.33167546170158"><time>2026-08-09T17:21:30Z</time></trkpt><trkpt lat="41.560034087250045" lon="-71.33169411470394"><time>2026-08-09T17:21:31Z</time></trkpt><trkpt lat="41.56001984800364" lon="-71.33173390026703"><time>2026-08-09T17:21:33Z</time></trkpt><trkpt lat="41.5600087145639" lon="-71.33175346397306"><time>2026-08-09T17:21:34Z</time></trkpt><trkpt lat="41.559990820406384" lon="-71.33178688863615"><time>2026-08-09T17:21:36Z</time></trkpt><trkpt lat="41.55997914915162" lon="-71.33180724138366"><time>2026-08-09T17:21:37Z</time></trkpt><trkpt lat="41.55996621426099" lon="-71.33182955567719"><time>2026-08-09T17:21:38Z</time></trkpt><trkpt lat="41.559956082900996" lon="-71.33185019984883"><time>2026-08-09T17:21:39Z</time></trkpt><trkpt lat="41.55993669975396" lon="-71.33189262025633"><time>2026-08-09T17:21:41Z</time></trkpt><trkpt lat="41.55991982161986" lon="-71.3319288290632"><time>2026-08-09T17:21:43Z</time></trkpt><trkpt lat="41.55989949608478" lon="-71.3319645227052"><time>2026-08-09T17:21:45Z</time></trkpt><trkpt lat="41.55988600477387" lon="-71.33198416985294"><time>2026-08-09T17:21:46Z</time></trkpt><trkpt lat="41.55986593364415" lon="-71.33201920641825"><time>2026-08-09T17:21:48Z</time></trkpt><trkpt lat="41.55984781525827" lon="-71.33205404917686"><time>2026-08-09T17:21:50Z</time></trkpt><trkpt lat="41.55983249082928" lon="-71.33207485554779"><time>2026-08-09T17:21:51Z</time></trkpt><trkpt lat="41.559817877381555" lon="-71.33209251624994"><time>2026-08-09T17:21:52Z</time></trkpt><trkpt lat="41.55979475466573" lon="-71.33212689659646"><time>2026-08-09T17:21:54Z</time></trkpt><trkpt lat="41.55978206286662" lon="-71.33214441164618"><time>2026-08-09T17:21:55Z</time></trkpt><trkpt lat="41.55975842568877" lon="-71.33217850807453"><time>2026-08-09T17:21:57Z</time></trkpt><trkpt lat="41.559734369048904" lon="-71.33221160053999"><time>2026-08-09T17:21:59Z</time></trkpt><trkpt lat="41.55972158352182" lon="-71.3322306954426"><time>2026-08-09T17:22:00Z</time></trkpt><trkpt lat="41.55969883566813" lon="-71.33226455217684"><time>2026-08-09T17:22:02Z</time></trkpt><trkpt lat="41.55968577453618" lon="-71.33228275647942"><time>2026-08-09T17:22:03Z</time></trkpt><trkpt lat="41.55966122721811" lon="-71.33231455413944"><time>2026-08-09T17:22:05Z</time></trkpt><trkpt lat="41.559638623181385" lon="-71.33234764419159"><time>2026-08-09T17:22:07Z</time></trkpt><trkpt lat="41.55961733935492" lon="-71.33238122591926"><time>2026-08-09T17:22:09Z</time></trkpt><trkpt lat="41.55959523912097" lon="-71.3324139804844"><time>2026-08-09T17:22:11Z</time></trkpt><trkpt lat="41.55958323769918" lon="-71.33243216942789"><time>2026-08-09T17:22:12Z</time></trkpt><trkpt lat="41.55955912400157" lon="-71.33246580096795"><time>2026-08-09T17:22:14Z</time></trkpt><trkpt lat="41.559535172966115" lon="-71.3324949723589"><time>2026-08-09T17:22:16Z</time></trkpt><trkpt lat="41.55952082249779" lon="-71.33251630655195"><time>2026-08-09T17:22:17Z</time></trkpt><trkpt lat="41.55949688979215" lon="-71.33254340961984"><time>2026-08-09T17:22:19Z</time></trkpt><trkpt lat="41.55947232863221" lon="-71.33257617748248"><time>2026-08-09T17:22:21Z</time></trkpt><trkpt lat="41.55944715694196" lon="-71.3326056100758"><time>2026-08-09T17:22:23Z</time></trkpt><trkpt lat="41.55942334559278" lon="-71.33262912320896"><time>2026-08-09T17:22:25Z</time></trkpt><trkpt lat="41.559408409867416" lon="-71.33264687154251"><time>2026-08-09T17:22:26Z</time></trkpt><trkpt lat="41.55938772849397" lon="-71.33268814355479"><time>2026-08-09T17:22:28Z</time></trkpt><trkpt lat="41.55937525128862" lon="-71.33273400182883"><time>2026-08-09T17:22:30Z</time></trkpt><trkpt lat="41.559360403547124" lon="-71.33277752386043"><time>2026-08-09T17:22:32Z</time></trkpt><trkpt lat="41.55934311153801" lon="-71.33282127615865"><time>2026-08-09T17:22:34Z</time></trkpt><trkpt lat="41.5593259924573" lon="-71.33285680234376"><time>2026-08-09T17:22:36Z</time></trkpt><trkpt lat="41.559311777563664" lon="-71.33290168516827"><time>2026-08-09T17:22:38Z</time></trkpt><trkpt lat="41.55930867438305" lon="-71.33292760995782"><time>2026-08-09T17:22:39Z</time></trkpt><trkpt lat="41.559305471106214" lon="-71.33295318527455"><time>2026-08-09T17:22:40Z</time></trkpt><trkpt lat="41.55930314845567" lon="-71.33297832795714"><time>2026-08-09T17:22:41Z</time></trkpt><trkpt lat="41.55929981527118" lon="-71.33300374956475"><time>2026-08-09T17:22:42Z</time></trkpt><trkpt lat="41.55929711831283" lon="-71.33302814069275"><time>2026-08-09T17:22:43Z</time></trkpt><trkpt lat="41.559293740978724" lon="-71.33305417008684"><time>2026-08-09T17:22:44Z</time></trkpt><trkpt lat="41.559292151679905" lon="-71.33308020538345"><time>2026-08-09T17:22:45Z</time></trkpt><trkpt lat="41.55928742475229" lon="-71.33310354362142"><time>2026-08-09T17:22:46Z</time></trkpt><trkpt lat="41.55928515376278" lon="-71.3331290466872"><time>2026-08-09T17:22:47Z</time></trkpt><trkpt lat="41.55928163620195" lon="-71.33315486669562"><time>2026-08-09T17:22:48Z</time></trkpt><trkpt lat="41.559278605474134" lon="-71.33318134235859"><time>2026-08-09T17:22:49Z</time></trkpt><trkpt lat="41.559270745967325" lon="-71.33322949106146"><time>2026-08-09T17:22:51Z</time></trkpt><trkpt lat="41.55926673345391" lon="-71.33325390479801"><time>2026-08-09T17:22:52Z</time></trkpt><trkpt lat="41.55926211439189" lon="-71.33327926892434"><time>2026-08-09T17:22:53Z</time></trkpt><trkpt lat="41.55925572914162" lon="-71.33330608845715"><time>2026-08-09T17:22:54Z</time></trkpt><trkpt lat="41.55925166110757" lon="-71.33333398628535"><time>2026-08-09T17:22:55Z</time></trkpt><trkpt lat="41.559247493501715" lon="-71.33335967753523"><time>2026-08-09T17:22:56Z</time></trkpt><trkpt lat="41.55924022676803" lon="-71.33338249275772"><time>2026-08-09T17:22:57Z</time></trkpt><trkpt lat="41.55923548756724" lon="-71.3334114490917"><time>2026-08-09T17:22:58Z</time></trkpt><trkpt lat="41.559230593654284" lon="-71.3334349989787"><time>2026-08-09T17:22:59Z</time></trkpt><trkpt lat="41.5592244527877" lon="-71.33345930887572"><time>2026-08-09T17:23:00Z</time></trkpt><trkpt lat="41.55921897275515" lon="-71.33348346928848"><time>2026-08-09T17:23:01Z</time></trkpt><trkpt lat="41.559213946280984" lon="-71.33350825095773"><time>2026-08-09T17:23:02Z</time></trkpt><trkpt lat="41.559205815341834" lon="-71.33353607368134"><time>2026-08-09T17:23:03Z</time></trkpt><trkpt lat="41.55919753564766" lon="-71.33358587477215"><time>2026-08-09T17:23:05Z</time></trkpt><trkpt lat="41.559193859908774" lon="-71.33362416708292"><time>2026-08-09T17:23:06Z</time></trkpt><trkpt lat="41.559195891128546" lon="-71.33365121622558"><time>2026-08-09T17:23:07Z</time></trkpt><trkpt lat="41.559191475427944" lon="-71.33367576960738"><time>2026-08-09T17:23:08Z</time></trkpt><trkpt lat="41.55918919470038" lon="-71.33370514415067"><time>2026-08-09T17:23:09Z</time></trkpt><trkpt lat="41.55919588001724" lon="-71.33373496481074"><time>2026-08-09T17:23:10Z</time></trkpt><trkpt lat="41.55919089396142" lon="-71.33376501204201"><time>2026-08-09T17:23:11Z</time></trkpt><trkpt lat="41.55917937223402" lon="-71.33379549141003"><time>2026-08-09T17:23:12Z</time></trkpt><trkpt lat="41.5591722704736" lon="-71.33383953412164"><time>2026-08-09T17:23:14Z</time></trkpt><trkpt lat="41.559175465727336" lon="-71.33386828989148"><time>2026-08-09T17:23:15Z</time></trkpt><trkpt lat="41.559174152237674" lon="-71.33389682888887"><time>2026-08-09T17:23:16Z</time></trkpt><trkpt lat="41.55918046410581" lon="-71.33392972904102"><time>2026-08-09T17:23:17Z</time></trkpt><trkpt lat="41.559174115250045" lon="-71.33396096429296"><time>2026-08-09T17:23:18Z</time></trkpt><trkpt lat="41.55916634782384" lon="-71.3339853598192"><time>2026-08-09T17:23:19Z</time></trkpt><trkpt lat="41.55916552244379" lon="-71.33401204460272"><time>2026-08-09T17:23:20Z</time></trkpt><trkpt lat="41.559166770227826" lon="-71.33403697121446"><time>2026-08-09T17:23:21Z</time></trkpt><trkpt lat="41.55916708157313" lon="-71.33408540784215"><time>2026-08-09T17:23:23Z</time></trkpt><trkpt lat="41.55916558648288" lon="-71.3341101818298"><time>2026-08-09T17:23:24Z</time></trkpt><trkpt lat="41.55916552917031" lon="-71.33413593458833"><time>2026-08-09T17:23:25Z</time></trkpt><trkpt lat="41.55916430732006" lon="-71.33416090118148"><time>2026-08-09T17:23:26Z</time></trkpt><trkpt lat="41.55916814083824" lon="-71.33420554525507"><time>2026-08-09T17:23:28Z</time></trkpt><trkpt lat="41.559161521932054" lon="-71.33423436693559"><time>2026-08-09T17:23:29Z</time></trkpt><trkpt lat="41.55916342826114" lon="-71.334262896833"><time>2026-08-09T17:23:30Z</time></trkpt><trkpt lat="41.55916403921245" lon="-71.334310421928"><time>2026-08-09T17:23:32Z</time></trkpt><trkpt lat="41.559164099494005" lon="-71.33433965023691"><time>2026-08-09T17:23:33Z</time></trkpt><trkpt lat="41.55916748108068" lon="-71.33436552430854"><time>2026-08-09T17:23:34Z</time></trkpt><trkpt lat="41.559171350999186" lon="-71.33440697609224"><time>2026-08-09T17:23:36Z</time></trkpt><trkpt lat="41.5591681816798" lon="-71.3344336074178"><time>2026-08-09T17:23:37Z</time></trkpt><trkpt lat="41.55916689019755" lon="-71.3344612793329"><time>2026-08-09T17:23:38Z</time></trkpt><trkpt lat="41.559170760099235" lon="-71.33451193130709"><time>2026-08-09T17:23:40Z</time></trkpt><trkpt lat="41.55916827690626" lon="-71.33453787796745"><time>2026-08-09T17:23:41Z</time></trkpt><trkpt lat="41.559168929683544" lon="-71.33458371120201"><time>2026-08-09T17:23:43Z</time></trkpt><trkpt lat="41.559166539985135" lon="-71.33460886709811"><time>2026-08-09T17:23:44Z</time></trkpt><trkpt lat="41.559169426682196" lon="-71.33465502952929"><time>2026-08-09T17:23:46Z</time></trkpt><trkpt lat="41.55916979975272" lon="-71.33470241425755"><time>2026-08-09T17:23:48Z</time></trkpt><trkpt lat="41.55917069153046" lon="-71.3347269962184"><time>2026-08-09T17:23:49Z</time></trkpt><trkpt lat="41.559172354704415" lon="-71.33477266809261"><time>2026-08-09T17:23:51Z</time></trkpt><trkpt lat="41.55917375064937" lon="-71.3347997730715"><time>2026-08-09T17:23:52Z</time></trkpt><trkpt lat="41.5591736581795" lon="-71.3348260917279"><time>2026-08-09T17:23:53Z</time></trkpt><trkpt lat="41.55917687692432" lon="-71.33485124145137"><time>2026-08-09T17:23:54Z</time></trkpt><trkpt lat="41.55917613551886" lon="-71.3348988755963"><time>2026-08-09T17:23:56Z</time></trkpt><trkpt lat="41.559186689366854" lon="-71.33494471679776"><time>2026-08-09T17:23:58Z</time></trkpt><trkpt lat="41.559193439374084" lon="-71.33498345319691"><time>2026-08-09T17:24:00Z</time></trkpt><trkpt lat="41.559196506999776" lon="-71.3350087357671"><time>2026-08-09T17:24:02Z</time></trkpt><trkpt lat="41.559196818096254" lon="-71.3350522799916"><time>2026-08-09T17:24:04Z</time></trkpt><trkpt lat="41.55920016713271" lon="-71.33507851020829"><time>2026-08-09T17:24:05Z</time></trkpt><trkpt lat="41.55918836163734" lon="-71.33510507596665"><time>2026-08-09T17:24:07Z</time></trkpt><trkpt lat="41.5591936855508" lon="-71.335128290476"><time>2026-08-09T17:24:08Z</time></trkpt><trkpt lat="41.559196612960285" lon="-71.33515460429636"><time>2026-08-09T17:24:09Z</time></trkpt><trkpt lat="41.5591991608775" lon="-71.33517902630324"><time>2026-08-09T17:24:10Z</time></trkpt><trkpt lat="41.55920404145338" lon="-71.33520343441621"><time>2026-08-09T17:24:11Z</time></trkpt><trkpt lat="41.55921579571466" lon="-71.33523262748915"><time>2026-08-09T17:24:12Z</time></trkpt><trkpt lat="41.55921413839053" lon="-71.33527660520643"><time>2026-08-09T17:24:14Z</time></trkpt><trkpt lat="41.55921679799929" lon="-71.33532073976414"><time>2026-08-09T17:24:16Z</time></trkpt><trkpt lat="41.55921752117554" lon="-71.33536780480466"><time>2026-08-09T17:24:18Z</time></trkpt><trkpt lat="41.55922058837866" lon="-71.33541352619612"><time>2026-08-09T17:24:20Z</time></trkpt><trkpt lat="41.55922403266148" lon="-71.33545543771682"><time>2026-08-09T17:24:22Z</time></trkpt><trkpt lat="41.559222009361484" lon="-71.3354973715653"><time>2026-08-09T17:24:24Z</time></trkpt><trkpt lat="41.559220086474916" lon="-71.33553675422075"><time>2026-08-09T17:24:26Z</time></trkpt><trkpt lat="41.559226536930616" lon="-71.33557831892753"><time>2026-08-09T17:24:28Z</time></trkpt><trkpt lat="41.55923250739029" lon="-71.33561845531445"><time>2026-08-09T17:24:30Z</time></trkpt><trkpt lat="41.55923777565784" lon="-71.33566065679798"><time>2026-08-09T17:24:32Z</time></trkpt><trkpt lat="41.55924059286396" lon="-71.33568531078186"><time>2026-08-09T17:24:33Z</time></trkpt><trkpt lat="41.55925285057677" lon="-71.33575365997892"><time>2026-08-09T17:24:35Z</time></trkpt><trkpt lat="41.559254902832734" lon="-71.33578259752065"><time>2026-08-09T17:24:37Z</time></trkpt><trkpt lat="41.559250131098835" lon="-71.33580630238652"><time>2026-08-09T17:24:38Z</time></trkpt><trkpt lat="41.55924748420474" lon="-71.33585825637206"><time>2026-08-09T17:24:40Z</time></trkpt><trkpt lat="41.55924893454553" lon="-71.33590004563797"><time>2026-08-09T17:24:42Z</time></trkpt><trkpt lat="41.5592344675105" lon="-71.33593393813236"><time>2026-08-09T17:24:44Z</time></trkpt><trkpt lat="41.559222035555734" lon="-71.335966365415"><time>2026-08-09T17:24:46Z</time></trkpt><trkpt lat="41.55920319374151" lon="-71.33599431791065"><time>2026-08-09T17:24:48Z</time></trkpt><trkpt lat="41.559188627084744" lon="-71.33601795637351"><time>2026-08-09T17:24:50Z</time></trkpt><trkpt lat="41.55916918373968" lon="-71.33603845545333"><time>2026-08-09T17:24:52Z</time></trkpt><trkpt lat="41.55914959778289" lon="-71.33604902253583"><time>2026-08-09T17:24:54Z</time></trkpt><trkpt lat="41.559124224166055" lon="-71.33605864664852"><time>2026-08-09T17:24:57Z</time></trkpt><trkpt lat="41.559100122398746" lon="-71.33605848813494"><time>2026-08-09T17:25:00Z</time></trkpt><trkpt lat="41.559078974575485" lon="-71.33605195676463"><time>2026-08-09T17:25:03Z</time></trkpt><trkpt lat="41.55905701182591" lon="-71.3360378104102"><time>2026-08-09T17:25:06Z</time></trkpt><trkpt lat="41.5590421964116" lon="-71.3360241080257"><time>2026-08-09T17:25:09Z</time></trkpt><trkpt lat="41.559021544411344" lon="-71.33600529867533"><time>2026-08-09T17:25:12Z</time></trkpt><trkpt lat="41.559005113434594" lon="-71.33598219864862"><time>2026-08-09T17:25:15Z</time></trkpt><trkpt lat="41.55899396070697" lon="-71.33596086605458"><time>2026-08-09T17:25:18Z</time></trkpt><trkpt lat="41.55898362599039" lon="-71.33592905499394"><time>2026-08-09T17:25:21Z</time></trkpt><trkpt lat="41.55897300965091" lon="-71.33590564307974"><time>2026-08-09T17:25:25Z</time></trkpt><trkpt lat="41.558970431759604" lon="-71.33587751320759"><time>2026-08-09T17:25:28Z</time></trkpt><trkpt lat="41.55896376413963" lon="-71.33585290911122"><time>2026-08-09T17:25:31Z</time></trkpt><trkpt lat="41.55895948850577" lon="-71.33582713318822"><time>2026-08-09T17:25:34Z</time></trkpt><trkpt lat="41.558959584446384" lon="-71.33579935230769"><time>2026-08-09T17:25:37Z</time></trkpt><trkpt lat="41.5589583237513" lon="-71.33576844382331"><time>2026-08-09T17:25:40Z</time></trkpt><trkpt lat="41.55896522369655" lon="-71.33573911794288"><time>2026-08-09T17:25:43Z</time></trkpt><trkpt lat="41.55897159536151" lon="-71.33570784296322"><time>2026-08-09T17:25:46Z</time></trkpt><trkpt lat="41.55898216773856" lon="-71.33567066618916"><time>2026-08-09T17:25:49Z</time></trkpt><trkpt lat="41.55899371043304" lon="-71.3356476476546"><time>2026-08-09T17:25:52Z</time></trkpt><trkpt lat="41.55900353128873" lon="-71.33562275281143"><time>2026-08-09T17:25:55Z</time></trkpt><trkpt lat="41.55901367766368" lon="-71.33559852815743"><time>2026-08-09T17:25:57Z</time></trkpt><trkpt lat="41.55902452671208" lon="-71.3355691392994"><time>2026-08-09T17:26:00Z</time></trkpt><trkpt lat="41.55903951716535" lon="-71.33554426803292"><time>2026-08-09T17:26:03Z</time></trkpt><trkpt lat="41.55904615281222" lon="-71.33552172766018"><time>2026-08-09T17:26:05Z</time></trkpt><trkpt lat="41.55905783930098" lon="-71.33549387638531"><time>2026-08-09T17:26:08Z</time></trkpt><trkpt lat="41.559072098218245" lon="-71.33546119288181"><time>2026-08-09T17:26:11Z</time></trkpt><trkpt lat="41.559086064990254" lon="-71.33543191784787"><time>2026-08-09T17:26:14Z</time></trkpt><trkpt lat="41.559095106250545" lon="-71.33540903969299"><time>2026-08-09T17:26:17Z</time></trkpt><trkpt lat="41.55910983811422" lon="-71.33538314836574"><time>2026-08-09T17:26:19Z</time></trkpt><trkpt lat="41.55912297666841" lon="-71.33535446418071"><time>2026-08-09T17:26:21Z</time></trkpt><trkpt lat="41.55913556467905" lon="-71.33532444354229"><time>2026-08-09T17:26:24Z</time></trkpt><trkpt lat="41.55914083435511" lon="-71.33529728130647"><time>2026-08-09T17:26:26Z</time></trkpt><trkpt lat="41.55915597752388" lon="-71.33526775329861"><time>2026-08-09T17:26:29Z</time></trkpt><trkpt lat="41.55916855877643" lon="-71.3352360056069"><time>2026-08-09T17:26:32Z</time></trkpt><trkpt lat="41.5591813630396" lon="-71.33520706243048"><time>2026-08-09T17:26:35Z</time></trkpt><trkpt lat="41.55918978076399" lon="-71.33518553051151"><time>2026-08-09T17:26:37Z</time></trkpt><trkpt lat="41.559201354191906" lon="-71.33515187917288"><time>2026-08-09T17:26:40Z</time></trkpt><trkpt lat="41.55921196700747" lon="-71.33512543488996"><time>2026-08-09T17:26:43Z</time></trkpt><trkpt lat="41.559221797275285" lon="-71.33509358792372"><time>2026-08-09T17:26:45Z</time></trkpt><trkpt lat="41.55923018441699" lon="-71.33507131222119"><time>2026-08-09T17:26:47Z</time></trkpt><trkpt lat="41.55923850022897" lon="-71.33504999333803"><time>2026-08-09T17:26:49Z</time></trkpt><trkpt lat="41.55924828228061" lon="-71.33502619128055"><time>2026-08-09T17:26:51Z</time></trkpt><trkpt lat="41.55925782164156" lon="-71.33499509020123"><time>2026-08-09T17:26:54Z</time></trkpt><trkpt lat="41.55927531927854" lon="-71.33495782882412"><time>2026-08-09T17:26:57Z</time></trkpt><trkpt lat="41.559287289406434" lon="-71.33492878102247"><time>2026-08-09T17:27:00Z</time></trkpt><trkpt lat="41.559296775671484" lon="-71.33490682157851"><time>2026-08-09T17:27:02Z</time></trkpt><trkpt lat="41.55930690955328" lon="-71.33488465656254"><time>2026-08-09T17:27:04Z</time></trkpt><trkpt lat="41.55931950589404" lon="-71.33486316488414"><time>2026-08-09T17:27:06Z</time></trkpt><trkpt lat="41.55933948677776" lon="-71.33484765080429"><time>2026-08-09T17:27:09Z</time></trkpt><trkpt lat="41.559350247194025" lon="-71.33481923288424"><time>2026-08-09T17:27:11Z</time></trkpt><trkpt lat="41.55936083814659" lon="-71.3347960918154"><time>2026-08-09T17:27:13Z</time></trkpt><trkpt lat="41.55937169994876" lon="-71.33477258564437"><time>2026-08-09T17:27:15Z</time></trkpt><trkpt lat="41.55938447346801" lon="-71.33475224040573"><time>2026-08-09T17:27:17Z</time></trkpt><trkpt lat="41.55939551135228" lon="-71.33473120778412"><time>2026-08-09T17:27:19Z</time></trkpt><trkpt lat="41.559407689254456" lon="-71.33470988821807"><time>2026-08-09T17:27:21Z</time></trkpt><trkpt lat="41.559420675968575" lon="-71.3346898255078"><time>2026-08-09T17:27:23Z</time></trkpt><trkpt lat="41.559433987006464" lon="-71.33466954556135"><time>2026-08-09T17:27:25Z</time></trkpt><trkpt lat="41.55944610566537" lon="-71.33464992424166"><time>2026-08-09T17:27:27Z</time></trkpt><trkpt lat="41.55946365861199" lon="-71.33462089282021"><time>2026-08-09T17:27:30Z</time></trkpt><trkpt lat="41.55947942105041" lon="-71.33460030844826"><time>2026-08-09T17:27:32Z</time></trkpt><trkpt lat="41.559493514639776" lon="-71.33458211254573"><time>2026-08-09T17:27:34Z</time></trkpt><trkpt lat="41.559508830695094" lon="-71.33456506028239"><time>2026-08-09T17:27:36Z</time></trkpt><trkpt lat="41.559520842194246" lon="-71.33454648635029"><time>2026-08-09T17:27:38Z</time></trkpt><trkpt lat="41.55953545110423" lon="-71.33452894936183"><time>2026-08-09T17:27:40Z</time></trkpt><trkpt lat="41.55954945348424" lon="-71.33451033466069"><time>2026-08-09T17:27:42Z</time></trkpt><trkpt lat="41.55956390184429" lon="-71.33449465302368"><time>2026-08-09T17:27:44Z</time></trkpt><trkpt lat="41.55957810050956" lon="-71.33447622661072"><time>2026-08-09T17:27:46Z</time></trkpt><trkpt lat="41.55959309711494" lon="-71.33445905850219"><time>2026-08-09T17:27:48Z</time></trkpt><trkpt lat="41.55960776323599" lon="-71.33444333790183"><time>2026-08-09T17:27:50Z</time></trkpt><trkpt lat="41.55962186809276" lon="-71.33442729914388"><time>2026-08-09T17:27:52Z</time></trkpt><trkpt lat="41.55963682828537" lon="-71.33441146511917"><time>2026-08-09T17:27:54Z</time></trkpt><trkpt lat="41.55965261500188" lon="-71.33439379424675"><time>2026-08-09T17:27:56Z</time></trkpt><trkpt lat="41.55966674977946" lon="-71.3343776439608"><time>2026-08-09T17:27:58Z</time></trkpt><trkpt lat="41.559681365159285" lon="-71.3343610252471"><time>2026-08-09T17:28:00Z</time></trkpt><trkpt lat="41.55969537886874" lon="-71.3343431225614"><time>2026-08-09T17:28:02Z</time></trkpt><trkpt lat="41.55970817989189" lon="-71.3343243832679"><time>2026-08-09T17:28:04Z</time></trkpt><trkpt lat="41.55972795421698" lon="-71.3342983414704"><time>2026-08-09T17:28:07Z</time></trkpt><trkpt lat="41.55974009393504" lon="-71.33427810553032"><time>2026-08-09T17:28:09Z</time></trkpt><trkpt lat="41.5597523276113" lon="-71.33426038088876"><time>2026-08-09T17:28:11Z</time></trkpt><trkpt lat="41.559763785316676" lon="-71.33424182533716"><time>2026-08-09T17:28:13Z</time></trkpt><trkpt lat="41.559775529279165" lon="-71.33422271548982"><time>2026-08-09T17:28:15Z</time></trkpt><trkpt lat="41.559792098370224" lon="-71.33419430521678"><time>2026-08-09T17:28:18Z</time></trkpt><trkpt lat="41.55980576713377" lon="-71.33416408782035"><time>2026-08-09T17:28:21Z</time></trkpt><trkpt lat="41.55981902194793" lon="-71.33413384516446"><time>2026-08-09T17:28:24Z</time></trkpt><trkpt lat="41.559831082357995" lon="-71.33410244058958"><time>2026-08-09T17:28:27Z</time></trkpt><trkpt lat="41.55984054757212" lon="-71.33407085715203"><time>2026-08-09T17:28:30Z</time></trkpt><trkpt lat="41.559848896894046" lon="-71.33404090870455"><time>2026-08-09T17:28:33Z</time></trkpt><trkpt lat="41.559855689932164" lon="-71.33401291058122"><time>2026-08-09T17:28:35Z</time></trkpt><trkpt lat="41.55985980517873" lon="-71.33398287756754"><time>2026-08-09T17:28:38Z</time></trkpt><trkpt lat="41.5598656912497" lon="-71.33395211396326"><time>2026-08-09T17:28:41Z</time></trkpt><trkpt lat="41.559870878565384" lon="-71.33392053666425"><time>2026-08-09T17:28:44Z</time></trkpt><trkpt lat="41.559874554700585" lon="-71.33388736072015"><time>2026-08-09T17:28:47Z</time></trkpt><trkpt lat="41.55988029193345" lon="-71.33385607730781"><time>2026-08-09T17:28:50Z</time></trkpt><trkpt lat="41.559885287875524" lon="-71.33382131333516"><time>2026-08-09T17:28:53Z</time></trkpt><trkpt lat="41.55989111062917" lon="-71.33378855271302"><time>2026-08-09T17:28:56Z</time></trkpt><trkpt lat="41.55989809915506" lon="-71.3337546595141"><time>2026-08-09T17:28:59Z</time></trkpt><trkpt lat="41.55990586361281" lon="-71.33372255041611"><time>2026-08-09T17:29:02Z</time></trkpt><trkpt lat="41.55991413426581" lon="-71.33368772201831"><time>2026-08-09T17:29:05Z</time></trkpt><trkpt lat="41.55992100144264" lon="-71.33366534619658"><time>2026-08-09T17:29:07Z</time></trkpt><trkpt lat="41.5599288752115" lon="-71.33364285150938"><time>2026-08-09T17:29:09Z</time></trkpt><trkpt lat="41.559936146889264" lon="-71.33361987678391"><time>2026-08-09T17:29:11Z</time></trkpt><trkpt lat="41.55994727862644" lon="-71.33358810028318"><time>2026-08-09T17:29:14Z</time></trkpt><trkpt lat="41.55995555567864" lon="-71.33356611427526"><time>2026-08-09T17:29:16Z</time></trkpt><trkpt lat="41.55996357855334" lon="-71.33354397275498"><time>2026-08-09T17:29:18Z</time></trkpt><trkpt lat="41.55997294347847" lon="-71.33352145024388"><time>2026-08-09T17:29:20Z</time></trkpt><trkpt lat="41.55998228004182" lon="-71.33349958119845"><time>2026-08-09T17:29:22Z</time></trkpt><trkpt lat="41.55999282236524" lon="-71.33347935407022"><time>2026-08-09T17:29:24Z</time></trkpt><trkpt lat="41.56000226879592" lon="-71.3334566914654"><time>2026-08-09T17:29:26Z</time></trkpt><trkpt lat="41.56001223775712" lon="-71.33343559974132"><time>2026-08-09T17:29:28Z</time></trkpt><trkpt lat="41.56002215902835" lon="-71.33341321587226"><time>2026-08-09T17:29:30Z</time></trkpt><trkpt lat="41.56003332328141" lon="-71.33339205213302"><time>2026-08-09T17:29:32Z</time></trkpt><trkpt lat="41.56004332841189" lon="-71.33336918788108"><time>2026-08-09T17:29:34Z</time></trkpt><trkpt lat="41.56005292732027" lon="-71.33334834827167"><time>2026-08-09T17:29:36Z</time></trkpt><trkpt lat="41.56006349369844" lon="-71.33332729992604"><time>2026-08-09T17:29:38Z</time></trkpt><trkpt lat="41.56007371786374" lon="-71.33330526142726"><time>2026-08-09T17:29:40Z</time></trkpt><trkpt lat="41.56008232606243" lon="-71.33328213147843"><time>2026-08-09T17:29:42Z</time></trkpt><trkpt lat="41.56009283780685" lon="-71.33326037085199"><time>2026-08-09T17:29:44Z</time></trkpt><trkpt lat="41.56010148544256" lon="-71.33323854844805"><time>2026-08-09T17:29:46Z</time></trkpt><trkpt lat="41.56011023726363" lon="-71.33321592997446"><time>2026-08-09T17:29:48Z</time></trkpt><trkpt lat="41.56012396702836" lon="-71.33318563864167"><time>2026-08-09T17:29:51Z</time></trkpt><trkpt lat="41.56013391797172" lon="-71.33315065453932"><time>2026-08-09T17:29:54Z</time></trkpt><trkpt lat="41.560139485854464" lon="-71.33312690981265"><time>2026-08-09T17:29:56Z</time></trkpt><trkpt lat="41.560149192519056" lon="-71.33310146959344"><time>2026-08-09T17:29:58Z</time></trkpt><trkpt lat="41.560158602973324" lon="-71.33307851301464"><time>2026-08-09T17:30:00Z</time></trkpt><trkpt lat="41.56016564619338" lon="-71.33305511238878"><time>2026-08-09T17:30:02Z</time></trkpt><trkpt lat="41.56017315577155" lon="-71.33303165764413"><time>2026-08-09T17:30:04Z</time></trkpt><trkpt lat="41.56018216504184" lon="-71.3330085334236"><time>2026-08-09T17:30:06Z</time></trkpt><trkpt lat="41.56018824031979" lon="-71.33298403991299"><time>2026-08-09T17:30:08Z</time></trkpt><trkpt lat="41.560195834333605" lon="-71.3329597118906"><time>2026-08-09T17:30:10Z</time></trkpt><trkpt lat="41.5602023413272" lon="-71.332936105995"><time>2026-08-09T17:30:12Z</time></trkpt><trkpt lat="41.56020850400752" lon="-71.33291191216038"><time>2026-08-09T17:30:14Z</time></trkpt><trkpt lat="41.56021488733272" lon="-71.33288817288447"><time>2026-08-09T17:30:16Z</time></trkpt><trkpt lat="41.560221185522146" lon="-71.3328644804533"><time>2026-08-09T17:30:18Z</time></trkpt><trkpt lat="41.56022922920284" lon="-71.33284125602754"><time>2026-08-09T17:30:20Z</time></trkpt><trkpt lat="41.560234056263695" lon="-71.33281566198761"><time>2026-08-09T17:30:22Z</time></trkpt><trkpt lat="41.56024056021343" lon="-71.33279089103023"><time>2026-08-09T17:30:24Z</time></trkpt><trkpt lat="41.56024670045445" lon="-71.33276645496551"><time>2026-08-09T17:30:26Z</time></trkpt><trkpt lat="41.56025261511328" lon="-71.33274179215131"><time>2026-08-09T17:30:28Z</time></trkpt><trkpt lat="41.56025759836846" lon="-71.33271671219154"><time>2026-08-09T17:30:30Z</time></trkpt><trkpt lat="41.56026310338656" lon="-71.33269135217472"><time>2026-08-09T17:30:32Z</time></trkpt><trkpt lat="41.560268647419875" lon="-71.33266538494347"><time>2026-08-09T17:30:34Z</time></trkpt><trkpt lat="41.56027335848081" lon="-71.33264104130821"><time>2026-08-09T17:30:36Z</time></trkpt><trkpt lat="41.56027930790317" lon="-71.33261592909861"><time>2026-08-09T17:30:38Z</time></trkpt><trkpt lat="41.560284560035896" lon="-71.33259141399107"><time>2026-08-09T17:30:40Z</time></trkpt><trkpt lat="41.56029108489182" lon="-71.33256648015967"><time>2026-08-09T17:30:42Z</time></trkpt><trkpt lat="41.56029675889169" lon="-71.33254163715858"><time>2026-08-09T17:30:44Z</time></trkpt><trkpt lat="41.560302642615596" lon="-71.33251716008017"><time>2026-08-09T17:30:46Z</time></trkpt><trkpt lat="41.56030980412102" lon="-71.33249226657384"><time>2026-08-09T17:30:48Z</time></trkpt><trkpt lat="41.560316059256785" lon="-71.33246613600191"><time>2026-08-09T17:30:50Z</time></trkpt><trkpt lat="41.56032463746302" lon="-71.33244146501306"><time>2026-08-09T17:30:52Z</time></trkpt><trkpt lat="41.560331678954455" lon="-71.3324174240814"><time>2026-08-09T17:30:54Z</time></trkpt><trkpt lat="41.56034012162173" lon="-71.33239267117149"><time>2026-08-09T17:30:56Z</time></trkpt><trkpt lat="41.56034711801053" lon="-71.33236800239406"><time>2026-08-09T17:30:58Z</time></trkpt><trkpt lat="41.56035345881274" lon="-71.33234347070592"><time>2026-08-09T17:31:00Z</time></trkpt><trkpt lat="41.560361893420065" lon="-71.33231756004548"><time>2026-08-09T17:31:02Z</time></trkpt><trkpt lat="41.56036614341134" lon="-71.332291381375"><time>2026-08-09T17:31:04Z</time></trkpt><trkpt lat="41.56037327169505" lon="-71.33226550889135"><time>2026-08-09T17:31:06Z</time></trkpt><trkpt lat="41.560378619168844" lon="-71.33224061548523"><time>2026-08-09T17:31:08Z</time></trkpt><trkpt lat="41.560384523997335" lon="-71.33221435032661"><time>2026-08-09T17:31:10Z</time></trkpt><trkpt lat="41.56038876892743" lon="-71.33218801451626"><time>2026-08-09T17:31:12Z</time></trkpt><trkpt lat="41.56039405381537" lon="-71.33216086796008"><time>2026-08-09T17:31:14Z</time></trkpt><trkpt lat="41.56039807386225" lon="-71.33213346767091"><time>2026-08-09T17:31:16Z</time></trkpt><trkpt lat="41.56040287139071" lon="-71.33210642650103"><time>2026-08-09T17:31:18Z</time></trkpt><trkpt lat="41.56040609370168" lon="-71.33207876335129"><time>2026-08-09T17:31:20Z</time></trkpt><trkpt lat="41.56041018308894" lon="-71.33205088312262"><time>2026-08-09T17:31:22Z</time></trkpt><trkpt lat="41.560413345722004" lon="-71.3320231429284"><time>2026-08-09T17:31:24Z</time></trkpt><trkpt lat="41.560417571442656" lon="-71.33199607016608"><time>2026-08-09T17:31:26Z</time></trkpt><trkpt lat="41.56042252678235" lon="-71.33196799133519"><time>2026-08-09T17:31:28Z</time></trkpt><trkpt lat="41.56042811178594" lon="-71.33194113229057"><time>2026-08-09T17:31:30Z</time></trkpt><trkpt lat="41.56043152056686" lon="-71.33191312782643"><time>2026-08-09T17:31:32Z</time></trkpt><trkpt lat="41.56043881562252" lon="-71.33188778109908"><time>2026-08-09T17:31:34Z</time></trkpt><trkpt lat="41.560443798392704" lon="-71.33186023105289"><time>2026-08-09T17:31:36Z</time></trkpt><trkpt lat="41.56045090846135" lon="-71.33183325502655"><time>2026-08-09T17:31:38Z</time></trkpt><trkpt lat="41.56045745508136" lon="-71.33180625634726"><time>2026-08-09T17:31:40Z</time></trkpt><trkpt lat="41.56046493740128" lon="-71.33177996480902"><time>2026-08-09T17:31:42Z</time></trkpt><trkpt lat="41.560470672911585" lon="-71.3317542826586"><time>2026-08-09T17:31:44Z</time></trkpt><trkpt lat="41.56047976114957" lon="-71.33172705032821"><time>2026-08-09T17:31:46Z</time></trkpt><trkpt lat="41.56048573169074" lon="-71.33169822807822"><time>2026-08-09T17:31:48Z</time></trkpt><trkpt lat="41.56049201077142" lon="-71.33167137126979"><time>2026-08-09T17:31:50Z</time></trkpt><trkpt lat="41.560497876549626" lon="-71.33164468641485"><time>2026-08-09T17:31:52Z</time></trkpt><trkpt lat="41.5605042466657" lon="-71.33161804405871"><time>2026-08-09T17:31:54Z</time></trkpt><trkpt lat="41.56051098745482" lon="-71.33159072428987"><time>2026-08-09T17:31:56Z</time></trkpt><trkpt lat="41.56051618471163" lon="-71.33156332274271"><time>2026-08-09T17:31:58Z</time></trkpt><trkpt lat="41.560522075849136" lon="-71.33153597167625"><time>2026-08-09T17:32:00Z</time></trkpt><trkpt lat="41.560527689724765" lon="-71.331507799888"><time>2026-08-09T17:32:02Z</time></trkpt><trkpt lat="41.56053354305276" lon="-71.33147994658414"><time>2026-08-09T17:32:04Z</time></trkpt><trkpt lat="41.56053982107005" lon="-71.33145244074299"><time>2026-08-09T17:32:06Z</time></trkpt><trkpt lat="41.5605460046755" lon="-71.3314248149171"><time>2026-08-09T17:32:08Z</time></trkpt><trkpt lat="41.56055254700093" lon="-71.33139647204969"><time>2026-08-09T17:32:10Z</time></trkpt><trkpt lat="41.560559129570905" lon="-71.3313696639493"><time>2026-08-09T17:32:12Z</time></trkpt><trkpt lat="41.56056466188557" lon="-71.33134129718752"><time>2026-08-09T17:32:14Z</time></trkpt><trkpt lat="41.560572805206824" lon="-71.33131475119546"><time>2026-08-09T17:32:16Z</time></trkpt><trkpt lat="41.56057886752405" lon="-71.33128629254753"><time>2026-08-09T17:32:18Z</time></trkpt><trkpt lat="41.560585998410474" lon="-71.33125942975303"><time>2026-08-09T17:32:20Z</time></trkpt><trkpt lat="41.56059173298023" lon="-71.3312309271014"><time>2026-08-09T17:32:22Z</time></trkpt><trkpt lat="41.56059952809762" lon="-71.33120390857508"><time>2026-08-09T17:32:24Z</time></trkpt><trkpt lat="41.560606054247344" lon="-71.33117634012909"><time>2026-08-09T17:32:26Z</time></trkpt><trkpt lat="41.56061269770473" lon="-71.33114823605705"><time>2026-08-09T17:32:28Z</time></trkpt><trkpt lat="41.560621337379075" lon="-71.33112153325014"><time>2026-08-09T17:32:30Z</time></trkpt><trkpt lat="41.56062894193755" lon="-71.33109402388698"><time>2026-08-09T17:32:32Z</time></trkpt><trkpt lat="41.5606373578115" lon="-71.33106576869534"><time>2026-08-09T17:32:34Z</time></trkpt><trkpt lat="41.56064611775964" lon="-71.33103894537582"><time>2026-08-09T17:32:36Z</time></trkpt><trkpt lat="41.56065469027257" lon="-71.33101237885244"><time>2026-08-09T17:32:38Z</time></trkpt><trkpt lat="41.56066522269967" lon="-71.33098518019239"><time>2026-08-09T17:32:40Z</time></trkpt><trkpt lat="41.56067391878779" lon="-71.3309597561901"><time>2026-08-09T17:32:42Z</time></trkpt><trkpt lat="41.56068444748285" lon="-71.3309337195788"><time>2026-08-09T17:32:44Z</time></trkpt><trkpt lat="41.56069390783207" lon="-71.33090809349038"><time>2026-08-09T17:32:46Z</time></trkpt><trkpt lat="41.56070306633991" lon="-71.33088144534972"><time>2026-08-09T17:32:48Z</time></trkpt><trkpt lat="41.56071061104218" lon="-71.33085315338931"><time>2026-08-09T17:32:50Z</time></trkpt><trkpt lat="41.56072003705336" lon="-71.3308275688236"><time>2026-08-09T17:32:52Z</time></trkpt><trkpt lat="41.56072689063871" lon="-71.33079927838318"><time>2026-08-09T17:32:54Z</time></trkpt><trkpt lat="41.56073677426739" lon="-71.33077221316658"><time>2026-08-09T17:32:56Z</time></trkpt><trkpt lat="41.56074454369484" lon="-71.33074327188122"><time>2026-08-09T17:32:58Z</time></trkpt><trkpt lat="41.560754513455755" lon="-71.33071531674865"><time>2026-08-09T17:33:00Z</time></trkpt><trkpt lat="41.560761010991605" lon="-71.33068659516024"><time>2026-08-09T17:33:02Z</time></trkpt><trkpt lat="41.56077025974238" lon="-71.33065905808442"><time>2026-08-09T17:33:04Z</time></trkpt><trkpt lat="41.5607791511244" lon="-71.33063268198482"><time>2026-08-09T17:33:06Z</time></trkpt><trkpt lat="41.56078579221545" lon="-71.33060557898395"><time>2026-08-09T17:33:08Z</time></trkpt><trkpt lat="41.560793994695544" lon="-71.3305775580617"><time>2026-08-09T17:33:10Z</time></trkpt><trkpt lat="41.56080128069576" lon="-71.33055049739497"><time>2026-08-09T17:33:12Z</time></trkpt><trkpt lat="41.56080783048294" lon="-71.3305217359109"><time>2026-08-09T17:33:14Z</time></trkpt><trkpt lat="41.56081451445208" lon="-71.3304914606582"><time>2026-08-09T17:33:16Z</time></trkpt><trkpt lat="41.56082137106338" lon="-71.33046333423165"><time>2026-08-09T17:33:18Z</time></trkpt><trkpt lat="41.56082763928021" lon="-71.33043374532593"><time>2026-08-09T17:33:20Z</time></trkpt><trkpt lat="41.56083386207009" lon="-71.33040454735466"><time>2026-08-09T17:33:22Z</time></trkpt><trkpt lat="41.56084211613289" lon="-71.33037611569013"><time>2026-08-09T17:33:24Z</time></trkpt><trkpt lat="41.560847742043656" lon="-71.33034618476076"><time>2026-08-09T17:33:26Z</time></trkpt><trkpt lat="41.56085390100158" lon="-71.33031816465436"><time>2026-08-09T17:33:28Z</time></trkpt><trkpt lat="41.560860633210915" lon="-71.33028939009749"><time>2026-08-09T17:33:30Z</time></trkpt><trkpt lat="41.56086662488565" lon="-71.33026087530341"><time>2026-08-09T17:33:32Z</time></trkpt><trkpt lat="41.56087241854588" lon="-71.33023158613203"><time>2026-08-09T17:33:34Z</time></trkpt><trkpt lat="41.56087762194331" lon="-71.3302026469563"><time>2026-08-09T17:33:36Z</time></trkpt><trkpt lat="41.56088428168872" lon="-71.33017281337011"><time>2026-08-09T17:33:38Z</time></trkpt><trkpt lat="41.56088794459594" lon="-71.33014100131066"><time>2026-08-09T17:33:40Z</time></trkpt><trkpt lat="41.56089402792894" lon="-71.33010992021931"><time>2026-08-09T17:33:42Z</time></trkpt><trkpt lat="41.560896875814" lon="-71.33007925408788"><time>2026-08-09T17:33:44Z</time></trkpt><trkpt lat="41.560902119635244" lon="-71.33004976615044"><time>2026-08-09T17:33:46Z</time></trkpt><trkpt lat="41.560905279390724" lon="-71.33001850373924"><time>2026-08-09T17:33:48Z</time></trkpt><trkpt lat="41.560909930285376" lon="-71.3299878351997"><time>2026-08-09T17:33:50Z</time></trkpt><trkpt lat="41.560914375135084" lon="-71.32995568176241"><time>2026-08-09T17:33:52Z</time></trkpt><trkpt lat="41.56091058953238" lon="-71.32991467842963"><time>2026-08-09T17:33:54Z</time></trkpt><trkpt lat="41.56091970206075" lon="-71.32987449672834"><time>2026-08-09T17:33:57Z</time></trkpt><trkpt lat="41.560923235719905" lon="-71.32984407960454"><time>2026-08-09T17:33:59Z</time></trkpt><trkpt lat="41.560925116910404" lon="-71.32981268962084"><time>2026-08-09T17:34:01Z</time></trkpt><trkpt lat="41.56092899960775" lon="-71.32978331436277"><time>2026-08-09T17:34:03Z</time></trkpt><trkpt lat="41.56093206807827" lon="-71.3297518960759"><time>2026-08-09T17:34:05Z</time></trkpt><trkpt lat="41.560932857005724" lon="-71.32972132782508"><time>2026-08-09T17:34:07Z</time></trkpt><trkpt lat="41.56093514289386" lon="-71.329690645136"><time>2026-08-09T17:34:09Z</time></trkpt><trkpt lat="41.56093779980878" lon="-71.32966022352885"><time>2026-08-09T17:34:11Z</time></trkpt><trkpt lat="41.56094077349768" lon="-71.32962789781809"><time>2026-08-09T17:34:13Z</time></trkpt><trkpt lat="41.56094401223883" lon="-71.32959577591905"><time>2026-08-09T17:34:15Z</time></trkpt><trkpt lat="41.56094685999858" lon="-71.32956380253408"><time>2026-08-09T17:34:17Z</time></trkpt><trkpt lat="41.56094980477348" lon="-71.32953258712733"><time>2026-08-09T17:34:19Z</time></trkpt><trkpt lat="41.560953635277556" lon="-71.32950089670095"><time>2026-08-09T17:34:21Z</time></trkpt><trkpt lat="41.560957242402935" lon="-71.32947044452122"><time>2026-08-09T17:34:23Z</time></trkpt><trkpt lat="41.56096081883616" lon="-71.32943766061835"><time>2026-08-09T17:34:25Z</time></trkpt><trkpt lat="41.56096639047721" lon="-71.32940687753157"><time>2026-08-09T17:34:27Z</time></trkpt><trkpt lat="41.56098469360349" lon="-71.32937668759186"><time>2026-08-09T17:34:29Z</time></trkpt><trkpt lat="41.56098372834466" lon="-71.32934036283403"><time>2026-08-09T17:34:31Z</time></trkpt><trkpt lat="41.56098685408292" lon="-71.32930561197153"><time>2026-08-09T17:34:33Z</time></trkpt><trkpt lat="41.560983033526156" lon="-71.32926903273221"><time>2026-08-09T17:34:35Z</time></trkpt><trkpt lat="41.560986309559944" lon="-71.32923444137526"><time>2026-08-09T17:34:37Z</time></trkpt><trkpt lat="41.56099220859594" lon="-71.32920200169589"><time>2026-08-09T17:34:39Z</time></trkpt><trkpt lat="41.56099974084161" lon="-71.32917259946699"><time>2026-08-09T17:34:41Z</time></trkpt><trkpt lat="41.56099743667378" lon="-71.32913261213689"><time>2026-08-09T17:34:43Z</time></trkpt><trkpt lat="41.56099925299668" lon="-71.32909803324132"><time>2026-08-09T17:34:45Z</time></trkpt><trkpt lat="41.56100094352432" lon="-71.32906277179805"><time>2026-08-09T17:34:47Z</time></trkpt><trkpt lat="41.5610015251907" lon="-71.32902883388309"><time>2026-08-09T17:34:49Z</time></trkpt><trkpt lat="41.56100168185095" lon="-71.32899297048732"><time>2026-08-09T17:34:51Z</time></trkpt><trkpt lat="41.56099972230517" lon="-71.32895759444715"><time>2026-08-09T17:34:53Z</time></trkpt><trkpt lat="41.56099981880157" lon="-71.32892291595655"><time>2026-08-09T17:34:55Z</time></trkpt><trkpt lat="41.56099579915989" lon="-71.32888774790403"><time>2026-08-09T17:34:57Z</time></trkpt><trkpt lat="41.5609934425106" lon="-71.32885300125228"><time>2026-08-09T17:34:59Z</time></trkpt><trkpt lat="41.56098850536827" lon="-71.32881655604973"><time>2026-08-09T17:35:01Z</time></trkpt><trkpt lat="41.56098697126774" lon="-71.32878122068368"><time>2026-08-09T17:35:03Z</time></trkpt><trkpt lat="41.5609844972299" lon="-71.32874526893511"><time>2026-08-09T17:35:05Z</time></trkpt><trkpt lat="41.56098234795816" lon="-71.32870872993364"><time>2026-08-09T17:35:07Z</time></trkpt><trkpt lat="41.560981926283105" lon="-71.3286729651812"><time>2026-08-09T17:35:09Z</time></trkpt><trkpt lat="41.56098196938841" lon="-71.32863655233777"><time>2026-08-09T17:35:11Z</time></trkpt><trkpt lat="41.56098184876943" lon="-71.32860223204719"><time>2026-08-09T17:35:13Z</time></trkpt><trkpt lat="41.56098674027041" lon="-71.32856650489943"><time>2026-08-09T17:35:15Z</time></trkpt><trkpt lat="41.56099204721346" lon="-71.32853062443128"><time>2026-08-09T17:35:17Z</time></trkpt><trkpt lat="41.56099282578885" lon="-71.32849429970138"><time>2026-08-09T17:35:19Z</time></trkpt><trkpt lat="41.56099222481916" lon="-71.32845556376083"><time>2026-08-09T17:35:21Z</time></trkpt><trkpt lat="41.56099334472285" lon="-71.32841784242412"><time>2026-08-09T17:35:23Z</time></trkpt><trkpt lat="41.560990303552614" lon="-71.32838716160812"><time>2026-08-09T17:35:25Z</time></trkpt><trkpt lat="41.56099578533846" lon="-71.32835429264509"><time>2026-08-09T17:35:27Z</time></trkpt><trkpt lat="41.56100279692783" lon="-71.32832088185349"><time>2026-08-09T17:35:29Z</time></trkpt><trkpt lat="41.56100067279965" lon="-71.3282947963535"><time>2026-08-09T17:35:31Z</time></trkpt><trkpt lat="41.56100815189221" lon="-71.32825369126368"><time>2026-08-09T17:35:33Z</time></trkpt><trkpt lat="41.56100802766383" lon="-71.32822518169407"><time>2026-08-09T17:35:35Z</time></trkpt><trkpt lat="41.561014447043036" lon="-71.32818411735887"><time>2026-08-09T17:35:37Z</time></trkpt><trkpt lat="41.56102027406512" lon="-71.3281393626942"><time>2026-08-09T17:35:39Z</time></trkpt><trkpt lat="41.56102445952923" lon="-71.32810128681898"><time>2026-08-09T17:35:41Z</time></trkpt><trkpt lat="41.56103070303178" lon="-71.32805965292103"><time>2026-08-09T17:35:43Z</time></trkpt><trkpt lat="41.56103420155756" lon="-71.32802472290965"><time>2026-08-09T17:35:45Z</time></trkpt><trkpt lat="41.56103976901233" lon="-71.32798805927742"><time>2026-08-09T17:35:47Z</time></trkpt><trkpt lat="41.561044762004315" lon="-71.32795537880659"><time>2026-08-09T17:35:49Z</time></trkpt><trkpt lat="41.561050240332214" lon="-71.3279197123056"><time>2026-08-09T17:35:51Z</time></trkpt><trkpt lat="41.56104622043326" lon="-71.32789620204632"><time>2026-08-09T17:35:52Z</time></trkpt><trkpt lat="41.56104954182594" lon="-71.32785592262161"><time>2026-08-09T17:35:54Z</time></trkpt><trkpt lat="41.561057139964205" lon="-71.32782320291935"><time>2026-08-09T17:35:56Z</time></trkpt><trkpt lat="41.56106176987037" lon="-71.32778666409148"><time>2026-08-09T17:35:58Z</time></trkpt><trkpt lat="41.5610654231871" lon="-71.32774991430611"><time>2026-08-09T17:36:00Z</time></trkpt><trkpt lat="41.561070157502016" lon="-71.32771443632598"><time>2026-08-09T17:36:02Z</time></trkpt><trkpt lat="41.5610736035602" lon="-71.32768091617496"><time>2026-08-09T17:36:04Z</time></trkpt><trkpt lat="41.561077849805635" lon="-71.3276437740556"><time>2026-08-09T17:36:06Z</time></trkpt><trkpt lat="41.561081854166126" lon="-71.32760714683688"><time>2026-08-09T17:36:08Z</time></trkpt><trkpt lat="41.56108639857476" lon="-71.32757184744023"><time>2026-08-09T17:36:10Z</time></trkpt><trkpt lat="41.56108861837949" lon="-71.3275347525416"><time>2026-08-09T17:36:12Z</time></trkpt><trkpt lat="41.5610913362442" lon="-71.32749858519489"><time>2026-08-09T17:36:14Z</time></trkpt><trkpt lat="41.56109389654654" lon="-71.32746161608912"><time>2026-08-09T17:36:16Z</time></trkpt><trkpt lat="41.56109387284115" lon="-71.32742334924012"><time>2026-08-09T17:36:18Z</time></trkpt><trkpt lat="41.56109412536589" lon="-71.32738425937843"><time>2026-08-09T17:36:20Z</time></trkpt><trkpt lat="41.56109036034196" lon="-71.32734214062876"><time>2026-08-09T17:36:22Z</time></trkpt><trkpt lat="41.56108871910517" lon="-71.32730692812243"><time>2026-08-09T17:36:24Z</time></trkpt><trkpt lat="41.56108794003121" lon="-71.32726865979454"><time>2026-08-09T17:36:26Z</time></trkpt><trkpt lat="41.56108798586951" lon="-71.32722399696088"><time>2026-08-09T17:36:28Z</time></trkpt><trkpt lat="41.561084716381814" lon="-71.32718984930885"><time>2026-08-09T17:36:30Z</time></trkpt><trkpt lat="41.561089473967684" lon="-71.32715268373168"><time>2026-08-09T17:36:32Z</time></trkpt><trkpt lat="41.561096277505506" lon="-71.32711499921038"><time>2026-08-09T17:36:34Z</time></trkpt><trkpt lat="41.56110269146343" lon="-71.32707783484494"><time>2026-08-09T17:36:36Z</time></trkpt><trkpt lat="41.56110747150449" lon="-71.32704118022573"><time>2026-08-09T17:36:38Z</time></trkpt><trkpt lat="41.56111510233645" lon="-71.32699991364302"><time>2026-08-09T17:36:40Z</time></trkpt><trkpt lat="41.5611150680126" lon="-71.32696609272121"><time>2026-08-09T17:36:41Z</time></trkpt><trkpt lat="41.56111183804226" lon="-71.32693910297793"><time>2026-08-09T17:36:42Z</time></trkpt><trkpt lat="41.56112109441408" lon="-71.32691410673367"><time>2026-08-09T17:36:44Z</time></trkpt><trkpt lat="41.56112551166023" lon="-71.32687163462866"><time>2026-08-09T17:36:46Z</time></trkpt><trkpt lat="41.56112790957107" lon="-71.3268353238541"><time>2026-08-09T17:36:48Z</time></trkpt><trkpt lat="41.56113134702224" lon="-71.32679722533277"><time>2026-08-09T17:36:50Z</time></trkpt><trkpt lat="41.5611369851385" lon="-71.32675824628446"><time>2026-08-09T17:36:52Z</time></trkpt><trkpt lat="41.56113926588836" lon="-71.32671910395355"><time>2026-08-09T17:36:54Z</time></trkpt><trkpt lat="41.56114369465732" lon="-71.32668205077891"><time>2026-08-09T17:36:56Z</time></trkpt><trkpt lat="41.56114813506359" lon="-71.32664447928332"><time>2026-08-09T17:36:58Z</time></trkpt><trkpt lat="41.561154083282766" lon="-71.3266054928837"><time>2026-08-09T17:37:00Z</time></trkpt><trkpt lat="41.561157700777265" lon="-71.32656766332036"><time>2026-08-09T17:37:02Z</time></trkpt><trkpt lat="41.561158991071856" lon="-71.32653129686574"><time>2026-08-09T17:37:04Z</time></trkpt><trkpt lat="41.56115700375805" lon="-71.3265038252214"><time>2026-08-09T17:37:06Z</time></trkpt><trkpt lat="41.561160126760264" lon="-71.3264686130803"><time>2026-08-09T17:37:08Z</time></trkpt><trkpt lat="41.561169998375476" lon="-71.32643330810599"><time>2026-08-09T17:37:10Z</time></trkpt><trkpt lat="41.56117936380755" lon="-71.32639123112673"><time>2026-08-09T17:37:12Z</time></trkpt><trkpt lat="41.56118090853964" lon="-71.32635992549464"><time>2026-08-09T17:37:14Z</time></trkpt><trkpt lat="41.561185753375206" lon="-71.32632283157467"><time>2026-08-09T17:37:16Z</time></trkpt><trkpt lat="41.56119067880647" lon="-71.32628468885058"><time>2026-08-09T17:37:18Z</time></trkpt><trkpt lat="41.561199358310304" lon="-71.3262583513476"><time>2026-08-09T17:37:20Z</time></trkpt><trkpt lat="41.56119821456762" lon="-71.32622316282664"><time>2026-08-09T17:37:22Z</time></trkpt><trkpt lat="41.5612020793796" lon="-71.32619919474831"><time>2026-08-09T17:37:23Z</time></trkpt><trkpt lat="41.56120721520818" lon="-71.32616365624386"><time>2026-08-09T17:37:25Z</time></trkpt><trkpt lat="41.561214422206326" lon="-71.3261291110073"><time>2026-08-09T17:37:27Z</time></trkpt><trkpt lat="41.56122239719733" lon="-71.32609193490943"><time>2026-08-09T17:37:29Z</time></trkpt><trkpt lat="41.56123060798086" lon="-71.32605559954725"><time>2026-08-09T17:37:31Z</time></trkpt><trkpt lat="41.56123931967117" lon="-71.3260195156174"><time>2026-08-09T17:37:33Z</time></trkpt><trkpt lat="41.56124718427079" lon="-71.3259833785943"><time>2026-08-09T17:37:35Z</time></trkpt><trkpt lat="41.561255966355354" lon="-71.32594551461754"><time>2026-08-09T17:37:37Z</time></trkpt><trkpt lat="41.561265686337755" lon="-71.32591088596443"><time>2026-08-09T17:37:39Z</time></trkpt><trkpt lat="41.56127314260079" lon="-71.32588756358281"><time>2026-08-09T17:37:40Z</time></trkpt><trkpt lat="41.56128208139551" lon="-71.32585099056763"><time>2026-08-09T17:37:42Z</time></trkpt><trkpt lat="41.561290840995284" lon="-71.32581631825364"><time>2026-08-09T17:37:44Z</time></trkpt><trkpt lat="41.56129710498407" lon="-71.32577757352682"><time>2026-08-09T17:37:46Z</time></trkpt><trkpt lat="41.56130505222978" lon="-71.32574166563914"><time>2026-08-09T17:37:48Z</time></trkpt><trkpt lat="41.56131459771998" lon="-71.3257071705101"><time>2026-08-09T17:37:50Z</time></trkpt><trkpt lat="41.56132301998463" lon="-71.32567240780563"><time>2026-08-09T17:37:52Z</time></trkpt><trkpt lat="41.56133548747751" lon="-71.32564002453623"><time>2026-08-09T17:37:54Z</time></trkpt><trkpt lat="41.56134651707127" lon="-71.32560505443013"><time>2026-08-09T17:37:56Z</time></trkpt><trkpt lat="41.56136048599041" lon="-71.32557398512222"><time>2026-08-09T17:37:58Z</time></trkpt><trkpt lat="41.5613745528522" lon="-71.32554175999529"><time>2026-08-09T17:38:00Z</time></trkpt><trkpt lat="41.56138954340291" lon="-71.3255114063895"><time>2026-08-09T17:38:02Z</time></trkpt><trkpt lat="41.561403256315884" lon="-71.325478692601"><time>2026-08-09T17:38:04Z</time></trkpt><trkpt lat="41.56141743449588" lon="-71.32544666261929"><time>2026-08-09T17:38:06Z</time></trkpt><trkpt lat="41.561429342872245" lon="-71.32541396665457"><time>2026-08-09T17:38:08Z</time></trkpt><trkpt lat="41.56143989826325" lon="-71.32538078485422"><time>2026-08-09T17:38:10Z</time></trkpt><trkpt lat="41.56145148715421" lon="-71.32534712798345"><time>2026-08-09T17:38:12Z</time></trkpt><trkpt lat="41.56146071785127" lon="-71.32531340942876"><time>2026-08-09T17:38:14Z</time></trkpt><trkpt lat="41.56146973230207" lon="-71.32528027390946"><time>2026-08-09T17:38:16Z</time></trkpt><trkpt lat="41.56147799554012" lon="-71.32524679155073"><time>2026-08-09T17:38:18Z</time></trkpt><trkpt lat="41.561486491034316" lon="-71.32521283698256"><time>2026-08-09T17:38:20Z</time></trkpt><trkpt lat="41.5614939488881" lon="-71.32517862034456"><time>2026-08-09T17:38:22Z</time></trkpt><trkpt lat="41.56149992146377" lon="-71.32514488687944"><time>2026-08-09T17:38:24Z</time></trkpt><trkpt lat="41.561505233199014" lon="-71.32511001309517"><time>2026-08-09T17:38:26Z</time></trkpt><trkpt lat="41.56150935681612" lon="-71.32507548317733"><time>2026-08-09T17:38:28Z</time></trkpt><trkpt lat="41.56151178603092" lon="-71.32504153646582"><time>2026-08-09T17:38:30Z</time></trkpt><trkpt lat="41.56151343346591" lon="-71.32500635020574"><time>2026-08-09T17:38:32Z</time></trkpt><trkpt lat="41.561515005554405" lon="-71.3249718612917"><time>2026-08-09T17:38:34Z</time></trkpt><trkpt lat="41.56151590873887" lon="-71.32493779214703"><time>2026-08-09T17:38:36Z</time></trkpt><trkpt lat="41.56151606149808" lon="-71.32490266590894"><time>2026-08-09T17:38:38Z</time></trkpt><trkpt lat="41.56151446732767" lon="-71.32486873529106"><time>2026-08-09T17:38:40Z</time></trkpt><trkpt lat="41.561511818449844" lon="-71.32483602575758"><time>2026-08-09T17:38:42Z</time></trkpt><trkpt lat="41.561511710420746" lon="-71.32479369778275"><time>2026-08-09T17:38:44Z</time></trkpt><trkpt lat="41.5615074684691" lon="-71.32476165922115"><time>2026-08-09T17:38:46Z</time></trkpt><trkpt lat="41.56150295607139" lon="-71.32472686059444"><time>2026-08-09T17:38:48Z</time></trkpt><trkpt lat="41.561499181566774" lon="-71.3246953822553"><time>2026-08-09T17:38:50Z</time></trkpt><trkpt lat="41.56149423362562" lon="-71.32466000371625"><time>2026-08-09T17:38:52Z</time></trkpt><trkpt lat="41.56148876552564" lon="-71.32462443840825"><time>2026-08-09T17:38:54Z</time></trkpt><trkpt lat="41.56148401545862" lon="-71.32458897581876"><time>2026-08-09T17:38:56Z</time></trkpt><trkpt lat="41.56147801614097" lon="-71.32455578517245"><time>2026-08-09T17:38:58Z</time></trkpt><trkpt lat="41.561472721998776" lon="-71.32451855642513"><time>2026-08-09T17:39:00Z</time></trkpt><trkpt lat="41.561465159628156" lon="-71.32448330685932"><time>2026-08-09T17:39:02Z</time></trkpt><trkpt lat="41.5614565065198" lon="-71.32444923540483"><time>2026-08-09T17:39:04Z</time></trkpt><trkpt lat="41.56144570008192" lon="-71.3244179570964"><time>2026-08-09T17:39:06Z</time></trkpt><trkpt lat="41.561435754273454" lon="-71.32438418082916"><time>2026-08-09T17:39:08Z</time></trkpt><trkpt lat="41.561425767272375" lon="-71.32435215280684"><time>2026-08-09T17:39:10Z</time></trkpt><trkpt lat="41.56141544531394" lon="-71.32431950466176"><time>2026-08-09T17:39:12Z</time></trkpt><trkpt lat="41.561405619810664" lon="-71.32428854672567"><time>2026-08-09T17:39:14Z</time></trkpt><trkpt lat="41.561393063099416" lon="-71.32425787163324"><time>2026-08-09T17:39:16Z</time></trkpt><trkpt lat="41.56138171046596" lon="-71.32422511749118"><time>2026-08-09T17:39:18Z</time></trkpt><trkpt lat="41.561367705050216" lon="-71.32419180900128"><time>2026-08-09T17:39:20Z</time></trkpt><trkpt lat="41.5613549770831" lon="-71.32415709882278"><time>2026-08-09T17:39:22Z</time></trkpt><trkpt lat="41.56134364256166" lon="-71.32412232944779"><time>2026-08-09T17:39:24Z</time></trkpt><trkpt lat="41.56133158627674" lon="-71.32408798016534"><time>2026-08-09T17:39:26Z</time></trkpt><trkpt lat="41.56131868173824" lon="-71.32405387137304"><time>2026-08-09T17:39:28Z</time></trkpt><trkpt lat="41.5613054504614" lon="-71.32402057544168"><time>2026-08-09T17:39:30Z</time></trkpt><trkpt lat="41.56129246018382" lon="-71.32398713309436"><time>2026-08-09T17:39:32Z</time></trkpt><trkpt lat="41.561278476390044" lon="-71.32395206372895"><time>2026-08-09T17:39:34Z</time></trkpt><trkpt lat="41.561265830463846" lon="-71.32391699920275"><time>2026-08-09T17:39:36Z</time></trkpt><trkpt lat="41.56125210488207" lon="-71.32388196700533"><time>2026-08-09T17:39:38Z</time></trkpt><trkpt lat="41.56123868538197" lon="-71.32384563703796"><time>2026-08-09T17:39:40Z</time></trkpt><trkpt lat="41.561225935555456" lon="-71.3238091230266"><time>2026-08-09T17:39:42Z</time></trkpt><trkpt lat="41.56121319293964" lon="-71.32377400925667"><time>2026-08-09T17:39:44Z</time></trkpt><trkpt lat="41.56120001236406" lon="-71.32373789332149"><time>2026-08-09T17:39:46Z</time></trkpt><trkpt lat="41.561186518387004" lon="-71.32370092618578"><time>2026-08-09T17:39:48Z</time></trkpt><trkpt lat="41.56117266591584" lon="-71.32366996654024"><time>2026-08-09T17:39:50Z</time></trkpt><trkpt lat="41.561151462419026" lon="-71.32363230905038"><time>2026-08-09T17:39:52Z</time></trkpt><trkpt lat="41.56114155624166" lon="-71.32359864821119"><time>2026-08-09T17:39:54Z</time></trkpt><trkpt lat="41.56112891118135" lon="-71.32355906386202"><time>2026-08-09T17:39:56Z</time></trkpt><trkpt lat="41.56111503583534" lon="-71.32352033411257"><time>2026-08-09T17:39:58Z</time></trkpt><trkpt lat="41.56110499326954" lon="-71.32347880314555"><time>2026-08-09T17:40:00Z</time></trkpt><trkpt lat="41.56109261140511" lon="-71.32344089739682"><time>2026-08-09T17:40:02Z</time></trkpt><trkpt lat="41.561081139728294" lon="-71.3234055751957"><time>2026-08-09T17:40:04Z</time></trkpt><trkpt lat="41.561069191490084" lon="-71.32336580056409"><time>2026-08-09T17:40:06Z</time></trkpt><trkpt lat="41.56105675150836" lon="-71.32332611181909"><time>2026-08-09T17:40:08Z</time></trkpt><trkpt lat="41.56104202829819" lon="-71.32328592222217"><time>2026-08-09T17:40:10Z</time></trkpt><trkpt lat="41.56102708857567" lon="-71.32324863657112"><time>2026-08-09T17:40:12Z</time></trkpt><trkpt lat="41.56101183080682" lon="-71.32321105998821"><time>2026-08-09T17:40:14Z</time></trkpt><trkpt lat="41.56099523313434" lon="-71.32317215438152"><time>2026-08-09T17:40:16Z</time></trkpt><trkpt lat="41.56097820295279" lon="-71.32313693199849"><time>2026-08-09T17:40:18Z</time></trkpt><trkpt lat="41.56095819543259" lon="-71.32309833004899"><time>2026-08-09T17:40:20Z</time></trkpt><trkpt lat="41.56094210603215" lon="-71.32306139589247"><time>2026-08-09T17:40:22Z</time></trkpt><trkpt lat="41.56092348478767" lon="-71.32302471688676"><time>2026-08-09T17:40:24Z</time></trkpt><trkpt lat="41.560904723799354" lon="-71.32299029767611"><time>2026-08-09T17:40:26Z</time></trkpt><trkpt lat="41.5608850229013" lon="-71.32295304582587"><time>2026-08-09T17:40:28Z</time></trkpt><trkpt lat="41.56086280315519" lon="-71.32291681616856"><time>2026-08-09T17:40:30Z</time></trkpt><trkpt lat="41.56084202622928" lon="-71.32288180616582"><time>2026-08-09T17:40:32Z</time></trkpt><trkpt lat="41.56081897417837" lon="-71.32284608585148"><time>2026-08-09T17:40:34Z</time></trkpt><trkpt lat="41.56080726268132" lon="-71.32282702775785"><time>2026-08-09T17:40:35Z</time></trkpt><trkpt lat="41.56078115332978" lon="-71.32279534448946"><time>2026-08-09T17:40:37Z</time></trkpt><trkpt lat="41.56075805394385" lon="-71.32276191854892"><time>2026-08-09T17:40:39Z</time></trkpt><trkpt lat="41.560745692792146" lon="-71.3227443552596"><time>2026-08-09T17:40:40Z</time></trkpt><trkpt lat="41.56072260836712" lon="-71.32270786589157"><time>2026-08-09T17:40:42Z</time></trkpt><trkpt lat="41.56070136188302" lon="-71.32266817540425"><time>2026-08-09T17:40:44Z</time></trkpt><trkpt lat="41.560690797127386" lon="-71.3226474925873"><time>2026-08-09T17:40:45Z</time></trkpt><trkpt lat="41.56067849311682" lon="-71.32262752529383"><time>2026-08-09T17:40:46Z</time></trkpt><trkpt lat="41.56066676634646" lon="-71.3226082664175"><time>2026-08-09T17:40:47Z</time></trkpt><trkpt lat="41.56065434299138" lon="-71.32258947724856"><time>2026-08-09T17:40:48Z</time></trkpt><trkpt lat="41.56064247774679" lon="-71.32257014921096"><time>2026-08-09T17:40:49Z</time></trkpt><trkpt lat="41.56062921344896" lon="-71.32255389912821"><time>2026-08-09T17:40:50Z</time></trkpt><trkpt lat="41.56061457115954" lon="-71.32253778865937"><time>2026-08-09T17:40:51Z</time></trkpt><trkpt lat="41.56060049745259" lon="-71.32252068340672"><time>2026-08-09T17:40:52Z</time></trkpt><trkpt lat="41.5605893033262" lon="-71.3225007315942"><time>2026-08-09T17:40:53Z</time></trkpt><trkpt lat="41.5605670405973" lon="-71.32246848862104"><time>2026-08-09T17:40:55Z</time></trkpt><trkpt lat="41.560558769434756" lon="-71.32244078360381"><time>2026-08-09T17:40:56Z</time></trkpt><trkpt lat="41.560541008060916" lon="-71.32241886902106"><time>2026-08-09T17:40:57Z</time></trkpt><trkpt lat="41.56052534925463" lon="-71.32237716715478"><time>2026-08-09T17:40:59Z</time></trkpt><trkpt lat="41.56051631563126" lon="-71.32235202861862"><time>2026-08-09T17:41:00Z</time></trkpt><trkpt lat="41.56050625545773" lon="-71.32232906118526"><time>2026-08-09T17:41:01Z</time></trkpt><trkpt lat="41.560493587994905" lon="-71.32231162352083"><time>2026-08-09T17:41:02Z</time></trkpt><trkpt lat="41.56048130946582" lon="-71.3222895547687"><time>2026-08-09T17:41:03Z</time></trkpt><trkpt lat="41.56046917659483" lon="-71.32226775205139"><time>2026-08-09T17:41:04Z</time></trkpt><trkpt lat="41.56045728543937" lon="-71.3222473891151"><time>2026-08-09T17:41:05Z</time></trkpt><trkpt lat="41.56044578747866" lon="-71.32222641781036"><time>2026-08-09T17:41:06Z</time></trkpt><trkpt lat="41.560425453004534" lon="-71.32218692408226"><time>2026-08-09T17:41:08Z</time></trkpt><trkpt lat="41.56040380326624" lon="-71.32215117690492"><time>2026-08-09T17:41:10Z</time></trkpt><trkpt lat="41.56038684822102" lon="-71.32210432267016"><time>2026-08-09T17:41:12Z</time></trkpt><trkpt lat="41.56037306544169" lon="-71.32208078140438"><time>2026-08-09T17:41:13Z</time></trkpt><trkpt lat="41.560362674370154" lon="-71.32205981018113"><time>2026-08-09T17:41:14Z</time></trkpt><trkpt lat="41.560350578048826" lon="-71.32203947141304"><time>2026-08-09T17:41:15Z</time></trkpt><trkpt lat="41.56034307922006" lon="-71.32201614357795"><time>2026-08-09T17:41:16Z</time></trkpt><trkpt lat="41.56033090905285" lon="-71.32198205296355"><time>2026-08-09T17:41:18Z</time></trkpt><trkpt lat="41.56031449388569" lon="-71.32195601208294"><time>2026-08-09T17:41:19Z</time></trkpt><trkpt lat="41.56029290242497" lon="-71.32191351997508"><time>2026-08-09T17:41:21Z</time></trkpt><trkpt lat="41.56028078984418" lon="-71.32189436875397"><time>2026-08-09T17:41:22Z</time></trkpt><trkpt lat="41.56026852917776" lon="-71.32187488366593"><time>2026-08-09T17:41:23Z</time></trkpt><trkpt lat="41.560254446658654" lon="-71.32185542112917"><time>2026-08-09T17:41:24Z</time></trkpt><trkpt lat="41.560239254066296" lon="-71.32183376691525"><time>2026-08-09T17:41:25Z</time></trkpt><trkpt lat="41.56021898620032" lon="-71.32180773479539"><time>2026-08-09T17:41:26Z</time></trkpt><trkpt lat="41.56019710225034" lon="-71.32178320151823"><time>2026-08-09T17:41:27Z</time></trkpt><trkpt lat="41.5601820236333" lon="-71.3217469332261"><time>2026-08-09T17:41:29Z</time></trkpt><trkpt lat="41.56017205169341" lon="-71.32172202487986"><time>2026-08-09T17:41:30Z</time></trkpt><trkpt lat="41.56016122909846" lon="-71.32169908776403"><time>2026-08-09T17:41:31Z</time></trkpt><trkpt lat="41.560149913162114" lon="-71.32167508203717"><time>2026-08-09T17:41:32Z</time></trkpt><trkpt lat="41.56013962986639" lon="-71.32165167454953"><time>2026-08-09T17:41:33Z</time></trkpt><trkpt lat="41.56012939005102" lon="-71.32162721317049"><time>2026-08-09T17:41:34Z</time></trkpt><trkpt lat="41.56011762006727" lon="-71.32160390603714"><time>2026-08-09T17:41:35Z</time></trkpt><trkpt lat="41.560107120358715" lon="-71.32157995286877"><time>2026-08-09T17:41:36Z</time></trkpt><trkpt lat="41.56009289018821" lon="-71.32155904823979"><time>2026-08-09T17:41:37Z</time></trkpt><trkpt lat="41.560080144023615" lon="-71.32153416445199"><time>2026-08-09T17:41:38Z</time></trkpt><trkpt lat="41.56005824853052" lon="-71.32151915490206"><time>2026-08-09T17:41:39Z</time></trkpt><trkpt lat="41.56003425805339" lon="-71.32149025077231"><time>2026-08-09T17:41:40Z</time></trkpt><trkpt lat="41.5600147736023" lon="-71.32148144334683"><time>2026-08-09T17:41:41Z</time></trkpt><trkpt lat="41.56000023985086" lon="-71.32145567011734"><time>2026-08-09T17:41:42Z</time></trkpt><trkpt lat="41.55997287865123" lon="-71.32142453254146"><time>2026-08-09T17:41:44Z</time></trkpt><trkpt lat="41.55995539701833" lon="-71.32140716316464"><time>2026-08-09T17:41:45Z</time></trkpt><trkpt lat="41.559938771418935" lon="-71.32139390309067"><time>2026-08-09T17:41:46Z</time></trkpt><trkpt lat="41.5599217416575" lon="-71.32138290745127"><time>2026-08-09T17:41:47Z</time></trkpt><trkpt lat="41.55990139367354" lon="-71.32137115788252"><time>2026-08-09T17:41:48Z</time></trkpt><trkpt lat="41.55987282344542" lon="-71.321354588066"><time>2026-08-09T17:41:50Z</time></trkpt><trkpt lat="41.55985037877555" lon="-71.32136519324688"><time>2026-08-09T17:41:51Z</time></trkpt><trkpt lat="41.559816947041234" lon="-71.3213641171961"><time>2026-08-09T17:41:53Z</time></trkpt><trkpt lat="41.55978858039196" lon="-71.32137663213825"><time>2026-08-09T17:41:55Z</time></trkpt><trkpt lat="41.55976472349444" lon="-71.32139675790559"><time>2026-08-09T17:41:57Z</time></trkpt><trkpt lat="41.559742436901864" lon="-71.3214227874728"><time>2026-08-09T17:41:59Z</time></trkpt><trkpt lat="41.55972751402425" lon="-71.32145528462488"><time>2026-08-09T17:42:01Z</time></trkpt><trkpt lat="41.559712843827484" lon="-71.32148635729837"><time>2026-08-09T17:42:03Z</time></trkpt><trkpt lat="41.55969999390209" lon="-71.32150466531007"><time>2026-08-09T17:42:04Z</time></trkpt><trkpt lat="41.559687575789106" lon="-71.32154282255088"><time>2026-08-09T17:42:06Z</time></trkpt><trkpt lat="41.55968130764395" lon="-71.32158586527615"><time>2026-08-09T17:42:08Z</time></trkpt><trkpt lat="41.559677876989085" lon="-71.32162672300447"><time>2026-08-09T17:42:10Z</time></trkpt><trkpt lat="41.55967467087291" lon="-71.32166922038743"><time>2026-08-09T17:42:12Z</time></trkpt><trkpt lat="41.559677477473926" lon="-71.32171151708144"><time>2026-08-09T17:42:14Z</time></trkpt><trkpt lat="41.559687833223435" lon="-71.32174680575166"><time>2026-08-09T17:42:16Z</time></trkpt><trkpt lat="41.559686444775195" lon="-71.32177667081443"><time>2026-08-09T17:42:17Z</time></trkpt><trkpt lat="41.55968995386982" lon="-71.32181704433488"><time>2026-08-09T17:42:19Z</time></trkpt><trkpt lat="41.559692312738306" lon="-71.32184341407432"><time>2026-08-09T17:42:20Z</time></trkpt><trkpt lat="41.559692958081875" lon="-71.3218854079803"><time>2026-08-09T17:42:22Z</time></trkpt><trkpt lat="41.55969732063524" lon="-71.32190871095428"><time>2026-08-09T17:42:23Z</time></trkpt><trkpt lat="41.559700767226865" lon="-71.3219364276132"><time>2026-08-09T17:42:24Z</time></trkpt><trkpt lat="41.55969865966231" lon="-71.32197201444262"><time>2026-08-09T17:42:26Z</time></trkpt><trkpt lat="41.55969551949396" lon="-71.32200581349151"><time>2026-08-09T17:42:27Z</time></trkpt><trkpt lat="41.559701160730974" lon="-71.32205120488996"><time>2026-08-09T17:42:29Z</time></trkpt><trkpt lat="41.559704576820224" lon="-71.32208226368859"><time>2026-08-09T17:42:30Z</time></trkpt><trkpt lat="41.55970139506292" lon="-71.32212160382267"><time>2026-08-09T17:42:31Z</time></trkpt><trkpt lat="41.55970119296729" lon="-71.32214767645206"><time>2026-08-09T17:42:32Z</time></trkpt><trkpt lat="41.559708473164896" lon="-71.32218536664688"><time>2026-08-09T17:42:34Z</time></trkpt><trkpt lat="41.55970950758529" lon="-71.32221787640515"><time>2026-08-09T17:42:35Z</time></trkpt><trkpt lat="41.55971255048777" lon="-71.32225803109235"><time>2026-08-09T17:42:37Z</time></trkpt><trkpt lat="41.559715563478825" lon="-71.32228344585167"><time>2026-08-09T17:42:38Z</time></trkpt><trkpt lat="41.55972534442859" lon="-71.32231407947559"><time>2026-08-09T17:42:39Z</time></trkpt><trkpt lat="41.55973481897694" lon="-71.32234362154234"><time>2026-08-09T17:42:40Z</time></trkpt><trkpt lat="41.559739545216694" lon="-71.32238461330293"><time>2026-08-09T17:42:41Z</time></trkpt><trkpt lat="41.55973758436739" lon="-71.3224257895465"><time>2026-08-09T17:42:42Z</time></trkpt><trkpt lat="41.55973103797268" lon="-71.32245955886965"><time>2026-08-09T17:42:43Z</time></trkpt><trkpt lat="41.559742236359966" lon="-71.32250368619816"><time>2026-08-09T17:42:45Z</time></trkpt><trkpt lat="41.559749725745085" lon="-71.3225365679184"><time>2026-08-09T17:42:46Z</time></trkpt><trkpt lat="41.55975538855976" lon="-71.32257037818113"><time>2026-08-09T17:42:47Z</time></trkpt><trkpt lat="41.55976086207047" lon="-71.32260679390271"><time>2026-08-09T17:42:48Z</time></trkpt><trkpt lat="41.55975496353134" lon="-71.32263348174895"><time>2026-08-09T17:42:49Z</time></trkpt><trkpt lat="41.55975553131882" lon="-71.32265949656286"><time>2026-08-09T17:42:50Z</time></trkpt><trkpt lat="41.55975568961524" lon="-71.32268405837523"><time>2026-08-09T17:42:51Z</time></trkpt><trkpt lat="41.55975420821406" lon="-71.3227095221443"><time>2026-08-09T17:42:52Z</time></trkpt><trkpt lat="41.55975015730136" lon="-71.32274357150672"><time>2026-08-09T17:42:53Z</time></trkpt><trkpt lat="41.55974763754825" lon="-71.32277004751263"><time>2026-08-09T17:42:54Z</time></trkpt><trkpt lat="41.5597494720588" lon="-71.32279525522337"><time>2026-08-09T17:42:55Z</time></trkpt><trkpt lat="41.5597469559367" lon="-71.32282145106134"><time>2026-08-09T17:42:56Z</time></trkpt><trkpt lat="41.559745380168806" lon="-71.32284565816043"><time>2026-08-09T17:42:57Z</time></trkpt><trkpt lat="41.55974394463501" lon="-71.32287371112373"><time>2026-08-09T17:42:58Z</time></trkpt><trkpt lat="41.55973855270546" lon="-71.32290585162538"><time>2026-08-09T17:42:59Z</time></trkpt><trkpt lat="41.559733994642514" lon="-71.32293521230362"><time>2026-08-09T17:43:00Z</time></trkpt><trkpt lat="41.559729917221574" lon="-71.32297004764168"><time>2026-08-09T17:43:01Z</time></trkpt><trkpt lat="41.55972355123229" lon="-71.32299453475746"><time>2026-08-09T17:43:02Z</time></trkpt><trkpt lat="41.559713447639616" lon="-71.32301820065423"><time>2026-08-09T17:43:03Z</time></trkpt><trkpt lat="41.55970827152862" lon="-71.32304704323226"><time>2026-08-09T17:43:04Z</time></trkpt><trkpt lat="41.55970321442559" lon="-71.32307633302096"><time>2026-08-09T17:43:05Z</time></trkpt><trkpt lat="41.55969812953394" lon="-71.32310258565634"><time>2026-08-09T17:43:06Z</time></trkpt><trkpt lat="41.559692315835946" lon="-71.32313120268104"><time>2026-08-09T17:43:07Z</time></trkpt><trkpt lat="41.559681230013105" lon="-71.32315618844669"><time>2026-08-09T17:43:08Z</time></trkpt><trkpt lat="41.559675325828884" lon="-71.32318494342867"><time>2026-08-09T17:43:09Z</time></trkpt><trkpt lat="41.5596680471587" lon="-71.323210414007"><time>2026-08-09T17:43:10Z</time></trkpt><trkpt lat="41.559662907283084" lon="-71.32323666636539"><time>2026-08-09T17:43:11Z</time></trkpt><trkpt lat="41.55965420374821" lon="-71.3232617321867"><time>2026-08-09T17:43:12Z</time></trkpt><trkpt lat="41.55964493939296" lon="-71.32328912571056"><time>2026-08-09T17:43:13Z</time></trkpt><trkpt lat="41.55964190832073" lon="-71.32331865487848"><time>2026-08-09T17:43:14Z</time></trkpt><trkpt lat="41.55963289203666" lon="-71.32334574426139"><time>2026-08-09T17:43:15Z</time></trkpt><trkpt lat="41.559623370831055" lon="-71.32337192337071"><time>2026-08-09T17:43:16Z</time></trkpt><trkpt lat="41.55961673678143" lon="-71.32340041443507"><time>2026-08-09T17:43:17Z</time></trkpt><trkpt lat="41.55960920499783" lon="-71.32342788986442"><time>2026-08-09T17:43:18Z</time></trkpt><trkpt lat="41.55960085499814" lon="-71.32345595265743"><time>2026-08-09T17:43:19Z</time></trkpt><trkpt lat="41.55959210227121" lon="-71.32348521268813"><time>2026-08-09T17:43:20Z</time></trkpt><trkpt lat="41.55958434872329" lon="-71.32351317404762"><time>2026-08-09T17:43:21Z</time></trkpt><trkpt lat="41.559575934957145" lon="-71.32354189084867"><time>2026-08-09T17:43:22Z</time></trkpt><trkpt lat="41.55956623200465" lon="-71.32356823169576"><time>2026-08-09T17:43:23Z</time></trkpt><trkpt lat="41.55955774871612" lon="-71.32359739166866"><time>2026-08-09T17:43:24Z</time></trkpt><trkpt lat="41.55954934092899" lon="-71.32362181774093"><time>2026-08-09T17:43:25Z</time></trkpt><trkpt lat="41.55953791110422" lon="-71.32364821739833"><time>2026-08-09T17:43:26Z</time></trkpt><trkpt lat="41.55953265280619" lon="-71.32367378628663"><time>2026-08-09T17:43:27Z</time></trkpt><trkpt lat="41.55952409193566" lon="-71.32370198524073"><time>2026-08-09T17:43:28Z</time></trkpt><trkpt lat="41.5595152988694" lon="-71.32372919135436"><time>2026-08-09T17:43:29Z</time></trkpt><trkpt lat="41.55950671470168" lon="-71.32375459800454"><time>2026-08-09T17:43:30Z</time></trkpt><trkpt lat="41.55949856534952" lon="-71.32378291919751"><time>2026-08-09T17:43:31Z</time></trkpt><trkpt lat="41.55948959624711" lon="-71.32381026826668"><time>2026-08-09T17:43:32Z</time></trkpt><trkpt lat="41.559482748138656" lon="-71.32383770626815"><time>2026-08-09T17:43:33Z</time></trkpt><trkpt lat="41.559473102194936" lon="-71.32386517040224"><time>2026-08-09T17:43:34Z</time></trkpt><trkpt lat="41.559464843817345" lon="-71.32389276376556"><time>2026-08-09T17:43:35Z</time></trkpt><trkpt lat="41.55945626920816" lon="-71.32392176405335"><time>2026-08-09T17:43:36Z</time></trkpt><trkpt lat="41.559447558957274" lon="-71.32394997341014"><time>2026-08-09T17:43:37Z</time></trkpt><trkpt lat="41.55943827276816" lon="-71.3239778864638"><time>2026-08-09T17:43:38Z</time></trkpt><trkpt lat="41.55943231161201" lon="-71.32401010126922"><time>2026-08-09T17:43:39Z</time></trkpt><trkpt lat="41.55942488592111" lon="-71.32403811523243"><time>2026-08-09T17:43:40Z</time></trkpt><trkpt lat="41.55941684800749" lon="-71.32406571946059"><time>2026-08-09T17:43:41Z</time></trkpt><trkpt lat="41.559407603584766" lon="-71.32409551774914"><time>2026-08-09T17:43:42Z</time></trkpt><trkpt lat="41.55940118477056" lon="-71.32412382824084"><time>2026-08-09T17:43:43Z</time></trkpt><trkpt lat="41.55939392504766" lon="-71.32415330018563"><time>2026-08-09T17:43:44Z</time></trkpt><trkpt lat="41.55938643503112" lon="-71.32418132743815"><time>2026-08-09T17:43:45Z</time></trkpt><trkpt lat="41.5593791094205" lon="-71.324209415245"><time>2026-08-09T17:43:46Z</time></trkpt><trkpt lat="41.5593723156742" lon="-71.32423785093101"><time>2026-08-09T17:43:47Z</time></trkpt><trkpt lat="41.5593657148585" lon="-71.32426496335063"><time>2026-08-09T17:43:48Z</time></trkpt><trkpt lat="41.55935804886147" lon="-71.3242944670325"><time>2026-08-09T17:43:49Z</time></trkpt><trkpt lat="41.559349244170626" lon="-71.32432269481274"><time>2026-08-09T17:43:50Z</time></trkpt><trkpt lat="41.55934184702536" lon="-71.32435250133801"><time>2026-08-09T17:43:51Z</time></trkpt><trkpt lat="41.55933437833214" lon="-71.32438241130008"><time>2026-08-09T17:43:52Z</time></trkpt><trkpt lat="41.5593269918379" lon="-71.32441269062464"><time>2026-08-09T17:43:53Z</time></trkpt><trkpt lat="41.559319573471704" lon="-71.32444391908814"><time>2026-08-09T17:43:54Z</time></trkpt><trkpt lat="41.559312387264576" lon="-71.32447472252497"><time>2026-08-09T17:43:55Z</time></trkpt><trkpt lat="41.55930677538641" lon="-71.3245059236526"><time>2026-08-09T17:43:56Z</time></trkpt><trkpt lat="41.55929818416749" lon="-71.32453557471624"><time>2026-08-09T17:43:57Z</time></trkpt><trkpt lat="41.55929087972354" lon="-71.32456864700693"><time>2026-08-09T17:43:58Z</time></trkpt><trkpt lat="41.559283851588006" lon="-71.32459991779051"><time>2026-08-09T17:43:59Z</time></trkpt><trkpt lat="41.55927602856746" lon="-71.32463010845687"><time>2026-08-09T17:44:00Z</time></trkpt><trkpt lat="41.55926940330975" lon="-71.324661343833"><time>2026-08-09T17:44:01Z</time></trkpt><trkpt lat="41.559262537964884" lon="-71.3246927616493"><time>2026-08-09T17:44:02Z</time></trkpt><trkpt lat="41.55925782976611" lon="-71.32472352306975"><time>2026-08-09T17:44:03Z</time></trkpt><trkpt lat="41.5592487735529" lon="-71.32475550865115"><time>2026-08-09T17:44:04Z</time></trkpt><trkpt lat="41.55924126398411" lon="-71.32478539157276"><time>2026-08-09T17:44:05Z</time></trkpt><trkpt lat="41.55923431383852" lon="-71.32481706650616"><time>2026-08-09T17:44:06Z</time></trkpt><trkpt lat="41.55922672619986" lon="-71.32484658841491"><time>2026-08-09T17:44:07Z</time></trkpt><trkpt lat="41.559220093430746" lon="-71.32487718087793"><time>2026-08-09T17:44:08Z</time></trkpt><trkpt lat="41.55921348072035" lon="-71.3249079743895"><time>2026-08-09T17:44:09Z</time></trkpt><trkpt lat="41.55920679743685" lon="-71.32493982493412"><time>2026-08-09T17:44:10Z</time></trkpt><trkpt lat="41.559201045961665" lon="-71.32497057637624"><time>2026-08-09T17:44:11Z</time></trkpt><trkpt lat="41.559195425533744" lon="-71.32500293919502"><time>2026-08-09T17:44:12Z</time></trkpt><trkpt lat="41.55918933036654" lon="-71.32503465130893"><time>2026-08-09T17:44:13Z</time></trkpt><trkpt lat="41.55918373591961" lon="-71.32506623812728"><time>2026-08-09T17:44:14Z</time></trkpt><trkpt lat="41.55917926767595" lon="-71.32509825616954"><time>2026-08-09T17:44:15Z</time></trkpt><trkpt lat="41.55917422631285" lon="-71.32513023491803"><time>2026-08-09T17:44:16Z</time></trkpt><trkpt lat="41.55917001755522" lon="-71.32515677307981"><time>2026-08-09T17:44:17Z</time></trkpt><trkpt lat="41.5591618593833" lon="-71.32518968589783"><time>2026-08-09T17:44:18Z</time></trkpt><trkpt lat="41.55915608020744" lon="-71.32523078439831"><time>2026-08-09T17:44:19Z</time></trkpt><trkpt lat="41.55915287278316" lon="-71.32528327745345"><time>2026-08-09T17:44:21Z</time></trkpt><trkpt lat="41.559149654998265" lon="-71.32531687030108"><time>2026-08-09T17:44:22Z</time></trkpt><trkpt lat="41.55914534814807" lon="-71.32534883730605"><time>2026-08-09T17:44:23Z</time></trkpt><trkpt lat="41.55914341804975" lon="-71.3253800392315"><time>2026-08-09T17:44:24Z</time></trkpt><trkpt lat="41.559139672011746" lon="-71.32541112251599"><time>2026-08-09T17:44:25Z</time></trkpt><trkpt lat="41.55913644862677" lon="-71.32544572142909"><time>2026-08-09T17:44:26Z</time></trkpt><trkpt lat="41.55913346699008" lon="-71.32547612559314"><time>2026-08-09T17:44:27Z</time></trkpt><trkpt lat="41.5591301426198" lon="-71.3255092917694"><time>2026-08-09T17:44:28Z</time></trkpt><trkpt lat="41.55912743638003" lon="-71.3255413724346"><time>2026-08-09T17:44:29Z</time></trkpt><trkpt lat="41.55912457105302" lon="-71.32557544495795"><time>2026-08-09T17:44:30Z</time></trkpt><trkpt lat="41.55912205083738" lon="-71.3256082723215"><time>2026-08-09T17:44:31Z</time></trkpt><trkpt lat="41.55911853898609" lon="-71.32564197548237"><time>2026-08-09T17:44:32Z</time></trkpt><trkpt lat="41.559116576642666" lon="-71.32567537744222"><time>2026-08-09T17:44:33Z</time></trkpt><trkpt lat="41.559114860374976" lon="-71.32570840881118"><time>2026-08-09T17:44:34Z</time></trkpt><trkpt lat="41.5591135654348" lon="-71.32574218402598"><time>2026-08-09T17:44:35Z</time></trkpt><trkpt lat="41.55911073895473" lon="-71.32577677903798"><time>2026-08-09T17:44:36Z</time></trkpt><trkpt lat="41.55910861870146" lon="-71.32581071153054"><time>2026-08-09T17:44:37Z</time></trkpt><trkpt lat="41.55910647852979" lon="-71.32584417355163"><time>2026-08-09T17:44:38Z</time></trkpt><trkpt lat="41.55910460389185" lon="-71.32587805274733"><time>2026-08-09T17:44:39Z</time></trkpt><trkpt lat="41.559103061690614" lon="-71.32591197848106"><time>2026-08-09T17:44:40Z</time></trkpt><trkpt lat="41.55910048071163" lon="-71.3259471777429"><time>2026-08-09T17:44:41Z</time></trkpt><trkpt lat="41.559099523081485" lon="-71.32598194679171"><time>2026-08-09T17:44:42Z</time></trkpt><trkpt lat="41.55909738300717" lon="-71.32601728949027"><time>2026-08-09T17:44:43Z</time></trkpt><trkpt lat="41.55909580957037" lon="-71.3260520477477"><time>2026-08-09T17:44:44Z</time></trkpt><trkpt lat="41.55909328967585" lon="-71.32608809605334"><time>2026-08-09T17:44:45Z</time></trkpt><trkpt lat="41.559092168883154" lon="-71.32612344817271"><time>2026-08-09T17:44:46Z</time></trkpt><trkpt lat="41.55909140207686" lon="-71.3261590793863"><time>2026-08-09T17:44:47Z</time></trkpt><trkpt lat="41.559090473140124" lon="-71.32619450643827"><time>2026-08-09T17:44:48Z</time></trkpt><trkpt lat="41.55908842671454" lon="-71.32623120523284"><time>2026-08-09T17:44:49Z</time></trkpt><trkpt lat="41.55908688837368" lon="-71.3262661043872"><time>2026-08-09T17:44:50Z</time></trkpt><trkpt lat="41.559084558419116" lon="-71.32630172830795"><time>2026-08-09T17:44:51Z</time></trkpt><trkpt lat="41.559081116330084" lon="-71.32633709919274"><time>2026-08-09T17:44:52Z</time></trkpt><trkpt lat="41.559078699941985" lon="-71.32637334414996"><time>2026-08-09T17:44:53Z</time></trkpt><trkpt lat="41.55907480620635" lon="-71.32640909292368"><time>2026-08-09T17:44:54Z</time></trkpt><trkpt lat="41.55907234534267" lon="-71.32644520510267"><time>2026-08-09T17:44:55Z</time></trkpt><trkpt lat="41.55906896273374" lon="-71.32648111517993"><time>2026-08-09T17:44:56Z</time></trkpt><trkpt lat="41.559065220083646" lon="-71.32651628345182"><time>2026-08-09T17:44:57Z</time></trkpt><trkpt lat="41.55906121303481" lon="-71.3265527325941"><time>2026-08-09T17:44:58Z</time></trkpt><trkpt lat="41.55905726365106" lon="-71.32658920679818"><time>2026-08-09T17:44:59Z</time></trkpt><trkpt lat="41.55905403511172" lon="-71.32662572948418"><time>2026-08-09T17:45:00Z</time></trkpt><trkpt lat="41.55905049913818" lon="-71.32666233870388"><time>2026-08-09T17:45:01Z</time></trkpt><trkpt lat="41.55904511894089" lon="-71.32669783505392"><time>2026-08-09T17:45:02Z</time></trkpt><trkpt lat="41.55904069531742" lon="-71.326735602052"><time>2026-08-09T17:45:03Z</time></trkpt><trkpt lat="41.55903728717241" lon="-71.32677101727039"><time>2026-08-09T17:45:04Z</time></trkpt><trkpt lat="41.559033439859135" lon="-71.3268072547121"><time>2026-08-09T17:45:05Z</time></trkpt><trkpt lat="41.5590275380783" lon="-71.32684305918183"><time>2026-08-09T17:45:06Z</time></trkpt><trkpt lat="41.55902280421917" lon="-71.32688158586627"><time>2026-08-09T17:45:07Z</time></trkpt><trkpt lat="41.55901732381679" lon="-71.3269157958866"><time>2026-08-09T17:45:08Z</time></trkpt><trkpt lat="41.55901162687581" lon="-71.32695243594534"><time>2026-08-09T17:45:09Z</time></trkpt><trkpt lat="41.55900699875536" lon="-71.32698645836362"><time>2026-08-09T17:45:10Z</time></trkpt><trkpt lat="41.5590041873137" lon="-71.32702017439036"><time>2026-08-09T17:45:11Z</time></trkpt><trkpt lat="41.5590001398676" lon="-71.32705825048177"><time>2026-08-09T17:45:12Z</time></trkpt><trkpt lat="41.55899764948101" lon="-71.32709345538609"><time>2026-08-09T17:45:13Z</time></trkpt><trkpt lat="41.55899486227087" lon="-71.32712930730384"><time>2026-08-09T17:45:14Z</time></trkpt><trkpt lat="41.55899141857542" lon="-71.32716536136726"><time>2026-08-09T17:45:15Z</time></trkpt><trkpt lat="41.55898865977989" lon="-71.32720280528552"><time>2026-08-09T17:45:16Z</time></trkpt><trkpt lat="41.55898709549211" lon="-71.32723791601862"><time>2026-08-09T17:45:17Z</time></trkpt><trkpt lat="41.55898448286525" lon="-71.32727593573672"><time>2026-08-09T17:45:18Z</time></trkpt><trkpt lat="41.558983218263734" lon="-71.32731141825822"><time>2026-08-09T17:45:19Z</time></trkpt><trkpt lat="41.55898146625703" lon="-71.3273499305191"><time>2026-08-09T17:45:20Z</time></trkpt><trkpt lat="41.558980845325856" lon="-71.32738499842095"><time>2026-08-09T17:45:21Z</time></trkpt><trkpt lat="41.55898109930021" lon="-71.32742147160535"><time>2026-08-09T17:45:22Z</time></trkpt><trkpt lat="41.55898142916675" lon="-71.327458676719"><time>2026-08-09T17:45:23Z</time></trkpt><trkpt lat="41.55898233658275" lon="-71.32749627626865"><time>2026-08-09T17:45:24Z</time></trkpt><trkpt lat="41.558982795687434" lon="-71.32753366508918"><time>2026-08-09T17:45:25Z</time></trkpt><trkpt lat="41.55898376702598" lon="-71.32757234645777"><time>2026-08-09T17:45:26Z</time></trkpt><trkpt lat="41.55898360844195" lon="-71.32760981695216"><time>2026-08-09T17:45:27Z</time></trkpt><trkpt lat="41.558984589601216" lon="-71.32764850132585"><time>2026-08-09T17:45:28Z</time></trkpt><trkpt lat="41.558983232624364" lon="-71.32768769976941"><time>2026-08-09T17:45:29Z</time></trkpt><trkpt lat="41.55898375060423" lon="-71.32772511036907"><time>2026-08-09T17:45:30Z</time></trkpt><trkpt lat="41.55898185394798" lon="-71.32776442404382"><time>2026-08-09T17:45:31Z</time></trkpt><trkpt lat="41.558980507675805" lon="-71.32780020197934"><time>2026-08-09T17:45:32Z</time></trkpt><trkpt lat="41.55898002786473" lon="-71.32783905466209"><time>2026-08-09T17:45:33Z</time></trkpt><trkpt lat="41.558979411759275" lon="-71.3278765679576"><time>2026-08-09T17:45:34Z</time></trkpt><trkpt lat="41.558981036006756" lon="-71.3279153972817"><time>2026-08-09T17:45:35Z</time></trkpt><trkpt lat="41.558980739844095" lon="-71.32795417687967"><time>2026-08-09T17:45:36Z</time></trkpt><trkpt lat="41.55898074360145" lon="-71.32799209054065"><time>2026-08-09T17:45:37Z</time></trkpt><trkpt lat="41.558980429866494" lon="-71.3280297611137"><time>2026-08-09T17:45:38Z</time></trkpt><trkpt lat="41.55897915938314" lon="-71.32806709455852"><time>2026-08-09T17:45:39Z</time></trkpt><trkpt lat="41.558979170926655" lon="-71.32810569845233"><time>2026-08-09T17:45:40Z</time></trkpt><trkpt lat="41.558978638100996" lon="-71.3281451787563"><time>2026-08-09T17:45:41Z</time></trkpt><trkpt lat="41.558978121854985" lon="-71.32818222817562"><time>2026-08-09T17:45:42Z</time></trkpt><trkpt lat="41.5589766155745" lon="-71.32822012148085"><time>2026-08-09T17:45:43Z</time></trkpt><trkpt lat="41.55897501731579" lon="-71.3282590569862"><time>2026-08-09T17:45:44Z</time></trkpt><trkpt lat="41.55897481564265" lon="-71.32829644446028"><time>2026-08-09T17:45:45Z</time></trkpt><trkpt lat="41.55897286608487" lon="-71.32833448960346"><time>2026-08-09T17:45:46Z</time></trkpt><trkpt lat="41.558973185593125" lon="-71.32837191800526"><time>2026-08-09T17:45:47Z</time></trkpt><trkpt lat="41.55897229971571" lon="-71.3284098190621"><time>2026-08-09T17:45:48Z</time></trkpt><trkpt lat="41.558972161904464" lon="-71.32844663216306"><time>2026-08-09T17:45:49Z</time></trkpt><trkpt lat="41.5589718505818" lon="-71.3284850802457"><time>2026-08-09T17:45:50Z</time></trkpt><trkpt lat="41.558971546665084" lon="-71.32852187731066"><time>2026-08-09T17:45:51Z</time></trkpt><trkpt lat="41.55896899310998" lon="-71.32855971444664"><time>2026-08-09T17:45:52Z</time></trkpt><trkpt lat="41.558968007083834" lon="-71.32860180028291"><time>2026-08-09T17:45:53Z</time></trkpt><trkpt lat="41.5589676982599" lon="-71.32864049643658"><time>2026-08-09T17:45:54Z</time></trkpt><trkpt lat="41.55896456897975" lon="-71.3286729341901"><time>2026-08-09T17:45:55Z</time></trkpt><trkpt lat="41.5589731608413" lon="-71.3287116115072"><time>2026-08-09T17:45:56Z</time></trkpt><trkpt lat="41.55896972671994" lon="-71.32874904463158"><time>2026-08-09T17:45:57Z</time></trkpt><trkpt lat="41.55896622073042" lon="-71.32878688205254"><time>2026-08-09T17:45:58Z</time></trkpt><trkpt lat="41.55896351956624" lon="-71.32882596286794"><time>2026-08-09T17:45:59Z</time></trkpt><trkpt lat="41.55895918668668" lon="-71.32886253391209"><time>2026-08-09T17:46:00Z</time></trkpt><trkpt lat="41.558955642164534" lon="-71.32890252017334"><time>2026-08-09T17:46:01Z</time></trkpt><trkpt lat="41.55895557407775" lon="-71.32893474167862"><time>2026-08-09T17:46:02Z</time></trkpt><trkpt lat="41.55895721588613" lon="-71.32897805364617"><time>2026-08-09T17:46:03Z</time></trkpt><trkpt lat="41.55895371161073" lon="-71.32901368156863"><time>2026-08-09T17:46:04Z</time></trkpt><trkpt lat="41.558953406049696" lon="-71.32905094855876"><time>2026-08-09T17:46:05Z</time></trkpt><trkpt lat="41.55895166909214" lon="-71.32908892840362"><time>2026-08-09T17:46:06Z</time></trkpt><trkpt lat="41.558952338793965" lon="-71.32912584467452"><time>2026-08-09T17:46:07Z</time></trkpt><trkpt lat="41.55895234966665" lon="-71.32915995382368"><time>2026-08-09T17:46:08Z</time></trkpt><trkpt lat="41.55895299716534" lon="-71.32919649088487"><time>2026-08-09T17:46:09Z</time></trkpt><trkpt lat="41.5589528736777" lon="-71.32923137942136"><time>2026-08-09T17:46:10Z</time></trkpt><trkpt lat="41.55895353538567" lon="-71.32926769601622"><time>2026-08-09T17:46:11Z</time></trkpt><trkpt lat="41.55895477519574" lon="-71.32930343878772"><time>2026-08-09T17:46:12Z</time></trkpt><trkpt lat="41.558956755698496" lon="-71.32933927342746"><time>2026-08-09T17:46:13Z</time></trkpt><trkpt lat="41.55895872376778" lon="-71.32937461151691"><time>2026-08-09T17:46:14Z</time></trkpt><trkpt lat="41.55896113980704" lon="-71.32941081782106"><time>2026-08-09T17:46:15Z</time></trkpt><trkpt lat="41.558963710072796" lon="-71.3294449835649"><time>2026-08-09T17:46:16Z</time></trkpt><trkpt lat="41.55896625039556" lon="-71.3294815489487"><time>2026-08-09T17:46:17Z</time></trkpt><trkpt lat="41.558967517246415" lon="-71.32951559543785"><time>2026-08-09T17:46:18Z</time></trkpt><trkpt lat="41.55896989840098" lon="-71.32955129572441"><time>2026-08-09T17:46:19Z</time></trkpt><trkpt lat="41.558971436902304" lon="-71.32958555056247"><time>2026-08-09T17:46:20Z</time></trkpt><trkpt lat="41.558971123108705" lon="-71.32962148647393"><time>2026-08-09T17:46:21Z</time></trkpt><trkpt lat="41.55897324251277" lon="-71.32965808721009"><time>2026-08-09T17:46:22Z</time></trkpt><trkpt lat="41.558974620701086" lon="-71.329693450069"><time>2026-08-09T17:46:23Z</time></trkpt><trkpt lat="41.55897470099078" lon="-71.32972966073258"><time>2026-08-09T17:46:24Z</time></trkpt><trkpt lat="41.55897695740058" lon="-71.32976380202584"><time>2026-08-09T17:46:25Z</time></trkpt><trkpt lat="41.55897812738417" lon="-71.32979970989284"><time>2026-08-09T17:46:26Z</time></trkpt><trkpt lat="41.55897860826294" lon="-71.32983460258774"><time>2026-08-09T17:46:27Z</time></trkpt><trkpt lat="41.55898058270957" lon="-71.32987094606295"><time>2026-08-09T17:46:28Z</time></trkpt><trkpt lat="41.558983639885376" lon="-71.32990431494429"><time>2026-08-09T17:46:29Z</time></trkpt><trkpt lat="41.55898405921216" lon="-71.32994047163714"><time>2026-08-09T17:46:30Z</time></trkpt><trkpt lat="41.55898740524534" lon="-71.32997534288683"><time>2026-08-09T17:46:31Z</time></trkpt><trkpt lat="41.55898788992012" lon="-71.33000961550174"><time>2026-08-09T17:46:32Z</time></trkpt><trkpt lat="41.558991751474316" lon="-71.33004594394654"><time>2026-08-09T17:46:33Z</time></trkpt><trkpt lat="41.55899288209824" lon="-71.33007849853172"><time>2026-08-09T17:46:34Z</time></trkpt><trkpt lat="41.55899646311959" lon="-71.3301158585061"><time>2026-08-09T17:46:35Z</time></trkpt><trkpt lat="41.558997798204146" lon="-71.33015010605848"><time>2026-08-09T17:46:36Z</time></trkpt><trkpt lat="41.55900226466447" lon="-71.33018801232575"><time>2026-08-09T17:46:37Z</time></trkpt><trkpt lat="41.55900395123157" lon="-71.33022337976851"><time>2026-08-09T17:46:38Z</time></trkpt><trkpt lat="41.55900639436719" lon="-71.33026149072982"><time>2026-08-09T17:46:39Z</time></trkpt><trkpt lat="41.55900844960039" lon="-71.33029707143652"><time>2026-08-09T17:46:40Z</time></trkpt><trkpt lat="41.559012220416975" lon="-71.33033633437991"><time>2026-08-09T17:46:41Z</time></trkpt><trkpt lat="41.559014123935086" lon="-71.3303739520419"><time>2026-08-09T17:46:42Z</time></trkpt><trkpt lat="41.55901719832742" lon="-71.3304110078209"><time>2026-08-09T17:46:43Z</time></trkpt><trkpt lat="41.55901899596113" lon="-71.33044883641011"><time>2026-08-09T17:46:44Z</time></trkpt><trkpt lat="41.55902069622755" lon="-71.33048571784687"><time>2026-08-09T17:46:45Z</time></trkpt><trkpt lat="41.55902262979265" lon="-71.33052627158656"><time>2026-08-09T17:46:46Z</time></trkpt><trkpt lat="41.55902426684449" lon="-71.3305641587852"><time>2026-08-09T17:46:47Z</time></trkpt><trkpt lat="41.55902366763809" lon="-71.3306016023616"><time>2026-08-09T17:46:48Z</time></trkpt><trkpt lat="41.5590259377743" lon="-71.3306400679001"><time>2026-08-09T17:46:49Z</time></trkpt><trkpt lat="41.55902553279611" lon="-71.33067836209764"><time>2026-08-09T17:46:50Z</time></trkpt><trkpt lat="41.55902703618078" lon="-71.33071584557868"><time>2026-08-09T17:46:51Z</time></trkpt><trkpt lat="41.55902848536313" lon="-71.33075329212974"><time>2026-08-09T17:46:52Z</time></trkpt><trkpt lat="41.559029049538985" lon="-71.33079191387158"><time>2026-08-09T17:46:53Z</time></trkpt><trkpt lat="41.55902956914311" lon="-71.33083045672667"><time>2026-08-09T17:46:54Z</time></trkpt><trkpt lat="41.559029989732714" lon="-71.33086855121628"><time>2026-08-09T17:46:55Z</time></trkpt><trkpt lat="41.55903005695355" lon="-71.33090820464511"><time>2026-08-09T17:46:56Z</time></trkpt><trkpt lat="41.55903039117667" lon="-71.33094629142857"><time>2026-08-09T17:46:57Z</time></trkpt><trkpt lat="41.55903099974994" lon="-71.33098479092125"><time>2026-08-09T17:46:58Z</time></trkpt><trkpt lat="41.559030750405554" lon="-71.33102534888933"><time>2026-08-09T17:46:59Z</time></trkpt><trkpt lat="41.55903243844115" lon="-71.33106171210633"><time>2026-08-09T17:47:00Z</time></trkpt><trkpt lat="41.55903262561859" lon="-71.33110187567348"><time>2026-08-09T17:47:01Z</time></trkpt><trkpt lat="41.55903416303235" lon="-71.33113937556632"><time>2026-08-09T17:47:02Z</time></trkpt><trkpt lat="41.55903457806361" lon="-71.33117967250769"><time>2026-08-09T17:47:03Z</time></trkpt><trkpt lat="41.5590367829787" lon="-71.33121965705075"><time>2026-08-09T17:47:04Z</time></trkpt><trkpt lat="41.55903743901176" lon="-71.33125960978685"><time>2026-08-09T17:47:05Z</time></trkpt><trkpt lat="41.559038414995584" lon="-71.331296867235"><time>2026-08-09T17:47:06Z</time></trkpt><trkpt lat="41.55903531239337" lon="-71.33133727530739"><time>2026-08-09T17:47:07Z</time></trkpt><trkpt lat="41.55903291578268" lon="-71.3313751003531"><time>2026-08-09T17:47:08Z</time></trkpt><trkpt lat="41.55902823571009" lon="-71.33141180208798"><time>2026-08-09T17:47:09Z</time></trkpt><trkpt lat="41.55902479055375" lon="-71.33144855922939"><time>2026-08-09T17:47:10Z</time></trkpt><trkpt lat="41.55902066533862" lon="-71.33148835982313"><time>2026-08-09T17:47:11Z</time></trkpt><trkpt lat="41.55901636300857" lon="-71.33152487723792"><time>2026-08-09T17:47:12Z</time></trkpt><trkpt lat="41.55901341134436" lon="-71.33156551369022"><time>2026-08-09T17:47:13Z</time></trkpt><trkpt lat="41.5590149008447" lon="-71.33159889122814"><time>2026-08-09T17:47:14Z</time></trkpt><trkpt lat="41.559017637918586" lon="-71.33163745021007"><time>2026-08-09T17:47:15Z</time></trkpt><trkpt lat="41.55901947104002" lon="-71.33167561885158"><time>2026-08-09T17:47:16Z</time></trkpt><trkpt lat="41.55902090659029" lon="-71.33171053184755"><time>2026-08-09T17:47:17Z</time></trkpt><trkpt lat="41.5590256427266" lon="-71.33173953487662"><time>2026-08-09T17:47:18Z</time></trkpt><trkpt lat="41.559030709011026" lon="-71.33177991063612"><time>2026-08-09T17:47:19Z</time></trkpt><trkpt lat="41.55903684202685" lon="-71.33181765639885"><time>2026-08-09T17:47:20Z</time></trkpt><trkpt lat="41.559044046067406" lon="-71.33185376528154"><time>2026-08-09T17:47:21Z</time></trkpt><trkpt lat="41.55905138852243" lon="-71.33188887198888"><time>2026-08-09T17:47:22Z</time></trkpt><trkpt lat="41.55905756099757" lon="-71.33192547843238"><time>2026-08-09T17:47:23Z</time></trkpt><trkpt lat="41.559063716821896" lon="-71.33196117198356"><time>2026-08-09T17:47:24Z</time></trkpt><trkpt lat="41.559068438721454" lon="-71.331995576384"><time>2026-08-09T17:47:25Z</time></trkpt><trkpt lat="41.55906702112355" lon="-71.33203700767704"><time>2026-08-09T17:47:26Z</time></trkpt><trkpt lat="41.5590743761776" lon="-71.33206931581594"><time>2026-08-09T17:47:27Z</time></trkpt><trkpt lat="41.55908157409109" lon="-71.3321063685592"><time>2026-08-09T17:47:28Z</time></trkpt><trkpt lat="41.55908732425561" lon="-71.33214686150293"><time>2026-08-09T17:47:29Z</time></trkpt><trkpt lat="41.559093397199526" lon="-71.33218471146967"><time>2026-08-09T17:47:30Z</time></trkpt><trkpt lat="41.55909646965003" lon="-71.33221755257719"><time>2026-08-09T17:47:31Z</time></trkpt><trkpt lat="41.559106783380464" lon="-71.33225404708777"><time>2026-08-09T17:47:32Z</time></trkpt><trkpt lat="41.55911338372588" lon="-71.33229045757972"><time>2026-08-09T17:47:33Z</time></trkpt><trkpt lat="41.55912205051519" lon="-71.33232717273107"><time>2026-08-09T17:47:34Z</time></trkpt><trkpt lat="41.55912889727962" lon="-71.33236564750393"><time>2026-08-09T17:47:35Z</time></trkpt><trkpt lat="41.55913458542626" lon="-71.3324043342988"><time>2026-08-09T17:47:36Z</time></trkpt><trkpt lat="41.55914083518618" lon="-71.3324406247987"><time>2026-08-09T17:47:37Z</time></trkpt><trkpt lat="41.55914682003187" lon="-71.33247747641725"><time>2026-08-09T17:47:38Z</time></trkpt><trkpt lat="41.55915066265925" lon="-71.33251290874793"><time>2026-08-09T17:47:39Z</time></trkpt><trkpt lat="41.55915756581066" lon="-71.33254748690268"><time>2026-08-09T17:47:40Z</time></trkpt><trkpt lat="41.559171170344335" lon="-71.33257487996029"><time>2026-08-09T17:47:41Z</time></trkpt><trkpt lat="41.559177872388545" lon="-71.33261016428722"><time>2026-08-09T17:47:42Z</time></trkpt><trkpt lat="41.55917389093672" lon="-71.33264771330921"><time>2026-08-09T17:47:43Z</time></trkpt><trkpt lat="41.55917755270017" lon="-71.33268795966792"><time>2026-08-09T17:47:44Z</time></trkpt><trkpt lat="41.559185342918404" lon="-71.3327246210481"><time>2026-08-09T17:47:45Z</time></trkpt><trkpt lat="41.55919077967844" lon="-71.33276160468036"><time>2026-08-09T17:47:46Z</time></trkpt><trkpt lat="41.55919523084907" lon="-71.3327996714236"><time>2026-08-09T17:47:47Z</time></trkpt><trkpt lat="41.55919820019725" lon="-71.3328292094753"><time>2026-08-09T17:47:48Z</time></trkpt><trkpt lat="41.559200757824826" lon="-71.33286344424701"><time>2026-08-09T17:47:49Z</time></trkpt><trkpt lat="41.559208536993935" lon="-71.33289704868885"><time>2026-08-09T17:47:50Z</time></trkpt><trkpt lat="41.55922029600448" lon="-71.3329223343779"><time>2026-08-09T17:47:51Z</time></trkpt><trkpt lat="41.55921673757427" lon="-71.33296917395067"><time>2026-08-09T17:47:52Z</time></trkpt><trkpt lat="41.55921693214274" lon="-71.33300883281193"><time>2026-08-09T17:47:53Z</time></trkpt><trkpt lat="41.55922153413779" lon="-71.33304488327147"><time>2026-08-09T17:47:54Z</time></trkpt><trkpt lat="41.559224645719944" lon="-71.33308255584907"><time>2026-08-09T17:47:55Z</time></trkpt><trkpt lat="41.55922963098123" lon="-71.33312187092454"><time>2026-08-09T17:47:56Z</time></trkpt><trkpt lat="41.55923464974265" lon="-71.33315874887676"><time>2026-08-09T17:47:57Z</time></trkpt><trkpt lat="41.559238569243696" lon="-71.33319485809193"><time>2026-08-09T17:47:58Z</time></trkpt><trkpt lat="41.559245764966384" lon="-71.33323346735304"><time>2026-08-09T17:47:59Z</time></trkpt><trkpt lat="41.55925084219091" lon="-71.33327208361257"><time>2026-08-09T17:48:00Z</time></trkpt><trkpt lat="41.5592553708358" lon="-71.33330928376981"><time>2026-08-09T17:48:01Z</time></trkpt><trkpt lat="41.55926008553019" lon="-71.33334881191206"><time>2026-08-09T17:48:02Z</time></trkpt><trkpt lat="41.55926300025656" lon="-71.3333844596807"><time>2026-08-09T17:48:03Z</time></trkpt><trkpt lat="41.55926747034713" lon="-71.33342221351558"><time>2026-08-09T17:48:04Z</time></trkpt><trkpt lat="41.55927015426819" lon="-71.3334596406995"><time>2026-08-09T17:48:05Z</time></trkpt><trkpt lat="41.55927288730965" lon="-71.33349669289771"><time>2026-08-09T17:48:06Z</time></trkpt><trkpt lat="41.559274479423685" lon="-71.33353659490476"><time>2026-08-09T17:48:07Z</time></trkpt><trkpt lat="41.55927562897143" lon="-71.33357383516056"><time>2026-08-09T17:48:08Z</time></trkpt><trkpt lat="41.559276433344145" lon="-71.33361161944275"><time>2026-08-09T17:48:09Z</time></trkpt><trkpt lat="41.55927736241557" lon="-71.33364814598208"><time>2026-08-09T17:48:10Z</time></trkpt><trkpt lat="41.55927759209954" lon="-71.33369327065205"><time>2026-08-09T17:48:11Z</time></trkpt><trkpt lat="41.559279344622546" lon="-71.33373707505406"><time>2026-08-09T17:48:12Z</time></trkpt><trkpt lat="41.55928391712808" lon="-71.33378506217892"><time>2026-08-09T17:48:13Z</time></trkpt><trkpt lat="41.559278438191846" lon="-71.33382840614922"><time>2026-08-09T17:48:14Z</time></trkpt><trkpt lat="41.55928108084542" lon="-71.33385880472598"><time>2026-08-09T17:48:15Z</time></trkpt><trkpt lat="41.55928954749371" lon="-71.33389366805547"><time>2026-08-09T17:48:16Z</time></trkpt><trkpt lat="41.559293990862365" lon="-71.33392832393183"><time>2026-08-09T17:48:17Z</time></trkpt><trkpt lat="41.559298143360294" lon="-71.33396795127054"><time>2026-08-09T17:48:18Z</time></trkpt><trkpt lat="41.559301861268246" lon="-71.33400644597177"><time>2026-08-09T17:48:19Z</time></trkpt><trkpt lat="41.5593045830735" lon="-71.33404261381601"><time>2026-08-09T17:48:20Z</time></trkpt><trkpt lat="41.5593090220915" lon="-71.33408125638721"><time>2026-08-09T17:48:21Z</time></trkpt><trkpt lat="41.55931886531731" lon="-71.33411543178433"><time>2026-08-09T17:48:22Z</time></trkpt><trkpt lat="41.55932161829641" lon="-71.3341513548853"><time>2026-08-09T17:48:23Z</time></trkpt><trkpt lat="41.55932138770866" lon="-71.33418940946223"><time>2026-08-09T17:48:24Z</time></trkpt><trkpt lat="41.559322990952175" lon="-71.33422429009259"><time>2026-08-09T17:48:25Z</time></trkpt><trkpt lat="41.55932453851015" lon="-71.33426209010318"><time>2026-08-09T17:48:26Z</time></trkpt><trkpt lat="41.55932721966974" lon="-71.33429594532741"><time>2026-08-09T17:48:27Z</time></trkpt><trkpt lat="41.559327441554615" lon="-71.33433189218593"><time>2026-08-09T17:48:28Z</time></trkpt><trkpt lat="41.55933020129329" lon="-71.33436808263009"><time>2026-08-09T17:48:29Z</time></trkpt><trkpt lat="41.55933137100734" lon="-71.33441109689103"><time>2026-08-09T17:48:30Z</time></trkpt><trkpt lat="41.55933221860698" lon="-71.33444570183171"><time>2026-08-09T17:48:31Z</time></trkpt><trkpt lat="41.559333948923026" lon="-71.33447987244564"><time>2026-08-09T17:48:32Z</time></trkpt><trkpt lat="41.55933525198862" lon="-71.33451726232943"><time>2026-08-09T17:48:33Z</time></trkpt><trkpt lat="41.55933858168254" lon="-71.33455138665911"><time>2026-08-09T17:48:34Z</time></trkpt><trkpt lat="41.5593396800945" lon="-71.33458775001675"><time>2026-08-09T17:48:35Z</time></trkpt><trkpt lat="41.55934148500862" lon="-71.33462280553086"><time>2026-08-09T17:48:36Z</time></trkpt><trkpt lat="41.55934343737728" lon="-71.33465819407178"><time>2026-08-09T17:48:37Z</time></trkpt><trkpt lat="41.5593443934631" lon="-71.33469184603561"><time>2026-08-09T17:48:38Z</time></trkpt><trkpt lat="41.559345991860276" lon="-71.33472742037947"><time>2026-08-09T17:48:39Z</time></trkpt><trkpt lat="41.55934742934207" lon="-71.33476345931528"><time>2026-08-09T17:48:40Z</time></trkpt><trkpt lat="41.559347748286314" lon="-71.33479654336675"><time>2026-08-09T17:48:41Z</time></trkpt><trkpt lat="41.55934762547049" lon="-71.33483170596278"><time>2026-08-09T17:48:42Z</time></trkpt><trkpt lat="41.55934957863694" lon="-71.3348612899874"><time>2026-08-09T17:48:43Z</time></trkpt><trkpt lat="41.55935209238741" lon="-71.33489704134101"><time>2026-08-09T17:48:44Z</time></trkpt><trkpt lat="41.5593521594594" lon="-71.33493058831496"><time>2026-08-09T17:48:45Z</time></trkpt><trkpt lat="41.55935055072494" lon="-71.33496571131847"><time>2026-08-09T17:48:46Z</time></trkpt><trkpt lat="41.559351570115545" lon="-71.33500101128011"><time>2026-08-09T17:48:47Z</time></trkpt><trkpt lat="41.55935424928079" lon="-71.33503397517369"><time>2026-08-09T17:48:48Z</time></trkpt><trkpt lat="41.55935553680358" lon="-71.3350682742055"><time>2026-08-09T17:48:49Z</time></trkpt><trkpt lat="41.559358308398735" lon="-71.33510223944258"><time>2026-08-09T17:48:50Z</time></trkpt><trkpt lat="41.55935923636349" lon="-71.33513589965183"><time>2026-08-09T17:48:51Z</time></trkpt><trkpt lat="41.55936147842814" lon="-71.33517023520749"><time>2026-08-09T17:48:52Z</time></trkpt><trkpt lat="41.55936336983637" lon="-71.33520430860617"><time>2026-08-09T17:48:53Z</time></trkpt><trkpt lat="41.55936467093476" lon="-71.33523859667392"><time>2026-08-09T17:48:54Z</time></trkpt><trkpt lat="41.55936397133001" lon="-71.33527450751232"><time>2026-08-09T17:48:55Z</time></trkpt><trkpt lat="41.5593636208891" lon="-71.33530898607019"><time>2026-08-09T17:48:56Z</time></trkpt><trkpt lat="41.559363829811" lon="-71.33534408439415"><time>2026-08-09T17:48:57Z</time></trkpt><trkpt lat="41.55936409654825" lon="-71.33537879443615"><time>2026-08-09T17:48:58Z</time></trkpt><trkpt lat="41.559364935510175" lon="-71.33541318589494"><time>2026-08-09T17:48:59Z</time></trkpt><trkpt lat="41.559365319402175" lon="-71.33544665105549"><time>2026-08-09T17:49:00Z</time></trkpt><trkpt lat="41.55936378171843" lon="-71.33548178243655"><time>2026-08-09T17:49:01Z</time></trkpt><trkpt lat="41.559356089378184" lon="-71.33551446818954"><time>2026-08-09T17:49:02Z</time></trkpt><trkpt lat="41.55935144117131" lon="-71.3355486759231"><time>2026-08-09T17:49:03Z</time></trkpt><trkpt lat="41.55935830952632" lon="-71.33558295877856"><time>2026-08-09T17:49:04Z</time></trkpt><trkpt lat="41.55935932803938" lon="-71.33561719050147"><time>2026-08-09T17:49:05Z</time></trkpt><trkpt lat="41.55936071412457" lon="-71.3356544606916"><time>2026-08-09T17:49:06Z</time></trkpt><trkpt lat="41.55936915787995" lon="-71.33569088106522"><time>2026-08-09T17:49:07Z</time></trkpt><trkpt lat="41.55937567221544" lon="-71.33573352157849"><time>2026-08-09T17:49:08Z</time></trkpt><trkpt lat="41.559372412372625" lon="-71.33576246532138"><time>2026-08-09T17:49:09Z</time></trkpt><trkpt lat="41.55937342759752" lon="-71.33579635142934"><time>2026-08-09T17:49:10Z</time></trkpt><trkpt lat="41.559374260366155" lon="-71.33583173705924"><time>2026-08-09T17:49:11Z</time></trkpt><trkpt lat="41.559374806524566" lon="-71.3358671117848"><time>2026-08-09T17:49:12Z</time></trkpt><trkpt lat="41.559375401546895" lon="-71.33590166810322"><time>2026-08-09T17:49:13Z</time></trkpt><trkpt lat="41.5593760456238" lon="-71.33593298061828"><time>2026-08-09T17:49:14Z</time></trkpt><trkpt lat="41.55937987081724" lon="-71.33596767006385"><time>2026-08-09T17:49:15Z</time></trkpt><trkpt lat="41.559382606416094" lon="-71.33600567146662"><time>2026-08-09T17:49:16Z</time></trkpt><trkpt lat="41.55938732298465" lon="-71.33603692015375"><time>2026-08-09T17:49:17Z</time></trkpt><trkpt lat="41.55938547391705" lon="-71.33607149346818"><time>2026-08-09T17:49:18Z</time></trkpt><trkpt lat="41.55939297368123" lon="-71.336108483121"><time>2026-08-09T17:49:19Z</time></trkpt><trkpt lat="41.55939784068683" lon="-71.33614386895628"><time>2026-08-09T17:49:20Z</time></trkpt><trkpt lat="41.559406696276916" lon="-71.33617657556618"><time>2026-08-09T17:49:21Z</time></trkpt><trkpt lat="41.55941893581155" lon="-71.33620820931793"><time>2026-08-09T17:49:22Z</time></trkpt><trkpt lat="41.55942795970741" lon="-71.33624108168434"><time>2026-08-09T17:49:23Z</time></trkpt><trkpt lat="41.55943467000994" lon="-71.3362720036973"><time>2026-08-09T17:49:24Z</time></trkpt><trkpt lat="41.559443729614046" lon="-71.33629951430338"><time>2026-08-09T17:49:25Z</time></trkpt><trkpt lat="41.55945900433113" lon="-71.3363285758768"><time>2026-08-09T17:49:26Z</time></trkpt><trkpt lat="41.559475771138814" lon="-71.33635483579019"><time>2026-08-09T17:49:27Z</time></trkpt><trkpt lat="41.55949423653455" lon="-71.33637967860045"><time>2026-08-09T17:49:28Z</time></trkpt><trkpt lat="41.55951192618613" lon="-71.33639776105693"><time>2026-08-09T17:49:29Z</time></trkpt><trkpt lat="41.55953158988356" lon="-71.3364215772583"><time>2026-08-09T17:49:30Z</time></trkpt><trkpt lat="41.55955310588437" lon="-71.33644024641791"><time>2026-08-09T17:49:31Z</time></trkpt><trkpt lat="41.559574877314354" lon="-71.33645451910998"><time>2026-08-09T17:49:32Z</time></trkpt><trkpt lat="41.55959709211186" lon="-71.33646740671367"><time>2026-08-09T17:49:33Z</time></trkpt><trkpt lat="41.559618428795225" lon="-71.33648100701039"><time>2026-08-09T17:49:34Z</time></trkpt><trkpt lat="41.55964297137939" lon="-71.33649476022205"><time>2026-08-09T17:49:35Z</time></trkpt><trkpt lat="41.559663057797316" lon="-71.33650612946978"><time>2026-08-09T17:49:36Z</time></trkpt><trkpt lat="41.55968463030002" lon="-71.33651843496307"><time>2026-08-09T17:49:37Z</time></trkpt><trkpt lat="41.5597070589483" lon="-71.33653559860069"><time>2026-08-09T17:49:38Z</time></trkpt><trkpt lat="41.55972644619374" lon="-71.3365520672032"><time>2026-08-09T17:49:39Z</time></trkpt><trkpt lat="41.55974749526954" lon="-71.3365692170545"><time>2026-08-09T17:49:40Z</time></trkpt><trkpt lat="41.5597672044743" lon="-71.33658479854758"><time>2026-08-09T17:49:41Z</time></trkpt><trkpt lat="41.5597875754196" lon="-71.3366003006429"><time>2026-08-09T17:49:42Z</time></trkpt><trkpt lat="41.55980831703362" lon="-71.33661610443133"><time>2026-08-09T17:49:43Z</time></trkpt><trkpt lat="41.55982857174344" lon="-71.33663052228466"><time>2026-08-09T17:49:44Z</time></trkpt><trkpt lat="41.55984926287116" lon="-71.33664592170722"><time>2026-08-09T17:49:45Z</time></trkpt><trkpt lat="41.55986917353805" lon="-71.33665917246105"><time>2026-08-09T17:49:46Z</time></trkpt><trkpt lat="41.55988985820239" lon="-71.33667368814352"><time>2026-08-09T17:49:47Z</time></trkpt><trkpt lat="41.55990940661288" lon="-71.3366867156741"><time>2026-08-09T17:49:48Z</time></trkpt><trkpt lat="41.55992983148256" lon="-71.33670062041719"><time>2026-08-09T17:49:49Z</time></trkpt><trkpt lat="41.55994979542984" lon="-71.33671331612184"><time>2026-08-09T17:49:50Z</time></trkpt><trkpt lat="41.559970243676474" lon="-71.3367277175882"><time>2026-08-09T17:49:51Z</time></trkpt><trkpt lat="41.55999062287252" lon="-71.33674087940635"><time>2026-08-09T17:49:52Z</time></trkpt><trkpt lat="41.56001035573122" lon="-71.33675400323077"><time>2026-08-09T17:49:53Z</time></trkpt><trkpt lat="41.56003160938423" lon="-71.33676764086945"><time>2026-08-09T17:49:54Z</time></trkpt><trkpt lat="41.56005099143588" lon="-71.3367818843966"><time>2026-08-09T17:49:55Z</time></trkpt><trkpt lat="41.56007055511934" lon="-71.33679548535285"><time>2026-08-09T17:49:56Z</time></trkpt><trkpt lat="41.56008900422495" lon="-71.3368105421719"><time>2026-08-09T17:49:57Z</time></trkpt><trkpt lat="41.56011085289896" lon="-71.33682613825998"><time>2026-08-09T17:49:58Z</time></trkpt><trkpt lat="41.56012993045255" lon="-71.33683808171034"><time>2026-08-09T17:49:59Z</time></trkpt><trkpt lat="41.56015054129683" lon="-71.33685336563246"><time>2026-08-09T17:50:00Z</time></trkpt><trkpt lat="41.56016955171002" lon="-71.33686720752543"><time>2026-08-09T17:50:01Z</time></trkpt><trkpt lat="41.5601892271172" lon="-71.33687819033874"><time>2026-08-09T17:50:02Z</time></trkpt><trkpt lat="41.560208029751784" lon="-71.33689184682481"><time>2026-08-09T17:50:03Z</time></trkpt><trkpt lat="41.56022882899662" lon="-71.33690565642034"><time>2026-08-09T17:50:04Z</time></trkpt><trkpt lat="41.56024710737414" lon="-71.33691590935766"><time>2026-08-09T17:50:05Z</time></trkpt><trkpt lat="41.56026727059248" lon="-71.33693039639255"><time>2026-08-09T17:50:06Z</time></trkpt><trkpt lat="41.56028762028351" lon="-71.33694221231742"><time>2026-08-09T17:50:07Z</time></trkpt><trkpt lat="41.56030674556403" lon="-71.33695223953835"><time>2026-08-09T17:50:08Z</time></trkpt><trkpt lat="41.56032760320426" lon="-71.33696395289466"><time>2026-08-09T17:50:09Z</time></trkpt><trkpt lat="41.560362327883716" lon="-71.33699919453444"><time>2026-08-09T17:50:11Z</time></trkpt><trkpt lat="41.56038442741634" lon="-71.33701871347425"><time>2026-08-09T17:50:12Z</time></trkpt><trkpt lat="41.5604099636044" lon="-71.33702863954376"><time>2026-08-09T17:50:13Z</time></trkpt><trkpt lat="41.56043033965551" lon="-71.33703615021093"><time>2026-08-09T17:50:14Z</time></trkpt><trkpt lat="41.56044925429418" lon="-71.33704896754493"><time>2026-08-09T17:50:15Z</time></trkpt><trkpt lat="41.560467303785735" lon="-71.33706581983121"><time>2026-08-09T17:50:16Z</time></trkpt><trkpt lat="41.56048531297019" lon="-71.33708143425416"><time>2026-08-09T17:50:17Z</time></trkpt><trkpt lat="41.56050311024283" lon="-71.3371002957562"><time>2026-08-09T17:50:18Z</time></trkpt><trkpt lat="41.560521744730956" lon="-71.3371131355684"><time>2026-08-09T17:50:19Z</time></trkpt><trkpt lat="41.56053704392569" lon="-71.33712677077737"><time>2026-08-09T17:50:20Z</time></trkpt><trkpt lat="41.560556140750805" lon="-71.3371473412289"><time>2026-08-09T17:50:21Z</time></trkpt><trkpt lat="41.56057367481223" lon="-71.33716522309504"><time>2026-08-09T17:50:22Z</time></trkpt><trkpt lat="41.56059179263145" lon="-71.33718164010473"><time>2026-08-09T17:50:23Z</time></trkpt><trkpt lat="41.560611360029554" lon="-71.33719700337994"><time>2026-08-09T17:50:24Z</time></trkpt><trkpt lat="41.56063038083089" lon="-71.33721242010087"><time>2026-08-09T17:50:25Z</time></trkpt><trkpt lat="41.560653744915705" lon="-71.33722729548691"><time>2026-08-09T17:50:26Z</time></trkpt><trkpt lat="41.56067049550746" lon="-71.33725175494138"><time>2026-08-09T17:50:27Z</time></trkpt><trkpt lat="41.56069239298041" lon="-71.33727913290758"><time>2026-08-09T17:50:28Z</time></trkpt><trkpt lat="41.56070812735333" lon="-71.33729849154419"><time>2026-08-09T17:50:29Z</time></trkpt><trkpt lat="41.56072499365395" lon="-71.33731217398282"><time>2026-08-09T17:50:30Z</time></trkpt><trkpt lat="41.560745415841325" lon="-71.33733123686173"><time>2026-08-09T17:50:31Z</time></trkpt><trkpt lat="41.56076698181201" lon="-71.33734622648923"><time>2026-08-09T17:50:32Z</time></trkpt><trkpt lat="41.560791377999614" lon="-71.33736858282505"><time>2026-08-09T17:50:33Z</time></trkpt><trkpt lat="41.56080971574459" lon="-71.3373826998654"><time>2026-08-09T17:50:34Z</time></trkpt><trkpt lat="41.56082480500005" lon="-71.3374014951827"><time>2026-08-09T17:50:35Z</time></trkpt><trkpt lat="41.560844571377075" lon="-71.33741961807567"><time>2026-08-09T17:50:36Z</time></trkpt><trkpt lat="41.560864118991944" lon="-71.33743711631395"><time>2026-08-09T17:50:37Z</time></trkpt><trkpt lat="41.56088384642925" lon="-71.33745645375275"><time>2026-08-09T17:50:38Z</time></trkpt><trkpt lat="41.56090684318847" lon="-71.33748009800833"><time>2026-08-09T17:50:39Z</time></trkpt><trkpt lat="41.56093173088472" lon="-71.3374979202061"><time>2026-08-09T17:50:40Z</time></trkpt><trkpt lat="41.56095515556075" lon="-71.3375195634964"><time>2026-08-09T17:50:41Z</time></trkpt><trkpt lat="41.560978312846146" lon="-71.33753361966468"><time>2026-08-09T17:50:42Z</time></trkpt><trkpt lat="41.5610012287623" lon="-71.33754662764237"><time>2026-08-09T17:50:43Z</time></trkpt><trkpt lat="41.561026992373215" lon="-71.3375676619431"><time>2026-08-09T17:50:44Z</time></trkpt><trkpt lat="41.56105027030351" lon="-71.33757609708935"><time>2026-08-09T17:50:45Z</time></trkpt><trkpt lat="41.561079741663946" lon="-71.33758854191679"><time>2026-08-09T17:50:46Z</time></trkpt><trkpt lat="41.56110373537883" lon="-71.33759266824573"><time>2026-08-09T17:50:47Z</time></trkpt><trkpt lat="41.56113188922925" lon="-71.33758024443647"><time>2026-08-09T17:50:48Z</time></trkpt><trkpt lat="41.561152762351455" lon="-71.33756867198268"><time>2026-08-09T17:50:49Z</time></trkpt><trkpt lat="41.561176715311326" lon="-71.33756214233922"><time>2026-08-09T17:50:50Z</time></trkpt><trkpt lat="41.56119288972608" lon="-71.33755041848397"><time>2026-08-09T17:50:51Z</time></trkpt><trkpt lat="41.56122296843087" lon="-71.33752374657833"><time>2026-08-09T17:50:53Z</time></trkpt><trkpt lat="41.56124033474726" lon="-71.33751275333762"><time>2026-08-09T17:50:54Z</time></trkpt><trkpt lat="41.56126846339381" lon="-71.33749098186854"><time>2026-08-09T17:50:56Z</time></trkpt><trkpt lat="41.561276322815125" lon="-71.33746819351923"><time>2026-08-09T17:50:57Z</time></trkpt><trkpt lat="41.561286920617455" lon="-71.33744092515236"><time>2026-08-09T17:50:58Z</time></trkpt><trkpt lat="41.56130106421334" lon="-71.3374229247118"><time>2026-08-09T17:50:59Z</time></trkpt><trkpt lat="41.56131203629688" lon="-71.33740337739904"><time>2026-08-09T17:51:00Z</time></trkpt><trkpt lat="41.56132739657953" lon="-71.33735884010532"><time>2026-08-09T17:51:02Z</time></trkpt><trkpt lat="41.561336353430924" lon="-71.33730885438949"><time>2026-08-09T17:51:04Z</time></trkpt><trkpt lat="41.56134159141419" lon="-71.33728572486706"><time>2026-08-09T17:51:05Z</time></trkpt><trkpt lat="41.561348414161806" lon="-71.33726306975952"><time>2026-08-09T17:51:06Z</time></trkpt><trkpt lat="41.56135160435666" lon="-71.33723846637722"><time>2026-08-09T17:51:07Z</time></trkpt><trkpt lat="41.561357143109994" lon="-71.33721439650056"><time>2026-08-09T17:51:08Z</time></trkpt><trkpt lat="41.56136311973689" lon="-71.33719048538438"><time>2026-08-09T17:51:09Z</time></trkpt><trkpt lat="41.5613684262286" lon="-71.33716430634898"><time>2026-08-09T17:51:10Z</time></trkpt><trkpt lat="41.561373351116245" lon="-71.33714044562112"><time>2026-08-09T17:51:11Z</time></trkpt><trkpt lat="41.56137725415995" lon="-71.33711404119256"><time>2026-08-09T17:51:12Z</time></trkpt><trkpt lat="41.5613829979769" lon="-71.33708747088852"><time>2026-08-09T17:51:13Z</time></trkpt><trkpt lat="41.561388351527484" lon="-71.33705886733719"><time>2026-08-09T17:51:14Z</time></trkpt><trkpt lat="41.561390610513044" lon="-71.3370294493022"><time>2026-08-09T17:51:15Z</time></trkpt><trkpt lat="41.56139377284858" lon="-71.3369985801789"><time>2026-08-09T17:51:16Z</time></trkpt><trkpt lat="41.56139904864037" lon="-71.336946439752"><time>2026-08-09T17:51:18Z</time></trkpt><trkpt lat="41.56140223365811" lon="-71.33691580469211"><time>2026-08-09T17:51:19Z</time></trkpt><trkpt lat="41.56140520230944" lon="-71.33689134780876"><time>2026-08-09T17:51:20Z</time></trkpt><trkpt lat="41.56140499208659" lon="-71.33684627562317"><time>2026-08-09T17:51:22Z</time></trkpt><trkpt lat="41.56140544743546" lon="-71.33681551472648"><time>2026-08-09T17:51:23Z</time></trkpt><trkpt lat="41.561412971511494" lon="-71.33676734313012"><time>2026-08-09T17:51:25Z</time></trkpt><trkpt lat="41.56141215053525" lon="-71.33674136493698"><time>2026-08-09T17:51:26Z</time></trkpt><trkpt lat="41.56141560509507" lon="-71.33671220722405"><time>2026-08-09T17:51:27Z</time></trkpt><trkpt lat="41.56142177166644" lon="-71.33666326821871"><time>2026-08-09T17:51:29Z</time></trkpt><trkpt lat="41.56142409124442" lon="-71.33663043472804"><time>2026-08-09T17:51:30Z</time></trkpt><trkpt lat="41.56142418961518" lon="-71.33660044942465"><time>2026-08-09T17:51:31Z</time></trkpt><trkpt lat="41.56142420423066" lon="-71.33656786254757"><time>2026-08-09T17:51:32Z</time></trkpt><trkpt lat="41.56142386095621" lon="-71.33653578742627"><time>2026-08-09T17:51:33Z</time></trkpt><trkpt lat="41.56142317532279" lon="-71.33650683331291"><time>2026-08-09T17:51:34Z</time></trkpt><trkpt lat="41.561422920373104" lon="-71.33647719858985"><time>2026-08-09T17:51:35Z</time></trkpt><trkpt lat="41.561423645114246" lon="-71.336447622093"><time>2026-08-09T17:51:36Z</time></trkpt><trkpt lat="41.561415181279756" lon="-71.33641511872146"><time>2026-08-09T17:51:37Z</time></trkpt><trkpt lat="41.56141941956241" lon="-71.33638458841271"><time>2026-08-09T17:51:38Z</time></trkpt><trkpt lat="41.56142521415299" lon="-71.33634811914186"><time>2026-08-09T17:51:39Z</time></trkpt><trkpt lat="41.56142601780306" lon="-71.33631302613126"><time>2026-08-09T17:51:40Z</time></trkpt><trkpt lat="41.56142888563598" lon="-71.33627596343248"><time>2026-08-09T17:51:41Z</time></trkpt><trkpt lat="41.56143846485956" lon="-71.33625284399464"><time>2026-08-09T17:51:42Z</time></trkpt><trkpt lat="41.561440485380324" lon="-71.3362262186396"><time>2026-08-09T17:51:43Z</time></trkpt><trkpt lat="41.561438092499934" lon="-71.33619933871381"><time>2026-08-09T17:51:44Z</time></trkpt><trkpt lat="41.56143335493547" lon="-71.33614958053101"><time>2026-08-09T17:51:45Z</time></trkpt><trkpt lat="41.56142435527678" lon="-71.3361194788577"><time>2026-08-09T17:51:46Z</time></trkpt><trkpt lat="41.56142267471893" lon="-71.33608457189287"><time>2026-08-09T17:51:47Z</time></trkpt><trkpt lat="41.561418387533934" lon="-71.33604356228582"><time>2026-08-09T17:51:48Z</time></trkpt><trkpt lat="41.56140995545325" lon="-71.33600516755162"><time>2026-08-09T17:51:49Z</time></trkpt><trkpt lat="41.56140402378893" lon="-71.33597364563315"><time>2026-08-09T17:51:50Z</time></trkpt><trkpt lat="41.56140402532397" lon="-71.33593216899853"><time>2026-08-09T17:51:51Z</time></trkpt><trkpt lat="41.561407601414054" lon="-71.3358947141454"><time>2026-08-09T17:51:52Z</time></trkpt><trkpt lat="41.56140867786306" lon="-71.33585896257426"><time>2026-08-09T17:51:53Z</time></trkpt><trkpt lat="41.56140151786811" lon="-71.33582553002736"><time>2026-08-09T17:51:54Z</time></trkpt><trkpt lat="41.56139759054759" lon="-71.33578217753694"><time>2026-08-09T17:51:55Z</time></trkpt><trkpt lat="41.56139643317211" lon="-71.33573507492437"><time>2026-08-09T17:51:56Z</time></trkpt><trkpt lat="41.56139053513574" lon="-71.3356837501262"><time>2026-08-09T17:51:57Z</time></trkpt><trkpt lat="41.56139496603704" lon="-71.33565218843245"><time>2026-08-09T17:51:58Z</time></trkpt><trkpt lat="41.56139449372953" lon="-71.33561228186275"><time>2026-08-09T17:51:59Z</time></trkpt><trkpt lat="41.561394316488055" lon="-71.33557061327333"><time>2026-08-09T17:52:00Z</time></trkpt><trkpt lat="41.56139676180982" lon="-71.33552788909003"><time>2026-08-09T17:52:01Z</time></trkpt><trkpt lat="41.561398562054485" lon="-71.3354862335992"><time>2026-08-09T17:52:02Z</time></trkpt><trkpt lat="41.561399448400316" lon="-71.33544526481363"><time>2026-08-09T17:52:03Z</time></trkpt><trkpt lat="41.561399091027546" lon="-71.33540612641254"><time>2026-08-09T17:52:04Z</time></trkpt><trkpt lat="41.561400788105956" lon="-71.33536096433544"><time>2026-08-09T17:52:05Z</time></trkpt><trkpt lat="41.561400817012874" lon="-71.33531933202953"><time>2026-08-09T17:52:06Z</time></trkpt><trkpt lat="41.56140287855063" lon="-71.33527338384944"><time>2026-08-09T17:52:07Z</time></trkpt><trkpt lat="41.561407688661454" lon="-71.33523340490281"><time>2026-08-09T17:52:08Z</time></trkpt><trkpt lat="41.56141009004353" lon="-71.33519612123514"><time>2026-08-09T17:52:09Z</time></trkpt><trkpt lat="41.561417557305695" lon="-71.33514623897426"><time>2026-08-09T17:52:10Z</time></trkpt><trkpt lat="41.56142404574578" lon="-71.33509475381106"><time>2026-08-09T17:52:11Z</time></trkpt><trkpt lat="41.56141798076581" lon="-71.33505386716442"><time>2026-08-09T17:52:12Z</time></trkpt><trkpt lat="41.561416517756314" lon="-71.33500185567505"><time>2026-08-09T17:52:13Z</time></trkpt><trkpt lat="41.561426003643994" lon="-71.33495340790795"><time>2026-08-09T17:52:14Z</time></trkpt><trkpt lat="41.561421649717104" lon="-71.3349131734079"><time>2026-08-09T17:52:15Z</time></trkpt><trkpt lat="41.56142398114834" lon="-71.3348628327934"><time>2026-08-09T17:52:16Z</time></trkpt><trkpt lat="41.561429197941074" lon="-71.33481728327835"><time>2026-08-09T17:52:17Z</time></trkpt><trkpt lat="41.561431464182846" lon="-71.33477527884222"><time>2026-08-09T17:52:18Z</time></trkpt><trkpt lat="41.56143655942951" lon="-71.33472442470922"><time>2026-08-09T17:52:19Z</time></trkpt><trkpt lat="41.561440197557275" lon="-71.3346772833688"><time>2026-08-09T17:52:20Z</time></trkpt><trkpt lat="41.56144569941731" lon="-71.33463275365843"><time>2026-08-09T17:52:21Z</time></trkpt><trkpt lat="41.56145281007411" lon="-71.33458055158698"><time>2026-08-09T17:52:22Z</time></trkpt><trkpt lat="41.56146385661341" lon="-71.33453367633409"><time>2026-08-09T17:52:23Z</time></trkpt><trkpt lat="41.56146387208992" lon="-71.33448200220552"><time>2026-08-09T17:52:24Z</time></trkpt><trkpt lat="41.561466175022495" lon="-71.33443647176543"><time>2026-08-09T17:52:25Z</time></trkpt><trkpt lat="41.5614697446819" lon="-71.33438364192776"><time>2026-08-09T17:52:26Z</time></trkpt><trkpt lat="41.56147474385887" lon="-71.33433539512049"><time>2026-08-09T17:52:27Z</time></trkpt><trkpt lat="41.56147705449029" lon="-71.33428576253273"><time>2026-08-09T17:52:28Z</time></trkpt><trkpt lat="41.56147837536012" lon="-71.33423556291837"><time>2026-08-09T17:52:29Z</time></trkpt><trkpt lat="41.56147998788487" lon="-71.33418666817143"><time>2026-08-09T17:52:30Z</time></trkpt><trkpt lat="41.561480214174665" lon="-71.3341382240139"><time>2026-08-09T17:52:31Z</time></trkpt><trkpt lat="41.56148283909654" lon="-71.33408885379997"><time>2026-08-09T17:52:32Z</time></trkpt><trkpt lat="41.561482553925885" lon="-71.33403940242897"><time>2026-08-09T17:52:33Z</time></trkpt><trkpt lat="41.56148694737274" lon="-71.33398954637124"><time>2026-08-09T17:52:34Z</time></trkpt><trkpt lat="41.56148985150401" lon="-71.33393702941376"><time>2026-08-09T17:52:35Z</time></trkpt><trkpt lat="41.561494031060825" lon="-71.33388658919255"><time>2026-08-09T17:52:36Z</time></trkpt><trkpt lat="41.56149666443766" lon="-71.33383496727349"><time>2026-08-09T17:52:37Z</time></trkpt><trkpt lat="41.5614993134543" lon="-71.33378636999404"><time>2026-08-09T17:52:38Z</time></trkpt><trkpt lat="41.56150040815429" lon="-71.33373623278621"><time>2026-08-09T17:52:39Z</time></trkpt><trkpt lat="41.56150222064387" lon="-71.33368595699953"><time>2026-08-09T17:52:40Z</time></trkpt><trkpt lat="41.56150214480338" lon="-71.33363569555877"><time>2026-08-09T17:52:41Z</time></trkpt><trkpt lat="41.561502226714666" lon="-71.3335849507489"><time>2026-08-09T17:52:42Z</time></trkpt><trkpt lat="41.561504569185075" lon="-71.33353337939407"><time>2026-08-09T17:52:43Z</time></trkpt><trkpt lat="41.56150666236361" lon="-71.33348170433887"><time>2026-08-09T17:52:44Z</time></trkpt><trkpt lat="41.56150619880538" lon="-71.33343094715825"><time>2026-08-09T17:52:45Z</time></trkpt><trkpt lat="41.56150531809228" lon="-71.33338021177886"><time>2026-08-09T17:52:46Z</time></trkpt><trkpt lat="41.56150504394284" lon="-71.33332864427346"><time>2026-08-09T17:52:47Z</time></trkpt><trkpt lat="41.56150774052623" lon="-71.33327603279115"><time>2026-08-09T17:52:48Z</time></trkpt><trkpt lat="41.561510648355764" lon="-71.33322409686654"><time>2026-08-09T17:52:49Z</time></trkpt><trkpt lat="41.56151190619306" lon="-71.33317285904656"><time>2026-08-09T17:52:50Z</time></trkpt><trkpt lat="41.56151200935881" lon="-71.33312117152042"><time>2026-08-09T17:52:51Z</time></trkpt><trkpt lat="41.56151131426623" lon="-71.33307043242313"><time>2026-08-09T17:52:52Z</time></trkpt><trkpt lat="41.561511151668114" lon="-71.33301845898819"><time>2026-08-09T17:52:53Z</time></trkpt><trkpt lat="41.56151253894439" lon="-71.33296697456132"><time>2026-08-09T17:52:54Z</time></trkpt><trkpt lat="41.561514306982204" lon="-71.3329160517118"><time>2026-08-09T17:52:55Z</time></trkpt><trkpt lat="41.561513947693115" lon="-71.33286418678253"><time>2026-08-09T17:52:56Z</time></trkpt><trkpt lat="41.56151358895438" lon="-71.33281238353106"><time>2026-08-09T17:52:57Z</time></trkpt><trkpt lat="41.56151320554572" lon="-71.33275996546726"><time>2026-08-09T17:52:58Z</time></trkpt><trkpt lat="41.56151299690214" lon="-71.33270804640507"><time>2026-08-09T17:52:59Z</time></trkpt><trkpt lat="41.561513166409725" lon="-71.33265652689869"><time>2026-08-09T17:53:00Z</time></trkpt><trkpt lat="41.561511504276915" lon="-71.33260682082908"><time>2026-08-09T17:53:01Z</time></trkpt><trkpt lat="41.56150928776988" lon="-71.3325567993516"><time>2026-08-09T17:53:02Z</time></trkpt><trkpt lat="41.56150635245007" lon="-71.33250631736203"><time>2026-08-09T17:53:03Z</time></trkpt><trkpt lat="41.56150372188536" lon="-71.33245545355767"><time>2026-08-09T17:53:04Z</time></trkpt><trkpt lat="41.561503277298684" lon="-71.33240352168623"><time>2026-08-09T17:53:05Z</time></trkpt><trkpt lat="41.56150237251595" lon="-71.33235312547853"><time>2026-08-09T17:53:06Z</time></trkpt><trkpt lat="41.561501339078866" lon="-71.33230159449911"><time>2026-08-09T17:53:07Z</time></trkpt><trkpt lat="41.56150042596882" lon="-71.33225016360099"><time>2026-08-09T17:53:08Z</time></trkpt><trkpt lat="41.56149890069044" lon="-71.33219851144203"><time>2026-08-09T17:53:09Z</time></trkpt><trkpt lat="41.561497644304225" lon="-71.3321468046123"><time>2026-08-09T17:53:10Z</time></trkpt><trkpt lat="41.561497556379514" lon="-71.33209444106811"><time>2026-08-09T17:53:11Z</time></trkpt><trkpt lat="41.561497301473906" lon="-71.33204401298975"><time>2026-08-09T17:53:12Z</time></trkpt><trkpt lat="41.561495511711634" lon="-71.33199304642204"><time>2026-08-09T17:53:13Z</time></trkpt><trkpt lat="41.56149365619639" lon="-71.3319433927448"><time>2026-08-09T17:53:14Z</time></trkpt><trkpt lat="41.561491690948166" lon="-71.33189285039066"><time>2026-08-09T17:53:15Z</time></trkpt><trkpt lat="41.56148927637292" lon="-71.33184218972006"><time>2026-08-09T17:53:16Z</time></trkpt><trkpt lat="41.56148740891215" lon="-71.33179064476491"><time>2026-08-09T17:53:17Z</time></trkpt><trkpt lat="41.561486162246474" lon="-71.33173878907385"><time>2026-08-09T17:53:18Z</time></trkpt><trkpt lat="41.561485296904614" lon="-71.3316875895225"><time>2026-08-09T17:53:19Z</time></trkpt><trkpt lat="41.56148435398248" lon="-71.33163534336808"><time>2026-08-09T17:53:20Z</time></trkpt><trkpt lat="41.561484320508534" lon="-71.33158299456584"><time>2026-08-09T17:53:21Z</time></trkpt><trkpt lat="41.56148496983798" lon="-71.3315311162679"><time>2026-08-09T17:53:22Z</time></trkpt><trkpt lat="41.56148548741501" lon="-71.33147893134762"><time>2026-08-09T17:53:23Z</time></trkpt><trkpt lat="41.56148519767082" lon="-71.33142543701797"><time>2026-08-09T17:53:24Z</time></trkpt><trkpt lat="41.561486930644996" lon="-71.33137225363261"><time>2026-08-09T17:53:25Z</time></trkpt><trkpt lat="41.56148895659373" lon="-71.33132056541181"><time>2026-08-09T17:53:26Z</time></trkpt><trkpt lat="41.56149010938359" lon="-71.33126916749274"><time>2026-08-09T17:53:27Z</time></trkpt><trkpt lat="41.561492392673586" lon="-71.33121435962056"><time>2026-08-09T17:53:28Z</time></trkpt><trkpt lat="41.5614924035535" lon="-71.331161041933"><time>2026-08-09T17:53:29Z</time></trkpt><trkpt lat="41.56149373165182" lon="-71.33111044314917"><time>2026-08-09T17:53:30Z</time></trkpt><trkpt lat="41.56150024447333" lon="-71.33105921465005"><time>2026-08-09T17:53:31Z</time></trkpt><trkpt lat="41.56150294857323" lon="-71.3310059355133"><time>2026-08-09T17:53:32Z</time></trkpt><trkpt lat="41.561502835868026" lon="-71.33095853348617"><time>2026-08-09T17:53:33Z</time></trkpt><trkpt lat="41.56149688010843" lon="-71.3309132439978"><time>2026-08-09T17:53:34Z</time></trkpt><trkpt lat="41.56148202030559" lon="-71.33086877404625"><time>2026-08-09T17:53:35Z</time></trkpt><trkpt lat="41.561461478668626" lon="-71.33083303618969"><time>2026-08-09T17:53:36Z</time></trkpt><trkpt lat="41.561438237441834" lon="-71.3308020627957"><time>2026-08-09T17:53:37Z</time></trkpt><trkpt lat="41.56141399868053" lon="-71.33078097895553"><time>2026-08-09T17:53:38Z</time></trkpt><trkpt lat="41.56138461905876" lon="-71.33077008272042"><time>2026-08-09T17:53:39Z</time></trkpt><trkpt lat="41.56135771981481" lon="-71.3307660904517"><time>2026-08-09T17:53:40Z</time></trkpt><trkpt lat="41.56133154664839" lon="-71.33076562729381"><time>2026-08-09T17:53:41Z</time></trkpt><trkpt lat="41.56130616252762" lon="-71.33076340742774"><time>2026-08-09T17:53:42Z</time></trkpt><trkpt lat="41.56128204916422" lon="-71.33076464519995"><time>2026-08-09T17:53:43Z</time></trkpt><trkpt lat="41.56126039652667" lon="-71.33077248368168"><time>2026-08-09T17:53:44Z</time></trkpt><trkpt lat="41.56123988485454" lon="-71.33078787089634"><time>2026-08-09T17:53:45Z</time></trkpt><trkpt lat="41.561221916931366" lon="-71.33080650433668"><time>2026-08-09T17:53:46Z</time></trkpt><trkpt lat="41.56120676929024" lon="-71.33082693096917"><time>2026-08-09T17:53:47Z</time></trkpt><trkpt lat="41.56119195870388" lon="-71.33084981081421"><time>2026-08-09T17:53:48Z</time></trkpt><trkpt lat="41.56118099578582" lon="-71.33087415768675"><time>2026-08-09T17:53:49Z</time></trkpt><trkpt lat="41.56117060996404" lon="-71.33090364165116"><time>2026-08-09T17:53:50Z</time></trkpt><trkpt lat="41.56116308749068" lon="-71.33093491466732"><time>2026-08-09T17:53:51Z</time></trkpt><trkpt lat="41.5611576258064" lon="-71.33096832725276"><time>2026-08-09T17:53:52Z</time></trkpt><trkpt lat="41.56114956558673" lon="-71.33100105416732"><time>2026-08-09T17:53:53Z</time></trkpt><trkpt lat="41.56114280127041" lon="-71.33103486183387"><time>2026-08-09T17:53:54Z</time></trkpt><trkpt lat="41.56113788765234" lon="-71.33106959747413"><time>2026-08-09T17:53:55Z</time></trkpt><trkpt lat="41.561132099845885" lon="-71.33110662828813"><time>2026-08-09T17:53:56Z</time></trkpt><trkpt lat="41.561132375480575" lon="-71.33113964052002"><time>2026-08-09T17:53:57Z</time></trkpt><trkpt lat="41.56113414350408" lon="-71.33117609803868"><time>2026-08-09T17:53:58Z</time></trkpt><trkpt lat="41.561133561342075" lon="-71.33121697563767"><time>2026-08-09T17:53:59Z</time></trkpt><trkpt lat="41.56113406068835" lon="-71.33125688931281"><time>2026-08-09T17:54:00Z</time></trkpt><trkpt lat="41.561134045906535" lon="-71.33129406656178"><time>2026-08-09T17:54:01Z</time></trkpt><trkpt lat="41.561132694657374" lon="-71.33133322593645"><time>2026-08-09T17:54:02Z</time></trkpt><trkpt lat="41.561139908979584" lon="-71.33136901931141"><time>2026-08-09T17:54:03Z</time></trkpt><trkpt lat="41.5611422378182" lon="-71.33140456071078"><time>2026-08-09T17:54:04Z</time></trkpt><trkpt lat="41.561148425900114" lon="-71.33144831807162"><time>2026-08-09T17:54:05Z</time></trkpt><trkpt lat="41.56115128334584" lon="-71.33148883579312"><time>2026-08-09T17:54:06Z</time></trkpt><trkpt lat="41.56115340653378" lon="-71.33152915798853"><time>2026-08-09T17:54:07Z</time></trkpt><trkpt lat="41.561155317676494" lon="-71.33157004033329"><time>2026-08-09T17:54:08Z</time></trkpt><trkpt lat="41.56115511859041" lon="-71.33160987918234"><time>2026-08-09T17:54:09Z</time></trkpt><trkpt lat="41.56115657871351" lon="-71.3316495584915"><time>2026-08-09T17:54:10Z</time></trkpt><trkpt lat="41.56115700947818" lon="-71.33168911700764"><time>2026-08-09T17:54:11Z</time></trkpt><trkpt lat="41.56115678222365" lon="-71.3317288675679"><time>2026-08-09T17:54:12Z</time></trkpt><trkpt lat="41.56115932670427" lon="-71.33176839894463"><time>2026-08-09T17:54:13Z</time></trkpt><trkpt lat="41.56116039163983" lon="-71.33180830682727"><time>2026-08-09T17:54:14Z</time></trkpt><trkpt lat="41.5611641168715" lon="-71.3318484349602"><time>2026-08-09T17:54:15Z</time></trkpt><trkpt lat="41.5611677189453" lon="-71.33188890134558"><time>2026-08-09T17:54:16Z</time></trkpt><trkpt lat="41.561171867129126" lon="-71.33192874076464"><time>2026-08-09T17:54:17Z</time></trkpt><trkpt lat="41.56117561507565" lon="-71.33196990474289"><time>2026-08-09T17:54:18Z</time></trkpt><trkpt lat="41.56117857175786" lon="-71.33200926445504"><time>2026-08-09T17:54:19Z</time></trkpt><trkpt lat="41.561181219293196" lon="-71.33204923108929"><time>2026-08-09T17:54:20Z</time></trkpt><trkpt lat="41.56118299359884" lon="-71.3320891476763"><time>2026-08-09T17:54:21Z</time></trkpt><trkpt lat="41.56118355108666" lon="-71.33213070592156"><time>2026-08-09T17:54:22Z</time></trkpt><trkpt lat="41.56118546396151" lon="-71.33216967069234"><time>2026-08-09T17:54:23Z</time></trkpt><trkpt lat="41.561185903322794" lon="-71.33221239695598"><time>2026-08-09T17:54:24Z</time></trkpt><trkpt lat="41.56118836883317" lon="-71.3322512681715"><time>2026-08-09T17:54:25Z</time></trkpt><trkpt lat="41.561190280289516" lon="-71.33229054910704"><time>2026-08-09T17:54:26Z</time></trkpt><trkpt lat="41.56119247006228" lon="-71.33233123065553"><time>2026-08-09T17:54:27Z</time></trkpt><trkpt lat="41.56119578483106" lon="-71.33237163804147"><time>2026-08-09T17:54:28Z</time></trkpt><trkpt lat="41.56119717146643" lon="-71.33241222835213"><time>2026-08-09T17:54:29Z</time></trkpt><trkpt lat="41.5611997880226" lon="-71.33245282628984"><time>2026-08-09T17:54:30Z</time></trkpt><trkpt lat="41.56120292626101" lon="-71.3324925266615"><time>2026-08-09T17:54:31Z</time></trkpt><trkpt lat="41.56120564290589" lon="-71.33253409228415"><time>2026-08-09T17:54:32Z</time></trkpt><trkpt lat="41.5612080517229" lon="-71.33257352322349"><time>2026-08-09T17:54:33Z</time></trkpt><trkpt lat="41.561210428603246" lon="-71.33261320377107"><time>2026-08-09T17:54:34Z</time></trkpt><trkpt lat="41.56121269200527" lon="-71.33265288762215"><time>2026-08-09T17:54:35Z</time></trkpt><trkpt lat="41.56121312671269" lon="-71.33269347080618"><time>2026-08-09T17:54:36Z</time></trkpt><trkpt lat="41.561212994484855" lon="-71.33273380969139"><time>2026-08-09T17:54:37Z</time></trkpt><trkpt lat="41.561210752487916" lon="-71.3327730034183"><time>2026-08-09T17:54:38Z</time></trkpt><trkpt lat="41.56121216114265" lon="-71.33281440134547"><time>2026-08-09T17:54:39Z</time></trkpt><trkpt lat="41.5612121660841" lon="-71.33285255390754"><time>2026-08-09T17:54:40Z</time></trkpt><trkpt lat="41.561214707794605" lon="-71.33289244786269"><time>2026-08-09T17:54:41Z</time></trkpt><trkpt lat="41.56121581931848" lon="-71.33293099186248"><time>2026-08-09T17:54:42Z</time></trkpt><trkpt lat="41.561213366158675" lon="-71.33296919928124"><time>2026-08-09T17:54:43Z</time></trkpt><trkpt lat="41.56120893841694" lon="-71.33300502227203"><time>2026-08-09T17:54:44Z</time></trkpt><trkpt lat="41.56121255542939" lon="-71.3330422746201"><time>2026-08-09T17:54:45Z</time></trkpt><trkpt lat="41.56121659402184" lon="-71.3330904784618"><time>2026-08-09T17:54:46Z</time></trkpt><trkpt lat="41.56121471135563" lon="-71.3331280757171"><time>2026-08-09T17:54:47Z</time></trkpt><trkpt lat="41.561215164746045" lon="-71.3331666699016"><time>2026-08-09T17:54:48Z</time></trkpt><trkpt lat="41.56121625814077" lon="-71.3332069698974"><time>2026-08-09T17:54:49Z</time></trkpt><trkpt lat="41.561218788207285" lon="-71.33324236241313"><time>2026-08-09T17:54:50Z</time></trkpt><trkpt lat="41.561226547000736" lon="-71.33327799830475"><time>2026-08-09T17:54:51Z</time></trkpt><trkpt lat="41.56123707403454" lon="-71.33332334567288"><time>2026-08-09T17:54:52Z</time></trkpt><trkpt lat="41.5612482763978" lon="-71.33336929185893"><time>2026-08-09T17:54:53Z</time></trkpt><trkpt lat="41.56125040856426" lon="-71.33340435234464"><time>2026-08-09T17:54:54Z</time></trkpt><trkpt lat="41.56125149361662" lon="-71.33345321199322"><time>2026-08-09T17:54:55Z</time></trkpt><trkpt lat="41.56125719651635" lon="-71.33349275936109"><time>2026-08-09T17:54:56Z</time></trkpt><trkpt lat="41.56125309280372" lon="-71.33352536475218"><time>2026-08-09T17:54:57Z</time></trkpt><trkpt lat="41.56124326747667" lon="-71.33356006224544"><time>2026-08-09T17:54:58Z</time></trkpt><trkpt lat="41.561231395889024" lon="-71.33359475355897"><time>2026-08-09T17:54:59Z</time></trkpt><trkpt lat="41.5612229791627" lon="-71.33363097292758"><time>2026-08-09T17:55:00Z</time></trkpt><trkpt lat="41.56119862453477" lon="-71.33366541794872"><time>2026-08-09T17:55:01Z</time></trkpt><trkpt lat="41.56117980755502" lon="-71.33366911452194"><time>2026-08-09T17:55:02Z</time></trkpt><trkpt lat="41.56113950631694" lon="-71.33370342946101"><time>2026-08-09T17:55:04Z</time></trkpt><trkpt lat="41.5611250147974" lon="-71.33373312035555"><time>2026-08-09T17:55:05Z</time></trkpt><trkpt lat="41.56111026705934" lon="-71.33375673433628"><time>2026-08-09T17:55:06Z</time></trkpt><trkpt lat="41.561093377104555" lon="-71.33373335379575"><time>2026-08-09T17:55:07Z</time></trkpt><trkpt lat="41.561076293016455" lon="-71.33372249526677"><time>2026-08-09T17:55:08Z</time></trkpt><trkpt lat="41.561048885179126" lon="-71.33372875093768"><time>2026-08-09T17:55:09Z</time></trkpt><trkpt lat="41.56102774722574" lon="-71.33374017049304"><time>2026-08-09T17:55:10Z</time></trkpt><trkpt lat="41.56100284514495" lon="-71.33371280249636"><time>2026-08-09T17:55:12Z</time></trkpt><trkpt lat="41.560979637717985" lon="-71.33368664170509"><time>2026-08-09T17:55:14Z</time></trkpt><trkpt lat="41.56095545349057" lon="-71.33365896859546"><time>2026-08-09T17:55:16Z</time></trkpt><trkpt lat="41.56093051416801" lon="-71.33362182938428"><time>2026-08-09T17:55:18Z</time></trkpt><trkpt lat="41.56091182268856" lon="-71.33358421116992"><time>2026-08-09T17:55:20Z</time></trkpt><trkpt lat="41.560905193374076" lon="-71.33356011968648"><time>2026-08-09T17:55:21Z</time></trkpt><trkpt lat="41.56089849130185" lon="-71.33353410374124"><time>2026-08-09T17:55:22Z</time></trkpt><trkpt lat="41.560891783477885" lon="-71.33350866410929"><time>2026-08-09T17:55:23Z</time></trkpt><trkpt lat="41.56088467123311" lon="-71.3334814714407"><time>2026-08-09T17:55:24Z</time></trkpt><trkpt lat="41.56087638062358" lon="-71.33345466287355"><time>2026-08-09T17:55:25Z</time></trkpt><trkpt lat="41.56086879379074" lon="-71.3334270215861"><time>2026-08-09T17:55:26Z</time></trkpt><trkpt lat="41.560860089328685" lon="-71.33339731826949"><time>2026-08-09T17:55:27Z</time></trkpt><trkpt lat="41.56085108136415" lon="-71.3333690894471"><time>2026-08-09T17:55:28Z</time></trkpt><trkpt lat="41.560841921432065" lon="-71.33333891172137"><time>2026-08-09T17:55:29Z</time></trkpt><trkpt lat="41.56083401911726" lon="-71.33330678237972"><time>2026-08-09T17:55:30Z</time></trkpt><trkpt lat="41.56082506459504" lon="-71.3332740971363"><time>2026-08-09T17:55:31Z</time></trkpt><trkpt lat="41.560817757264665" lon="-71.3332408113732"><time>2026-08-09T17:55:32Z</time></trkpt><trkpt lat="41.56080917140835" lon="-71.33320688097696"><time>2026-08-09T17:55:33Z</time></trkpt><trkpt lat="41.5608014465521" lon="-71.33317274171382"><time>2026-08-09T17:55:34Z</time></trkpt><trkpt lat="41.56079760826292" lon="-71.33313473757946"><time>2026-08-09T17:55:35Z</time></trkpt><trkpt lat="41.56079270777222" lon="-71.33309820465797"><time>2026-08-09T17:55:36Z</time></trkpt><trkpt lat="41.56079055200265" lon="-71.33305883619326"><time>2026-08-09T17:55:37Z</time></trkpt><trkpt lat="41.56078850554466" lon="-71.33301779638572"><time>2026-08-09T17:55:38Z</time></trkpt><trkpt lat="41.56078782325763" lon="-71.33297528441828"><time>2026-08-09T17:55:39Z</time></trkpt><trkpt lat="41.560788608921435" lon="-71.33293405387384"><time>2026-08-09T17:55:40Z</time></trkpt><trkpt lat="41.56078943207055" lon="-71.33289302023056"><time>2026-08-09T17:55:41Z</time></trkpt><trkpt lat="41.56079063198008" lon="-71.33285267109991"><time>2026-08-09T17:55:42Z</time></trkpt><trkpt lat="41.560792119123064" lon="-71.33280927243052"><time>2026-08-09T17:55:43Z</time></trkpt><trkpt lat="41.560792425777706" lon="-71.33276546199822"><time>2026-08-09T17:55:44Z</time></trkpt><trkpt lat="41.5607940662479" lon="-71.33272063057346"><time>2026-08-09T17:55:45Z</time></trkpt><trkpt lat="41.56079834146892" lon="-71.33267511041844"><time>2026-08-09T17:55:46Z</time></trkpt><trkpt lat="41.560799063514295" lon="-71.33262840693273"><time>2026-08-09T17:55:47Z</time></trkpt><trkpt lat="41.56079943949183" lon="-71.33258091177512"><time>2026-08-09T17:55:48Z</time></trkpt><trkpt lat="41.56080065571017" lon="-71.33253420927895"><time>2026-08-09T17:55:49Z</time></trkpt><trkpt lat="41.560802942160706" lon="-71.33248642760556"><time>2026-08-09T17:55:50Z</time></trkpt><trkpt lat="41.56080459846852" lon="-71.33243860746597"><time>2026-08-09T17:55:51Z</time></trkpt><trkpt lat="41.56080598568321" lon="-71.33239124236543"><time>2026-08-09T17:55:52Z</time></trkpt><trkpt lat="41.560808990251864" lon="-71.33234228442284"><time>2026-08-09T17:55:53Z</time></trkpt><trkpt lat="41.560812127568965" lon="-71.33229244118051"><time>2026-08-09T17:55:54Z</time></trkpt><trkpt lat="41.56081555178382" lon="-71.33224317013153"><time>2026-08-09T17:55:55Z</time></trkpt><trkpt lat="41.56082060598927" lon="-71.33219345428633"><time>2026-08-09T17:55:56Z</time></trkpt><trkpt lat="41.56082228887601" lon="-71.33214448898585"><time>2026-08-09T17:55:57Z</time></trkpt><trkpt lat="41.56082431577572" lon="-71.33209530791132"><time>2026-08-09T17:55:58Z</time></trkpt><trkpt lat="41.560824102380664" lon="-71.33204487906211"><time>2026-08-09T17:55:59Z</time></trkpt><trkpt lat="41.560827285092536" lon="-71.33199406371348"><time>2026-08-09T17:56:00Z</time></trkpt><trkpt lat="41.56083279773323" lon="-71.3319436948298"><time>2026-08-09T17:56:01Z</time></trkpt><trkpt lat="41.56083659643063" lon="-71.33189235277125"><time>2026-08-09T17:56:02Z</time></trkpt><trkpt lat="41.56084013703632" lon="-71.33184031951615"><time>2026-08-09T17:56:03Z</time></trkpt><trkpt lat="41.56084233935711" lon="-71.33179177160456"><time>2026-08-09T17:56:04Z</time></trkpt><trkpt lat="41.560843786707046" lon="-71.33174170652195"><time>2026-08-09T17:56:05Z</time></trkpt><trkpt lat="41.56084394399156" lon="-71.33169095687157"><time>2026-08-09T17:56:06Z</time></trkpt><trkpt lat="41.560845713697645" lon="-71.33164007212393"><time>2026-08-09T17:56:07Z</time></trkpt><trkpt lat="41.56085269061542" lon="-71.33158437304887"><time>2026-08-09T17:56:08Z</time></trkpt><trkpt lat="41.56085519197013" lon="-71.33153112037975"><time>2026-08-09T17:56:09Z</time></trkpt><trkpt lat="41.56085843807966" lon="-71.33147946607296"><time>2026-08-09T17:56:10Z</time></trkpt><trkpt lat="41.56086308767786" lon="-71.33142674998734"><time>2026-08-09T17:56:11Z</time></trkpt><trkpt lat="41.560868785328914" lon="-71.33137536111217"><time>2026-08-09T17:56:12Z</time></trkpt><trkpt lat="41.56087476671588" lon="-71.3313237107729"><time>2026-08-09T17:56:13Z</time></trkpt><trkpt lat="41.560878538679255" lon="-71.3312717174959"><time>2026-08-09T17:56:14Z</time></trkpt><trkpt lat="41.560883367425596" lon="-71.33121981784481"><time>2026-08-09T17:56:15Z</time></trkpt><trkpt lat="41.56088790209498" lon="-71.33116688662025"><time>2026-08-09T17:56:16Z</time></trkpt><trkpt lat="41.56089280923012" lon="-71.33111416980226"><time>2026-08-09T17:56:17Z</time></trkpt><trkpt lat="41.56089740960721" lon="-71.33106154419785"><time>2026-08-09T17:56:18Z</time></trkpt><trkpt lat="41.56090310031797" lon="-71.33100714928095"><time>2026-08-09T17:56:19Z</time></trkpt><trkpt lat="41.56091333748779" lon="-71.3309573287503"><time>2026-08-09T17:56:20Z</time></trkpt><trkpt lat="41.5609200366181" lon="-71.33090368865317"><time>2026-08-09T17:56:21Z</time></trkpt><trkpt lat="41.56092061306934" lon="-71.33085193293265"><time>2026-08-09T17:56:22Z</time></trkpt><trkpt lat="41.56092181027659" lon="-71.33079986521788"><time>2026-08-09T17:56:23Z</time></trkpt><trkpt lat="41.56092370747922" lon="-71.33074621635942"><time>2026-08-09T17:56:24Z</time></trkpt><trkpt lat="41.560926160294045" lon="-71.33069520761674"><time>2026-08-09T17:56:25Z</time></trkpt><trkpt lat="41.56092879594833" lon="-71.33064261972281"><time>2026-08-09T17:56:26Z</time></trkpt><trkpt lat="41.56093071608816" lon="-71.33058935603104"><time>2026-08-09T17:56:27Z</time></trkpt><trkpt lat="41.56093359450977" lon="-71.33053586997569"><time>2026-08-09T17:56:28Z</time></trkpt><trkpt lat="41.560936951167555" lon="-71.33048272504406"><time>2026-08-09T17:56:29Z</time></trkpt><trkpt lat="41.560939515681675" lon="-71.33043001109704"><time>2026-08-09T17:56:30Z</time></trkpt><trkpt lat="41.56093874875992" lon="-71.33037676699517"><time>2026-08-09T17:56:31Z</time></trkpt><trkpt lat="41.56093919585064" lon="-71.33032199718062"><time>2026-08-09T17:56:32Z</time></trkpt><trkpt lat="41.560941375174956" lon="-71.33026815429484"><time>2026-08-09T17:56:33Z</time></trkpt><trkpt lat="41.560944279085874" lon="-71.3302160505102"><time>2026-08-09T17:56:34Z</time></trkpt><trkpt lat="41.5609461863114" lon="-71.33016364492526"><time>2026-08-09T17:56:35Z</time></trkpt><trkpt lat="41.56094838319117" lon="-71.33011169566502"><time>2026-08-09T17:56:36Z</time></trkpt><trkpt lat="41.560952198999736" lon="-71.33006160948091"><time>2026-08-09T17:56:37Z</time></trkpt><trkpt lat="41.5609542564732" lon="-71.33001060820747"><time>2026-08-09T17:56:38Z</time></trkpt><trkpt lat="41.56095697134238" lon="-71.3299587002664"><time>2026-08-09T17:56:39Z</time></trkpt><trkpt lat="41.56096064803078" lon="-71.32990513096895"><time>2026-08-09T17:56:40Z</time></trkpt><trkpt lat="41.560962072388634" lon="-71.3298520895582"><time>2026-08-09T17:56:41Z</time></trkpt><trkpt lat="41.560964905915434" lon="-71.32979696944506"><time>2026-08-09T17:56:42Z</time></trkpt><trkpt lat="41.56096708179545" lon="-71.3297435122096"><time>2026-08-09T17:56:43Z</time></trkpt><trkpt lat="41.56097030199953" lon="-71.32969100406265"><time>2026-08-09T17:56:44Z</time></trkpt><trkpt lat="41.560973488265994" lon="-71.32963839360475"><time>2026-08-09T17:56:45Z</time></trkpt><trkpt lat="41.560976274822586" lon="-71.32958729764967"><time>2026-08-09T17:56:46Z</time></trkpt><trkpt lat="41.56097690546132" lon="-71.32953555071356"><time>2026-08-09T17:56:47Z</time></trkpt><trkpt lat="41.56098050760344" lon="-71.32948136978979"><time>2026-08-09T17:56:48Z</time></trkpt><trkpt lat="41.56098387791517" lon="-71.3294281077907"><time>2026-08-09T17:56:49Z</time></trkpt><trkpt lat="41.560985662104386" lon="-71.32937478620738"><time>2026-08-09T17:56:50Z</time></trkpt><trkpt lat="41.560984698152254" lon="-71.3293223841836"><time>2026-08-09T17:56:51Z</time></trkpt><trkpt lat="41.56098403842847" lon="-71.32927046511233"><time>2026-08-09T17:56:52Z</time></trkpt><trkpt lat="41.560983985213255" lon="-71.32921810559787"><time>2026-08-09T17:56:53Z</time></trkpt><trkpt lat="41.56098578795747" lon="-71.32916672513176"><time>2026-08-09T17:56:54Z</time></trkpt><trkpt lat="41.56098640910998" lon="-71.32911320976343"><time>2026-08-09T17:56:55Z</time></trkpt><trkpt lat="41.560987439080144" lon="-71.3290596097873"><time>2026-08-09T17:56:56Z</time></trkpt><trkpt lat="41.56098871662059" lon="-71.32900367967785"><time>2026-08-09T17:56:57Z</time></trkpt><trkpt lat="41.56098599808872" lon="-71.32894635802364"><time>2026-08-09T17:56:58Z</time></trkpt><trkpt lat="41.56098832809037" lon="-71.32889798668822"><time>2026-08-09T17:56:59Z</time></trkpt><trkpt lat="41.56099445326466" lon="-71.32884698853096"><time>2026-08-09T17:57:00Z</time></trkpt><trkpt lat="41.56099717967706" lon="-71.32879195659763"><time>2026-08-09T17:57:01Z</time></trkpt><trkpt lat="41.5610000324856" lon="-71.32874181704075"><time>2026-08-09T17:57:02Z</time></trkpt><trkpt lat="41.560999826701156" lon="-71.3286882628484"><time>2026-08-09T17:57:03Z</time></trkpt><trkpt lat="41.56099927307641" lon="-71.32863612210048"><time>2026-08-09T17:57:04Z</time></trkpt><trkpt lat="41.5609943538211" lon="-71.32858414308613"><time>2026-08-09T17:57:05Z</time></trkpt><trkpt lat="41.56098123335115" lon="-71.32853886762848"><time>2026-08-09T17:57:06Z</time></trkpt><trkpt lat="41.56096724723089" lon="-71.32849503250725"><time>2026-08-09T17:57:07Z</time></trkpt><trkpt lat="41.560947183675495" lon="-71.32845774719104"><time>2026-08-09T17:57:08Z</time></trkpt><trkpt lat="41.56092131319355" lon="-71.32842543578657"><time>2026-08-09T17:57:09Z</time></trkpt><trkpt lat="41.56089391073961" lon="-71.32840003113074"><time>2026-08-09T17:57:10Z</time></trkpt><trkpt lat="41.56086482035934" lon="-71.32838095902687"><time>2026-08-09T17:57:11Z</time></trkpt><trkpt lat="41.560836166050265" lon="-71.32837206049427"><time>2026-08-09T17:57:12Z</time></trkpt><trkpt lat="41.560807284735105" lon="-71.32836918221109"><time>2026-08-09T17:57:13Z</time></trkpt><trkpt lat="41.56078174851707" lon="-71.32837381135447"><time>2026-08-09T17:57:14Z</time></trkpt><trkpt lat="41.56075532531389" lon="-71.32837592239886"><time>2026-08-09T17:57:15Z</time></trkpt><trkpt lat="41.56073238756456" lon="-71.32838417793442"><time>2026-08-09T17:57:16Z</time></trkpt><trkpt lat="41.5607048214036" lon="-71.32840119401332"><time>2026-08-09T17:57:17Z</time></trkpt><trkpt lat="41.56068524461065" lon="-71.3284183153334"><time>2026-08-09T17:57:18Z</time></trkpt><trkpt lat="41.56066208137205" lon="-71.32843519995927"><time>2026-08-09T17:57:19Z</time></trkpt><trkpt lat="41.56063558784137" lon="-71.32845022178614"><time>2026-08-09T17:57:20Z</time></trkpt><trkpt lat="41.56061598792795" lon="-71.32848196081707"><time>2026-08-09T17:57:21Z</time></trkpt><trkpt lat="41.56061507159505" lon="-71.32851217473602"><time>2026-08-09T17:57:22Z</time></trkpt><trkpt lat="41.56060519412509" lon="-71.32854529648563"><time>2026-08-09T17:57:23Z</time></trkpt><trkpt lat="41.56059941552102" lon="-71.32858368858686"><time>2026-08-09T17:57:24Z</time></trkpt><trkpt lat="41.560601643930745" lon="-71.32862078104348"><time>2026-08-09T17:57:25Z</time></trkpt><trkpt lat="41.560598253529854" lon="-71.32866091901793"><time>2026-08-09T17:57:26Z</time></trkpt><trkpt lat="41.56060531972254" lon="-71.32869661851656"><time>2026-08-09T17:57:27Z</time></trkpt><trkpt lat="41.560609208859404" lon="-71.3287384798708"><time>2026-08-09T17:57:28Z</time></trkpt><trkpt lat="41.56061745070472" lon="-71.32877748726926"><time>2026-08-09T17:57:29Z</time></trkpt><trkpt lat="41.560621925870144" lon="-71.32881793915278"><time>2026-08-09T17:57:30Z</time></trkpt><trkpt lat="41.56062647026982" lon="-71.32885750446263"><time>2026-08-09T17:57:31Z</time></trkpt><trkpt lat="41.56063192854624" lon="-71.32889762445384"><time>2026-08-09T17:57:32Z</time></trkpt><trkpt lat="41.56063975799972" lon="-71.32893789481172"><time>2026-08-09T17:57:33Z</time></trkpt><trkpt lat="41.56064722359055" lon="-71.32897839045214"><time>2026-08-09T17:57:34Z</time></trkpt><trkpt lat="41.56065924440419" lon="-71.3290172117132"><time>2026-08-09T17:57:35Z</time></trkpt><trkpt lat="41.560673162320505" lon="-71.32905916897943"><time>2026-08-09T17:57:36Z</time></trkpt><trkpt lat="41.56068407470587" lon="-71.32909686725138"><time>2026-08-09T17:57:37Z</time></trkpt><trkpt lat="41.560693099149525" lon="-71.32913832162801"><time>2026-08-09T17:57:38Z</time></trkpt><trkpt lat="41.56070367057529" lon="-71.32917889601465"><time>2026-08-09T17:57:39Z</time></trkpt><trkpt lat="41.560709974626015" lon="-71.32921999644782"><time>2026-08-09T17:57:40Z</time></trkpt><trkpt lat="41.560712787030475" lon="-71.3292625331053"><time>2026-08-09T17:57:41Z</time></trkpt><trkpt lat="41.56071600142623" lon="-71.32930484582761"><time>2026-08-09T17:57:42Z</time></trkpt><trkpt lat="41.56072192210194" lon="-71.32934686558988"><time>2026-08-09T17:57:43Z</time></trkpt><trkpt lat="41.56072715825423" lon="-71.32938837137114"><time>2026-08-09T17:57:44Z</time></trkpt><trkpt lat="41.5607329312088" lon="-71.32943022602048"><time>2026-08-09T17:57:45Z</time></trkpt><trkpt lat="41.56073908892816" lon="-71.32947119570632"><time>2026-08-09T17:57:46Z</time></trkpt><trkpt lat="41.56074547837125" lon="-71.3295140499872"><time>2026-08-09T17:57:47Z</time></trkpt><trkpt lat="41.5607515182116" lon="-71.32955589095464"><time>2026-08-09T17:57:48Z</time></trkpt><trkpt lat="41.56075715610738" lon="-71.32959693316559"><time>2026-08-09T17:57:49Z</time></trkpt><trkpt lat="41.56076372841407" lon="-71.32963791881076"><time>2026-08-09T17:57:50Z</time></trkpt><trkpt lat="41.56077127007386" lon="-71.32968091092445"><time>2026-08-09T17:57:51Z</time></trkpt><trkpt lat="41.56077844015995" lon="-71.32972300597905"><time>2026-08-09T17:57:52Z</time></trkpt><trkpt lat="41.56078552952402" lon="-71.32976448003176"><time>2026-08-09T17:57:53Z</time></trkpt><trkpt lat="41.56079343138003" lon="-71.32980598330646"><time>2026-08-09T17:57:54Z</time></trkpt><trkpt lat="41.560801013397864" lon="-71.32984754842089"><time>2026-08-09T17:57:55Z</time></trkpt><trkpt lat="41.56080844514006" lon="-71.32989008855445"><time>2026-08-09T17:57:56Z</time></trkpt><trkpt lat="41.56081736454989" lon="-71.32993187712047"><time>2026-08-09T17:57:57Z</time></trkpt><trkpt lat="41.56082492422403" lon="-71.3299740574625"><time>2026-08-09T17:57:58Z</time></trkpt><trkpt lat="41.56083158574294" lon="-71.33001581539698"><time>2026-08-09T17:57:59Z</time></trkpt><trkpt lat="41.560839479896266" lon="-71.33005756694651"><time>2026-08-09T17:58:00Z</time></trkpt><trkpt lat="41.5608471721435" lon="-71.33009796336178"><time>2026-08-09T17:58:01Z</time></trkpt><trkpt lat="41.56085268541009" lon="-71.33014084391678"><time>2026-08-09T17:58:02Z</time></trkpt><trkpt lat="41.5608590037028" lon="-71.33018290337252"><time>2026-08-09T17:58:03Z</time></trkpt><trkpt lat="41.56086707829495" lon="-71.33022402627478"><time>2026-08-09T17:58:04Z</time></trkpt><trkpt lat="41.560875660373775" lon="-71.33026554644215"><time>2026-08-09T17:58:05Z</time></trkpt><trkpt lat="41.560884560304046" lon="-71.33030747763412"><time>2026-08-09T17:58:06Z</time></trkpt><trkpt lat="41.560892628602254" lon="-71.33034896598777"><time>2026-08-09T17:58:07Z</time></trkpt><trkpt lat="41.56089972315944" lon="-71.33039084111094"><time>2026-08-09T17:58:08Z</time></trkpt><trkpt lat="41.5609073962479" lon="-71.33043177762158"><time>2026-08-09T17:58:09Z</time></trkpt><trkpt lat="41.56091434016613" lon="-71.33047382225911"><time>2026-08-09T17:58:10Z</time></trkpt><trkpt lat="41.560921409033874" lon="-71.33051500769439"><time>2026-08-09T17:58:11Z</time></trkpt><trkpt lat="41.56092846171171" lon="-71.33055720177666"><time>2026-08-09T17:58:12Z</time></trkpt><trkpt lat="41.56093497852019" lon="-71.330600128919"><time>2026-08-09T17:58:13Z</time></trkpt><trkpt lat="41.560942105252906" lon="-71.330640603907"><time>2026-08-09T17:58:14Z</time></trkpt><trkpt lat="41.56094765516253" lon="-71.33068301489453"><time>2026-08-09T17:58:15Z</time></trkpt><trkpt lat="41.56095300506322" lon="-71.33072492045993"><time>2026-08-09T17:58:16Z</time></trkpt><trkpt lat="41.56095802102123" lon="-71.33076387318135"><time>2026-08-09T17:58:17Z</time></trkpt><trkpt lat="41.560965773937944" lon="-71.33080457727047"><time>2026-08-09T17:58:18Z</time></trkpt><trkpt lat="41.56097971608649" lon="-71.33084902721133"><time>2026-08-09T17:58:19Z</time></trkpt><trkpt lat="41.56097352944154" lon="-71.33089891349131"><time>2026-08-09T17:58:20Z</time></trkpt><trkpt lat="41.56098038970877" lon="-71.33093994618723"><time>2026-08-09T17:58:21Z</time></trkpt><trkpt lat="41.560984504895984" lon="-71.33097648949538"><time>2026-08-09T17:58:22Z</time></trkpt><trkpt lat="41.560999331233695" lon="-71.33101604926222"><time>2026-08-09T17:58:23Z</time></trkpt><trkpt lat="41.56100692563257" lon="-71.33105254479494"><time>2026-08-09T17:58:24Z</time></trkpt><trkpt lat="41.56102425312427" lon="-71.3310815192694"><time>2026-08-09T17:58:25Z</time></trkpt><trkpt lat="41.561041349762576" lon="-71.33110694506097"><time>2026-08-09T17:58:26Z</time></trkpt><trkpt lat="41.561065097122544" lon="-71.331131886779"><time>2026-08-09T17:58:27Z</time></trkpt><trkpt lat="41.56109361682338" lon="-71.33115735009852"><time>2026-08-09T17:58:28Z</time></trkpt><trkpt lat="41.5611173085905" lon="-71.33116990850935"><time>2026-08-09T17:58:29Z</time></trkpt><trkpt lat="41.561153067876496" lon="-71.33116956888423"><time>2026-08-09T17:58:30Z</time></trkpt><trkpt lat="41.56117272334075" lon="-71.33116984346614"><time>2026-08-09T17:58:31Z</time></trkpt><trkpt lat="41.56119686206849" lon="-71.33116460326872"><time>2026-08-09T17:58:32Z</time></trkpt><trkpt lat="41.561213476870485" lon="-71.3311538773951"><time>2026-08-09T17:58:33Z</time></trkpt><trkpt lat="41.561236037237755" lon="-71.3311424950587"><time>2026-08-09T17:58:34Z</time></trkpt><trkpt lat="41.561256085842274" lon="-71.33111792712916"><time>2026-08-09T17:58:35Z</time></trkpt><trkpt lat="41.56127888083001" lon="-71.33110772922124"><time>2026-08-09T17:58:36Z</time></trkpt><trkpt lat="41.561316656925364" lon="-71.33110250469596"><time>2026-08-09T17:58:38Z</time></trkpt><trkpt lat="41.56133570265386" lon="-71.33108543823016"><time>2026-08-09T17:58:39Z</time></trkpt><trkpt lat="41.56135185678856" lon="-71.33106436176124"><time>2026-08-09T17:58:40Z</time></trkpt><trkpt lat="41.561368628191794" lon="-71.33103973340562"><time>2026-08-09T17:58:41Z</time></trkpt><trkpt lat="41.5613815579712" lon="-71.33101233426613"><time>2026-08-09T17:58:42Z</time></trkpt><trkpt lat="41.56139445168928" lon="-71.33098366679418"><time>2026-08-09T17:58:43Z</time></trkpt><trkpt lat="41.56140410802217" lon="-71.33094327245227"><time>2026-08-09T17:58:44Z</time></trkpt><trkpt lat="41.561406357498264" lon="-71.33088979592823"><time>2026-08-09T17:58:46Z</time></trkpt><trkpt lat="41.56140552837428" lon="-71.33085255609538"><time>2026-08-09T17:58:47Z</time></trkpt><trkpt lat="41.56140155786217" lon="-71.33081908078773"><time>2026-08-09T17:58:48Z</time></trkpt><trkpt lat="41.5613993685121" lon="-71.33078309682179"><time>2026-08-09T17:58:49Z</time></trkpt><trkpt lat="41.561394106794545" lon="-71.33074602735238"><time>2026-08-09T17:58:50Z</time></trkpt><trkpt lat="41.5613905797052" lon="-71.33070876806896"><time>2026-08-09T17:58:51Z</time></trkpt><trkpt lat="41.56138621644535" lon="-71.33067126639624"><time>2026-08-09T17:58:52Z</time></trkpt><trkpt lat="41.56138194971901" lon="-71.33063405181431"><time>2026-08-09T17:58:53Z</time></trkpt><trkpt lat="41.56138044845046" lon="-71.33059569850676"><time>2026-08-09T17:58:54Z</time></trkpt><trkpt lat="41.56137684729686" lon="-71.33055458997734"><time>2026-08-09T17:58:55Z</time></trkpt><trkpt lat="41.561370438462035" lon="-71.33051405779273"><time>2026-08-09T17:58:56Z</time></trkpt><trkpt lat="41.56136569247251" lon="-71.33047132598202"><time>2026-08-09T17:58:57Z</time></trkpt><trkpt lat="41.561363710700874" lon="-71.33042789351852"><time>2026-08-09T17:58:58Z</time></trkpt><trkpt lat="41.561356568226955" lon="-71.33038488141318"><time>2026-08-09T17:58:59Z</time></trkpt><trkpt lat="41.5613465343724" lon="-71.33034128075434"><time>2026-08-09T17:59:00Z</time></trkpt><trkpt lat="41.56133850053203" lon="-71.33029557439207"><time>2026-08-09T17:59:01Z</time></trkpt><trkpt lat="41.561332698575455" lon="-71.33024997672513"><time>2026-08-09T17:59:02Z</time></trkpt><trkpt lat="41.56132643489643" lon="-71.33020531242083"><time>2026-08-09T17:59:03Z</time></trkpt><trkpt lat="41.56131853720965" lon="-71.33016188709158"><time>2026-08-09T17:59:04Z</time></trkpt><trkpt lat="41.561309016551405" lon="-71.33011638850492"><time>2026-08-09T17:59:05Z</time></trkpt><trkpt lat="41.561299877452534" lon="-71.33006646282729"><time>2026-08-09T17:59:06Z</time></trkpt><trkpt lat="41.56129322024078" lon="-71.33001865830902"><time>2026-08-09T17:59:07Z</time></trkpt><trkpt lat="41.56128552214932" lon="-71.32997023166931"><time>2026-08-09T17:59:08Z</time></trkpt><trkpt lat="41.56127720172692" lon="-71.3299225920513"><time>2026-08-09T17:59:09Z</time></trkpt><trkpt lat="41.561268400769805" lon="-71.32987406915453"><time>2026-08-09T17:59:10Z</time></trkpt><trkpt lat="41.561260200803126" lon="-71.3298238859015"><time>2026-08-09T17:59:11Z</time></trkpt><trkpt lat="41.56125448737627" lon="-71.32977511334731"><time>2026-08-09T17:59:12Z</time></trkpt><trkpt lat="41.561248963470554" lon="-71.32972528407456"><time>2026-08-09T17:59:13Z</time></trkpt><trkpt lat="41.5612441234503" lon="-71.32967492794526"><time>2026-08-09T17:59:14Z</time></trkpt><trkpt lat="41.56124044048055" lon="-71.32962448496599"><time>2026-08-09T17:59:15Z</time></trkpt><trkpt lat="41.56123648349097" lon="-71.32957355263817"><time>2026-08-09T17:59:16Z</time></trkpt><trkpt lat="41.56123309319033" lon="-71.32952221491345"><time>2026-08-09T17:59:17Z</time></trkpt><trkpt lat="41.56122863568151" lon="-71.32946939991827"><time>2026-08-09T17:59:18Z</time></trkpt><trkpt lat="41.561222964971954" lon="-71.32941835468579"><time>2026-08-09T17:59:19Z</time></trkpt><trkpt lat="41.56121696721158" lon="-71.3293666989834"><time>2026-08-09T17:59:20Z</time></trkpt><trkpt lat="41.56121274298642" lon="-71.32931333331558"><time>2026-08-09T17:59:21Z</time></trkpt><trkpt lat="41.561207118484724" lon="-71.32926105133768"><time>2026-08-09T17:59:22Z</time></trkpt><trkpt lat="41.56120135967888" lon="-71.3292081886691"><time>2026-08-09T17:59:23Z</time></trkpt><trkpt lat="41.561196620498755" lon="-71.32915706379178"><time>2026-08-09T17:59:24Z</time></trkpt><trkpt lat="41.56119017615201" lon="-71.3291053539506"><time>2026-08-09T17:59:25Z</time></trkpt><trkpt lat="41.56118500692552" lon="-71.32905298062097"><time>2026-08-09T17:59:26Z</time></trkpt><trkpt lat="41.56117886853974" lon="-71.32900100905191"><time>2026-08-09T17:59:27Z</time></trkpt><trkpt lat="41.56117233229049" lon="-71.32894833745098"><time>2026-08-09T17:59:28Z</time></trkpt><trkpt lat="41.561167535743905" lon="-71.32889483431846"><time>2026-08-09T17:59:29Z</time></trkpt><trkpt lat="41.56116292905385" lon="-71.32884090958095"><time>2026-08-09T17:59:30Z</time></trkpt><trkpt lat="41.56115896940433" lon="-71.32878655585648"><time>2026-08-09T17:59:31Z</time></trkpt><trkpt lat="41.56115448390708" lon="-71.32873247747453"><time>2026-08-09T17:59:32Z</time></trkpt><trkpt lat="41.561149599776044" lon="-71.3286782110291"><time>2026-08-09T17:59:33Z</time></trkpt><trkpt lat="41.56114366890227" lon="-71.32862452216405"><time>2026-08-09T17:59:34Z</time></trkpt><trkpt lat="41.56113630019448" lon="-71.32857198485665"><time>2026-08-09T17:59:35Z</time></trkpt><trkpt lat="41.56112887396001" lon="-71.32851860875671"><time>2026-08-09T17:59:36Z</time></trkpt><trkpt lat="41.561121515940535" lon="-71.32846615101178"><time>2026-08-09T17:59:37Z</time></trkpt><trkpt lat="41.561114951982326" lon="-71.32841071606897"><time>2026-08-09T17:59:38Z</time></trkpt><trkpt lat="41.561109486333855" lon="-71.32835641439718"><time>2026-08-09T17:59:39Z</time></trkpt><trkpt lat="41.56110387020466" lon="-71.32830145259398"><time>2026-08-09T17:59:40Z</time></trkpt><trkpt lat="41.56109638828773" lon="-71.32824889651243"><time>2026-08-09T17:59:41Z</time></trkpt><trkpt lat="41.56108845912844" lon="-71.32819519545048"><time>2026-08-09T17:59:42Z</time></trkpt><trkpt lat="41.56108069842264" lon="-71.32814222946537"><time>2026-08-09T17:59:43Z</time></trkpt><trkpt lat="41.56107371748434" lon="-71.32808847047943"><time>2026-08-09T17:59:44Z</time></trkpt><trkpt lat="41.561069366444826" lon="-71.32803550920103"><time>2026-08-09T17:59:45Z</time></trkpt><trkpt lat="41.56106505994005" lon="-71.32798125030516"><time>2026-08-09T17:59:46Z</time></trkpt><trkpt lat="41.56106087688775" lon="-71.32792660809014"><time>2026-08-09T17:59:47Z</time></trkpt><trkpt lat="41.56105495926755" lon="-71.32787349735133"><time>2026-08-09T17:59:48Z</time></trkpt><trkpt lat="41.56104910584194" lon="-71.3278190721551"><time>2026-08-09T17:59:49Z</time></trkpt><trkpt lat="41.5610428283869" lon="-71.32776420132744"><time>2026-08-09T17:59:50Z</time></trkpt><trkpt lat="41.56103585871389" lon="-71.32771119720505"><time>2026-08-09T17:59:51Z</time></trkpt><trkpt lat="41.56102798979378" lon="-71.32765668818665"><time>2026-08-09T17:59:52Z</time></trkpt><trkpt lat="41.561018840121235" lon="-71.32760398007916"><time>2026-08-09T17:59:53Z</time></trkpt><trkpt lat="41.561010233288435" lon="-71.32755168144323"><time>2026-08-09T17:59:54Z</time></trkpt><trkpt lat="41.56100078711638" lon="-71.32749962603526"><time>2026-08-09T17:59:55Z</time></trkpt><trkpt lat="41.56099037708789" lon="-71.32744785375533"><time>2026-08-09T17:59:56Z</time></trkpt><trkpt lat="41.56097913938548" lon="-71.32739659261276"><time>2026-08-09T17:59:57Z</time></trkpt><trkpt lat="41.56096845027768" lon="-71.32734559808661"><time>2026-08-09T17:59:58Z</time></trkpt><trkpt lat="41.560956930092026" lon="-71.32729397486368"><time>2026-08-09T17:59:59Z</time></trkpt><trkpt lat="41.56094489393419" lon="-71.32724267786043"><time>2026-08-09T18:00:00Z</time></trkpt><trkpt lat="41.5609294343733" lon="-71.32719189633777"><time>2026-08-09T18:00:01Z</time></trkpt><trkpt lat="41.560915891308895" lon="-71.32714336063056"><time>2026-08-09T18:00:02Z</time></trkpt><trkpt lat="41.56090098383669" lon="-71.32709305876281"><time>2026-08-09T18:00:03Z</time></trkpt><trkpt lat="41.560885946198425" lon="-71.32704440683361"><time>2026-08-09T18:00:04Z</time></trkpt><trkpt lat="41.560867370487586" lon="-71.32699723759866"><time>2026-08-09T18:00:05Z</time></trkpt><trkpt lat="41.56085006501232" lon="-71.32695049412784"><time>2026-08-09T18:00:06Z</time></trkpt><trkpt lat="41.56083187226904" lon="-71.32690370046787"><time>2026-08-09T18:00:07Z</time></trkpt><trkpt lat="41.56081384747163" lon="-71.32685604919023"><time>2026-08-09T18:00:08Z</time></trkpt><trkpt lat="41.56079417731333" lon="-71.3268112325947"><time>2026-08-09T18:00:09Z</time></trkpt><trkpt lat="41.5607715489508" lon="-71.32676874201726"><time>2026-08-09T18:00:10Z</time></trkpt><trkpt lat="41.5607482019834" lon="-71.32672760091593"><time>2026-08-09T18:00:11Z</time></trkpt><trkpt lat="41.56072512381864" lon="-71.32668711967814"><time>2026-08-09T18:00:12Z</time></trkpt><trkpt lat="41.560700053415324" lon="-71.32664887285299"><time>2026-08-09T18:00:13Z</time></trkpt><trkpt lat="41.56067365215915" lon="-71.32661445434124"><time>2026-08-09T18:00:14Z</time></trkpt><trkpt lat="41.56064865758528" lon="-71.32657884662412"><time>2026-08-09T18:00:15Z</time></trkpt><trkpt lat="41.560624161447315" lon="-71.32654246480288"><time>2026-08-09T18:00:16Z</time></trkpt><trkpt lat="41.5606001380622" lon="-71.32650530168617"><time>2026-08-09T18:00:17Z</time></trkpt><trkpt lat="41.56057634243927" lon="-71.32646785919705"><time>2026-08-09T18:00:18Z</time></trkpt><trkpt lat="41.56055182627561" lon="-71.32643122731666"><time>2026-08-09T18:00:19Z</time></trkpt><trkpt lat="41.56052762852197" lon="-71.32639596604926"><time>2026-08-09T18:00:20Z</time></trkpt><trkpt lat="41.560502436842" lon="-71.32636208481792"><time>2026-08-09T18:00:21Z</time></trkpt><trkpt lat="41.56047533197939" lon="-71.326330583537"><time>2026-08-09T18:00:22Z</time></trkpt><trkpt lat="41.56044839788432" lon="-71.32629974019365"><time>2026-08-09T18:00:23Z</time></trkpt><trkpt lat="41.56042168207155" lon="-71.32626960475218"><time>2026-08-09T18:00:24Z</time></trkpt><trkpt lat="41.56039522541716" lon="-71.32623734438577"><time>2026-08-09T18:00:25Z</time></trkpt><trkpt lat="41.560368719420154" lon="-71.3262037287812"><time>2026-08-09T18:00:26Z</time></trkpt><trkpt lat="41.56034352410835" lon="-71.32617202333245"><time>2026-08-09T18:00:27Z</time></trkpt><trkpt lat="41.56031837266068" lon="-71.32613762176062"><time>2026-08-09T18:00:28Z</time></trkpt><trkpt lat="41.56029311037044" lon="-71.32610463054051"><time>2026-08-09T18:00:29Z</time></trkpt><trkpt lat="41.56026629421427" lon="-71.3260734713288"><time>2026-08-09T18:00:30Z</time></trkpt><trkpt lat="41.5602409672945" lon="-71.32604296147251"><time>2026-08-09T18:00:31Z</time></trkpt><trkpt lat="41.560214511092575" lon="-71.32601155744996"><time>2026-08-09T18:00:32Z</time></trkpt><trkpt lat="41.56018859655522" lon="-71.3259788492467"><time>2026-08-09T18:00:33Z</time></trkpt><trkpt lat="41.56016248624979" lon="-71.32594725430903"><time>2026-08-09T18:00:34Z</time></trkpt><trkpt lat="41.56013523178187" lon="-71.32592048147963"><time>2026-08-09T18:00:35Z</time></trkpt><trkpt lat="41.56010880332487" lon="-71.32588973757802"><time>2026-08-09T18:00:36Z</time></trkpt><trkpt lat="41.56008083599343" lon="-71.32585882308916"><time>2026-08-09T18:00:37Z</time></trkpt><trkpt lat="41.56005577829033" lon="-71.32582891016528"><time>2026-08-09T18:00:38Z</time></trkpt><trkpt lat="41.56003002454634" lon="-71.32579765435388"><time>2026-08-09T18:00:39Z</time></trkpt><trkpt lat="41.56000457606796" lon="-71.3257660841037"><time>2026-08-09T18:00:40Z</time></trkpt><trkpt lat="41.55997922562203" lon="-71.32573353183989"><time>2026-08-09T18:00:41Z</time></trkpt><trkpt lat="41.55995260903624" lon="-71.32570615285945"><time>2026-08-09T18:00:42Z</time></trkpt><trkpt lat="41.5599263265231" lon="-71.32567489801585"><time>2026-08-09T18:00:43Z</time></trkpt><trkpt lat="41.55990062368012" lon="-71.32564459454782"><time>2026-08-09T18:00:44Z</time></trkpt><trkpt lat="41.55987501165902" lon="-71.32561426472019"><time>2026-08-09T18:00:45Z</time></trkpt><trkpt lat="41.559848726908825" lon="-71.32558421522799"><time>2026-08-09T18:00:46Z</time></trkpt><trkpt lat="41.559822639306475" lon="-71.32555438850495"><time>2026-08-09T18:00:47Z</time></trkpt><trkpt lat="41.55979704387101" lon="-71.32552431526538"><time>2026-08-09T18:00:48Z</time></trkpt><trkpt lat="41.55977350221587" lon="-71.3254944506592"><time>2026-08-09T18:00:49Z</time></trkpt><trkpt lat="41.55974564768147" lon="-71.32547297423311"><time>2026-08-09T18:00:50Z</time></trkpt><trkpt lat="41.55972029568889" lon="-71.3254397644808"><time>2026-08-09T18:00:51Z</time></trkpt><trkpt lat="41.559695895004396" lon="-71.32540979364977"><time>2026-08-09T18:00:52Z</time></trkpt><trkpt lat="41.55967116577463" lon="-71.32537940736802"><time>2026-08-09T18:00:53Z</time></trkpt><trkpt lat="41.559646204840725" lon="-71.32534960386582"><time>2026-08-09T18:00:54Z</time></trkpt><trkpt lat="41.55962252125802" lon="-71.32531740107983"><time>2026-08-09T18:00:55Z</time></trkpt><trkpt lat="41.559599641556275" lon="-71.32528595136915"><time>2026-08-09T18:00:56Z</time></trkpt><trkpt lat="41.559576667716925" lon="-71.32525376240379"><time>2026-08-09T18:00:57Z</time></trkpt><trkpt lat="41.559553348198726" lon="-71.32522287938293"><time>2026-08-09T18:00:58Z</time></trkpt><trkpt lat="41.559529860548146" lon="-71.32519299188135"><time>2026-08-09T18:00:59Z</time></trkpt><trkpt lat="41.5595056871267" lon="-71.3251626824919"><time>2026-08-09T18:01:00Z</time></trkpt><trkpt lat="41.559480743179975" lon="-71.32513329036603"><time>2026-08-09T18:01:01Z</time></trkpt><trkpt lat="41.55945617221679" lon="-71.32510237409251"><time>2026-08-09T18:01:02Z</time></trkpt><trkpt lat="41.55943309115171" lon="-71.32507437640494"><time>2026-08-09T18:01:03Z</time></trkpt><trkpt lat="41.559410895995896" lon="-71.32504718121203"><time>2026-08-09T18:01:04Z</time></trkpt><trkpt lat="41.5593872020972" lon="-71.3250173932132"><time>2026-08-09T18:01:05Z</time></trkpt><trkpt lat="41.559363601443636" lon="-71.32498886639517"><time>2026-08-09T18:01:06Z</time></trkpt><trkpt lat="41.55933990687385" lon="-71.3249604845209"><time>2026-08-09T18:01:07Z</time></trkpt><trkpt lat="41.559316068261666" lon="-71.32493258493989"><time>2026-08-09T18:01:08Z</time></trkpt><trkpt lat="41.559293497394144" lon="-71.32490338656868"><time>2026-08-09T18:01:09Z</time></trkpt><trkpt lat="41.559271181932324" lon="-71.32487351822671"><time>2026-08-09T18:01:10Z</time></trkpt><trkpt lat="41.5592488773535" lon="-71.32484262049421"><time>2026-08-09T18:01:11Z</time></trkpt><trkpt lat="41.55922592745074" lon="-71.32481313407705"><time>2026-08-09T18:01:12Z</time></trkpt><trkpt lat="41.55920315622056" lon="-71.32478233657261"><time>2026-08-09T18:01:13Z</time></trkpt><trkpt lat="41.559179634057365" lon="-71.32475477067939"><time>2026-08-09T18:01:14Z</time></trkpt><trkpt lat="41.559157785963784" lon="-71.32472633310674"><time>2026-08-09T18:01:15Z</time></trkpt><trkpt lat="41.559132747102595" lon="-71.32469764599941"><time>2026-08-09T18:01:16Z</time></trkpt><trkpt lat="41.55910966380544" lon="-71.32466793988004"><time>2026-08-09T18:01:17Z</time></trkpt><trkpt lat="41.55908546334699" lon="-71.32464103605487"><time>2026-08-09T18:01:18Z</time></trkpt><trkpt lat="41.559061803237405" lon="-71.32461335536206"><time>2026-08-09T18:01:19Z</time></trkpt><trkpt lat="41.55903876484729" lon="-71.32458557648492"><time>2026-08-09T18:01:20Z</time></trkpt><trkpt lat="41.55901605258112" lon="-71.32455876048309"><time>2026-08-09T18:01:21Z</time></trkpt><trkpt lat="41.558994016937596" lon="-71.32453033421248"><time>2026-08-09T18:01:22Z</time></trkpt><trkpt lat="41.558972000602566" lon="-71.32450070737052"><time>2026-08-09T18:01:23Z</time></trkpt><trkpt lat="41.55894869674234" lon="-71.32447183861076"><time>2026-08-09T18:01:24Z</time></trkpt><trkpt lat="41.55892627515528" lon="-71.32444237133495"><time>2026-08-09T18:01:25Z</time></trkpt><trkpt lat="41.55890297503424" lon="-71.32441253568979"><time>2026-08-09T18:01:26Z</time></trkpt><trkpt lat="41.55887979000806" lon="-71.32438535939738"><time>2026-08-09T18:01:27Z</time></trkpt><trkpt lat="41.55885571725828" lon="-71.32435887438923"><time>2026-08-09T18:01:28Z</time></trkpt><trkpt lat="41.55883168626067" lon="-71.32433106441948"><time>2026-08-09T18:01:29Z</time></trkpt><trkpt lat="41.55880773711053" lon="-71.32430370582114"><time>2026-08-09T18:01:30Z</time></trkpt><trkpt lat="41.558783516599306" lon="-71.32427648793619"><time>2026-08-09T18:01:31Z</time></trkpt><trkpt lat="41.55875791167063" lon="-71.32424997464791"><time>2026-08-09T18:01:32Z</time></trkpt><trkpt lat="41.558733966999654" lon="-71.32422376010578"><time>2026-08-09T18:01:33Z</time></trkpt><trkpt lat="41.558710078704806" lon="-71.32419608923486"><time>2026-08-09T18:01:34Z</time></trkpt><trkpt lat="41.55868504676106" lon="-71.32416888559732"><time>2026-08-09T18:01:35Z</time></trkpt><trkpt lat="41.558661148391856" lon="-71.3241388634889"><time>2026-08-09T18:01:36Z</time></trkpt><trkpt lat="41.55863715665829" lon="-71.32411110509474"><time>2026-08-09T18:01:37Z</time></trkpt><trkpt lat="41.55861052551986" lon="-71.32408433019613"><time>2026-08-09T18:01:38Z</time></trkpt><trkpt lat="41.55858354101406" lon="-71.3240594805772"><time>2026-08-09T18:01:39Z</time></trkpt><trkpt lat="41.55855884403651" lon="-71.32403662983668"><time>2026-08-09T18:01:40Z</time></trkpt><trkpt lat="41.55853362174097" lon="-71.32400494497678"><time>2026-08-09T18:01:41Z</time></trkpt><trkpt lat="41.558507478864264" lon="-71.32397757098289"><time>2026-08-09T18:01:42Z</time></trkpt><trkpt lat="41.55848131175059" lon="-71.32395226598955"><time>2026-08-09T18:01:43Z</time></trkpt><trkpt lat="41.55845479082576" lon="-71.3239251806555"><time>2026-08-09T18:01:44Z</time></trkpt><trkpt lat="41.55842936878353" lon="-71.32389758992461"><time>2026-08-09T18:01:45Z</time></trkpt><trkpt lat="41.55840301709577" lon="-71.32387223862274"><time>2026-08-09T18:01:46Z</time></trkpt><trkpt lat="41.55837570162759" lon="-71.32384580236457"><time>2026-08-09T18:01:47Z</time></trkpt><trkpt lat="41.558349841377435" lon="-71.32381914729544"><time>2026-08-09T18:01:48Z</time></trkpt><trkpt lat="41.55833149362272" lon="-71.32379564806459"><time>2026-08-09T18:01:49Z</time></trkpt><trkpt lat="41.55830052604728" lon="-71.32376730108574"><time>2026-08-09T18:01:50Z</time></trkpt><trkpt lat="41.55827641442169" lon="-71.32373168150092"><time>2026-08-09T18:01:51Z</time></trkpt><trkpt lat="41.558250966974185" lon="-71.32371341629195"><time>2026-08-09T18:01:52Z</time></trkpt><trkpt lat="41.558219574972725" lon="-71.32368617342578"><time>2026-08-09T18:01:53Z</time></trkpt><trkpt lat="41.55818972639547" lon="-71.32366152360773"><time>2026-08-09T18:01:54Z</time></trkpt><trkpt lat="41.55815383773017" lon="-71.3236423218091"><time>2026-08-09T18:01:55Z</time></trkpt><trkpt lat="41.55812915972865" lon="-71.32361224747447"><time>2026-08-09T18:01:56Z</time></trkpt><trkpt lat="41.55810199180831" lon="-71.32358492701867"><time>2026-08-09T18:01:57Z</time></trkpt><trkpt lat="41.5580738774425" lon="-71.32355813763122"><time>2026-08-09T18:01:58Z</time></trkpt><trkpt lat="41.55804600206665" lon="-71.32353181779294"><time>2026-08-09T18:01:59Z</time></trkpt><trkpt lat="41.558017406198765" lon="-71.32350632884398"><time>2026-08-09T18:02:00Z</time></trkpt><trkpt lat="41.55798942207877" lon="-71.32348210713059"><time>2026-08-09T18:02:01Z</time></trkpt><trkpt lat="41.55796042476795" lon="-71.32345724632151"><time>2026-08-09T18:02:02Z</time></trkpt><trkpt lat="41.55793181591655" lon="-71.32343292810312"><time>2026-08-09T18:02:03Z</time></trkpt><trkpt lat="41.557904433588405" lon="-71.32340674518615"><time>2026-08-09T18:02:04Z</time></trkpt><trkpt lat="41.557875996640945" lon="-71.32338109117205"><time>2026-08-09T18:02:05Z</time></trkpt><trkpt lat="41.55784811030992" lon="-71.32335286724465"><time>2026-08-09T18:02:06Z</time></trkpt><trkpt lat="41.557820132126636" lon="-71.32332480972343"><time>2026-08-09T18:02:07Z</time></trkpt><trkpt lat="41.557792245318964" lon="-71.32329805774918"><time>2026-08-09T18:02:08Z</time></trkpt><trkpt lat="41.55776319141269" lon="-71.32327014737865"><time>2026-08-09T18:02:09Z</time></trkpt><trkpt lat="41.55773407991532" lon="-71.32324517513743"><time>2026-08-09T18:02:10Z</time></trkpt><trkpt lat="41.5577039792433" lon="-71.32322072177047"><time>2026-08-09T18:02:11Z</time></trkpt><trkpt lat="41.55767377375445" lon="-71.32319898571369"><time>2026-08-09T18:02:12Z</time></trkpt><trkpt lat="41.55764468626831" lon="-71.3231745013693"><time>2026-08-09T18:02:13Z</time></trkpt><trkpt lat="41.55761466626229" lon="-71.32315099372877"><time>2026-08-09T18:02:14Z</time></trkpt><trkpt lat="41.55758479663489" lon="-71.32312807219864"><time>2026-08-09T18:02:15Z</time></trkpt><trkpt lat="41.557554959817956" lon="-71.32310468155389"><time>2026-08-09T18:02:16Z</time></trkpt><trkpt lat="41.557525536287024" lon="-71.32308074141027"><time>2026-08-09T18:02:17Z</time></trkpt><trkpt lat="41.55749596143561" lon="-71.32305588930762"><time>2026-08-09T18:02:18Z</time></trkpt><trkpt lat="41.55746688520684" lon="-71.32302990402677"><time>2026-08-09T18:02:19Z</time></trkpt><trkpt lat="41.557437786139396" lon="-71.32300628505553"><time>2026-08-09T18:02:20Z</time></trkpt><trkpt lat="41.55741040142627" lon="-71.32297687395078"><time>2026-08-09T18:02:21Z</time></trkpt><trkpt lat="41.55738237214925" lon="-71.3229514534708"><time>2026-08-09T18:02:22Z</time></trkpt><trkpt lat="41.5573527256657" lon="-71.32292597945047"><time>2026-08-09T18:02:23Z</time></trkpt><trkpt lat="41.55732398169868" lon="-71.32290062393182"><time>2026-08-09T18:02:24Z</time></trkpt><trkpt lat="41.557294792067076" lon="-71.3228749176274"><time>2026-08-09T18:02:25Z</time></trkpt><trkpt lat="41.55726403950071" lon="-71.32284973240819"><time>2026-08-09T18:02:26Z</time></trkpt><trkpt lat="41.557235246938134" lon="-71.32282293089949"><time>2026-08-09T18:02:27Z</time></trkpt><trkpt lat="41.55720538318945" lon="-71.32279713577516"><time>2026-08-09T18:02:28Z</time></trkpt><trkpt lat="41.55717650660603" lon="-71.32277106402796"><time>2026-08-09T18:02:29Z</time></trkpt><trkpt lat="41.557147697980206" lon="-71.32274363062"><time>2026-08-09T18:02:30Z</time></trkpt><trkpt lat="41.557117183186946" lon="-71.32272023736053"><time>2026-08-09T18:02:31Z</time></trkpt><trkpt lat="41.55708835503638" lon="-71.32269528938812"><time>2026-08-09T18:02:32Z</time></trkpt><trkpt lat="41.557058998606095" lon="-71.32267211761616"><time>2026-08-09T18:02:33Z</time></trkpt><trkpt lat="41.557030343079425" lon="-71.32264744162046"><time>2026-08-09T18:02:34Z</time></trkpt><trkpt lat="41.557000734671206" lon="-71.32262038088993"><time>2026-08-09T18:02:35Z</time></trkpt><trkpt lat="41.55697256217709" lon="-71.32259269757915"><time>2026-08-09T18:02:36Z</time></trkpt><trkpt lat="41.556943735055675" lon="-71.32256617663013"><time>2026-08-09T18:02:37Z</time></trkpt><trkpt lat="41.55691153095096" lon="-71.3225506147558"><time>2026-08-09T18:02:38Z</time></trkpt><trkpt lat="41.55688379038129" lon="-71.3225151598871"><time>2026-08-09T18:02:39Z</time></trkpt><trkpt lat="41.556854560206865" lon="-71.32249068967401"><time>2026-08-09T18:02:40Z</time></trkpt><trkpt lat="41.55682547326261" lon="-71.3224647005387"><time>2026-08-09T18:02:41Z</time></trkpt><trkpt lat="41.55679681921644" lon="-71.32243787018312"><time>2026-08-09T18:02:42Z</time></trkpt><trkpt lat="41.55676736604684" lon="-71.32241299837187"><time>2026-08-09T18:02:43Z</time></trkpt><trkpt lat="41.55673946111755" lon="-71.32238801941396"><time>2026-08-09T18:02:44Z</time></trkpt><trkpt lat="41.55670979044605" lon="-71.32236128404321"><time>2026-08-09T18:02:45Z</time></trkpt><trkpt lat="41.556680874903996" lon="-71.32233557620951"><time>2026-08-09T18:02:46Z</time></trkpt><trkpt lat="41.55665129249576" lon="-71.32231031264303"><time>2026-08-09T18:02:47Z</time></trkpt><trkpt lat="41.55662067879633" lon="-71.32228460884618"><time>2026-08-09T18:02:48Z</time></trkpt><trkpt lat="41.55659152007557" lon="-71.32225848425146"><time>2026-08-09T18:02:49Z</time></trkpt><trkpt lat="41.556562644224144" lon="-71.32223193653797"><time>2026-08-09T18:02:50Z</time></trkpt><trkpt lat="41.55653407233699" lon="-71.32220367170159"><time>2026-08-09T18:02:51Z</time></trkpt><trkpt lat="41.55650521655617" lon="-71.3221769565323"><time>2026-08-09T18:02:52Z</time></trkpt><trkpt lat="41.55647539464293" lon="-71.32215068212786"><time>2026-08-09T18:02:53Z</time></trkpt><trkpt lat="41.55644581471115" lon="-71.32212491401164"><time>2026-08-09T18:02:54Z</time></trkpt><trkpt lat="41.55641535520386" lon="-71.32210066131253"><time>2026-08-09T18:02:55Z</time></trkpt><trkpt lat="41.55638360035616" lon="-71.32207822080774"><time>2026-08-09T18:02:56Z</time></trkpt><trkpt lat="41.55635260323128" lon="-71.32205823105906"><time>2026-08-09T18:02:57Z</time></trkpt><trkpt lat="41.556320228582116" lon="-71.3220383541528"><time>2026-08-09T18:02:58Z</time></trkpt><trkpt lat="41.556289536478225" lon="-71.32201681181836"><time>2026-08-09T18:02:59Z</time></trkpt><trkpt lat="41.55625826016786" lon="-71.32199603466088"><time>2026-08-09T18:03:00Z</time></trkpt><trkpt lat="41.55622745890196" lon="-71.32197476658808"><time>2026-08-09T18:03:01Z</time></trkpt><trkpt lat="41.55619694664876" lon="-71.32195378831598"><time>2026-08-09T18:03:02Z</time></trkpt><trkpt lat="41.556164819912965" lon="-71.32193352492831"><time>2026-08-09T18:03:03Z</time></trkpt><trkpt lat="41.5561339078302" lon="-71.32191503667859"><time>2026-08-09T18:03:04Z</time></trkpt><trkpt lat="41.55610239062216" lon="-71.32189556324396"><time>2026-08-09T18:03:05Z</time></trkpt><trkpt lat="41.5560715520774" lon="-71.32187593026308"><time>2026-08-09T18:03:06Z</time></trkpt><trkpt lat="41.556040902081165" lon="-71.32185446768997"><time>2026-08-09T18:03:07Z</time></trkpt><trkpt lat="41.55600898199598" lon="-71.32183324370243"><time>2026-08-09T18:03:08Z</time></trkpt><trkpt lat="41.55597688091036" lon="-71.32181363257322"><time>2026-08-09T18:03:09Z</time></trkpt><trkpt lat="41.555945800895365" lon="-71.32179611696382"><time>2026-08-09T18:03:10Z</time></trkpt><trkpt lat="41.55591421253192" lon="-71.32177636894953"><time>2026-08-09T18:03:11Z</time></trkpt><trkpt lat="41.55588437220683" lon="-71.32175616563256"><time>2026-08-09T18:03:12Z</time></trkpt><trkpt lat="41.55585368695191" lon="-71.32173734197477"><time>2026-08-09T18:03:13Z</time></trkpt><trkpt lat="41.55582431711681" lon="-71.32171655815795"><time>2026-08-09T18:03:14Z</time></trkpt><trkpt lat="41.55579121701113" lon="-71.32169490621149"><time>2026-08-09T18:03:15Z</time></trkpt><trkpt lat="41.55576036767344" lon="-71.3216716026334"><time>2026-08-09T18:03:16Z</time></trkpt><trkpt lat="41.555731444918536" lon="-71.32165019836566"><time>2026-08-09T18:03:17Z</time></trkpt><trkpt lat="41.55569997981582" lon="-71.3216289785143"><time>2026-08-09T18:03:18Z</time></trkpt><trkpt lat="41.555667551066875" lon="-71.32161077497796"><time>2026-08-09T18:03:19Z</time></trkpt><trkpt lat="41.55563633758353" lon="-71.32159301772397"><time>2026-08-09T18:03:20Z</time></trkpt><trkpt lat="41.55560473037464" lon="-71.32157373223762"><time>2026-08-09T18:03:21Z</time></trkpt><trkpt lat="41.55557358353957" lon="-71.3215536233965"><time>2026-08-09T18:03:22Z</time></trkpt><trkpt lat="41.555542531217164" lon="-71.32153202257298"><time>2026-08-09T18:03:23Z</time></trkpt><trkpt lat="41.55551023074306" lon="-71.32151090373864"><time>2026-08-09T18:03:24Z</time></trkpt><trkpt lat="41.55547977868716" lon="-71.32149032139948"><time>2026-08-09T18:03:25Z</time></trkpt><trkpt lat="41.55544711819021" lon="-71.32146942545354"><time>2026-08-09T18:03:26Z</time></trkpt><trkpt lat="41.555416567840886" lon="-71.32144775618558"><time>2026-08-09T18:03:27Z</time></trkpt><trkpt lat="41.55538656836336" lon="-71.32142584591436"><time>2026-08-09T18:03:28Z</time></trkpt><trkpt lat="41.55535610708544" lon="-71.32140420338395"><time>2026-08-09T18:03:29Z</time></trkpt><trkpt lat="41.55532469099569" lon="-71.32138225526721"><time>2026-08-09T18:03:30Z</time></trkpt><trkpt lat="41.555293529325006" lon="-71.32136139970414"><time>2026-08-09T18:03:31Z</time></trkpt><trkpt lat="41.55526134151479" lon="-71.32133903546563"><time>2026-08-09T18:03:32Z</time></trkpt><trkpt lat="41.5552291832511" lon="-71.3213195460933"><time>2026-08-09T18:03:33Z</time></trkpt><trkpt lat="41.55519582593877" lon="-71.32130026807592"><time>2026-08-09T18:03:34Z</time></trkpt><trkpt lat="41.555164308860554" lon="-71.32128185577251"><time>2026-08-09T18:03:35Z</time></trkpt><trkpt lat="41.555132956984906" lon="-71.32126148323901"><time>2026-08-09T18:03:36Z</time></trkpt><trkpt lat="41.55510173722188" lon="-71.32123973062406"><time>2026-08-09T18:03:37Z</time></trkpt><trkpt lat="41.555072562550244" lon="-71.32121579186759"><time>2026-08-09T18:03:38Z</time></trkpt><trkpt lat="41.55504305308279" lon="-71.32119063057321"><time>2026-08-09T18:03:39Z</time></trkpt><trkpt lat="41.555012645653434" lon="-71.32116639456424"><time>2026-08-09T18:03:40Z</time></trkpt><trkpt lat="41.55498217618933" lon="-71.32114396333837"><time>2026-08-09T18:03:41Z</time></trkpt><trkpt lat="41.55495102229355" lon="-71.32112378208498"><time>2026-08-09T18:03:42Z</time></trkpt><trkpt lat="41.55491927576452" lon="-71.32110134169591"><time>2026-08-09T18:03:43Z</time></trkpt><trkpt lat="41.55488773378964" lon="-71.32108189946372"><time>2026-08-09T18:03:44Z</time></trkpt><trkpt lat="41.554857112664294" lon="-71.32106003475658"><time>2026-08-09T18:03:45Z</time></trkpt><trkpt lat="41.55482685178483" lon="-71.3210384683477"><time>2026-08-09T18:03:46Z</time></trkpt><trkpt lat="41.55479602384335" lon="-71.32101650947598"><time>2026-08-09T18:03:47Z</time></trkpt><trkpt lat="41.55476488584796" lon="-71.32099539718482"><time>2026-08-09T18:03:48Z</time></trkpt><trkpt lat="41.554733194644854" lon="-71.32097449321026"><time>2026-08-09T18:03:49Z</time></trkpt><trkpt lat="41.55470121423177" lon="-71.32095306594626"><time>2026-08-09T18:03:50Z</time></trkpt><trkpt lat="41.554668770495006" lon="-71.32093112333315"><time>2026-08-09T18:03:51Z</time></trkpt><trkpt lat="41.55463643720761" lon="-71.320908773659"><time>2026-08-09T18:03:52Z</time></trkpt><trkpt lat="41.55460507880456" lon="-71.320888803455"><time>2026-08-09T18:03:53Z</time></trkpt><trkpt lat="41.5545727999889" lon="-71.32086744332908"><time>2026-08-09T18:03:54Z</time></trkpt><trkpt lat="41.55454261752373" lon="-71.32084643981256"><time>2026-08-09T18:03:55Z</time></trkpt><trkpt lat="41.55451108940169" lon="-71.32082334593926"><time>2026-08-09T18:03:56Z</time></trkpt><trkpt lat="41.55448038855726" lon="-71.32079963853809"><time>2026-08-09T18:03:57Z</time></trkpt><trkpt lat="41.55444993478634" lon="-71.32077794959136"><time>2026-08-09T18:03:58Z</time></trkpt><trkpt lat="41.55441796433961" lon="-71.32075470003029"><time>2026-08-09T18:03:59Z</time></trkpt><trkpt lat="41.55438639513155" lon="-71.32073317028042"><time>2026-08-09T18:04:00Z</time></trkpt><trkpt lat="41.55435292405588" lon="-71.32071072402242"><time>2026-08-09T18:04:01Z</time></trkpt><trkpt lat="41.55432064848909" lon="-71.32068818772836"><time>2026-08-09T18:04:02Z</time></trkpt><trkpt lat="41.55428842064282" lon="-71.32066599395245"><time>2026-08-09T18:04:03Z</time></trkpt><trkpt lat="41.55425610860624" lon="-71.32064483590479"><time>2026-08-09T18:04:04Z</time></trkpt><trkpt lat="41.55422510011558" lon="-71.32062254523596"><time>2026-08-09T18:04:05Z</time></trkpt><trkpt lat="41.55419332269947" lon="-71.32059823200673"><time>2026-08-09T18:04:06Z</time></trkpt><trkpt lat="41.55416273749569" lon="-71.32057530310584"><time>2026-08-09T18:04:07Z</time></trkpt><trkpt lat="41.55413145029344" lon="-71.3205536727142"><time>2026-08-09T18:04:08Z</time></trkpt><trkpt lat="41.554099539583376" lon="-71.32053223669769"><time>2026-08-09T18:04:09Z</time></trkpt><trkpt lat="41.55406803939435" lon="-71.32050936655173"><time>2026-08-09T18:04:10Z</time></trkpt><trkpt lat="41.55403634196676" lon="-71.32048703176866"><time>2026-08-09T18:04:11Z</time></trkpt><trkpt lat="41.55400578774113" lon="-71.32046534422533"><time>2026-08-09T18:04:12Z</time></trkpt><trkpt lat="41.55397384902088" lon="-71.32044281106063"><time>2026-08-09T18:04:13Z</time></trkpt><trkpt lat="41.55394156476177" lon="-71.32042143778828"><time>2026-08-09T18:04:14Z</time></trkpt><trkpt lat="41.55390998877986" lon="-71.32039712491203"><time>2026-08-09T18:04:15Z</time></trkpt><trkpt lat="41.55387768953213" lon="-71.32037468086132"><time>2026-08-09T18:04:16Z</time></trkpt><trkpt lat="41.55384446094601" lon="-71.32035380088128"><time>2026-08-09T18:04:17Z</time></trkpt><trkpt lat="41.55380983122883" lon="-71.32033308494898"><time>2026-08-09T18:04:18Z</time></trkpt><trkpt lat="41.55377798100863" lon="-71.32030933359309"><time>2026-08-09T18:04:19Z</time></trkpt><trkpt lat="41.553744366976986" lon="-71.32027700477316"><time>2026-08-09T18:04:20Z</time></trkpt><trkpt lat="41.553714111699165" lon="-71.32025794565965"><time>2026-08-09T18:04:21Z</time></trkpt><trkpt lat="41.553681392071454" lon="-71.32024304424623"><time>2026-08-09T18:04:22Z</time></trkpt><trkpt lat="41.55364712570821" lon="-71.32022009442781"><time>2026-08-09T18:04:23Z</time></trkpt><trkpt lat="41.55361665083586" lon="-71.32020331045617"><time>2026-08-09T18:04:24Z</time></trkpt><trkpt lat="41.55358393877194" lon="-71.32017819614902"><time>2026-08-09T18:04:25Z</time></trkpt><trkpt lat="41.55355265972471" lon="-71.32015640130302"><time>2026-08-09T18:04:26Z</time></trkpt><trkpt lat="41.55352070985088" lon="-71.32013566779843"><time>2026-08-09T18:04:27Z</time></trkpt><trkpt lat="41.553488830743966" lon="-71.32011440480431"><time>2026-08-09T18:04:28Z</time></trkpt><trkpt lat="41.55345779705789" lon="-71.3200901232428"><time>2026-08-09T18:04:29Z</time></trkpt><trkpt lat="41.55342616478102" lon="-71.32006523824191"><time>2026-08-09T18:04:30Z</time></trkpt><trkpt lat="41.55339349603777" lon="-71.32004267113601"><time>2026-08-09T18:04:31Z</time></trkpt><trkpt lat="41.55335846582576" lon="-71.32001980783218"><time>2026-08-09T18:04:32Z</time></trkpt><trkpt lat="41.55332857083032" lon="-71.32000139294433"><time>2026-08-09T18:04:33Z</time></trkpt><trkpt lat="41.55329529204336" lon="-71.31997987577593"><time>2026-08-09T18:04:34Z</time></trkpt><trkpt lat="41.55326359615556" lon="-71.31995726328492"><time>2026-08-09T18:04:35Z</time></trkpt><trkpt lat="41.55323143493871" lon="-71.31993593776848"><time>2026-08-09T18:04:36Z</time></trkpt><trkpt lat="41.553198273189864" lon="-71.3199142947117"><time>2026-08-09T18:04:37Z</time></trkpt><trkpt lat="41.55316560364391" lon="-71.31989390577542"><time>2026-08-09T18:04:38Z</time></trkpt><trkpt lat="41.55313204137664" lon="-71.31987621379261"><time>2026-08-09T18:04:39Z</time></trkpt><trkpt lat="41.55309848513812" lon="-71.31986204632544"><time>2026-08-09T18:04:40Z</time></trkpt><trkpt lat="41.55306373076571" lon="-71.31983802757459"><time>2026-08-09T18:04:41Z</time></trkpt><trkpt lat="41.553037133576716" lon="-71.31981976791079"><time>2026-08-09T18:04:42Z</time></trkpt><trkpt lat="41.5530111500556" lon="-71.3197953882235"><time>2026-08-09T18:04:43Z</time></trkpt><trkpt lat="41.55296818137234" lon="-71.31978276491111"><time>2026-08-09T18:04:44Z</time></trkpt><trkpt lat="41.5529414054914" lon="-71.31974895316712"><time>2026-08-09T18:04:45Z</time></trkpt><trkpt lat="41.5529097642457" lon="-71.31973613259709"><time>2026-08-09T18:04:46Z</time></trkpt><trkpt lat="41.55287341290959" lon="-71.31972393399963"><time>2026-08-09T18:04:47Z</time></trkpt><trkpt lat="41.55284503676357" lon="-71.31970704287481"><time>2026-08-09T18:04:48Z</time></trkpt><trkpt lat="41.552805359427495" lon="-71.31969158766448"><time>2026-08-09T18:04:49Z</time></trkpt><trkpt lat="41.55277771003475" lon="-71.31967248001378"><time>2026-08-09T18:04:50Z</time></trkpt><trkpt lat="41.55274139138463" lon="-71.31965905588041"><time>2026-08-09T18:04:51Z</time></trkpt><trkpt lat="41.55270802761852" lon="-71.31965028436791"><time>2026-08-09T18:04:52Z</time></trkpt><trkpt lat="41.552676124396534" lon="-71.31963982523656"><time>2026-08-09T18:04:53Z</time></trkpt><trkpt lat="41.55263871081797" lon="-71.3196152022"><time>2026-08-09T18:04:54Z</time></trkpt><trkpt lat="41.55261060995713" lon="-71.3196061115195"><time>2026-08-09T18:04:55Z</time></trkpt><trkpt lat="41.55257807972577" lon="-71.3195874526474"><time>2026-08-09T18:04:56Z</time></trkpt><trkpt lat="41.552547351147034" lon="-71.31957151354081"><time>2026-08-09T18:04:57Z</time></trkpt><trkpt lat="41.552516705355046" lon="-71.31955594591811"><time>2026-08-09T18:04:58Z</time></trkpt><trkpt lat="41.55248372380003" lon="-71.31954200285325"><time>2026-08-09T18:04:59Z</time></trkpt><trkpt lat="41.55245172563856" lon="-71.31952566993938"><time>2026-08-09T18:05:00Z</time></trkpt><trkpt lat="41.55242032279444" lon="-71.3195104661372"><time>2026-08-09T18:05:01Z</time></trkpt><trkpt lat="41.55238760618331" lon="-71.31949775499388"><time>2026-08-09T18:05:02Z</time></trkpt><trkpt lat="41.55235311867044" lon="-71.31948267896382"><time>2026-08-09T18:05:03Z</time></trkpt><trkpt lat="41.55232250448749" lon="-71.3194734449272"><time>2026-08-09T18:05:04Z</time></trkpt><trkpt lat="41.55228578224753" lon="-71.3194677608336"><time>2026-08-09T18:05:05Z</time></trkpt><trkpt lat="41.55225934346427" lon="-71.31945179634631"><time>2026-08-09T18:05:06Z</time></trkpt><trkpt lat="41.552229501597616" lon="-71.31943637858764"><time>2026-08-09T18:05:07Z</time></trkpt><trkpt lat="41.5522004055703" lon="-71.3194218528138"><time>2026-08-09T18:05:08Z</time></trkpt><trkpt lat="41.552170867234956" lon="-71.3194103947782"><time>2026-08-09T18:05:09Z</time></trkpt><trkpt lat="41.55214059116671" lon="-71.31939904741247"><time>2026-08-09T18:05:10Z</time></trkpt><trkpt lat="41.55211118836393" lon="-71.31938588470544"><time>2026-08-09T18:05:11Z</time></trkpt><trkpt lat="41.552082220408046" lon="-71.31937395125551"><time>2026-08-09T18:05:12Z</time></trkpt><trkpt lat="41.55205177920783" lon="-71.31936313287106"><time>2026-08-09T18:05:13Z</time></trkpt><trkpt lat="41.55202239282585" lon="-71.31935342318249"><time>2026-08-09T18:05:14Z</time></trkpt><trkpt lat="41.551992024670426" lon="-71.31933914205632"><time>2026-08-09T18:05:15Z</time></trkpt><trkpt lat="41.55196342378917" lon="-71.31932820373109"><time>2026-08-09T18:05:16Z</time></trkpt><trkpt lat="41.55193413572423" lon="-71.31931590194203"><time>2026-08-09T18:05:17Z</time></trkpt><trkpt lat="41.55190702521967" lon="-71.31930325768766"><time>2026-08-09T18:05:18Z</time></trkpt><trkpt lat="41.55187788811965" lon="-71.31928830353134"><time>2026-08-09T18:05:19Z</time></trkpt><trkpt lat="41.55184908982396" lon="-71.3192714960548"><time>2026-08-09T18:05:20Z</time></trkpt><trkpt lat="41.551822479833625" lon="-71.31925952649797"><time>2026-08-09T18:05:21Z</time></trkpt><trkpt lat="41.55179919392051" lon="-71.31924615564739"><time>2026-08-09T18:05:22Z</time></trkpt><trkpt lat="41.55176855334757" lon="-71.31923290653388"><time>2026-08-09T18:05:23Z</time></trkpt><trkpt lat="41.551742104782264" lon="-71.31921531865572"><time>2026-08-09T18:05:24Z</time></trkpt><trkpt lat="41.551715144718244" lon="-71.31919786895419"><time>2026-08-09T18:05:25Z</time></trkpt><trkpt lat="41.55168882523244" lon="-71.31918231655145"><time>2026-08-09T18:05:26Z</time></trkpt><trkpt lat="41.551661210575965" lon="-71.31916873211311"><time>2026-08-09T18:05:27Z</time></trkpt><trkpt lat="41.551632262766184" lon="-71.3191571049551"><time>2026-08-09T18:05:28Z</time></trkpt><trkpt lat="41.551605828080845" lon="-71.31914205640514"><time>2026-08-09T18:05:29Z</time></trkpt><trkpt lat="41.55157972007221" lon="-71.31912716816451"><time>2026-08-09T18:05:30Z</time></trkpt><trkpt lat="41.551553218489275" lon="-71.31911026491596"><time>2026-08-09T18:05:31Z</time></trkpt><trkpt lat="41.551526734602525" lon="-71.31909476807162"><time>2026-08-09T18:05:32Z</time></trkpt><trkpt lat="41.551499783952366" lon="-71.31907943094814"><time>2026-08-09T18:05:33Z</time></trkpt><trkpt lat="41.551471609133685" lon="-71.3190658057679"><time>2026-08-09T18:05:34Z</time></trkpt><trkpt lat="41.551445742254906" lon="-71.31904878535666"><time>2026-08-09T18:05:35Z</time></trkpt><trkpt lat="41.551419705349616" lon="-71.3190331182021"><time>2026-08-09T18:05:36Z</time></trkpt><trkpt lat="41.551393064276176" lon="-71.3190177940722"><time>2026-08-09T18:05:37Z</time></trkpt><trkpt lat="41.551366107113395" lon="-71.31900069850721"><time>2026-08-09T18:05:38Z</time></trkpt><trkpt lat="41.55134056624591" lon="-71.31898517330251"><time>2026-08-09T18:05:39Z</time></trkpt><trkpt lat="41.55131474985526" lon="-71.3189697127481"><time>2026-08-09T18:05:40Z</time></trkpt><trkpt lat="41.55128833500435" lon="-71.31895437697216"><time>2026-08-09T18:05:41Z</time></trkpt><trkpt lat="41.55126232101453" lon="-71.31893754168189"><time>2026-08-09T18:05:42Z</time></trkpt><trkpt lat="41.55123520528512" lon="-71.31892042431095"><time>2026-08-09T18:05:43Z</time></trkpt><trkpt lat="41.55120758424441" lon="-71.31890539325792"><time>2026-08-09T18:05:44Z</time></trkpt><trkpt lat="41.551181311395055" lon="-71.3188885464709"><time>2026-08-09T18:05:45Z</time></trkpt><trkpt lat="41.55115682460811" lon="-71.31886741856648"><time>2026-08-09T18:05:46Z</time></trkpt><trkpt lat="41.55111676666486" lon="-71.31885107035994"><time>2026-08-09T18:05:47Z</time></trkpt><trkpt lat="41.55107717306778" lon="-71.31882055030526"><time>2026-08-09T18:05:49Z</time></trkpt><trkpt lat="41.55104981730554" lon="-71.31880191925053"><time>2026-08-09T18:05:50Z</time></trkpt><trkpt lat="41.551025401091" lon="-71.31878278240434"><time>2026-08-09T18:05:51Z</time></trkpt><trkpt lat="41.5509992713062" lon="-71.31876580024303"><time>2026-08-09T18:05:52Z</time></trkpt><trkpt lat="41.550974705862046" lon="-71.31874971572931"><time>2026-08-09T18:05:53Z</time></trkpt><trkpt lat="41.55094969260405" lon="-71.31872775820466"><time>2026-08-09T18:05:54Z</time></trkpt><trkpt lat="41.55092516774139" lon="-71.31870614078338"><time>2026-08-09T18:05:55Z</time></trkpt><trkpt lat="41.55090107938728" lon="-71.31868389437949"><time>2026-08-09T18:05:56Z</time></trkpt><trkpt lat="41.550874882211566" lon="-71.31866144844729"><time>2026-08-09T18:05:57Z</time></trkpt><trkpt lat="41.55084998271265" lon="-71.31864022593913"><time>2026-08-09T18:05:58Z</time></trkpt><trkpt lat="41.55082449293596" lon="-71.31862001507754"><time>2026-08-09T18:05:59Z</time></trkpt><trkpt lat="41.55079756399576" lon="-71.31859835771286"><time>2026-08-09T18:06:00Z</time></trkpt><trkpt lat="41.55077100416292" lon="-71.3185791752833"><time>2026-08-09T18:06:01Z</time></trkpt><trkpt lat="41.55074511729246" lon="-71.31855749550681"><time>2026-08-09T18:06:02Z</time></trkpt><trkpt lat="41.55072014514575" lon="-71.31853618336176"><time>2026-08-09T18:06:03Z</time></trkpt><trkpt lat="41.55069522070935" lon="-71.31851258202215"><time>2026-08-09T18:06:04Z</time></trkpt><trkpt lat="41.550669575755215" lon="-71.31848949273643"><time>2026-08-09T18:06:05Z</time></trkpt><trkpt lat="41.55064405482424" lon="-71.31846374044319"><time>2026-08-09T18:06:06Z</time></trkpt><trkpt lat="41.55061786550037" lon="-71.3184373411789"><time>2026-08-09T18:06:07Z</time></trkpt><trkpt lat="41.55059179943569" lon="-71.31841223650521"><time>2026-08-09T18:06:08Z</time></trkpt><trkpt lat="41.550565681956435" lon="-71.31838735067502"><time>2026-08-09T18:06:09Z</time></trkpt><trkpt lat="41.550539564452315" lon="-71.31836070676687"><time>2026-08-09T18:06:10Z</time></trkpt><trkpt lat="41.55051339796176" lon="-71.31833432268822"><time>2026-08-09T18:06:11Z</time></trkpt><trkpt lat="41.550486968661176" lon="-71.31830708168619"><time>2026-08-09T18:06:12Z</time></trkpt><trkpt lat="41.55046111398473" lon="-71.31828078128437"><time>2026-08-09T18:06:13Z</time></trkpt><trkpt lat="41.550435027561825" lon="-71.31825330920788"><time>2026-08-09T18:06:14Z</time></trkpt><trkpt lat="41.550408262109414" lon="-71.31822625908168"><time>2026-08-09T18:06:15Z</time></trkpt><trkpt lat="41.55038456840565" lon="-71.31820436627092"><time>2026-08-09T18:06:16Z</time></trkpt><trkpt lat="41.55035937309363" lon="-71.31816566156631"><time>2026-08-09T18:06:17Z</time></trkpt><trkpt lat="41.55033165139643" lon="-71.31814028637686"><time>2026-08-09T18:06:18Z</time></trkpt><trkpt lat="41.55030303775338" lon="-71.3181204565024"><time>2026-08-09T18:06:19Z</time></trkpt><trkpt lat="41.550279799837156" lon="-71.31808758434155"><time>2026-08-09T18:06:20Z</time></trkpt><trkpt lat="41.55024626736157" lon="-71.31806818480817"><time>2026-08-09T18:06:21Z</time></trkpt><trkpt lat="41.55021907059821" lon="-71.31804096344214"><time>2026-08-09T18:06:22Z</time></trkpt><trkpt lat="41.5501857520995" lon="-71.31802172487089"><time>2026-08-09T18:06:23Z</time></trkpt><trkpt lat="41.55015872989765" lon="-71.31799565268823"><time>2026-08-09T18:06:24Z</time></trkpt><trkpt lat="41.55013319085961" lon="-71.31797067239312"><time>2026-08-09T18:06:25Z</time></trkpt><trkpt lat="41.55009502429575" lon="-71.31794783139236"><time>2026-08-09T18:06:26Z</time></trkpt><trkpt lat="41.55006535450442" lon="-71.317916416802"><time>2026-08-09T18:06:27Z</time></trkpt><trkpt lat="41.55003472264707" lon="-71.31789211507744"><time>2026-08-09T18:06:28Z</time></trkpt><trkpt lat="41.550004347072644" lon="-71.31786933409005"><time>2026-08-09T18:06:29Z</time></trkpt><trkpt lat="41.549975993835815" lon="-71.31784531695043"><time>2026-08-09T18:06:30Z</time></trkpt><trkpt lat="41.5499462160518" lon="-71.3178202394513"><time>2026-08-09T18:06:31Z</time></trkpt><trkpt lat="41.5499183530037" lon="-71.31779327592032"><time>2026-08-09T18:06:32Z</time></trkpt><trkpt lat="41.549889614399035" lon="-71.31776625410599"><time>2026-08-09T18:06:33Z</time></trkpt><trkpt lat="41.54986348557736" lon="-71.31773860258177"><time>2026-08-09T18:06:34Z</time></trkpt><trkpt lat="41.54983318787142" lon="-71.31771148041165"><time>2026-08-09T18:06:35Z</time></trkpt><trkpt lat="41.54980530139325" lon="-71.31768822368531"><time>2026-08-09T18:06:36Z</time></trkpt><trkpt lat="41.54977488996265" lon="-71.31766334275986"><time>2026-08-09T18:06:37Z</time></trkpt><trkpt lat="41.549746597735385" lon="-71.317637438687"><time>2026-08-09T18:06:38Z</time></trkpt><trkpt lat="41.549717518854315" lon="-71.31761214451396"><time>2026-08-09T18:06:39Z</time></trkpt><trkpt lat="41.54968907408086" lon="-71.3175873831256"><time>2026-08-09T18:06:40Z</time></trkpt><trkpt lat="41.54965948563092" lon="-71.31755974751748"><time>2026-08-09T18:06:41Z</time></trkpt><trkpt lat="41.54963111585378" lon="-71.31753636154502"><time>2026-08-09T18:06:42Z</time></trkpt><trkpt lat="41.54960151973569" lon="-71.3175093515009"><time>2026-08-09T18:06:43Z</time></trkpt><trkpt lat="41.54957200511784" lon="-71.31748638003475"><time>2026-08-09T18:06:44Z</time></trkpt><trkpt lat="41.54954275575134" lon="-71.31745802080333"><time>2026-08-09T18:06:45Z</time></trkpt><trkpt lat="41.549514961921034" lon="-71.31743279970225"><time>2026-08-09T18:06:46Z</time></trkpt><trkpt lat="41.54948575977578" lon="-71.31740655771418"><time>2026-08-09T18:06:47Z</time></trkpt><trkpt lat="41.54945642691757" lon="-71.31737833684583"><time>2026-08-09T18:06:48Z</time></trkpt><trkpt lat="41.54942697838206" lon="-71.31735116402655"><time>2026-08-09T18:06:49Z</time></trkpt><trkpt lat="41.54939735671172" lon="-71.31732362263755"><time>2026-08-09T18:06:50Z</time></trkpt><trkpt lat="41.549367932759694" lon="-71.31729770622279"><time>2026-08-09T18:06:51Z</time></trkpt><trkpt lat="41.54933811526651" lon="-71.3172735250364"><time>2026-08-09T18:06:52Z</time></trkpt><trkpt lat="41.54930952627352" lon="-71.31724651570727"><time>2026-08-09T18:06:53Z</time></trkpt><trkpt lat="41.54927929787076" lon="-71.3172201749209"><time>2026-08-09T18:06:54Z</time></trkpt><trkpt lat="41.549253812332005" lon="-71.31719216748029"><time>2026-08-09T18:06:55Z</time></trkpt><trkpt lat="41.54922454141925" lon="-71.31716351821377"><time>2026-08-09T18:06:56Z</time></trkpt><trkpt lat="41.54919631555124" lon="-71.31713462348678"><time>2026-08-09T18:06:57Z</time></trkpt><trkpt lat="41.54916783549788" lon="-71.317105716233"><time>2026-08-09T18:06:58Z</time></trkpt><trkpt lat="41.54913803692117" lon="-71.31707889370416"><time>2026-08-09T18:06:59Z</time></trkpt><trkpt lat="41.549107966664536" lon="-71.3170540285367"><time>2026-08-09T18:07:00Z</time></trkpt><trkpt lat="41.549078594688204" lon="-71.31702724628714"><time>2026-08-09T18:07:01Z</time></trkpt><trkpt lat="41.54905197489085" lon="-71.3170004020472"><time>2026-08-09T18:07:02Z</time></trkpt><trkpt lat="41.54902518836289" lon="-71.31697311881987"><time>2026-08-09T18:07:03Z</time></trkpt><trkpt lat="41.54899953698713" lon="-71.31694634818335"><time>2026-08-09T18:07:04Z</time></trkpt><trkpt lat="41.54896424525315" lon="-71.31692140223299"><time>2026-08-09T18:07:05Z</time></trkpt><trkpt lat="41.5489387977412" lon="-71.3168998318594"><time>2026-08-09T18:07:06Z</time></trkpt><trkpt lat="41.54890925400063" lon="-71.31687009091694"><time>2026-08-09T18:07:07Z</time></trkpt><trkpt lat="41.54888237821225" lon="-71.31683912088533"><time>2026-08-09T18:07:08Z</time></trkpt><trkpt lat="41.548853251740034" lon="-71.31680790124334"><time>2026-08-09T18:07:09Z</time></trkpt><trkpt lat="41.54882698963149" lon="-71.31678547828791"><time>2026-08-09T18:07:10Z</time></trkpt><trkpt lat="41.548797214438316" lon="-71.31676506882832"><time>2026-08-09T18:07:11Z</time></trkpt><trkpt lat="41.548768904893876" lon="-71.31675848866576"><time>2026-08-09T18:07:12Z</time></trkpt><trkpt lat="41.54874169582693" lon="-71.31676328464626"><time>2026-08-09T18:07:13Z</time></trkpt><trkpt lat="41.54871515204073" lon="-71.31676415016696"><time>2026-08-09T18:07:14Z</time></trkpt><trkpt lat="41.54869007769086" lon="-71.31677229927676"><time>2026-08-09T18:07:15Z</time></trkpt><trkpt lat="41.548662759444376" lon="-71.31677981225732"><time>2026-08-09T18:07:16Z</time></trkpt><trkpt lat="41.548644470901614" lon="-71.31679501281691"><time>2026-08-09T18:07:17Z</time></trkpt><trkpt lat="41.54862414033462" lon="-71.31681119473072"><time>2026-08-09T18:07:18Z</time></trkpt><trkpt lat="41.548600621173485" lon="-71.31682468567081"><time>2026-08-09T18:07:19Z</time></trkpt><trkpt lat="41.54858516307936" lon="-71.31684118586257"><time>2026-08-09T18:07:20Z</time></trkpt><trkpt lat="41.54857879020145" lon="-71.3168720683892"><time>2026-08-09T18:07:21Z</time></trkpt><trkpt lat="41.5485721987122" lon="-71.31690153507228"><time>2026-08-09T18:07:22Z</time></trkpt><trkpt lat="41.54856614579505" lon="-71.31693012758795"><time>2026-08-09T18:07:23Z</time></trkpt><trkpt lat="41.54855200456615" lon="-71.316962857109"><time>2026-08-09T18:07:24Z</time></trkpt><trkpt lat="41.548538063676425" lon="-71.31698460523307"><time>2026-08-09T18:07:25Z</time></trkpt><trkpt lat="41.54852725165826" lon="-71.31701143353264"><time>2026-08-09T18:07:26Z</time></trkpt><trkpt lat="41.548504294004346" lon="-71.31704616911594"><time>2026-08-09T18:07:28Z</time></trkpt><trkpt lat="41.54848397590417" lon="-71.31706147819928"><time>2026-08-09T18:07:29Z</time></trkpt><trkpt lat="41.54846480779406" lon="-71.3170839138868"><time>2026-08-09T18:07:30Z</time></trkpt><trkpt lat="41.54845631641168" lon="-71.3171126972391"><time>2026-08-09T18:07:31Z</time></trkpt><trkpt lat="41.54844403754458" lon="-71.31713576596529"><time>2026-08-09T18:07:32Z</time></trkpt><trkpt lat="41.54843081433791" lon="-71.31716188244594"><time>2026-08-09T18:07:33Z</time></trkpt><trkpt lat="41.54841750997174" lon="-71.31718771899432"><time>2026-08-09T18:07:34Z</time></trkpt><trkpt lat="41.548400767232536" lon="-71.31721315122266"><time>2026-08-09T18:07:35Z</time></trkpt><trkpt lat="41.54838479515463" lon="-71.31723975828709"><time>2026-08-09T18:07:36Z</time></trkpt><trkpt lat="41.54837062665992" lon="-71.31726517644955"><time>2026-08-09T18:07:37Z</time></trkpt><trkpt lat="41.54835533129763" lon="-71.31729450352832"><time>2026-08-09T18:07:38Z</time></trkpt><trkpt lat="41.54834017391517" lon="-71.31732263864211"><time>2026-08-09T18:07:39Z</time></trkpt><trkpt lat="41.54832551735963" lon="-71.31735183524903"><time>2026-08-09T18:07:40Z</time></trkpt><trkpt lat="41.54831308090844" lon="-71.31738052679388"><time>2026-08-09T18:07:41Z</time></trkpt><trkpt lat="41.54829906566847" lon="-71.3174161180816"><time>2026-08-09T18:07:42Z</time></trkpt><trkpt lat="41.548294511498256" lon="-71.31744372446937"><time>2026-08-09T18:07:43Z</time></trkpt><trkpt lat="41.548283740358" lon="-71.31748146435672"><time>2026-08-09T18:07:44Z</time></trkpt><trkpt lat="41.54826404317114" lon="-71.31750674177908"><time>2026-08-09T18:07:45Z</time></trkpt><trkpt lat="41.54824775650247" lon="-71.31753886826918"><time>2026-08-09T18:07:46Z</time></trkpt><trkpt lat="41.54823342495835" lon="-71.31757342313381"><time>2026-08-09T18:07:47Z</time></trkpt><trkpt lat="41.548218230823664" lon="-71.31760646559893"><time>2026-08-09T18:07:48Z</time></trkpt><trkpt lat="41.54819940850281" lon="-71.31764480614758"><time>2026-08-09T18:07:49Z</time></trkpt><trkpt lat="41.54817871184234" lon="-71.31767432371551"><time>2026-08-09T18:07:50Z</time></trkpt><trkpt lat="41.54816424364227" lon="-71.31770462436867"><time>2026-08-09T18:07:51Z</time></trkpt><trkpt lat="41.548154404768916" lon="-71.31774624791434"><time>2026-08-09T18:07:52Z</time></trkpt><trkpt lat="41.54813108442802" lon="-71.31778251896596"><time>2026-08-09T18:07:53Z</time></trkpt><trkpt lat="41.54810398076117" lon="-71.31781251044578"><time>2026-08-09T18:07:54Z</time></trkpt><trkpt lat="41.548081969284965" lon="-71.31784920149614"><time>2026-08-09T18:07:55Z</time></trkpt><trkpt lat="41.54806797620624" lon="-71.31787793750703"><time>2026-08-09T18:07:56Z</time></trkpt><trkpt lat="41.5480430347476" lon="-71.31791496581103"><time>2026-08-09T18:07:57Z</time></trkpt><trkpt lat="41.54802049143545" lon="-71.31794987047984"><time>2026-08-09T18:07:58Z</time></trkpt><trkpt lat="41.54800317625417" lon="-71.31797814214495"><time>2026-08-09T18:07:59Z</time></trkpt><trkpt lat="41.54798102000147" lon="-71.3180090619289"><time>2026-08-09T18:08:00Z</time></trkpt><trkpt lat="41.54796603021202" lon="-71.31803930204782"><time>2026-08-09T18:08:01Z</time></trkpt><trkpt lat="41.54794515649625" lon="-71.3180712207725"><time>2026-08-09T18:08:02Z</time></trkpt><trkpt lat="41.547922171958206" lon="-71.318101334801"><time>2026-08-09T18:08:03Z</time></trkpt><trkpt lat="41.5478996038819" lon="-71.31813167860768"><time>2026-08-09T18:08:04Z</time></trkpt><trkpt lat="41.54787817924066" lon="-71.31816277836677"><time>2026-08-09T18:08:05Z</time></trkpt><trkpt lat="41.54785790458852" lon="-71.31819282042413"><time>2026-08-09T18:08:06Z</time></trkpt><trkpt lat="41.547837497335735" lon="-71.31822366492979"><time>2026-08-09T18:08:07Z</time></trkpt><trkpt lat="41.54781721425046" lon="-71.31825473329675"><time>2026-08-09T18:08:08Z</time></trkpt><trkpt lat="41.547796120038214" lon="-71.31828570064714"><time>2026-08-09T18:08:09Z</time></trkpt><trkpt lat="41.54777613636554" lon="-71.3183182788197"><time>2026-08-09T18:08:10Z</time></trkpt><trkpt lat="41.54775667731219" lon="-71.31835039185621"><time>2026-08-09T18:08:11Z</time></trkpt><trkpt lat="41.54773657408431" lon="-71.31838157610075"><time>2026-08-09T18:08:12Z</time></trkpt><trkpt lat="41.547715783945016" lon="-71.3184135726659"><time>2026-08-09T18:08:13Z</time></trkpt><trkpt lat="41.54769447504331" lon="-71.31844386075151"><time>2026-08-09T18:08:14Z</time></trkpt><trkpt lat="41.54767413666111" lon="-71.31847424027805"><time>2026-08-09T18:08:15Z</time></trkpt><trkpt lat="41.54765248806527" lon="-71.31850489678875"><time>2026-08-09T18:08:16Z</time></trkpt><trkpt lat="41.54763166383358" lon="-71.31853576579478"><time>2026-08-09T18:08:17Z</time></trkpt><trkpt lat="41.547612289598064" lon="-71.31856814918886"><time>2026-08-09T18:08:18Z</time></trkpt><trkpt lat="41.547591996164186" lon="-71.3186000591447"><time>2026-08-09T18:08:19Z</time></trkpt><trkpt lat="41.5475711403787" lon="-71.31863138978039"><time>2026-08-09T18:08:20Z</time></trkpt><trkpt lat="41.54755064912472" lon="-71.3186614816694"><time>2026-08-09T18:08:21Z</time></trkpt><trkpt lat="41.547529126417935" lon="-71.31869194432555"><time>2026-08-09T18:08:22Z</time></trkpt><trkpt lat="41.547509257229706" lon="-71.31872124099115"><time>2026-08-09T18:08:23Z</time></trkpt><trkpt lat="41.54748943821301" lon="-71.31875509760145"><time>2026-08-09T18:08:24Z</time></trkpt><trkpt lat="41.54747130353983" lon="-71.31878577618352"><time>2026-08-09T18:08:25Z</time></trkpt><trkpt lat="41.54745348661759" lon="-71.31882110847529"><time>2026-08-09T18:08:26Z</time></trkpt><trkpt lat="41.547437030229844" lon="-71.3188523248555"><time>2026-08-09T18:08:27Z</time></trkpt><trkpt lat="41.54741737684755" lon="-71.3188883166054"><time>2026-08-09T18:08:28Z</time></trkpt><trkpt lat="41.547399701164345" lon="-71.31892336351936"><time>2026-08-09T18:08:29Z</time></trkpt><trkpt lat="41.54738208464685" lon="-71.31895713557871"><time>2026-08-09T18:08:30Z</time></trkpt><trkpt lat="41.54736343970239" lon="-71.31899220861622"><time>2026-08-09T18:08:31Z</time></trkpt><trkpt lat="41.54734606221233" lon="-71.31902633099344"><time>2026-08-09T18:08:32Z</time></trkpt><trkpt lat="41.54732767844729" lon="-71.3190631409381"><time>2026-08-09T18:08:33Z</time></trkpt><trkpt lat="41.54730301611313" lon="-71.31909764162408"><time>2026-08-09T18:08:34Z</time></trkpt><trkpt lat="41.54729511281136" lon="-71.31913947829283"><time>2026-08-09T18:08:35Z</time></trkpt><trkpt lat="41.54727525047904" lon="-71.3191718210311"><time>2026-08-09T18:08:36Z</time></trkpt><trkpt lat="41.54725819457844" lon="-71.31920773717214"><time>2026-08-09T18:08:37Z</time></trkpt><trkpt lat="41.54724018481904" lon="-71.31924193855353"><time>2026-08-09T18:08:38Z</time></trkpt><trkpt lat="41.547222152311974" lon="-71.31927638045077"><time>2026-08-09T18:08:39Z</time></trkpt><trkpt lat="41.54720321721128" lon="-71.31931167741111"><time>2026-08-09T18:08:40Z</time></trkpt><trkpt lat="41.54718567065223" lon="-71.31934906957717"><time>2026-08-09T18:08:41Z</time></trkpt><trkpt lat="41.547166052111514" lon="-71.31938133992452"><time>2026-08-09T18:08:42Z</time></trkpt><trkpt lat="41.54714629224812" lon="-71.31941409212196"><time>2026-08-09T18:08:43Z</time></trkpt><trkpt lat="41.54712541192253" lon="-71.31944832280904"><time>2026-08-09T18:08:44Z</time></trkpt><trkpt lat="41.547106850779336" lon="-71.31948424393578"><time>2026-08-09T18:08:45Z</time></trkpt><trkpt lat="41.547088537646175" lon="-71.31952183577617"><time>2026-08-09T18:08:46Z</time></trkpt><trkpt lat="41.547068976400375" lon="-71.31955596468575"><time>2026-08-09T18:08:47Z</time></trkpt><trkpt lat="41.54704837629346" lon="-71.31959001456246"><time>2026-08-09T18:08:48Z</time></trkpt><trkpt lat="41.54702907249434" lon="-71.31962532579549"><time>2026-08-09T18:08:49Z</time></trkpt><trkpt lat="41.547009525177664" lon="-71.31966020230372"><time>2026-08-09T18:08:50Z</time></trkpt><trkpt lat="41.5469914544808" lon="-71.319697161576"><time>2026-08-09T18:08:51Z</time></trkpt><trkpt lat="41.54697116752409" lon="-71.31973364620401"><time>2026-08-09T18:08:52Z</time></trkpt><trkpt lat="41.546951424905636" lon="-71.31976853600177"><time>2026-08-09T18:08:53Z</time></trkpt><trkpt lat="41.546931051619815" lon="-71.31980460854562"><time>2026-08-09T18:08:54Z</time></trkpt><trkpt lat="41.546910481350785" lon="-71.31983830181554"><time>2026-08-09T18:08:55Z</time></trkpt><trkpt lat="41.54688923098106" lon="-71.31987215370481"><time>2026-08-09T18:08:56Z</time></trkpt><trkpt lat="41.54686942983106" lon="-71.3199079230587"><time>2026-08-09T18:08:57Z</time></trkpt><trkpt lat="41.54684833709467" lon="-71.31994160786363"><time>2026-08-09T18:08:58Z</time></trkpt><trkpt lat="41.54682962158215" lon="-71.31997847799705"><time>2026-08-09T18:08:59Z</time></trkpt><trkpt lat="41.5468103897573" lon="-71.32001484807202"><time>2026-08-09T18:09:00Z</time></trkpt><trkpt lat="41.54679034804633" lon="-71.32005126061932"><time>2026-08-09T18:09:01Z</time></trkpt><trkpt lat="41.54677028754296" lon="-71.32008827380857"><time>2026-08-09T18:09:02Z</time></trkpt><trkpt lat="41.54675074965808" lon="-71.32012477077248"><time>2026-08-09T18:09:03Z</time></trkpt><trkpt lat="41.54672948130716" lon="-71.32016065090748"><time>2026-08-09T18:09:04Z</time></trkpt><trkpt lat="41.54670949472025" lon="-71.32019778475257"><time>2026-08-09T18:09:05Z</time></trkpt><trkpt lat="41.546689692112224" lon="-71.32023526106617"><time>2026-08-09T18:09:06Z</time></trkpt><trkpt lat="41.54666913893009" lon="-71.32027206128893"><time>2026-08-09T18:09:07Z</time></trkpt><trkpt lat="41.54664840918136" lon="-71.320311649636"><time>2026-08-09T18:09:08Z</time></trkpt><trkpt lat="41.54662890015667" lon="-71.32034859703718"><time>2026-08-09T18:09:09Z</time></trkpt><trkpt lat="41.5466070743094" lon="-71.320385085159"><time>2026-08-09T18:09:10Z</time></trkpt><trkpt lat="41.54658458492311" lon="-71.32042018116967"><time>2026-08-09T18:09:11Z</time></trkpt><trkpt lat="41.54656260948038" lon="-71.32045569183724"><time>2026-08-09T18:09:12Z</time></trkpt><trkpt lat="41.54654018417743" lon="-71.32049346088728"><time>2026-08-09T18:09:13Z</time></trkpt><trkpt lat="41.54652143388703" lon="-71.32053179403593"><time>2026-08-09T18:09:14Z</time></trkpt><trkpt lat="41.54649879905347" lon="-71.3205681328978"><time>2026-08-09T18:09:15Z</time></trkpt><trkpt lat="41.546478046097654" lon="-71.32060518492935"><time>2026-08-09T18:09:16Z</time></trkpt><trkpt lat="41.546455438828644" lon="-71.32064206410627"><time>2026-08-09T18:09:17Z</time></trkpt><trkpt lat="41.546434817832825" lon="-71.32067860023773"><time>2026-08-09T18:09:18Z</time></trkpt><trkpt lat="41.54641350327592" lon="-71.32071435339647"><time>2026-08-09T18:09:19Z</time></trkpt><trkpt lat="41.54638688876219" lon="-71.32074549939192"><time>2026-08-09T18:09:20Z</time></trkpt><trkpt lat="41.5463664537607" lon="-71.32078119558226"><time>2026-08-09T18:09:21Z</time></trkpt><trkpt lat="41.54634586869732" lon="-71.32081751496308"><time>2026-08-09T18:09:22Z</time></trkpt><trkpt lat="41.54632610361874" lon="-71.32085753009676"><time>2026-08-09T18:09:23Z</time></trkpt><trkpt lat="41.546306074347775" lon="-71.32089438447882"><time>2026-08-09T18:09:24Z</time></trkpt><trkpt lat="41.54628390698588" lon="-71.32092977918657"><time>2026-08-09T18:09:25Z</time></trkpt><trkpt lat="41.54626141600739" lon="-71.32096415648738"><time>2026-08-09T18:09:26Z</time></trkpt><trkpt lat="41.54623934981614" lon="-71.32100093534983"><time>2026-08-09T18:09:27Z</time></trkpt><trkpt lat="41.54621615565625" lon="-71.32103665739902"><time>2026-08-09T18:09:28Z</time></trkpt><trkpt lat="41.54618883220497" lon="-71.32107497228293"><time>2026-08-09T18:09:29Z</time></trkpt><trkpt lat="41.546163346234884" lon="-71.32112323483332"><time>2026-08-09T18:09:30Z</time></trkpt><trkpt lat="41.54614566451676" lon="-71.32115331909417"><time>2026-08-09T18:09:31Z</time></trkpt><trkpt lat="41.54611857429138" lon="-71.32118390503894"><time>2026-08-09T18:09:32Z</time></trkpt><trkpt lat="41.54610068633931" lon="-71.32122272799708"><time>2026-08-09T18:09:33Z</time></trkpt><trkpt lat="41.54607829781106" lon="-71.32125978620428"><time>2026-08-09T18:09:34Z</time></trkpt><trkpt lat="41.54606417839507" lon="-71.32129378174338"><time>2026-08-09T18:09:35Z</time></trkpt><trkpt lat="41.54603860338118" lon="-71.3213241933002"><time>2026-08-09T18:09:36Z</time></trkpt><trkpt lat="41.54601682312968" lon="-71.32136450158451"><time>2026-08-09T18:09:37Z</time></trkpt><trkpt lat="41.54599204416446" lon="-71.32139061631698"><time>2026-08-09T18:09:38Z</time></trkpt><trkpt lat="41.54597744592013" lon="-71.32142251520983"><time>2026-08-09T18:09:39Z</time></trkpt><trkpt lat="41.54596106297723" lon="-71.32146965063566"><time>2026-08-09T18:09:40Z</time></trkpt><trkpt lat="41.545938555296644" lon="-71.32149863478291"><time>2026-08-09T18:09:41Z</time></trkpt><trkpt lat="41.54591697532367" lon="-71.32153383618133"><time>2026-08-09T18:09:42Z</time></trkpt><trkpt lat="41.54589400509104" lon="-71.32156709363858"><time>2026-08-09T18:09:43Z</time></trkpt><trkpt lat="41.54587404553196" lon="-71.32160581856711"><time>2026-08-09T18:09:44Z</time></trkpt><trkpt lat="41.545853832795075" lon="-71.32164402155577"><time>2026-08-09T18:09:45Z</time></trkpt><trkpt lat="41.54583364240938" lon="-71.3216850135775"><time>2026-08-09T18:09:46Z</time></trkpt><trkpt lat="41.54581528069463" lon="-71.3217235844058"><time>2026-08-09T18:09:47Z</time></trkpt><trkpt lat="41.545794985072" lon="-71.32176225786367"><time>2026-08-09T18:09:48Z</time></trkpt><trkpt lat="41.54577578556897" lon="-71.32180068876234"><time>2026-08-09T18:09:49Z</time></trkpt><trkpt lat="41.5457568093586" lon="-71.32184038343968"><time>2026-08-09T18:09:50Z</time></trkpt><trkpt lat="41.545737436526906" lon="-71.32187894727896"><time>2026-08-09T18:09:51Z</time></trkpt><trkpt lat="41.545718656505336" lon="-71.32191785682427"><time>2026-08-09T18:09:52Z</time></trkpt><trkpt lat="41.54570009528175" lon="-71.3219565573409"><time>2026-08-09T18:09:53Z</time></trkpt><trkpt lat="41.54568022782039" lon="-71.32199462409268"><time>2026-08-09T18:09:54Z</time></trkpt><trkpt lat="41.54566094887491" lon="-71.32203370213739"><time>2026-08-09T18:09:55Z</time></trkpt><trkpt lat="41.54564253771481" lon="-71.3220746838234"><time>2026-08-09T18:09:56Z</time></trkpt><trkpt lat="41.54561923728124" lon="-71.32210841483291"><time>2026-08-09T18:09:57Z</time></trkpt><trkpt lat="41.545595016490864" lon="-71.32214066352745"><time>2026-08-09T18:09:58Z</time></trkpt><trkpt lat="41.54557131557456" lon="-71.3221735747757"><time>2026-08-09T18:09:59Z</time></trkpt><trkpt lat="41.545549484703166" lon="-71.32220916926212"><time>2026-08-09T18:10:00Z</time></trkpt><trkpt lat="41.54552682380558" lon="-71.32224499823694"><time>2026-08-09T18:10:01Z</time></trkpt><trkpt lat="41.54550409538962" lon="-71.32227974883438"><time>2026-08-09T18:10:02Z</time></trkpt><trkpt lat="41.545479002066216" lon="-71.32230912102776"><time>2026-08-09T18:10:03Z</time></trkpt><trkpt lat="41.54545527843162" lon="-71.32233760799492"><time>2026-08-09T18:10:04Z</time></trkpt><trkpt lat="41.545433081731524" lon="-71.32237359852401"><time>2026-08-09T18:10:05Z</time></trkpt><trkpt lat="41.545409340434205" lon="-71.32240883963058"><time>2026-08-09T18:10:06Z</time></trkpt><trkpt lat="41.545384798932226" lon="-71.3224388819641"><time>2026-08-09T18:10:07Z</time></trkpt><trkpt lat="41.54536035968505" lon="-71.3224713151033"><time>2026-08-09T18:10:08Z</time></trkpt><trkpt lat="41.545337597256015" lon="-71.32250501790152"><time>2026-08-09T18:10:09Z</time></trkpt><trkpt lat="41.545314196342865" lon="-71.32253805616227"><time>2026-08-09T18:10:10Z</time></trkpt><trkpt lat="41.54529098674749" lon="-71.32257078632902"><time>2026-08-09T18:10:11Z</time></trkpt><trkpt lat="41.54526743639169" lon="-71.32260301524606"><time>2026-08-09T18:10:12Z</time></trkpt><trkpt lat="41.54524494011005" lon="-71.32263720571576"><time>2026-08-09T18:10:13Z</time></trkpt><trkpt lat="41.54522057762757" lon="-71.32266696000944"><time>2026-08-09T18:10:14Z</time></trkpt><trkpt lat="41.545198069172606" lon="-71.32269894924674"><time>2026-08-09T18:10:15Z</time></trkpt><trkpt lat="41.54517539934443" lon="-71.32273177174324"><time>2026-08-09T18:10:16Z</time></trkpt><trkpt lat="41.54514876457898" lon="-71.32275784048235"><time>2026-08-09T18:10:17Z</time></trkpt><trkpt lat="41.5451225727042" lon="-71.32278382800885"><time>2026-08-09T18:10:18Z</time></trkpt><trkpt lat="41.54509825834855" lon="-71.32281432055322"><time>2026-08-09T18:10:19Z</time></trkpt><trkpt lat="41.54507372164567" lon="-71.32284360942269"><time>2026-08-09T18:10:20Z</time></trkpt><trkpt lat="41.54504982197407" lon="-71.32287282918011"><time>2026-08-09T18:10:21Z</time></trkpt><trkpt lat="41.54502535359273" lon="-71.32290308282381"><time>2026-08-09T18:10:22Z</time></trkpt><trkpt lat="41.54499472202928" lon="-71.32292537336869"><time>2026-08-09T18:10:23Z</time></trkpt><trkpt lat="41.54497480511676" lon="-71.32296097541789"><time>2026-08-09T18:10:24Z</time></trkpt><trkpt lat="41.544956202934515" lon="-71.32299737872022"><time>2026-08-09T18:10:25Z</time></trkpt><trkpt lat="41.54493059694593" lon="-71.32303261921996"><time>2026-08-09T18:10:26Z</time></trkpt><trkpt lat="41.54490763449918" lon="-71.32305992363216"><time>2026-08-09T18:10:27Z</time></trkpt><trkpt lat="41.54488370681538" lon="-71.32308977869909"><time>2026-08-09T18:10:28Z</time></trkpt><trkpt lat="41.544860848452345" lon="-71.32312038885084"><time>2026-08-09T18:10:29Z</time></trkpt><trkpt lat="41.54483801646355" lon="-71.32315078524599"><time>2026-08-09T18:10:30Z</time></trkpt><trkpt lat="41.544815632278585" lon="-71.32318503290507"><time>2026-08-09T18:10:31Z</time></trkpt><trkpt lat="41.54479452935493" lon="-71.32321857753891"><time>2026-08-09T18:10:32Z</time></trkpt><trkpt lat="41.544771803662854" lon="-71.3232492413763"><time>2026-08-09T18:10:33Z</time></trkpt><trkpt lat="41.544749542830225" lon="-71.32328046922468"><time>2026-08-09T18:10:34Z</time></trkpt><trkpt lat="41.544727188323776" lon="-71.3233123237029"><time>2026-08-09T18:10:35Z</time></trkpt><trkpt lat="41.54470476234517" lon="-71.32334690269114"><time>2026-08-09T18:10:36Z</time></trkpt><trkpt lat="41.5446822755766" lon="-71.32337813737496"><time>2026-08-09T18:10:37Z</time></trkpt><trkpt lat="41.54465914916878" lon="-71.32340947469808"><time>2026-08-09T18:10:38Z</time></trkpt><trkpt lat="41.54463650067979" lon="-71.32344232839533"><time>2026-08-09T18:10:39Z</time></trkpt><trkpt lat="41.54461358304101" lon="-71.32347386462378"><time>2026-08-09T18:10:40Z</time></trkpt><trkpt lat="41.544591879526095" lon="-71.32350448493037"><time>2026-08-09T18:10:41Z</time></trkpt><trkpt lat="41.54457017744567" lon="-71.32353813676673"><time>2026-08-09T18:10:42Z</time></trkpt><trkpt lat="41.54454872241405" lon="-71.32357214944608"><time>2026-08-09T18:10:43Z</time></trkpt><trkpt lat="41.54452852321188" lon="-71.32360806395698"><time>2026-08-09T18:10:44Z</time></trkpt><trkpt lat="41.54450655247187" lon="-71.32364223246769"><time>2026-08-09T18:10:45Z</time></trkpt><trkpt lat="41.544484353073024" lon="-71.32367335407065"><time>2026-08-09T18:10:46Z</time></trkpt><trkpt lat="41.5444622920315" lon="-71.32370770663805"><time>2026-08-09T18:10:47Z</time></trkpt><trkpt lat="41.544440511077816" lon="-71.32374159507864"><time>2026-08-09T18:10:48Z</time></trkpt><trkpt lat="41.54441801059503" lon="-71.32377477142037"><time>2026-08-09T18:10:49Z</time></trkpt><trkpt lat="41.544394840418846" lon="-71.3238075110665"><time>2026-08-09T18:10:50Z</time></trkpt><trkpt lat="41.54437116141066" lon="-71.3238391360328"><time>2026-08-09T18:10:51Z</time></trkpt><trkpt lat="41.54434839979526" lon="-71.32387271066473"><time>2026-08-09T18:10:52Z</time></trkpt><trkpt lat="41.54432489061512" lon="-71.32390451602042"><time>2026-08-09T18:10:53Z</time></trkpt><trkpt lat="41.54430164503911" lon="-71.32393732021835"><time>2026-08-09T18:10:54Z</time></trkpt><trkpt lat="41.54427835919628" lon="-71.32397017349841"><time>2026-08-09T18:10:55Z</time></trkpt><trkpt lat="41.54425578524208" lon="-71.32400435999085"><time>2026-08-09T18:10:56Z</time></trkpt><trkpt lat="41.544232978362885" lon="-71.32403498102461"><time>2026-08-09T18:10:57Z</time></trkpt><trkpt lat="41.544208177746036" lon="-71.32406607672458"><time>2026-08-09T18:10:58Z</time></trkpt><trkpt lat="41.54418473329204" lon="-71.32409797862638"><time>2026-08-09T18:10:59Z</time></trkpt><trkpt lat="41.54416189141698" lon="-71.3241310228913"><time>2026-08-09T18:11:00Z</time></trkpt><trkpt lat="41.544139735764325" lon="-71.32416320714985"><time>2026-08-09T18:11:01Z</time></trkpt><trkpt lat="41.54411575709896" lon="-71.3241956350895"><time>2026-08-09T18:11:02Z</time></trkpt><trkpt lat="41.54409230834444" lon="-71.32422790836262"><time>2026-08-09T18:11:03Z</time></trkpt><trkpt lat="41.54406868014197" lon="-71.32426052166468"><time>2026-08-09T18:11:04Z</time></trkpt><trkpt lat="41.54404605123226" lon="-71.32429386211255"><time>2026-08-09T18:11:05Z</time></trkpt><trkpt lat="41.54402189639515" lon="-71.32432310119518"><time>2026-08-09T18:11:06Z</time></trkpt><trkpt lat="41.54399845048543" lon="-71.32435330095277"><time>2026-08-09T18:11:07Z</time></trkpt><trkpt lat="41.54397463251979" lon="-71.32438527634503"><time>2026-08-09T18:11:08Z</time></trkpt><trkpt lat="41.54395179942339" lon="-71.32441617808007"><time>2026-08-09T18:11:09Z</time></trkpt><trkpt lat="41.54392867318503" lon="-71.3244513922154"><time>2026-08-09T18:11:10Z</time></trkpt><trkpt lat="41.543906378649126" lon="-71.32448346938234"><time>2026-08-09T18:11:11Z</time></trkpt><trkpt lat="41.543884852759774" lon="-71.3245181155176"><time>2026-08-09T18:11:12Z</time></trkpt><trkpt lat="41.543861279820455" lon="-71.32454996286607"><time>2026-08-09T18:11:13Z</time></trkpt><trkpt lat="41.54383899304983" lon="-71.32458290343999"><time>2026-08-09T18:11:14Z</time></trkpt><trkpt lat="41.54381538094121" lon="-71.32461702088138"><time>2026-08-09T18:11:15Z</time></trkpt><trkpt lat="41.54379344718658" lon="-71.32464902683749"><time>2026-08-09T18:11:16Z</time></trkpt><trkpt lat="41.54377104004908" lon="-71.32468059548505"><time>2026-08-09T18:11:17Z</time></trkpt><trkpt lat="41.54374760067078" lon="-71.32471388333494"><time>2026-08-09T18:11:18Z</time></trkpt><trkpt lat="41.543725032736155" lon="-71.32474668439538"><time>2026-08-09T18:11:19Z</time></trkpt><trkpt lat="41.543701928149645" lon="-71.32477994404013"><time>2026-08-09T18:11:20Z</time></trkpt><trkpt lat="41.54367895711774" lon="-71.32481353386686"><time>2026-08-09T18:11:21Z</time></trkpt><trkpt lat="41.543657263248186" lon="-71.3248464479427"><time>2026-08-09T18:11:22Z</time></trkpt><trkpt lat="41.54363484146784" lon="-71.32488032566019"><time>2026-08-09T18:11:23Z</time></trkpt><trkpt lat="41.543613541802145" lon="-71.32491508313014"><time>2026-08-09T18:11:24Z</time></trkpt><trkpt lat="41.543590946690564" lon="-71.32494956303337"><time>2026-08-09T18:11:25Z</time></trkpt><trkpt lat="41.543568528543545" lon="-71.324981612723"><time>2026-08-09T18:11:26Z</time></trkpt><trkpt lat="41.543545379231404" lon="-71.325013498876"><time>2026-08-09T18:11:27Z</time></trkpt><trkpt lat="41.54352327904908" lon="-71.32504584203645"><time>2026-08-09T18:11:28Z</time></trkpt><trkpt lat="41.54350033456649" lon="-71.32507930555053"><time>2026-08-09T18:11:29Z</time></trkpt><trkpt lat="41.54347734732895" lon="-71.32511197741198"><time>2026-08-09T18:11:30Z</time></trkpt><trkpt lat="41.54345326118851" lon="-71.32514341825701"><time>2026-08-09T18:11:31Z</time></trkpt><trkpt lat="41.54342968773677" lon="-71.32517554409438"><time>2026-08-09T18:11:32Z</time></trkpt><trkpt lat="41.543406181796286" lon="-71.32520658605323"><time>2026-08-09T18:11:33Z</time></trkpt><trkpt lat="41.54338378121642" lon="-71.32523925012654"><time>2026-08-09T18:11:34Z</time></trkpt><trkpt lat="41.54336078536302" lon="-71.32527197900433"><time>2026-08-09T18:11:35Z</time></trkpt><trkpt lat="41.54333852700597" lon="-71.32530502933612"><time>2026-08-09T18:11:36Z</time></trkpt><trkpt lat="41.543316172443774" lon="-71.32533760300313"><time>2026-08-09T18:11:37Z</time></trkpt><trkpt lat="41.5432946795028" lon="-71.32537041463753"><time>2026-08-09T18:11:38Z</time></trkpt><trkpt lat="41.54327243906949" lon="-71.32540214536607"><time>2026-08-09T18:11:39Z</time></trkpt><trkpt lat="41.5432489134614" lon="-71.32543478467329"><time>2026-08-09T18:11:40Z</time></trkpt><trkpt lat="41.5432269812511" lon="-71.3254685298599"><time>2026-08-09T18:11:41Z</time></trkpt><trkpt lat="41.54320273704255" lon="-71.32549920370329"><time>2026-08-09T18:11:42Z</time></trkpt><trkpt lat="41.54317924636435" lon="-71.32553119267557"><time>2026-08-09T18:11:43Z</time></trkpt><trkpt lat="41.543155895754545" lon="-71.32556283722784"><time>2026-08-09T18:11:44Z</time></trkpt><trkpt lat="41.54313672172517" lon="-71.32559874431274"><time>2026-08-09T18:11:45Z</time></trkpt><trkpt lat="41.54311479954806" lon="-71.32563204062042"><time>2026-08-09T18:11:46Z</time></trkpt><trkpt lat="41.54309369314538" lon="-71.32566728044227"><time>2026-08-09T18:11:47Z</time></trkpt><trkpt lat="41.543073902335365" lon="-71.32570241890892"><time>2026-08-09T18:11:48Z</time></trkpt><trkpt lat="41.54305073070036" lon="-71.3257356837361"><time>2026-08-09T18:11:49Z</time></trkpt><trkpt lat="41.54302710920201" lon="-71.32576688551524"><time>2026-08-09T18:11:50Z</time></trkpt><trkpt lat="41.54300595308164" lon="-71.32579967968236"><time>2026-08-09T18:11:51Z</time></trkpt><trkpt lat="41.54298404639356" lon="-71.32583627226897"><time>2026-08-09T18:11:52Z</time></trkpt><trkpt lat="41.54296283367347" lon="-71.3258718867043"><time>2026-08-09T18:11:53Z</time></trkpt><trkpt lat="41.542942719619255" lon="-71.32590624486502"><time>2026-08-09T18:11:54Z</time></trkpt><trkpt lat="41.542921786333395" lon="-71.32594034043886"><time>2026-08-09T18:11:55Z</time></trkpt><trkpt lat="41.54290043393772" lon="-71.32597579722972"><time>2026-08-09T18:11:56Z</time></trkpt><trkpt lat="41.542878637856695" lon="-71.32601062807477"><time>2026-08-09T18:11:57Z</time></trkpt><trkpt lat="41.542857360176" lon="-71.32604506731805"><time>2026-08-09T18:11:58Z</time></trkpt><trkpt lat="41.54283707278059" lon="-71.3260827120379"><time>2026-08-09T18:11:59Z</time></trkpt><trkpt lat="41.5428164299988" lon="-71.32612012389076"><time>2026-08-09T18:12:00Z</time></trkpt><trkpt lat="41.54279488729164" lon="-71.32615827646633"><time>2026-08-09T18:12:01Z</time></trkpt><trkpt lat="41.5427721597154" lon="-71.32619427681324"><time>2026-08-09T18:12:02Z</time></trkpt><trkpt lat="41.54275028868216" lon="-71.32623103162236"><time>2026-08-09T18:12:03Z</time></trkpt><trkpt lat="41.54272848614575" lon="-71.32626512841532"><time>2026-08-09T18:12:04Z</time></trkpt><trkpt lat="41.5427071724784" lon="-71.32630052156662"><time>2026-08-09T18:12:05Z</time></trkpt><trkpt lat="41.542685937034626" lon="-71.3263364174218"><time>2026-08-09T18:12:06Z</time></trkpt><trkpt lat="41.54266383788312" lon="-71.32637351689681"><time>2026-08-09T18:12:07Z</time></trkpt><trkpt lat="41.542641620453765" lon="-71.32640959256737"><time>2026-08-09T18:12:08Z</time></trkpt><trkpt lat="41.54261930242253" lon="-71.32644494552113"><time>2026-08-09T18:12:09Z</time></trkpt><trkpt lat="41.54259610773511" lon="-71.32647991541353"><time>2026-08-09T18:12:10Z</time></trkpt><trkpt lat="41.542572574770254" lon="-71.32651227633274"><time>2026-08-09T18:12:11Z</time></trkpt><trkpt lat="41.54255031527909" lon="-71.32654712318161"><time>2026-08-09T18:12:12Z</time></trkpt><trkpt lat="41.54252529043504" lon="-71.32657898724209"><time>2026-08-09T18:12:13Z</time></trkpt><trkpt lat="41.542501287350845" lon="-71.32661393545443"><time>2026-08-09T18:12:14Z</time></trkpt><trkpt lat="41.54247890718998" lon="-71.32664858049002"><time>2026-08-09T18:12:15Z</time></trkpt><trkpt lat="41.542456419125905" lon="-71.32668310863744"><time>2026-08-09T18:12:16Z</time></trkpt><trkpt lat="41.54243386422417" lon="-71.32671883661831"><time>2026-08-09T18:12:17Z</time></trkpt><trkpt lat="41.542412027607874" lon="-71.32675383920433"><time>2026-08-09T18:12:18Z</time></trkpt><trkpt lat="41.54238961701753" lon="-71.32678814941453"><time>2026-08-09T18:12:19Z</time></trkpt><trkpt lat="41.54236670628647" lon="-71.32682183147782"><time>2026-08-09T18:12:20Z</time></trkpt><trkpt lat="41.54234363380293" lon="-71.32685592871812"><time>2026-08-09T18:12:21Z</time></trkpt><trkpt lat="41.542319191921315" lon="-71.32688807377482"><time>2026-08-09T18:12:22Z</time></trkpt><trkpt lat="41.542295185321755" lon="-71.32691990297566"><time>2026-08-09T18:12:23Z</time></trkpt><trkpt lat="41.54227012798125" lon="-71.32695135504032"><time>2026-08-09T18:12:24Z</time></trkpt><trkpt lat="41.54224422347069" lon="-71.3269800757867"><time>2026-08-09T18:12:25Z</time></trkpt><trkpt lat="41.542218784153164" lon="-71.32700591052779"><time>2026-08-09T18:12:26Z</time></trkpt><trkpt lat="41.54219374943887" lon="-71.32703597655546"><time>2026-08-09T18:12:27Z</time></trkpt><trkpt lat="41.54216808816172" lon="-71.32706720686258"><time>2026-08-09T18:12:28Z</time></trkpt><trkpt lat="41.54214260080266" lon="-71.32709519455719"><time>2026-08-09T18:12:29Z</time></trkpt><trkpt lat="41.542118235442054" lon="-71.32712372215383"><time>2026-08-09T18:12:30Z</time></trkpt><trkpt lat="41.542094304768156" lon="-71.32715411883211"><time>2026-08-09T18:12:31Z</time></trkpt><trkpt lat="41.542069313172995" lon="-71.32718213388954"><time>2026-08-09T18:12:32Z</time></trkpt><trkpt lat="41.54204418119963" lon="-71.32720871606212"><time>2026-08-09T18:12:33Z</time></trkpt><trkpt lat="41.54201880510999" lon="-71.3272368741491"><time>2026-08-09T18:12:34Z</time></trkpt><trkpt lat="41.54199287751496" lon="-71.32726308807565"><time>2026-08-09T18:12:35Z</time></trkpt><trkpt lat="41.54196751934384" lon="-71.32728959971885"><time>2026-08-09T18:12:36Z</time></trkpt><trkpt lat="41.54194145130199" lon="-71.32731646043831"><time>2026-08-09T18:12:37Z</time></trkpt><trkpt lat="41.541915743437855" lon="-71.3273438173789"><time>2026-08-09T18:12:38Z</time></trkpt><trkpt lat="41.54189060403143" lon="-71.32736919173993"><time>2026-08-09T18:12:39Z</time></trkpt><trkpt lat="41.54186470440489" lon="-71.32739737119921"><time>2026-08-09T18:12:40Z</time></trkpt><trkpt lat="41.54183924667091" lon="-71.32742254571909"><time>2026-08-09T18:12:41Z</time></trkpt><trkpt lat="41.54181360185182" lon="-71.32744767769447"><time>2026-08-09T18:12:42Z</time></trkpt><trkpt lat="41.54178791096052" lon="-71.32747127367948"><time>2026-08-09T18:12:43Z</time></trkpt><trkpt lat="41.541762537976304" lon="-71.32749598303327"><time>2026-08-09T18:12:44Z</time></trkpt><trkpt lat="41.54173770508609" lon="-71.32752169012481"><time>2026-08-09T18:12:45Z</time></trkpt><trkpt lat="41.54171282218356" lon="-71.32754813577957"><time>2026-08-09T18:12:46Z</time></trkpt><trkpt lat="41.54168719432918" lon="-71.32757349728477"><time>2026-08-09T18:12:47Z</time></trkpt><trkpt lat="41.54166187688029" lon="-71.3275997976241"><time>2026-08-09T18:12:48Z</time></trkpt><trkpt lat="41.54163630188587" lon="-71.32762544526521"><time>2026-08-09T18:12:49Z</time></trkpt><trkpt lat="41.54161050425035" lon="-71.32765011315611"><time>2026-08-09T18:12:50Z</time></trkpt><trkpt lat="41.54158510680949" lon="-71.32767522987064"><time>2026-08-09T18:12:51Z</time></trkpt><trkpt lat="41.54156006498347" lon="-71.32770195681884"><time>2026-08-09T18:12:52Z</time></trkpt><trkpt lat="41.54153571277019" lon="-71.32772741479003"><time>2026-08-09T18:12:53Z</time></trkpt><trkpt lat="41.54151164148135" lon="-71.32775535766092"><time>2026-08-09T18:12:54Z</time></trkpt><trkpt lat="41.54148703340363" lon="-71.32778138227258"><time>2026-08-09T18:12:55Z</time></trkpt><trkpt lat="41.541462677246024" lon="-71.32780781944278"><time>2026-08-09T18:12:56Z</time></trkpt><trkpt lat="41.541438331301585" lon="-71.32783297584"><time>2026-08-09T18:12:57Z</time></trkpt><trkpt lat="41.541413112405515" lon="-71.32785908941905"><time>2026-08-09T18:12:58Z</time></trkpt><trkpt lat="41.54138777759124" lon="-71.32788285882013"><time>2026-08-09T18:12:59Z</time></trkpt><trkpt lat="41.54136262680248" lon="-71.32790730050401"><time>2026-08-09T18:13:00Z</time></trkpt><trkpt lat="41.54133819193912" lon="-71.32793174616289"><time>2026-08-09T18:13:01Z</time></trkpt><trkpt lat="41.54131396560717" lon="-71.3279557604809"><time>2026-08-09T18:13:02Z</time></trkpt><trkpt lat="41.54128899515229" lon="-71.32798008649912"><time>2026-08-09T18:13:03Z</time></trkpt><trkpt lat="41.5412636244081" lon="-71.32800378717307"><time>2026-08-09T18:13:04Z</time></trkpt><trkpt lat="41.54123835550575" lon="-71.3280285665324"><time>2026-08-09T18:13:05Z</time></trkpt><trkpt lat="41.541213055043755" lon="-71.32805236418832"><time>2026-08-09T18:13:06Z</time></trkpt><trkpt lat="41.54118761497067" lon="-71.32807605420308"><time>2026-08-09T18:13:07Z</time></trkpt><trkpt lat="41.54116291197366" lon="-71.32809923578846"><time>2026-08-09T18:13:08Z</time></trkpt><trkpt lat="41.54113875185021" lon="-71.32812313364914"><time>2026-08-09T18:13:09Z</time></trkpt><trkpt lat="41.54111435586891" lon="-71.32814521565426"><time>2026-08-09T18:13:10Z</time></trkpt><trkpt lat="41.54108901501231" lon="-71.32816903640962"><time>2026-08-09T18:13:11Z</time></trkpt><trkpt lat="41.54106454769438" lon="-71.32819252359604"><time>2026-08-09T18:13:12Z</time></trkpt><trkpt lat="41.54104125660857" lon="-71.32821777113115"><time>2026-08-09T18:13:13Z</time></trkpt><trkpt lat="41.54101676959193" lon="-71.32824279021176"><time>2026-08-09T18:13:14Z</time></trkpt><trkpt lat="41.5409929182923" lon="-71.32826602415224"><time>2026-08-09T18:13:15Z</time></trkpt><trkpt lat="41.54096969310477" lon="-71.32828933233016"><time>2026-08-09T18:13:16Z</time></trkpt><trkpt lat="41.54094596970053" lon="-71.32831332913709"><time>2026-08-09T18:13:17Z</time></trkpt><trkpt lat="41.54092234913289" lon="-71.32833666069077"><time>2026-08-09T18:13:18Z</time></trkpt><trkpt lat="41.54089809664595" lon="-71.32836154233357"><time>2026-08-09T18:13:19Z</time></trkpt><trkpt lat="41.540874013593125" lon="-71.32838469932106"><time>2026-08-09T18:13:20Z</time></trkpt><trkpt lat="41.54084970019766" lon="-71.32840982106835"><time>2026-08-09T18:13:21Z</time></trkpt><trkpt lat="41.54082484779473" lon="-71.32843343320863"><time>2026-08-09T18:13:22Z</time></trkpt><trkpt lat="41.54080000332278" lon="-71.32845686113585"><time>2026-08-09T18:13:23Z</time></trkpt><trkpt lat="41.54077566123286" lon="-71.32847968195293"><time>2026-08-09T18:13:24Z</time></trkpt><trkpt lat="41.540751397129924" lon="-71.32850239643778"><time>2026-08-09T18:13:25Z</time></trkpt><trkpt lat="41.540726790982575" lon="-71.32852436331474"><time>2026-08-09T18:13:26Z</time></trkpt><trkpt lat="41.540702782372065" lon="-71.3285481160442"><time>2026-08-09T18:13:27Z</time></trkpt><trkpt lat="41.540678302967386" lon="-71.3285722831174"><time>2026-08-09T18:13:28Z</time></trkpt><trkpt lat="41.54065538440405" lon="-71.32859384976064"><time>2026-08-09T18:13:29Z</time></trkpt><trkpt lat="41.54062975859946" lon="-71.32861873477746"><time>2026-08-09T18:13:30Z</time></trkpt><trkpt lat="41.540610518751485" lon="-71.32864275409405"><time>2026-08-09T18:13:31Z</time></trkpt><trkpt lat="41.540582760444586" lon="-71.32866474896379"><time>2026-08-09T18:13:32Z</time></trkpt><trkpt lat="41.540558267914896" lon="-71.32868879893898"><time>2026-08-09T18:13:33Z</time></trkpt><trkpt lat="41.54053395100545" lon="-71.32870997177493"><time>2026-08-09T18:13:34Z</time></trkpt><trkpt lat="41.540511218392155" lon="-71.32873388899765"><time>2026-08-09T18:13:35Z</time></trkpt><trkpt lat="41.54048620421222" lon="-71.32876052937881"><time>2026-08-09T18:13:36Z</time></trkpt><trkpt lat="41.54046549836997" lon="-71.32878596094079"><time>2026-08-09T18:13:37Z</time></trkpt><trkpt lat="41.54044172130661" lon="-71.328810738054"><time>2026-08-09T18:13:38Z</time></trkpt><trkpt lat="41.54042001148639" lon="-71.32883640455017"><time>2026-08-09T18:13:39Z</time></trkpt><trkpt lat="41.54039652631055" lon="-71.32885809364585"><time>2026-08-09T18:13:40Z</time></trkpt><trkpt lat="41.54037445797861" lon="-71.32888227442434"><time>2026-08-09T18:13:41Z</time></trkpt><trkpt lat="41.54035332094119" lon="-71.32890468935516"><time>2026-08-09T18:13:42Z</time></trkpt><trkpt lat="41.54033239556819" lon="-71.32893614425898"><time>2026-08-09T18:13:43Z</time></trkpt><trkpt lat="41.54030787293668" lon="-71.32895955905222"><time>2026-08-09T18:13:44Z</time></trkpt><trkpt lat="41.5402867455021" lon="-71.32898520872773"><time>2026-08-09T18:13:45Z</time></trkpt><trkpt lat="41.540262543619825" lon="-71.32900824048484"><time>2026-08-09T18:13:46Z</time></trkpt><trkpt lat="41.54024279610973" lon="-71.32903177718444"><time>2026-08-09T18:13:47Z</time></trkpt><trkpt lat="41.54022320929671" lon="-71.3290601399407"><time>2026-08-09T18:13:48Z</time></trkpt><trkpt lat="41.540200432172895" lon="-71.32908173194261"><time>2026-08-09T18:13:49Z</time></trkpt><trkpt lat="41.54017785184521" lon="-71.32910809738975"><time>2026-08-09T18:13:50Z</time></trkpt><trkpt lat="41.54015706910885" lon="-71.32913666709956"><time>2026-08-09T18:13:51Z</time></trkpt><trkpt lat="41.540135673854984" lon="-71.32915644456183"><time>2026-08-09T18:13:52Z</time></trkpt><trkpt lat="41.540112587639214" lon="-71.32918022673455"><time>2026-08-09T18:13:53Z</time></trkpt><trkpt lat="41.54008900364769" lon="-71.32920255737227"><time>2026-08-09T18:13:54Z</time></trkpt><trkpt lat="41.54006512083029" lon="-71.32922811291165"><time>2026-08-09T18:13:55Z</time></trkpt><trkpt lat="41.540042510713505" lon="-71.32925215483473"><time>2026-08-09T18:13:56Z</time></trkpt><trkpt lat="41.54002038361978" lon="-71.3292750402753"><time>2026-08-09T18:13:57Z</time></trkpt><trkpt lat="41.5399984800969" lon="-71.3293009274303"><time>2026-08-09T18:13:58Z</time></trkpt><trkpt lat="41.539975071658766" lon="-71.32932690257158"><time>2026-08-09T18:13:59Z</time></trkpt><trkpt lat="41.53995402627859" lon="-71.32935656775952"><time>2026-08-09T18:14:00Z</time></trkpt><trkpt lat="41.53993512593212" lon="-71.32938271320606"><time>2026-08-09T18:14:01Z</time></trkpt><trkpt lat="41.539912472153695" lon="-71.32941020949734"><time>2026-08-09T18:14:02Z</time></trkpt><trkpt lat="41.53989020275885" lon="-71.32943326568828"><time>2026-08-09T18:14:03Z</time></trkpt><trkpt lat="41.53986678863544" lon="-71.32945796500871"><time>2026-08-09T18:14:04Z</time></trkpt><trkpt lat="41.53984441068103" lon="-71.32948159876904"><time>2026-08-09T18:14:05Z</time></trkpt><trkpt lat="41.53982079774739" lon="-71.32950609883972"><time>2026-08-09T18:14:06Z</time></trkpt><trkpt lat="41.539798727286765" lon="-71.32953005816157"><time>2026-08-09T18:14:07Z</time></trkpt><trkpt lat="41.53977569867443" lon="-71.32955564863505"><time>2026-08-09T18:14:08Z</time></trkpt><trkpt lat="41.539753230081" lon="-71.32957960919899"><time>2026-08-09T18:14:09Z</time></trkpt><trkpt lat="41.539730125676144" lon="-71.32960523569646"><time>2026-08-09T18:14:10Z</time></trkpt><trkpt lat="41.53970695223416" lon="-71.32962903820096"><time>2026-08-09T18:14:11Z</time></trkpt><trkpt lat="41.53968461933574" lon="-71.32965540539186"><time>2026-08-09T18:14:12Z</time></trkpt><trkpt lat="41.539662998263616" lon="-71.32968088944662"><time>2026-08-09T18:14:13Z</time></trkpt><trkpt lat="41.53964343523519" lon="-71.3297125605056"><time>2026-08-09T18:14:14Z</time></trkpt><trkpt lat="41.53962080960927" lon="-71.32972144909289"><time>2026-08-09T18:14:15Z</time></trkpt><trkpt lat="41.53959893370604" lon="-71.3297291402623"><time>2026-08-09T18:14:16Z</time></trkpt><trkpt lat="41.5395766338605" lon="-71.32974395659463"><time>2026-08-09T18:14:17Z</time></trkpt><trkpt lat="41.539553581772864" lon="-71.32975065256709"><time>2026-08-09T18:14:18Z</time></trkpt><trkpt lat="41.53953257062876" lon="-71.32975222584884"><time>2026-08-09T18:14:19Z</time></trkpt><trkpt lat="41.53950985892901" lon="-71.3297481729577"><time>2026-08-09T18:14:20Z</time></trkpt><trkpt lat="41.53948994639086" lon="-71.32974138643557"><time>2026-08-09T18:14:21Z</time></trkpt><trkpt lat="41.53947127065174" lon="-71.32973107928377"><time>2026-08-09T18:14:22Z</time></trkpt><trkpt lat="41.53945188325208" lon="-71.32971601915018"><time>2026-08-09T18:14:23Z</time></trkpt><trkpt lat="41.53943711296034" lon="-71.32969722305236"><time>2026-08-09T18:14:24Z</time></trkpt><trkpt lat="41.539423408881746" lon="-71.32967397396975"><time>2026-08-09T18:14:25Z</time></trkpt><trkpt lat="41.539408866266356" lon="-71.3296450920338"><time>2026-08-09T18:14:26Z</time></trkpt><trkpt lat="41.53939514373382" lon="-71.32961881921106"><time>2026-08-09T18:14:27Z</time></trkpt><trkpt lat="41.539370240408616" lon="-71.32959954592617"><time>2026-08-09T18:14:28Z</time></trkpt><trkpt lat="41.53935200063059" lon="-71.32958804422968"><time>2026-08-09T18:14:29Z</time></trkpt><trkpt lat="41.53933692001752" lon="-71.32956910866763"><time>2026-08-09T18:14:30Z</time></trkpt><trkpt lat="41.53932194765247" lon="-71.32954563236311"><time>2026-08-09T18:14:31Z</time></trkpt><trkpt lat="41.53930363491588" lon="-71.32952086257619"><time>2026-08-09T18:14:32Z</time></trkpt><trkpt lat="41.53928718800293" lon="-71.3295025992163"><time>2026-08-09T18:14:33Z</time></trkpt><trkpt lat="41.539269780363185" lon="-71.32948042538524"><time>2026-08-09T18:14:34Z</time></trkpt><trkpt lat="41.53925232889293" lon="-71.32945773422212"><time>2026-08-09T18:14:35Z</time></trkpt><trkpt lat="41.53923609420551" lon="-71.32943584942187"><time>2026-08-09T18:14:36Z</time></trkpt><trkpt lat="41.53921842136527" lon="-71.32941232513481"><time>2026-08-09T18:14:37Z</time></trkpt><trkpt lat="41.539200379922576" lon="-71.32938806642368"><time>2026-08-09T18:14:38Z</time></trkpt><trkpt lat="41.539182395572595" lon="-71.3293667584237"><time>2026-08-09T18:14:39Z</time></trkpt><trkpt lat="41.53916173877987" lon="-71.32934409087882"><time>2026-08-09T18:14:40Z</time></trkpt><trkpt lat="41.53914116479755" lon="-71.32932443674514"><time>2026-08-09T18:14:41Z</time></trkpt><trkpt lat="41.539120071327154" lon="-71.32930286241569"><time>2026-08-09T18:14:42Z</time></trkpt><trkpt lat="41.53910320674786" lon="-71.32928359647045"><time>2026-08-09T18:14:43Z</time></trkpt><trkpt lat="41.53908361838767" lon="-71.32925528781973"><time>2026-08-09T18:14:44Z</time></trkpt><trkpt lat="41.539065834391025" lon="-71.32922775985497"><time>2026-08-09T18:14:45Z</time></trkpt><trkpt lat="41.53904711554849" lon="-71.32919898965406"><time>2026-08-09T18:14:46Z</time></trkpt><trkpt lat="41.53902840309238" lon="-71.32917131748854"><time>2026-08-09T18:14:47Z</time></trkpt><trkpt lat="41.539008603751725" lon="-71.32914318619979"><time>2026-08-09T18:14:48Z</time></trkpt><trkpt lat="41.53898868002447" lon="-71.3291149204236"><time>2026-08-09T18:14:49Z</time></trkpt><trkpt lat="41.538968724033595" lon="-71.32908697416795"><time>2026-08-09T18:14:50Z</time></trkpt><trkpt lat="41.53894875063564" lon="-71.32905833794547"><time>2026-08-09T18:14:51Z</time></trkpt><trkpt lat="41.53892974660632" lon="-71.3290288595123"><time>2026-08-09T18:14:52Z</time></trkpt><trkpt lat="41.53890993461557" lon="-71.32899927033446"><time>2026-08-09T18:14:53Z</time></trkpt><trkpt lat="41.53889095005464" lon="-71.32896872724292"><time>2026-08-09T18:14:54Z</time></trkpt><trkpt lat="41.53887074645636" lon="-71.32893717395865"><time>2026-08-09T18:14:55Z</time></trkpt><trkpt lat="41.53885444372538" lon="-71.32890316640096"><time>2026-08-09T18:14:56Z</time></trkpt><trkpt lat="41.538837208617295" lon="-71.32886988808475"><time>2026-08-09T18:14:57Z</time></trkpt><trkpt lat="41.5388107072639" lon="-71.32884355587692"><time>2026-08-09T18:14:58Z</time></trkpt><trkpt lat="41.538785796079196" lon="-71.32881462132869"><time>2026-08-09T18:14:59Z</time></trkpt><trkpt lat="41.53876810999301" lon="-71.32879177878105"><time>2026-08-09T18:15:00Z</time></trkpt><trkpt lat="41.5387518762122" lon="-71.32874244943042"><time>2026-08-09T18:15:01Z</time></trkpt><trkpt lat="41.538736107142526" lon="-71.32870911805944"><time>2026-08-09T18:15:02Z</time></trkpt><trkpt lat="41.538726586183564" lon="-71.32865893359913"><time>2026-08-09T18:15:03Z</time></trkpt><trkpt lat="41.538721019281006" lon="-71.32861232599117"><time>2026-08-09T18:15:04Z</time></trkpt><trkpt lat="41.53871496224701" lon="-71.3285652485854"><time>2026-08-09T18:15:05Z</time></trkpt><trkpt lat="41.5387195490292" lon="-71.32850871053992"><time>2026-08-09T18:15:06Z</time></trkpt><trkpt lat="41.53870254328425" lon="-71.3284695779825"><time>2026-08-09T18:15:07Z</time></trkpt><trkpt lat="41.53868689272709" lon="-71.32842159426612"><time>2026-08-09T18:15:08Z</time></trkpt><trkpt lat="41.538669972863005" lon="-71.3283806707148"><time>2026-08-09T18:15:09Z</time></trkpt><trkpt lat="41.53866182487482" lon="-71.32833242754788"><time>2026-08-09T18:15:10Z</time></trkpt><trkpt lat="41.53865468797435" lon="-71.3282715237044"><time>2026-08-09T18:15:11Z</time></trkpt><trkpt lat="41.538642095972946" lon="-71.32821682295894"><time>2026-08-09T18:15:12Z</time></trkpt><trkpt lat="41.538635511425966" lon="-71.32817778645244"><time>2026-08-09T18:15:13Z</time></trkpt><trkpt lat="41.538633722713" lon="-71.3281210065051"><time>2026-08-09T18:15:14Z</time></trkpt><trkpt lat="41.53863113310644" lon="-71.32806685926226"><time>2026-08-09T18:15:15Z</time></trkpt><trkpt lat="41.538626559173814" lon="-71.32801322276401"><time>2026-08-09T18:15:16Z</time></trkpt><trkpt lat="41.538620510948455" lon="-71.3279599948839"><time>2026-08-09T18:15:17Z</time></trkpt><trkpt lat="41.53861428467682" lon="-71.3279080090799"><time>2026-08-09T18:15:18Z</time></trkpt><trkpt lat="41.5386064976233" lon="-71.32785334694253"><time>2026-08-09T18:15:19Z</time></trkpt><trkpt lat="41.53860167688223" lon="-71.3278028868185"><time>2026-08-09T18:15:20Z</time></trkpt><trkpt lat="41.538596904061414" lon="-71.3277456407265"><time>2026-08-09T18:15:21Z</time></trkpt><trkpt lat="41.53859628196882" lon="-71.32768976407351"><time>2026-08-09T18:15:22Z</time></trkpt><trkpt lat="41.538601972271344" lon="-71.32763197373082"><time>2026-08-09T18:15:23Z</time></trkpt><trkpt lat="41.538612862518015" lon="-71.32757560657824"><time>2026-08-09T18:15:24Z</time></trkpt><trkpt lat="41.53862485530116" lon="-71.32751836881398"><time>2026-08-09T18:15:25Z</time></trkpt><trkpt lat="41.53864172653267" lon="-71.32746494712892"><time>2026-08-09T18:15:26Z</time></trkpt><trkpt lat="41.53866333175994" lon="-71.32741412100151"><time>2026-08-09T18:15:27Z</time></trkpt><trkpt lat="41.538689136141116" lon="-71.32736782024217"><time>2026-08-09T18:15:28Z</time></trkpt><trkpt lat="41.538718993074866" lon="-71.32732636659519"><time>2026-08-09T18:15:29Z</time></trkpt><trkpt lat="41.53875127905734" lon="-71.32728843065776"><time>2026-08-09T18:15:30Z</time></trkpt><trkpt lat="41.538788328963314" lon="-71.32725885436909"><time>2026-08-09T18:15:31Z</time></trkpt><trkpt lat="41.538818763132035" lon="-71.32722768175502"><time>2026-08-09T18:15:32Z</time></trkpt><trkpt lat="41.538849749452496" lon="-71.32719557674947"><time>2026-08-09T18:15:33Z</time></trkpt><trkpt lat="41.538880740133834" lon="-71.3271687980593"><time>2026-08-09T18:15:34Z</time></trkpt><trkpt lat="41.53891013950829" lon="-71.32714260004823"><time>2026-08-09T18:15:35Z</time></trkpt><trkpt lat="41.53896156913776" lon="-71.32709540868093"><time>2026-08-09T18:15:36Z</time></trkpt><trkpt lat="41.53898919398861" lon="-71.32708256759413"><time>2026-08-09T18:15:37Z</time></trkpt><trkpt lat="41.53901646755696" lon="-71.32707119867604"><time>2026-08-09T18:15:38Z</time></trkpt><trkpt lat="41.53905577838472" lon="-71.32704397832961"><time>2026-08-09T18:15:39Z</time></trkpt><trkpt lat="41.53908799776712" lon="-71.32702588014837"><time>2026-08-09T18:15:40Z</time></trkpt><trkpt lat="41.53912251673692" lon="-71.32700611732328"><time>2026-08-09T18:15:41Z</time></trkpt><trkpt lat="41.53916746947461" lon="-71.32697941653578"><time>2026-08-09T18:15:42Z</time></trkpt><trkpt lat="41.5391962230095" lon="-71.32695843671195"><time>2026-08-09T18:15:43Z</time></trkpt><trkpt lat="41.53922796337386" lon="-71.3269311481534"><time>2026-08-09T18:15:44Z</time></trkpt><trkpt lat="41.53926241376483" lon="-71.32691800340648"><time>2026-08-09T18:15:45Z</time></trkpt><trkpt lat="41.53928918359967" lon="-71.32690404532029"><time>2026-08-09T18:15:46Z</time></trkpt><trkpt lat="41.539325083585815" lon="-71.32688141861316"><time>2026-08-09T18:15:47Z</time></trkpt><trkpt lat="41.539356307817044" lon="-71.3268542468145"><time>2026-08-09T18:15:48Z</time></trkpt><trkpt lat="41.53939094658898" lon="-71.32683834803349"><time>2026-08-09T18:15:49Z</time></trkpt><trkpt lat="41.53942689568166" lon="-71.32682113250489"><time>2026-08-09T18:15:50Z</time></trkpt><trkpt lat="41.53945804657436" lon="-71.32679821191982"><time>2026-08-09T18:15:51Z</time></trkpt><trkpt lat="41.539488621700556" lon="-71.32677354626959"><time>2026-08-09T18:15:52Z</time></trkpt><trkpt lat="41.539519750685784" lon="-71.3267478740489"><time>2026-08-09T18:15:53Z</time></trkpt><trkpt lat="41.5395542708056" lon="-71.32672674735751"><time>2026-08-09T18:15:54Z</time></trkpt><trkpt lat="41.53958712124853" lon="-71.32670588116052"><time>2026-08-09T18:15:55Z</time></trkpt><trkpt lat="41.53961979709437" lon="-71.32668526022897"><time>2026-08-09T18:15:56Z</time></trkpt><trkpt lat="41.53965120260007" lon="-71.32666338564297"><time>2026-08-09T18:15:57Z</time></trkpt><trkpt lat="41.53967792349224" lon="-71.326637235605"><time>2026-08-09T18:15:58Z</time></trkpt><trkpt lat="41.53971020469776" lon="-71.32660978432818"><time>2026-08-09T18:15:59Z</time></trkpt><trkpt lat="41.53974454628629" lon="-71.32658863878476"><time>2026-08-09T18:16:00Z</time></trkpt><trkpt lat="41.53977932194778" lon="-71.32656739652995"><time>2026-08-09T18:16:01Z</time></trkpt><trkpt lat="41.53980983369053" lon="-71.32654649927709"><time>2026-08-09T18:16:02Z</time></trkpt><trkpt lat="41.539840741006344" lon="-71.32652250023773"><time>2026-08-09T18:16:03Z</time></trkpt><trkpt lat="41.5398725766701" lon="-71.3264962833368"><time>2026-08-09T18:16:04Z</time></trkpt><trkpt lat="41.53990561851676" lon="-71.32647675687194"><time>2026-08-09T18:16:05Z</time></trkpt><trkpt lat="41.539935999343925" lon="-71.32645367098056"><time>2026-08-09T18:16:06Z</time></trkpt><trkpt lat="41.53996670332531" lon="-71.32643316671874"><time>2026-08-09T18:16:07Z</time></trkpt><trkpt lat="41.53999684990437" lon="-71.32640850152316"><time>2026-08-09T18:16:08Z</time></trkpt><trkpt lat="41.5400272600883" lon="-71.32638277770079"><time>2026-08-09T18:16:09Z</time></trkpt><trkpt lat="41.5400561812958" lon="-71.32635446137961"><time>2026-08-09T18:16:10Z</time></trkpt><trkpt lat="41.54008739547257" lon="-71.3263263156101"><time>2026-08-09T18:16:11Z</time></trkpt><trkpt lat="41.54011400769257" lon="-71.32630078904805"><time>2026-08-09T18:16:12Z</time></trkpt><trkpt lat="41.540143311293555" lon="-71.32628122695453"><time>2026-08-09T18:16:13Z</time></trkpt><trkpt lat="41.54017713720969" lon="-71.32625839768262"><time>2026-08-09T18:16:14Z</time></trkpt><trkpt lat="41.54020917218391" lon="-71.32623384777332"><time>2026-08-09T18:16:15Z</time></trkpt><trkpt lat="41.540236624892486" lon="-71.32622063826848"><time>2026-08-09T18:16:16Z</time></trkpt><trkpt lat="41.54027540996791" lon="-71.32620246829396"><time>2026-08-09T18:16:17Z</time></trkpt><trkpt lat="41.54030647861395" lon="-71.32617992883979"><time>2026-08-09T18:16:18Z</time></trkpt><trkpt lat="41.54033491160447" lon="-71.32615923616139"><time>2026-08-09T18:16:19Z</time></trkpt><trkpt lat="41.54036900980847" lon="-71.32613657917413"><time>2026-08-09T18:16:20Z</time></trkpt><trkpt lat="41.54040118907805" lon="-71.32611758044084"><time>2026-08-09T18:16:21Z</time></trkpt><trkpt lat="41.54043364295192" lon="-71.32609905476731"><time>2026-08-09T18:16:22Z</time></trkpt><trkpt lat="41.54046552823801" lon="-71.32607802862535"><time>2026-08-09T18:16:23Z</time></trkpt><trkpt lat="41.5404973241876" lon="-71.32605906860807"><time>2026-08-09T18:16:24Z</time></trkpt><trkpt lat="41.54053179961046" lon="-71.32604368422035"><time>2026-08-09T18:16:25Z</time></trkpt><trkpt lat="41.540561652892585" lon="-71.32602455533201"><time>2026-08-09T18:16:26Z</time></trkpt><trkpt lat="41.540594434881605" lon="-71.32600495608446"><time>2026-08-09T18:16:27Z</time></trkpt><trkpt lat="41.540626055790895" lon="-71.32598625191827"><time>2026-08-09T18:16:28Z</time></trkpt><trkpt lat="41.54065917336337" lon="-71.3259607794142"><time>2026-08-09T18:16:29Z</time></trkpt><trkpt lat="41.54069309724798" lon="-71.32594612483717"><time>2026-08-09T18:16:30Z</time></trkpt><trkpt lat="41.54072464598676" lon="-71.32593054164967"><time>2026-08-09T18:16:31Z</time></trkpt><trkpt lat="41.540753659485986" lon="-71.32591218785215"><time>2026-08-09T18:16:32Z</time></trkpt><trkpt lat="41.54078576834093" lon="-71.32589144207114"><time>2026-08-09T18:16:33Z</time></trkpt><trkpt lat="41.540818135874204" lon="-71.32586823949688"><time>2026-08-09T18:16:34Z</time></trkpt><trkpt lat="41.54084801326927" lon="-71.32585285419488"><time>2026-08-09T18:16:35Z</time></trkpt><trkpt lat="41.54087802482595" lon="-71.32583430877493"><time>2026-08-09T18:16:36Z</time></trkpt><trkpt lat="41.540908795056254" lon="-71.32581825464422"><time>2026-08-09T18:16:37Z</time></trkpt><trkpt lat="41.540939716315194" lon="-71.32580233364605"><time>2026-08-09T18:16:38Z</time></trkpt><trkpt lat="41.54097142383177" lon="-71.32577937094244"><time>2026-08-09T18:16:39Z</time></trkpt><trkpt lat="41.541000144828395" lon="-71.32575565617634"><time>2026-08-09T18:16:40Z</time></trkpt><trkpt lat="41.54103086486838" lon="-71.32573600351863"><time>2026-08-09T18:16:41Z</time></trkpt><trkpt lat="41.541062509845055" lon="-71.32571615418132"><time>2026-08-09T18:16:42Z</time></trkpt><trkpt lat="41.541090469166974" lon="-71.32569794813882"><time>2026-08-09T18:16:43Z</time></trkpt><trkpt lat="41.541122505850595" lon="-71.32567463191988"><time>2026-08-09T18:16:44Z</time></trkpt><trkpt lat="41.54115307710608" lon="-71.32566108860347"><time>2026-08-09T18:16:45Z</time></trkpt><trkpt lat="41.541182321658745" lon="-71.32564587369245"><time>2026-08-09T18:16:46Z</time></trkpt><trkpt lat="41.54121625384361" lon="-71.3256266895537"><time>2026-08-09T18:16:47Z</time></trkpt><trkpt lat="41.5412458038005" lon="-71.32561058654348"><time>2026-08-09T18:16:48Z</time></trkpt><trkpt lat="41.54127776756216" lon="-71.32559080929919"><time>2026-08-09T18:16:49Z</time></trkpt><trkpt lat="41.541307997783576" lon="-71.32557112181115"><time>2026-08-09T18:16:50Z</time></trkpt><trkpt lat="41.54133589384188" lon="-71.3255515935971"><time>2026-08-09T18:16:51Z</time></trkpt><trkpt lat="41.54136777956188" lon="-71.32553158700284"><time>2026-08-09T18:16:52Z</time></trkpt><trkpt lat="41.541397273898646" lon="-71.32551266818032"><time>2026-08-09T18:16:53Z</time></trkpt><trkpt lat="41.5414281866188" lon="-71.32549550854642"><time>2026-08-09T18:16:54Z</time></trkpt><trkpt lat="41.541458809253314" lon="-71.32547629681622"><time>2026-08-09T18:16:55Z</time></trkpt><trkpt lat="41.54148964714329" lon="-71.32545528417586"><time>2026-08-09T18:16:56Z</time></trkpt><trkpt lat="41.54151890368596" lon="-71.32543514144706"><time>2026-08-09T18:16:57Z</time></trkpt><trkpt lat="41.54154903258936" lon="-71.32541682653832"><time>2026-08-09T18:16:58Z</time></trkpt><trkpt lat="41.541577282199654" lon="-71.32539708119523"><time>2026-08-09T18:16:59Z</time></trkpt><trkpt lat="41.541605785560094" lon="-71.3253752469307"><time>2026-08-09T18:17:00Z</time></trkpt><trkpt lat="41.541636847355434" lon="-71.32535806015116"><time>2026-08-09T18:17:01Z</time></trkpt><trkpt lat="41.541668340689384" lon="-71.32534198502212"><time>2026-08-09T18:17:02Z</time></trkpt><trkpt lat="41.541697985685445" lon="-71.32531574156"><time>2026-08-09T18:17:03Z</time></trkpt><trkpt lat="41.54172916851289" lon="-71.32530373087964"><time>2026-08-09T18:17:04Z</time></trkpt><trkpt lat="41.541759575605404" lon="-71.32528737220959"><time>2026-08-09T18:17:05Z</time></trkpt><trkpt lat="41.541788258475464" lon="-71.32526578690734"><time>2026-08-09T18:17:06Z</time></trkpt><trkpt lat="41.54182050133075" lon="-71.32524509903787"><time>2026-08-09T18:17:07Z</time></trkpt><trkpt lat="41.54184812029169" lon="-71.32522503116827"><time>2026-08-09T18:17:08Z</time></trkpt><trkpt lat="41.54187391182709" lon="-71.32520648875648"><time>2026-08-09T18:17:09Z</time></trkpt><trkpt lat="41.541906395092816" lon="-71.3251842706972"><time>2026-08-09T18:17:10Z</time></trkpt><trkpt lat="41.54193961547078" lon="-71.32516815379296"><time>2026-08-09T18:17:11Z</time></trkpt><trkpt lat="41.541969755088395" lon="-71.32514734941257"><time>2026-08-09T18:17:12Z</time></trkpt><trkpt lat="41.54200193200572" lon="-71.32512949672198"><time>2026-08-09T18:17:13Z</time></trkpt><trkpt lat="41.542034437030296" lon="-71.32511048092583"><time>2026-08-09T18:17:14Z</time></trkpt><trkpt lat="41.54206458599626" lon="-71.3250832412967"><time>2026-08-09T18:17:15Z</time></trkpt><trkpt lat="41.54209370810942" lon="-71.32506701467085"><time>2026-08-09T18:17:16Z</time></trkpt><trkpt lat="41.54212392019676" lon="-71.32504991680136"><time>2026-08-09T18:17:17Z</time></trkpt><trkpt lat="41.54215406560533" lon="-71.32502297949193"><time>2026-08-09T18:17:18Z</time></trkpt><trkpt lat="41.54218259363684" lon="-71.3250107221574"><time>2026-08-09T18:17:19Z</time></trkpt><trkpt lat="41.54221307436648" lon="-71.32498844653745"><time>2026-08-09T18:17:20Z</time></trkpt><trkpt lat="41.54224780596932" lon="-71.32496298402378"><time>2026-08-09T18:17:21Z</time></trkpt><trkpt lat="41.542279406578885" lon="-71.32494371557179"><time>2026-08-09T18:17:22Z</time></trkpt><trkpt lat="41.542308956942" lon="-71.32492721167908"><time>2026-08-09T18:17:23Z</time></trkpt><trkpt lat="41.54234346417922" lon="-71.32489950785283"><time>2026-08-09T18:17:24Z</time></trkpt><trkpt lat="41.542371683574075" lon="-71.324880935178"><time>2026-08-09T18:17:25Z</time></trkpt><trkpt lat="41.542403367864104" lon="-71.32486071301359"><time>2026-08-09T18:17:26Z</time></trkpt><trkpt lat="41.54243471367036" lon="-71.32483540280099"><time>2026-08-09T18:17:27Z</time></trkpt><trkpt lat="41.54246593087655" lon="-71.32480731375874"><time>2026-08-09T18:17:28Z</time></trkpt><trkpt lat="41.5424954174317" lon="-71.32478529761919"><time>2026-08-09T18:17:29Z</time></trkpt><trkpt lat="41.542526715736244" lon="-71.32476500884626"><time>2026-08-09T18:17:30Z</time></trkpt><trkpt lat="41.542555594485385" lon="-71.32474163595542"><time>2026-08-09T18:17:31Z</time></trkpt><trkpt lat="41.5425838093399" lon="-71.32471828535544"><time>2026-08-09T18:17:32Z</time></trkpt><trkpt lat="41.54261630561883" lon="-71.32469876255867"><time>2026-08-09T18:17:33Z</time></trkpt><trkpt lat="41.54264806255859" lon="-71.3246795280633"><time>2026-08-09T18:17:34Z</time></trkpt><trkpt lat="41.54267950024116" lon="-71.3246614114365"><time>2026-08-09T18:17:35Z</time></trkpt><trkpt lat="41.54271231707229" lon="-71.32464182349072"><time>2026-08-09T18:17:36Z</time></trkpt><trkpt lat="41.54274457346527" lon="-71.32462473988276"><time>2026-08-09T18:17:37Z</time></trkpt><trkpt lat="41.542775778576086" lon="-71.32460711011807"><time>2026-08-09T18:17:38Z</time></trkpt><trkpt lat="41.542807103661" lon="-71.324588044981"><time>2026-08-09T18:17:39Z</time></trkpt><trkpt lat="41.542840082110175" lon="-71.32457001111234"><time>2026-08-09T18:17:40Z</time></trkpt><trkpt lat="41.54287041769147" lon="-71.32455160863802"><time>2026-08-09T18:17:41Z</time></trkpt><trkpt lat="41.54290227174794" lon="-71.32453381897888"><time>2026-08-09T18:17:42Z</time></trkpt><trkpt lat="41.54293332851602" lon="-71.32451546037103"><time>2026-08-09T18:17:43Z</time></trkpt><trkpt lat="41.54296388108069" lon="-71.32449580787657"><time>2026-08-09T18:17:44Z</time></trkpt><trkpt lat="41.542994425860215" lon="-71.32447289170476"><time>2026-08-09T18:17:45Z</time></trkpt><trkpt lat="41.54302417547768" lon="-71.32445317333307"><time>2026-08-09T18:17:46Z</time></trkpt><trkpt lat="41.5430550626125" lon="-71.32443726728425"><time>2026-08-09T18:17:47Z</time></trkpt><trkpt lat="41.543087212419984" lon="-71.32441697608039"><time>2026-08-09T18:17:48Z</time></trkpt><trkpt lat="41.543117857699556" lon="-71.3244011353441"><time>2026-08-09T18:17:49Z</time></trkpt><trkpt lat="41.54314919133871" lon="-71.32438457405378"><time>2026-08-09T18:17:50Z</time></trkpt><trkpt lat="41.543179291287" lon="-71.32436252742112"><time>2026-08-09T18:17:51Z</time></trkpt><trkpt lat="41.543209831427966" lon="-71.32434557582073"><time>2026-08-09T18:17:52Z</time></trkpt><trkpt lat="41.54324134224401" lon="-71.3243273958783"><time>2026-08-09T18:17:53Z</time></trkpt><trkpt lat="41.54327306471387" lon="-71.32430988769258"><time>2026-08-09T18:17:54Z</time></trkpt><trkpt lat="41.5433042432633" lon="-71.3242931601487"><time>2026-08-09T18:17:55Z</time></trkpt><trkpt lat="41.54333641080932" lon="-71.32427372822532"><time>2026-08-09T18:17:56Z</time></trkpt><trkpt lat="41.54336697916967" lon="-71.32425571177254"><time>2026-08-09T18:17:57Z</time></trkpt><trkpt lat="41.54339781789714" lon="-71.32423667446436"><time>2026-08-09T18:17:58Z</time></trkpt><trkpt lat="41.54342769201306" lon="-71.32421642208082"><time>2026-08-09T18:17:59Z</time></trkpt><trkpt lat="41.54346084592263" lon="-71.32420104920867"><time>2026-08-09T18:18:00Z</time></trkpt><trkpt lat="41.54349261523238" lon="-71.32418403013797"><time>2026-08-09T18:18:01Z</time></trkpt><trkpt lat="41.5435250422" lon="-71.32416760408289"><time>2026-08-09T18:18:02Z</time></trkpt><trkpt lat="41.54356053244576" lon="-71.3241506790618"><time>2026-08-09T18:18:03Z</time></trkpt><trkpt lat="41.54359158994599" lon="-71.32413272589325"><time>2026-08-09T18:18:04Z</time></trkpt><trkpt lat="41.543623221460855" lon="-71.32411349108742"><time>2026-08-09T18:18:05Z</time></trkpt><trkpt lat="41.54365223678708" lon="-71.32408989540471"><time>2026-08-09T18:18:06Z</time></trkpt><trkpt lat="41.54368135366716" lon="-71.32406989016609"><time>2026-08-09T18:18:07Z</time></trkpt><trkpt lat="41.54371421179144" lon="-71.32405068219313"><time>2026-08-09T18:18:08Z</time></trkpt><trkpt lat="41.543744120017735" lon="-71.32402852066542"><time>2026-08-09T18:18:09Z</time></trkpt><trkpt lat="41.54377452840723" lon="-71.32400626396264"><time>2026-08-09T18:18:10Z</time></trkpt><trkpt lat="41.54380439794974" lon="-71.32398215242026"><time>2026-08-09T18:18:11Z</time></trkpt><trkpt lat="41.543834804447584" lon="-71.32396086418353"><time>2026-08-09T18:18:12Z</time></trkpt><trkpt lat="41.54386639476185" lon="-71.32394038461774"><time>2026-08-09T18:18:13Z</time></trkpt><trkpt lat="41.5438984633302" lon="-71.32392040335004"><time>2026-08-09T18:18:14Z</time></trkpt><trkpt lat="41.54392916634782" lon="-71.32389859894367"><time>2026-08-09T18:18:15Z</time></trkpt><trkpt lat="41.543961366302966" lon="-71.32387891861502"><time>2026-08-09T18:18:16Z</time></trkpt><trkpt lat="41.543994156569944" lon="-71.32385873842863"><time>2026-08-09T18:18:17Z</time></trkpt><trkpt lat="41.544026628326094" lon="-71.32383841051718"><time>2026-08-09T18:18:18Z</time></trkpt><trkpt lat="41.5440573356203" lon="-71.32381905477153"><time>2026-08-09T18:18:19Z</time></trkpt><trkpt lat="41.544088851863044" lon="-71.32380030749206"><time>2026-08-09T18:18:20Z</time></trkpt><trkpt lat="41.544120239499954" lon="-71.32378060274564"><time>2026-08-09T18:18:21Z</time></trkpt><trkpt lat="41.544151338982026" lon="-71.3237583116107"><time>2026-08-09T18:18:22Z</time></trkpt><trkpt lat="41.544183254506386" lon="-71.32373987812497"><time>2026-08-09T18:18:23Z</time></trkpt><trkpt lat="41.54421544090298" lon="-71.32371876290946"><time>2026-08-09T18:18:24Z</time></trkpt><trkpt lat="41.54424814691685" lon="-71.32369943172496"><time>2026-08-09T18:18:25Z</time></trkpt><trkpt lat="41.54428032359919" lon="-71.323678712352"><time>2026-08-09T18:18:26Z</time></trkpt><trkpt lat="41.54431264690189" lon="-71.32366034130052"><time>2026-08-09T18:18:27Z</time></trkpt><trkpt lat="41.5443438250271" lon="-71.3236396994168"><time>2026-08-09T18:18:28Z</time></trkpt><trkpt lat="41.54437455273179" lon="-71.32361841605257"><time>2026-08-09T18:18:29Z</time></trkpt><trkpt lat="41.5444064793161" lon="-71.32359749376296"><time>2026-08-09T18:18:30Z</time></trkpt><trkpt lat="41.544437800813625" lon="-71.3235765719876"><time>2026-08-09T18:18:31Z</time></trkpt><trkpt lat="41.544468273118255" lon="-71.32355417158405"><time>2026-08-09T18:18:32Z</time></trkpt><trkpt lat="41.544498369131155" lon="-71.3235308069642"><time>2026-08-09T18:18:33Z</time></trkpt><trkpt lat="41.54452822103469" lon="-71.3235092408777"><time>2026-08-09T18:18:34Z</time></trkpt><trkpt lat="41.544558935156964" lon="-71.32348704628329"><time>2026-08-09T18:18:35Z</time></trkpt><trkpt lat="41.54458976733305" lon="-71.32346497349495"><time>2026-08-09T18:18:36Z</time></trkpt><trkpt lat="41.54461978400211" lon="-71.323442510153"><time>2026-08-09T18:18:37Z</time></trkpt><trkpt lat="41.544650368482976" lon="-71.32342095127828"><time>2026-08-09T18:18:38Z</time></trkpt><trkpt lat="41.54468030878002" lon="-71.32339847610154"><time>2026-08-09T18:18:39Z</time></trkpt><trkpt lat="41.54470965733632" lon="-71.3233762448922"><time>2026-08-09T18:18:40Z</time></trkpt><trkpt lat="41.54473974492935" lon="-71.3233535999101"><time>2026-08-09T18:18:41Z</time></trkpt><trkpt lat="41.544770434434454" lon="-71.32333254695044"><time>2026-08-09T18:18:42Z</time></trkpt><trkpt lat="41.54480004460989" lon="-71.32330993613502"><time>2026-08-09T18:18:43Z</time></trkpt><trkpt lat="41.544829852904975" lon="-71.32328895349653"><time>2026-08-09T18:18:44Z</time></trkpt><trkpt lat="41.544859104772854" lon="-71.32326492627413"><time>2026-08-09T18:18:45Z</time></trkpt><trkpt lat="41.54489110558527" lon="-71.32324281735086"><time>2026-08-09T18:18:46Z</time></trkpt><trkpt lat="41.5449210191009" lon="-71.32322043282021"><time>2026-08-09T18:18:47Z</time></trkpt><trkpt lat="41.54495193910474" lon="-71.32319763302696"><time>2026-08-09T18:18:48Z</time></trkpt><trkpt lat="41.544982496062616" lon="-71.3231715634286"><time>2026-08-09T18:18:49Z</time></trkpt><trkpt lat="41.54503364875899" lon="-71.32313820707412"><time>2026-08-09T18:18:51Z</time></trkpt><trkpt lat="41.54506510130235" lon="-71.32312234918695"><time>2026-08-09T18:18:52Z</time></trkpt><trkpt lat="41.54509909921261" lon="-71.32311158046352"><time>2026-08-09T18:18:53Z</time></trkpt><trkpt lat="41.54512939165026" lon="-71.32308980698468"><time>2026-08-09T18:18:54Z</time></trkpt><trkpt lat="41.54515459460672" lon="-71.32306540984231"><time>2026-08-09T18:18:55Z</time></trkpt><trkpt lat="41.54518649320377" lon="-71.32304355562538"><time>2026-08-09T18:18:56Z</time></trkpt><trkpt lat="41.545211141511" lon="-71.32302184893699"><time>2026-08-09T18:18:57Z</time></trkpt><trkpt lat="41.545254221914476" lon="-71.32301663505284"><time>2026-08-09T18:18:58Z</time></trkpt><trkpt lat="41.54529045748033" lon="-71.32300308391667"><time>2026-08-09T18:18:59Z</time></trkpt><trkpt lat="41.54532269365597" lon="-71.32297985851275"><time>2026-08-09T18:19:00Z</time></trkpt><trkpt lat="41.5453531560878" lon="-71.3229548310247"><time>2026-08-09T18:19:01Z</time></trkpt><trkpt lat="41.545386646211796" lon="-71.32292993525468"><time>2026-08-09T18:19:02Z</time></trkpt><trkpt lat="41.54541882064486" lon="-71.32291499490994"><time>2026-08-09T18:19:03Z</time></trkpt><trkpt lat="41.54545432411892" lon="-71.32289821134366"><time>2026-08-09T18:19:04Z</time></trkpt><trkpt lat="41.54548373441764" lon="-71.32288471589997"><time>2026-08-09T18:19:05Z</time></trkpt><trkpt lat="41.54551773049641" lon="-71.32287569647136"><time>2026-08-09T18:19:06Z</time></trkpt><trkpt lat="41.54554169721535" lon="-71.32286887598963"><time>2026-08-09T18:19:07Z</time></trkpt><trkpt lat="41.545579923950285" lon="-71.3228540652814"><time>2026-08-09T18:19:08Z</time></trkpt><trkpt lat="41.54561683488881" lon="-71.32284078571517"><time>2026-08-09T18:19:09Z</time></trkpt><trkpt lat="41.545641312294684" lon="-71.3228332987022"><time>2026-08-09T18:19:10Z</time></trkpt><trkpt lat="41.54568098971338" lon="-71.32282113415022"><time>2026-08-09T18:19:11Z</time></trkpt><trkpt lat="41.54571301054234" lon="-71.3228124864466"><time>2026-08-09T18:19:12Z</time></trkpt><trkpt lat="41.54573962970529" lon="-71.32280370930464"><time>2026-08-09T18:19:13Z</time></trkpt><trkpt lat="41.54577587616962" lon="-71.32279300609088"><time>2026-08-09T18:19:14Z</time></trkpt><trkpt lat="41.545805017491375" lon="-71.32277000121496"><time>2026-08-09T18:19:15Z</time></trkpt><trkpt lat="41.54583975955287" lon="-71.32276249080118"><time>2026-08-09T18:19:16Z</time></trkpt><trkpt lat="41.545871348373105" lon="-71.3227580092021"><time>2026-08-09T18:19:18Z</time></trkpt><trkpt lat="41.54589785956027" lon="-71.32275827495127"><time>2026-08-09T18:19:19Z</time></trkpt><trkpt lat="41.54594126684241" lon="-71.32277564152186"><time>2026-08-09T18:19:20Z</time></trkpt><trkpt lat="41.54596799952532" lon="-71.3227869643065"><time>2026-08-09T18:19:21Z</time></trkpt><trkpt lat="41.54599433005097" lon="-71.32279607238816"><time>2026-08-09T18:19:22Z</time></trkpt><trkpt lat="41.54602540411002" lon="-71.32280507570282"><time>2026-08-09T18:19:23Z</time></trkpt><trkpt lat="41.546053407682855" lon="-71.32279143027463"><time>2026-08-09T18:19:24Z</time></trkpt><trkpt lat="41.54607618527756" lon="-71.3227966364365"><time>2026-08-09T18:19:25Z</time></trkpt><trkpt lat="41.54611037835734" lon="-71.32280380997187"><time>2026-08-09T18:19:26Z</time></trkpt><trkpt lat="41.54614101244273" lon="-71.32279882958022"><time>2026-08-09T18:19:27Z</time></trkpt><trkpt lat="41.546172680370525" lon="-71.3228088015969"><time>2026-08-09T18:19:28Z</time></trkpt><trkpt lat="41.546202051199955" lon="-71.322811524804"><time>2026-08-09T18:19:29Z</time></trkpt><trkpt lat="41.54622735643179" lon="-71.32281965090266"><time>2026-08-09T18:19:30Z</time></trkpt><trkpt lat="41.54624756773573" lon="-71.32283641227328"><time>2026-08-09T18:19:31Z</time></trkpt><trkpt lat="41.54627110576292" lon="-71.3228473374085"><time>2026-08-09T18:19:32Z</time></trkpt><trkpt lat="41.54629535116261" lon="-71.32286790363776"><time>2026-08-09T18:19:33Z</time></trkpt><trkpt lat="41.54631534237206" lon="-71.32287749885815"><time>2026-08-09T18:19:34Z</time></trkpt><trkpt lat="41.54633964200107" lon="-71.32288726830335"><time>2026-08-09T18:19:35Z</time></trkpt><trkpt lat="41.54636640708119" lon="-71.32288910851545"><time>2026-08-09T18:19:36Z</time></trkpt><trkpt lat="41.54639231277701" lon="-71.32289671602989"><time>2026-08-09T18:19:37Z</time></trkpt><trkpt lat="41.54641519533019" lon="-71.32290029596092"><time>2026-08-09T18:19:38Z</time></trkpt><trkpt lat="41.54644045045811" lon="-71.32290046309086"><time>2026-08-09T18:19:39Z</time></trkpt><trkpt lat="41.54646508747372" lon="-71.3229046541056"><time>2026-08-09T18:19:40Z</time></trkpt><trkpt lat="41.54648996500124" lon="-71.32290952841382"><time>2026-08-09T18:19:41Z</time></trkpt><trkpt lat="41.54651353901858" lon="-71.3229127956437"><time>2026-08-09T18:19:42Z</time></trkpt><trkpt lat="41.54653734619789" lon="-71.3229165119692"><time>2026-08-09T18:19:43Z</time></trkpt><trkpt lat="41.54656260184955" lon="-71.32291890250654"><time>2026-08-09T18:19:44Z</time></trkpt><trkpt lat="41.54658598020004" lon="-71.32292318102104"><time>2026-08-09T18:19:45Z</time></trkpt><trkpt lat="41.54661013974378" lon="-71.3229290309215"><time>2026-08-09T18:19:46Z</time></trkpt><trkpt lat="41.54663510813069" lon="-71.32293149544209"><time>2026-08-09T18:19:47Z</time></trkpt><trkpt lat="41.54665981020064" lon="-71.32293437612411"><time>2026-08-09T18:19:48Z</time></trkpt><trkpt lat="41.546685132704695" lon="-71.32293931199634"><time>2026-08-09T18:19:49Z</time></trkpt><trkpt lat="41.546712124971066" lon="-71.3229406943998"><time>2026-08-09T18:19:50Z</time></trkpt><trkpt lat="41.546738580116525" lon="-71.32294397781382"><time>2026-08-09T18:19:51Z</time></trkpt><trkpt lat="41.54676531912516" lon="-71.32294838300103"><time>2026-08-09T18:19:52Z</time></trkpt><trkpt lat="41.54678836230795" lon="-71.32295648047345"><time>2026-08-09T18:19:53Z</time></trkpt><trkpt lat="41.54683462248461" lon="-71.3229639188001"><time>2026-08-09T18:19:55Z</time></trkpt><trkpt lat="41.54686327000962" lon="-71.32297182865624"><time>2026-08-09T18:19:56Z</time></trkpt><trkpt lat="41.54688034640068" lon="-71.32298577068512"><time>2026-08-09T18:19:57Z</time></trkpt><trkpt lat="41.54690688222619" lon="-71.32298639657962"><time>2026-08-09T18:19:58Z</time></trkpt><trkpt lat="41.546933269801734" lon="-71.32298759581168"><time>2026-08-09T18:19:59Z</time></trkpt><trkpt lat="41.54695734887484" lon="-71.32298884620128"><time>2026-08-09T18:20:00Z</time></trkpt><trkpt lat="41.54698289769598" lon="-71.32299393735475"><time>2026-08-09T18:20:01Z</time></trkpt><trkpt lat="41.547008872180626" lon="-71.3230011621724"><time>2026-08-09T18:20:02Z</time></trkpt><trkpt lat="41.547035656352506" lon="-71.32300605169839"><time>2026-08-09T18:20:03Z</time></trkpt><trkpt lat="41.547061893245825" lon="-71.32301089921452"><time>2026-08-09T18:20:04Z</time></trkpt><trkpt lat="41.54708902178046" lon="-71.3230162201563"><time>2026-08-09T18:20:05Z</time></trkpt><trkpt lat="41.54711643262558" lon="-71.32302104662061"><time>2026-08-09T18:20:06Z</time></trkpt><trkpt lat="41.54714191214354" lon="-71.32302808044524"><time>2026-08-09T18:20:07Z</time></trkpt><trkpt lat="41.54717007700335" lon="-71.32303224161375"><time>2026-08-09T18:20:08Z</time></trkpt><trkpt lat="41.54719910566749" lon="-71.32303998689132"><time>2026-08-09T18:20:09Z</time></trkpt><trkpt lat="41.5472283294799" lon="-71.32304475803336"><time>2026-08-09T18:20:10Z</time></trkpt><trkpt lat="41.54725396498535" lon="-71.3230503122429"><time>2026-08-09T18:20:11Z</time></trkpt><trkpt lat="41.54728156752868" lon="-71.32305545037755"><time>2026-08-09T18:20:12Z</time></trkpt><trkpt lat="41.54730859110264" lon="-71.32306155542145"><time>2026-08-09T18:20:13Z</time></trkpt><trkpt lat="41.54733752262176" lon="-71.3230702120713"><time>2026-08-09T18:20:14Z</time></trkpt><trkpt lat="41.54736548146194" lon="-71.32307668063515"><time>2026-08-09T18:20:15Z</time></trkpt><trkpt lat="41.54739355411825" lon="-71.32308358236382"><time>2026-08-09T18:20:16Z</time></trkpt><trkpt lat="41.547421467884355" lon="-71.32308932605144"><time>2026-08-09T18:20:17Z</time></trkpt><trkpt lat="41.54745187242572" lon="-71.32309784438473"><time>2026-08-09T18:20:18Z</time></trkpt><trkpt lat="41.54748099193216" lon="-71.3231009436824"><time>2026-08-09T18:20:19Z</time></trkpt><trkpt lat="41.54751014745933" lon="-71.32310308731444"><time>2026-08-09T18:20:20Z</time></trkpt><trkpt lat="41.54753825753151" lon="-71.32310745682359"><time>2026-08-09T18:20:21Z</time></trkpt><trkpt lat="41.547566076607026" lon="-71.32311359396049"><time>2026-08-09T18:20:22Z</time></trkpt><trkpt lat="41.5475932034745" lon="-71.32311887821062"><time>2026-08-09T18:20:23Z</time></trkpt><trkpt lat="41.54762078723404" lon="-71.3231236982111"><time>2026-08-09T18:20:24Z</time></trkpt><trkpt lat="41.547648768611495" lon="-71.32312972900793"><time>2026-08-09T18:20:25Z</time></trkpt><trkpt lat="41.547676925425456" lon="-71.3231348857994"><time>2026-08-09T18:20:26Z</time></trkpt><trkpt lat="41.54770712913574" lon="-71.32314029043715"><time>2026-08-09T18:20:27Z</time></trkpt><trkpt lat="41.547736146358965" lon="-71.3231452458637"><time>2026-08-09T18:20:28Z</time></trkpt><trkpt lat="41.54776586617345" lon="-71.32315439535597"><time>2026-08-09T18:20:29Z</time></trkpt><trkpt lat="41.54779504397848" lon="-71.3231610132424"><time>2026-08-09T18:20:30Z</time></trkpt><trkpt lat="41.54782345872916" lon="-71.32316964322153"><time>2026-08-09T18:20:31Z</time></trkpt><trkpt lat="41.54785335865252" lon="-71.32317778082283"><time>2026-08-09T18:20:32Z</time></trkpt><trkpt lat="41.54788395433034" lon="-71.32318364145048"><time>2026-08-09T18:20:33Z</time></trkpt><trkpt lat="41.547914546520914" lon="-71.32319218097295"><time>2026-08-09T18:20:34Z</time></trkpt><trkpt lat="41.547944324680145" lon="-71.32320057697393"><time>2026-08-09T18:20:35Z</time></trkpt><trkpt lat="41.54797166081928" lon="-71.32320856940983"><time>2026-08-09T18:20:36Z</time></trkpt><trkpt lat="41.54800029416172" lon="-71.32322284535599"><time>2026-08-09T18:20:37Z</time></trkpt><trkpt lat="41.54803329061444" lon="-71.32323390746257"><time>2026-08-09T18:20:38Z</time></trkpt><trkpt lat="41.54807228524224" lon="-71.32323870749012"><time>2026-08-09T18:20:39Z</time></trkpt><trkpt lat="41.54809733996295" lon="-71.32325645713921"><time>2026-08-09T18:20:40Z</time></trkpt><trkpt lat="41.54812792115345" lon="-71.32326680973904"><time>2026-08-09T18:20:41Z</time></trkpt><trkpt lat="41.54815307171506" lon="-71.32328354142301"><time>2026-08-09T18:20:42Z</time></trkpt><trkpt lat="41.54818549087593" lon="-71.32329018559354"><time>2026-08-09T18:20:43Z</time></trkpt><trkpt lat="41.54821839744756" lon="-71.32329218632371"><time>2026-08-09T18:20:44Z</time></trkpt><trkpt lat="41.548252415967646" lon="-71.32330984662909"><time>2026-08-09T18:20:45Z</time></trkpt><trkpt lat="41.54828494568114" lon="-71.3233189274819"><time>2026-08-09T18:20:46Z</time></trkpt><trkpt lat="41.54831307145592" lon="-71.32332883315392"><time>2026-08-09T18:20:47Z</time></trkpt><trkpt lat="41.54834260347139" lon="-71.32333369999117"><time>2026-08-09T18:20:48Z</time></trkpt><trkpt lat="41.54836688756583" lon="-71.32333201622399"><time>2026-08-09T18:20:49Z</time></trkpt><trkpt lat="41.5484007570412" lon="-71.32332741494412"><time>2026-08-09T18:20:50Z</time></trkpt><trkpt lat="41.54842882153162" lon="-71.32336836436653"><time>2026-08-09T18:20:51Z</time></trkpt><trkpt lat="41.54846613823178" lon="-71.32338364461474"><time>2026-08-09T18:20:52Z</time></trkpt><trkpt lat="41.548499422257564" lon="-71.32339145316263"><time>2026-08-09T18:20:53Z</time></trkpt><trkpt lat="41.548529130131946" lon="-71.32340212634307"><time>2026-08-09T18:20:54Z</time></trkpt><trkpt lat="41.54855977605523" lon="-71.32341575132152"><time>2026-08-09T18:20:55Z</time></trkpt><trkpt lat="41.5485921403641" lon="-71.3234233133016"><time>2026-08-09T18:20:56Z</time></trkpt><trkpt lat="41.54862632487865" lon="-71.32342803581786"><time>2026-08-09T18:20:57Z</time></trkpt><trkpt lat="41.54865489009791" lon="-71.32345202783861"><time>2026-08-09T18:20:58Z</time></trkpt><trkpt lat="41.54868640574786" lon="-71.32345787702702"><time>2026-08-09T18:20:59Z</time></trkpt><trkpt lat="41.548715874134786" lon="-71.32346864299507"><time>2026-08-09T18:21:00Z</time></trkpt><trkpt lat="41.548743759022614" lon="-71.32348192277935"><time>2026-08-09T18:21:01Z</time></trkpt><trkpt lat="41.548773667056096" lon="-71.32349263477923"><time>2026-08-09T18:21:02Z</time></trkpt><trkpt lat="41.548803817937376" lon="-71.32350145167557"><time>2026-08-09T18:21:03Z</time></trkpt><trkpt lat="41.54883655994892" lon="-71.3235099076833"><time>2026-08-09T18:21:04Z</time></trkpt><trkpt lat="41.54886546750252" lon="-71.32351794960415"><time>2026-08-09T18:21:05Z</time></trkpt><trkpt lat="41.54889354541781" lon="-71.3235265054366"><time>2026-08-09T18:21:06Z</time></trkpt><trkpt lat="41.54892186550582" lon="-71.32353470894404"><time>2026-08-09T18:21:07Z</time></trkpt><trkpt lat="41.548952366849555" lon="-71.3235415283388"><time>2026-08-09T18:21:08Z</time></trkpt><trkpt lat="41.54898274395168" lon="-71.32354850105067"><time>2026-08-09T18:21:09Z</time></trkpt><trkpt lat="41.5490112725559" lon="-71.32355510391584"><time>2026-08-09T18:21:10Z</time></trkpt><trkpt lat="41.54904019896938" lon="-71.32356171662998"><time>2026-08-09T18:21:11Z</time></trkpt><trkpt lat="41.549066414605" lon="-71.32356418258792"><time>2026-08-09T18:21:12Z</time></trkpt><trkpt lat="41.54910385376142" lon="-71.32357554011179"><time>2026-08-09T18:21:13Z</time></trkpt><trkpt lat="41.549131884085675" lon="-71.32357927849088"><time>2026-08-09T18:21:14Z</time></trkpt><trkpt lat="41.54915873185624" lon="-71.32358593188597"><time>2026-08-09T18:21:15Z</time></trkpt><trkpt lat="41.54918717365407" lon="-71.3235917111027"><time>2026-08-09T18:21:16Z</time></trkpt><trkpt lat="41.54921579941493" lon="-71.32359693785632"><time>2026-08-09T18:21:17Z</time></trkpt><trkpt lat="41.549244416366285" lon="-71.32360141111492"><time>2026-08-09T18:21:18Z</time></trkpt><trkpt lat="41.5492741809569" lon="-71.32360711101086"><time>2026-08-09T18:21:19Z</time></trkpt><trkpt lat="41.54930315982624" lon="-71.32361260167816"><time>2026-08-09T18:21:20Z</time></trkpt><trkpt lat="41.54933300734879" lon="-71.32362069576426"><time>2026-08-09T18:21:21Z</time></trkpt><trkpt lat="41.54936131009146" lon="-71.32362830029578"><time>2026-08-09T18:21:22Z</time></trkpt><trkpt lat="41.549389187405076" lon="-71.32363769542359"><time>2026-08-09T18:21:23Z</time></trkpt><trkpt lat="41.54941505726727" lon="-71.32364888138969"><time>2026-08-09T18:21:24Z</time></trkpt><trkpt lat="41.54944407137183" lon="-71.32366052844756"><time>2026-08-09T18:21:25Z</time></trkpt><trkpt lat="41.54947196714454" lon="-71.32367232888332"><time>2026-08-09T18:21:26Z</time></trkpt><trkpt lat="41.54949958083874" lon="-71.32368367232792"><time>2026-08-09T18:21:27Z</time></trkpt><trkpt lat="41.549527625167414" lon="-71.32369601645178"><time>2026-08-09T18:21:28Z</time></trkpt><trkpt lat="41.54955630161404" lon="-71.32370783829657"><time>2026-08-09T18:21:29Z</time></trkpt><trkpt lat="41.54958365827676" lon="-71.32371835782239"><time>2026-08-09T18:21:30Z</time></trkpt><trkpt lat="41.549613063869" lon="-71.32373022447223"><time>2026-08-09T18:21:31Z</time></trkpt><trkpt lat="41.54964141552846" lon="-71.32374043482557"><time>2026-08-09T18:21:32Z</time></trkpt><trkpt lat="41.549669035929966" lon="-71.32375243921642"><time>2026-08-09T18:21:33Z</time></trkpt><trkpt lat="41.54969633913763" lon="-71.32376534468976"><time>2026-08-09T18:21:34Z</time></trkpt><trkpt lat="41.54972400825824" lon="-71.32377886469982"><time>2026-08-09T18:21:35Z</time></trkpt><trkpt lat="41.549751252343455" lon="-71.32379026005526"><time>2026-08-09T18:21:36Z</time></trkpt><trkpt lat="41.5497798165617" lon="-71.3238025414249"><time>2026-08-09T18:21:37Z</time></trkpt><trkpt lat="41.54980666435549" lon="-71.32381634098655"><time>2026-08-09T18:21:38Z</time></trkpt><trkpt lat="41.54983045801387" lon="-71.32383187442473"><time>2026-08-09T18:21:39Z</time></trkpt><trkpt lat="41.54986113317834" lon="-71.32384443251138"><time>2026-08-09T18:21:40Z</time></trkpt><trkpt lat="41.54988509246026" lon="-71.32385958863055"><time>2026-08-09T18:21:41Z</time></trkpt><trkpt lat="41.54990573901169" lon="-71.32387357941776"><time>2026-08-09T18:21:42Z</time></trkpt><trkpt lat="41.54993866031068" lon="-71.32388821874773"><time>2026-08-09T18:21:43Z</time></trkpt><trkpt lat="41.54996468046228" lon="-71.32390063510992"><time>2026-08-09T18:21:44Z</time></trkpt><trkpt lat="41.54999117789896" lon="-71.32391724478487"><time>2026-08-09T18:21:45Z</time></trkpt><trkpt lat="41.55001738819334" lon="-71.32393027357229"><time>2026-08-09T18:21:46Z</time></trkpt><trkpt lat="41.55004390255803" lon="-71.32394558396686"><time>2026-08-09T18:21:47Z</time></trkpt><trkpt lat="41.550071172698125" lon="-71.3239588777868"><time>2026-08-09T18:21:48Z</time></trkpt><trkpt lat="41.55009830151533" lon="-71.32397348364412"><time>2026-08-09T18:21:49Z</time></trkpt><trkpt lat="41.55012490000372" lon="-71.32398675403603"><time>2026-08-09T18:21:50Z</time></trkpt><trkpt lat="41.5501517541263" lon="-71.32400244177707"><time>2026-08-09T18:21:51Z</time></trkpt><trkpt lat="41.55017909224236" lon="-71.32401847306487"><time>2026-08-09T18:21:52Z</time></trkpt><trkpt lat="41.55020523187555" lon="-71.32403196619178"><time>2026-08-09T18:21:53Z</time></trkpt><trkpt lat="41.550230778901366" lon="-71.32405140205184"><time>2026-08-09T18:21:54Z</time></trkpt><trkpt lat="41.550258098956554" lon="-71.32406565715439"><time>2026-08-09T18:21:55Z</time></trkpt><trkpt lat="41.55028683216286" lon="-71.32407772152507"><time>2026-08-09T18:21:56Z</time></trkpt><trkpt lat="41.55031207919701" lon="-71.32409549891337"><time>2026-08-09T18:21:57Z</time></trkpt><trkpt lat="41.550338205214" lon="-71.32411017355312"><time>2026-08-09T18:21:58Z</time></trkpt><trkpt lat="41.55036378834129" lon="-71.32412721337315"><time>2026-08-09T18:21:59Z</time></trkpt><trkpt lat="41.55039182215309" lon="-71.32414322413402"><time>2026-08-09T18:22:00Z</time></trkpt><trkpt lat="41.55042008270342" lon="-71.32415270229703"><time>2026-08-09T18:22:01Z</time></trkpt><trkpt lat="41.550445970884134" lon="-71.32416546193843"><time>2026-08-09T18:22:02Z</time></trkpt><trkpt lat="41.550472881121934" lon="-71.32417935864548"><time>2026-08-09T18:22:03Z</time></trkpt><trkpt lat="41.55049966582838" lon="-71.32419809813554"><time>2026-08-09T18:22:04Z</time></trkpt><trkpt lat="41.55052806595827" lon="-71.3242117324538"><time>2026-08-09T18:22:05Z</time></trkpt><trkpt lat="41.550555458040606" lon="-71.32422055807405"><time>2026-08-09T18:22:06Z</time></trkpt><trkpt lat="41.55058208504797" lon="-71.32423305188101"><time>2026-08-09T18:22:07Z</time></trkpt><trkpt lat="41.55060904667909" lon="-71.32425003458569"><time>2026-08-09T18:22:08Z</time></trkpt><trkpt lat="41.5506361226072" lon="-71.32426431526434"><time>2026-08-09T18:22:09Z</time></trkpt><trkpt lat="41.55066472265165" lon="-71.32427289100735"><time>2026-08-09T18:22:10Z</time></trkpt><trkpt lat="41.55069190915345" lon="-71.32428554179546"><time>2026-08-09T18:22:11Z</time></trkpt><trkpt lat="41.55071817988417" lon="-71.32429577471954"><time>2026-08-09T18:22:12Z</time></trkpt><trkpt lat="41.550745240352285" lon="-71.32430404260043"><time>2026-08-09T18:22:13Z</time></trkpt><trkpt lat="41.55077316279212" lon="-71.32431978564034"><time>2026-08-09T18:22:14Z</time></trkpt><trkpt lat="41.55080002386459" lon="-71.32433742837821"><time>2026-08-09T18:22:15Z</time></trkpt><trkpt lat="41.55082677039274" lon="-71.32435240049459"><time>2026-08-09T18:22:16Z</time></trkpt><trkpt lat="41.550854060137226" lon="-71.32436849038444"><time>2026-08-09T18:22:17Z</time></trkpt><trkpt lat="41.55088086247068" lon="-71.32438586087987"><time>2026-08-09T18:22:18Z</time></trkpt><trkpt lat="41.55090880217524" lon="-71.32440001104496"><time>2026-08-09T18:22:19Z</time></trkpt><trkpt lat="41.55093505968878" lon="-71.32441949390191"><time>2026-08-09T18:22:20Z</time></trkpt><trkpt lat="41.550962625193776" lon="-71.32443640759328"><time>2026-08-09T18:22:21Z</time></trkpt><trkpt lat="41.550991231371675" lon="-71.32445056809824"><time>2026-08-09T18:22:22Z</time></trkpt><trkpt lat="41.551019855311914" lon="-71.32446631839755"><time>2026-08-09T18:22:23Z</time></trkpt><trkpt lat="41.5510485196252" lon="-71.32448082288163"><time>2026-08-09T18:22:24Z</time></trkpt><trkpt lat="41.55107857837" lon="-71.3244949808494"><time>2026-08-09T18:22:25Z</time></trkpt><trkpt lat="41.55111052813947" lon="-71.32451422586186"><time>2026-08-09T18:22:26Z</time></trkpt><trkpt lat="41.551133711484006" lon="-71.32452715767832"><time>2026-08-09T18:22:27Z</time></trkpt><trkpt lat="41.55115979031706" lon="-71.32454147465772"><time>2026-08-09T18:22:28Z</time></trkpt><trkpt lat="41.5511871487259" lon="-71.32455816718834"><time>2026-08-09T18:22:29Z</time></trkpt><trkpt lat="41.55121500441729" lon="-71.32457088012254"><time>2026-08-09T18:22:30Z</time></trkpt><trkpt lat="41.551244168582045" lon="-71.32458531037562"><time>2026-08-09T18:22:31Z</time></trkpt><trkpt lat="41.55127258485734" lon="-71.32459909459209"><time>2026-08-09T18:22:32Z</time></trkpt><trkpt lat="41.55130145320067" lon="-71.32461289582383"><time>2026-08-09T18:22:33Z</time></trkpt><trkpt lat="41.55132835730524" lon="-71.32462768653143"><time>2026-08-09T18:22:34Z</time></trkpt><trkpt lat="41.551357425438944" lon="-71.32464128805347"><time>2026-08-09T18:22:35Z</time></trkpt><trkpt lat="41.55138623461595" lon="-71.32465503036626"><time>2026-08-09T18:22:36Z</time></trkpt><trkpt lat="41.5514150252123" lon="-71.3246679453504"><time>2026-08-09T18:22:37Z</time></trkpt><trkpt lat="41.55144359826323" lon="-71.32468252349996"><time>2026-08-09T18:22:38Z</time></trkpt><trkpt lat="41.551473080225584" lon="-71.3246977763518"><time>2026-08-09T18:22:39Z</time></trkpt><trkpt lat="41.551503030319154" lon="-71.32471364186252"><time>2026-08-09T18:22:40Z</time></trkpt><trkpt lat="41.55153307311879" lon="-71.32472911962648"><time>2026-08-09T18:22:41Z</time></trkpt><trkpt lat="41.55156203825527" lon="-71.32474583504671"><time>2026-08-09T18:22:42Z</time></trkpt><trkpt lat="41.55159428510321" lon="-71.32476291513149"><time>2026-08-09T18:22:43Z</time></trkpt><trkpt lat="41.55162749702969" lon="-71.32478183208019"><time>2026-08-09T18:22:44Z</time></trkpt><trkpt lat="41.5516574760806" lon="-71.32480097484688"><time>2026-08-09T18:22:45Z</time></trkpt><trkpt lat="41.55168046867777" lon="-71.32482158388987"><time>2026-08-09T18:22:46Z</time></trkpt><trkpt lat="41.55171033789579" lon="-71.32483562075741"><time>2026-08-09T18:22:47Z</time></trkpt><trkpt lat="41.55174082305937" lon="-71.32485310327806"><time>2026-08-09T18:22:48Z</time></trkpt><trkpt lat="41.55176916492762" lon="-71.32486885692937"><time>2026-08-09T18:22:49Z</time></trkpt><trkpt lat="41.551800274975555" lon="-71.32488326239805"><time>2026-08-09T18:22:50Z</time></trkpt><trkpt lat="41.55182878853476" lon="-71.32489791992217"><time>2026-08-09T18:22:51Z</time></trkpt><trkpt lat="41.55185997379774" lon="-71.32491282072677"><time>2026-08-09T18:22:52Z</time></trkpt><trkpt lat="41.55188998203736" lon="-71.32492767291423"><time>2026-08-09T18:22:53Z</time></trkpt><trkpt lat="41.551920422909966" lon="-71.32494292298468"><time>2026-08-09T18:22:54Z</time></trkpt><trkpt lat="41.55195117786059" lon="-71.32495714915618"><time>2026-08-09T18:22:55Z</time></trkpt><trkpt lat="41.55198162390042" lon="-71.32497111317205"><time>2026-08-09T18:22:56Z</time></trkpt><trkpt lat="41.55201273544436" lon="-71.32498409858931"><time>2026-08-09T18:22:57Z</time></trkpt><trkpt lat="41.55204234395525" lon="-71.32499641024799"><time>2026-08-09T18:22:58Z</time></trkpt><trkpt lat="41.55207290958927" lon="-71.32500628944588"><time>2026-08-09T18:22:59Z</time></trkpt><trkpt lat="41.552103927222696" lon="-71.32501628552406"><time>2026-08-09T18:23:00Z</time></trkpt><trkpt lat="41.552134962277" lon="-71.32502761433075"><time>2026-08-09T18:23:01Z</time></trkpt><trkpt lat="41.55216601231793" lon="-71.32503722156748"><time>2026-08-09T18:23:02Z</time></trkpt><trkpt lat="41.55219879419229" lon="-71.32504639873606"><time>2026-08-09T18:23:03Z</time></trkpt><trkpt lat="41.55222926173019" lon="-71.32505946648958"><time>2026-08-09T18:23:04Z</time></trkpt><trkpt lat="41.552260053814024" lon="-71.32506722080825"><time>2026-08-09T18:23:05Z</time></trkpt><trkpt lat="41.5522914344854" lon="-71.32507724100066"><time>2026-08-09T18:23:06Z</time></trkpt><trkpt lat="41.552322586360205" lon="-71.32508452433432"><time>2026-08-09T18:23:07Z</time></trkpt><trkpt lat="41.55235261953844" lon="-71.32509289454087"><time>2026-08-09T18:23:08Z</time></trkpt><trkpt lat="41.55238469174822" lon="-71.32510057202234"><time>2026-08-09T18:23:09Z</time></trkpt><trkpt lat="41.55241694974043" lon="-71.32511045437786"><time>2026-08-09T18:23:10Z</time></trkpt><trkpt lat="41.55244821571676" lon="-71.32511263376726"><time>2026-08-09T18:23:11Z</time></trkpt><trkpt lat="41.55248229180814" lon="-71.32514355004969"><time>2026-08-09T18:23:12Z</time></trkpt><trkpt lat="41.55250670865831" lon="-71.32515768975327"><time>2026-08-09T18:23:13Z</time></trkpt><trkpt lat="41.552539703033055" lon="-71.32515393706805"><time>2026-08-09T18:23:14Z</time></trkpt><trkpt lat="41.55256348173716" lon="-71.32515662602825"><time>2026-08-09T18:23:15Z</time></trkpt><trkpt lat="41.552596731767956" lon="-71.3251741461635"><time>2026-08-09T18:23:16Z</time></trkpt><trkpt lat="41.5526195225424" lon="-71.32517989617693"><time>2026-08-09T18:23:17Z</time></trkpt><trkpt lat="41.552656074485846" lon="-71.3251842007217"><time>2026-08-09T18:23:18Z</time></trkpt><trkpt lat="41.5526878192218" lon="-71.32519323190064"><time>2026-08-09T18:23:19Z</time></trkpt><trkpt lat="41.55271760528259" lon="-71.32519998498242"><time>2026-08-09T18:23:20Z</time></trkpt><trkpt lat="41.552749398951654" lon="-71.3252063503333"><time>2026-08-09T18:23:21Z</time></trkpt><trkpt lat="41.5527799691836" lon="-71.3252146583716"><time>2026-08-09T18:23:22Z</time></trkpt><trkpt lat="41.552809559265704" lon="-71.3252235226704"><time>2026-08-09T18:23:23Z</time></trkpt><trkpt lat="41.55284046558694" lon="-71.32523402161092"><time>2026-08-09T18:23:24Z</time></trkpt><trkpt lat="41.55286991334955" lon="-71.32524385201467"><time>2026-08-09T18:23:25Z</time></trkpt><trkpt lat="41.55290061537156" lon="-71.32525515060301"><time>2026-08-09T18:23:26Z</time></trkpt><trkpt lat="41.55293003848784" lon="-71.32526378567599"><time>2026-08-09T18:23:27Z</time></trkpt><trkpt lat="41.55296056859946" lon="-71.32527177234219"><time>2026-08-09T18:23:28Z</time></trkpt><trkpt lat="41.55298950664693" lon="-71.32527674914127"><time>2026-08-09T18:23:29Z</time></trkpt><trkpt lat="41.553020458546676" lon="-71.32528714254458"><time>2026-08-09T18:23:30Z</time></trkpt><trkpt lat="41.55304914857456" lon="-71.32529395495263"><time>2026-08-09T18:23:31Z</time></trkpt><trkpt lat="41.55308007205902" lon="-71.32530298413488"><time>2026-08-09T18:23:32Z</time></trkpt><trkpt lat="41.553110902866216" lon="-71.32531142331871"><time>2026-08-09T18:23:33Z</time></trkpt><trkpt lat="41.55314172385519" lon="-71.32532143278534"><time>2026-08-09T18:23:34Z</time></trkpt><trkpt lat="41.55317181904539" lon="-71.32533056076142"><time>2026-08-09T18:23:35Z</time></trkpt><trkpt lat="41.55320280364261" lon="-71.32533987783961"><time>2026-08-09T18:23:36Z</time></trkpt><trkpt lat="41.55323389364863" lon="-71.32534895363764"><time>2026-08-09T18:23:37Z</time></trkpt><trkpt lat="41.55326426001316" lon="-71.32536004931858"><time>2026-08-09T18:23:38Z</time></trkpt><trkpt lat="41.553294770829496" lon="-71.32537139605948"><time>2026-08-09T18:23:39Z</time></trkpt><trkpt lat="41.55332528966913" lon="-71.3253834739075"><time>2026-08-09T18:23:40Z</time></trkpt><trkpt lat="41.553355641794" lon="-71.32539578523706"><time>2026-08-09T18:23:41Z</time></trkpt><trkpt lat="41.553385995142385" lon="-71.32541149859205"><time>2026-08-09T18:23:42Z</time></trkpt><trkpt lat="41.55341384829856" lon="-71.32542431629197"><time>2026-08-09T18:23:43Z</time></trkpt><trkpt lat="41.55344150930523" lon="-71.32544281302958"><time>2026-08-09T18:23:44Z</time></trkpt><trkpt lat="41.553472145869044" lon="-71.32545944285076"><time>2026-08-09T18:23:45Z</time></trkpt><trkpt lat="41.55350122468714" lon="-71.32547514445552"><time>2026-08-09T18:23:46Z</time></trkpt><trkpt lat="41.55352967892308" lon="-71.32549393333815"><time>2026-08-09T18:23:47Z</time></trkpt><trkpt lat="41.553559172026496" lon="-71.3255129857544"><time>2026-08-09T18:23:48Z</time></trkpt><trkpt lat="41.5535899758171" lon="-71.32553061448465"><time>2026-08-09T18:23:49Z</time></trkpt><trkpt lat="41.55362040982986" lon="-71.32554755364251"><time>2026-08-09T18:23:50Z</time></trkpt><trkpt lat="41.55365068035477" lon="-71.32556144406297"><time>2026-08-09T18:23:51Z</time></trkpt><trkpt lat="41.55368002546618" lon="-71.32557418397299"><time>2026-08-09T18:23:52Z</time></trkpt><trkpt lat="41.553710754162964" lon="-71.3255872497631"><time>2026-08-09T18:23:53Z</time></trkpt><trkpt lat="41.553741547428885" lon="-71.32560080091108"><time>2026-08-09T18:23:54Z</time></trkpt><trkpt lat="41.55377190289981" lon="-71.32561381740695"><time>2026-08-09T18:23:55Z</time></trkpt><trkpt lat="41.55380302258903" lon="-71.32562948630951"><time>2026-08-09T18:23:56Z</time></trkpt><trkpt lat="41.55383279957007" lon="-71.3256460431939"><time>2026-08-09T18:23:57Z</time></trkpt><trkpt lat="41.55386384386633" lon="-71.32566003077065"><time>2026-08-09T18:23:58Z</time></trkpt><trkpt lat="41.55389531756432" lon="-71.3256755938562"><time>2026-08-09T18:23:59Z</time></trkpt><trkpt lat="41.55392451484975" lon="-71.32569119269914"><time>2026-08-09T18:24:00Z</time></trkpt><trkpt lat="41.55395667835585" lon="-71.3257067739791"><time>2026-08-09T18:24:01Z</time></trkpt><trkpt lat="41.5539891062972" lon="-71.32572324941013"><time>2026-08-09T18:24:02Z</time></trkpt><trkpt lat="41.554020318589906" lon="-71.32573595494713"><time>2026-08-09T18:24:03Z</time></trkpt><trkpt lat="41.55405204412453" lon="-71.32574832049386"><time>2026-08-09T18:24:04Z</time></trkpt><trkpt lat="41.55408459292744" lon="-71.32575804064489"><time>2026-08-09T18:24:05Z</time></trkpt><trkpt lat="41.55412247115524" lon="-71.32576047450733"><time>2026-08-09T18:24:06Z</time></trkpt><trkpt lat="41.554146232859644" lon="-71.32576638780205"><time>2026-08-09T18:24:07Z</time></trkpt><trkpt lat="41.55417019506195" lon="-71.32579017947425"><time>2026-08-09T18:24:08Z</time></trkpt><trkpt lat="41.55420250407038" lon="-71.32579419810308"><time>2026-08-09T18:24:09Z</time></trkpt><trkpt lat="41.55422559511788" lon="-71.32580468777715"><time>2026-08-09T18:24:10Z</time></trkpt><trkpt lat="41.55426973186807" lon="-71.32581320841463"><time>2026-08-09T18:24:11Z</time></trkpt><trkpt lat="41.55430371545901" lon="-71.32583211919399"><time>2026-08-09T18:24:12Z</time></trkpt><trkpt lat="41.55433153890149" lon="-71.32584383398749"><time>2026-08-09T18:24:13Z</time></trkpt><trkpt lat="41.55435990049108" lon="-71.3258585230648"><time>2026-08-09T18:24:14Z</time></trkpt><trkpt lat="41.55439449044125" lon="-71.32586216914478"><time>2026-08-09T18:24:15Z</time></trkpt><trkpt lat="41.55441749522962" lon="-71.32586977414857"><time>2026-08-09T18:24:16Z</time></trkpt><trkpt lat="41.55445214592851" lon="-71.32588141595163"><time>2026-08-09T18:24:17Z</time></trkpt><trkpt lat="41.55448528718321" lon="-71.32589591734857"><time>2026-08-09T18:24:18Z</time></trkpt><trkpt lat="41.55451570558259" lon="-71.32590840388897"><time>2026-08-09T18:24:19Z</time></trkpt><trkpt lat="41.55454633530546" lon="-71.32592052798648"><time>2026-08-09T18:24:20Z</time></trkpt><trkpt lat="41.5545786905327" lon="-71.32593420340966"><time>2026-08-09T18:24:21Z</time></trkpt><trkpt lat="41.55461067120493" lon="-71.32594468443594"><time>2026-08-09T18:24:22Z</time></trkpt><trkpt lat="41.554643316054964" lon="-71.32595500617514"><time>2026-08-09T18:24:23Z</time></trkpt><trkpt lat="41.554675274912405" lon="-71.32596656099047"><time>2026-08-09T18:24:24Z</time></trkpt><trkpt lat="41.55470890413444" lon="-71.32597994458843"><time>2026-08-09T18:24:25Z</time></trkpt><trkpt lat="41.55473545093601" lon="-71.32599062145243"><time>2026-08-09T18:24:26Z</time></trkpt><trkpt lat="41.55476631952698" lon="-71.32600572244141"><time>2026-08-09T18:24:27Z</time></trkpt><trkpt lat="41.554797520663655" lon="-71.32601743063401"><time>2026-08-09T18:24:28Z</time></trkpt><trkpt lat="41.554828689343225" lon="-71.32602904996567"><time>2026-08-09T18:24:29Z</time></trkpt><trkpt lat="41.55485958418653" lon="-71.32603999441353"><time>2026-08-09T18:24:30Z</time></trkpt><trkpt lat="41.554892843485995" lon="-71.3260477878563"><time>2026-08-09T18:24:31Z</time></trkpt><trkpt lat="41.554930435359665" lon="-71.3260553996698"><time>2026-08-09T18:24:32Z</time></trkpt><trkpt lat="41.55496755948462" lon="-71.32607013583122"><time>2026-08-09T18:24:33Z</time></trkpt><trkpt lat="41.55499249459769" lon="-71.32608504336368"><time>2026-08-09T18:24:34Z</time></trkpt><trkpt lat="41.555028425271956" lon="-71.32609789114808"><time>2026-08-09T18:24:35Z</time></trkpt><trkpt lat="41.55505402040473" lon="-71.32611172368739"><time>2026-08-09T18:24:36Z</time></trkpt><trkpt lat="41.55508384385291" lon="-71.32612174337771"><time>2026-08-09T18:24:37Z</time></trkpt><trkpt lat="41.55511160663899" lon="-71.32613471888041"><time>2026-08-09T18:24:38Z</time></trkpt><trkpt lat="41.55514121005138" lon="-71.32614737358482"><time>2026-08-09T18:24:39Z</time></trkpt><trkpt lat="41.55517152454364" lon="-71.32615991742861"><time>2026-08-09T18:24:40Z</time></trkpt><trkpt lat="41.55520061655555" lon="-71.3261738101886"><time>2026-08-09T18:24:41Z</time></trkpt><trkpt lat="41.55522993362626" lon="-71.32618610020114"><time>2026-08-09T18:24:42Z</time></trkpt><trkpt lat="41.55525990509085" lon="-71.32619886393947"><time>2026-08-09T18:24:43Z</time></trkpt><trkpt lat="41.55529113336383" lon="-71.32620959279632"><time>2026-08-09T18:24:44Z</time></trkpt><trkpt lat="41.55532144103176" lon="-71.32622095341256"><time>2026-08-09T18:24:45Z</time></trkpt><trkpt lat="41.55535168935575" lon="-71.32623076107568"><time>2026-08-09T18:24:46Z</time></trkpt><trkpt lat="41.55538241057924" lon="-71.32624219525349"><time>2026-08-09T18:24:47Z</time></trkpt><trkpt lat="41.55541304568911" lon="-71.32625220695617"><time>2026-08-09T18:24:48Z</time></trkpt><trkpt lat="41.555444712761926" lon="-71.32626127589192"><time>2026-08-09T18:24:49Z</time></trkpt><trkpt lat="41.55547520061853" lon="-71.32627138996517"><time>2026-08-09T18:24:50Z</time></trkpt><trkpt lat="41.55550646625246" lon="-71.32628723315945"><time>2026-08-09T18:24:51Z</time></trkpt><trkpt lat="41.555533389064955" lon="-71.32628803094237"><time>2026-08-09T18:24:52Z</time></trkpt><trkpt lat="41.55556283569647" lon="-71.32629721702777"><time>2026-08-09T18:24:53Z</time></trkpt><trkpt lat="41.55559441428268" lon="-71.32630718456394"><time>2026-08-09T18:24:54Z</time></trkpt><trkpt lat="41.55562279199352" lon="-71.32631538568722"><time>2026-08-09T18:24:55Z</time></trkpt><trkpt lat="41.55565151032949" lon="-71.32632387099396"><time>2026-08-09T18:24:56Z</time></trkpt><trkpt lat="41.55567929178879" lon="-71.32633242208108"><time>2026-08-09T18:24:57Z</time></trkpt><trkpt lat="41.55570929859211" lon="-71.32633956308797"><time>2026-08-09T18:24:58Z</time></trkpt><trkpt lat="41.55573587160374" lon="-71.32634840229586"><time>2026-08-09T18:24:59Z</time></trkpt><trkpt lat="41.55576530160953" lon="-71.3263567099203"><time>2026-08-09T18:25:00Z</time></trkpt><trkpt lat="41.555793835981575" lon="-71.32636480400876"><time>2026-08-09T18:25:01Z</time></trkpt><trkpt lat="41.555820381984056" lon="-71.32637337670509"><time>2026-08-09T18:25:02Z</time></trkpt><trkpt lat="41.555849397839616" lon="-71.32638245938317"><time>2026-08-09T18:25:03Z</time></trkpt><trkpt lat="41.55587589261065" lon="-71.32638922477979"><time>2026-08-09T18:25:04Z</time></trkpt><trkpt lat="41.55590589808439" lon="-71.32639660468591"><time>2026-08-09T18:25:05Z</time></trkpt><trkpt lat="41.55593311171913" lon="-71.3264054403819"><time>2026-08-09T18:25:06Z</time></trkpt><trkpt lat="41.555961187009125" lon="-71.32641129842904"><time>2026-08-09T18:25:07Z</time></trkpt><trkpt lat="41.55599106683077" lon="-71.32641671222466"><time>2026-08-09T18:25:08Z</time></trkpt><trkpt lat="41.5560203734542" lon="-71.32642859825748"><time>2026-08-09T18:25:09Z</time></trkpt><trkpt lat="41.55604591189298" lon="-71.3264367676993"><time>2026-08-09T18:25:10Z</time></trkpt><trkpt lat="41.55606994154831" lon="-71.32644724682221"><time>2026-08-09T18:25:11Z</time></trkpt><trkpt lat="41.55610017557433" lon="-71.32645341224321"><time>2026-08-09T18:25:12Z</time></trkpt><trkpt lat="41.55612724155889" lon="-71.32645643595482"><time>2026-08-09T18:25:13Z</time></trkpt><trkpt lat="41.556154631261464" lon="-71.32646187270382"><time>2026-08-09T18:25:14Z</time></trkpt><trkpt lat="41.55618444136268" lon="-71.32646127031796"><time>2026-08-09T18:25:15Z</time></trkpt><trkpt lat="41.55621507397165" lon="-71.32646431383426"><time>2026-08-09T18:25:16Z</time></trkpt><trkpt lat="41.556257464684904" lon="-71.32646802003009"><time>2026-08-09T18:25:18Z</time></trkpt><trkpt lat="41.55629482974251" lon="-71.3264656819069"><time>2026-08-09T18:25:19Z</time></trkpt><trkpt lat="41.556319035804144" lon="-71.32645798482736"><time>2026-08-09T18:25:20Z</time></trkpt><trkpt lat="41.5563629804398" lon="-71.32643317619151"><time>2026-08-09T18:25:21Z</time></trkpt><trkpt lat="41.55639060852073" lon="-71.32640971343976"><time>2026-08-09T18:25:23Z</time></trkpt><trkpt lat="41.55640857259461" lon="-71.32639958643253"><time>2026-08-09T18:25:24Z</time></trkpt><trkpt lat="41.556428811604995" lon="-71.32638407457274"><time>2026-08-09T18:25:25Z</time></trkpt><trkpt lat="41.55645764237422" lon="-71.32636953088686"><time>2026-08-09T18:25:26Z</time></trkpt><trkpt lat="41.55648106530871" lon="-71.32635682316973"><time>2026-08-09T18:25:27Z</time></trkpt><trkpt lat="41.556505523362546" lon="-71.32634754530186"><time>2026-08-09T18:25:28Z</time></trkpt><trkpt lat="41.55652331563961" lon="-71.32634361942871"><time>2026-08-09T18:25:29Z</time></trkpt><trkpt lat="41.55655064710205" lon="-71.32633885369142"><time>2026-08-09T18:25:30Z</time></trkpt><trkpt lat="41.556571083306515" lon="-71.3263207940416"><time>2026-08-09T18:25:31Z</time></trkpt><trkpt lat="41.5565936801232" lon="-71.32630335447321"><time>2026-08-09T18:25:32Z</time></trkpt><trkpt lat="41.5566219235654" lon="-71.326272042951"><time>2026-08-09T18:25:33Z</time></trkpt><trkpt lat="41.55664837735155" lon="-71.32622905381955"><time>2026-08-09T18:25:35Z</time></trkpt><trkpt lat="41.556665145906635" lon="-71.32620040112204"><time>2026-08-09T18:25:36Z</time></trkpt><trkpt lat="41.556694254120124" lon="-71.32617784178919"><time>2026-08-09T18:25:38Z</time></trkpt><trkpt lat="41.55673422215554" lon="-71.32616174406284"><time>2026-08-09T18:25:39Z</time></trkpt><trkpt lat="41.55676888816998" lon="-71.32613445254646"><time>2026-08-09T18:25:41Z</time></trkpt><trkpt lat="41.55679993780161" lon="-71.32612323301781"><time>2026-08-09T18:25:42Z</time></trkpt><trkpt lat="41.55682272042751" lon="-71.32610646891705"><time>2026-08-09T18:25:43Z</time></trkpt><trkpt lat="41.55684596078656" lon="-71.32609040278643"><time>2026-08-09T18:25:44Z</time></trkpt><trkpt lat="41.55687672117018" lon="-71.32607197146565"><time>2026-08-09T18:25:45Z</time></trkpt><trkpt lat="41.55691400628469" lon="-71.32606511674177"><time>2026-08-09T18:25:47Z</time></trkpt><trkpt lat="41.55693631092823" lon="-71.32603948330748"><time>2026-08-09T18:25:48Z</time></trkpt><trkpt lat="41.556959191860024" lon="-71.3260215895322"><time>2026-08-09T18:25:49Z</time></trkpt><trkpt lat="41.556989105307316" lon="-71.32600200860838"><time>2026-08-09T18:25:50Z</time></trkpt><trkpt lat="41.5570072173459" lon="-71.32597851435213"><time>2026-08-09T18:25:51Z</time></trkpt><trkpt lat="41.55703559135182" lon="-71.32595180499793"><time>2026-08-09T18:25:52Z</time></trkpt><trkpt lat="41.55706410394044" lon="-71.32592272802133"><time>2026-08-09T18:25:53Z</time></trkpt><trkpt lat="41.55709205976422" lon="-71.32592467453604"><time>2026-08-09T18:25:54Z</time></trkpt><trkpt lat="41.5571106891974" lon="-71.32590904364291"><time>2026-08-09T18:25:55Z</time></trkpt><trkpt lat="41.557140792113344" lon="-71.325899188539"><time>2026-08-09T18:25:56Z</time></trkpt><trkpt lat="41.55716197982878" lon="-71.32587904054091"><time>2026-08-09T18:25:57Z</time></trkpt><trkpt lat="41.557188693006054" lon="-71.32586157377926"><time>2026-08-09T18:25:58Z</time></trkpt><trkpt lat="41.55721050334627" lon="-71.32584666688926"><time>2026-08-09T18:25:59Z</time></trkpt><trkpt lat="41.557244441556996" lon="-71.32583872649857"><time>2026-08-09T18:26:00Z</time></trkpt><trkpt lat="41.55725936948818" lon="-71.32581679110277"><time>2026-08-09T18:26:01Z</time></trkpt><trkpt lat="41.557283571390066" lon="-71.3258075244242"><time>2026-08-09T18:26:02Z</time></trkpt><trkpt lat="41.55731036858801" lon="-71.32580987279603"><time>2026-08-09T18:26:03Z</time></trkpt><trkpt lat="41.55733556819048" lon="-71.32577198102778"><time>2026-08-09T18:26:04Z</time></trkpt><trkpt lat="41.55736239899003" lon="-71.32575339133885"><time>2026-08-09T18:26:05Z</time></trkpt><trkpt lat="41.55738351669005" lon="-71.32574525713791"><time>2026-08-09T18:26:06Z</time></trkpt><trkpt lat="41.557412450945215" lon="-71.32573216346799"><time>2026-08-09T18:26:07Z</time></trkpt><trkpt lat="41.55745512892619" lon="-71.3257016375633"><time>2026-08-09T18:26:09Z</time></trkpt><trkpt lat="41.55748005321065" lon="-71.3256742742482"><time>2026-08-09T18:26:10Z</time></trkpt><trkpt lat="41.55749848990574" lon="-71.3256762268341"><time>2026-08-09T18:26:11Z</time></trkpt><trkpt lat="41.557529651190315" lon="-71.32564781613307"><time>2026-08-09T18:26:12Z</time></trkpt><trkpt lat="41.55755778633109" lon="-71.32564776934012"><time>2026-08-09T18:26:13Z</time></trkpt><trkpt lat="41.55758171187171" lon="-71.32561943874444"><time>2026-08-09T18:26:14Z</time></trkpt><trkpt lat="41.55761217952003" lon="-71.32561612958777"><time>2026-08-09T18:26:15Z</time></trkpt><trkpt lat="41.55762883730546" lon="-71.325594362307"><time>2026-08-09T18:26:16Z</time></trkpt><trkpt lat="41.557665402767256" lon="-71.32558827136955"><time>2026-08-09T18:26:17Z</time></trkpt><trkpt lat="41.55769386112227" lon="-71.3255645201157"><time>2026-08-09T18:26:18Z</time></trkpt><trkpt lat="41.55771220746642" lon="-71.32555791503172"><time>2026-08-09T18:26:19Z</time></trkpt><trkpt lat="41.55774221103068" lon="-71.32554507858791"><time>2026-08-09T18:26:20Z</time></trkpt><trkpt lat="41.5577651254134" lon="-71.32552325207641"><time>2026-08-09T18:26:21Z</time></trkpt><trkpt lat="41.557799951061945" lon="-71.32550493402039"><time>2026-08-09T18:26:22Z</time></trkpt><trkpt lat="41.55782160858922" lon="-71.32548818919686"><time>2026-08-09T18:26:23Z</time></trkpt><trkpt lat="41.55784664885769" lon="-71.32547275165557"><time>2026-08-09T18:26:24Z</time></trkpt><trkpt lat="41.557877043600506" lon="-71.32545648738348"><time>2026-08-09T18:26:25Z</time></trkpt><trkpt lat="41.55789281068184" lon="-71.32543738658741"><time>2026-08-09T18:26:26Z</time></trkpt><trkpt lat="41.557923607218434" lon="-71.32542628724887"><time>2026-08-09T18:26:27Z</time></trkpt><trkpt lat="41.55794984066637" lon="-71.32540718456967"><time>2026-08-09T18:26:28Z</time></trkpt><trkpt lat="41.55797545441028" lon="-71.32538838916537"><time>2026-08-09T18:26:29Z</time></trkpt><trkpt lat="41.5580064138575" lon="-71.32537654317554"><time>2026-08-09T18:26:30Z</time></trkpt><trkpt lat="41.558033080114015" lon="-71.32537228910012"><time>2026-08-09T18:26:31Z</time></trkpt><trkpt lat="41.55805321051673" lon="-71.32536623401192"><time>2026-08-09T18:26:32Z</time></trkpt><trkpt lat="41.55808336455701" lon="-71.32532998930942"><time>2026-08-09T18:26:33Z</time></trkpt><trkpt lat="41.55810498766411" lon="-71.32533612818777"><time>2026-08-09T18:26:34Z</time></trkpt><trkpt lat="41.55812905838474" lon="-71.32531590631997"><time>2026-08-09T18:26:35Z</time></trkpt><trkpt lat="41.55816029978056" lon="-71.32530953320675"><time>2026-08-09T18:26:36Z</time></trkpt><trkpt lat="41.55819121806314" lon="-71.32528585597632"><time>2026-08-09T18:26:37Z</time></trkpt><trkpt lat="41.558214766871636" lon="-71.32527653312567"><time>2026-08-09T18:26:38Z</time></trkpt><trkpt lat="41.55823891895162" lon="-71.32526497897722"><time>2026-08-09T18:26:39Z</time></trkpt><trkpt lat="41.558262587332884" lon="-71.32524914856914"><time>2026-08-09T18:26:40Z</time></trkpt><trkpt lat="41.55828574096457" lon="-71.32522876011915"><time>2026-08-09T18:26:41Z</time></trkpt><trkpt lat="41.55831157956977" lon="-71.32520918747653"><time>2026-08-09T18:26:42Z</time></trkpt><trkpt lat="41.55833540704992" lon="-71.32520055152439"><time>2026-08-09T18:26:43Z</time></trkpt><trkpt lat="41.5583767499537" lon="-71.32517126099827"><time>2026-08-09T18:26:45Z</time></trkpt><trkpt lat="41.55841055648014" lon="-71.32515343112885"><time>2026-08-09T18:26:46Z</time></trkpt><trkpt lat="41.5584581306739" lon="-71.32514107713233"><time>2026-08-09T18:26:48Z</time></trkpt><trkpt lat="41.55848828765091" lon="-71.32513709403443"><time>2026-08-09T18:26:49Z</time></trkpt><trkpt lat="41.55850672537023" lon="-71.32512204221182"><time>2026-08-09T18:26:50Z</time></trkpt><trkpt lat="41.55853913125253" lon="-71.32510614561285"><time>2026-08-09T18:26:51Z</time></trkpt><trkpt lat="41.55856085928494" lon="-71.32510521714082"><time>2026-08-09T18:26:52Z</time></trkpt><trkpt lat="41.558587736136616" lon="-71.32509827853242"><time>2026-08-09T18:26:53Z</time></trkpt><trkpt lat="41.55861439565463" lon="-71.32508563553473"><time>2026-08-09T18:26:54Z</time></trkpt><trkpt lat="41.55863650524384" lon="-71.32506755223214"><time>2026-08-09T18:26:55Z</time></trkpt><trkpt lat="41.55865551163612" lon="-71.32504543194007"><time>2026-08-09T18:26:56Z</time></trkpt><trkpt lat="41.55866701503779" lon="-71.3250202919009"><time>2026-08-09T18:26:57Z</time></trkpt><trkpt lat="41.55867835880603" lon="-71.32498265678596"><time>2026-08-09T18:26:58Z</time></trkpt><trkpt lat="41.55869271070312" lon="-71.32495623364915"><time>2026-08-09T18:26:59Z</time></trkpt><trkpt lat="41.558701714520055" lon="-71.32492604381272"><time>2026-08-09T18:27:00Z</time></trkpt><trkpt lat="41.55870452483834" lon="-71.32489148741172"><time>2026-08-09T18:27:01Z</time></trkpt><trkpt lat="41.55870867145943" lon="-71.32485786750716"><time>2026-08-09T18:27:02Z</time></trkpt><trkpt lat="41.55871121859995" lon="-71.32482583101321"><time>2026-08-09T18:27:03Z</time></trkpt><trkpt lat="41.558707992506676" lon="-71.32479135327442"><time>2026-08-09T18:27:04Z</time></trkpt><trkpt lat="41.558701458486865" lon="-71.32475971743939"><time>2026-08-09T18:27:05Z</time></trkpt><trkpt lat="41.55869765648435" lon="-71.32473031981894"><time>2026-08-09T18:27:06Z</time></trkpt><trkpt lat="41.55868970125393" lon="-71.32470023810949"><time>2026-08-09T18:27:07Z</time></trkpt><trkpt lat="41.55868060980679" lon="-71.3246716429728"><time>2026-08-09T18:27:08Z</time></trkpt><trkpt lat="41.55866854007855" lon="-71.32464581447299"><time>2026-08-09T18:27:09Z</time></trkpt><trkpt lat="41.5586550963054" lon="-71.32462127798568"><time>2026-08-09T18:27:10Z</time></trkpt><trkpt lat="41.5586388061041" lon="-71.3246018559632"><time>2026-08-09T18:27:11Z</time></trkpt><trkpt lat="41.55861894050319" lon="-71.32458418826758"><time>2026-08-09T18:27:12Z</time></trkpt><trkpt lat="41.55860661280693" lon="-71.32456667274921"><time>2026-08-09T18:27:13Z</time></trkpt><trkpt lat="41.55858695200197" lon="-71.3245507978875"><time>2026-08-09T18:27:14Z</time></trkpt><trkpt lat="41.55855275259275" lon="-71.32453635995881"><time>2026-08-09T18:27:16Z</time></trkpt><trkpt lat="41.55852473892177" lon="-71.3244874509806"><time>2026-08-09T18:27:18Z</time></trkpt><trkpt lat="41.55851416378293" lon="-71.32446283437518"><time>2026-08-09T18:27:19Z</time></trkpt><trkpt lat="41.55849331989416" lon="-71.32445084291338"><time>2026-08-09T18:27:20Z</time></trkpt><trkpt lat="41.558474829264" lon="-71.3244299511999"><time>2026-08-09T18:27:21Z</time></trkpt><trkpt lat="41.55845576094435" lon="-71.324407917836"><time>2026-08-09T18:27:22Z</time></trkpt><trkpt lat="41.55844031825858" lon="-71.3243874400567"><time>2026-08-09T18:27:23Z</time></trkpt><trkpt lat="41.558421667002634" lon="-71.32436805513001"><time>2026-08-09T18:27:24Z</time></trkpt><trkpt lat="41.55840443230056" lon="-71.32434765390234"><time>2026-08-09T18:27:25Z</time></trkpt><trkpt lat="41.558386967976325" lon="-71.32432319378118"><time>2026-08-09T18:27:26Z</time></trkpt><trkpt lat="41.55837280361526" lon="-71.32429986563345"><time>2026-08-09T18:27:27Z</time></trkpt><trkpt lat="41.558355977114864" lon="-71.32427844454199"><time>2026-08-09T18:27:28Z</time></trkpt><trkpt lat="41.558337479870524" lon="-71.32426033538331"><time>2026-08-09T18:27:29Z</time></trkpt><trkpt lat="41.55831771923438" lon="-71.32424399195621"><time>2026-08-09T18:27:30Z</time></trkpt><trkpt lat="41.55829883372582" lon="-71.32421687410782"><time>2026-08-09T18:27:31Z</time></trkpt><trkpt lat="41.558280589161306" lon="-71.32419303535707"><time>2026-08-09T18:27:32Z</time></trkpt><trkpt lat="41.55826479294762" lon="-71.32417185625152"><time>2026-08-09T18:27:33Z</time></trkpt><trkpt lat="41.558245200903905" lon="-71.32414868919867"><time>2026-08-09T18:27:34Z</time></trkpt><trkpt lat="41.55822788558516" lon="-71.32412461918477"><time>2026-08-09T18:27:35Z</time></trkpt><trkpt lat="41.55821069662602" lon="-71.32409594676776"><time>2026-08-09T18:27:36Z</time></trkpt><trkpt lat="41.55819326369993" lon="-71.3240678905553"><time>2026-08-09T18:27:37Z</time></trkpt><trkpt lat="41.55817436007683" lon="-71.3240413653301"><time>2026-08-09T18:27:38Z</time></trkpt><trkpt lat="41.55815408810569" lon="-71.32401574701653"><time>2026-08-09T18:27:39Z</time></trkpt><trkpt lat="41.55813361140886" lon="-71.32398926769885"><time>2026-08-09T18:27:40Z</time></trkpt><trkpt lat="41.55811347515339" lon="-71.32396331791199"><time>2026-08-09T18:27:41Z</time></trkpt><trkpt lat="41.55809381831889" lon="-71.32393541669407"><time>2026-08-09T18:27:42Z</time></trkpt><trkpt lat="41.558073336007965" lon="-71.3239073822343"><time>2026-08-09T18:27:43Z</time></trkpt><trkpt lat="41.558053001283064" lon="-71.3238799135603"><time>2026-08-09T18:27:44Z</time></trkpt><trkpt lat="41.558033193352856" lon="-71.32385178323898"><time>2026-08-09T18:27:45Z</time></trkpt><trkpt lat="41.558012787387646" lon="-71.3238225729687"><time>2026-08-09T18:27:46Z</time></trkpt><trkpt lat="41.55799333640726" lon="-71.32379232018545"><time>2026-08-09T18:27:47Z</time></trkpt><trkpt lat="41.55797286580053" lon="-71.32376209577795"><time>2026-08-09T18:27:48Z</time></trkpt><trkpt lat="41.55795248993475" lon="-71.32372879017575"><time>2026-08-09T18:27:49Z</time></trkpt><trkpt lat="41.55792603390257" lon="-71.3236960072058"><time>2026-08-09T18:27:50Z</time></trkpt><trkpt lat="41.55790261900623" lon="-71.32367133613786"><time>2026-08-09T18:27:51Z</time></trkpt><trkpt lat="41.557875210968284" lon="-71.3236482309131"><time>2026-08-09T18:27:52Z</time></trkpt><trkpt lat="41.557855297428304" lon="-71.32362083899453"><time>2026-08-09T18:27:53Z</time></trkpt><trkpt lat="41.557838673867806" lon="-71.32358923093466"><time>2026-08-09T18:27:54Z</time></trkpt><trkpt lat="41.557815676110664" lon="-71.32356193235489"><time>2026-08-09T18:27:55Z</time></trkpt><trkpt lat="41.55778565758885" lon="-71.3235345630508"><time>2026-08-09T18:27:56Z</time></trkpt><trkpt lat="41.5577613331488" lon="-71.32351026374242"><time>2026-08-09T18:27:57Z</time></trkpt><trkpt lat="41.55773661786434" lon="-71.32348420387471"><time>2026-08-09T18:27:58Z</time></trkpt><trkpt lat="41.55771206138824" lon="-71.32345988493879"><time>2026-08-09T18:27:59Z</time></trkpt><trkpt lat="41.557686511217376" lon="-71.32343603520405"><time>2026-08-09T18:28:00Z</time></trkpt><trkpt lat="41.55766149775378" lon="-71.32341204041451"><time>2026-08-09T18:28:01Z</time></trkpt><trkpt lat="41.557637068489534" lon="-71.32338928542227"><time>2026-08-09T18:28:02Z</time></trkpt><trkpt lat="41.55760919461505" lon="-71.3233658656118"><time>2026-08-09T18:28:03Z</time></trkpt><trkpt lat="41.55758554675548" lon="-71.32333956346521"><time>2026-08-09T18:28:04Z</time></trkpt><trkpt lat="41.55755323515469" lon="-71.32331186990267"><time>2026-08-09T18:28:05Z</time></trkpt><trkpt lat="41.55752365766137" lon="-71.32328529767817"><time>2026-08-09T18:28:06Z</time></trkpt><trkpt lat="41.55749264142561" lon="-71.32327148923909"><time>2026-08-09T18:28:07Z</time></trkpt><trkpt lat="41.557472737158164" lon="-71.3232448754699"><time>2026-08-09T18:28:08Z</time></trkpt><trkpt lat="41.557446160118204" lon="-71.32321623581632"><time>2026-08-09T18:28:09Z</time></trkpt><trkpt lat="41.557421443474446" lon="-71.32318982280627"><time>2026-08-09T18:28:10Z</time></trkpt><trkpt lat="41.557395241473486" lon="-71.32316475735419"><time>2026-08-09T18:28:11Z</time></trkpt><trkpt lat="41.55736771856539" lon="-71.32314021204809"><time>2026-08-09T18:28:12Z</time></trkpt><trkpt lat="41.55733885764271" lon="-71.32311504216682"><time>2026-08-09T18:28:13Z</time></trkpt><trkpt lat="41.55730792218448" lon="-71.32308901072581"><time>2026-08-09T18:28:14Z</time></trkpt><trkpt lat="41.55728429378642" lon="-71.32306572590298"><time>2026-08-09T18:28:15Z</time></trkpt><trkpt lat="41.557257567965" lon="-71.32304296160913"><time>2026-08-09T18:28:16Z</time></trkpt><trkpt lat="41.55723012836489" lon="-71.3230259942382"><time>2026-08-09T18:28:17Z</time></trkpt><trkpt lat="41.55720223411262" lon="-71.32299966062368"><time>2026-08-09T18:28:18Z</time></trkpt><trkpt lat="41.55717525953492" lon="-71.32297748459465"><time>2026-08-09T18:28:19Z</time></trkpt><trkpt lat="41.55714893255877" lon="-71.32295326183794"><time>2026-08-09T18:28:20Z</time></trkpt><trkpt lat="41.557123979893504" lon="-71.3229287168247"><time>2026-08-09T18:28:21Z</time></trkpt><trkpt lat="41.55709783105961" lon="-71.32290560062198"><time>2026-08-09T18:28:22Z</time></trkpt><trkpt lat="41.55707303755037" lon="-71.32288043601312"><time>2026-08-09T18:28:23Z</time></trkpt><trkpt lat="41.55704772337561" lon="-71.32285556249641"><time>2026-08-09T18:28:24Z</time></trkpt><trkpt lat="41.557023221276786" lon="-71.32283073948702"><time>2026-08-09T18:28:25Z</time></trkpt><trkpt lat="41.55699833202538" lon="-71.32280403395306"><time>2026-08-09T18:28:26Z</time></trkpt><trkpt lat="41.55697418835559" lon="-71.32277659270899"><time>2026-08-09T18:28:27Z</time></trkpt><trkpt lat="41.556949989278635" lon="-71.32275161262882"><time>2026-08-09T18:28:28Z</time></trkpt><trkpt lat="41.556925304746876" lon="-71.32272089266485"><time>2026-08-09T18:28:29Z</time></trkpt><trkpt lat="41.556901667252305" lon="-71.32269252963759"><time>2026-08-09T18:28:30Z</time></trkpt><trkpt lat="41.556877105492205" lon="-71.32266984272107"><time>2026-08-09T18:28:31Z</time></trkpt><trkpt lat="41.55685149294656" lon="-71.32264556706184"><time>2026-08-09T18:28:32Z</time></trkpt><trkpt lat="41.55682569354654" lon="-71.3226211750026"><time>2026-08-09T18:28:33Z</time></trkpt><trkpt lat="41.55680175629097" lon="-71.32259748940484"><time>2026-08-09T18:28:34Z</time></trkpt><trkpt lat="41.55677707763172" lon="-71.32257155891097"><time>2026-08-09T18:28:35Z</time></trkpt><trkpt lat="41.55675303020787" lon="-71.3225473960802"><time>2026-08-09T18:28:36Z</time></trkpt><trkpt lat="41.55672857238267" lon="-71.32252698625004"><time>2026-08-09T18:28:37Z</time></trkpt><trkpt lat="41.55670235314088" lon="-71.32250462873907"><time>2026-08-09T18:28:38Z</time></trkpt><trkpt lat="41.55667819671135" lon="-71.32247803060592"><time>2026-08-09T18:28:39Z</time></trkpt><trkpt lat="41.55665197200411" lon="-71.32245147721018"><time>2026-08-09T18:28:40Z</time></trkpt><trkpt lat="41.55662918249001" lon="-71.32242602576828"><time>2026-08-09T18:28:41Z</time></trkpt><trkpt lat="41.556606824823156" lon="-71.32240157510057"><time>2026-08-09T18:28:42Z</time></trkpt><trkpt lat="41.55659002986469" lon="-71.32238097749838"><time>2026-08-09T18:28:43Z</time></trkpt><trkpt lat="41.556567661625294" lon="-71.32235313710868"><time>2026-08-09T18:28:44Z</time></trkpt><trkpt lat="41.55654321083349" lon="-71.32232803900226"><time>2026-08-09T18:28:45Z</time></trkpt><trkpt lat="41.5565215577666" lon="-71.322302117541"><time>2026-08-09T18:28:46Z</time></trkpt><trkpt lat="41.55649963860235" lon="-71.32227719277036"><time>2026-08-09T18:28:47Z</time></trkpt><trkpt lat="41.55647738315598" lon="-71.3222490608379"><time>2026-08-09T18:28:48Z</time></trkpt><trkpt lat="41.55645520252164" lon="-71.32222158495067"><time>2026-08-09T18:28:49Z</time></trkpt><trkpt lat="41.55643294997419" lon="-71.32219461129085"><time>2026-08-09T18:28:50Z</time></trkpt><trkpt lat="41.556409269625696" lon="-71.32216952249007"><time>2026-08-09T18:28:51Z</time></trkpt><trkpt lat="41.5563872488411" lon="-71.32214169508462"><time>2026-08-09T18:28:52Z</time></trkpt><trkpt lat="41.556361953040124" lon="-71.32211581924591"><time>2026-08-09T18:28:53Z</time></trkpt><trkpt lat="41.55633927723599" lon="-71.32209095750217"><time>2026-08-09T18:28:54Z</time></trkpt><trkpt lat="41.55631673001626" lon="-71.32206284546669"><time>2026-08-09T18:28:55Z</time></trkpt><trkpt lat="41.55629664164211" lon="-71.32203470481369"><time>2026-08-09T18:28:56Z</time></trkpt><trkpt lat="41.556275553315544" lon="-71.32200489075926"><time>2026-08-09T18:28:57Z</time></trkpt><trkpt lat="41.556261426154336" lon="-71.32198112534644"><time>2026-08-09T18:28:58Z</time></trkpt><trkpt lat="41.556239301389155" lon="-71.3219514594555"><time>2026-08-09T18:28:59Z</time></trkpt><trkpt lat="41.5562121787698" lon="-71.3219275124988"><time>2026-08-09T18:29:00Z</time></trkpt><trkpt lat="41.55618849726588" lon="-71.32190161754811"><time>2026-08-09T18:29:01Z</time></trkpt><trkpt lat="41.55616608411627" lon="-71.32187561036011"><time>2026-08-09T18:29:02Z</time></trkpt><trkpt lat="41.556144540747624" lon="-71.32184549109918"><time>2026-08-09T18:29:03Z</time></trkpt><trkpt lat="41.55612278708499" lon="-71.32181752573331"><time>2026-08-09T18:29:04Z</time></trkpt><trkpt lat="41.55609926572001" lon="-71.32179165815496"><time>2026-08-09T18:29:05Z</time></trkpt><trkpt lat="41.55607802574743" lon="-71.32176365817955"><time>2026-08-09T18:29:06Z</time></trkpt><trkpt lat="41.55605514386345" lon="-71.32173107312926"><time>2026-08-09T18:29:07Z</time></trkpt><trkpt lat="41.556034241406905" lon="-71.32170055182837"><time>2026-08-09T18:29:08Z</time></trkpt><trkpt lat="41.5560074270365" lon="-71.32167037844289"><time>2026-08-09T18:29:09Z</time></trkpt><trkpt lat="41.55598781629147" lon="-71.32164132245838"><time>2026-08-09T18:29:10Z</time></trkpt><trkpt lat="41.55596429431594" lon="-71.32160986951874"><time>2026-08-09T18:29:11Z</time></trkpt><trkpt lat="41.55594160196346" lon="-71.32157821679796"><time>2026-08-09T18:29:12Z</time></trkpt><trkpt lat="41.55591848827107" lon="-71.32154612975819"><time>2026-08-09T18:29:13Z</time></trkpt><trkpt lat="41.555894173935016" lon="-71.32151433302124"><time>2026-08-09T18:29:14Z</time></trkpt><trkpt lat="41.55586990967254" lon="-71.32148702119007"><time>2026-08-09T18:29:15Z</time></trkpt><trkpt lat="41.55584759522952" lon="-71.32146365303032"><time>2026-08-09T18:29:16Z</time></trkpt><trkpt lat="41.55582375005763" lon="-71.32142816767484"><time>2026-08-09T18:29:17Z</time></trkpt><trkpt lat="41.55580352798295" lon="-71.32139577727341"><time>2026-08-09T18:29:18Z</time></trkpt><trkpt lat="41.55577333173879" lon="-71.32136609727354"><time>2026-08-09T18:29:19Z</time></trkpt><trkpt lat="41.55573586715984" lon="-71.3213259450205"><time>2026-08-09T18:29:20Z</time></trkpt><trkpt lat="41.5557182595409" lon="-71.32129595177653"><time>2026-08-09T18:29:21Z</time></trkpt><trkpt lat="41.5556940723329" lon="-71.32126448361706"><time>2026-08-09T18:29:22Z</time></trkpt><trkpt lat="41.55567120415938" lon="-71.32123129873393"><time>2026-08-09T18:29:23Z</time></trkpt><trkpt lat="41.55564942825936" lon="-71.32119743603447"><time>2026-08-09T18:29:24Z</time></trkpt><trkpt lat="41.555626234516374" lon="-71.32116421100115"><time>2026-08-09T18:29:25Z</time></trkpt><trkpt lat="41.555603715200036" lon="-71.32113111730104"><time>2026-08-09T18:29:26Z</time></trkpt><trkpt lat="41.55558015386378" lon="-71.32109696219362"><time>2026-08-09T18:29:27Z</time></trkpt><trkpt lat="41.55555650664104" lon="-71.32106555880857"><time>2026-08-09T18:29:28Z</time></trkpt><trkpt lat="41.555535227861576" lon="-71.32103440824001"><time>2026-08-09T18:29:29Z</time></trkpt><trkpt lat="41.55551190252761" lon="-71.32100230105604"><time>2026-08-09T18:29:30Z</time></trkpt><trkpt lat="41.555489743278756" lon="-71.32096917710587"><time>2026-08-09T18:29:31Z</time></trkpt><trkpt lat="41.555466013693014" lon="-71.3209371596533"><time>2026-08-09T18:29:32Z</time></trkpt><trkpt lat="41.55544268128114" lon="-71.32090682443429"><time>2026-08-09T18:29:33Z</time></trkpt><trkpt lat="41.555418940332274" lon="-71.32087510384049"><time>2026-08-09T18:29:34Z</time></trkpt><trkpt lat="41.55539611546419" lon="-71.3208407945734"><time>2026-08-09T18:29:35Z</time></trkpt><trkpt lat="41.555373300995356" lon="-71.32080866425271"><time>2026-08-09T18:29:36Z</time></trkpt><trkpt lat="41.555350368517104" lon="-71.32077744848613"><time>2026-08-09T18:29:37Z</time></trkpt><trkpt lat="41.555328249932984" lon="-71.32074609779642"><time>2026-08-09T18:29:38Z</time></trkpt><trkpt lat="41.55530498698552" lon="-71.32071544455141"><time>2026-08-09T18:29:39Z</time></trkpt><trkpt lat="41.55528161410261" lon="-71.32068440921115"><time>2026-08-09T18:29:40Z</time></trkpt><trkpt lat="41.55525812211489" lon="-71.32065362544658"><time>2026-08-09T18:29:41Z</time></trkpt><trkpt lat="41.55523304894308" lon="-71.32062384728675"><time>2026-08-09T18:29:42Z</time></trkpt><trkpt lat="41.55520792076472" lon="-71.32059422669"><time>2026-08-09T18:29:43Z</time></trkpt><trkpt lat="41.5551820234237" lon="-71.32056489452819"><time>2026-08-09T18:29:44Z</time></trkpt><trkpt lat="41.55515612204934" lon="-71.32053630132026"><time>2026-08-09T18:29:45Z</time></trkpt><trkpt lat="41.555132013702476" lon="-71.32050572446916"><time>2026-08-09T18:29:46Z</time></trkpt><trkpt lat="41.5551093421354" lon="-71.320476032265"><time>2026-08-09T18:29:47Z</time></trkpt><trkpt lat="41.55508551065414" lon="-71.320443974142"><time>2026-08-09T18:29:48Z</time></trkpt><trkpt lat="41.55506187510192" lon="-71.32041350507636"><time>2026-08-09T18:29:49Z</time></trkpt><trkpt lat="41.55503928016315" lon="-71.32038270540993"><time>2026-08-09T18:29:50Z</time></trkpt><trkpt lat="41.555016144394926" lon="-71.32035298978137"><time>2026-08-09T18:29:51Z</time></trkpt><trkpt lat="41.55499209557099" lon="-71.320321471844"><time>2026-08-09T18:29:52Z</time></trkpt><trkpt lat="41.55496895178577" lon="-71.32029119334655"><time>2026-08-09T18:29:53Z</time></trkpt><trkpt lat="41.55494515205044" lon="-71.32025990469576"><time>2026-08-09T18:29:54Z</time></trkpt><trkpt lat="41.55492188298285" lon="-71.3202278057852"><time>2026-08-09T18:29:55Z</time></trkpt><trkpt lat="41.55489804673993" lon="-71.32019690565582"><time>2026-08-09T18:29:56Z</time></trkpt><trkpt lat="41.5548749208674" lon="-71.32016640703819"><time>2026-08-09T18:29:57Z</time></trkpt><trkpt lat="41.55485209170211" lon="-71.32013679528463"><time>2026-08-09T18:29:58Z</time></trkpt><trkpt lat="41.55482989794262" lon="-71.32010421128743"><time>2026-08-09T18:29:59Z</time></trkpt><trkpt lat="41.55480676142753" lon="-71.3200714612694"><time>2026-08-09T18:30:00Z</time></trkpt><trkpt lat="41.55478240312308" lon="-71.32003965183796"><time>2026-08-09T18:30:01Z</time></trkpt><trkpt lat="41.55475845528717" lon="-71.32000873476107"><time>2026-08-09T18:30:02Z</time></trkpt><trkpt lat="41.554735709830425" lon="-71.31997726775873"><time>2026-08-09T18:30:03Z</time></trkpt><trkpt lat="41.55471225431759" lon="-71.31994490801384"><time>2026-08-09T18:30:04Z</time></trkpt><trkpt lat="41.554689846610316" lon="-71.31991189593256"><time>2026-08-09T18:30:05Z</time></trkpt><trkpt lat="41.5546678207071" lon="-71.31987887545742"><time>2026-08-09T18:30:06Z</time></trkpt><trkpt lat="41.55464544108231" lon="-71.31984547757949"><time>2026-08-09T18:30:07Z</time></trkpt><trkpt lat="41.55462173328308" lon="-71.31981270758084"><time>2026-08-09T18:30:08Z</time></trkpt><trkpt lat="41.55459835830138" lon="-71.31978152839724"><time>2026-08-09T18:30:09Z</time></trkpt><trkpt lat="41.554575017438076" lon="-71.31975055687215"><time>2026-08-09T18:30:10Z</time></trkpt><trkpt lat="41.55455177797796" lon="-71.31971834877544"><time>2026-08-09T18:30:11Z</time></trkpt><trkpt lat="41.55452970606714" lon="-71.3196837041168"><time>2026-08-09T18:30:12Z</time></trkpt><trkpt lat="41.55450707620019" lon="-71.31964967252645"><time>2026-08-09T18:30:13Z</time></trkpt><trkpt lat="41.55448359035859" lon="-71.31961687416347"><time>2026-08-09T18:30:14Z</time></trkpt><trkpt lat="41.55446106063127" lon="-71.31958404316723"><time>2026-08-09T18:30:15Z</time></trkpt><trkpt lat="41.554437886907344" lon="-71.31955117093621"><time>2026-08-09T18:30:16Z</time></trkpt><trkpt lat="41.55441454496617" lon="-71.31952042998414"><time>2026-08-09T18:30:17Z</time></trkpt><trkpt lat="41.5543929625638" lon="-71.31948627781183"><time>2026-08-09T18:30:18Z</time></trkpt><trkpt lat="41.554371794497555" lon="-71.3194535770642"><time>2026-08-09T18:30:19Z</time></trkpt><trkpt lat="41.55434868434471" lon="-71.31941873352606"><time>2026-08-09T18:30:20Z</time></trkpt><trkpt lat="41.554325488866525" lon="-71.31938600266075"><time>2026-08-09T18:30:21Z</time></trkpt><trkpt lat="41.55430197001267" lon="-71.31935047747318"><time>2026-08-09T18:30:22Z</time></trkpt><trkpt lat="41.55428115700189" lon="-71.31931782154345"><time>2026-08-09T18:30:23Z</time></trkpt><trkpt lat="41.55425878478974" lon="-71.31928274912104"><time>2026-08-09T18:30:24Z</time></trkpt><trkpt lat="41.55423823437831" lon="-71.31924682609564"><time>2026-08-09T18:30:25Z</time></trkpt><trkpt lat="41.554216287314965" lon="-71.31921205833919"><time>2026-08-09T18:30:26Z</time></trkpt><trkpt lat="41.55419410062973" lon="-71.31917917765168"><time>2026-08-09T18:30:27Z</time></trkpt><trkpt lat="41.55417143066311" lon="-71.31914475042355"><time>2026-08-09T18:30:28Z</time></trkpt><trkpt lat="41.55414794003235" lon="-71.31911204605365"><time>2026-08-09T18:30:29Z</time></trkpt><trkpt lat="41.55412449782909" lon="-71.31907818096364"><time>2026-08-09T18:30:30Z</time></trkpt><trkpt lat="41.55410262961455" lon="-71.31904364434405"><time>2026-08-09T18:30:31Z</time></trkpt><trkpt lat="41.554079699366596" lon="-71.31901028992822"><time>2026-08-09T18:30:32Z</time></trkpt><trkpt lat="41.55405623042026" lon="-71.31897618698865"><time>2026-08-09T18:30:33Z</time></trkpt><trkpt lat="41.55403428538855" lon="-71.31894172035777"><time>2026-08-09T18:30:34Z</time></trkpt><trkpt lat="41.5540121399913" lon="-71.31890584789943"><time>2026-08-09T18:30:35Z</time></trkpt><trkpt lat="41.55399097827333" lon="-71.31886983994679"><time>2026-08-09T18:30:36Z</time></trkpt><trkpt lat="41.553969753676284" lon="-71.31883615762032"><time>2026-08-09T18:30:37Z</time></trkpt><trkpt lat="41.55394793849574" lon="-71.31880127661574"><time>2026-08-09T18:30:38Z</time></trkpt><trkpt lat="41.55392691496992" lon="-71.31876570564984"><time>2026-08-09T18:30:39Z</time></trkpt><trkpt lat="41.55390585541622" lon="-71.31873102280832"><time>2026-08-09T18:30:40Z</time></trkpt><trkpt lat="41.55388491737923" lon="-71.31869882683819"><time>2026-08-09T18:30:41Z</time></trkpt><trkpt lat="41.55386336460679" lon="-71.31866416654151"><time>2026-08-09T18:30:42Z</time></trkpt><trkpt lat="41.55384166013998" lon="-71.3186286674555"><time>2026-08-09T18:30:43Z</time></trkpt><trkpt lat="41.55381992596204" lon="-71.31859435128631"><time>2026-08-09T18:30:44Z</time></trkpt><trkpt lat="41.553799957043786" lon="-71.31855873617188"><time>2026-08-09T18:30:45Z</time></trkpt><trkpt lat="41.55378021042697" lon="-71.31852298456057"><time>2026-08-09T18:30:46Z</time></trkpt><trkpt lat="41.55375989964491" lon="-71.31848848309008"><time>2026-08-09T18:30:47Z</time></trkpt><trkpt lat="41.55373861310487" lon="-71.31845307843868"><time>2026-08-09T18:30:48Z</time></trkpt><trkpt lat="41.553716724510764" lon="-71.31841955777762"><time>2026-08-09T18:30:49Z</time></trkpt><trkpt lat="41.553695291762594" lon="-71.31838554053185"><time>2026-08-09T18:30:50Z</time></trkpt><trkpt lat="41.553674782209214" lon="-71.3183510913857"><time>2026-08-09T18:30:51Z</time></trkpt><trkpt lat="41.55365483087881" lon="-71.31831608677301"><time>2026-08-09T18:30:52Z</time></trkpt><trkpt lat="41.55363388603551" lon="-71.31828159099614"><time>2026-08-09T18:30:53Z</time></trkpt><trkpt lat="41.55361350713151" lon="-71.31824571177145"><time>2026-08-09T18:30:54Z</time></trkpt><trkpt lat="41.55359358739441" lon="-71.31821119990207"><time>2026-08-09T18:30:55Z</time></trkpt><trkpt lat="41.55357287836601" lon="-71.31817438215204"><time>2026-08-09T18:30:56Z</time></trkpt><trkpt lat="41.55355147930715" lon="-71.31813791003447"><time>2026-08-09T18:30:57Z</time></trkpt><trkpt lat="41.55353042816909" lon="-71.31810394336496"><time>2026-08-09T18:30:58Z</time></trkpt><trkpt lat="41.553508765404075" lon="-71.31806938783338"><time>2026-08-09T18:30:59Z</time></trkpt><trkpt lat="41.55348813912767" lon="-71.31803436519226"><time>2026-08-09T18:31:00Z</time></trkpt><trkpt lat="41.55346724954649" lon="-71.31799846911875"><time>2026-08-09T18:31:01Z</time></trkpt><trkpt lat="41.55344619553986" lon="-71.31796218111555"><time>2026-08-09T18:31:02Z</time></trkpt><trkpt lat="41.55342415870804" lon="-71.31792872260183"><time>2026-08-09T18:31:03Z</time></trkpt><trkpt lat="41.553402067174346" lon="-71.31789530215426"><time>2026-08-09T18:31:04Z</time></trkpt><trkpt lat="41.553379207667305" lon="-71.31786022292498"><time>2026-08-09T18:31:05Z</time></trkpt><trkpt lat="41.55335639964902" lon="-71.31782504941734"><time>2026-08-09T18:31:06Z</time></trkpt><trkpt lat="41.55333523691989" lon="-71.3177879494866"><time>2026-08-09T18:31:07Z</time></trkpt><trkpt lat="41.5533150410201" lon="-71.31775160553389"><time>2026-08-09T18:31:08Z</time></trkpt><trkpt lat="41.5532951562575" lon="-71.31771381609633"><time>2026-08-09T18:31:09Z</time></trkpt><trkpt lat="41.55327354120075" lon="-71.31767723277007"><time>2026-08-09T18:31:10Z</time></trkpt><trkpt lat="41.553251997471854" lon="-71.31763856504539"><time>2026-08-09T18:31:11Z</time></trkpt><trkpt lat="41.5532313816323" lon="-71.31760326570303"><time>2026-08-09T18:31:12Z</time></trkpt><trkpt lat="41.553211450043264" lon="-71.31756815683484"><time>2026-08-09T18:31:13Z</time></trkpt><trkpt lat="41.553192959512806" lon="-71.31753303955819"><time>2026-08-09T18:31:14Z</time></trkpt><trkpt lat="41.55317363924887" lon="-71.31749641341466"><time>2026-08-09T18:31:15Z</time></trkpt><trkpt lat="41.553153477146836" lon="-71.31746327618468"><time>2026-08-09T18:31:16Z</time></trkpt><trkpt lat="41.55313288301429" lon="-71.31743011902589"><time>2026-08-09T18:31:17Z</time></trkpt><trkpt lat="41.553113183176386" lon="-71.31739430524748"><time>2026-08-09T18:31:18Z</time></trkpt><trkpt lat="41.55309387441171" lon="-71.31735804624141"><time>2026-08-09T18:31:19Z</time></trkpt><trkpt lat="41.55307512631119" lon="-71.3173246844975"><time>2026-08-09T18:31:20Z</time></trkpt><trkpt lat="41.55305701146201" lon="-71.31728651311215"><time>2026-08-09T18:31:21Z</time></trkpt><trkpt lat="41.55303892341034" lon="-71.31724868821429"><time>2026-08-09T18:31:22Z</time></trkpt><trkpt lat="41.55301615568014" lon="-71.31721467846906"><time>2026-08-09T18:31:23Z</time></trkpt><trkpt lat="41.55299920262252" lon="-71.317176424399"><time>2026-08-09T18:31:24Z</time></trkpt><trkpt lat="41.55298234786305" lon="-71.31713956332806"><time>2026-08-09T18:31:25Z</time></trkpt><trkpt lat="41.55296042925266" lon="-71.31710484331761"><time>2026-08-09T18:31:26Z</time></trkpt><trkpt lat="41.552938459340844" lon="-71.31707781699366"><time>2026-08-09T18:31:27Z</time></trkpt><trkpt lat="41.55291277277842" lon="-71.31706037423629"><time>2026-08-09T18:31:28Z</time></trkpt><trkpt lat="41.55288850851424" lon="-71.31704682180424"><time>2026-08-09T18:31:29Z</time></trkpt><trkpt lat="41.55285839391459" lon="-71.31703825588892"><time>2026-08-09T18:31:30Z</time></trkpt><trkpt lat="41.55282185969436" lon="-71.31704083122081"><time>2026-08-09T18:31:32Z</time></trkpt><trkpt lat="41.55279937768839" lon="-71.31705047667312"><time>2026-08-09T18:31:33Z</time></trkpt><trkpt lat="41.552778412093026" lon="-71.31705607856807"><time>2026-08-09T18:31:34Z</time></trkpt><trkpt lat="41.5527594782769" lon="-71.31706689832122"><time>2026-08-09T18:31:35Z</time></trkpt><trkpt lat="41.55272899225974" lon="-71.31707686247717"><time>2026-08-09T18:31:36Z</time></trkpt><trkpt lat="41.5527104112946" lon="-71.31710590220605"><time>2026-08-09T18:31:37Z</time></trkpt><trkpt lat="41.552704479399566" lon="-71.31713113650707"><time>2026-08-09T18:31:38Z</time></trkpt><trkpt lat="41.55267961743941" lon="-71.31716644117463"><time>2026-08-09T18:31:40Z</time></trkpt><trkpt lat="41.55266567359944" lon="-71.3171914599188"><time>2026-08-09T18:31:41Z</time></trkpt><trkpt lat="41.55264214291294" lon="-71.31722936100472"><time>2026-08-09T18:31:43Z</time></trkpt><trkpt lat="41.55262555900535" lon="-71.31725838725626"><time>2026-08-09T18:31:44Z</time></trkpt><trkpt lat="41.55261318856505" lon="-71.31728817050522"><time>2026-08-09T18:31:45Z</time></trkpt><trkpt lat="41.5526012216083" lon="-71.31731539984413"><time>2026-08-09T18:31:46Z</time></trkpt><trkpt lat="41.552585561910405" lon="-71.31734222240841"><time>2026-08-09T18:31:47Z</time></trkpt><trkpt lat="41.55257198371795" lon="-71.31736560345553"><time>2026-08-09T18:31:48Z</time></trkpt><trkpt lat="41.55255563599832" lon="-71.31739220279016"><time>2026-08-09T18:31:49Z</time></trkpt><trkpt lat="41.552540578748356" lon="-71.31741834717006"><time>2026-08-09T18:31:50Z</time></trkpt><trkpt lat="41.55252579428159" lon="-71.31744634785083"><time>2026-08-09T18:31:51Z</time></trkpt><trkpt lat="41.55250977178017" lon="-71.31747541413655"><time>2026-08-09T18:31:52Z</time></trkpt><trkpt lat="41.5524946766395" lon="-71.31750418901697"><time>2026-08-09T18:31:53Z</time></trkpt><trkpt lat="41.55247842717929" lon="-71.31753347136836"><time>2026-08-09T18:31:54Z</time></trkpt><trkpt lat="41.55246142619237" lon="-71.31756284177882"><time>2026-08-09T18:31:55Z</time></trkpt><trkpt lat="41.55244350401012" lon="-71.31759033736175"><time>2026-08-09T18:31:56Z</time></trkpt><trkpt lat="41.55242490833113" lon="-71.31761785316088"><time>2026-08-09T18:31:57Z</time></trkpt><trkpt lat="41.552405978635754" lon="-71.31764783603275"><time>2026-08-09T18:31:58Z</time></trkpt><trkpt lat="41.55238695762247" lon="-71.31767662464829"><time>2026-08-09T18:31:59Z</time></trkpt><trkpt lat="41.55236662985178" lon="-71.31770562358814"><time>2026-08-09T18:32:00Z</time></trkpt><trkpt lat="41.55234781018561" lon="-71.31773500727599"><time>2026-08-09T18:32:01Z</time></trkpt><trkpt lat="41.55232767807845" lon="-71.3177643074639"><time>2026-08-09T18:32:02Z</time></trkpt><trkpt lat="41.55230732592618" lon="-71.3177929281195"><time>2026-08-09T18:32:03Z</time></trkpt><trkpt lat="41.55228728842553" lon="-71.31782068164054"><time>2026-08-09T18:32:04Z</time></trkpt><trkpt lat="41.5522661443007" lon="-71.31785088271285"><time>2026-08-09T18:32:05Z</time></trkpt><trkpt lat="41.552245945362294" lon="-71.31788094206624"><time>2026-08-09T18:32:06Z</time></trkpt><trkpt lat="41.552224253118666" lon="-71.3179077283219"><time>2026-08-09T18:32:07Z</time></trkpt><trkpt lat="41.55220281868133" lon="-71.31793562893965"><time>2026-08-09T18:32:08Z</time></trkpt><trkpt lat="41.552181905444755" lon="-71.31796558257703"><time>2026-08-09T18:32:09Z</time></trkpt><trkpt lat="41.552160108687964" lon="-71.31799294974743"><time>2026-08-09T18:32:10Z</time></trkpt><trkpt lat="41.55213784853359" lon="-71.31802042339815"><time>2026-08-09T18:32:11Z</time></trkpt><trkpt lat="41.55211660992633" lon="-71.31804911790393"><time>2026-08-09T18:32:12Z</time></trkpt><trkpt lat="41.55209493012162" lon="-71.31807899502545"><time>2026-08-09T18:32:13Z</time></trkpt><trkpt lat="41.552073764157676" lon="-71.3181080268609"><time>2026-08-09T18:32:14Z</time></trkpt><trkpt lat="41.55205120800648" lon="-71.31813777959965"><time>2026-08-09T18:32:15Z</time></trkpt><trkpt lat="41.55202870727484" lon="-71.31816641253675"><time>2026-08-09T18:32:16Z</time></trkpt><trkpt lat="41.55200619462115" lon="-71.31819583826218"><time>2026-08-09T18:32:17Z</time></trkpt><trkpt lat="41.55198296548601" lon="-71.31822372515813"><time>2026-08-09T18:32:18Z</time></trkpt><trkpt lat="41.551959421625966" lon="-71.31825099489213"><time>2026-08-09T18:32:19Z</time></trkpt><trkpt lat="41.55193560090934" lon="-71.31827818020753"><time>2026-08-09T18:32:20Z</time></trkpt><trkpt lat="41.55191236662353" lon="-71.31830703050282"><time>2026-08-09T18:32:21Z</time></trkpt><trkpt lat="41.55188950424081" lon="-71.31833576864165"><time>2026-08-09T18:32:22Z</time></trkpt><trkpt lat="41.55186646039467" lon="-71.31836551856371"><time>2026-08-09T18:32:23Z</time></trkpt><trkpt lat="41.55184336869266" lon="-71.31839521382973"><time>2026-08-09T18:32:24Z</time></trkpt><trkpt lat="41.551820840833734" lon="-71.31842639048202"><time>2026-08-09T18:32:25Z</time></trkpt><trkpt lat="41.55179921911824" lon="-71.31845633745631"><time>2026-08-09T18:32:26Z</time></trkpt><trkpt lat="41.551775323321976" lon="-71.31848605075467"><time>2026-08-09T18:32:27Z</time></trkpt><trkpt lat="41.55175163738466" lon="-71.31851338075184"><time>2026-08-09T18:32:28Z</time></trkpt><trkpt lat="41.551727505200375" lon="-71.31854094313393"><time>2026-08-09T18:32:29Z</time></trkpt><trkpt lat="41.55170416470346" lon="-71.31856910025255"><time>2026-08-09T18:32:30Z</time></trkpt><trkpt lat="41.55168078650243" lon="-71.31859908142145"><time>2026-08-09T18:32:31Z</time></trkpt><trkpt lat="41.55165847668266" lon="-71.31862855239089"><time>2026-08-09T18:32:32Z</time></trkpt><trkpt lat="41.55163711091525" lon="-71.31866480021152"><time>2026-08-09T18:32:33Z</time></trkpt><trkpt lat="41.551615787442344" lon="-71.31868613274683"><time>2026-08-09T18:32:34Z</time></trkpt><trkpt lat="41.55158911267721" lon="-71.31871568391361"><time>2026-08-09T18:32:35Z</time></trkpt><trkpt lat="41.55156434651745" lon="-71.3187455740777"><time>2026-08-09T18:32:36Z</time></trkpt><trkpt lat="41.55154203967833" lon="-71.31877622577291"><time>2026-08-09T18:32:37Z</time></trkpt><trkpt lat="41.55151888404062" lon="-71.31880541861806"><time>2026-08-09T18:32:38Z</time></trkpt><trkpt lat="41.55149573166633" lon="-71.31883475177891"><time>2026-08-09T18:32:39Z</time></trkpt><trkpt lat="41.551471557531336" lon="-71.31886346641964"><time>2026-08-09T18:32:40Z</time></trkpt><trkpt lat="41.551449232994315" lon="-71.31889279140556"><time>2026-08-09T18:32:41Z</time></trkpt><trkpt lat="41.55142615038482" lon="-71.31892361877006"><time>2026-08-09T18:32:42Z</time></trkpt><trkpt lat="41.551403966931595" lon="-71.3189546816099"><time>2026-08-09T18:32:43Z</time></trkpt><trkpt lat="41.551380719846065" lon="-71.31898422390381"><time>2026-08-09T18:32:44Z</time></trkpt><trkpt lat="41.551357708680946" lon="-71.31901353240922"><time>2026-08-09T18:32:45Z</time></trkpt><trkpt lat="41.5513343092488" lon="-71.31904443672433"><time>2026-08-09T18:32:46Z</time></trkpt><trkpt lat="41.55131136506848" lon="-71.31907216435656"><time>2026-08-09T18:32:47Z</time></trkpt><trkpt lat="41.5512880669969" lon="-71.3190999807582"><time>2026-08-09T18:32:48Z</time></trkpt><trkpt lat="41.55126575924109" lon="-71.31912668073228"><time>2026-08-09T18:32:49Z</time></trkpt><trkpt lat="41.55124214539789" lon="-71.31915310284889"><time>2026-08-09T18:32:50Z</time></trkpt><trkpt lat="41.551220770201255" lon="-71.31918985627523"><time>2026-08-09T18:32:51Z</time></trkpt><trkpt lat="41.55119879269593" lon="-71.3192247004149"><time>2026-08-09T18:32:52Z</time></trkpt><trkpt lat="41.55117681869739" lon="-71.3192593470332"><time>2026-08-09T18:32:53Z</time></trkpt><trkpt lat="41.55115419719002" lon="-71.31929267863129"><time>2026-08-09T18:32:54Z</time></trkpt><trkpt lat="41.55113104559556" lon="-71.31932440210609"><time>2026-08-09T18:32:55Z</time></trkpt><trkpt lat="41.55110794873965" lon="-71.31935285072427"><time>2026-08-09T18:32:56Z</time></trkpt><trkpt lat="41.551086145638294" lon="-71.31938217623456"><time>2026-08-09T18:32:57Z</time></trkpt><trkpt lat="41.55106392913031" lon="-71.31941562642697"><time>2026-08-09T18:32:58Z</time></trkpt><trkpt lat="41.55104117380157" lon="-71.31945342230485"><time>2026-08-09T18:32:59Z</time></trkpt><trkpt lat="41.55101805373893" lon="-71.31948331080311"><time>2026-08-09T18:33:00Z</time></trkpt><trkpt lat="41.55099523794585" lon="-71.31952043020101"><time>2026-08-09T18:33:01Z</time></trkpt><trkpt lat="41.55096080622945" lon="-71.3195549840274"><time>2026-08-09T18:33:02Z</time></trkpt><trkpt lat="41.550931175999075" lon="-71.3195923186497"><time>2026-08-09T18:33:03Z</time></trkpt><trkpt lat="41.5509299466995" lon="-71.3196274686957"><time>2026-08-09T18:33:04Z</time></trkpt><trkpt lat="41.55089549011698" lon="-71.31969132671128"><time>2026-08-09T18:33:06Z</time></trkpt><trkpt lat="41.550869068952615" lon="-71.31972058411179"><time>2026-08-09T18:33:07Z</time></trkpt><trkpt lat="41.55084927178388" lon="-71.31974953155245"><time>2026-08-09T18:33:08Z</time></trkpt><trkpt lat="41.550824397423824" lon="-71.31978576115567"><time>2026-08-09T18:33:09Z</time></trkpt><trkpt lat="41.55080110040678" lon="-71.31982393403278"><time>2026-08-09T18:33:10Z</time></trkpt><trkpt lat="41.55077839252069" lon="-71.31985936918473"><time>2026-08-09T18:33:11Z</time></trkpt><trkpt lat="41.5507575191515" lon="-71.31989348174768"><time>2026-08-09T18:33:12Z</time></trkpt><trkpt lat="41.55073549778349" lon="-71.31992731054768"><time>2026-08-09T18:33:13Z</time></trkpt><trkpt lat="41.55071418471853" lon="-71.3199612208617"><time>2026-08-09T18:33:14Z</time></trkpt><trkpt lat="41.55069175260527" lon="-71.31999204280358"><time>2026-08-09T18:33:15Z</time></trkpt><trkpt lat="41.550668358817255" lon="-71.32002479248631"><time>2026-08-09T18:33:16Z</time></trkpt><trkpt lat="41.55064668919495" lon="-71.32005939291315"><time>2026-08-09T18:33:17Z</time></trkpt><trkpt lat="41.55062313491484" lon="-71.32009024177016"><time>2026-08-09T18:33:18Z</time></trkpt><trkpt lat="41.5506016488399" lon="-71.32011864498645"><time>2026-08-09T18:33:19Z</time></trkpt><trkpt lat="41.55057737729788" lon="-71.32015181307969"><time>2026-08-09T18:33:20Z</time></trkpt><trkpt lat="41.55055577352055" lon="-71.32018569441573"><time>2026-08-09T18:33:21Z</time></trkpt><trkpt lat="41.550532394987044" lon="-71.32021892236412"><time>2026-08-09T18:33:22Z</time></trkpt><trkpt lat="41.55051056640422" lon="-71.32025135840377"><time>2026-08-09T18:33:23Z</time></trkpt><trkpt lat="41.5504850549432" lon="-71.32028414206228"><time>2026-08-09T18:33:24Z</time></trkpt><trkpt lat="41.55046334280161" lon="-71.32031913972847"><time>2026-08-09T18:33:25Z</time></trkpt><trkpt lat="41.55044021687289" lon="-71.3203505695274"><time>2026-08-09T18:33:26Z</time></trkpt><trkpt lat="41.55041797964011" lon="-71.3203817481176"><time>2026-08-09T18:33:27Z</time></trkpt><trkpt lat="41.55039655134236" lon="-71.32041843238015"><time>2026-08-09T18:33:28Z</time></trkpt><trkpt lat="41.550373892403954" lon="-71.32044731267611"><time>2026-08-09T18:33:29Z</time></trkpt><trkpt lat="41.55035181780432" lon="-71.32048118179293"><time>2026-08-09T18:33:30Z</time></trkpt><trkpt lat="41.55032809585186" lon="-71.32050761365876"><time>2026-08-09T18:33:31Z</time></trkpt><trkpt lat="41.55030766667618" lon="-71.3205400518429"><time>2026-08-09T18:33:32Z</time></trkpt><trkpt lat="41.55028453873152" lon="-71.32057428578568"><time>2026-08-09T18:33:33Z</time></trkpt><trkpt lat="41.55026750833302" lon="-71.32060538925181"><time>2026-08-09T18:33:34Z</time></trkpt><trkpt lat="41.55024747704856" lon="-71.32063790098647"><time>2026-08-09T18:33:35Z</time></trkpt><trkpt lat="41.55022372701234" lon="-71.32066805007031"><time>2026-08-09T18:33:36Z</time></trkpt><trkpt lat="41.550201397421326" lon="-71.32069854037658"><time>2026-08-09T18:33:37Z</time></trkpt><trkpt lat="41.55017879659827" lon="-71.32073030910432"><time>2026-08-09T18:33:38Z</time></trkpt><trkpt lat="41.55015827323369" lon="-71.32076258880078"><time>2026-08-09T18:33:39Z</time></trkpt><trkpt lat="41.55013667345796" lon="-71.3207959213484"><time>2026-08-09T18:33:40Z</time></trkpt><trkpt lat="41.550115781948485" lon="-71.32082789724514"><time>2026-08-09T18:33:41Z</time></trkpt><trkpt lat="41.55009535792485" lon="-71.32086045429674"><time>2026-08-09T18:33:42Z</time></trkpt><trkpt lat="41.55006948236105" lon="-71.3208911154878"><time>2026-08-09T18:33:43Z</time></trkpt><trkpt lat="41.5500504951027" lon="-71.32092607433518"><time>2026-08-09T18:33:44Z</time></trkpt><trkpt lat="41.55003243008079" lon="-71.32096133888987"><time>2026-08-09T18:33:45Z</time></trkpt><trkpt lat="41.55000950517058" lon="-71.32099473609415"><time>2026-08-09T18:33:46Z</time></trkpt><trkpt lat="41.54998772298724" lon="-71.32102593796569"><time>2026-08-09T18:33:47Z</time></trkpt><trkpt lat="41.549966016137326" lon="-71.32106337352708"><time>2026-08-09T18:33:48Z</time></trkpt><trkpt lat="41.549949426580554" lon="-71.32109177466846"><time>2026-08-09T18:33:49Z</time></trkpt><trkpt lat="41.54992479315529" lon="-71.32113238339211"><time>2026-08-09T18:33:50Z</time></trkpt><trkpt lat="41.549907140725814" lon="-71.32116755933174"><time>2026-08-09T18:33:51Z</time></trkpt><trkpt lat="41.54988644866576" lon="-71.32120016564703"><time>2026-08-09T18:33:52Z</time></trkpt><trkpt lat="41.549866760861214" lon="-71.32123355516936"><time>2026-08-09T18:33:53Z</time></trkpt><trkpt lat="41.549846690159924" lon="-71.32126748669116"><time>2026-08-09T18:33:54Z</time></trkpt><trkpt lat="41.54982753985868" lon="-71.32130128869069"><time>2026-08-09T18:33:55Z</time></trkpt><trkpt lat="41.54980624613258" lon="-71.32133133686915"><time>2026-08-09T18:33:56Z</time></trkpt><trkpt lat="41.54978664559119" lon="-71.32136550004388"><time>2026-08-09T18:33:57Z</time></trkpt><trkpt lat="41.549766070440945" lon="-71.32140115656219"><time>2026-08-09T18:33:58Z</time></trkpt><trkpt lat="41.54974986350423" lon="-71.3214306872878"><time>2026-08-09T18:33:59Z</time></trkpt><trkpt lat="41.54972558755401" lon="-71.32146377024252"><time>2026-08-09T18:34:00Z</time></trkpt><trkpt lat="41.54970615853881" lon="-71.32149056390831"><time>2026-08-09T18:34:01Z</time></trkpt><trkpt lat="41.54968626494649" lon="-71.32153097091701"><time>2026-08-09T18:34:02Z</time></trkpt><trkpt lat="41.54966736598263" lon="-71.32156708261576"><time>2026-08-09T18:34:03Z</time></trkpt><trkpt lat="41.54964663272753" lon="-71.32160197967029"><time>2026-08-09T18:34:04Z</time></trkpt><trkpt lat="41.54962449925015" lon="-71.3216373375499"><time>2026-08-09T18:34:05Z</time></trkpt><trkpt lat="41.549604248254724" lon="-71.32167377710019"><time>2026-08-09T18:34:06Z</time></trkpt><trkpt lat="41.549585998282275" lon="-71.32170735109864"><time>2026-08-09T18:34:07Z</time></trkpt><trkpt lat="41.5495652037369" lon="-71.32174121409942"><time>2026-08-09T18:34:08Z</time></trkpt><trkpt lat="41.54954432900586" lon="-71.32177498176601"><time>2026-08-09T18:34:09Z</time></trkpt><trkpt lat="41.54952656286548" lon="-71.32181158126602"><time>2026-08-09T18:34:10Z</time></trkpt><trkpt lat="41.549509679080224" lon="-71.32184992712592"><time>2026-08-09T18:34:11Z</time></trkpt><trkpt lat="41.54948891776183" lon="-71.32188631402053"><time>2026-08-09T18:34:12Z</time></trkpt><trkpt lat="41.54947032488439" lon="-71.32192247973597"><time>2026-08-09T18:34:13Z</time></trkpt><trkpt lat="41.5494502283635" lon="-71.32195745685594"><time>2026-08-09T18:34:14Z</time></trkpt><trkpt lat="41.54943005223607" lon="-71.32199428092581"><time>2026-08-09T18:34:15Z</time></trkpt><trkpt lat="41.54941119162863" lon="-71.322029596534"><time>2026-08-09T18:34:16Z</time></trkpt><trkpt lat="41.54938964093839" lon="-71.32206518563227"><time>2026-08-09T18:34:17Z</time></trkpt><trkpt lat="41.549370933575176" lon="-71.32210202512097"><time>2026-08-09T18:34:18Z</time></trkpt><trkpt lat="41.54935174241485" lon="-71.32213774334713"><time>2026-08-09T18:34:19Z</time></trkpt><trkpt lat="41.54933144700498" lon="-71.32217176493917"><time>2026-08-09T18:34:20Z</time></trkpt><trkpt lat="41.54931188952005" lon="-71.32220497782099"><time>2026-08-09T18:34:21Z</time></trkpt><trkpt lat="41.54929225192589" lon="-71.32224343619698"><time>2026-08-09T18:34:22Z</time></trkpt><trkpt lat="41.54927274846325" lon="-71.32228057265205"><time>2026-08-09T18:34:23Z</time></trkpt><trkpt lat="41.54925082442119" lon="-71.32231451960892"><time>2026-08-09T18:34:24Z</time></trkpt><trkpt lat="41.54923040565112" lon="-71.32234988851191"><time>2026-08-09T18:34:25Z</time></trkpt><trkpt lat="41.54921185185998" lon="-71.32238572333522"><time>2026-08-09T18:34:26Z</time></trkpt><trkpt lat="41.54918918148584" lon="-71.3224199488457"><time>2026-08-09T18:34:27Z</time></trkpt><trkpt lat="41.54916908672461" lon="-71.32245512161471"><time>2026-08-09T18:34:28Z</time></trkpt><trkpt lat="41.54914896470896" lon="-71.32248934729215"><time>2026-08-09T18:34:29Z</time></trkpt><trkpt lat="41.549130469109414" lon="-71.3225251120927"><time>2026-08-09T18:34:30Z</time></trkpt><trkpt lat="41.54911006510552" lon="-71.32255880379378"><time>2026-08-09T18:34:31Z</time></trkpt><trkpt lat="41.549090421417326" lon="-71.32259187911662"><time>2026-08-09T18:34:32Z</time></trkpt><trkpt lat="41.54907183955556" lon="-71.32262644750467"><time>2026-08-09T18:34:33Z</time></trkpt><trkpt lat="41.54905184493681" lon="-71.32266062844474"><time>2026-08-09T18:34:34Z</time></trkpt><trkpt lat="41.54903256063725" lon="-71.32269534540298"><time>2026-08-09T18:34:35Z</time></trkpt><trkpt lat="41.54901272014276" lon="-71.32273010235328"><time>2026-08-09T18:34:36Z</time></trkpt><trkpt lat="41.54899282787924" lon="-71.32276273091483"><time>2026-08-09T18:34:37Z</time></trkpt><trkpt lat="41.54897282378228" lon="-71.3227981994876"><time>2026-08-09T18:34:38Z</time></trkpt><trkpt lat="41.54895239515556" lon="-71.32283139649533"><time>2026-08-09T18:34:39Z</time></trkpt><trkpt lat="41.548933344189656" lon="-71.32286494767465"><time>2026-08-09T18:34:40Z</time></trkpt><trkpt lat="41.54891248144597" lon="-71.32289925261911"><time>2026-08-09T18:34:41Z</time></trkpt><trkpt lat="41.548891755164675" lon="-71.32293110488632"><time>2026-08-09T18:34:42Z</time></trkpt><trkpt lat="41.54886899662632" lon="-71.32295746003993"><time>2026-08-09T18:34:43Z</time></trkpt><trkpt lat="41.54885371142835" lon="-71.3229902620122"><time>2026-08-09T18:34:44Z</time></trkpt><trkpt lat="41.54883264754653" lon="-71.32303265285853"><time>2026-08-09T18:34:45Z</time></trkpt><trkpt lat="41.54881219673058" lon="-71.32306634495316"><time>2026-08-09T18:34:46Z</time></trkpt><trkpt lat="41.54879233173492" lon="-71.32309802432016"><time>2026-08-09T18:34:47Z</time></trkpt><trkpt lat="41.54877025189384" lon="-71.32313310651263"><time>2026-08-09T18:34:48Z</time></trkpt><trkpt lat="41.54874848889791" lon="-71.3231660870517"><time>2026-08-09T18:34:49Z</time></trkpt><trkpt lat="41.548727411757625" lon="-71.32319854484865"><time>2026-08-09T18:34:50Z</time></trkpt><trkpt lat="41.54870576432986" lon="-71.32323164041198"><time>2026-08-09T18:34:51Z</time></trkpt><trkpt lat="41.5486859581893" lon="-71.32326649044876"><time>2026-08-09T18:34:52Z</time></trkpt><trkpt lat="41.54866522533482" lon="-71.32330078266168"><time>2026-08-09T18:34:53Z</time></trkpt><trkpt lat="41.5486455150081" lon="-71.32333342866599"><time>2026-08-09T18:34:54Z</time></trkpt><trkpt lat="41.54862440769145" lon="-71.32336673843938"><time>2026-08-09T18:34:55Z</time></trkpt><trkpt lat="41.54860213856673" lon="-71.323398475386"><time>2026-08-09T18:34:56Z</time></trkpt><trkpt lat="41.54858158221901" lon="-71.32343038968601"><time>2026-08-09T18:34:57Z</time></trkpt><trkpt lat="41.54855969663221" lon="-71.3234633111856"><time>2026-08-09T18:34:58Z</time></trkpt><trkpt lat="41.54853957938335" lon="-71.32349690964286"><time>2026-08-09T18:34:59Z</time></trkpt><trkpt lat="41.54851820402066" lon="-71.32353091266737"><time>2026-08-09T18:35:00Z</time></trkpt><trkpt lat="41.548497820563405" lon="-71.32356424050619"><time>2026-08-09T18:35:01Z</time></trkpt><trkpt lat="41.54847779023568" lon="-71.3235969008871"><time>2026-08-09T18:35:02Z</time></trkpt><trkpt lat="41.5484579178568" lon="-71.3236313991972"><time>2026-08-09T18:35:03Z</time></trkpt><trkpt lat="41.54843669677001" lon="-71.3236646919215"><time>2026-08-09T18:35:04Z</time></trkpt><trkpt lat="41.54841570866174" lon="-71.32369820021134"><time>2026-08-09T18:35:05Z</time></trkpt><trkpt lat="41.548392503788044" lon="-71.32373217631957"><time>2026-08-09T18:35:06Z</time></trkpt><trkpt lat="41.54837198317232" lon="-71.32376755014475"><time>2026-08-09T18:35:07Z</time></trkpt><trkpt lat="41.548350692832045" lon="-71.32380045649863"><time>2026-08-09T18:35:08Z</time></trkpt><trkpt lat="41.548329667749265" lon="-71.32383474653639"><time>2026-08-09T18:35:09Z</time></trkpt><trkpt lat="41.54830793263087" lon="-71.32386016171797"><time>2026-08-09T18:35:10Z</time></trkpt><trkpt lat="41.54828489816865" lon="-71.32388947867508"><time>2026-08-09T18:35:11Z</time></trkpt><trkpt lat="41.54826580476044" lon="-71.32392848375832"><time>2026-08-09T18:35:12Z</time></trkpt><trkpt lat="41.548249301030395" lon="-71.32395530821294"><time>2026-08-09T18:35:13Z</time></trkpt><trkpt lat="41.54822993906661" lon="-71.32399261078481"><time>2026-08-09T18:35:14Z</time></trkpt><trkpt lat="41.5482093571409" lon="-71.32402944019093"><time>2026-08-09T18:35:15Z</time></trkpt><trkpt lat="41.548187577008434" lon="-71.32406406529851"><time>2026-08-09T18:35:16Z</time></trkpt><trkpt lat="41.548168637642924" lon="-71.32410087885616"><time>2026-08-09T18:35:17Z</time></trkpt><trkpt lat="41.54814732391089" lon="-71.32413359972522"><time>2026-08-09T18:35:18Z</time></trkpt><trkpt lat="41.54812777748585" lon="-71.32416688223573"><time>2026-08-09T18:35:19Z</time></trkpt><trkpt lat="41.5481061169388" lon="-71.32420092353594"><time>2026-08-09T18:35:20Z</time></trkpt><trkpt lat="41.54808745703711" lon="-71.32424542605929"><time>2026-08-09T18:35:21Z</time></trkpt><trkpt lat="41.548064802423234" lon="-71.32428433345326"><time>2026-08-09T18:35:22Z</time></trkpt><trkpt lat="41.54804637767488" lon="-71.3243213710035"><time>2026-08-09T18:35:23Z</time></trkpt><trkpt lat="41.54802753525024" lon="-71.32435054033034"><time>2026-08-09T18:35:24Z</time></trkpt><trkpt lat="41.548006485528454" lon="-71.32438656572994"><time>2026-08-09T18:35:25Z</time></trkpt><trkpt lat="41.54798507622934" lon="-71.32441975782217"><time>2026-08-09T18:35:26Z</time></trkpt><trkpt lat="41.54796549688083" lon="-71.32445827308295"><time>2026-08-09T18:35:27Z</time></trkpt><trkpt lat="41.54794432419137" lon="-71.32449586902858"><time>2026-08-09T18:35:28Z</time></trkpt><trkpt lat="41.547923255124125" lon="-71.32453120181306"><time>2026-08-09T18:35:29Z</time></trkpt><trkpt lat="41.54790217011657" lon="-71.32456597398891"><time>2026-08-09T18:35:30Z</time></trkpt><trkpt lat="41.54788146994768" lon="-71.32460288511216"><time>2026-08-09T18:35:31Z</time></trkpt><trkpt lat="41.54786040336542" lon="-71.32463763679549"><time>2026-08-09T18:35:32Z</time></trkpt><trkpt lat="41.54783970862636" lon="-71.32467561956702"><time>2026-08-09T18:35:33Z</time></trkpt><trkpt lat="41.547817813136774" lon="-71.3247104993966"><time>2026-08-09T18:35:34Z</time></trkpt><trkpt lat="41.54779690747691" lon="-71.3247459134289"><time>2026-08-09T18:35:35Z</time></trkpt><trkpt lat="41.54777282678401" lon="-71.32477992841773"><time>2026-08-09T18:35:36Z</time></trkpt><trkpt lat="41.54775249665923" lon="-71.32481528619144"><time>2026-08-09T18:35:37Z</time></trkpt><trkpt lat="41.54773007084469" lon="-71.32485166698628"><time>2026-08-09T18:35:38Z</time></trkpt><trkpt lat="41.54770999259104" lon="-71.32488802433916"><time>2026-08-09T18:35:39Z</time></trkpt><trkpt lat="41.54768898483051" lon="-71.32492498950843"><time>2026-08-09T18:35:40Z</time></trkpt><trkpt lat="41.54766814278994" lon="-71.32495965700824"><time>2026-08-09T18:35:41Z</time></trkpt><trkpt lat="41.54764729252755" lon="-71.3249958660731"><time>2026-08-09T18:35:42Z</time></trkpt><trkpt lat="41.547626506012925" lon="-71.3250308760341"><time>2026-08-09T18:35:43Z</time></trkpt><trkpt lat="41.54760549197954" lon="-71.32506622580107"><time>2026-08-09T18:35:44Z</time></trkpt><trkpt lat="41.5475857961491" lon="-71.32510147935153"><time>2026-08-09T18:35:45Z</time></trkpt><trkpt lat="41.547564215456326" lon="-71.32513914638162"><time>2026-08-09T18:35:46Z</time></trkpt><trkpt lat="41.54754411219809" lon="-71.32517535118143"><time>2026-08-09T18:35:47Z</time></trkpt><trkpt lat="41.547523646756964" lon="-71.32521218276695"><time>2026-08-09T18:35:48Z</time></trkpt><trkpt lat="41.54750434285783" lon="-71.32524777522096"><time>2026-08-09T18:35:49Z</time></trkpt><trkpt lat="41.54748350123683" lon="-71.32528454460486"><time>2026-08-09T18:35:50Z</time></trkpt><trkpt lat="41.54746345836704" lon="-71.32532187307271"><time>2026-08-09T18:35:51Z</time></trkpt><trkpt lat="41.54744371459315" lon="-71.32535777272044"><time>2026-08-09T18:35:52Z</time></trkpt><trkpt lat="41.54742382902937" lon="-71.3253947514728"><time>2026-08-09T18:35:53Z</time></trkpt><trkpt lat="41.547404274019414" lon="-71.32543175694744"><time>2026-08-09T18:35:54Z</time></trkpt><trkpt lat="41.547384667025405" lon="-71.32546947913052"><time>2026-08-09T18:35:55Z</time></trkpt><trkpt lat="41.547364086053655" lon="-71.3255030367757"><time>2026-08-09T18:35:56Z</time></trkpt><trkpt lat="41.54734142173515" lon="-71.3255366194391"><time>2026-08-09T18:35:57Z</time></trkpt><trkpt lat="41.54732504281971" lon="-71.32557545328798"><time>2026-08-09T18:35:58Z</time></trkpt><trkpt lat="41.54730062191508" lon="-71.32561920648475"><time>2026-08-09T18:35:59Z</time></trkpt><trkpt lat="41.547283796445136" lon="-71.32565423686134"><time>2026-08-09T18:36:00Z</time></trkpt><trkpt lat="41.547262887649666" lon="-71.325690760243"><time>2026-08-09T18:36:01Z</time></trkpt><trkpt lat="41.547242735284215" lon="-71.32572837101203"><time>2026-08-09T18:36:02Z</time></trkpt><trkpt lat="41.54722157447356" lon="-71.32576537209837"><time>2026-08-09T18:36:03Z</time></trkpt><trkpt lat="41.54720119310485" lon="-71.32580280981384"><time>2026-08-09T18:36:04Z</time></trkpt><trkpt lat="41.54718004433499" lon="-71.32583797703037"><time>2026-08-09T18:36:05Z</time></trkpt><trkpt lat="41.54716006873932" lon="-71.32587555586521"><time>2026-08-09T18:36:06Z</time></trkpt><trkpt lat="41.54714035423813" lon="-71.32591287986187"><time>2026-08-09T18:36:07Z</time></trkpt><trkpt lat="41.54712103935378" lon="-71.32595102731182"><time>2026-08-09T18:36:08Z</time></trkpt><trkpt lat="41.54710166568628" lon="-71.3259876433707"><time>2026-08-09T18:36:09Z</time></trkpt><trkpt lat="41.54708195409457" lon="-71.32602485980668"><time>2026-08-09T18:36:10Z</time></trkpt><trkpt lat="41.547062978206235" lon="-71.3260627958567"><time>2026-08-09T18:36:11Z</time></trkpt><trkpt lat="41.54704264626781" lon="-71.32610015883411"><time>2026-08-09T18:36:12Z</time></trkpt><trkpt lat="41.547023011200636" lon="-71.3261376982181"><time>2026-08-09T18:36:13Z</time></trkpt><trkpt lat="41.54700265792291" lon="-71.32617356630612"><time>2026-08-09T18:36:14Z</time></trkpt><trkpt lat="41.5469825798083" lon="-71.32621034262445"><time>2026-08-09T18:36:15Z</time></trkpt><trkpt lat="41.54696171371121" lon="-71.32624626876726"><time>2026-08-09T18:36:16Z</time></trkpt><trkpt lat="41.54694181655232" lon="-71.32628280243281"><time>2026-08-09T18:36:17Z</time></trkpt><trkpt lat="41.546922243792594" lon="-71.3263197592499"><time>2026-08-09T18:36:18Z</time></trkpt><trkpt lat="41.54690270335604" lon="-71.32635692776611"><time>2026-08-09T18:36:19Z</time></trkpt><trkpt lat="41.54688269774396" lon="-71.32639338075015"><time>2026-08-09T18:36:20Z</time></trkpt><trkpt lat="41.54686249602244" lon="-71.32643052647053"><time>2026-08-09T18:36:21Z</time></trkpt><trkpt lat="41.54684343997906" lon="-71.32646796158924"><time>2026-08-09T18:36:22Z</time></trkpt><trkpt lat="41.5468238705175" lon="-71.32650562636691"><time>2026-08-09T18:36:23Z</time></trkpt><trkpt lat="41.546804578764146" lon="-71.3265446925861"><time>2026-08-09T18:36:24Z</time></trkpt><trkpt lat="41.546785081703945" lon="-71.32658065622618"><time>2026-08-09T18:36:25Z</time></trkpt><trkpt lat="41.546766129301574" lon="-71.32661785647139"><time>2026-08-09T18:36:26Z</time></trkpt><trkpt lat="41.5467461690162" lon="-71.32665474509778"><time>2026-08-09T18:36:27Z</time></trkpt><trkpt lat="41.546725794864635" lon="-71.3266914401527"><time>2026-08-09T18:36:28Z</time></trkpt><trkpt lat="41.546704473366574" lon="-71.32672347434726"><time>2026-08-09T18:36:29Z</time></trkpt><trkpt lat="41.5466849175275" lon="-71.32676033443525"><time>2026-08-09T18:36:30Z</time></trkpt><trkpt lat="41.54666611656711" lon="-71.32679670942635"><time>2026-08-09T18:36:31Z</time></trkpt><trkpt lat="41.546646777411" lon="-71.32682875323023"><time>2026-08-09T18:36:32Z</time></trkpt><trkpt lat="41.54663187267631" lon="-71.32687084112436"><time>2026-08-09T18:36:33Z</time></trkpt><trkpt lat="41.54662086108869" lon="-71.32691668822294"><time>2026-08-09T18:36:34Z</time></trkpt><trkpt lat="41.54660622439057" lon="-71.32695856500143"><time>2026-08-09T18:36:35Z</time></trkpt><trkpt lat="41.546600331283926" lon="-71.32700405627575"><time>2026-08-09T18:36:36Z</time></trkpt><trkpt lat="41.54659076469738" lon="-71.32705589916384"><time>2026-08-09T18:36:37Z</time></trkpt><trkpt lat="41.54658784173824" lon="-71.32710254520435"><time>2026-08-09T18:36:38Z</time></trkpt><trkpt lat="41.54658568514235" lon="-71.32715345908947"><time>2026-08-09T18:36:39Z</time></trkpt><trkpt lat="41.54658713471965" lon="-71.32720470687222"><time>2026-08-09T18:36:40Z</time></trkpt><trkpt lat="41.54658796172241" lon="-71.32725614748644"><time>2026-08-09T18:36:41Z</time></trkpt><trkpt lat="41.54658565002227" lon="-71.32730751378521"><time>2026-08-09T18:36:42Z</time></trkpt><trkpt lat="41.54657943382703" lon="-71.32735871836236"><time>2026-08-09T18:36:43Z</time></trkpt><trkpt lat="41.54657219182085" lon="-71.32740844725858"><time>2026-08-09T18:36:44Z</time></trkpt><trkpt lat="41.546569355909824" lon="-71.32745717217243"><time>2026-08-09T18:36:45Z</time></trkpt><trkpt lat="41.54656881501629" lon="-71.32750884216105"><time>2026-08-09T18:36:46Z</time></trkpt><trkpt lat="41.54656763091585" lon="-71.32755952007103"><time>2026-08-09T18:36:47Z</time></trkpt><trkpt lat="41.54656214199446" lon="-71.32760931153209"><time>2026-08-09T18:36:48Z</time></trkpt><trkpt lat="41.546554528906" lon="-71.32766292724322"><time>2026-08-09T18:36:49Z</time></trkpt><trkpt lat="41.54654194999471" lon="-71.32770713336919"><time>2026-08-09T18:36:50Z</time></trkpt><trkpt lat="41.546528634522" lon="-71.32775440010911"><time>2026-08-09T18:36:51Z</time></trkpt><trkpt lat="41.546515152903844" lon="-71.32780208195022"><time>2026-08-09T18:36:52Z</time></trkpt><trkpt lat="41.54650503329395" lon="-71.32784773928468"><time>2026-08-09T18:36:53Z</time></trkpt><trkpt lat="41.54649048561829" lon="-71.32789097602007"><time>2026-08-09T18:36:54Z</time></trkpt><trkpt lat="41.546477990231715" lon="-71.32793496322756"><time>2026-08-09T18:36:55Z</time></trkpt><trkpt lat="41.54646805057991" lon="-71.32798157887206"><time>2026-08-09T18:36:56Z</time></trkpt><trkpt lat="41.54645745974335" lon="-71.32802744777848"><time>2026-08-09T18:36:57Z</time></trkpt><trkpt lat="41.54644808962397" lon="-71.32807668237099"><time>2026-08-09T18:36:58Z</time></trkpt><trkpt lat="41.54643606565732" lon="-71.32812102460876"><time>2026-08-09T18:36:59Z</time></trkpt><trkpt lat="41.54642323242108" lon="-71.3281657224178"><time>2026-08-09T18:37:00Z</time></trkpt><trkpt lat="41.546409565676875" lon="-71.3282094516347"><time>2026-08-09T18:37:01Z</time></trkpt><trkpt lat="41.546393271711054" lon="-71.32825155138981"><time>2026-08-09T18:37:02Z</time></trkpt><trkpt lat="41.54637353160643" lon="-71.32827748033947"><time>2026-08-09T18:37:03Z</time></trkpt><trkpt lat="41.546359785060886" lon="-71.32832778903699"><time>2026-08-09T18:37:04Z</time></trkpt><trkpt lat="41.54634464998841" lon="-71.3283705271719"><time>2026-08-09T18:37:05Z</time></trkpt><trkpt lat="41.54632658047121" lon="-71.32841261955721"><time>2026-08-09T18:37:06Z</time></trkpt><trkpt lat="41.54630844435224" lon="-71.32845681937968"><time>2026-08-09T18:37:07Z</time></trkpt><trkpt lat="41.54629363999718" lon="-71.32849639049434"><time>2026-08-09T18:37:08Z</time></trkpt><trkpt lat="41.54627578312216" lon="-71.32853741746098"><time>2026-08-09T18:37:09Z</time></trkpt><trkpt lat="41.54625838340252" lon="-71.32858005846683"><time>2026-08-09T18:37:10Z</time></trkpt><trkpt lat="41.546238648731666" lon="-71.32861970514863"><time>2026-08-09T18:37:11Z</time></trkpt><trkpt lat="41.54621953224352" lon="-71.3286597867534"><time>2026-08-09T18:37:12Z</time></trkpt><trkpt lat="41.546200653454584" lon="-71.3287017146405"><time>2026-08-09T18:37:13Z</time></trkpt><trkpt lat="41.54618099991429" lon="-71.32873880776243"><time>2026-08-09T18:37:14Z</time></trkpt><trkpt lat="41.546162247560595" lon="-71.32878110717107"><time>2026-08-09T18:37:15Z</time></trkpt><trkpt lat="41.546140189342076" lon="-71.32881927889017"><time>2026-08-09T18:37:16Z</time></trkpt><trkpt lat="41.546122510452655" lon="-71.32886207571408"><time>2026-08-09T18:37:17Z</time></trkpt><trkpt lat="41.54610211941597" lon="-71.32889867175969"><time>2026-08-09T18:37:18Z</time></trkpt><trkpt lat="41.546084437907076" lon="-71.3289403165746"><time>2026-08-09T18:37:19Z</time></trkpt><trkpt lat="41.54606396619998" lon="-71.32897770787835"><time>2026-08-09T18:37:20Z</time></trkpt><trkpt lat="41.54604381288652" lon="-71.32901693249734"><time>2026-08-09T18:37:21Z</time></trkpt><trkpt lat="41.546021581351376" lon="-71.32905684689236"><time>2026-08-09T18:37:22Z</time></trkpt><trkpt lat="41.54600224920463" lon="-71.32909675995236"><time>2026-08-09T18:37:23Z</time></trkpt><trkpt lat="41.54598277351538" lon="-71.3291357669765"><time>2026-08-09T18:37:24Z</time></trkpt><trkpt lat="41.54596407768796" lon="-71.32917525483155"><time>2026-08-09T18:37:25Z</time></trkpt><trkpt lat="41.545943096769946" lon="-71.32921399707996"><time>2026-08-09T18:37:26Z</time></trkpt><trkpt lat="41.54592241760613" lon="-71.32924949485887"><time>2026-08-09T18:37:27Z</time></trkpt><trkpt lat="41.54590039435863" lon="-71.32928424997708"><time>2026-08-09T18:37:28Z</time></trkpt><trkpt lat="41.54587903666266" lon="-71.32932012534309"><time>2026-08-09T18:37:29Z</time></trkpt><trkpt lat="41.545859166761375" lon="-71.32935745456166"><time>2026-08-09T18:37:30Z</time></trkpt><trkpt lat="41.54583846883203" lon="-71.32939265876865"><time>2026-08-09T18:37:31Z</time></trkpt><trkpt lat="41.54581652663743" lon="-71.3294267357616"><time>2026-08-09T18:37:32Z</time></trkpt><trkpt lat="41.54579391885232" lon="-71.32946375134908"><time>2026-08-09T18:37:33Z</time></trkpt><trkpt lat="41.54577154454031" lon="-71.32949902612341"><time>2026-08-09T18:37:34Z</time></trkpt><trkpt lat="41.54575005059362" lon="-71.32953431466196"><time>2026-08-09T18:37:35Z</time></trkpt><trkpt lat="41.54572756702791" lon="-71.32956956323112"><time>2026-08-09T18:37:36Z</time></trkpt><trkpt lat="41.54570539970313" lon="-71.3296043308746"><time>2026-08-09T18:37:37Z</time></trkpt><trkpt lat="41.545684805986255" lon="-71.32963871573523"><time>2026-08-09T18:37:38Z</time></trkpt><trkpt lat="41.545662232769146" lon="-71.32967450781965"><time>2026-08-09T18:37:39Z</time></trkpt><trkpt lat="41.545641572431414" lon="-71.32971092410088"><time>2026-08-09T18:37:40Z</time></trkpt><trkpt lat="41.54562019334346" lon="-71.32974617990118"><time>2026-08-09T18:37:41Z</time></trkpt><trkpt lat="41.545598840543434" lon="-71.32978189954903"><time>2026-08-09T18:37:42Z</time></trkpt><trkpt lat="41.54557685242251" lon="-71.32981692112656"><time>2026-08-09T18:37:43Z</time></trkpt><trkpt lat="41.54555571037292" lon="-71.32984859768331"><time>2026-08-09T18:37:44Z</time></trkpt><trkpt lat="41.54553170113315" lon="-71.3298829257809"><time>2026-08-09T18:37:45Z</time></trkpt><trkpt lat="41.54550945791092" lon="-71.32991642629177"><time>2026-08-09T18:37:46Z</time></trkpt><trkpt lat="41.54549026085456" lon="-71.32994989007943"><time>2026-08-09T18:37:47Z</time></trkpt><trkpt lat="41.54546507284611" lon="-71.32998638169137"><time>2026-08-09T18:37:48Z</time></trkpt><trkpt lat="41.54544530144662" lon="-71.33002168443647"><time>2026-08-09T18:37:49Z</time></trkpt><trkpt lat="41.54542582468966" lon="-71.33005584908281"><time>2026-08-09T18:37:50Z</time></trkpt><trkpt lat="41.54540320177496" lon="-71.33009116746666"><time>2026-08-09T18:37:51Z</time></trkpt><trkpt lat="41.54538086059185" lon="-71.33012614958616"><time>2026-08-09T18:37:52Z</time></trkpt><trkpt lat="41.54535893286924" lon="-71.33015969531485"><time>2026-08-09T18:37:53Z</time></trkpt><trkpt lat="41.545337159794784" lon="-71.3301943020231"><time>2026-08-09T18:37:54Z</time></trkpt><trkpt lat="41.54531593472988" lon="-71.33022787534145"><time>2026-08-09T18:37:55Z</time></trkpt><trkpt lat="41.54529424909733" lon="-71.33026268382756"><time>2026-08-09T18:37:56Z</time></trkpt><trkpt lat="41.54527327730298" lon="-71.33029690794488"><time>2026-08-09T18:37:57Z</time></trkpt><trkpt lat="41.545252606075884" lon="-71.33033150763468"><time>2026-08-09T18:37:58Z</time></trkpt><trkpt lat="41.54523043866517" lon="-71.33036585728264"><time>2026-08-09T18:37:59Z</time></trkpt><trkpt lat="41.54520952950017" lon="-71.33040149435908"><time>2026-08-09T18:38:00Z</time></trkpt><trkpt lat="41.545187924897206" lon="-71.33043643388382"><time>2026-08-09T18:38:01Z</time></trkpt><trkpt lat="41.5451669950349" lon="-71.3304735318195"><time>2026-08-09T18:38:02Z</time></trkpt><trkpt lat="41.54514741564133" lon="-71.33050784328184"><time>2026-08-09T18:38:03Z</time></trkpt><trkpt lat="41.54512444671057" lon="-71.33054198571679"><time>2026-08-09T18:38:04Z</time></trkpt><trkpt lat="41.545103383619185" lon="-71.33057738284951"><time>2026-08-09T18:38:05Z</time></trkpt><trkpt lat="41.54508169061669" lon="-71.33061322239557"><time>2026-08-09T18:38:06Z</time></trkpt><trkpt lat="41.54506193756339" lon="-71.33064797307814"><time>2026-08-09T18:38:07Z</time></trkpt><trkpt lat="41.54504017258824" lon="-71.33068318915933"><time>2026-08-09T18:38:08Z</time></trkpt><trkpt lat="41.545018429129236" lon="-71.33071988364273"><time>2026-08-09T18:38:09Z</time></trkpt><trkpt lat="41.54499821895637" lon="-71.33075546139098"><time>2026-08-09T18:38:10Z</time></trkpt><trkpt lat="41.54497690447791" lon="-71.33079047246159"><time>2026-08-09T18:38:11Z</time></trkpt><trkpt lat="41.54495505328856" lon="-71.33082612239183"><time>2026-08-09T18:38:12Z</time></trkpt><trkpt lat="41.54493287534051" lon="-71.33086076762206"><time>2026-08-09T18:38:13Z</time></trkpt><trkpt lat="41.54491402403272" lon="-71.33089693029909"><time>2026-08-09T18:38:14Z</time></trkpt><trkpt lat="41.54489221621115" lon="-71.33092990805433"><time>2026-08-09T18:38:15Z</time></trkpt><trkpt lat="41.54486914466637" lon="-71.33096711661001"><time>2026-08-09T18:38:16Z</time></trkpt><trkpt lat="41.54484687105282" lon="-71.33099804500685"><time>2026-08-09T18:38:17Z</time></trkpt><trkpt lat="41.544827250376066" lon="-71.33103252610698"><time>2026-08-09T18:38:18Z</time></trkpt><trkpt lat="41.544806244765404" lon="-71.33106763728021"><time>2026-08-09T18:38:19Z</time></trkpt><trkpt lat="41.5447852727442" lon="-71.33110070306567"><time>2026-08-09T18:38:20Z</time></trkpt><trkpt lat="41.54476329864868" lon="-71.33113469050917"><time>2026-08-09T18:38:21Z</time></trkpt><trkpt lat="41.54474206591269" lon="-71.33116668513993"><time>2026-08-09T18:38:22Z</time></trkpt><trkpt lat="41.54472099127966" lon="-71.3311996629062"><time>2026-08-09T18:38:23Z</time></trkpt><trkpt lat="41.54470000397008" lon="-71.3312328236726"><time>2026-08-09T18:38:24Z</time></trkpt><trkpt lat="41.54467829251277" lon="-71.33126540995265"><time>2026-08-09T18:38:25Z</time></trkpt><trkpt lat="41.54465729415137" lon="-71.33129660918398"><time>2026-08-09T18:38:26Z</time></trkpt><trkpt lat="41.544636601038235" lon="-71.33132957887823"><time>2026-08-09T18:38:27Z</time></trkpt><trkpt lat="41.54461631241319" lon="-71.33136448202474"><time>2026-08-09T18:38:28Z</time></trkpt><trkpt lat="41.544597778272156" lon="-71.3314013812008"><time>2026-08-09T18:38:29Z</time></trkpt><trkpt lat="41.54457822803575" lon="-71.33143817018593"><time>2026-08-09T18:38:30Z</time></trkpt><trkpt lat="41.5445579848045" lon="-71.33147272872651"><time>2026-08-09T18:38:31Z</time></trkpt><trkpt lat="41.544537654155" lon="-71.33150612072073"><time>2026-08-09T18:38:32Z</time></trkpt><trkpt lat="41.544517441334335" lon="-71.3315409902619"><time>2026-08-09T18:38:33Z</time></trkpt><trkpt lat="41.54449781140051" lon="-71.33157611705474"><time>2026-08-09T18:38:34Z</time></trkpt><trkpt lat="41.54447801308919" lon="-71.33161142132667"><time>2026-08-09T18:38:35Z</time></trkpt><trkpt lat="41.54445845746911" lon="-71.33164719610902"><time>2026-08-09T18:38:36Z</time></trkpt><trkpt lat="41.54443868303441" lon="-71.33168158644233"><time>2026-08-09T18:38:37Z</time></trkpt><trkpt lat="41.544418343671474" lon="-71.33171681323316"><time>2026-08-09T18:38:38Z</time></trkpt><trkpt lat="41.54439806683727" lon="-71.33175064433419"><time>2026-08-09T18:38:39Z</time></trkpt><trkpt lat="41.54437780902224" lon="-71.3317841794785"><time>2026-08-09T18:38:40Z</time></trkpt><trkpt lat="41.544356732298596" lon="-71.33181805830924"><time>2026-08-09T18:38:41Z</time></trkpt><trkpt lat="41.544336381740294" lon="-71.33185200704042"><time>2026-08-09T18:38:42Z</time></trkpt><trkpt lat="41.544315135802286" lon="-71.33188621607174"><time>2026-08-09T18:38:43Z</time></trkpt><trkpt lat="41.54429410935139" lon="-71.33191993563037"><time>2026-08-09T18:38:44Z</time></trkpt><trkpt lat="41.54427310527473" lon="-71.33195552068092"><time>2026-08-09T18:38:45Z</time></trkpt><trkpt lat="41.544252790749226" lon="-71.33198915676634"><time>2026-08-09T18:38:46Z</time></trkpt><trkpt lat="41.54423250643939" lon="-71.33202363838501"><time>2026-08-09T18:38:47Z</time></trkpt><trkpt lat="41.544211729624756" lon="-71.33205815541945"><time>2026-08-09T18:38:48Z</time></trkpt><trkpt lat="41.54419103528848" lon="-71.33209243721856"><time>2026-08-09T18:38:49Z</time></trkpt><trkpt lat="41.5441708903747" lon="-71.33212635768187"><time>2026-08-09T18:38:50Z</time></trkpt><trkpt lat="41.54415008075828" lon="-71.33215946461989"><time>2026-08-09T18:38:51Z</time></trkpt><trkpt lat="41.54412932642646" lon="-71.33219380872032"><time>2026-08-09T18:38:52Z</time></trkpt><trkpt lat="41.5441090136489" lon="-71.3322276834167"><time>2026-08-09T18:38:53Z</time></trkpt><trkpt lat="41.54408847692131" lon="-71.33226176698503"><time>2026-08-09T18:38:54Z</time></trkpt><trkpt lat="41.544068038111206" lon="-71.33229578153433"><time>2026-08-09T18:38:55Z</time></trkpt><trkpt lat="41.54404810117962" lon="-71.33233013715237"><time>2026-08-09T18:38:56Z</time></trkpt><trkpt lat="41.544027458110875" lon="-71.33236209570458"><time>2026-08-09T18:38:57Z</time></trkpt><trkpt lat="41.54400543478084" lon="-71.33239321687915"><time>2026-08-09T18:38:58Z</time></trkpt><trkpt lat="41.54398465627356" lon="-71.33242386973349"><time>2026-08-09T18:38:59Z</time></trkpt><trkpt lat="41.54396593508364" lon="-71.33245673601627"><time>2026-08-09T18:39:00Z</time></trkpt><trkpt lat="41.54394718374518" lon="-71.33249161138745"><time>2026-08-09T18:39:01Z</time></trkpt><trkpt lat="41.543931278500686" lon="-71.3325285790263"><time>2026-08-09T18:39:02Z</time></trkpt><trkpt lat="41.543915218019436" lon="-71.33256713762715"><time>2026-08-09T18:39:03Z</time></trkpt><trkpt lat="41.54389781947945" lon="-71.33260727249797"><time>2026-08-09T18:39:04Z</time></trkpt><trkpt lat="41.54388586407639" lon="-71.33265061722086"><time>2026-08-09T18:39:05Z</time></trkpt><trkpt lat="41.543872955348526" lon="-71.33268648925402"><time>2026-08-09T18:39:06Z</time></trkpt><trkpt lat="41.54385533426072" lon="-71.33272215723194"><time>2026-08-09T18:39:07Z</time></trkpt><trkpt lat="41.54383158907555" lon="-71.33275799512249"><time>2026-08-09T18:39:08Z</time></trkpt><trkpt lat="41.543817850283226" lon="-71.33279432609659"><time>2026-08-09T18:39:09Z</time></trkpt><trkpt lat="41.543794471593124" lon="-71.33283315540118"><time>2026-08-09T18:39:10Z</time></trkpt><trkpt lat="41.54377820857941" lon="-71.3328628920735"><time>2026-08-09T18:39:11Z</time></trkpt><trkpt lat="41.543759007230975" lon="-71.33289912001814"><time>2026-08-09T18:39:12Z</time></trkpt><trkpt lat="41.543742178937016" lon="-71.33293254493586"><time>2026-08-09T18:39:13Z</time></trkpt><trkpt lat="41.54372127697616" lon="-71.33296751256903"><time>2026-08-09T18:39:14Z</time></trkpt><trkpt lat="41.54370256758102" lon="-71.33300276646827"><time>2026-08-09T18:39:15Z</time></trkpt><trkpt lat="41.54368369788737" lon="-71.3330363463543"><time>2026-08-09T18:39:16Z</time></trkpt><trkpt lat="41.543664124687396" lon="-71.33307038283408"><time>2026-08-09T18:39:17Z</time></trkpt><trkpt lat="41.543645282162494" lon="-71.33310449193898"><time>2026-08-09T18:39:18Z</time></trkpt><trkpt lat="41.543625758757926" lon="-71.33314011416581"><time>2026-08-09T18:39:19Z</time></trkpt><trkpt lat="41.54360616367188" lon="-71.33317396893857"><time>2026-08-09T18:39:20Z</time></trkpt><trkpt lat="41.54358708448356" lon="-71.33321011299695"><time>2026-08-09T18:39:21Z</time></trkpt><trkpt lat="41.54356711637835" lon="-71.33324301699537"><time>2026-08-09T18:39:22Z</time></trkpt><trkpt lat="41.5435473227133" lon="-71.33327460249532"><time>2026-08-09T18:39:23Z</time></trkpt><trkpt lat="41.54352657873908" lon="-71.33330780383396"><time>2026-08-09T18:39:24Z</time></trkpt><trkpt lat="41.54350665752951" lon="-71.33334050328392"><time>2026-08-09T18:39:25Z</time></trkpt><trkpt lat="41.54348623004588" lon="-71.33337053623409"><time>2026-08-09T18:39:26Z</time></trkpt><trkpt lat="41.54346538511691" lon="-71.3334047466494"><time>2026-08-09T18:39:27Z</time></trkpt><trkpt lat="41.54344536150583" lon="-71.33343846423521"><time>2026-08-09T18:39:28Z</time></trkpt><trkpt lat="41.543424719785165" lon="-71.33347245876251"><time>2026-08-09T18:39:29Z</time></trkpt><trkpt lat="41.54340413730695" lon="-71.33350403369224"><time>2026-08-09T18:39:30Z</time></trkpt><trkpt lat="41.54338512516157" lon="-71.33353907927994"><time>2026-08-09T18:39:31Z</time></trkpt><trkpt lat="41.543361940865864" lon="-71.33356867547205"><time>2026-08-09T18:39:32Z</time></trkpt><trkpt lat="41.543339741651316" lon="-71.33360102051775"><time>2026-08-09T18:39:33Z</time></trkpt><trkpt lat="41.54331854165101" lon="-71.33363148209311"><time>2026-08-09T18:39:34Z</time></trkpt><trkpt lat="41.54330266111515" lon="-71.33367075382618"><time>2026-08-09T18:39:35Z</time></trkpt><trkpt lat="41.543277845668385" lon="-71.333696714747"><time>2026-08-09T18:39:36Z</time></trkpt><trkpt lat="41.54325884761447" lon="-71.33373413920766"><time>2026-08-09T18:39:37Z</time></trkpt><trkpt lat="41.54323831886727" lon="-71.33376436092726"><time>2026-08-09T18:39:38Z</time></trkpt><trkpt lat="41.543216810092986" lon="-71.33379709947539"><time>2026-08-09T18:39:39Z</time></trkpt><trkpt lat="41.543194127310144" lon="-71.33382872843003"><time>2026-08-09T18:39:40Z</time></trkpt><trkpt lat="41.54317463285781" lon="-71.33386358359388"><time>2026-08-09T18:39:41Z</time></trkpt><trkpt lat="41.54314928891616" lon="-71.3339006246848"><time>2026-08-09T18:39:42Z</time></trkpt><trkpt lat="41.54313319312264" lon="-71.3339301348056"><time>2026-08-09T18:39:43Z</time></trkpt><trkpt lat="41.54311186595984" lon="-71.33394844032537"><time>2026-08-09T18:39:44Z</time></trkpt><trkpt lat="41.5430838410215" lon="-71.33395468794119"><time>2026-08-09T18:39:45Z</time></trkpt><trkpt lat="41.543045734007734" lon="-71.33397527882717"><time>2026-08-09T18:39:46Z</time></trkpt><trkpt lat="41.5430129008234" lon="-71.33397791362064"><time>2026-08-09T18:39:48Z</time></trkpt><trkpt lat="41.54297234087003" lon="-71.33397148310138"><time>2026-08-09T18:39:49Z</time></trkpt><trkpt lat="41.54296081203575" lon="-71.33394290608125"><time>2026-08-09T18:39:50Z</time></trkpt><trkpt lat="41.542920968398036" lon="-71.33391677279795"><time>2026-08-09T18:39:52Z</time></trkpt><trkpt lat="41.54289795424474" lon="-71.33388435567855"><time>2026-08-09T18:39:53Z</time></trkpt><trkpt lat="41.54288403825988" lon="-71.33386513317076"><time>2026-08-09T18:39:54Z</time></trkpt><trkpt lat="41.54284968292656" lon="-71.33383139832382"><time>2026-08-09T18:39:56Z</time></trkpt><trkpt lat="41.54282832542943" lon="-71.33381053270627"><time>2026-08-09T18:39:57Z</time></trkpt><trkpt lat="41.5428106219068" lon="-71.33379102533422"><time>2026-08-09T18:39:58Z</time></trkpt><trkpt lat="41.54277364336734" lon="-71.3337558515961"><time>2026-08-09T18:40:00Z</time></trkpt><trkpt lat="41.54275451486973" lon="-71.33373544376529"><time>2026-08-09T18:40:01Z</time></trkpt><trkpt lat="41.5427349495124" lon="-71.33371393946035"><time>2026-08-09T18:40:02Z</time></trkpt><trkpt lat="41.54271423580122" lon="-71.333691542232"><time>2026-08-09T18:40:03Z</time></trkpt><trkpt lat="41.54269289777024" lon="-71.33367178247823"><time>2026-08-09T18:40:04Z</time></trkpt><trkpt lat="41.54267012277532" lon="-71.33365467697669"><time>2026-08-09T18:40:05Z</time></trkpt><trkpt lat="41.54264740640753" lon="-71.33363721275244"><time>2026-08-09T18:40:06Z</time></trkpt><trkpt lat="41.5426251471348" lon="-71.33361888126115"><time>2026-08-09T18:40:07Z</time></trkpt><trkpt lat="41.54260098089621" lon="-71.3335996427443"><time>2026-08-09T18:40:08Z</time></trkpt><trkpt lat="41.542578830319016" lon="-71.33358031891166"><time>2026-08-09T18:40:09Z</time></trkpt><trkpt lat="41.542553697034954" lon="-71.33355947953642"><time>2026-08-09T18:40:10Z</time></trkpt><trkpt lat="41.542539750057315" lon="-71.33352565683785"><time>2026-08-09T18:40:11Z</time></trkpt><trkpt lat="41.542524514102006" lon="-71.33350929092883"><time>2026-08-09T18:40:12Z</time></trkpt><trkpt lat="41.54249808130247" lon="-71.33348490376619"><time>2026-08-09T18:40:13Z</time></trkpt><trkpt lat="41.542475679041786" lon="-71.3334595616836"><time>2026-08-09T18:40:14Z</time></trkpt><trkpt lat="41.54245455607003" lon="-71.33343706624598"><time>2026-08-09T18:40:15Z</time></trkpt><trkpt lat="41.54243186841302" lon="-71.33340996698433"><time>2026-08-09T18:40:16Z</time></trkpt><trkpt lat="41.54241103939261" lon="-71.33338693521834"><time>2026-08-09T18:40:17Z</time></trkpt><trkpt lat="41.54238774711146" lon="-71.33336094003643"><time>2026-08-09T18:40:18Z</time></trkpt><trkpt lat="41.5423662325446" lon="-71.33333541432981"><time>2026-08-09T18:40:19Z</time></trkpt><trkpt lat="41.54234487343453" lon="-71.33331026422302"><time>2026-08-09T18:40:20Z</time></trkpt><trkpt lat="41.54232171132904" lon="-71.33328470441263"><time>2026-08-09T18:40:21Z</time></trkpt><trkpt lat="41.542299343021426" lon="-71.33325766507232"><time>2026-08-09T18:40:22Z</time></trkpt><trkpt lat="41.54227597054497" lon="-71.33322918400789"><time>2026-08-09T18:40:23Z</time></trkpt><trkpt lat="41.54225325858182" lon="-71.3332011647289"><time>2026-08-09T18:40:24Z</time></trkpt><trkpt lat="41.542230748764254" lon="-71.33317372837527"><time>2026-08-09T18:40:25Z</time></trkpt><trkpt lat="41.54220939592772" lon="-71.33314516664943"><time>2026-08-09T18:40:26Z</time></trkpt><trkpt lat="41.54218701071301" lon="-71.33311361679787"><time>2026-08-09T18:40:27Z</time></trkpt><trkpt lat="41.542166901108345" lon="-71.33308158386076"><time>2026-08-09T18:40:28Z</time></trkpt><trkpt lat="41.542143918328875" lon="-71.3330497898393"><time>2026-08-09T18:40:29Z</time></trkpt><trkpt lat="41.54211958980619" lon="-71.33302424202934"><time>2026-08-09T18:40:30Z</time></trkpt><trkpt lat="41.54209507206321" lon="-71.3329988750513"><time>2026-08-09T18:40:31Z</time></trkpt><trkpt lat="41.542071392037826" lon="-71.33297029267813"><time>2026-08-09T18:40:32Z</time></trkpt><trkpt lat="41.542046824354316" lon="-71.3329437652694"><time>2026-08-09T18:40:33Z</time></trkpt><trkpt lat="41.54202403850311" lon="-71.33291545230526"><time>2026-08-09T18:40:34Z</time></trkpt><trkpt lat="41.54200019708604" lon="-71.33288710279271"><time>2026-08-09T18:40:35Z</time></trkpt><trkpt lat="41.541976847945755" lon="-71.33285707514842"><time>2026-08-09T18:40:36Z</time></trkpt><trkpt lat="41.541952491958675" lon="-71.3328283060976"><time>2026-08-09T18:40:37Z</time></trkpt><trkpt lat="41.54192635105441" lon="-71.33279454529261"><time>2026-08-09T18:40:38Z</time></trkpt><trkpt lat="41.541898714201494" lon="-71.332762411244"><time>2026-08-09T18:40:39Z</time></trkpt><trkpt lat="41.54187778630925" lon="-71.33273242271252"><time>2026-08-09T18:40:40Z</time></trkpt><trkpt lat="41.54185670772167" lon="-71.33270547201172"><time>2026-08-09T18:40:41Z</time></trkpt><trkpt lat="41.54183440855799" lon="-71.33267637373389"><time>2026-08-09T18:40:42Z</time></trkpt><trkpt lat="41.5418137818919" lon="-71.33265130855307"><time>2026-08-09T18:40:43Z</time></trkpt><trkpt lat="41.54179075184092" lon="-71.33262372602384"><time>2026-08-09T18:40:44Z</time></trkpt><trkpt lat="41.5417645771672" lon="-71.33259588510393"><time>2026-08-09T18:40:45Z</time></trkpt><trkpt lat="41.54174203083167" lon="-71.33256975909987"><time>2026-08-09T18:40:46Z</time></trkpt><trkpt lat="41.54172036271062" lon="-71.33254062336758"><time>2026-08-09T18:40:47Z</time></trkpt><trkpt lat="41.54169783162445" lon="-71.33251914317607"><time>2026-08-09T18:40:48Z</time></trkpt><trkpt lat="41.54167030098646" lon="-71.3324948118506"><time>2026-08-09T18:40:49Z</time></trkpt><trkpt lat="41.541644226822186" lon="-71.33246446721074"><time>2026-08-09T18:40:50Z</time></trkpt><trkpt lat="41.54162248458617" lon="-71.33243136931954"><time>2026-08-09T18:40:51Z</time></trkpt><trkpt lat="41.54159520732741" lon="-71.3324103387858"><time>2026-08-09T18:40:52Z</time></trkpt><trkpt lat="41.5415755355156" lon="-71.33238002103143"><time>2026-08-09T18:40:53Z</time></trkpt><trkpt lat="41.541554257583094" lon="-71.33234655156237"><time>2026-08-09T18:40:54Z</time></trkpt><trkpt lat="41.54153484835027" lon="-71.33231540080295"><time>2026-08-09T18:40:55Z</time></trkpt><trkpt lat="41.541511335263976" lon="-71.33229208650548"><time>2026-08-09T18:40:56Z</time></trkpt><trkpt lat="41.54148323024603" lon="-71.33226454527747"><time>2026-08-09T18:40:57Z</time></trkpt><trkpt lat="41.54145919284037" lon="-71.33223624944483"><time>2026-08-09T18:40:58Z</time></trkpt><trkpt lat="41.54143692900075" lon="-71.33220827505872"><time>2026-08-09T18:40:59Z</time></trkpt><trkpt lat="41.54141425579669" lon="-71.33217895445998"><time>2026-08-09T18:41:00Z</time></trkpt><trkpt lat="41.54138968115572" lon="-71.3321511714276"><time>2026-08-09T18:41:01Z</time></trkpt><trkpt lat="41.54136785783987" lon="-71.33212317167053"><time>2026-08-09T18:41:02Z</time></trkpt><trkpt lat="41.541342349349286" lon="-71.33209549142087"><time>2026-08-09T18:41:03Z</time></trkpt><trkpt lat="41.541318651857715" lon="-71.33206778817731"><time>2026-08-09T18:41:04Z</time></trkpt><trkpt lat="41.54129444692561" lon="-71.33204098536959"><time>2026-08-09T18:41:05Z</time></trkpt><trkpt lat="41.54126942367731" lon="-71.33201369451356"><time>2026-08-09T18:41:06Z</time></trkpt><trkpt lat="41.54124508772012" lon="-71.33198651941375"><time>2026-08-09T18:41:07Z</time></trkpt><trkpt lat="41.54122087049539" lon="-71.33195751174134"><time>2026-08-09T18:41:08Z</time></trkpt><trkpt lat="41.541197848933045" lon="-71.33192848767955"><time>2026-08-09T18:41:09Z</time></trkpt><trkpt lat="41.54117476371903" lon="-71.33189790580506"><time>2026-08-09T18:41:10Z</time></trkpt><trkpt lat="41.541151480028546" lon="-71.3318698711501"><time>2026-08-09T18:41:11Z</time></trkpt><trkpt lat="41.54112708705949" lon="-71.3318432901101"><time>2026-08-09T18:41:12Z</time></trkpt><trkpt lat="41.54110450440418" lon="-71.33181509802944"><time>2026-08-09T18:41:13Z</time></trkpt><trkpt lat="41.54108018781699" lon="-71.3317855150057"><time>2026-08-09T18:41:14Z</time></trkpt><trkpt lat="41.54105728239683" lon="-71.3317564348935"><time>2026-08-09T18:41:15Z</time></trkpt><trkpt lat="41.541034105679074" lon="-71.33172734858807"><time>2026-08-09T18:41:16Z</time></trkpt><trkpt lat="41.541009917609294" lon="-71.33169787042544"><time>2026-08-09T18:41:17Z</time></trkpt><trkpt lat="41.54098737792465" lon="-71.33166859128312"><time>2026-08-09T18:41:18Z</time></trkpt><trkpt lat="41.54096607230821" lon="-71.33163672263554"><time>2026-08-09T18:41:19Z</time></trkpt><trkpt lat="41.540943245542834" lon="-71.33160683132549"><time>2026-08-09T18:41:20Z</time></trkpt><trkpt lat="41.54092217516519" lon="-71.33157602686245"><time>2026-08-09T18:41:21Z</time></trkpt><trkpt lat="41.54090036784891" lon="-71.33154672358678"><time>2026-08-09T18:41:22Z</time></trkpt><trkpt lat="41.540877005170344" lon="-71.3315189078477"><time>2026-08-09T18:41:23Z</time></trkpt><trkpt lat="41.54085466915314" lon="-71.33148957132586"><time>2026-08-09T18:41:24Z</time></trkpt><trkpt lat="41.54083168121634" lon="-71.33145970074123"><time>2026-08-09T18:41:25Z</time></trkpt><trkpt lat="41.540810006036395" lon="-71.33142948725192"><time>2026-08-09T18:41:26Z</time></trkpt><trkpt lat="41.54078742343564" lon="-71.33140080398894"><time>2026-08-09T18:41:27Z</time></trkpt><trkpt lat="41.540765084492286" lon="-71.33137113226637"><time>2026-08-09T18:41:28Z</time></trkpt><trkpt lat="41.54074196870201" lon="-71.33134253723865"><time>2026-08-09T18:41:29Z</time></trkpt><trkpt lat="41.540718931792455" lon="-71.33131403616794"><time>2026-08-09T18:41:30Z</time></trkpt><trkpt lat="41.54069733816083" lon="-71.33128323992904"><time>2026-08-09T18:41:31Z</time></trkpt><trkpt lat="41.54067576615747" lon="-71.33125151260464"><time>2026-08-09T18:41:32Z</time></trkpt><trkpt lat="41.540653719632445" lon="-71.33122252810416"><time>2026-08-09T18:41:33Z</time></trkpt><trkpt lat="41.54063169841729" lon="-71.33119183480437"><time>2026-08-09T18:41:34Z</time></trkpt><trkpt lat="41.54060948870546" lon="-71.33116248511445"><time>2026-08-09T18:41:35Z</time></trkpt><trkpt lat="41.54058678785935" lon="-71.33113391752875"><time>2026-08-09T18:41:36Z</time></trkpt><trkpt lat="41.54056465215265" lon="-71.3311050286729"><time>2026-08-09T18:41:37Z</time></trkpt><trkpt lat="41.54054050041951" lon="-71.3310783826565"><time>2026-08-09T18:41:38Z</time></trkpt><trkpt lat="41.54052278728847" lon="-71.33105101342282"><time>2026-08-09T18:41:39Z</time></trkpt><trkpt lat="41.5405093600553" lon="-71.3310263373829"><time>2026-08-09T18:41:40Z</time></trkpt><trkpt lat="41.54048286323797" lon="-71.3309987343522"><time>2026-08-09T18:41:41Z</time></trkpt><trkpt lat="41.540456865003655" lon="-71.33096476290812"><time>2026-08-09T18:41:42Z</time></trkpt><trkpt lat="41.540437555660496" lon="-71.33093564476961"><time>2026-08-09T18:41:43Z</time></trkpt><trkpt lat="41.54041590967506" lon="-71.33090532133832"><time>2026-08-09T18:41:44Z</time></trkpt><trkpt lat="41.540394463199505" lon="-71.33087614623068"><time>2026-08-09T18:41:45Z</time></trkpt><trkpt lat="41.540373357908564" lon="-71.33084741288776"><time>2026-08-09T18:41:46Z</time></trkpt><trkpt lat="41.54035037322812" lon="-71.33081944339979"><time>2026-08-09T18:41:47Z</time></trkpt><trkpt lat="41.54032838493599" lon="-71.33079177489248"><time>2026-08-09T18:41:48Z</time></trkpt><trkpt lat="41.54030599666759" lon="-71.3307619199442"><time>2026-08-09T18:41:49Z</time></trkpt><trkpt lat="41.54028446843028" lon="-71.33073331523282"><time>2026-08-09T18:41:50Z</time></trkpt><trkpt lat="41.54026202926089" lon="-71.33070466217853"><time>2026-08-09T18:41:51Z</time></trkpt><trkpt lat="41.54024164593306" lon="-71.33067184757087"><time>2026-08-09T18:41:52Z</time></trkpt><trkpt lat="41.540221335132436" lon="-71.3306435064055"><time>2026-08-09T18:41:53Z</time></trkpt><trkpt lat="41.54019849717575" lon="-71.33061643259512"><time>2026-08-09T18:41:54Z</time></trkpt><trkpt lat="41.54017578763309" lon="-71.33058590868733"><time>2026-08-09T18:41:55Z</time></trkpt><trkpt lat="41.54015330495211" lon="-71.33056040098062"><time>2026-08-09T18:41:56Z</time></trkpt><trkpt lat="41.540130339520324" lon="-71.33053285126056"><time>2026-08-09T18:41:57Z</time></trkpt><trkpt lat="41.54010985110799" lon="-71.33050244819182"><time>2026-08-09T18:41:58Z</time></trkpt><trkpt lat="41.540089628363724" lon="-71.33047431877559"><time>2026-08-09T18:41:59Z</time></trkpt><trkpt lat="41.54006781961621" lon="-71.33044475334896"><time>2026-08-09T18:42:00Z</time></trkpt><trkpt lat="41.54004617627653" lon="-71.33041706746694"><time>2026-08-09T18:42:01Z</time></trkpt><trkpt lat="41.54002352673235" lon="-71.33039148514293"><time>2026-08-09T18:42:02Z</time></trkpt><trkpt lat="41.5400011976677" lon="-71.33036467417011"><time>2026-08-09T18:42:03Z</time></trkpt><trkpt lat="41.53997914132454" lon="-71.3303383077794"><time>2026-08-09T18:42:04Z</time></trkpt><trkpt lat="41.5399573222893" lon="-71.33031133505399"><time>2026-08-09T18:42:05Z</time></trkpt><trkpt lat="41.53993594911857" lon="-71.33028197507835"><time>2026-08-09T18:42:06Z</time></trkpt><trkpt lat="41.53991384390598" lon="-71.33025437189534"><time>2026-08-09T18:42:07Z</time></trkpt><trkpt lat="41.53989223992957" lon="-71.33022696533895"><time>2026-08-09T18:42:08Z</time></trkpt><trkpt lat="41.539870920372394" lon="-71.33019907375935"><time>2026-08-09T18:42:09Z</time></trkpt><trkpt lat="41.539850398876105" lon="-71.3301726221504"><time>2026-08-09T18:42:10Z</time></trkpt><trkpt lat="41.53982840301398" lon="-71.3301481250776"><time>2026-08-09T18:42:11Z</time></trkpt><trkpt lat="41.53980631666798" lon="-71.33012233077464"><time>2026-08-09T18:42:12Z</time></trkpt><trkpt lat="41.53978418598854" lon="-71.33009775596676"><time>2026-08-09T18:42:13Z</time></trkpt><trkpt lat="41.539762765148446" lon="-71.33007069339921"><time>2026-08-09T18:42:14Z</time></trkpt><trkpt lat="41.53974188731281" lon="-71.330043979247"><time>2026-08-09T18:42:15Z</time></trkpt><trkpt lat="41.539722013026896" lon="-71.33001605460727"><time>2026-08-09T18:42:16Z</time></trkpt><trkpt lat="41.53970154932436" lon="-71.32998840851175"><time>2026-08-09T18:42:17Z</time></trkpt><trkpt lat="41.53967990386521" lon="-71.32996387629916"><time>2026-08-09T18:42:18Z</time></trkpt><trkpt lat="41.539657016529105" lon="-71.32993695225778"><time>2026-08-09T18:42:19Z</time></trkpt><trkpt lat="41.539637537106636" lon="-71.32990913407406"><time>2026-08-09T18:42:20Z</time></trkpt><trkpt lat="41.539617721515924" lon="-71.32988016970769"><time>2026-08-09T18:42:21Z</time></trkpt><trkpt lat="41.5395975491556" lon="-71.3298516029174"><time>2026-08-09T18:42:22Z</time></trkpt><trkpt lat="41.53957707953449" lon="-71.32982315778095"><time>2026-08-09T18:42:23Z</time></trkpt><trkpt lat="41.53955769628979" lon="-71.32979458977162"><time>2026-08-09T18:42:24Z</time></trkpt><trkpt lat="41.53953694300753" lon="-71.32976562759137"><time>2026-08-09T18:42:25Z</time></trkpt><trkpt lat="41.539517240202436" lon="-71.32973752631787"><time>2026-08-09T18:42:26Z</time></trkpt><trkpt lat="41.53949509123086" lon="-71.32970982316705"><time>2026-08-09T18:42:27Z</time></trkpt><trkpt lat="41.53947596517877" lon="-71.3296811235447"><time>2026-08-09T18:42:28Z</time></trkpt><trkpt lat="41.53945521325563" lon="-71.32965314911691"><time>2026-08-09T18:42:29Z</time></trkpt><trkpt lat="41.53943395586796" lon="-71.32962472687828"><time>2026-08-09T18:42:30Z</time></trkpt><trkpt lat="41.539413193996154" lon="-71.32959569279889"><time>2026-08-09T18:42:31Z</time></trkpt><trkpt lat="41.5393926235864" lon="-71.32956380607767"><time>2026-08-09T18:42:32Z</time></trkpt><trkpt lat="41.53937154148521" lon="-71.3295378693805"><time>2026-08-09T18:42:33Z</time></trkpt><trkpt lat="41.539349835615916" lon="-71.32951225980774"><time>2026-08-09T18:42:34Z</time></trkpt><trkpt lat="41.53932816742744" lon="-71.32948401700877"><time>2026-08-09T18:42:35Z</time></trkpt><trkpt lat="41.539307466684924" lon="-71.32945638708281"><time>2026-08-09T18:42:36Z</time></trkpt><trkpt lat="41.53928677860329" lon="-71.32942557294113"><time>2026-08-09T18:42:37Z</time></trkpt><trkpt lat="41.539268686328725" lon="-71.32939461235831"><time>2026-08-09T18:42:38Z</time></trkpt><trkpt lat="41.53924729388359" lon="-71.32936578324556"><time>2026-08-09T18:42:39Z</time></trkpt><trkpt lat="41.539225637812464" lon="-71.32933777763972"><time>2026-08-09T18:42:40Z</time></trkpt><trkpt lat="41.53920464760174" lon="-71.32931016242395"><time>2026-08-09T18:42:41Z</time></trkpt><trkpt lat="41.53918394614272" lon="-71.32928223583743"><time>2026-08-09T18:42:42Z</time></trkpt><trkpt lat="41.53916227665822" lon="-71.3292523946552"><time>2026-08-09T18:42:43Z</time></trkpt><trkpt lat="41.53914134437508" lon="-71.32922432409964"><time>2026-08-09T18:42:44Z</time></trkpt><trkpt lat="41.53911926164471" lon="-71.32919621132625"><time>2026-08-09T18:42:45Z</time></trkpt><trkpt lat="41.53909717200398" lon="-71.32917124332266"><time>2026-08-09T18:42:46Z</time></trkpt><trkpt lat="41.53907715429105" lon="-71.32914105644583"><time>2026-08-09T18:42:47Z</time></trkpt><trkpt lat="41.53905727358165" lon="-71.32911251830576"><time>2026-08-09T18:42:48Z</time></trkpt><trkpt lat="41.53903526171764" lon="-71.32908324708885"><time>2026-08-09T18:42:49Z</time></trkpt><trkpt lat="41.539013469695014" lon="-71.32905179603466"><time>2026-08-09T18:42:50Z</time></trkpt><trkpt lat="41.53899287339754" lon="-71.32902284963296"><time>2026-08-09T18:42:51Z</time></trkpt><trkpt lat="41.53897062308391" lon="-71.32899532164416"><time>2026-08-09T18:42:52Z</time></trkpt><trkpt lat="41.53894951517171" lon="-71.32896437599886"><time>2026-08-09T18:42:53Z</time></trkpt><trkpt lat="41.53892732096978" lon="-71.32893439516306"><time>2026-08-09T18:42:54Z</time></trkpt><trkpt lat="41.53890416780996" lon="-71.32890622366295"><time>2026-08-09T18:42:55Z</time></trkpt><trkpt lat="41.53888216885293" lon="-71.32887719571269"><time>2026-08-09T18:42:56Z</time></trkpt><trkpt lat="41.53886008741183" lon="-71.32885029092863"><time>2026-08-09T18:42:57Z</time></trkpt><trkpt lat="41.53883612464805" lon="-71.3288236430632"><time>2026-08-09T18:42:58Z</time></trkpt><trkpt lat="41.53881134591076" lon="-71.32879855580616"><time>2026-08-09T18:42:59Z</time></trkpt><trkpt lat="41.53878782788295" lon="-71.3287763505186"><time>2026-08-09T18:43:00Z</time></trkpt><trkpt lat="41.53876141565432" lon="-71.32875210980121"><time>2026-08-09T18:43:01Z</time></trkpt><trkpt lat="41.53873773974994" lon="-71.3287250236704"><time>2026-08-09T18:43:02Z</time></trkpt><trkpt lat="41.53871801923927" lon="-71.32868993268463"><time>2026-08-09T18:43:03Z</time></trkpt><trkpt lat="41.53870168773149" lon="-71.32865349520598"><time>2026-08-09T18:43:04Z</time></trkpt><trkpt lat="41.538691549249606" lon="-71.32861147813612"><time>2026-08-09T18:43:05Z</time></trkpt><trkpt lat="41.53868389781539" lon="-71.32857068711822"><time>2026-08-09T18:43:06Z</time></trkpt><trkpt lat="41.53868303234966" lon="-71.32852863124045"><time>2026-08-09T18:43:07Z</time></trkpt><trkpt lat="41.53867953270299" lon="-71.32848141736055"><time>2026-08-09T18:43:08Z</time></trkpt><trkpt lat="41.53867561271442" lon="-71.32844794160677"><time>2026-08-09T18:43:09Z</time></trkpt><trkpt lat="41.53865939541679" lon="-71.3283914193138"><time>2026-08-09T18:43:10Z</time></trkpt><trkpt lat="41.53865423598616" lon="-71.32833553480711"><time>2026-08-09T18:43:11Z</time></trkpt><trkpt lat="41.53865926525736" lon="-71.32829147017215"><time>2026-08-09T18:43:12Z</time></trkpt><trkpt lat="41.53865776246137" lon="-71.32825533702771"><time>2026-08-09T18:43:13Z</time></trkpt><trkpt lat="41.53865434756573" lon="-71.32820845432285"><time>2026-08-09T18:43:14Z</time></trkpt><trkpt lat="41.538649837943595" lon="-71.32815684912767"><time>2026-08-09T18:43:15Z</time></trkpt><trkpt lat="41.53864750008106" lon="-71.32810970125216"><time>2026-08-09T18:43:16Z</time></trkpt><trkpt lat="41.53864550421453" lon="-71.32806490359809"><time>2026-08-09T18:43:17Z</time></trkpt><trkpt lat="41.53864560922862" lon="-71.32801820833642"><time>2026-08-09T18:43:18Z</time></trkpt><trkpt lat="41.53864448322074" lon="-71.32797221946336"><time>2026-08-09T18:43:19Z</time></trkpt><trkpt lat="41.538644456546734" lon="-71.3279274043631"><time>2026-08-09T18:43:20Z</time></trkpt><trkpt lat="41.538641928690105" lon="-71.32788590336529"><time>2026-08-09T18:43:21Z</time></trkpt><trkpt lat="41.53863843207423" lon="-71.32783294152934"><time>2026-08-09T18:43:22Z</time></trkpt><trkpt lat="41.53863311278579" lon="-71.32778918319868"><time>2026-08-09T18:43:23Z</time></trkpt><trkpt lat="41.538630249732456" lon="-71.32773764684426"><time>2026-08-09T18:43:24Z</time></trkpt><trkpt lat="41.53862955913497" lon="-71.327691680948"><time>2026-08-09T18:43:25Z</time></trkpt><trkpt lat="41.53863449555112" lon="-71.32764541037984"><time>2026-08-09T18:43:26Z</time></trkpt><trkpt lat="41.53863744231529" lon="-71.32759833818395"><time>2026-08-09T18:43:27Z</time></trkpt><trkpt lat="41.53864145605095" lon="-71.32755535195122"><time>2026-08-09T18:43:28Z</time></trkpt><trkpt lat="41.53864679236099" lon="-71.32750778160454"><time>2026-08-09T18:43:29Z</time></trkpt><trkpt lat="41.538664975625004" lon="-71.32746899947956"><time>2026-08-09T18:43:30Z</time></trkpt><trkpt lat="41.53868671990698" lon="-71.32742649103831"><time>2026-08-09T18:43:31Z</time></trkpt><trkpt lat="41.53871641282325" lon="-71.3274091389187"><time>2026-08-09T18:43:32Z</time></trkpt><trkpt lat="41.53873491296868" lon="-71.32738235082124"><time>2026-08-09T18:43:33Z</time></trkpt><trkpt lat="41.53877371860807" lon="-71.32735472128525"><time>2026-08-09T18:43:34Z</time></trkpt><trkpt lat="41.53880202374975" lon="-71.32734502970787"><time>2026-08-09T18:43:35Z</time></trkpt><trkpt lat="41.538824001726354" lon="-71.32733662139249"><time>2026-08-09T18:43:36Z</time></trkpt><trkpt lat="41.538859217871504" lon="-71.32731880772444"><time>2026-08-09T18:43:37Z</time></trkpt><trkpt lat="41.538890755126346" lon="-71.3272970692874"><time>2026-08-09T18:43:38Z</time></trkpt><trkpt lat="41.538915362983126" lon="-71.32728356609312"><time>2026-08-09T18:43:39Z</time></trkpt><trkpt lat="41.53893583351772" lon="-71.32726411977784"><time>2026-08-09T18:43:40Z</time></trkpt><trkpt lat="41.538959553913884" lon="-71.32723899681768"><time>2026-08-09T18:43:41Z</time></trkpt><trkpt lat="41.53899260181281" lon="-71.32722005401727"><time>2026-08-09T18:43:42Z</time></trkpt><trkpt lat="41.539020666713604" lon="-71.32720511404047"><time>2026-08-09T18:43:43Z</time></trkpt><trkpt lat="41.5390510384132" lon="-71.32719634074734"><time>2026-08-09T18:43:44Z</time></trkpt><trkpt lat="41.53907257187076" lon="-71.32718097050811"><time>2026-08-09T18:43:45Z</time></trkpt><trkpt lat="41.53909887048209" lon="-71.327162791333"><time>2026-08-09T18:43:46Z</time></trkpt><trkpt lat="41.539125586650606" lon="-71.32713489660861"><time>2026-08-09T18:43:47Z</time></trkpt><trkpt lat="41.53915304346297" lon="-71.32711332764225"><time>2026-08-09T18:43:48Z</time></trkpt><trkpt lat="41.539174511574274" lon="-71.3271010054221"><time>2026-08-09T18:43:49Z</time></trkpt><trkpt lat="41.53920163783159" lon="-71.32708603898625"><time>2026-08-09T18:43:50Z</time></trkpt><trkpt lat="41.539222894244475" lon="-71.32707007602468"><time>2026-08-09T18:43:51Z</time></trkpt><trkpt lat="41.539250267622606" lon="-71.32705141169417"><time>2026-08-09T18:43:52Z</time></trkpt><trkpt lat="41.539275743397425" lon="-71.32703894617251"><time>2026-08-09T18:43:53Z</time></trkpt><trkpt lat="41.53930075702892" lon="-71.32702274878122"><time>2026-08-09T18:43:54Z</time></trkpt><trkpt lat="41.53932762920395" lon="-71.32700898173195"><time>2026-08-09T18:43:55Z</time></trkpt><trkpt lat="41.53935298927461" lon="-71.32699391139188"><time>2026-08-09T18:43:56Z</time></trkpt><trkpt lat="41.539379030972924" lon="-71.32698012209957"><time>2026-08-09T18:43:57Z</time></trkpt><trkpt lat="41.539402541460134" lon="-71.32696380333851"><time>2026-08-09T18:43:58Z</time></trkpt><trkpt lat="41.53942702138756" lon="-71.32695078810013"><time>2026-08-09T18:43:59Z</time></trkpt><trkpt lat="41.53945188699681" lon="-71.32693435664704"><time>2026-08-09T18:44:00Z</time></trkpt><trkpt lat="41.539477569674204" lon="-71.32691946508523"><time>2026-08-09T18:44:01Z</time></trkpt><trkpt lat="41.53950131418213" lon="-71.32690993160611"><time>2026-08-09T18:44:02Z</time></trkpt><trkpt lat="41.53952185499254" lon="-71.3268868548718"><time>2026-08-09T18:44:03Z</time></trkpt><trkpt lat="41.539546037964946" lon="-71.32687069519453"><time>2026-08-09T18:44:04Z</time></trkpt><trkpt lat="41.53957079032403" lon="-71.32685579967762"><time>2026-08-09T18:44:05Z</time></trkpt><trkpt lat="41.53959599124713" lon="-71.32684333063024"><time>2026-08-09T18:44:06Z</time></trkpt><trkpt lat="41.53961990680486" lon="-71.32682504478346"><time>2026-08-09T18:44:07Z</time></trkpt><trkpt lat="41.53964289734418" lon="-71.32680664744645"><time>2026-08-09T18:44:08Z</time></trkpt><trkpt lat="41.539668870397286" lon="-71.32678774936312"><time>2026-08-09T18:44:09Z</time></trkpt><trkpt lat="41.53969145513988" lon="-71.32676847129918"><time>2026-08-09T18:44:10Z</time></trkpt><trkpt lat="41.53971635369592" lon="-71.3267486964075"><time>2026-08-09T18:44:11Z</time></trkpt><trkpt lat="41.53974178239542" lon="-71.32673310432476"><time>2026-08-09T18:44:12Z</time></trkpt><trkpt lat="41.53976415595407" lon="-71.32671311469095"><time>2026-08-09T18:44:13Z</time></trkpt><trkpt lat="41.53978747225632" lon="-71.32669483101226"><time>2026-08-09T18:44:14Z</time></trkpt><trkpt lat="41.539812434191504" lon="-71.32667453472368"><time>2026-08-09T18:44:15Z</time></trkpt><trkpt lat="41.53983518396763" lon="-71.32665537225522"><time>2026-08-09T18:44:16Z</time></trkpt><trkpt lat="41.53985884110295" lon="-71.32663117121531"><time>2026-08-09T18:44:17Z</time></trkpt><trkpt lat="41.539881384154306" lon="-71.3266082862392"><time>2026-08-09T18:44:18Z</time></trkpt><trkpt lat="41.539904836711166" lon="-71.32658914139058"><time>2026-08-09T18:44:19Z</time></trkpt><trkpt lat="41.53993131767388" lon="-71.32657333341128"><time>2026-08-09T18:44:20Z</time></trkpt><trkpt lat="41.53995559757754" lon="-71.32655173619065"><time>2026-08-09T18:44:21Z</time></trkpt><trkpt lat="41.53997906884413" lon="-71.32652979428362"><time>2026-08-09T18:44:22Z</time></trkpt><trkpt lat="41.54000134630504" lon="-71.3265076659753"><time>2026-08-09T18:44:23Z</time></trkpt><trkpt lat="41.540025109477064" lon="-71.32647807304056"><time>2026-08-09T18:44:24Z</time></trkpt><trkpt lat="41.540046952863214" lon="-71.32645396889222"><time>2026-08-09T18:44:25Z</time></trkpt><trkpt lat="41.540070581308235" lon="-71.32643158475206"><time>2026-08-09T18:44:26Z</time></trkpt><trkpt lat="41.54009390542968" lon="-71.32640553760073"><time>2026-08-09T18:44:27Z</time></trkpt><trkpt lat="41.540116616289836" lon="-71.32638255480585"><time>2026-08-09T18:44:28Z</time></trkpt><trkpt lat="41.54014077719284" lon="-71.32635978677138"><time>2026-08-09T18:44:29Z</time></trkpt><trkpt lat="41.54016356666892" lon="-71.3263354400329"><time>2026-08-09T18:44:30Z</time></trkpt><trkpt lat="41.540184723497006" lon="-71.32630886669232"><time>2026-08-09T18:44:31Z</time></trkpt><trkpt lat="41.54020771007415" lon="-71.32628335950446"><time>2026-08-09T18:44:32Z</time></trkpt><trkpt lat="41.54023095172692" lon="-71.32625869596068"><time>2026-08-09T18:44:33Z</time></trkpt><trkpt lat="41.54025287318136" lon="-71.32623378800653"><time>2026-08-09T18:44:34Z</time></trkpt><trkpt lat="41.54027399419994" lon="-71.32620740746059"><time>2026-08-09T18:44:35Z</time></trkpt><trkpt lat="41.54029459796082" lon="-71.32617963364463"><time>2026-08-09T18:44:36Z</time></trkpt><trkpt lat="41.54031525526471" lon="-71.32615210834207"><time>2026-08-09T18:44:37Z</time></trkpt><trkpt lat="41.54033642163867" lon="-71.32612436850775"><time>2026-08-09T18:44:38Z</time></trkpt><trkpt lat="41.54035751286227" lon="-71.32609603358466"><time>2026-08-09T18:44:39Z</time></trkpt><trkpt lat="41.540377485724306" lon="-71.32606810639253"><time>2026-08-09T18:44:40Z</time></trkpt><trkpt lat="41.540397632134855" lon="-71.32604001453264"><time>2026-08-09T18:44:41Z</time></trkpt><trkpt lat="41.54041975350206" lon="-71.32601198155695"><time>2026-08-09T18:44:42Z</time></trkpt><trkpt lat="41.54044120598363" lon="-71.32598250745086"><time>2026-08-09T18:44:43Z</time></trkpt><trkpt lat="41.540460426632066" lon="-71.32595605397707"><time>2026-08-09T18:44:44Z</time></trkpt><trkpt lat="41.54048275549778" lon="-71.32592942026767"><time>2026-08-09T18:44:45Z</time></trkpt><trkpt lat="41.54050534668052" lon="-71.32589894618395"><time>2026-08-09T18:44:46Z</time></trkpt><trkpt lat="41.54052411554379" lon="-71.32587237582631"><time>2026-08-09T18:44:47Z</time></trkpt><trkpt lat="41.540546441414584" lon="-71.32584091840532"><time>2026-08-09T18:44:48Z</time></trkpt><trkpt lat="41.540568348754306" lon="-71.32581451095221"><time>2026-08-09T18:44:49Z</time></trkpt><trkpt lat="41.54059262727923" lon="-71.32578477139135"><time>2026-08-09T18:44:50Z</time></trkpt><trkpt lat="41.54061316378344" lon="-71.3257563601227"><time>2026-08-09T18:44:51Z</time></trkpt><trkpt lat="41.54063450358769" lon="-71.32572653159644"><time>2026-08-09T18:44:52Z</time></trkpt><trkpt lat="41.54065648353522" lon="-71.32569974663583"><time>2026-08-09T18:44:53Z</time></trkpt><trkpt lat="41.54067870364664" lon="-71.32567196790075"><time>2026-08-09T18:44:54Z</time></trkpt><trkpt lat="41.540700904533196" lon="-71.3256431064272"><time>2026-08-09T18:44:55Z</time></trkpt><trkpt lat="41.540723022864306" lon="-71.32561546338655"><time>2026-08-09T18:44:56Z</time></trkpt><trkpt lat="41.5407461025539" lon="-71.32559147398347"><time>2026-08-09T18:44:57Z</time></trkpt><trkpt lat="41.54076652695506" lon="-71.32555553182152"><time>2026-08-09T18:44:58Z</time></trkpt><trkpt lat="41.54078926288672" lon="-71.32553065839475"><time>2026-08-09T18:44:59Z</time></trkpt><trkpt lat="41.540805979751816" lon="-71.32549412536773"><time>2026-08-09T18:45:00Z</time></trkpt><trkpt lat="41.54082558497393" lon="-71.32546783129123"><time>2026-08-09T18:45:01Z</time></trkpt><trkpt lat="41.540847533153354" lon="-71.32543904399662"><time>2026-08-09T18:45:02Z</time></trkpt><trkpt lat="41.54086634167587" lon="-71.32541007829155"><time>2026-08-09T18:45:03Z</time></trkpt><trkpt lat="41.540884960764096" lon="-71.32537732710273"><time>2026-08-09T18:45:04Z</time></trkpt><trkpt lat="41.540902096347956" lon="-71.32534118397041"><time>2026-08-09T18:45:05Z</time></trkpt><trkpt lat="41.540922069627726" lon="-71.3253125782372"><time>2026-08-09T18:45:06Z</time></trkpt><trkpt lat="41.54094247402095" lon="-71.32528527873835"><time>2026-08-09T18:45:07Z</time></trkpt><trkpt lat="41.54096449050591" lon="-71.3252563813138"><time>2026-08-09T18:45:08Z</time></trkpt><trkpt lat="41.540984600818014" lon="-71.32522949067777"><time>2026-08-09T18:45:09Z</time></trkpt><trkpt lat="41.541006825161475" lon="-71.32520232249684"><time>2026-08-09T18:45:10Z</time></trkpt><trkpt lat="41.54102924286229" lon="-71.32517558597957"><time>2026-08-09T18:45:11Z</time></trkpt><trkpt lat="41.54105034180113" lon="-71.32514526147345"><time>2026-08-09T18:45:12Z</time></trkpt><trkpt lat="41.54107012537341" lon="-71.32511521018324"><time>2026-08-09T18:45:13Z</time></trkpt><trkpt lat="41.54109056571585" lon="-71.32508727700336"><time>2026-08-09T18:45:14Z</time></trkpt><trkpt lat="41.54111170211421" lon="-71.32506041686142"><time>2026-08-09T18:45:15Z</time></trkpt><trkpt lat="41.54113351354412" lon="-71.32503408005115"><time>2026-08-09T18:45:16Z</time></trkpt><trkpt lat="41.54115410449448" lon="-71.32500823030993"><time>2026-08-09T18:45:17Z</time></trkpt><trkpt lat="41.541176169789644" lon="-71.32497991089066"><time>2026-08-09T18:45:18Z</time></trkpt><trkpt lat="41.54119503813532" lon="-71.32495401334417"><time>2026-08-09T18:45:19Z</time></trkpt><trkpt lat="41.54121715075611" lon="-71.32492968208254"><time>2026-08-09T18:45:20Z</time></trkpt><trkpt lat="41.541233558269425" lon="-71.32489644257471"><time>2026-08-09T18:45:21Z</time></trkpt><trkpt lat="41.54125424370173" lon="-71.32486823555534"><time>2026-08-09T18:45:22Z</time></trkpt><trkpt lat="41.54127472390086" lon="-71.3248397187801"><time>2026-08-09T18:45:23Z</time></trkpt><trkpt lat="41.54129356033493" lon="-71.32481190640883"><time>2026-08-09T18:45:24Z</time></trkpt><trkpt lat="41.54131567113686" lon="-71.32478308626543"><time>2026-08-09T18:45:25Z</time></trkpt><trkpt lat="41.541337871088054" lon="-71.32475725079999"><time>2026-08-09T18:45:26Z</time></trkpt><trkpt lat="41.54136496499079" lon="-71.32472762791409"><time>2026-08-09T18:45:27Z</time></trkpt><trkpt lat="41.54138179924448" lon="-71.32470260444178"><time>2026-08-09T18:45:28Z</time></trkpt><trkpt lat="41.54139982175307" lon="-71.3246714355572"><time>2026-08-09T18:45:29Z</time></trkpt><trkpt lat="41.541416463267055" lon="-71.32464645194167"><time>2026-08-09T18:45:30Z</time></trkpt><trkpt lat="41.54143897625721" lon="-71.32461700168702"><time>2026-08-09T18:45:31Z</time></trkpt><trkpt lat="41.54145987029498" lon="-71.32458436238576"><time>2026-08-09T18:45:32Z</time></trkpt><trkpt lat="41.5414771997232" lon="-71.3245584709559"><time>2026-08-09T18:45:33Z</time></trkpt><trkpt lat="41.54149602466825" lon="-71.32452940210692"><time>2026-08-09T18:45:34Z</time></trkpt><trkpt lat="41.54151537299023" lon="-71.32449829921602"><time>2026-08-09T18:45:35Z</time></trkpt><trkpt lat="41.54153416432701" lon="-71.32447002192852"><time>2026-08-09T18:45:36Z</time></trkpt><trkpt lat="41.541553780032466" lon="-71.32444016027642"><time>2026-08-09T18:45:37Z</time></trkpt><trkpt lat="41.54157421687951" lon="-71.32441292619751"><time>2026-08-09T18:45:38Z</time></trkpt><trkpt lat="41.54159072451841" lon="-71.32438382225034"><time>2026-08-09T18:45:39Z</time></trkpt><trkpt lat="41.54161105975511" lon="-71.32435505387109"><time>2026-08-09T18:45:40Z</time></trkpt><trkpt lat="41.541632130947264" lon="-71.32432583243738"><time>2026-08-09T18:45:41Z</time></trkpt><trkpt lat="41.5416507177806" lon="-71.32429702515056"><time>2026-08-09T18:45:42Z</time></trkpt><trkpt lat="41.54167008210658" lon="-71.32426827414959"><time>2026-08-09T18:45:43Z</time></trkpt><trkpt lat="41.54168879683617" lon="-71.32424023793091"><time>2026-08-09T18:45:44Z</time></trkpt><trkpt lat="41.54170801513214" lon="-71.32421070626677"><time>2026-08-09T18:45:45Z</time></trkpt><trkpt lat="41.54172699506154" lon="-71.3241828402734"><time>2026-08-09T18:45:46Z</time></trkpt><trkpt lat="41.54174660682352" lon="-71.32415432474566"><time>2026-08-09T18:45:47Z</time></trkpt><trkpt lat="41.541766147779015" lon="-71.32412553868737"><time>2026-08-09T18:45:48Z</time></trkpt><trkpt lat="41.541784387540616" lon="-71.32409856707295"><time>2026-08-09T18:45:49Z</time></trkpt><trkpt lat="41.54180419468148" lon="-71.32407377847927"><time>2026-08-09T18:45:50Z</time></trkpt><trkpt lat="41.54182261045232" lon="-71.32404180292531"><time>2026-08-09T18:45:51Z</time></trkpt><trkpt lat="41.541841887771575" lon="-71.32401134880352"><time>2026-08-09T18:45:52Z</time></trkpt><trkpt lat="41.541858585048665" lon="-71.32398151001613"><time>2026-08-09T18:45:53Z</time></trkpt><trkpt lat="41.54187603206141" lon="-71.32394990694952"><time>2026-08-09T18:45:54Z</time></trkpt><trkpt lat="41.541897932233645" lon="-71.32392334802017"><time>2026-08-09T18:45:55Z</time></trkpt><trkpt lat="41.541917571599356" lon="-71.323898981401"><time>2026-08-09T18:45:56Z</time></trkpt><trkpt lat="41.541934119327166" lon="-71.32387019698545"><time>2026-08-09T18:45:57Z</time></trkpt><trkpt lat="41.54195231014539" lon="-71.32384193534695"><time>2026-08-09T18:45:58Z</time></trkpt><trkpt lat="41.54197804209463" lon="-71.32381151728686"><time>2026-08-09T18:45:59Z</time></trkpt><trkpt lat="41.541994640753266" lon="-71.32378055399835"><time>2026-08-09T18:46:00Z</time></trkpt><trkpt lat="41.542023827548135" lon="-71.32373542676069"><time>2026-08-09T18:46:01Z</time></trkpt><trkpt lat="41.5420416572647" lon="-71.3237049775998"><time>2026-08-09T18:46:02Z</time></trkpt><trkpt lat="41.5420645522851" lon="-71.32368409794532"><time>2026-08-09T18:46:03Z</time></trkpt><trkpt lat="41.542089267868974" lon="-71.32366192224639"><time>2026-08-09T18:46:04Z</time></trkpt><trkpt lat="41.542114045581684" lon="-71.32363820023419"><time>2026-08-09T18:46:05Z</time></trkpt><trkpt lat="41.542137468203286" lon="-71.32361360066001"><time>2026-08-09T18:46:06Z</time></trkpt><trkpt lat="41.54216113025835" lon="-71.32359187124764"><time>2026-08-09T18:46:07Z</time></trkpt><trkpt lat="41.5421861076541" lon="-71.32357208739855"><time>2026-08-09T18:46:08Z</time></trkpt><trkpt lat="41.54221222020449" lon="-71.32355241581723"><time>2026-08-09T18:46:09Z</time></trkpt><trkpt lat="41.54223787187253" lon="-71.32353723216374"><time>2026-08-09T18:46:10Z</time></trkpt><trkpt lat="41.54226579378523" lon="-71.32352414540303"><time>2026-08-09T18:46:11Z</time></trkpt><trkpt lat="41.54229151439025" lon="-71.32351643031419"><time>2026-08-09T18:46:12Z</time></trkpt><trkpt lat="41.54231759160273" lon="-71.32350593710524"><time>2026-08-09T18:46:13Z</time></trkpt><trkpt lat="41.54234661335321" lon="-71.32350089344371"><time>2026-08-09T18:46:14Z</time></trkpt><trkpt lat="41.542366098363495" lon="-71.32349944991257"><time>2026-08-09T18:46:15Z</time></trkpt><trkpt lat="41.54239256770022" lon="-71.32350218852122"><time>2026-08-09T18:46:16Z</time></trkpt><trkpt lat="41.54242129082885" lon="-71.32349462701117"><time>2026-08-09T18:46:17Z</time></trkpt><trkpt lat="41.542442618699816" lon="-71.32350455111784"><time>2026-08-09T18:46:18Z</time></trkpt><trkpt lat="41.54247909734939" lon="-71.32349644951714"><time>2026-08-09T18:46:19Z</time></trkpt><trkpt lat="41.54252052085931" lon="-71.32348403505728"><time>2026-08-09T18:46:21Z</time></trkpt><trkpt lat="41.542547455251885" lon="-71.32349676028612"><time>2026-08-09T18:46:22Z</time></trkpt><trkpt lat="41.54257356164718" lon="-71.32350037236137"><time>2026-08-09T18:46:23Z</time></trkpt><trkpt lat="41.542599864406924" lon="-71.32349864256453"><time>2026-08-09T18:46:24Z</time></trkpt><trkpt lat="41.54262714230095" lon="-71.32349930715935"><time>2026-08-09T18:46:25Z</time></trkpt><trkpt lat="41.54264591020721" lon="-71.32351133389064"><time>2026-08-09T18:46:26Z</time></trkpt><trkpt lat="41.542673572131" lon="-71.32350797760694"><time>2026-08-09T18:46:27Z</time></trkpt><trkpt lat="41.54269553268846" lon="-71.3235126557119"><time>2026-08-09T18:46:28Z</time></trkpt><trkpt lat="41.54271757707356" lon="-71.32351670909495"><time>2026-08-09T18:46:29Z</time></trkpt><trkpt lat="41.54274278486661" lon="-71.32351859354827"><time>2026-08-09T18:46:30Z</time></trkpt><trkpt lat="41.54276544725794" lon="-71.3235143202018"><time>2026-08-09T18:46:31Z</time></trkpt><trkpt lat="41.54278598113026" lon="-71.3235127195853"><time>2026-08-09T18:46:32Z</time></trkpt><trkpt lat="41.542811024238596" lon="-71.32351151262507"><time>2026-08-09T18:46:33Z</time></trkpt><trkpt lat="41.54284879302914" lon="-71.32353214520283"><time>2026-08-09T18:46:35Z</time></trkpt><trkpt lat="41.54287316368153" lon="-71.32354029188758"><time>2026-08-09T18:46:36Z</time></trkpt><trkpt lat="41.54289416661623" lon="-71.32354811126984"><time>2026-08-09T18:46:37Z</time></trkpt><trkpt lat="41.54291714532175" lon="-71.32354980986918"><time>2026-08-09T18:46:38Z</time></trkpt><trkpt lat="41.542942020692855" lon="-71.32355286545094"><time>2026-08-09T18:46:39Z</time></trkpt><trkpt lat="41.54296575132123" lon="-71.32355603899666"><time>2026-08-09T18:46:40Z</time></trkpt><trkpt lat="41.54298785640265" lon="-71.32356192327842"><time>2026-08-09T18:46:41Z</time></trkpt><trkpt lat="41.543011452573865" lon="-71.32356535229268"><time>2026-08-09T18:46:42Z</time></trkpt><trkpt lat="41.543035447894944" lon="-71.32356883933302"><time>2026-08-09T18:46:43Z</time></trkpt><trkpt lat="41.5430562880006" lon="-71.32357461369328"><time>2026-08-09T18:46:44Z</time></trkpt><trkpt lat="41.54308116555764" lon="-71.32358031151509"><time>2026-08-09T18:46:45Z</time></trkpt><trkpt lat="41.54310513784232" lon="-71.32358536737974"><time>2026-08-09T18:46:46Z</time></trkpt><trkpt lat="41.543129072740975" lon="-71.32358799438744"><time>2026-08-09T18:46:47Z</time></trkpt><trkpt lat="41.5431511548205" lon="-71.32359465408898"><time>2026-08-09T18:46:48Z</time></trkpt><trkpt lat="41.543170487642854" lon="-71.32359592993367"><time>2026-08-09T18:46:49Z</time></trkpt><trkpt lat="41.54319595583201" lon="-71.32359915816899"><time>2026-08-09T18:46:50Z</time></trkpt><trkpt lat="41.54322075333526" lon="-71.32360474172103"><time>2026-08-09T18:46:51Z</time></trkpt><trkpt lat="41.54324540436807" lon="-71.32360631085787"><time>2026-08-09T18:46:52Z</time></trkpt><trkpt lat="41.543269990666566" lon="-71.32360946859434"><time>2026-08-09T18:46:53Z</time></trkpt><trkpt lat="41.54329404994419" lon="-71.32361386211498"><time>2026-08-09T18:46:54Z</time></trkpt><trkpt lat="41.54331821566214" lon="-71.32361662427972"><time>2026-08-09T18:46:55Z</time></trkpt><trkpt lat="41.543343835145414" lon="-71.32361832700434"><time>2026-08-09T18:46:56Z</time></trkpt><trkpt lat="41.54336880660532" lon="-71.32362424506677"><time>2026-08-09T18:46:57Z</time></trkpt><trkpt lat="41.543393555520865" lon="-71.3236357570798"><time>2026-08-09T18:46:58Z</time></trkpt><trkpt lat="41.54341406186371" lon="-71.32363881494176"><time>2026-08-09T18:46:59Z</time></trkpt><trkpt lat="41.543437999075884" lon="-71.32365015107203"><time>2026-08-09T18:47:00Z</time></trkpt><trkpt lat="41.54346242488939" lon="-71.3236567854405"><time>2026-08-09T18:47:01Z</time></trkpt><trkpt lat="41.543487276936474" lon="-71.32366462359168"><time>2026-08-09T18:47:02Z</time></trkpt><trkpt lat="41.54351108947135" lon="-71.32367394571222"><time>2026-08-09T18:47:03Z</time></trkpt><trkpt lat="41.54353470590029" lon="-71.32368016061287"><time>2026-08-09T18:47:04Z</time></trkpt><trkpt lat="41.54355737302631" lon="-71.32368984336689"><time>2026-08-09T18:47:05Z</time></trkpt><trkpt lat="41.54358165102729" lon="-71.32369765860938"><time>2026-08-09T18:47:06Z</time></trkpt><trkpt lat="41.54360615082506" lon="-71.32370404571839"><time>2026-08-09T18:47:07Z</time></trkpt><trkpt lat="41.543631265854025" lon="-71.32371382995152"><time>2026-08-09T18:47:08Z</time></trkpt><trkpt lat="41.54365491000049" lon="-71.32371986415056"><time>2026-08-09T18:47:09Z</time></trkpt><trkpt lat="41.54367838844717" lon="-71.32372699940589"><time>2026-08-09T18:47:10Z</time></trkpt><trkpt lat="41.5437023668537" lon="-71.32373855167776"><time>2026-08-09T18:47:11Z</time></trkpt><trkpt lat="41.54372715528622" lon="-71.32374395536314"><time>2026-08-09T18:47:12Z</time></trkpt><trkpt lat="41.543751802085325" lon="-71.32375276590552"><time>2026-08-09T18:47:13Z</time></trkpt><trkpt lat="41.54377597236631" lon="-71.32376252262044"><time>2026-08-09T18:47:14Z</time></trkpt><trkpt lat="41.54380116179007" lon="-71.32377040239406"><time>2026-08-09T18:47:15Z</time></trkpt><trkpt lat="41.54382545294808" lon="-71.3237798509763"><time>2026-08-09T18:47:16Z</time></trkpt><trkpt lat="41.54385108020372" lon="-71.32378853974974"><time>2026-08-09T18:47:17Z</time></trkpt><trkpt lat="41.54387811012772" lon="-71.3237963023282"><time>2026-08-09T18:47:18Z</time></trkpt><trkpt lat="41.54390335420131" lon="-71.32380948081882"><time>2026-08-09T18:47:19Z</time></trkpt><trkpt lat="41.54393504132516" lon="-71.32382279851782"><time>2026-08-09T18:47:20Z</time></trkpt><trkpt lat="41.5439543269096" lon="-71.3238356367578"><time>2026-08-09T18:47:21Z</time></trkpt><trkpt lat="41.54397612224606" lon="-71.32384099532011"><time>2026-08-09T18:47:22Z</time></trkpt><trkpt lat="41.54400310267704" lon="-71.32385043607941"><time>2026-08-09T18:47:23Z</time></trkpt><trkpt lat="41.544027403344366" lon="-71.3238601104116"><time>2026-08-09T18:47:24Z</time></trkpt><trkpt lat="41.544050747638664" lon="-71.32387177517694"><time>2026-08-09T18:47:25Z</time></trkpt><trkpt lat="41.54407588310628" lon="-71.32387912691802"><time>2026-08-09T18:47:26Z</time></trkpt><trkpt lat="41.54410039678899" lon="-71.32389102678087"><time>2026-08-09T18:47:27Z</time></trkpt><trkpt lat="41.54412777227292" lon="-71.32389762610615"><time>2026-08-09T18:47:28Z</time></trkpt><trkpt lat="41.544153921931596" lon="-71.3239094460675"><time>2026-08-09T18:47:29Z</time></trkpt><trkpt lat="41.54418050081902" lon="-71.32391800994834"><time>2026-08-09T18:47:30Z</time></trkpt><trkpt lat="41.54421217548304" lon="-71.3239298170016"><time>2026-08-09T18:47:31Z</time></trkpt><trkpt lat="41.54424141324568" lon="-71.32393917866132"><time>2026-08-09T18:47:32Z</time></trkpt><trkpt lat="41.54426331063813" lon="-71.32395029220356"><time>2026-08-09T18:47:33Z</time></trkpt><trkpt lat="41.544285117739626" lon="-71.3239651231817"><time>2026-08-09T18:47:34Z</time></trkpt><trkpt lat="41.544311477205916" lon="-71.32397050843575"><time>2026-08-09T18:47:35Z</time></trkpt><trkpt lat="41.54434180012477" lon="-71.3239842490035"><time>2026-08-09T18:47:36Z</time></trkpt><trkpt lat="41.54436841325626" lon="-71.32399881003083"><time>2026-08-09T18:47:37Z</time></trkpt><trkpt lat="41.5443960602407" lon="-71.3240087430953"><time>2026-08-09T18:47:38Z</time></trkpt><trkpt lat="41.544423886814904" lon="-71.32402250749249"><time>2026-08-09T18:47:39Z</time></trkpt><trkpt lat="41.544452869961006" lon="-71.32403256969117"><time>2026-08-09T18:47:40Z</time></trkpt><trkpt lat="41.54448036913309" lon="-71.32404478247847"><time>2026-08-09T18:47:41Z</time></trkpt><trkpt lat="41.54450721683399" lon="-71.32406112651663"><time>2026-08-09T18:47:42Z</time></trkpt><trkpt lat="41.544537137712375" lon="-71.32407350604788"><time>2026-08-09T18:47:43Z</time></trkpt><trkpt lat="41.544562579648726" lon="-71.3240892237524"><time>2026-08-09T18:47:44Z</time></trkpt><trkpt lat="41.544592975162395" lon="-71.32410375084095"><time>2026-08-09T18:47:45Z</time></trkpt><trkpt lat="41.54462518651494" lon="-71.32412107575612"><time>2026-08-09T18:47:46Z</time></trkpt><trkpt lat="41.54466888598223" lon="-71.32412004653528"><time>2026-08-09T18:47:47Z</time></trkpt><trkpt lat="41.54468774417481" lon="-71.32411730587316"><time>2026-08-09T18:47:48Z</time></trkpt><trkpt lat="41.544722419982286" lon="-71.32416199585657"><time>2026-08-09T18:47:49Z</time></trkpt><trkpt lat="41.54474619659656" lon="-71.32417343029718"><time>2026-08-09T18:47:50Z</time></trkpt><trkpt lat="41.544771368349984" lon="-71.32420262622074"><time>2026-08-09T18:47:51Z</time></trkpt><trkpt lat="41.544817705212026" lon="-71.32425053671257"><time>2026-08-09T18:47:53Z</time></trkpt><trkpt lat="41.54484792421877" lon="-71.32426928963133"><time>2026-08-09T18:47:54Z</time></trkpt><trkpt lat="41.54487991788356" lon="-71.32428757905195"><time>2026-08-09T18:47:55Z</time></trkpt><trkpt lat="41.54490789355314" lon="-71.32428209406045"><time>2026-08-09T18:47:56Z</time></trkpt><trkpt lat="41.54495358671802" lon="-71.32426086749561"><time>2026-08-09T18:47:57Z</time></trkpt><trkpt lat="41.54497825685991" lon="-71.32429905463957"><time>2026-08-09T18:47:58Z</time></trkpt><trkpt lat="41.54500049438534" lon="-71.32433013532258"><time>2026-08-09T18:47:59Z</time></trkpt><trkpt lat="41.54503891568095" lon="-71.32434881823168"><time>2026-08-09T18:48:00Z</time></trkpt><trkpt lat="41.5450583267798" lon="-71.32439264296971"><time>2026-08-09T18:48:01Z</time></trkpt><trkpt lat="41.545075051283206" lon="-71.32441166163665"><time>2026-08-09T18:48:02Z</time></trkpt><trkpt lat="41.545105352633044" lon="-71.3244369748563"><time>2026-08-09T18:48:03Z</time></trkpt><trkpt lat="41.54513445424838" lon="-71.32445651650508"><time>2026-08-09T18:48:04Z</time></trkpt><trkpt lat="41.545163995960976" lon="-71.32447681529584"><time>2026-08-09T18:48:05Z</time></trkpt><trkpt lat="41.54519767646602" lon="-71.3244998141646"><time>2026-08-09T18:48:06Z</time></trkpt><trkpt lat="41.54522725814622" lon="-71.32452061374532"><time>2026-08-09T18:48:07Z</time></trkpt><trkpt lat="41.54525759097441" lon="-71.32454329108079"><time>2026-08-09T18:48:08Z</time></trkpt><trkpt lat="41.54529020581844" lon="-71.3245606713051"><time>2026-08-09T18:48:09Z</time></trkpt><trkpt lat="41.545323501615634" lon="-71.32457845943419"><time>2026-08-09T18:48:10Z</time></trkpt><trkpt lat="41.54535535478576" lon="-71.32459808861472"><time>2026-08-09T18:48:11Z</time></trkpt><trkpt lat="41.54538743714823" lon="-71.32461483234127"><time>2026-08-09T18:48:12Z</time></trkpt><trkpt lat="41.54541930674199" lon="-71.32463235290916"><time>2026-08-09T18:48:13Z</time></trkpt><trkpt lat="41.54545267865347" lon="-71.32465039565038"><time>2026-08-09T18:48:14Z</time></trkpt><trkpt lat="41.545484193153136" lon="-71.32466145230414"><time>2026-08-09T18:48:15Z</time></trkpt><trkpt lat="41.545517231435056" lon="-71.3246762602673"><time>2026-08-09T18:48:16Z</time></trkpt><trkpt lat="41.545551240522705" lon="-71.32469153627588"><time>2026-08-09T18:48:17Z</time></trkpt><trkpt lat="41.54558533102174" lon="-71.32470702896391"><time>2026-08-09T18:48:18Z</time></trkpt><trkpt lat="41.545619180173134" lon="-71.32472264000391"><time>2026-08-09T18:48:19Z</time></trkpt><trkpt lat="41.545648505568145" lon="-71.32474194038492"><time>2026-08-09T18:48:20Z</time></trkpt><trkpt lat="41.545681753585406" lon="-71.3247538989141"><time>2026-08-09T18:48:21Z</time></trkpt><trkpt lat="41.5457154107551" lon="-71.32476507004"><time>2026-08-09T18:48:22Z</time></trkpt><trkpt lat="41.54574828612496" lon="-71.32478251576686"><time>2026-08-09T18:48:23Z</time></trkpt><trkpt lat="41.54578069440699" lon="-71.32479305009814"><time>2026-08-09T18:48:24Z</time></trkpt><trkpt lat="41.545812451973525" lon="-71.32480216721314"><time>2026-08-09T18:48:25Z</time></trkpt><trkpt lat="41.54584567519415" lon="-71.32481788663823"><time>2026-08-09T18:48:26Z</time></trkpt><trkpt lat="41.54587875655333" lon="-71.32482920604787"><time>2026-08-09T18:48:27Z</time></trkpt><trkpt lat="41.54590959228338" lon="-71.32484425121743"><time>2026-08-09T18:48:28Z</time></trkpt><trkpt lat="41.545942184691285" lon="-71.32485823670214"><time>2026-08-09T18:48:29Z</time></trkpt><trkpt lat="41.54597701559347" lon="-71.32486928829343"><time>2026-08-09T18:48:30Z</time></trkpt><trkpt lat="41.54600820410004" lon="-71.3248846089114"><time>2026-08-09T18:48:31Z</time></trkpt><trkpt lat="41.546040378834846" lon="-71.32490067867774"><time>2026-08-09T18:48:32Z</time></trkpt><trkpt lat="41.546073273827496" lon="-71.32491872064776"><time>2026-08-09T18:48:33Z</time></trkpt><trkpt lat="41.54610348644328" lon="-71.32493766852875"><time>2026-08-09T18:48:34Z</time></trkpt><trkpt lat="41.54613472121956" lon="-71.32494831831623"><time>2026-08-09T18:48:35Z</time></trkpt><trkpt lat="41.5461655827598" lon="-71.32496168980103"><time>2026-08-09T18:48:36Z</time></trkpt><trkpt lat="41.54619689605826" lon="-71.32497594153568"><time>2026-08-09T18:48:37Z</time></trkpt><trkpt lat="41.54622880058064" lon="-71.32499365496211"><time>2026-08-09T18:48:38Z</time></trkpt><trkpt lat="41.54626209665355" lon="-71.3250058187225"><time>2026-08-09T18:48:39Z</time></trkpt><trkpt lat="41.54629086817557" lon="-71.32502474841294"><time>2026-08-09T18:48:40Z</time></trkpt><trkpt lat="41.546322946834685" lon="-71.32504307136881"><time>2026-08-09T18:48:41Z</time></trkpt><trkpt lat="41.546356563867825" lon="-71.32505822916593"><time>2026-08-09T18:48:42Z</time></trkpt><trkpt lat="41.54638773128776" lon="-71.32507461089256"><time>2026-08-09T18:48:43Z</time></trkpt><trkpt lat="41.54641568315988" lon="-71.32509023270104"><time>2026-08-09T18:48:44Z</time></trkpt><trkpt lat="41.54644285536803" lon="-71.3251070558814"><time>2026-08-09T18:48:45Z</time></trkpt><trkpt lat="41.546473204136205" lon="-71.32512184229512"><time>2026-08-09T18:48:46Z</time></trkpt><trkpt lat="41.54650582340522" lon="-71.32514253702635"><time>2026-08-09T18:48:47Z</time></trkpt><trkpt lat="41.546549519489446" lon="-71.32515757505006"><time>2026-08-09T18:48:48Z</time></trkpt><trkpt lat="41.546578720314365" lon="-71.32515920946007"><time>2026-08-09T18:48:49Z</time></trkpt><trkpt lat="41.54660374037263" lon="-71.32518234473122"><time>2026-08-09T18:48:50Z</time></trkpt><trkpt lat="41.54664126507891" lon="-71.32518570017841"><time>2026-08-09T18:48:51Z</time></trkpt><trkpt lat="41.54667491497735" lon="-71.32519272385544"><time>2026-08-09T18:48:52Z</time></trkpt><trkpt lat="41.54670554788314" lon="-71.32520227887207"><time>2026-08-09T18:48:53Z</time></trkpt><trkpt lat="41.5467360489667" lon="-71.32521136189615"><time>2026-08-09T18:48:54Z</time></trkpt><trkpt lat="41.54676826888686" lon="-71.3252194117142"><time>2026-08-09T18:48:55Z</time></trkpt><trkpt lat="41.54679986829136" lon="-71.32522943311864"><time>2026-08-09T18:48:56Z</time></trkpt><trkpt lat="41.54683173443814" lon="-71.32523730830508"><time>2026-08-09T18:48:57Z</time></trkpt><trkpt lat="41.546862824895044" lon="-71.3252496597148"><time>2026-08-09T18:48:58Z</time></trkpt><trkpt lat="41.546892717367925" lon="-71.32525870382042"><time>2026-08-09T18:48:59Z</time></trkpt><trkpt lat="41.546922971469584" lon="-71.32527061697009"><time>2026-08-09T18:49:00Z</time></trkpt><trkpt lat="41.54695371217557" lon="-71.32528018581307"><time>2026-08-09T18:49:01Z</time></trkpt><trkpt lat="41.546988725133495" lon="-71.32528216956543"><time>2026-08-09T18:49:02Z</time></trkpt><trkpt lat="41.547012414644286" lon="-71.325295223425"><time>2026-08-09T18:49:03Z</time></trkpt><trkpt lat="41.547042758201776" lon="-71.32531730323414"><time>2026-08-09T18:49:04Z</time></trkpt><trkpt lat="41.54707587182528" lon="-71.32532794637663"><time>2026-08-09T18:49:05Z</time></trkpt><trkpt lat="41.547107325568334" lon="-71.32533963699095"><time>2026-08-09T18:49:06Z</time></trkpt><trkpt lat="41.54713810570401" lon="-71.32535033838674"><time>2026-08-09T18:49:07Z</time></trkpt><trkpt lat="41.54716895589879" lon="-71.3253623374247"><time>2026-08-09T18:49:08Z</time></trkpt><trkpt lat="41.54720550646793" lon="-71.3253748014772"><time>2026-08-09T18:49:09Z</time></trkpt><trkpt lat="41.54723949672018" lon="-71.3253926669958"><time>2026-08-09T18:49:10Z</time></trkpt><trkpt lat="41.54729069953241" lon="-71.3254147185279"><time>2026-08-09T18:49:12Z</time></trkpt><trkpt lat="41.54732534276884" lon="-71.32543999663312"><time>2026-08-09T18:49:13Z</time></trkpt><trkpt lat="41.54736120035128" lon="-71.32544230255104"><time>2026-08-09T18:49:14Z</time></trkpt><trkpt lat="41.547377354195845" lon="-71.32547122201073"><time>2026-08-09T18:49:15Z</time></trkpt><trkpt lat="41.54741657142351" lon="-71.32549666321042"><time>2026-08-09T18:49:16Z</time></trkpt><trkpt lat="41.54744695193099" lon="-71.32550864837164"><time>2026-08-09T18:49:17Z</time></trkpt><trkpt lat="41.54747734079742" lon="-71.32551553013835"><time>2026-08-09T18:49:18Z</time></trkpt><trkpt lat="41.547509453035374" lon="-71.32553549975057"><time>2026-08-09T18:49:19Z</time></trkpt><trkpt lat="41.547542052493945" lon="-71.32554833883525"><time>2026-08-09T18:49:20Z</time></trkpt><trkpt lat="41.547575278245304" lon="-71.32556497792878"><time>2026-08-09T18:49:21Z</time></trkpt><trkpt lat="41.54760806278942" lon="-71.32558299775211"><time>2026-08-09T18:49:22Z</time></trkpt><trkpt lat="41.54763297020205" lon="-71.32560196560242"><time>2026-08-09T18:49:23Z</time></trkpt><trkpt lat="41.54766530842828" lon="-71.32561446758872"><time>2026-08-09T18:49:24Z</time></trkpt><trkpt lat="41.54769843714806" lon="-71.32563137232744"><time>2026-08-09T18:49:25Z</time></trkpt><trkpt lat="41.547730725683415" lon="-71.32564817034134"><time>2026-08-09T18:49:26Z</time></trkpt><trkpt lat="41.54776189670224" lon="-71.32566395437057"><time>2026-08-09T18:49:27Z</time></trkpt><trkpt lat="41.5477944124254" lon="-71.32568018339646"><time>2026-08-09T18:49:28Z</time></trkpt><trkpt lat="41.547825980737414" lon="-71.32569549547574"><time>2026-08-09T18:49:29Z</time></trkpt><trkpt lat="41.54785703843512" lon="-71.32571425643825"><time>2026-08-09T18:49:30Z</time></trkpt><trkpt lat="41.547889458548255" lon="-71.32573100453368"><time>2026-08-09T18:49:31Z</time></trkpt><trkpt lat="41.547921392990204" lon="-71.32574945824537"><time>2026-08-09T18:49:32Z</time></trkpt><trkpt lat="41.54795048202997" lon="-71.32576819461819"><time>2026-08-09T18:49:33Z</time></trkpt><trkpt lat="41.547983711446946" lon="-71.32578745451578"><time>2026-08-09T18:49:34Z</time></trkpt><trkpt lat="41.54801532236207" lon="-71.3258057286322"><time>2026-08-09T18:49:35Z</time></trkpt><trkpt lat="41.548046659187065" lon="-71.32582511119337"><time>2026-08-09T18:49:36Z</time></trkpt><trkpt lat="41.54807933836133" lon="-71.32584523709676"><time>2026-08-09T18:49:37Z</time></trkpt><trkpt lat="41.548109328956876" lon="-71.32586505201827"><time>2026-08-09T18:49:38Z</time></trkpt><trkpt lat="41.548142224589085" lon="-71.3258860012045"><time>2026-08-09T18:49:39Z</time></trkpt><trkpt lat="41.54818289197125" lon="-71.32589738929894"><time>2026-08-09T18:49:40Z</time></trkpt><trkpt lat="41.54820774439316" lon="-71.32593376110012"><time>2026-08-09T18:49:41Z</time></trkpt><trkpt lat="41.54823547422195" lon="-71.325952479588"><time>2026-08-09T18:49:42Z</time></trkpt><trkpt lat="41.54826821349762" lon="-71.32596835222591"><time>2026-08-09T18:49:43Z</time></trkpt><trkpt lat="41.54830321900037" lon="-71.32598529833018"><time>2026-08-09T18:49:44Z</time></trkpt><trkpt lat="41.54833423660005" lon="-71.32600360651475"><time>2026-08-09T18:49:45Z</time></trkpt><trkpt lat="41.54836541809415" lon="-71.3260235130721"><time>2026-08-09T18:49:46Z</time></trkpt><trkpt lat="41.54839663774909" lon="-71.32604303591143"><time>2026-08-09T18:49:47Z</time></trkpt><trkpt lat="41.548430359965565" lon="-71.326061928884"><time>2026-08-09T18:49:48Z</time></trkpt><trkpt lat="41.54846098815307" lon="-71.32608085483278"><time>2026-08-09T18:49:49Z</time></trkpt><trkpt lat="41.54849634279836" lon="-71.3261007060146"><time>2026-08-09T18:49:50Z</time></trkpt><trkpt lat="41.54852128880322" lon="-71.3261334401344"><time>2026-08-09T18:49:51Z</time></trkpt><trkpt lat="41.548554824834746" lon="-71.32614607602916"><time>2026-08-09T18:49:52Z</time></trkpt><trkpt lat="41.548587005865336" lon="-71.3261632599283"><time>2026-08-09T18:49:53Z</time></trkpt><trkpt lat="41.54861932970003" lon="-71.32618125887035"><time>2026-08-09T18:49:54Z</time></trkpt><trkpt lat="41.54865156200628" lon="-71.32620023556908"><time>2026-08-09T18:49:55Z</time></trkpt><trkpt lat="41.548683537296526" lon="-71.32621984593058"><time>2026-08-09T18:49:56Z</time></trkpt><trkpt lat="41.548717224088236" lon="-71.32623663943521"><time>2026-08-09T18:49:57Z</time></trkpt><trkpt lat="41.54874969503249" lon="-71.32625254308462"><time>2026-08-09T18:49:58Z</time></trkpt><trkpt lat="41.54878624579409" lon="-71.32626546778849"><time>2026-08-09T18:49:59Z</time></trkpt><trkpt lat="41.54882008373821" lon="-71.32627732494122"><time>2026-08-09T18:50:00Z</time></trkpt><trkpt lat="41.548851806999004" lon="-71.32628985684958"><time>2026-08-09T18:50:01Z</time></trkpt><trkpt lat="41.54888557083412" lon="-71.32630067975784"><time>2026-08-09T18:50:02Z</time></trkpt><trkpt lat="41.54892111500104" lon="-71.32631329470964"><time>2026-08-09T18:50:03Z</time></trkpt><trkpt lat="41.54895400314676" lon="-71.32632213287236"><time>2026-08-09T18:50:04Z</time></trkpt><trkpt lat="41.54898771135265" lon="-71.326333922873"><time>2026-08-09T18:50:05Z</time></trkpt><trkpt lat="41.549021775703885" lon="-71.326339782315"><time>2026-08-09T18:50:06Z</time></trkpt><trkpt lat="41.54905514649828" lon="-71.32634705349176"><time>2026-08-09T18:50:07Z</time></trkpt><trkpt lat="41.54908833861368" lon="-71.32635458959292"><time>2026-08-09T18:50:08Z</time></trkpt><trkpt lat="41.54912108066811" lon="-71.32636175615534"><time>2026-08-09T18:50:09Z</time></trkpt><trkpt lat="41.54915441625008" lon="-71.3263714228945"><time>2026-08-09T18:50:10Z</time></trkpt><trkpt lat="41.5491861015905" lon="-71.32637939755526"><time>2026-08-09T18:50:11Z</time></trkpt><trkpt lat="41.549218635590414" lon="-71.32638622703588"><time>2026-08-09T18:50:12Z</time></trkpt><trkpt lat="41.54925147111726" lon="-71.32639211112566"><time>2026-08-09T18:50:13Z</time></trkpt><trkpt lat="41.54928463954406" lon="-71.3263990590062"><time>2026-08-09T18:50:14Z</time></trkpt><trkpt lat="41.549316944526296" lon="-71.32640638136778"><time>2026-08-09T18:50:15Z</time></trkpt><trkpt lat="41.549348844182056" lon="-71.32641570742116"><time>2026-08-09T18:50:16Z</time></trkpt><trkpt lat="41.5493819236284" lon="-71.32642047169978"><time>2026-08-09T18:50:17Z</time></trkpt><trkpt lat="41.54941456949701" lon="-71.32642743490028"><time>2026-08-09T18:50:18Z</time></trkpt><trkpt lat="41.54944624218902" lon="-71.32643666017626"><time>2026-08-09T18:50:19Z</time></trkpt><trkpt lat="41.549478075343714" lon="-71.32644200945785"><time>2026-08-09T18:50:20Z</time></trkpt><trkpt lat="41.549509108954595" lon="-71.32644824707052"><time>2026-08-09T18:50:21Z</time></trkpt><trkpt lat="41.54954036856495" lon="-71.32645683186459"><time>2026-08-09T18:50:22Z</time></trkpt><trkpt lat="41.5495717910158" lon="-71.32646278439638"><time>2026-08-09T18:50:23Z</time></trkpt><trkpt lat="41.54960319148756" lon="-71.32647106099246"><time>2026-08-09T18:50:24Z</time></trkpt><trkpt lat="41.54963426923138" lon="-71.32647788002427"><time>2026-08-09T18:50:25Z</time></trkpt><trkpt lat="41.54966548266779" lon="-71.32648736149731"><time>2026-08-09T18:50:26Z</time></trkpt><trkpt lat="41.54969588488031" lon="-71.32649203191336"><time>2026-08-09T18:50:27Z</time></trkpt><trkpt lat="41.54972500877421" lon="-71.32650220944362"><time>2026-08-09T18:50:28Z</time></trkpt><trkpt lat="41.5497565332074" lon="-71.3265109716357"><time>2026-08-09T18:50:29Z</time></trkpt><trkpt lat="41.549785149490965" lon="-71.32651352494595"><time>2026-08-09T18:50:30Z</time></trkpt><trkpt lat="41.54981186759253" lon="-71.32652696174176"><time>2026-08-09T18:50:31Z</time></trkpt><trkpt lat="41.54984291605797" lon="-71.32653452997442"><time>2026-08-09T18:50:32Z</time></trkpt><trkpt lat="41.5498730424656" lon="-71.32654527951505"><time>2026-08-09T18:50:33Z</time></trkpt><trkpt lat="41.54990212328802" lon="-71.32655850496533"><time>2026-08-09T18:50:34Z</time></trkpt><trkpt lat="41.54993093110566" lon="-71.32657157979092"><time>2026-08-09T18:50:35Z</time></trkpt><trkpt lat="41.54996047276228" lon="-71.32658322209015"><time>2026-08-09T18:50:36Z</time></trkpt><trkpt lat="41.549989806884604" lon="-71.32659434459264"><time>2026-08-09T18:50:37Z</time></trkpt><trkpt lat="41.55001910777122" lon="-71.32660736869775"><time>2026-08-09T18:50:38Z</time></trkpt><trkpt lat="41.55004794343874" lon="-71.32661898399037"><time>2026-08-09T18:50:39Z</time></trkpt><trkpt lat="41.55007713340069" lon="-71.32663143105763"><time>2026-08-09T18:50:40Z</time></trkpt><trkpt lat="41.55010383962969" lon="-71.32664717464117"><time>2026-08-09T18:50:41Z</time></trkpt><trkpt lat="41.55013312191789" lon="-71.3266639725538"><time>2026-08-09T18:50:42Z</time></trkpt><trkpt lat="41.55016008171974" lon="-71.32668037324116"><time>2026-08-09T18:50:43Z</time></trkpt><trkpt lat="41.55019036285756" lon="-71.32669660370074"><time>2026-08-09T18:50:44Z</time></trkpt><trkpt lat="41.55021871460396" lon="-71.32670818551203"><time>2026-08-09T18:50:45Z</time></trkpt><trkpt lat="41.55024760513529" lon="-71.32672490530734"><time>2026-08-09T18:50:46Z</time></trkpt><trkpt lat="41.550273747707166" lon="-71.32674370934038"><time>2026-08-09T18:50:47Z</time></trkpt><trkpt lat="41.55030265552918" lon="-71.32676117294757"><time>2026-08-09T18:50:48Z</time></trkpt><trkpt lat="41.55033020353744" lon="-71.32677673381762"><time>2026-08-09T18:50:49Z</time></trkpt><trkpt lat="41.55035641267173" lon="-71.32679469292735"><time>2026-08-09T18:50:50Z</time></trkpt><trkpt lat="41.5503848821545" lon="-71.32681216093961"><time>2026-08-09T18:50:51Z</time></trkpt><trkpt lat="41.55041429435933" lon="-71.32682914862136"><time>2026-08-09T18:50:52Z</time></trkpt><trkpt lat="41.55044199472487" lon="-71.32684891457716"><time>2026-08-09T18:50:53Z</time></trkpt><trkpt lat="41.55046981390804" lon="-71.32686874245495"><time>2026-08-09T18:50:54Z</time></trkpt><trkpt lat="41.550499525823604" lon="-71.32688825518738"><time>2026-08-09T18:50:55Z</time></trkpt><trkpt lat="41.550526108001634" lon="-71.32690510653829"><time>2026-08-09T18:50:56Z</time></trkpt><trkpt lat="41.550553948915045" lon="-71.3269235453561"><time>2026-08-09T18:50:57Z</time></trkpt><trkpt lat="41.5505845111735" lon="-71.32693885904789"><time>2026-08-09T18:50:58Z</time></trkpt><trkpt lat="41.55060913265161" lon="-71.326960935287"><time>2026-08-09T18:50:59Z</time></trkpt><trkpt lat="41.55063645546225" lon="-71.32698119935137"><time>2026-08-09T18:51:00Z</time></trkpt><trkpt lat="41.550666762263816" lon="-71.32699662171511"><time>2026-08-09T18:51:01Z</time></trkpt><trkpt lat="41.55069638387226" lon="-71.32701629881659"><time>2026-08-09T18:51:02Z</time></trkpt><trkpt lat="41.550721981991224" lon="-71.32703882344529"><time>2026-08-09T18:51:03Z</time></trkpt><trkpt lat="41.55074998870125" lon="-71.32705898706547"><time>2026-08-09T18:51:04Z</time></trkpt><trkpt lat="41.55077886582166" lon="-71.32707819325404"><time>2026-08-09T18:51:05Z</time></trkpt><trkpt lat="41.55080703384515" lon="-71.32710081810409"><time>2026-08-09T18:51:06Z</time></trkpt><trkpt lat="41.55084060321228" lon="-71.32711833994333"><time>2026-08-09T18:51:07Z</time></trkpt><trkpt lat="41.55087195191333" lon="-71.32713696935625"><time>2026-08-09T18:51:08Z</time></trkpt><trkpt lat="41.550919627080006" lon="-71.3271587839427"><time>2026-08-09T18:51:09Z</time></trkpt><trkpt lat="41.55096338686706" lon="-71.32719917237782"><time>2026-08-09T18:51:11Z</time></trkpt><trkpt lat="41.55098673277578" lon="-71.32723079753929"><time>2026-08-09T18:51:12Z</time></trkpt><trkpt lat="41.55102065147815" lon="-71.32723716494293"><time>2026-08-09T18:51:13Z</time></trkpt><trkpt lat="41.55106032388192" lon="-71.32724481720527"><time>2026-08-09T18:51:14Z</time></trkpt><trkpt lat="41.55107717289711" lon="-71.32727730969317"><time>2026-08-09T18:51:15Z</time></trkpt><trkpt lat="41.551102541952325" lon="-71.32730083923602"><time>2026-08-09T18:51:16Z</time></trkpt><trkpt lat="41.551135196549296" lon="-71.32731662067984"><time>2026-08-09T18:51:17Z</time></trkpt><trkpt lat="41.55117130231115" lon="-71.32733245351899"><time>2026-08-09T18:51:18Z</time></trkpt><trkpt lat="41.5512107488142" lon="-71.32735248505234"><time>2026-08-09T18:51:19Z</time></trkpt><trkpt lat="41.55123983393951" lon="-71.32736789328439"><time>2026-08-09T18:51:20Z</time></trkpt><trkpt lat="41.55126201845918" lon="-71.32738833304333"><time>2026-08-09T18:51:21Z</time></trkpt><trkpt lat="41.55129241196832" lon="-71.3274060723185"><time>2026-08-09T18:51:22Z</time></trkpt><trkpt lat="41.55132234191146" lon="-71.32742344303843"><time>2026-08-09T18:51:23Z</time></trkpt><trkpt lat="41.55135331243772" lon="-71.32743808291869"><time>2026-08-09T18:51:24Z</time></trkpt><trkpt lat="41.55138467949997" lon="-71.32745225803225"><time>2026-08-09T18:51:25Z</time></trkpt><trkpt lat="41.551413642306215" lon="-71.32746864578192"><time>2026-08-09T18:51:26Z</time></trkpt><trkpt lat="41.55144454490857" lon="-71.32748264546994"><time>2026-08-09T18:51:27Z</time></trkpt><trkpt lat="41.55147654782055" lon="-71.32749674987035"><time>2026-08-09T18:51:28Z</time></trkpt><trkpt lat="41.55150897754082" lon="-71.32751132783152"><time>2026-08-09T18:51:29Z</time></trkpt><trkpt lat="41.55153539911466" lon="-71.32752815667068"><time>2026-08-09T18:51:30Z</time></trkpt><trkpt lat="41.55156808254768" lon="-71.32754066477948"><time>2026-08-09T18:51:31Z</time></trkpt><trkpt lat="41.55159689145892" lon="-71.32755693542562"><time>2026-08-09T18:51:32Z</time></trkpt><trkpt lat="41.55162670243285" lon="-71.32757039305203"><time>2026-08-09T18:51:33Z</time></trkpt><trkpt lat="41.551658545815656" lon="-71.32758465990753"><time>2026-08-09T18:51:34Z</time></trkpt><trkpt lat="41.551689196375406" lon="-71.32760064741386"><time>2026-08-09T18:51:35Z</time></trkpt><trkpt lat="41.5517200274555" lon="-71.3276126617156"><time>2026-08-09T18:51:36Z</time></trkpt><trkpt lat="41.55175055559863" lon="-71.32762736675205"><time>2026-08-09T18:51:37Z</time></trkpt><trkpt lat="41.55178101690412" lon="-71.32764335907878"><time>2026-08-09T18:51:38Z</time></trkpt><trkpt lat="41.551813891191706" lon="-71.32765972951266"><time>2026-08-09T18:51:39Z</time></trkpt><trkpt lat="41.551844167165164" lon="-71.32767319100614"><time>2026-08-09T18:51:40Z</time></trkpt><trkpt lat="41.551875815103195" lon="-71.3276864183596"><time>2026-08-09T18:51:41Z</time></trkpt><trkpt lat="41.55190595793547" lon="-71.32770171806884"><time>2026-08-09T18:51:42Z</time></trkpt><trkpt lat="41.551936699829255" lon="-71.32771686249504"><time>2026-08-09T18:51:43Z</time></trkpt><trkpt lat="41.5519672713732" lon="-71.32773241349415"><time>2026-08-09T18:51:44Z</time></trkpt><trkpt lat="41.551998842116284" lon="-71.32774623582212"><time>2026-08-09T18:51:45Z</time></trkpt><trkpt lat="41.55202930406106" lon="-71.32776172204896"><time>2026-08-09T18:51:46Z</time></trkpt><trkpt lat="41.55206078660259" lon="-71.32777739212281"><time>2026-08-09T18:51:47Z</time></trkpt><trkpt lat="41.552091209053266" lon="-71.32779495755922"><time>2026-08-09T18:51:48Z</time></trkpt><trkpt lat="41.55212218098617" lon="-71.32780864042711"><time>2026-08-09T18:51:49Z</time></trkpt><trkpt lat="41.55215261577813" lon="-71.32782285401133"><time>2026-08-09T18:51:50Z</time></trkpt><trkpt lat="41.552183668470406" lon="-71.32783655734211"><time>2026-08-09T18:51:51Z</time></trkpt><trkpt lat="41.55221515568213" lon="-71.32784979748091"><time>2026-08-09T18:51:52Z</time></trkpt><trkpt lat="41.55224585308343" lon="-71.32786461061687"><time>2026-08-09T18:51:53Z</time></trkpt><trkpt lat="41.55227514926547" lon="-71.32787726562529"><time>2026-08-09T18:51:54Z</time></trkpt><trkpt lat="41.5523061141467" lon="-71.32789186206263"><time>2026-08-09T18:51:55Z</time></trkpt><trkpt lat="41.55233656992708" lon="-71.32790456511302"><time>2026-08-09T18:51:56Z</time></trkpt><trkpt lat="41.55236757790147" lon="-71.32792043021442"><time>2026-08-09T18:51:57Z</time></trkpt><trkpt lat="41.55239766004915" lon="-71.32793354436696"><time>2026-08-09T18:51:58Z</time></trkpt><trkpt lat="41.55242687349437" lon="-71.32794910165354"><time>2026-08-09T18:51:59Z</time></trkpt><trkpt lat="41.55245058796092" lon="-71.32796605653672"><time>2026-08-09T18:52:00Z</time></trkpt><trkpt lat="41.552480746165166" lon="-71.32798199127012"><time>2026-08-09T18:52:01Z</time></trkpt><trkpt lat="41.55251091136441" lon="-71.32799702890689"><time>2026-08-09T18:52:02Z</time></trkpt><trkpt lat="41.5525400641317" lon="-71.32801628763254"><time>2026-08-09T18:52:03Z</time></trkpt><trkpt lat="41.552571357943606" lon="-71.32803224082545"><time>2026-08-09T18:52:04Z</time></trkpt><trkpt lat="41.55259524697522" lon="-71.32804193122814"><time>2026-08-09T18:52:05Z</time></trkpt><trkpt lat="41.552625770608756" lon="-71.32806098483364"><time>2026-08-09T18:52:06Z</time></trkpt><trkpt lat="41.5526546305423" lon="-71.32807638848752"><time>2026-08-09T18:52:07Z</time></trkpt><trkpt lat="41.55268642850593" lon="-71.32809374041915"><time>2026-08-09T18:52:08Z</time></trkpt><trkpt lat="41.552713699541115" lon="-71.3281089875189"><time>2026-08-09T18:52:09Z</time></trkpt><trkpt lat="41.5527413281939" lon="-71.32812390607707"><time>2026-08-09T18:52:10Z</time></trkpt><trkpt lat="41.55277083987418" lon="-71.32813925221063"><time>2026-08-09T18:52:11Z</time></trkpt><trkpt lat="41.55279987167618" lon="-71.32815369374278"><time>2026-08-09T18:52:12Z</time></trkpt><trkpt lat="41.552826333129545" lon="-71.32817158463533"><time>2026-08-09T18:52:13Z</time></trkpt><trkpt lat="41.552854397404495" lon="-71.32818665261607"><time>2026-08-09T18:52:14Z</time></trkpt><trkpt lat="41.552883327856975" lon="-71.32819807958228"><time>2026-08-09T18:52:15Z</time></trkpt><trkpt lat="41.552912705543235" lon="-71.32821258186304"><time>2026-08-09T18:52:16Z</time></trkpt><trkpt lat="41.55294086367364" lon="-71.3282226298536"><time>2026-08-09T18:52:17Z</time></trkpt><trkpt lat="41.55297097205513" lon="-71.32823399668928"><time>2026-08-09T18:52:18Z</time></trkpt><trkpt lat="41.552998576181956" lon="-71.32824420994473"><time>2026-08-09T18:52:19Z</time></trkpt><trkpt lat="41.55303102365729" lon="-71.32824887821147"><time>2026-08-09T18:52:20Z</time></trkpt><trkpt lat="41.55306196007009" lon="-71.32824900955475"><time>2026-08-09T18:52:21Z</time></trkpt><trkpt lat="41.553086014110114" lon="-71.32825050589652"><time>2026-08-09T18:52:22Z</time></trkpt><trkpt lat="41.55311600482863" lon="-71.32823717139703"><time>2026-08-09T18:52:23Z</time></trkpt><trkpt lat="41.553158065356264" lon="-71.32825411506973"><time>2026-08-09T18:52:24Z</time></trkpt><trkpt lat="41.55318271784062" lon="-71.32822551595756"><time>2026-08-09T18:52:25Z</time></trkpt><trkpt lat="41.55321436879971" lon="-71.32822639313899"><time>2026-08-09T18:52:26Z</time></trkpt><trkpt lat="41.553246797989296" lon="-71.32820406630654"><time>2026-08-09T18:52:27Z</time></trkpt><trkpt lat="41.55325620981694" lon="-71.32824851834232"><time>2026-08-09T18:52:28Z</time></trkpt><trkpt lat="41.553264304917136" lon="-71.32822431238073"><time>2026-08-09T18:52:29Z</time></trkpt><trkpt lat="41.55330301355211" lon="-71.32819346544194"><time>2026-08-09T18:52:30Z</time></trkpt><trkpt lat="41.5533376199363" lon="-71.3281793347015"><time>2026-08-09T18:52:31Z</time></trkpt><trkpt lat="41.553363316566646" lon="-71.32817358352298"><time>2026-08-09T18:52:32Z</time></trkpt><trkpt lat="41.55338579234405" lon="-71.32817375085207"><time>2026-08-09T18:52:33Z</time></trkpt><trkpt lat="41.55341067802768" lon="-71.32816823397344"><time>2026-08-09T18:52:34Z</time></trkpt><trkpt lat="41.553438592345735" lon="-71.32815022911772"><time>2026-08-09T18:52:35Z</time></trkpt><trkpt lat="41.55345895327766" lon="-71.32813730633377"><time>2026-08-09T18:52:36Z</time></trkpt><trkpt lat="41.55347959640021" lon="-71.32813020417056"><time>2026-08-09T18:52:37Z</time></trkpt><trkpt lat="41.55350522150849" lon="-71.32810111656195"><time>2026-08-09T18:52:38Z</time></trkpt><trkpt lat="41.55355419913551" lon="-71.32814176717288"><time>2026-08-09T18:52:39Z</time></trkpt><trkpt lat="41.553580137866675" lon="-71.32811865563035"><time>2026-08-09T18:52:40Z</time></trkpt><trkpt lat="41.55357876738451" lon="-71.32807220094195"><time>2026-08-09T18:52:41Z</time></trkpt><trkpt lat="41.55361695959529" lon="-71.32804802083538"><time>2026-08-09T18:52:43Z</time></trkpt><trkpt lat="41.553640099598624" lon="-71.32803776377716"><time>2026-08-09T18:52:44Z</time></trkpt><trkpt lat="41.553658938254486" lon="-71.32801809383027"><time>2026-08-09T18:52:45Z</time></trkpt><trkpt lat="41.55369033099108" lon="-71.32800752541344"><time>2026-08-09T18:52:46Z</time></trkpt><trkpt lat="41.55372227593057" lon="-71.32799931221281"><time>2026-08-09T18:52:47Z</time></trkpt><trkpt lat="41.55375335398793" lon="-71.3279861350241"><time>2026-08-09T18:52:48Z</time></trkpt><trkpt lat="41.553762872320355" lon="-71.32795663239594"><time>2026-08-09T18:52:49Z</time></trkpt><trkpt lat="41.55378645707771" lon="-71.32792733603394"><time>2026-08-09T18:52:50Z</time></trkpt><trkpt lat="41.553810431858494" lon="-71.32791214799929"><time>2026-08-09T18:52:51Z</time></trkpt><trkpt lat="41.553833695427244" lon="-71.32789707676952"><time>2026-08-09T18:52:52Z</time></trkpt><trkpt lat="41.553854863792644" lon="-71.32787009905816"><time>2026-08-09T18:52:53Z</time></trkpt><trkpt lat="41.553881478737104" lon="-71.32784915377799"><time>2026-08-09T18:52:54Z</time></trkpt><trkpt lat="41.55389831202107" lon="-71.32782931589698"><time>2026-08-09T18:52:55Z</time></trkpt><trkpt lat="41.55392025641008" lon="-71.32781734693054"><time>2026-08-09T18:52:56Z</time></trkpt><trkpt lat="41.55394424872761" lon="-71.3278018288151"><time>2026-08-09T18:52:57Z</time></trkpt><trkpt lat="41.55397075492734" lon="-71.32777325596807"><time>2026-08-09T18:52:58Z</time></trkpt><trkpt lat="41.553994605817564" lon="-71.32775272748329"><time>2026-08-09T18:52:59Z</time></trkpt><trkpt lat="41.55401845846489" lon="-71.32772781516978"><time>2026-08-09T18:53:00Z</time></trkpt><trkpt lat="41.55404115223946" lon="-71.32770734487475"><time>2026-08-09T18:53:01Z</time></trkpt><trkpt lat="41.55406998746946" lon="-71.32767376915406"><time>2026-08-09T18:53:02Z</time></trkpt><trkpt lat="41.554096527401626" lon="-71.32765967848118"><time>2026-08-09T18:53:03Z</time></trkpt><trkpt lat="41.554123538180825" lon="-71.32764077447216"><time>2026-08-09T18:53:04Z</time></trkpt><trkpt lat="41.554143271166566" lon="-71.32761475845501"><time>2026-08-09T18:53:05Z</time></trkpt><trkpt lat="41.554168694169704" lon="-71.32760307982797"><time>2026-08-09T18:53:06Z</time></trkpt><trkpt lat="41.5541894753335" lon="-71.32757598448657"><time>2026-08-09T18:53:07Z</time></trkpt><trkpt lat="41.55421878171643" lon="-71.32755565879089"><time>2026-08-09T18:53:08Z</time></trkpt><trkpt lat="41.554247529359394" lon="-71.32752836916701"><time>2026-08-09T18:53:09Z</time></trkpt><trkpt lat="41.55427483374559" lon="-71.32750909631176"><time>2026-08-09T18:53:10Z</time></trkpt><trkpt lat="41.55430403155084" lon="-71.32749105494416"><time>2026-08-09T18:53:11Z</time></trkpt><trkpt lat="41.55433342768786" lon="-71.32745964735003"><time>2026-08-09T18:53:12Z</time></trkpt><trkpt lat="41.55435679237243" lon="-71.32744343926973"><time>2026-08-09T18:53:13Z</time></trkpt><trkpt lat="41.55437434500395" lon="-71.3274193658722"><time>2026-08-09T18:53:14Z</time></trkpt><trkpt lat="41.554397476305425" lon="-71.32739238984891"><time>2026-08-09T18:53:15Z</time></trkpt><trkpt lat="41.55442793551944" lon="-71.32737363956554"><time>2026-08-09T18:53:16Z</time></trkpt><trkpt lat="41.55445294382389" lon="-71.32736483507531"><time>2026-08-09T18:53:17Z</time></trkpt><trkpt lat="41.55447679801523" lon="-71.32734001174434"><time>2026-08-09T18:53:18Z</time></trkpt><trkpt lat="41.55450450816842" lon="-71.32731841519752"><time>2026-08-09T18:53:19Z</time></trkpt><trkpt lat="41.5545275473742" lon="-71.32729179694165"><time>2026-08-09T18:53:20Z</time></trkpt><trkpt lat="41.55454548270282" lon="-71.32727396137231"><time>2026-08-09T18:53:21Z</time></trkpt><trkpt lat="41.55457959434523" lon="-71.32726009816987"><time>2026-08-09T18:53:22Z</time></trkpt><trkpt lat="41.55460774924866" lon="-71.32723234455153"><time>2026-08-09T18:53:23Z</time></trkpt><trkpt lat="41.554635749648355" lon="-71.327212191677"><time>2026-08-09T18:53:24Z</time></trkpt><trkpt lat="41.55466212898648" lon="-71.32719569671343"><time>2026-08-09T18:53:25Z</time></trkpt><trkpt lat="41.55468689684733" lon="-71.32717314816104"><time>2026-08-09T18:53:26Z</time></trkpt><trkpt lat="41.55471372765203" lon="-71.32715112525639"><time>2026-08-09T18:53:27Z</time></trkpt><trkpt lat="41.55473759455811" lon="-71.32712921929023"><time>2026-08-09T18:53:28Z</time></trkpt><trkpt lat="41.554767418444065" lon="-71.32710604021682"><time>2026-08-09T18:53:29Z</time></trkpt><trkpt lat="41.55479429439613" lon="-71.3270802459364"><time>2026-08-09T18:53:30Z</time></trkpt><trkpt lat="41.55481911355864" lon="-71.32705254716183"><time>2026-08-09T18:53:31Z</time></trkpt><trkpt lat="41.554846863614216" lon="-71.32703026543135"><time>2026-08-09T18:53:32Z</time></trkpt><trkpt lat="41.554874276089" lon="-71.3270079320606"><time>2026-08-09T18:53:33Z</time></trkpt><trkpt lat="41.55490110400363" lon="-71.32698730144324"><time>2026-08-09T18:53:34Z</time></trkpt><trkpt lat="41.55492716175325" lon="-71.32696177973529"><time>2026-08-09T18:53:35Z</time></trkpt><trkpt lat="41.55495272609135" lon="-71.32693552771353"><time>2026-08-09T18:53:36Z</time></trkpt><trkpt lat="41.554979582391454" lon="-71.32691067646338"><time>2026-08-09T18:53:37Z</time></trkpt><trkpt lat="41.5550060091556" lon="-71.32688362306172"><time>2026-08-09T18:53:38Z</time></trkpt><trkpt lat="41.55503310177551" lon="-71.32685842283901"><time>2026-08-09T18:53:39Z</time></trkpt><trkpt lat="41.55506002370928" lon="-71.32683308272829"><time>2026-08-09T18:53:40Z</time></trkpt><trkpt lat="41.555087964797686" lon="-71.32680755618868"><time>2026-08-09T18:53:41Z</time></trkpt><trkpt lat="41.55511457100442" lon="-71.32678301663069"><time>2026-08-09T18:53:42Z</time></trkpt><trkpt lat="41.55514051174717" lon="-71.32675929767025"><time>2026-08-09T18:53:43Z</time></trkpt><trkpt lat="41.55516625879062" lon="-71.3267346995176"><time>2026-08-09T18:53:44Z</time></trkpt><trkpt lat="41.55519259113322" lon="-71.32670795575872"><time>2026-08-09T18:53:45Z</time></trkpt><trkpt lat="41.5552172987664" lon="-71.32668019283808"><time>2026-08-09T18:53:46Z</time></trkpt><trkpt lat="41.55524257015633" lon="-71.32665352966816"><time>2026-08-09T18:53:47Z</time></trkpt><trkpt lat="41.555269392401954" lon="-71.32662872311252"><time>2026-08-09T18:53:48Z</time></trkpt><trkpt lat="41.555296446787885" lon="-71.32660440892124"><time>2026-08-09T18:53:49Z</time></trkpt><trkpt lat="41.555323040599426" lon="-71.32657878220591"><time>2026-08-09T18:53:50Z</time></trkpt><trkpt lat="41.555350942738045" lon="-71.32655154248658"><time>2026-08-09T18:53:51Z</time></trkpt><trkpt lat="41.55538015869546" lon="-71.32651906728752"><time>2026-08-09T18:53:52Z</time></trkpt><trkpt lat="41.55540279002369" lon="-71.32649432679838"><time>2026-08-09T18:53:53Z</time></trkpt><trkpt lat="41.55542763551437" lon="-71.32647031699919"><time>2026-08-09T18:53:54Z</time></trkpt><trkpt lat="41.555458312015546" lon="-71.32644864266692"><time>2026-08-09T18:53:55Z</time></trkpt><trkpt lat="41.55548287143159" lon="-71.32642012976847"><time>2026-08-09T18:53:56Z</time></trkpt><trkpt lat="41.55551072854155" lon="-71.32639385760264"><time>2026-08-09T18:53:57Z</time></trkpt><trkpt lat="41.55553920818576" lon="-71.32636936136957"><time>2026-08-09T18:53:58Z</time></trkpt><trkpt lat="41.55556995932751" lon="-71.32634641948998"><time>2026-08-09T18:53:59Z</time></trkpt><trkpt lat="41.55559677822371" lon="-71.32631581014246"><time>2026-08-09T18:54:00Z</time></trkpt><trkpt lat="41.555620372382684" lon="-71.32628421083696"><time>2026-08-09T18:54:01Z</time></trkpt><trkpt lat="41.555638232696715" lon="-71.32625176117566"><time>2026-08-09T18:54:02Z</time></trkpt><trkpt lat="41.55566021038015" lon="-71.3262112750643"><time>2026-08-09T18:54:03Z</time></trkpt><trkpt lat="41.55570244961077" lon="-71.3261946347482"><time>2026-08-09T18:54:04Z</time></trkpt><trkpt lat="41.55573767840219" lon="-71.32619250004686"><time>2026-08-09T18:54:05Z</time></trkpt><trkpt lat="41.555766793141636" lon="-71.3261853615059"><time>2026-08-09T18:54:06Z</time></trkpt><trkpt lat="41.55579974524194" lon="-71.32616272892068"><time>2026-08-09T18:54:07Z</time></trkpt><trkpt lat="41.555833928762716" lon="-71.32614738553642"><time>2026-08-09T18:54:08Z</time></trkpt><trkpt lat="41.55587130959016" lon="-71.32614438346606"><time>2026-08-09T18:54:09Z</time></trkpt><trkpt lat="41.555913671930966" lon="-71.32611494526388"><time>2026-08-09T18:54:10Z</time></trkpt><trkpt lat="41.55593639295704" lon="-71.32611169540652"><time>2026-08-09T18:54:11Z</time></trkpt><trkpt lat="41.5559542003529" lon="-71.32610234557262"><time>2026-08-09T18:54:12Z</time></trkpt><trkpt lat="41.55598963384926" lon="-71.32609576549402"><time>2026-08-09T18:54:13Z</time></trkpt><trkpt lat="41.556015397816026" lon="-71.3261072689186"><time>2026-08-09T18:54:14Z</time></trkpt><trkpt lat="41.55605074247651" lon="-71.32609921850025"><time>2026-08-09T18:54:15Z</time></trkpt><trkpt lat="41.556073744587465" lon="-71.3260950463196"><time>2026-08-09T18:54:16Z</time></trkpt><trkpt lat="41.556121968152176" lon="-71.32610557018475"><time>2026-08-09T18:54:17Z</time></trkpt><trkpt lat="41.55615581432568" lon="-71.32611158937533"><time>2026-08-09T18:54:18Z</time></trkpt><trkpt lat="41.55618050977851" lon="-71.32611865206695"><time>2026-08-09T18:54:19Z</time></trkpt><trkpt lat="41.556214389184284" lon="-71.3261175986931"><time>2026-08-09T18:54:20Z</time></trkpt><trkpt lat="41.55624289714167" lon="-71.32612564609363"><time>2026-08-09T18:54:21Z</time></trkpt><trkpt lat="41.55627098938081" lon="-71.32613091309294"><time>2026-08-09T18:54:22Z</time></trkpt><trkpt lat="41.55630183670076" lon="-71.32613425889497"><time>2026-08-09T18:54:23Z</time></trkpt><trkpt lat="41.55633020894393" lon="-71.32614151190145"><time>2026-08-09T18:54:24Z</time></trkpt><trkpt lat="41.556363277186584" lon="-71.32615467599666"><time>2026-08-09T18:54:25Z</time></trkpt><trkpt lat="41.55639455695823" lon="-71.32615796036305"><time>2026-08-09T18:54:26Z</time></trkpt><trkpt lat="41.55642053854395" lon="-71.32616201266343"><time>2026-08-09T18:54:27Z</time></trkpt><trkpt lat="41.55644973567865" lon="-71.32615861081429"><time>2026-08-09T18:54:28Z</time></trkpt><trkpt lat="41.55647799858617" lon="-71.32617457104644"><time>2026-08-09T18:54:29Z</time></trkpt><trkpt lat="41.55650744859521" lon="-71.32618547882788"><time>2026-08-09T18:54:30Z</time></trkpt><trkpt lat="41.55653740715972" lon="-71.32618586364563"><time>2026-08-09T18:54:31Z</time></trkpt><trkpt lat="41.55657432332195" lon="-71.32619796227283"><time>2026-08-09T18:54:32Z</time></trkpt><trkpt lat="41.55659657273646" lon="-71.32621639111873"><time>2026-08-09T18:54:33Z</time></trkpt><trkpt lat="41.556624076662324" lon="-71.32622118020525"><time>2026-08-09T18:54:34Z</time></trkpt><trkpt lat="41.55665830795118" lon="-71.3262305585272"><time>2026-08-09T18:54:35Z</time></trkpt><trkpt lat="41.556685940303964" lon="-71.32623889796804"><time>2026-08-09T18:54:36Z</time></trkpt><trkpt lat="41.55671803961008" lon="-71.32624454505368"><time>2026-08-09T18:54:37Z</time></trkpt><trkpt lat="41.55674786597983" lon="-71.32625260635562"><time>2026-08-09T18:54:38Z</time></trkpt><trkpt lat="41.55677460227087" lon="-71.3262652652063"><time>2026-08-09T18:54:39Z</time></trkpt><trkpt lat="41.55680191836543" lon="-71.32627198386007"><time>2026-08-09T18:54:40Z</time></trkpt><trkpt lat="41.55683051787754" lon="-71.32627777689207"><time>2026-08-09T18:54:41Z</time></trkpt><trkpt lat="41.55685882657308" lon="-71.32628417931961"><time>2026-08-09T18:54:42Z</time></trkpt><trkpt lat="41.55688659022726" lon="-71.3262896179209"><time>2026-08-09T18:54:43Z</time></trkpt><trkpt lat="41.556916770301065" lon="-71.32629769381164"><time>2026-08-09T18:54:44Z</time></trkpt><trkpt lat="41.55694145762062" lon="-71.32631604986078"><time>2026-08-09T18:54:45Z</time></trkpt><trkpt lat="41.55696676547468" lon="-71.32631334155954"><time>2026-08-09T18:54:46Z</time></trkpt><trkpt lat="41.55699987139285" lon="-71.32632224050633"><time>2026-08-09T18:54:47Z</time></trkpt><trkpt lat="41.557027476708406" lon="-71.32632566567281"><time>2026-08-09T18:54:48Z</time></trkpt><trkpt lat="41.557055966879965" lon="-71.32633280443059"><time>2026-08-09T18:54:49Z</time></trkpt><trkpt lat="41.55708578360973" lon="-71.32634009238824"><time>2026-08-09T18:54:50Z</time></trkpt><trkpt lat="41.557118200791955" lon="-71.32634537510837"><time>2026-08-09T18:54:51Z</time></trkpt><trkpt lat="41.55714192383541" lon="-71.32635475803082"><time>2026-08-09T18:54:52Z</time></trkpt><trkpt lat="41.55716584880311" lon="-71.32636146204568"><time>2026-08-09T18:54:53Z</time></trkpt><trkpt lat="41.557204235879745" lon="-71.32637379348535"><time>2026-08-09T18:54:54Z</time></trkpt><trkpt lat="41.5572307081998" lon="-71.3263789969811"><time>2026-08-09T18:54:55Z</time></trkpt><trkpt lat="41.557255602747055" lon="-71.32639148424605"><time>2026-08-09T18:54:56Z</time></trkpt><trkpt lat="41.557282445871024" lon="-71.3264013222174"><time>2026-08-09T18:54:57Z</time></trkpt><trkpt lat="41.55731317697158" lon="-71.32641549803435"><time>2026-08-09T18:54:58Z</time></trkpt><trkpt lat="41.55734256062428" lon="-71.32642779214389"><time>2026-08-09T18:54:59Z</time></trkpt><trkpt lat="41.55737274067711" lon="-71.32643859412522"><time>2026-08-09T18:55:00Z</time></trkpt><trkpt lat="41.557399779646964" lon="-71.3264533587044"><time>2026-08-09T18:55:01Z</time></trkpt><trkpt lat="41.557426020922215" lon="-71.3264692154596"><time>2026-08-09T18:55:02Z</time></trkpt><trkpt lat="41.557453760095115" lon="-71.32648312243143"><time>2026-08-09T18:55:03Z</time></trkpt><trkpt lat="41.557481878279276" lon="-71.32649966807354"><time>2026-08-09T18:55:04Z</time></trkpt><trkpt lat="41.55750545010725" lon="-71.32651872326267"><time>2026-08-09T18:55:05Z</time></trkpt><trkpt lat="41.557528902578944" lon="-71.32653680011228"><time>2026-08-09T18:55:06Z</time></trkpt><trkpt lat="41.55755794224429" lon="-71.32654962425663"><time>2026-08-09T18:55:07Z</time></trkpt><trkpt lat="41.557584057265906" lon="-71.32655972329525"><time>2026-08-09T18:55:08Z</time></trkpt><trkpt lat="41.557615678474306" lon="-71.32658105165787"><time>2026-08-09T18:55:09Z</time></trkpt><trkpt lat="41.55764043679192" lon="-71.3265968777168"><time>2026-08-09T18:55:10Z</time></trkpt><trkpt lat="41.55767048359137" lon="-71.32660348441985"><time>2026-08-09T18:55:11Z</time></trkpt><trkpt lat="41.55769898964033" lon="-71.32661941722125"><time>2026-08-09T18:55:12Z</time></trkpt><trkpt lat="41.55772855584311" lon="-71.32663043426963"><time>2026-08-09T18:55:13Z</time></trkpt><trkpt lat="41.55775820197895" lon="-71.32664201447044"><time>2026-08-09T18:55:14Z</time></trkpt><trkpt lat="41.55778720446447" lon="-71.32665579911698"><time>2026-08-09T18:55:15Z</time></trkpt><trkpt lat="41.557816093807155" lon="-71.32666850610441"><time>2026-08-09T18:55:16Z</time></trkpt><trkpt lat="41.557844900158564" lon="-71.32668303697449"><time>2026-08-09T18:55:17Z</time></trkpt><trkpt lat="41.55787325641879" lon="-71.32669715314817"><time>2026-08-09T18:55:18Z</time></trkpt><trkpt lat="41.55790426904208" lon="-71.32671225070104"><time>2026-08-09T18:55:19Z</time></trkpt><trkpt lat="41.557932202673406" lon="-71.32672589282653"><time>2026-08-09T18:55:20Z</time></trkpt><trkpt lat="41.55795907808932" lon="-71.32674115340087"><time>2026-08-09T18:55:21Z</time></trkpt><trkpt lat="41.55799186136194" lon="-71.32675843274686"><time>2026-08-09T18:55:22Z</time></trkpt><trkpt lat="41.55802227856299" lon="-71.32678395317633"><time>2026-08-09T18:55:23Z</time></trkpt><trkpt lat="41.558053531409506" lon="-71.32679770365688"><time>2026-08-09T18:55:24Z</time></trkpt><trkpt lat="41.55807689098834" lon="-71.32679987144297"><time>2026-08-09T18:55:25Z</time></trkpt><trkpt lat="41.55810847830581" lon="-71.32681110879075"><time>2026-08-09T18:55:26Z</time></trkpt><trkpt lat="41.558134734895695" lon="-71.32682490877"><time>2026-08-09T18:55:27Z</time></trkpt><trkpt lat="41.55816284442593" lon="-71.32684513909844"><time>2026-08-09T18:55:28Z</time></trkpt><trkpt lat="41.5581925172435" lon="-71.3268596053182"><time>2026-08-09T18:55:29Z</time></trkpt><trkpt lat="41.55822056025361" lon="-71.32687280622088"><time>2026-08-09T18:55:30Z</time></trkpt><trkpt lat="41.55825000073733" lon="-71.32689037854114"><time>2026-08-09T18:55:31Z</time></trkpt><trkpt lat="41.55828302490483" lon="-71.3269072157269"><time>2026-08-09T18:55:32Z</time></trkpt><trkpt lat="41.558310776346254" lon="-71.32691954419624"><time>2026-08-09T18:55:33Z</time></trkpt><trkpt lat="41.55833974824638" lon="-71.3269306014105"><time>2026-08-09T18:55:34Z</time></trkpt><trkpt lat="41.55837055568163" lon="-71.3269453040937"><time>2026-08-09T18:55:35Z</time></trkpt><trkpt lat="41.55840102744753" lon="-71.32695890339248"><time>2026-08-09T18:55:36Z</time></trkpt><trkpt lat="41.55843080905243" lon="-71.3269729968054"><time>2026-08-09T18:55:37Z</time></trkpt><trkpt lat="41.55846193901856" lon="-71.32698686337808"><time>2026-08-09T18:55:38Z</time></trkpt><trkpt lat="41.55849216323691" lon="-71.3269926213186"><time>2026-08-09T18:55:39Z</time></trkpt><trkpt lat="41.55852295434257" lon="-71.3270062402519"><time>2026-08-09T18:55:40Z</time></trkpt><trkpt lat="41.55855332844685" lon="-71.3270161984577"><time>2026-08-09T18:55:41Z</time></trkpt><trkpt lat="41.55858475587878" lon="-71.32702333907066"><time>2026-08-09T18:55:42Z</time></trkpt><trkpt lat="41.558618417502316" lon="-71.32702858093758"><time>2026-08-09T18:55:43Z</time></trkpt><trkpt lat="41.558648662796024" lon="-71.32703823657023"><time>2026-08-09T18:55:44Z</time></trkpt><trkpt lat="41.55867795136869" lon="-71.32705060950097"><time>2026-08-09T18:55:45Z</time></trkpt><trkpt lat="41.55870540126285" lon="-71.32705837624668"><time>2026-08-09T18:55:46Z</time></trkpt><trkpt lat="41.5587380637927" lon="-71.32705982812396"><time>2026-08-09T18:55:47Z</time></trkpt><trkpt lat="41.55876877555548" lon="-71.3270608782869"><time>2026-08-09T18:55:48Z</time></trkpt><trkpt lat="41.55879948409043" lon="-71.32706059882265"><time>2026-08-09T18:55:49Z</time></trkpt><trkpt lat="41.55882361009224" lon="-71.32707102803943"><time>2026-08-09T18:55:50Z</time></trkpt><trkpt lat="41.55886768080033" lon="-71.3270852954853"><time>2026-08-09T18:55:52Z</time></trkpt><trkpt lat="41.55889803026914" lon="-71.32708093365973"><time>2026-08-09T18:55:53Z</time></trkpt><trkpt lat="41.55894370699997" lon="-71.32707502211139"><time>2026-08-09T18:55:54Z</time></trkpt><trkpt lat="41.5589704044762" lon="-71.32706935153674"><time>2026-08-09T18:55:55Z</time></trkpt><trkpt lat="41.558996423541245" lon="-71.3270683496655"><time>2026-08-09T18:55:56Z</time></trkpt><trkpt lat="41.559016616530776" lon="-71.32706043868026"><time>2026-08-09T18:55:57Z</time></trkpt><trkpt lat="41.55904995828748" lon="-71.32705633234107"><time>2026-08-09T18:55:58Z</time></trkpt><trkpt lat="41.55907887494505" lon="-71.3270652712059"><time>2026-08-09T18:55:59Z</time></trkpt><trkpt lat="41.55910579790433" lon="-71.32706161970049"><time>2026-08-09T18:56:00Z</time></trkpt><trkpt lat="41.55913674689326" lon="-71.32704635012445"><time>2026-08-09T18:56:01Z</time></trkpt><trkpt lat="41.559157565623494" lon="-71.32702158538103"><time>2026-08-09T18:56:02Z</time></trkpt><trkpt lat="41.55917748546783" lon="-71.32700220571311"><time>2026-08-09T18:56:03Z</time></trkpt><trkpt lat="41.559205223848146" lon="-71.32698661159938"><time>2026-08-09T18:56:04Z</time></trkpt><trkpt lat="41.55922731717803" lon="-71.32697955392798"><time>2026-08-09T18:56:05Z</time></trkpt><trkpt lat="41.55924911061433" lon="-71.3269695490025"><time>2026-08-09T18:56:06Z</time></trkpt><trkpt lat="41.559268659881376" lon="-71.32694690008094"><time>2026-08-09T18:56:07Z</time></trkpt><trkpt lat="41.559297566110665" lon="-71.32692668628883"><time>2026-08-09T18:56:08Z</time></trkpt><trkpt lat="41.559325286201215" lon="-71.32691965134177"><time>2026-08-09T18:56:09Z</time></trkpt><trkpt lat="41.559350764029716" lon="-71.32690471282038"><time>2026-08-09T18:56:10Z</time></trkpt><trkpt lat="41.559368002742495" lon="-71.3268955401751"><time>2026-08-09T18:56:11Z</time></trkpt><trkpt lat="41.55939988006307" lon="-71.32688100857612"><time>2026-08-09T18:56:12Z</time></trkpt><trkpt lat="41.55942410365589" lon="-71.32684681450779"><time>2026-08-09T18:56:13Z</time></trkpt><trkpt lat="41.55945006294948" lon="-71.32683162998437"><time>2026-08-09T18:56:14Z</time></trkpt><trkpt lat="41.55947710482666" lon="-71.3268114631296"><time>2026-08-09T18:56:15Z</time></trkpt><trkpt lat="41.55950083080475" lon="-71.32679086643093"><time>2026-08-09T18:56:16Z</time></trkpt><trkpt lat="41.55952887954696" lon="-71.3267810874393"><time>2026-08-09T18:56:17Z</time></trkpt><trkpt lat="41.55955088305725" lon="-71.32676673210395"><time>2026-08-09T18:56:18Z</time></trkpt><trkpt lat="41.55956962769207" lon="-71.32675609617385"><time>2026-08-09T18:56:19Z</time></trkpt><trkpt lat="41.55959988030189" lon="-71.32673427299163"><time>2026-08-09T18:56:20Z</time></trkpt><trkpt lat="41.55963214678994" lon="-71.32671854229116"><time>2026-08-09T18:56:21Z</time></trkpt><trkpt lat="41.559656845377305" lon="-71.3267146222076"><time>2026-08-09T18:56:22Z</time></trkpt><trkpt lat="41.559674038610304" lon="-71.32670485693767"><time>2026-08-09T18:56:23Z</time></trkpt><trkpt lat="41.559701886249" lon="-71.32668389414738"><time>2026-08-09T18:56:24Z</time></trkpt><trkpt lat="41.559736051182995" lon="-71.32667012837315"><time>2026-08-09T18:56:25Z</time></trkpt><trkpt lat="41.55975525120144" lon="-71.32666174838788"><time>2026-08-09T18:56:26Z</time></trkpt><trkpt lat="41.559778726665115" lon="-71.32666373170835"><time>2026-08-09T18:56:27Z</time></trkpt><trkpt lat="41.55981173954628" lon="-71.32664190640011"><time>2026-08-09T18:56:28Z</time></trkpt><trkpt lat="41.5598376268335" lon="-71.32662723364982"><time>2026-08-09T18:56:29Z</time></trkpt><trkpt lat="41.55985726618179" lon="-71.32660230916345"><time>2026-08-09T18:56:30Z</time></trkpt><trkpt lat="41.559890571484516" lon="-71.3265802957574"><time>2026-08-09T18:56:31Z</time></trkpt><trkpt lat="41.5599162091457" lon="-71.32657544882208"><time>2026-08-09T18:56:32Z</time></trkpt><trkpt lat="41.55994188222547" lon="-71.32657032582016"><time>2026-08-09T18:56:33Z</time></trkpt><trkpt lat="41.55996737744152" lon="-71.3265509481957"><time>2026-08-09T18:56:34Z</time></trkpt><trkpt lat="41.55999522052805" lon="-71.32654273205675"><time>2026-08-09T18:56:35Z</time></trkpt><trkpt lat="41.56001698441895" lon="-71.32652219347726"><time>2026-08-09T18:56:36Z</time></trkpt><trkpt lat="41.560046823547566" lon="-71.32651351135667"><time>2026-08-09T18:56:37Z</time></trkpt><trkpt lat="41.56007399050353" lon="-71.3265032929427"><time>2026-08-09T18:56:38Z</time></trkpt><trkpt lat="41.5600992600628" lon="-71.32648626698105"><time>2026-08-09T18:56:39Z</time></trkpt><trkpt lat="41.560124539595314" lon="-71.32647679771634"><time>2026-08-09T18:56:40Z</time></trkpt><trkpt lat="41.560152765112676" lon="-71.32647608907571"><time>2026-08-09T18:56:41Z</time></trkpt><trkpt lat="41.56018632624905" lon="-71.32647885269597"><time>2026-08-09T18:56:42Z</time></trkpt><trkpt lat="41.560211557760255" lon="-71.32645712899786"><time>2026-08-09T18:56:43Z</time></trkpt><trkpt lat="41.560236215378396" lon="-71.32644464663684"><time>2026-08-09T18:56:44Z</time></trkpt><trkpt lat="41.560261656570646" lon="-71.32645840930392"><time>2026-08-09T18:56:45Z</time></trkpt><trkpt lat="41.56028921942884" lon="-71.32646131062519"><time>2026-08-09T18:56:46Z</time></trkpt><trkpt lat="41.56031631939038" lon="-71.32645713889865"><time>2026-08-09T18:56:47Z</time></trkpt><trkpt lat="41.56034974765041" lon="-71.32646638030775"><time>2026-08-09T18:56:48Z</time></trkpt><trkpt lat="41.56037464443412" lon="-71.32646007897351"><time>2026-08-09T18:56:49Z</time></trkpt><trkpt lat="41.5603938626707" lon="-71.32643796552392"><time>2026-08-09T18:56:50Z</time></trkpt><trkpt lat="41.560418727234484" lon="-71.32642881432957"><time>2026-08-09T18:56:51Z</time></trkpt><trkpt lat="41.560445214060024" lon="-71.32642005482793"><time>2026-08-09T18:56:52Z</time></trkpt><trkpt lat="41.560467931735275" lon="-71.32639827782683"><time>2026-08-09T18:56:53Z</time></trkpt><trkpt lat="41.56049503380175" lon="-71.32638124185203"><time>2026-08-09T18:56:54Z</time></trkpt><trkpt lat="41.56052068464526" lon="-71.32636799642796"><time>2026-08-09T18:56:55Z</time></trkpt><trkpt lat="41.56054513707957" lon="-71.32635774967332"><time>2026-08-09T18:56:56Z</time></trkpt><trkpt lat="41.5605717895111" lon="-71.32634472135827"><time>2026-08-09T18:56:57Z</time></trkpt><trkpt lat="41.5605988080012" lon="-71.32633067647402"><time>2026-08-09T18:56:58Z</time></trkpt><trkpt lat="41.56062827383006" lon="-71.32632298828904"><time>2026-08-09T18:56:59Z</time></trkpt><trkpt lat="41.56064929047048" lon="-71.32631070025386"><time>2026-08-09T18:57:00Z</time></trkpt><trkpt lat="41.560682019652546" lon="-71.32629890216954"><time>2026-08-09T18:57:01Z</time></trkpt><trkpt lat="41.56070045903609" lon="-71.32628450714705"><time>2026-08-09T18:57:02Z</time></trkpt><trkpt lat="41.56073172185251" lon="-71.32627890259478"><time>2026-08-09T18:57:03Z</time></trkpt><trkpt lat="41.560753349313885" lon="-71.32626700907471"><time>2026-08-09T18:57:04Z</time></trkpt><trkpt lat="41.56077570380873" lon="-71.32624536961961"><time>2026-08-09T18:57:05Z</time></trkpt><trkpt lat="41.56081340053933" lon="-71.32624601244729"><time>2026-08-09T18:57:06Z</time></trkpt><trkpt lat="41.56083122588633" lon="-71.32622937928699"><time>2026-08-09T18:57:07Z</time></trkpt><trkpt lat="41.56085888471891" lon="-71.32622805641326"><time>2026-08-09T18:57:08Z</time></trkpt><trkpt lat="41.560879458619745" lon="-71.32621118259459"><time>2026-08-09T18:57:09Z</time></trkpt><trkpt lat="41.56091237098132" lon="-71.32620041116189"><time>2026-08-09T18:57:10Z</time></trkpt><trkpt lat="41.5609407286276" lon="-71.32618899276045"><time>2026-08-09T18:57:11Z</time></trkpt><trkpt lat="41.56097423571831" lon="-71.32617420186085"><time>2026-08-09T18:57:13Z</time></trkpt><trkpt lat="41.56101253183511" lon="-71.32617012464912"><time>2026-08-09T18:57:14Z</time></trkpt><trkpt lat="41.5610349242082" lon="-71.3261458262443"><time>2026-08-09T18:57:15Z</time></trkpt><trkpt lat="41.56105134462638" lon="-71.3261289641881"><time>2026-08-09T18:57:16Z</time></trkpt><trkpt lat="41.56107709766007" lon="-71.32612008468006"><time>2026-08-09T18:57:17Z</time></trkpt><trkpt lat="41.561098645725885" lon="-71.32610324211632"><time>2026-08-09T18:57:18Z</time></trkpt><trkpt lat="41.56112363272342" lon="-71.32610082065699"><time>2026-08-09T18:57:19Z</time></trkpt><trkpt lat="41.56115990718001" lon="-71.3260741119717"><time>2026-08-09T18:57:21Z</time></trkpt><trkpt lat="41.56118204583519" lon="-71.32609783708905"><time>2026-08-09T18:57:22Z</time></trkpt><trkpt lat="41.561205438189724" lon="-71.3260632581074"><time>2026-08-09T18:57:23Z</time></trkpt><trkpt lat="41.56124448365881" lon="-71.32605421108826"><time>2026-08-09T18:57:24Z</time></trkpt><trkpt lat="41.561280046073826" lon="-71.32602082466846"><time>2026-08-09T18:57:26Z</time></trkpt><trkpt lat="41.561307960421594" lon="-71.32601374031597"><time>2026-08-09T18:57:27Z</time></trkpt><trkpt lat="41.56133334137555" lon="-71.32600226243733"><time>2026-08-09T18:57:28Z</time></trkpt><trkpt lat="41.56135584813452" lon="-71.3259793704806"><time>2026-08-09T18:57:29Z</time></trkpt><trkpt lat="41.561381584648565" lon="-71.32596595492959"><time>2026-08-09T18:57:30Z</time></trkpt><trkpt lat="41.56140573265196" lon="-71.3259642713163"><time>2026-08-09T18:57:31Z</time></trkpt><trkpt lat="41.56143001278205" lon="-71.32595083581853"><time>2026-08-09T18:57:32Z</time></trkpt><trkpt lat="41.56145356851162" lon="-71.3259472076621"><time>2026-08-09T18:57:33Z</time></trkpt><trkpt lat="41.56147644228054" lon="-71.32593786431538"><time>2026-08-09T18:57:34Z</time></trkpt><trkpt lat="41.56150027491055" lon="-71.32592916148076"><time>2026-08-09T18:57:35Z</time></trkpt><trkpt lat="41.5615252821277" lon="-71.3259263866352"><time>2026-08-09T18:57:36Z</time></trkpt><trkpt lat="41.5615487024705" lon="-71.32592078554838"><time>2026-08-09T18:57:37Z</time></trkpt><trkpt lat="41.56157264991828" lon="-71.32592066685119"><time>2026-08-09T18:57:38Z</time></trkpt><trkpt lat="41.56159689585486" lon="-71.32592325321353"><time>2026-08-09T18:57:39Z</time></trkpt><trkpt lat="41.561620592882285" lon="-71.32592629675496"><time>2026-08-09T18:57:40Z</time></trkpt><trkpt lat="41.561642381324354" lon="-71.32593311914958"><time>2026-08-09T18:57:41Z</time></trkpt><trkpt lat="41.56167993114595" lon="-71.3259489636021"><time>2026-08-09T18:57:43Z</time></trkpt><trkpt lat="41.56169936821164" lon="-71.32595736775711"><time>2026-08-09T18:57:44Z</time></trkpt><trkpt lat="41.561717073915716" lon="-71.32597202073346"><time>2026-08-09T18:57:45Z</time></trkpt><trkpt lat="41.56173909294267" lon="-71.32599322065089"><time>2026-08-09T18:57:46Z</time></trkpt><trkpt lat="41.56175388793022" lon="-71.32601005696475"><time>2026-08-09T18:57:47Z</time></trkpt><trkpt lat="41.56176814688068" lon="-71.32602799901595"><time>2026-08-09T18:57:48Z</time></trkpt><trkpt lat="41.56178548668911" lon="-71.32605079667879"><time>2026-08-09T18:57:49Z</time></trkpt><trkpt lat="41.56179819876717" lon="-71.32607443977547"><time>2026-08-09T18:57:50Z</time></trkpt><trkpt lat="41.561810432726176" lon="-71.32610091960444"><time>2026-08-09T18:57:51Z</time></trkpt><trkpt lat="41.5618298861926" lon="-71.32614584586102"><time>2026-08-09T18:57:53Z</time></trkpt><trkpt lat="41.56184678227742" lon="-71.32619541145155"><time>2026-08-09T18:57:55Z</time></trkpt><trkpt lat="41.56185024299659" lon="-71.32622633379216"><time>2026-08-09T18:57:56Z</time></trkpt><trkpt lat="41.56185338259465" lon="-71.32625105120924"><time>2026-08-09T18:57:57Z</time></trkpt><trkpt lat="41.56186308337826" lon="-71.3262825494612"><time>2026-08-09T18:57:58Z</time></trkpt><trkpt lat="41.561863953670695" lon="-71.32630958382427"><time>2026-08-09T18:57:59Z</time></trkpt><trkpt lat="41.56186634094592" lon="-71.32633511156111"><time>2026-08-09T18:58:00Z</time></trkpt><trkpt lat="41.56187083404918" lon="-71.3263612907985"><time>2026-08-09T18:58:01Z</time></trkpt><trkpt lat="41.56187391188318" lon="-71.3263893038432"><time>2026-08-09T18:58:02Z</time></trkpt><trkpt lat="41.561876418098755" lon="-71.32641603443372"><time>2026-08-09T18:58:03Z</time></trkpt><trkpt lat="41.56187816912093" lon="-71.326444176574"><time>2026-08-09T18:58:04Z</time></trkpt><trkpt lat="41.56188098209574" lon="-71.32647124406512"><time>2026-08-09T18:58:05Z</time></trkpt><trkpt lat="41.56188174232206" lon="-71.32649857901626"><time>2026-08-09T18:58:06Z</time></trkpt><trkpt lat="41.5618842905479" lon="-71.32652633309264"><time>2026-08-09T18:58:07Z</time></trkpt><trkpt lat="41.56188406134934" lon="-71.32655381664107"><time>2026-08-09T18:58:08Z</time></trkpt><trkpt lat="41.56188419147883" lon="-71.32658007281943"><time>2026-08-09T18:58:09Z</time></trkpt><trkpt lat="41.56188370607219" lon="-71.32660871469066"><time>2026-08-09T18:58:10Z</time></trkpt><trkpt lat="41.561884628738824" lon="-71.32663580131185"><time>2026-08-09T18:58:11Z</time></trkpt><trkpt lat="41.56188439027959" lon="-71.3266644114034"><time>2026-08-09T18:58:12Z</time></trkpt><trkpt lat="41.56187854874984" lon="-71.32671554701751"><time>2026-08-09T18:58:14Z</time></trkpt><trkpt lat="41.56187895033137" lon="-71.32674591717797"><time>2026-08-09T18:58:15Z</time></trkpt><trkpt lat="41.561877530216854" lon="-71.32677410636725"><time>2026-08-09T18:58:16Z</time></trkpt><trkpt lat="41.5618746848324" lon="-71.32680259631235"><time>2026-08-09T18:58:17Z</time></trkpt><trkpt lat="41.561871589393775" lon="-71.32683139089053"><time>2026-08-09T18:58:18Z</time></trkpt><trkpt lat="41.5618674315353" lon="-71.32685916978527"><time>2026-08-09T18:58:19Z</time></trkpt><trkpt lat="41.56186288738154" lon="-71.32688811593569"><time>2026-08-09T18:58:20Z</time></trkpt><trkpt lat="41.561857439765" lon="-71.3269153828098"><time>2026-08-09T18:58:21Z</time></trkpt><trkpt lat="41.56185463018576" lon="-71.32694430170875"><time>2026-08-09T18:58:22Z</time></trkpt><trkpt lat="41.56184927435599" lon="-71.32697224676511"><time>2026-08-09T18:58:23Z</time></trkpt><trkpt lat="41.56184375280102" lon="-71.32700099309136"><time>2026-08-09T18:58:24Z</time></trkpt><trkpt lat="41.561835492155566" lon="-71.32702910618018"><time>2026-08-09T18:58:25Z</time></trkpt><trkpt lat="41.56182580791012" lon="-71.3270530524815"><time>2026-08-09T18:58:26Z</time></trkpt><trkpt lat="41.56181363345292" lon="-71.32708961904437"><time>2026-08-09T18:58:27Z</time></trkpt><trkpt lat="41.56181164384058" lon="-71.32711384842514"><time>2026-08-09T18:58:28Z</time></trkpt><trkpt lat="41.56180609274251" lon="-71.32714129651023"><time>2026-08-09T18:58:29Z</time></trkpt><trkpt lat="41.56180128708096" lon="-71.32716922352135"><time>2026-08-09T18:58:30Z</time></trkpt><trkpt lat="41.56178982824804" lon="-71.32720408973735"><time>2026-08-09T18:58:31Z</time></trkpt><trkpt lat="41.56178454203396" lon="-71.32723382266647"><time>2026-08-09T18:58:32Z</time></trkpt><trkpt lat="41.561773985663294" lon="-71.32725877870621"><time>2026-08-09T18:58:33Z</time></trkpt><trkpt lat="41.56176165164811" lon="-71.32730826104799"><time>2026-08-09T18:58:35Z</time></trkpt><trkpt lat="41.56175580820863" lon="-71.32734328837834"><time>2026-08-09T18:58:36Z</time></trkpt><trkpt lat="41.56175179745038" lon="-71.32737340981681"><time>2026-08-09T18:58:37Z</time></trkpt><trkpt lat="41.56174415842634" lon="-71.32741898174687"><time>2026-08-09T18:58:39Z</time></trkpt><trkpt lat="41.561738880572705" lon="-71.32745101557039"><time>2026-08-09T18:58:40Z</time></trkpt><trkpt lat="41.561730552665004" lon="-71.3274793537961"><time>2026-08-09T18:58:41Z</time></trkpt><trkpt lat="41.56172246941008" lon="-71.32751346448103"><time>2026-08-09T18:58:42Z</time></trkpt><trkpt lat="41.56171741393937" lon="-71.32753986904027"><time>2026-08-09T18:58:43Z</time></trkpt><trkpt lat="41.561708934900146" lon="-71.32756796358079"><time>2026-08-09T18:58:44Z</time></trkpt><trkpt lat="41.56169972594034" lon="-71.32759831902192"><time>2026-08-09T18:58:45Z</time></trkpt><trkpt lat="41.56168879693433" lon="-71.32763018199776"><time>2026-08-09T18:58:46Z</time></trkpt><trkpt lat="41.56168071602436" lon="-71.32765512246951"><time>2026-08-09T18:58:47Z</time></trkpt><trkpt lat="41.56166149143984" lon="-71.32770632503579"><time>2026-08-09T18:58:49Z</time></trkpt><trkpt lat="41.56165057899777" lon="-71.32772880623753"><time>2026-08-09T18:58:50Z</time></trkpt><trkpt lat="41.56163773380996" lon="-71.32776244998571"><time>2026-08-09T18:58:51Z</time></trkpt><trkpt lat="41.561628620591534" lon="-71.32779043993399"><time>2026-08-09T18:58:52Z</time></trkpt><trkpt lat="41.56161884697566" lon="-71.32781427849073"><time>2026-08-09T18:58:53Z</time></trkpt><trkpt lat="41.56160781892487" lon="-71.32784083353671"><time>2026-08-09T18:58:54Z</time></trkpt><trkpt lat="41.5615986110585" lon="-71.32786378670059"><time>2026-08-09T18:58:55Z</time></trkpt><trkpt lat="41.561589774604435" lon="-71.32789280700055"><time>2026-08-09T18:58:56Z</time></trkpt><trkpt lat="41.56158000717199" lon="-71.3279221281113"><time>2026-08-09T18:58:57Z</time></trkpt><trkpt lat="41.56157140213269" lon="-71.32795458445287"><time>2026-08-09T18:58:58Z</time></trkpt><trkpt lat="41.56156229472274" lon="-71.32798006169106"><time>2026-08-09T18:58:59Z</time></trkpt><trkpt lat="41.561556779510056" lon="-71.32800787001953"><time>2026-08-09T18:59:00Z</time></trkpt><trkpt lat="41.56154811000928" lon="-71.32803646554628"><time>2026-08-09T18:59:01Z</time></trkpt><trkpt lat="41.561538853405104" lon="-71.32808744377564"><time>2026-08-09T18:59:03Z</time></trkpt><trkpt lat="41.561527853241714" lon="-71.32811528945311"><time>2026-08-09T18:59:04Z</time></trkpt><trkpt lat="41.56151788272129" lon="-71.32814464213733"><time>2026-08-09T18:59:05Z</time></trkpt><trkpt lat="41.561509871795" lon="-71.32817302835872"><time>2026-08-09T18:59:06Z</time></trkpt><trkpt lat="41.56150144731594" lon="-71.32820062314774"><time>2026-08-09T18:59:07Z</time></trkpt><trkpt lat="41.561491099083284" lon="-71.3282293647329"><time>2026-08-09T18:59:08Z</time></trkpt><trkpt lat="41.561484396255615" lon="-71.32825674257144"><time>2026-08-09T18:59:09Z</time></trkpt><trkpt lat="41.56147500806589" lon="-71.32828487061275"><time>2026-08-09T18:59:10Z</time></trkpt><trkpt lat="41.56145993347564" lon="-71.32830972597374"><time>2026-08-09T18:59:11Z</time></trkpt><trkpt lat="41.561450997413125" lon="-71.32833938466534"><time>2026-08-09T18:59:12Z</time></trkpt><trkpt lat="41.5614427969437" lon="-71.32837032113896"><time>2026-08-09T18:59:13Z</time></trkpt><trkpt lat="41.56143447222407" lon="-71.32840427643927"><time>2026-08-09T18:59:14Z</time></trkpt><trkpt lat="41.56142229461566" lon="-71.32842623180535"><time>2026-08-09T18:59:15Z</time></trkpt><trkpt lat="41.561411023933054" lon="-71.32846111818189"><time>2026-08-09T18:59:16Z</time></trkpt><trkpt lat="41.561406291646826" lon="-71.32848761626273"><time>2026-08-09T18:59:17Z</time></trkpt><trkpt lat="41.56139847949425" lon="-71.32851715361134"><time>2026-08-09T18:59:18Z</time></trkpt><trkpt lat="41.56138966403671" lon="-71.3285482660703"><time>2026-08-09T18:59:19Z</time></trkpt><trkpt lat="41.56138120862313" lon="-71.32857710908108"><time>2026-08-09T18:59:20Z</time></trkpt><trkpt lat="41.561371489218935" lon="-71.32860218200973"><time>2026-08-09T18:59:21Z</time></trkpt><trkpt lat="41.561363466716614" lon="-71.32863383525736"><time>2026-08-09T18:59:22Z</time></trkpt><trkpt lat="41.56135627841467" lon="-71.32866541181933"><time>2026-08-09T18:59:23Z</time></trkpt><trkpt lat="41.56134985970419" lon="-71.32869997969406"><time>2026-08-09T18:59:24Z</time></trkpt><trkpt lat="41.561341103868386" lon="-71.32872781490728"><time>2026-08-09T18:59:25Z</time></trkpt><trkpt lat="41.56133302114537" lon="-71.32875690516207"><time>2026-08-09T18:59:26Z</time></trkpt><trkpt lat="41.56132522336601" lon="-71.3287889789101"><time>2026-08-09T18:59:27Z</time></trkpt><trkpt lat="41.561316765561905" lon="-71.32881794358036"><time>2026-08-09T18:59:28Z</time></trkpt><trkpt lat="41.56130726663959" lon="-71.32884574665066"><time>2026-08-09T18:59:29Z</time></trkpt><trkpt lat="41.56129742224731" lon="-71.32887531713548"><time>2026-08-09T18:59:30Z</time></trkpt><trkpt lat="41.56128731361291" lon="-71.3289029438015"><time>2026-08-09T18:59:31Z</time></trkpt><trkpt lat="41.561277276175375" lon="-71.32893253071786"><time>2026-08-09T18:59:32Z</time></trkpt><trkpt lat="41.56126559229375" lon="-71.32895904853763"><time>2026-08-09T18:59:33Z</time></trkpt><trkpt lat="41.561255140518576" lon="-71.32898709614221"><time>2026-08-09T18:59:34Z</time></trkpt><trkpt lat="41.5612448905947" lon="-71.32901522473186"><time>2026-08-09T18:59:35Z</time></trkpt><trkpt lat="41.561231873528556" lon="-71.32903895535688"><time>2026-08-09T18:59:36Z</time></trkpt><trkpt lat="41.56122022703751" lon="-71.32907072572638"><time>2026-08-09T18:59:37Z</time></trkpt><trkpt lat="41.56120744982479" lon="-71.32910007830729"><time>2026-08-09T18:59:38Z</time></trkpt><trkpt lat="41.561197604777696" lon="-71.32912316254948"><time>2026-08-09T18:59:39Z</time></trkpt><trkpt lat="41.561186956868774" lon="-71.32914980079357"><time>2026-08-09T18:59:40Z</time></trkpt><trkpt lat="41.561174874793814" lon="-71.32917719033134"><time>2026-08-09T18:59:41Z</time></trkpt><trkpt lat="41.561165519817465" lon="-71.32920322023013"><time>2026-08-09T18:59:42Z</time></trkpt><trkpt lat="41.56115594119361" lon="-71.32922643412716"><time>2026-08-09T18:59:43Z</time></trkpt><trkpt lat="41.56114532325345" lon="-71.3292576514834"><time>2026-08-09T18:59:44Z</time></trkpt><trkpt lat="41.56113409167569" lon="-71.32928167058738"><time>2026-08-09T18:59:45Z</time></trkpt><trkpt lat="41.56112472548099" lon="-71.32930789730864"><time>2026-08-09T18:59:46Z</time></trkpt><trkpt lat="41.561114386656705" lon="-71.32933472353173"><time>2026-08-09T18:59:47Z</time></trkpt><trkpt lat="41.56110520900967" lon="-71.32936238416077"><time>2026-08-09T18:59:48Z</time></trkpt><trkpt lat="41.561095273406394" lon="-71.32938895152854"><time>2026-08-09T18:59:49Z</time></trkpt><trkpt lat="41.56108446307538" lon="-71.32941329134073"><time>2026-08-09T18:59:50Z</time></trkpt><trkpt lat="41.56107279246654" lon="-71.32943748927745"><time>2026-08-09T18:59:51Z</time></trkpt><trkpt lat="41.561062360473535" lon="-71.32946347400086"><time>2026-08-09T18:59:52Z</time></trkpt><trkpt lat="41.56105235721154" lon="-71.32948936505686"><time>2026-08-09T18:59:53Z</time></trkpt><trkpt lat="41.561040491486246" lon="-71.329514327661"><time>2026-08-09T18:59:54Z</time></trkpt><trkpt lat="41.56102955581965" lon="-71.32953962339626"><time>2026-08-09T18:59:55Z</time></trkpt><trkpt lat="41.56101826491211" lon="-71.3295630497719"><time>2026-08-09T18:59:56Z</time></trkpt><trkpt lat="41.5610066889239" lon="-71.32958664825927"><time>2026-08-09T18:59:57Z</time></trkpt><trkpt lat="41.56099596558384" lon="-71.32961000887528"><time>2026-08-09T18:59:58Z</time></trkpt><trkpt lat="41.56098387373387" lon="-71.32963232985624"><time>2026-08-09T18:59:59Z</time></trkpt><trkpt lat="41.56097106314948" lon="-71.32966509466846"><time>2026-08-09T19:00:00Z</time></trkpt><trkpt lat="41.560959343722985" lon="-71.32968761958591"><time>2026-08-09T19:00:01Z</time></trkpt><trkpt lat="41.56093811912159" lon="-71.32972601935501"><time>2026-08-09T19:00:03Z</time></trkpt><trkpt lat="41.5609248881887" lon="-71.32974479964122"><time>2026-08-09T19:00:04Z</time></trkpt><trkpt lat="41.56091457832205" lon="-71.32977106606837"><time>2026-08-09T19:00:05Z</time></trkpt><trkpt lat="41.56089676620544" lon="-71.32981618861838"><time>2026-08-09T19:00:07Z</time></trkpt><trkpt lat="41.56088023250053" lon="-71.32986431131668"><time>2026-08-09T19:00:09Z</time></trkpt><trkpt lat="41.56087125403927" lon="-71.32989028168186"><time>2026-08-09T19:00:10Z</time></trkpt><trkpt lat="41.56086276485054" lon="-71.3299155486549"><time>2026-08-09T19:00:11Z</time></trkpt><trkpt lat="41.560853603435255" lon="-71.32994010076926"><time>2026-08-09T19:00:12Z</time></trkpt><trkpt lat="41.56084552946547" lon="-71.32996634827917"><time>2026-08-09T19:00:13Z</time></trkpt><trkpt lat="41.56083713407516" lon="-71.32999025173096"><time>2026-08-09T19:00:14Z</time></trkpt><trkpt lat="41.560829890296176" lon="-71.33001647277297"><time>2026-08-09T19:00:15Z</time></trkpt><trkpt lat="41.560821081463885" lon="-71.33004016752696"><time>2026-08-09T19:00:16Z</time></trkpt><trkpt lat="41.560812846520506" lon="-71.33006426644457"><time>2026-08-09T19:00:17Z</time></trkpt><trkpt lat="41.560804195382666" lon="-71.33008873595612"><time>2026-08-09T19:00:18Z</time></trkpt><trkpt lat="41.560796516143384" lon="-71.33011211443748"><time>2026-08-09T19:00:19Z</time></trkpt><trkpt lat="41.560786345220905" lon="-71.33013584249349"><time>2026-08-09T19:00:20Z</time></trkpt><trkpt lat="41.56077682488906" lon="-71.33015694664911"><time>2026-08-09T19:00:21Z</time></trkpt><trkpt lat="41.560764955385295" lon="-71.33017678688803"><time>2026-08-09T19:00:22Z</time></trkpt><trkpt lat="41.560754177994" lon="-71.33019764059634"><time>2026-08-09T19:00:23Z</time></trkpt><trkpt lat="41.56074478585714" lon="-71.33021817523877"><time>2026-08-09T19:00:24Z</time></trkpt><trkpt lat="41.560733853032964" lon="-71.33023924132836"><time>2026-08-09T19:00:25Z</time></trkpt><trkpt lat="41.56072288205918" lon="-71.3302583513346"><time>2026-08-09T19:00:26Z</time></trkpt><trkpt lat="41.560701971513105" lon="-71.33029662458989"><time>2026-08-09T19:00:28Z</time></trkpt><trkpt lat="41.56068137279945" lon="-71.33033526031177"><time>2026-08-09T19:00:30Z</time></trkpt><trkpt lat="41.56066207006262" lon="-71.3303733821692"><time>2026-08-09T19:00:32Z</time></trkpt><trkpt lat="41.560644164036844" lon="-71.33041349727867"><time>2026-08-09T19:00:34Z</time></trkpt><trkpt lat="41.56062901976714" lon="-71.33045498847513"><time>2026-08-09T19:00:36Z</time></trkpt><trkpt lat="41.56061376728148" lon="-71.33049331069068"><time>2026-08-09T19:00:38Z</time></trkpt><trkpt lat="41.560598301113025" lon="-71.3305328782458"><time>2026-08-09T19:00:40Z</time></trkpt><trkpt lat="41.56058010625331" lon="-71.33057111743824"><time>2026-08-09T19:00:42Z</time></trkpt><trkpt lat="41.56055832674208" lon="-71.3306059799597"><time>2026-08-09T19:00:44Z</time></trkpt><trkpt lat="41.56053817420892" lon="-71.3306367343953"><time>2026-08-09T19:00:46Z</time></trkpt><trkpt lat="41.560522159485004" lon="-71.33066713559616"><time>2026-08-09T19:00:48Z</time></trkpt><trkpt lat="41.560498703681205" lon="-71.33069677299304"><time>2026-08-09T19:00:50Z</time></trkpt><trkpt lat="41.56047710332744" lon="-71.33072497088875"><time>2026-08-09T19:00:52Z</time></trkpt><trkpt lat="41.560455625293265" lon="-71.33075467055525"><time>2026-08-09T19:00:54Z</time></trkpt><trkpt lat="41.560432460883945" lon="-71.330788205643"><time>2026-08-09T19:00:56Z</time></trkpt><trkpt lat="41.56041214725454" lon="-71.33081829420136"><time>2026-08-09T19:00:58Z</time></trkpt><trkpt lat="41.56039097958265" lon="-71.33085062106122"><time>2026-08-09T19:01:00Z</time></trkpt><trkpt lat="41.560370046887044" lon="-71.33088081447437"><time>2026-08-09T19:01:02Z</time></trkpt><trkpt lat="41.56034956000053" lon="-71.33091321961209"><time>2026-08-09T19:01:04Z</time></trkpt><trkpt lat="41.56032986429324" lon="-71.3309460435444"><time>2026-08-09T19:01:06Z</time></trkpt><trkpt lat="41.56030958289138" lon="-71.33098033896738"><time>2026-08-09T19:01:08Z</time></trkpt><trkpt lat="41.56028910769198" lon="-71.33101493975951"><time>2026-08-09T19:01:10Z</time></trkpt><trkpt lat="41.56026923771948" lon="-71.33105300868556"><time>2026-08-09T19:01:12Z</time></trkpt><trkpt lat="41.560248219049214" lon="-71.33108918649876"><time>2026-08-09T19:01:14Z</time></trkpt><trkpt lat="41.56023677230989" lon="-71.33110772426785"><time>2026-08-09T19:01:15Z</time></trkpt><trkpt lat="41.56022203935343" lon="-71.33112289541423"><time>2026-08-09T19:01:16Z</time></trkpt><trkpt lat="41.56020942926586" lon="-71.33114032607942"><time>2026-08-09T19:01:17Z</time></trkpt><trkpt lat="41.56019586406094" lon="-71.33115742791773"><time>2026-08-09T19:01:18Z</time></trkpt><trkpt lat="41.560181808484415" lon="-71.33117348260267"><time>2026-08-09T19:01:19Z</time></trkpt><trkpt lat="41.56016839306847" lon="-71.3311901917832"><time>2026-08-09T19:01:20Z</time></trkpt><trkpt lat="41.5601529508595" lon="-71.33120594227755"><time>2026-08-09T19:01:21Z</time></trkpt><trkpt lat="41.56013742012544" lon="-71.33122034988074"><time>2026-08-09T19:01:22Z</time></trkpt><trkpt lat="41.56012331921073" lon="-71.33123618768713"><time>2026-08-09T19:01:23Z</time></trkpt><trkpt lat="41.56009686921813" lon="-71.33126842349984"><time>2026-08-09T19:01:25Z</time></trkpt><trkpt lat="41.560081505588265" lon="-71.33128519451171"><time>2026-08-09T19:01:26Z</time></trkpt><trkpt lat="41.56006629025408" lon="-71.33130229030569"><time>2026-08-09T19:01:27Z</time></trkpt><trkpt lat="41.560051416604594" lon="-71.33131929291402"><time>2026-08-09T19:01:28Z</time></trkpt><trkpt lat="41.560038353544705" lon="-71.33133890785156"><time>2026-08-09T19:01:29Z</time></trkpt><trkpt lat="41.5600235221108" lon="-71.33135666895362"><time>2026-08-09T19:01:30Z</time></trkpt><trkpt lat="41.56000776568706" lon="-71.33137451581224"><time>2026-08-09T19:01:31Z</time></trkpt><trkpt lat="41.55999298829299" lon="-71.33139379381781"><time>2026-08-09T19:01:32Z</time></trkpt><trkpt lat="41.55997714002188" lon="-71.33141165293125"><time>2026-08-09T19:01:33Z</time></trkpt><trkpt lat="41.559960759200095" lon="-71.33142889391212"><time>2026-08-09T19:01:34Z</time></trkpt><trkpt lat="41.55994527843632" lon="-71.33144625320531"><time>2026-08-09T19:01:35Z</time></trkpt><trkpt lat="41.55992914643505" lon="-71.33146310994107"><time>2026-08-09T19:01:36Z</time></trkpt><trkpt lat="41.55991321887173" lon="-71.33148024912572"><time>2026-08-09T19:01:37Z</time></trkpt><trkpt lat="41.55989592910705" lon="-71.33149711230944"><time>2026-08-09T19:01:38Z</time></trkpt><trkpt lat="41.55987907719654" lon="-71.33151266440665"><time>2026-08-09T19:01:39Z</time></trkpt><trkpt lat="41.559862871823114" lon="-71.33152980917528"><time>2026-08-09T19:01:40Z</time></trkpt><trkpt lat="41.559846459223664" lon="-71.33154600925943"><time>2026-08-09T19:01:41Z</time></trkpt><trkpt lat="41.559829138806144" lon="-71.3315618392266"><time>2026-08-09T19:01:42Z</time></trkpt><trkpt lat="41.559812241774935" lon="-71.33157787439971"><time>2026-08-09T19:01:43Z</time></trkpt><trkpt lat="41.55979426672318" lon="-71.33159473903306"><time>2026-08-09T19:01:44Z</time></trkpt><trkpt lat="41.55977742569518" lon="-71.33161230516306"><time>2026-08-09T19:01:45Z</time></trkpt><trkpt lat="41.55976091714246" lon="-71.3316294335801"><time>2026-08-09T19:01:46Z</time></trkpt><trkpt lat="41.55974230257328" lon="-71.33164518510326"><time>2026-08-09T19:01:47Z</time></trkpt><trkpt lat="41.55972449522233" lon="-71.33166161644017"><time>2026-08-09T19:01:48Z</time></trkpt><trkpt lat="41.559706802955496" lon="-71.33167867727087"><time>2026-08-09T19:01:49Z</time></trkpt><trkpt lat="41.55968982705139" lon="-71.33169620036867"><time>2026-08-09T19:01:50Z</time></trkpt><trkpt lat="41.55967271306633" lon="-71.33171241825396"><time>2026-08-09T19:01:51Z</time></trkpt><trkpt lat="41.55965451652811" lon="-71.33172794697423"><time>2026-08-09T19:01:52Z</time></trkpt><trkpt lat="41.55963748897719" lon="-71.3317440585801"><time>2026-08-09T19:01:53Z</time></trkpt><trkpt lat="41.55961982903404" lon="-71.33176294932612"><time>2026-08-09T19:01:54Z</time></trkpt><trkpt lat="41.55960228055665" lon="-71.33178038841173"><time>2026-08-09T19:01:55Z</time></trkpt><trkpt lat="41.559586170579976" lon="-71.33179617603766"><time>2026-08-09T19:01:56Z</time></trkpt><trkpt lat="41.559567318750375" lon="-71.33181469240638"><time>2026-08-09T19:01:57Z</time></trkpt><trkpt lat="41.55954943066473" lon="-71.3318317697047"><time>2026-08-09T19:01:58Z</time></trkpt><trkpt lat="41.55953019633441" lon="-71.33184848362589"><time>2026-08-09T19:01:59Z</time></trkpt><trkpt lat="41.559512411532694" lon="-71.3318651924315"><time>2026-08-09T19:02:00Z</time></trkpt><trkpt lat="41.55949409414472" lon="-71.3318819684951"><time>2026-08-09T19:02:01Z</time></trkpt><trkpt lat="41.55947534444797" lon="-71.33189809922791"><time>2026-08-09T19:02:02Z</time></trkpt><trkpt lat="41.55945745712102" lon="-71.33191702529773"><time>2026-08-09T19:02:03Z</time></trkpt><trkpt lat="41.55943880017757" lon="-71.33193657100956"><time>2026-08-09T19:02:04Z</time></trkpt><trkpt lat="41.55942072018446" lon="-71.33195643814045"><time>2026-08-09T19:02:05Z</time></trkpt><trkpt lat="41.55940244026356" lon="-71.33197593101373"><time>2026-08-09T19:02:06Z</time></trkpt><trkpt lat="41.55938416487208" lon="-71.3319947734519"><time>2026-08-09T19:02:07Z</time></trkpt><trkpt lat="41.5593660414859" lon="-71.33201404506143"><time>2026-08-09T19:02:08Z</time></trkpt><trkpt lat="41.55934678937503" lon="-71.33203397282894"><time>2026-08-09T19:02:09Z</time></trkpt><trkpt lat="41.55932807001033" lon="-71.3320521573453"><time>2026-08-09T19:02:10Z</time></trkpt><trkpt lat="41.559309212128376" lon="-71.33207140022226"><time>2026-08-09T19:02:11Z</time></trkpt><trkpt lat="41.559290193509035" lon="-71.33209142603843"><time>2026-08-09T19:02:12Z</time></trkpt><trkpt lat="41.55927074674596" lon="-71.3321090082576"><time>2026-08-09T19:02:13Z</time></trkpt><trkpt lat="41.559251197778615" lon="-71.33212610067113"><time>2026-08-09T19:02:14Z</time></trkpt><trkpt lat="41.559230623535896" lon="-71.33214414753633"><time>2026-08-09T19:02:15Z</time></trkpt><trkpt lat="41.55920995279775" lon="-71.33216200969287"><time>2026-08-09T19:02:16Z</time></trkpt><trkpt lat="41.55919010386874" lon="-71.33217975012198"><time>2026-08-09T19:02:17Z</time></trkpt><trkpt lat="41.55917046217252" lon="-71.33219795386869"><time>2026-08-09T19:02:18Z</time></trkpt><trkpt lat="41.55915018210781" lon="-71.33221435311881"><time>2026-08-09T19:02:19Z</time></trkpt><trkpt lat="41.559129503448936" lon="-71.332232346953"><time>2026-08-09T19:02:20Z</time></trkpt><trkpt lat="41.559109056970335" lon="-71.33225159076252"><time>2026-08-09T19:02:21Z</time></trkpt><trkpt lat="41.559088673658025" lon="-71.3322693573811"><time>2026-08-09T19:02:22Z</time></trkpt><trkpt lat="41.55906908053999" lon="-71.33228584227815"><time>2026-08-09T19:02:23Z</time></trkpt><trkpt lat="41.55905082138585" lon="-71.33230382984324"><time>2026-08-09T19:02:24Z</time></trkpt><trkpt lat="41.55902826947194" lon="-71.33232086133889"><time>2026-08-09T19:02:25Z</time></trkpt><trkpt lat="41.55900507213113" lon="-71.33233751873857"><time>2026-08-09T19:02:26Z</time></trkpt><trkpt lat="41.55898565472041" lon="-71.33235656596433"><time>2026-08-09T19:02:27Z</time></trkpt><trkpt lat="41.55896373837337" lon="-71.33237231572154"><time>2026-08-09T19:02:28Z</time></trkpt><trkpt lat="41.5589426684645" lon="-71.33238788314459"><time>2026-08-09T19:02:29Z</time></trkpt><trkpt lat="41.55892017588259" lon="-71.33240610703183"><time>2026-08-09T19:02:30Z</time></trkpt><trkpt lat="41.558899186313724" lon="-71.3324259492381"><time>2026-08-09T19:02:31Z</time></trkpt><trkpt lat="41.55887702158714" lon="-71.33243778957177"><time>2026-08-09T19:02:32Z</time></trkpt><trkpt lat="41.558855139367225" lon="-71.33245126756195"><time>2026-08-09T19:02:33Z</time></trkpt><trkpt lat="41.558835332438306" lon="-71.33247109445281"><time>2026-08-09T19:02:34Z</time></trkpt><trkpt lat="41.5588130004045" lon="-71.33248613585769"><time>2026-08-09T19:02:35Z</time></trkpt><trkpt lat="41.55879340538582" lon="-71.33250204504998"><time>2026-08-09T19:02:36Z</time></trkpt><trkpt lat="41.55877160913553" lon="-71.33252512403794"><time>2026-08-09T19:02:37Z</time></trkpt><trkpt lat="41.55875041264929" lon="-71.33253972111261"><time>2026-08-09T19:02:38Z</time></trkpt><trkpt lat="41.558728869142165" lon="-71.33255657955074"><time>2026-08-09T19:02:39Z</time></trkpt><trkpt lat="41.55870731530473" lon="-71.33257376746032"><time>2026-08-09T19:02:40Z</time></trkpt><trkpt lat="41.55868605633562" lon="-71.33259231845867"><time>2026-08-09T19:02:41Z</time></trkpt><trkpt lat="41.55866412731313" lon="-71.33261008362396"><time>2026-08-09T19:02:42Z</time></trkpt><trkpt lat="41.55864314048036" lon="-71.3326276328424"><time>2026-08-09T19:02:43Z</time></trkpt><trkpt lat="41.55862142264975" lon="-71.33264519590264"><time>2026-08-09T19:02:44Z</time></trkpt><trkpt lat="41.55860005607151" lon="-71.33266281664332"><time>2026-08-09T19:02:45Z</time></trkpt><trkpt lat="41.558578807455206" lon="-71.33267789929009"><time>2026-08-09T19:02:46Z</time></trkpt><trkpt lat="41.55855667570597" lon="-71.3326959478563"><time>2026-08-09T19:02:47Z</time></trkpt><trkpt lat="41.558534746260335" lon="-71.33270894106631"><time>2026-08-09T19:02:48Z</time></trkpt><trkpt lat="41.55851096851246" lon="-71.33272334373552"><time>2026-08-09T19:02:49Z</time></trkpt><trkpt lat="41.558488776616834" lon="-71.33273678466927"><time>2026-08-09T19:02:50Z</time></trkpt><trkpt lat="41.558463984399395" lon="-71.3327486201534"><time>2026-08-09T19:02:51Z</time></trkpt><trkpt lat="41.55844123198345" lon="-71.33276288304984"><time>2026-08-09T19:02:52Z</time></trkpt><trkpt lat="41.55841930867211" lon="-71.33277767595258"><time>2026-08-09T19:02:53Z</time></trkpt><trkpt lat="41.55839711658965" lon="-71.33279090944684"><time>2026-08-09T19:02:54Z</time></trkpt><trkpt lat="41.558374613191525" lon="-71.33280344562287"><time>2026-08-09T19:02:55Z</time></trkpt><trkpt lat="41.558352218584155" lon="-71.33281695907442"><time>2026-08-09T19:02:56Z</time></trkpt><trkpt lat="41.55832974718911" lon="-71.33283228551888"><time>2026-08-09T19:02:57Z</time></trkpt><trkpt lat="41.558310079762045" lon="-71.33285121596111"><time>2026-08-09T19:02:58Z</time></trkpt><trkpt lat="41.55828907928518" lon="-71.33287095396227"><time>2026-08-09T19:02:59Z</time></trkpt><trkpt lat="41.558268525409545" lon="-71.3328893265111"><time>2026-08-09T19:03:00Z</time></trkpt><trkpt lat="41.55824846693441" lon="-71.33290869602766"><time>2026-08-09T19:03:01Z</time></trkpt><trkpt lat="41.558227802629936" lon="-71.33292779257957"><time>2026-08-09T19:03:02Z</time></trkpt><trkpt lat="41.558208176776525" lon="-71.33294677356443"><time>2026-08-09T19:03:03Z</time></trkpt><trkpt lat="41.55818753189262" lon="-71.33296553160368"><time>2026-08-09T19:03:04Z</time></trkpt><trkpt lat="41.55816696761191" lon="-71.3329856227814"><time>2026-08-09T19:03:05Z</time></trkpt><trkpt lat="41.558148172473025" lon="-71.33300588348092"><time>2026-08-09T19:03:06Z</time></trkpt><trkpt lat="41.55812698198071" lon="-71.33302344653478"><time>2026-08-09T19:03:07Z</time></trkpt><trkpt lat="41.558106963339256" lon="-71.33304150256602"><time>2026-08-09T19:03:08Z</time></trkpt><trkpt lat="41.55808617156452" lon="-71.33306072286928"><time>2026-08-09T19:03:09Z</time></trkpt><trkpt lat="41.55806535180531" lon="-71.33307694038719"><time>2026-08-09T19:03:10Z</time></trkpt><trkpt lat="41.5580440488388" lon="-71.33309138230027"><time>2026-08-09T19:03:11Z</time></trkpt><trkpt lat="41.558022439414756" lon="-71.33310848637826"><time>2026-08-09T19:03:12Z</time></trkpt><trkpt lat="41.55800148801465" lon="-71.33312454495274"><time>2026-08-09T19:03:13Z</time></trkpt><trkpt lat="41.55797858546929" lon="-71.33313849498572"><time>2026-08-09T19:03:14Z</time></trkpt><trkpt lat="41.55795736181389" lon="-71.33315339095124"><time>2026-08-09T19:03:15Z</time></trkpt><trkpt lat="41.55793548942647" lon="-71.33316730785491"><time>2026-08-09T19:03:16Z</time></trkpt><trkpt lat="41.55791355481744" lon="-71.33318010230903"><time>2026-08-09T19:03:17Z</time></trkpt><trkpt lat="41.55789079968799" lon="-71.3331904850787"><time>2026-08-09T19:03:18Z</time></trkpt><trkpt lat="41.55786783801836" lon="-71.3332000907847"><time>2026-08-09T19:03:19Z</time></trkpt><trkpt lat="41.55784385125122" lon="-71.33320777370574"><time>2026-08-09T19:03:20Z</time></trkpt><trkpt lat="41.5578182108977" lon="-71.33322047253858"><time>2026-08-09T19:03:21Z</time></trkpt><trkpt lat="41.55778182093176" lon="-71.33323645490414"><time>2026-08-09T19:03:23Z</time></trkpt><trkpt lat="41.557758158872176" lon="-71.33324899941434"><time>2026-08-09T19:03:24Z</time></trkpt><trkpt lat="41.557733669786835" lon="-71.33325928119761"><time>2026-08-09T19:03:25Z</time></trkpt><trkpt lat="41.5577106185773" lon="-71.33326600083879"><time>2026-08-09T19:03:26Z</time></trkpt><trkpt lat="41.55768132717965" lon="-71.33328630510739"><time>2026-08-09T19:03:27Z</time></trkpt><trkpt lat="41.55766254271707" lon="-71.3333034977269"><time>2026-08-09T19:03:28Z</time></trkpt><trkpt lat="41.55764160360711" lon="-71.33330941749993"><time>2026-08-09T19:03:29Z</time></trkpt><trkpt lat="41.55761936210448" lon="-71.33331818976302"><time>2026-08-09T19:03:30Z</time></trkpt><trkpt lat="41.5575950010577" lon="-71.33332664769593"><time>2026-08-09T19:03:31Z</time></trkpt><trkpt lat="41.55757237898516" lon="-71.33333746684377"><time>2026-08-09T19:03:32Z</time></trkpt><trkpt lat="41.55755118828913" lon="-71.33334612882544"><time>2026-08-09T19:03:33Z</time></trkpt><trkpt lat="41.55752350763738" lon="-71.33335694351618"><time>2026-08-09T19:03:34Z</time></trkpt><trkpt lat="41.55750072886804" lon="-71.33336413399876"><time>2026-08-09T19:03:35Z</time></trkpt><trkpt lat="41.55748108584397" lon="-71.33336792247981"><time>2026-08-09T19:03:36Z</time></trkpt><trkpt lat="41.55745723815744" lon="-71.33338134590925"><time>2026-08-09T19:03:37Z</time></trkpt><trkpt lat="41.55743533101129" lon="-71.33338253553184"><time>2026-08-09T19:03:38Z</time></trkpt><trkpt lat="41.557413297275446" lon="-71.3333913898806"><time>2026-08-09T19:03:39Z</time></trkpt><trkpt lat="41.55738961500824" lon="-71.333398363968"><time>2026-08-09T19:03:40Z</time></trkpt><trkpt lat="41.557360919232266" lon="-71.33339561844555"><time>2026-08-09T19:03:41Z</time></trkpt><trkpt lat="41.55733237867439" lon="-71.33341295215475"><time>2026-08-09T19:03:43Z</time></trkpt><trkpt lat="41.55731299448146" lon="-71.3334250596546"><time>2026-08-09T19:03:44Z</time></trkpt><trkpt lat="41.557277453374304" lon="-71.33342171756757"><time>2026-08-09T19:03:45Z</time></trkpt><trkpt lat="41.55724917912591" lon="-71.33341302428644"><time>2026-08-09T19:03:46Z</time></trkpt><trkpt lat="41.55722723732378" lon="-71.33341497542503"><time>2026-08-09T19:03:47Z</time></trkpt><trkpt lat="41.557193428231585" lon="-71.33341041883747"><time>2026-08-09T19:03:48Z</time></trkpt><trkpt lat="41.55717488310929" lon="-71.33341455663529"><time>2026-08-09T19:03:49Z</time></trkpt><trkpt lat="41.55714845767351" lon="-71.33341448509556"><time>2026-08-09T19:03:50Z</time></trkpt><trkpt lat="41.55712448660577" lon="-71.33341113540429"><time>2026-08-09T19:03:51Z</time></trkpt><trkpt lat="41.557099049588345" lon="-71.33340935738073"><time>2026-08-09T19:03:52Z</time></trkpt><trkpt lat="41.557073624236914" lon="-71.33341027810329"><time>2026-08-09T19:03:53Z</time></trkpt><trkpt lat="41.557049315899384" lon="-71.33340429932667"><time>2026-08-09T19:03:54Z</time></trkpt><trkpt lat="41.55702656785538" lon="-71.33341986460958"><time>2026-08-09T19:03:55Z</time></trkpt><trkpt lat="41.55699202176656" lon="-71.33342367718765"><time>2026-08-09T19:03:56Z</time></trkpt><trkpt lat="41.55694376218966" lon="-71.3334259952096"><time>2026-08-09T19:03:58Z</time></trkpt><trkpt lat="41.556919523257605" lon="-71.33342229767003"><time>2026-08-09T19:03:59Z</time></trkpt><trkpt lat="41.55689286247038" lon="-71.33342494461357"><time>2026-08-09T19:04:00Z</time></trkpt><trkpt lat="41.55685366927403" lon="-71.33343119279523"><time>2026-08-09T19:04:02Z</time></trkpt><trkpt lat="41.556826283032024" lon="-71.33343194930592"><time>2026-08-09T19:04:03Z</time></trkpt><trkpt lat="41.55680134151748" lon="-71.33342436231666"><time>2026-08-09T19:04:04Z</time></trkpt><trkpt lat="41.55677716378563" lon="-71.33342407755032"><time>2026-08-09T19:04:05Z</time></trkpt><trkpt lat="41.55674703090663" lon="-71.33342267828066"><time>2026-08-09T19:04:06Z</time></trkpt><trkpt lat="41.556722242137084" lon="-71.33342594150551"><time>2026-08-09T19:04:07Z</time></trkpt><trkpt lat="41.556697210758884" lon="-71.33342875351508"><time>2026-08-09T19:04:08Z</time></trkpt><trkpt lat="41.556673095538386" lon="-71.33343118107729"><time>2026-08-09T19:04:09Z</time></trkpt><trkpt lat="41.55664774451057" lon="-71.33343166905277"><time>2026-08-09T19:04:10Z</time></trkpt><trkpt lat="41.55662294384956" lon="-71.33343432610752"><time>2026-08-09T19:04:11Z</time></trkpt><trkpt lat="41.55659669664364" lon="-71.33343759030672"><time>2026-08-09T19:04:12Z</time></trkpt></trkseg></trk></gpx>
