<gpx version="1.1" creator="Reese Field Notes" xmlns="http://www.topografix.com/GPX/1/1"><trk><trkseg><trkpt lat="44.42248926598312" lon="-64.24454239300914"><time>2026-07-04T20:56:28Z</time></trkpt><trkpt lat="44.42251112874563" lon="-64.24452196319108"><time>2026-07-04T20:56:29Z</time></trkpt><trkpt lat="44.422529672043" lon="-64.24449381863995"><time>2026-07-04T20:56:30Z</time></trkpt><trkpt lat="44.422558971027065" lon="-64.24449083650033"><time>2026-07-04T20:56:31Z</time></trkpt><trkpt lat="44.42258965878932" lon="-64.24448913158878"><time>2026-07-04T20:56:32Z</time></trkpt><trkpt lat="44.422610150891444" lon="-64.24448370151354"><time>2026-07-04T20:56:33Z</time></trkpt><trkpt lat="44.42263166182011" lon="-64.24447781950362"><time>2026-07-04T20:56:34Z</time></trkpt><trkpt lat="44.42266141701424" lon="-64.24446647641446"><time>2026-07-04T20:56:35Z</time></trkpt><trkpt lat="44.42269178256282" lon="-64.24445166773785"><time>2026-07-04T20:56:36Z</time></trkpt><trkpt lat="44.422711950125546" lon="-64.24443934988973"><time>2026-07-04T20:56:37Z</time></trkpt><trkpt lat="44.4227405682366" lon="-64.24443890744857"><time>2026-07-04T20:56:38Z</time></trkpt><trkpt lat="44.42276831764037" lon="-64.24443201184557"><time>2026-07-04T20:56:39Z</time></trkpt><trkpt lat="44.422801336598894" lon="-64.244428425917"><time>2026-07-04T20:56:40Z</time></trkpt><trkpt lat="44.42283108083025" lon="-64.24442237322201"><time>2026-07-04T20:56:41Z</time></trkpt><trkpt lat="44.42286268167271" lon="-64.24441689393609"><time>2026-07-04T20:56:42Z</time></trkpt><trkpt lat="44.42289222874043" lon="-64.24441150272324"><time>2026-07-04T20:56:43Z</time></trkpt><trkpt lat="44.42292411591474" lon="-64.24440429664884"><time>2026-07-04T20:56:44Z</time></trkpt><trkpt lat="44.422951515421204" lon="-64.2443971798633"><time>2026-07-04T20:56:45Z</time></trkpt><trkpt lat="44.422980987047936" lon="-64.24439189423295"><time>2026-07-04T20:56:46Z</time></trkpt><trkpt lat="44.42301032518053" lon="-64.24438813844345"><time>2026-07-04T20:56:47Z</time></trkpt><trkpt lat="44.42303923727364" lon="-64.24438245051567"><time>2026-07-04T20:56:48Z</time></trkpt><trkpt lat="44.423070809269426" lon="-64.24438301631994"><time>2026-07-04T20:56:49Z</time></trkpt><trkpt lat="44.42309998025128" lon="-64.24437882645661"><time>2026-07-04T20:56:50Z</time></trkpt><trkpt lat="44.42313251306894" lon="-64.24437808549446"><time>2026-07-04T20:56:51Z</time></trkpt><trkpt lat="44.42316566147401" lon="-64.24437572508612"><time>2026-07-04T20:56:52Z</time></trkpt><trkpt lat="44.42319390309043" lon="-64.24438000599677"><time>2026-07-04T20:56:53Z</time></trkpt><trkpt lat="44.42322365700439" lon="-64.24437186230571"><time>2026-07-04T20:56:54Z</time></trkpt><trkpt lat="44.4232545313188" lon="-64.2443711003372"><time>2026-07-04T20:56:55Z</time></trkpt><trkpt lat="44.423284750345054" lon="-64.2443625476489"><time>2026-07-04T20:56:56Z</time></trkpt><trkpt lat="44.423315624345584" lon="-64.24435879283467"><time>2026-07-04T20:56:57Z</time></trkpt><trkpt lat="44.423348120504784" lon="-64.2443528504526"><time>2026-07-04T20:56:58Z</time></trkpt><trkpt lat="44.423379939231516" lon="-64.24434432059292"><time>2026-07-04T20:56:59Z</time></trkpt><trkpt lat="44.42340834119328" lon="-64.24434937674062"><time>2026-07-04T20:57:00Z</time></trkpt><trkpt lat="44.42343871162582" lon="-64.2443286349596"><time>2026-07-04T20:57:01Z</time></trkpt><trkpt lat="44.42347240017598" lon="-64.24432566010579"><time>2026-07-04T20:57:02Z</time></trkpt><trkpt lat="44.42350207750364" lon="-64.24432113973691"><time>2026-07-04T20:57:03Z</time></trkpt><trkpt lat="44.42353400353616" lon="-64.2443129285169"><time>2026-07-04T20:57:04Z</time></trkpt><trkpt lat="44.42356280722338" lon="-64.244306980442"><time>2026-07-04T20:57:05Z</time></trkpt><trkpt lat="44.42359338327571" lon="-64.24429384390153"><time>2026-07-04T20:57:06Z</time></trkpt><trkpt lat="44.4236223329632" lon="-64.2442855877735"><time>2026-07-04T20:57:07Z</time></trkpt><trkpt lat="44.42365212599391" lon="-64.2442699879974"><time>2026-07-04T20:57:08Z</time></trkpt><trkpt lat="44.42364991387548" lon="-64.24422164935957"><time>2026-07-04T20:57:09Z</time></trkpt><trkpt lat="44.423693658872104" lon="-64.24424026565"><time>2026-07-04T20:57:10Z</time></trkpt><trkpt lat="44.42371456901135" lon="-64.24422997483099"><time>2026-07-04T20:57:11Z</time></trkpt><trkpt lat="44.42373833696072" lon="-64.24423089369063"><time>2026-07-04T20:57:12Z</time></trkpt><trkpt lat="44.423766430048005" lon="-64.24422878586498"><time>2026-07-04T20:57:13Z</time></trkpt><trkpt lat="44.423799456645646" lon="-64.24422290784231"><time>2026-07-04T20:57:14Z</time></trkpt><trkpt lat="44.42383569502209" lon="-64.24422047770885"><time>2026-07-04T20:57:15Z</time></trkpt><trkpt lat="44.423868082344214" lon="-64.24421275694081"><time>2026-07-04T20:57:16Z</time></trkpt><trkpt lat="44.42389309576208" lon="-64.24419727478194"><time>2026-07-04T20:57:17Z</time></trkpt><trkpt lat="44.42391709170791" lon="-64.2441817289002"><time>2026-07-04T20:57:18Z</time></trkpt><trkpt lat="44.423945471327684" lon="-64.24417913363563"><time>2026-07-04T20:57:19Z</time></trkpt><trkpt lat="44.423966529096525" lon="-64.24417651754834"><time>2026-07-04T20:57:20Z</time></trkpt><trkpt lat="44.42399250314202" lon="-64.2441738151009"><time>2026-07-04T20:57:21Z</time></trkpt><trkpt lat="44.42401973039992" lon="-64.24416051452029"><time>2026-07-04T20:57:22Z</time></trkpt><trkpt lat="44.424047167735544" lon="-64.24415831451621"><time>2026-07-04T20:57:23Z</time></trkpt><trkpt lat="44.42407795595267" lon="-64.24415098353437"><time>2026-07-04T20:57:24Z</time></trkpt><trkpt lat="44.424103738541234" lon="-64.24414795640584"><time>2026-07-04T20:57:25Z</time></trkpt><trkpt lat="44.42413522262826" lon="-64.24414440379724"><time>2026-07-04T20:57:26Z</time></trkpt><trkpt lat="44.42417313584398" lon="-64.24414942250664"><time>2026-07-04T20:57:27Z</time></trkpt><trkpt lat="44.424208765385025" lon="-64.24416232440467"><time>2026-07-04T20:57:28Z</time></trkpt><trkpt lat="44.42423319585835" lon="-64.24414965675894"><time>2026-07-04T20:57:29Z</time></trkpt><trkpt lat="44.42425736091788" lon="-64.24414846008429"><time>2026-07-04T20:57:30Z</time></trkpt><trkpt lat="44.42428165959197" lon="-64.24413981631949"><time>2026-07-04T20:57:31Z</time></trkpt><trkpt lat="44.42431403009508" lon="-64.24413068643479"><time>2026-07-04T20:57:32Z</time></trkpt><trkpt lat="44.42434885009754" lon="-64.24413621151717"><time>2026-07-04T20:57:33Z</time></trkpt><trkpt lat="44.424382461093685" lon="-64.24413362746859"><time>2026-07-04T20:57:34Z</time></trkpt><trkpt lat="44.42441449654206" lon="-64.24412480178374"><time>2026-07-04T20:57:35Z</time></trkpt><trkpt lat="44.42444711981241" lon="-64.24412191235525"><time>2026-07-04T20:57:36Z</time></trkpt><trkpt lat="44.42447932761272" lon="-64.24412168479877"><time>2026-07-04T20:57:37Z</time></trkpt><trkpt lat="44.42450952186662" lon="-64.24410717385705"><time>2026-07-04T20:57:38Z</time></trkpt><trkpt lat="44.42453768907933" lon="-64.24409662789937"><time>2026-07-04T20:57:39Z</time></trkpt><trkpt lat="44.424569045660334" lon="-64.24409443211663"><time>2026-07-04T20:57:40Z</time></trkpt><trkpt lat="44.424606894056005" lon="-64.24408636335052"><time>2026-07-04T20:57:41Z</time></trkpt><trkpt lat="44.42463496108217" lon="-64.24408278118105"><time>2026-07-04T20:57:42Z</time></trkpt><trkpt lat="44.4246579164464" lon="-64.24408135307687"><time>2026-07-04T20:57:43Z</time></trkpt><trkpt lat="44.42468875906507" lon="-64.24407643754492"><time>2026-07-04T20:57:44Z</time></trkpt><trkpt lat="44.424717172008904" lon="-64.24407222607459"><time>2026-07-04T20:57:45Z</time></trkpt><trkpt lat="44.42475728274794" lon="-64.24405580305627"><time>2026-07-04T20:57:46Z</time></trkpt><trkpt lat="44.42478642426495" lon="-64.24404982399746"><time>2026-07-04T20:57:47Z</time></trkpt><trkpt lat="44.42481834298189" lon="-64.24404780114891"><time>2026-07-04T20:57:48Z</time></trkpt><trkpt lat="44.42484610229525" lon="-64.24404674863379"><time>2026-07-04T20:57:49Z</time></trkpt><trkpt lat="44.42487814720795" lon="-64.2440314826149"><time>2026-07-04T20:57:50Z</time></trkpt><trkpt lat="44.424904766959656" lon="-64.24403362803112"><time>2026-07-04T20:57:51Z</time></trkpt><trkpt lat="44.4249349179984" lon="-64.24402818656017"><time>2026-07-04T20:57:52Z</time></trkpt><trkpt lat="44.424967527140794" lon="-64.24402492331491"><time>2026-07-04T20:57:53Z</time></trkpt><trkpt lat="44.42499819960713" lon="-64.24402294104482"><time>2026-07-04T20:57:54Z</time></trkpt><trkpt lat="44.42503713713134" lon="-64.24401270703785"><time>2026-07-04T20:57:55Z</time></trkpt><trkpt lat="44.42507313774307" lon="-64.24401205862331"><time>2026-07-04T20:57:56Z</time></trkpt><trkpt lat="44.42510599910639" lon="-64.24400999500618"><time>2026-07-04T20:57:57Z</time></trkpt><trkpt lat="44.425135984313975" lon="-64.24399888361755"><time>2026-07-04T20:57:58Z</time></trkpt><trkpt lat="44.425162029706485" lon="-64.24398580036072"><time>2026-07-04T20:57:59Z</time></trkpt><trkpt lat="44.425187813415604" lon="-64.24397285927654"><time>2026-07-04T20:58:00Z</time></trkpt><trkpt lat="44.425215143834926" lon="-64.24398454833138"><time>2026-07-04T20:58:01Z</time></trkpt><trkpt lat="44.4252427728688" lon="-64.24397725456251"><time>2026-07-04T20:58:02Z</time></trkpt><trkpt lat="44.4252692909841" lon="-64.24397036490987"><time>2026-07-04T20:58:03Z</time></trkpt><trkpt lat="44.42530228220906" lon="-64.24397292920166"><time>2026-07-04T20:58:04Z</time></trkpt><trkpt lat="44.42533816630456" lon="-64.24397195356175"><time>2026-07-04T20:58:05Z</time></trkpt><trkpt lat="44.42537421796949" lon="-64.24397524625998"><time>2026-07-04T20:58:06Z</time></trkpt><trkpt lat="44.42540330754737" lon="-64.24396877093879"><time>2026-07-04T20:58:07Z</time></trkpt><trkpt lat="44.42542965561103" lon="-64.24396089028095"><time>2026-07-04T20:58:08Z</time></trkpt><trkpt lat="44.425460672426816" lon="-64.24395584628137"><time>2026-07-04T20:58:09Z</time></trkpt><trkpt lat="44.42548328778961" lon="-64.24395283716959"><time>2026-07-04T20:58:10Z</time></trkpt><trkpt lat="44.42551552944557" lon="-64.24394894430534"><time>2026-07-04T20:58:11Z</time></trkpt><trkpt lat="44.42554573163605" lon="-64.24394777210013"><time>2026-07-04T20:58:12Z</time></trkpt><trkpt lat="44.42558067442962" lon="-64.24394589404851"><time>2026-07-04T20:58:13Z</time></trkpt><trkpt lat="44.42560737508752" lon="-64.24394325213149"><time>2026-07-04T20:58:14Z</time></trkpt><trkpt lat="44.42563532629192" lon="-64.24393698179729"><time>2026-07-04T20:58:15Z</time></trkpt><trkpt lat="44.4256734261266" lon="-64.24393387239246"><time>2026-07-04T20:58:16Z</time></trkpt><trkpt lat="44.4257095293392" lon="-64.24393576347954"><time>2026-07-04T20:58:17Z</time></trkpt><trkpt lat="44.425742024048496" lon="-64.24393115453998"><time>2026-07-04T20:58:18Z</time></trkpt><trkpt lat="44.425768834248395" lon="-64.24392930989598"><time>2026-07-04T20:58:19Z</time></trkpt><trkpt lat="44.42580040388605" lon="-64.2439254679944"><time>2026-07-04T20:58:20Z</time></trkpt><trkpt lat="44.425829150602944" lon="-64.24391475819858"><time>2026-07-04T20:58:21Z</time></trkpt><trkpt lat="44.42585835197222" lon="-64.24391697702225"><time>2026-07-04T20:58:22Z</time></trkpt><trkpt lat="44.42588743715497" lon="-64.24391310959071"><time>2026-07-04T20:58:23Z</time></trkpt><trkpt lat="44.425917854240105" lon="-64.24390247307957"><time>2026-07-04T20:58:24Z</time></trkpt><trkpt lat="44.42594601436773" lon="-64.2438932361794"><time>2026-07-04T20:58:25Z</time></trkpt><trkpt lat="44.42597954553872" lon="-64.24389618607297"><time>2026-07-04T20:58:26Z</time></trkpt><trkpt lat="44.42600727352772" lon="-64.24390426136142"><time>2026-07-04T20:58:27Z</time></trkpt><trkpt lat="44.42603465323779" lon="-64.24390430275994"><time>2026-07-04T20:58:28Z</time></trkpt><trkpt lat="44.42606705166681" lon="-64.24389872736403"><time>2026-07-04T20:58:29Z</time></trkpt><trkpt lat="44.42609950945971" lon="-64.24389804109606"><time>2026-07-04T20:58:30Z</time></trkpt><trkpt lat="44.426129388151836" lon="-64.24390184661326"><time>2026-07-04T20:58:31Z</time></trkpt><trkpt lat="44.42615446437018" lon="-64.24389780985024"><time>2026-07-04T20:58:32Z</time></trkpt><trkpt lat="44.426186180237586" lon="-64.24389811197818"><time>2026-07-04T20:58:33Z</time></trkpt><trkpt lat="44.42622199852433" lon="-64.2439086580225"><time>2026-07-04T20:58:34Z</time></trkpt><trkpt lat="44.426247997233595" lon="-64.24391087530951"><time>2026-07-04T20:58:35Z</time></trkpt><trkpt lat="44.42627658595271" lon="-64.24389783871949"><time>2026-07-04T20:58:36Z</time></trkpt><trkpt lat="44.42630612038566" lon="-64.24390077756179"><time>2026-07-04T20:58:37Z</time></trkpt><trkpt lat="44.42633494383229" lon="-64.24389577058932"><time>2026-07-04T20:58:38Z</time></trkpt><trkpt lat="44.42636285321177" lon="-64.24390295455264"><time>2026-07-04T20:58:39Z</time></trkpt><trkpt lat="44.42638678953222" lon="-64.24389434774734"><time>2026-07-04T20:58:40Z</time></trkpt><trkpt lat="44.42641044495839" lon="-64.24387810432133"><time>2026-07-04T20:58:41Z</time></trkpt><trkpt lat="44.42644112636145" lon="-64.24386956048835"><time>2026-07-04T20:58:42Z</time></trkpt><trkpt lat="44.42646697331738" lon="-64.24386208413301"><time>2026-07-04T20:58:43Z</time></trkpt><trkpt lat="44.42648972404901" lon="-64.24385478782949"><time>2026-07-04T20:58:44Z</time></trkpt><trkpt lat="44.42651243870701" lon="-64.24384562329554"><time>2026-07-04T20:58:45Z</time></trkpt><trkpt lat="44.426540429502005" lon="-64.24383968257062"><time>2026-07-04T20:58:46Z</time></trkpt><trkpt lat="44.42656719155461" lon="-64.2438411477149"><time>2026-07-04T20:58:47Z</time></trkpt><trkpt lat="44.42660011646157" lon="-64.24383172005467"><time>2026-07-04T20:58:48Z</time></trkpt><trkpt lat="44.42663376614067" lon="-64.24383291253778"><time>2026-07-04T20:58:49Z</time></trkpt><trkpt lat="44.42665421218591" lon="-64.24383475219354"><time>2026-07-04T20:58:50Z</time></trkpt><trkpt lat="44.426702186614044" lon="-64.24383640033153"><time>2026-07-04T20:58:52Z</time></trkpt><trkpt lat="44.426741413006006" lon="-64.24381828433094"><time>2026-07-04T20:58:53Z</time></trkpt><trkpt lat="44.42676140452097" lon="-64.24379975415502"><time>2026-07-04T20:58:54Z</time></trkpt><trkpt lat="44.426795055183604" lon="-64.24379346680388"><time>2026-07-04T20:58:55Z</time></trkpt><trkpt lat="44.426819093631536" lon="-64.24378264273547"><time>2026-07-04T20:58:56Z</time></trkpt><trkpt lat="44.426845202354755" lon="-64.24377712045329"><time>2026-07-04T20:58:57Z</time></trkpt><trkpt lat="44.426868150771426" lon="-64.24377620396244"><time>2026-07-04T20:58:58Z</time></trkpt><trkpt lat="44.42689994426049" lon="-64.24377033531268"><time>2026-07-04T20:58:59Z</time></trkpt><trkpt lat="44.4269316811651" lon="-64.24375799216565"><time>2026-07-04T20:59:00Z</time></trkpt><trkpt lat="44.42696491976799" lon="-64.24374616750276"><time>2026-07-04T20:59:01Z</time></trkpt><trkpt lat="44.4270009168088" lon="-64.24374247917125"><time>2026-07-04T20:59:02Z</time></trkpt><trkpt lat="44.427032760054935" lon="-64.24372910954666"><time>2026-07-04T20:59:03Z</time></trkpt><trkpt lat="44.42706548151281" lon="-64.24372680821665"><time>2026-07-04T20:59:04Z</time></trkpt><trkpt lat="44.42709310070874" lon="-64.24372330867861"><time>2026-07-04T20:59:05Z</time></trkpt><trkpt lat="44.42712052359802" lon="-64.2437215435037"><time>2026-07-04T20:59:06Z</time></trkpt><trkpt lat="44.427165729778274" lon="-64.24371233706415"><time>2026-07-04T20:59:08Z</time></trkpt><trkpt lat="44.42719547479615" lon="-64.24370153793392"><time>2026-07-04T20:59:09Z</time></trkpt><trkpt lat="44.42722298586436" lon="-64.24369283856431"><time>2026-07-04T20:59:10Z</time></trkpt><trkpt lat="44.427256156511284" lon="-64.24368306316863"><time>2026-07-04T20:59:11Z</time></trkpt><trkpt lat="44.42728682708498" lon="-64.24368358801685"><time>2026-07-04T20:59:12Z</time></trkpt><trkpt lat="44.42732148813133" lon="-64.24367903977007"><time>2026-07-04T20:59:13Z</time></trkpt><trkpt lat="44.42735511605593" lon="-64.24367123234362"><time>2026-07-04T20:59:14Z</time></trkpt><trkpt lat="44.4273903928584" lon="-64.24367049281014"><time>2026-07-04T20:59:15Z</time></trkpt><trkpt lat="44.4274171471104" lon="-64.2436683959697"><time>2026-07-04T20:59:16Z</time></trkpt><trkpt lat="44.427445593424295" lon="-64.24366678987725"><time>2026-07-04T20:59:17Z</time></trkpt><trkpt lat="44.42747167248239" lon="-64.24366269326241"><time>2026-07-04T20:59:18Z</time></trkpt><trkpt lat="44.42749791865038" lon="-64.24366272919762"><time>2026-07-04T20:59:19Z</time></trkpt><trkpt lat="44.427532597992645" lon="-64.24366046930689"><time>2026-07-04T20:59:20Z</time></trkpt><trkpt lat="44.42756373616176" lon="-64.24365190081808"><time>2026-07-04T20:59:21Z</time></trkpt><trkpt lat="44.42759469210052" lon="-64.24363995348385"><time>2026-07-04T20:59:22Z</time></trkpt><trkpt lat="44.42762399654731" lon="-64.24363575707449"><time>2026-07-04T20:59:23Z</time></trkpt><trkpt lat="44.427651080598174" lon="-64.24363680226516"><time>2026-07-04T20:59:24Z</time></trkpt><trkpt lat="44.427678311037056" lon="-64.24363305466301"><time>2026-07-04T20:59:25Z</time></trkpt><trkpt lat="44.42770711728895" lon="-64.24363106280502"><time>2026-07-04T20:59:26Z</time></trkpt><trkpt lat="44.42773809270528" lon="-64.24362437483218"><time>2026-07-04T20:59:27Z</time></trkpt><trkpt lat="44.42776481028516" lon="-64.24361185219703"><time>2026-07-04T20:59:28Z</time></trkpt><trkpt lat="44.42779239458216" lon="-64.24360137179495"><time>2026-07-04T20:59:29Z</time></trkpt><trkpt lat="44.427822938178146" lon="-64.24360013468745"><time>2026-07-04T20:59:30Z</time></trkpt><trkpt lat="44.42785068124517" lon="-64.24359652446992"><time>2026-07-04T20:59:31Z</time></trkpt><trkpt lat="44.427887797919375" lon="-64.24360398179198"><time>2026-07-04T20:59:32Z</time></trkpt><trkpt lat="44.42791873957169" lon="-64.24360685516348"><time>2026-07-04T20:59:33Z</time></trkpt><trkpt lat="44.42794787689329" lon="-64.24361161135622"><time>2026-07-04T20:59:34Z</time></trkpt><trkpt lat="44.42797518725522" lon="-64.24361027612277"><time>2026-07-04T20:59:35Z</time></trkpt><trkpt lat="44.42800791311157" lon="-64.2436085122616"><time>2026-07-04T20:59:36Z</time></trkpt><trkpt lat="44.42803798508293" lon="-64.24360438769922"><time>2026-07-04T20:59:37Z</time></trkpt><trkpt lat="44.428065325007836" lon="-64.24360072738386"><time>2026-07-04T20:59:38Z</time></trkpt><trkpt lat="44.42809408978331" lon="-64.24360199898214"><time>2026-07-04T20:59:39Z</time></trkpt><trkpt lat="44.428123078213474" lon="-64.24359702599092"><time>2026-07-04T20:59:40Z</time></trkpt><trkpt lat="44.42815338168585" lon="-64.24359480024931"><time>2026-07-04T20:59:41Z</time></trkpt><trkpt lat="44.4281854970201" lon="-64.24358997791845"><time>2026-07-04T20:59:42Z</time></trkpt><trkpt lat="44.428214926102136" lon="-64.24358758827788"><time>2026-07-04T20:59:43Z</time></trkpt><trkpt lat="44.4282475507107" lon="-64.24359224003095"><time>2026-07-04T20:59:44Z</time></trkpt><trkpt lat="44.428272651318395" lon="-64.24358725708485"><time>2026-07-04T20:59:45Z</time></trkpt><trkpt lat="44.428304256753" lon="-64.24358236916896"><time>2026-07-04T20:59:46Z</time></trkpt><trkpt lat="44.42833835845144" lon="-64.24357127322922"><time>2026-07-04T20:59:47Z</time></trkpt><trkpt lat="44.42836855966882" lon="-64.2435611341772"><time>2026-07-04T20:59:48Z</time></trkpt><trkpt lat="44.42839758793447" lon="-64.24355660642264"><time>2026-07-04T20:59:49Z</time></trkpt><trkpt lat="44.42842506486282" lon="-64.24355185999084"><time>2026-07-04T20:59:50Z</time></trkpt><trkpt lat="44.428452343206075" lon="-64.2435512840383"><time>2026-07-04T20:59:51Z</time></trkpt><trkpt lat="44.42848086792182" lon="-64.2435534471376"><time>2026-07-04T20:59:52Z</time></trkpt><trkpt lat="44.42851076546475" lon="-64.24355497936651"><time>2026-07-04T20:59:53Z</time></trkpt><trkpt lat="44.42853704871313" lon="-64.24355266703475"><time>2026-07-04T20:59:54Z</time></trkpt><trkpt lat="44.428567195739255" lon="-64.2435453999941"><time>2026-07-04T20:59:55Z</time></trkpt><trkpt lat="44.42860099946391" lon="-64.2435460801331"><time>2026-07-04T20:59:56Z</time></trkpt><trkpt lat="44.42863505577578" lon="-64.24354425575335"><time>2026-07-04T20:59:57Z</time></trkpt><trkpt lat="44.42866826579679" lon="-64.24354001191853"><time>2026-07-04T20:59:58Z</time></trkpt><trkpt lat="44.428701464112535" lon="-64.24354362870307"><time>2026-07-04T20:59:59Z</time></trkpt><trkpt lat="44.42873073267261" lon="-64.24354303920603"><time>2026-07-04T21:00:00Z</time></trkpt><trkpt lat="44.428755169263255" lon="-64.24354280046727"><time>2026-07-04T21:00:01Z</time></trkpt><trkpt lat="44.428788118174225" lon="-64.24354174383625"><time>2026-07-04T21:00:02Z</time></trkpt><trkpt lat="44.428820031912" lon="-64.24354624361912"><time>2026-07-04T21:00:03Z</time></trkpt><trkpt lat="44.428853902405734" lon="-64.24355224405251"><time>2026-07-04T21:00:04Z</time></trkpt><trkpt lat="44.42888393957458" lon="-64.24356285780044"><time>2026-07-04T21:00:05Z</time></trkpt><trkpt lat="44.42891047962296" lon="-64.24357374619876"><time>2026-07-04T21:00:06Z</time></trkpt><trkpt lat="44.4289409031826" lon="-64.2435816057547"><time>2026-07-04T21:00:07Z</time></trkpt><trkpt lat="44.42896914354324" lon="-64.243589982892"><time>2026-07-04T21:00:08Z</time></trkpt><trkpt lat="44.42900001188267" lon="-64.24359440045572"><time>2026-07-04T21:00:09Z</time></trkpt><trkpt lat="44.4290393313266" lon="-64.24360288360202"><time>2026-07-04T21:00:10Z</time></trkpt><trkpt lat="44.42906312980948" lon="-64.24361229072211"><time>2026-07-04T21:00:11Z</time></trkpt><trkpt lat="44.429094475443954" lon="-64.24362133385365"><time>2026-07-04T21:00:12Z</time></trkpt><trkpt lat="44.42912468882513" lon="-64.24363279559897"><time>2026-07-04T21:00:13Z</time></trkpt><trkpt lat="44.42915621479762" lon="-64.2436359211013"><time>2026-07-04T21:00:14Z</time></trkpt><trkpt lat="44.42918614804923" lon="-64.24363808368605"><time>2026-07-04T21:00:15Z</time></trkpt><trkpt lat="44.4292284184701" lon="-64.24364522058303"><time>2026-07-04T21:00:16Z</time></trkpt><trkpt lat="44.429257394885916" lon="-64.24365704628288"><time>2026-07-04T21:00:17Z</time></trkpt><trkpt lat="44.42928582221241" lon="-64.24365592556559"><time>2026-07-04T21:00:18Z</time></trkpt><trkpt lat="44.42931661776597" lon="-64.24366002668219"><time>2026-07-04T21:00:19Z</time></trkpt><trkpt lat="44.429349348670726" lon="-64.24365223348379"><time>2026-07-04T21:00:20Z</time></trkpt><trkpt lat="44.42937265255496" lon="-64.24365946977693"><time>2026-07-04T21:00:21Z</time></trkpt><trkpt lat="44.42940449112414" lon="-64.24366802852347"><time>2026-07-04T21:00:22Z</time></trkpt><trkpt lat="44.429431663370636" lon="-64.2436683873153"><time>2026-07-04T21:00:23Z</time></trkpt><trkpt lat="44.42945582293156" lon="-64.24367788950936"><time>2026-07-04T21:00:24Z</time></trkpt><trkpt lat="44.42948193447649" lon="-64.2436839024888"><time>2026-07-04T21:00:25Z</time></trkpt><trkpt lat="44.42951506082638" lon="-64.2436819735818"><time>2026-07-04T21:00:26Z</time></trkpt><trkpt lat="44.429541390879564" lon="-64.24368360240359"><time>2026-07-04T21:00:27Z</time></trkpt><trkpt lat="44.42957344820658" lon="-64.24368222760478"><time>2026-07-04T21:00:28Z</time></trkpt><trkpt lat="44.42960126832141" lon="-64.2436849493814"><time>2026-07-04T21:00:29Z</time></trkpt><trkpt lat="44.42962635654499" lon="-64.24368511198088"><time>2026-07-04T21:00:30Z</time></trkpt><trkpt lat="44.429662704666384" lon="-64.24368533029022"><time>2026-07-04T21:00:31Z</time></trkpt><trkpt lat="44.42969171048484" lon="-64.24368405399002"><time>2026-07-04T21:00:32Z</time></trkpt><trkpt lat="44.42971499721073" lon="-64.24367732473341"><time>2026-07-04T21:00:33Z</time></trkpt><trkpt lat="44.42974426297641" lon="-64.24367597635337"><time>2026-07-04T21:00:34Z</time></trkpt><trkpt lat="44.42977721269188" lon="-64.24367221239085"><time>2026-07-04T21:00:35Z</time></trkpt><trkpt lat="44.42980648407334" lon="-64.24367424397171"><time>2026-07-04T21:00:36Z</time></trkpt><trkpt lat="44.429836632756995" lon="-64.24368332799307"><time>2026-07-04T21:00:37Z</time></trkpt><trkpt lat="44.42986492069156" lon="-64.24369693923867"><time>2026-07-04T21:00:38Z</time></trkpt><trkpt lat="44.42989230757656" lon="-64.24370818187045"><time>2026-07-04T21:00:39Z</time></trkpt><trkpt lat="44.4299199202131" lon="-64.24370870255082"><time>2026-07-04T21:00:40Z</time></trkpt><trkpt lat="44.4299520310007" lon="-64.24371016252357"><time>2026-07-04T21:00:41Z</time></trkpt><trkpt lat="44.429976880178494" lon="-64.24370120390793"><time>2026-07-04T21:00:42Z</time></trkpt><trkpt lat="44.43001229417751" lon="-64.24370308203696"><time>2026-07-04T21:00:43Z</time></trkpt><trkpt lat="44.43005001321747" lon="-64.24370555508403"><time>2026-07-04T21:00:44Z</time></trkpt><trkpt lat="44.430074286264365" lon="-64.24371185538203"><time>2026-07-04T21:00:45Z</time></trkpt><trkpt lat="44.4301098014366" lon="-64.24372564917013"><time>2026-07-04T21:00:46Z</time></trkpt><trkpt lat="44.43013516932239" lon="-64.24373384973997"><time>2026-07-04T21:00:47Z</time></trkpt><trkpt lat="44.43016657070149" lon="-64.24372599541977"><time>2026-07-04T21:00:48Z</time></trkpt><trkpt lat="44.43019448018322" lon="-64.24372360130894"><time>2026-07-04T21:00:49Z</time></trkpt><trkpt lat="44.43022716091795" lon="-64.24372435297063"><time>2026-07-04T21:00:50Z</time></trkpt><trkpt lat="44.43025598518829" lon="-64.24372737767894"><time>2026-07-04T21:00:51Z</time></trkpt><trkpt lat="44.43028492470652" lon="-64.24373088042192"><time>2026-07-04T21:00:52Z</time></trkpt><trkpt lat="44.430314640198276" lon="-64.24373812334865"><time>2026-07-04T21:00:53Z</time></trkpt><trkpt lat="44.43034437758648" lon="-64.24374008334065"><time>2026-07-04T21:00:54Z</time></trkpt><trkpt lat="44.43037518456227" lon="-64.24374256600709"><time>2026-07-04T21:00:55Z</time></trkpt><trkpt lat="44.43040728140118" lon="-64.24374503191446"><time>2026-07-04T21:00:56Z</time></trkpt><trkpt lat="44.43043722484974" lon="-64.24374739044633"><time>2026-07-04T21:00:57Z</time></trkpt><trkpt lat="44.430469994253265" lon="-64.24375109097335"><time>2026-07-04T21:00:58Z</time></trkpt><trkpt lat="44.43050244640849" lon="-64.24375313004957"><time>2026-07-04T21:00:59Z</time></trkpt><trkpt lat="44.43053201212801" lon="-64.24375575726962"><time>2026-07-04T21:01:00Z</time></trkpt><trkpt lat="44.43055975632141" lon="-64.24375856673022"><time>2026-07-04T21:01:01Z</time></trkpt><trkpt lat="44.430590591205856" lon="-64.2437636473237"><time>2026-07-04T21:01:02Z</time></trkpt><trkpt lat="44.430613066041815" lon="-64.2437645033801"><time>2026-07-04T21:01:03Z</time></trkpt><trkpt lat="44.430645539144706" lon="-64.24376903432993"><time>2026-07-04T21:01:04Z</time></trkpt><trkpt lat="44.43068032912711" lon="-64.24377640978058"><time>2026-07-04T21:01:05Z</time></trkpt><trkpt lat="44.43071299943402" lon="-64.24378507731"><time>2026-07-04T21:01:06Z</time></trkpt><trkpt lat="44.43074388113489" lon="-64.24378795566656"><time>2026-07-04T21:01:07Z</time></trkpt><trkpt lat="44.43077412984963" lon="-64.24378941342637"><time>2026-07-04T21:01:08Z</time></trkpt><trkpt lat="44.430804534423345" lon="-64.24379268150793"><time>2026-07-04T21:01:09Z</time></trkpt><trkpt lat="44.43083511274834" lon="-64.2437955552319"><time>2026-07-04T21:01:10Z</time></trkpt><trkpt lat="44.43086576644885" lon="-64.24379656252509"><time>2026-07-04T21:01:11Z</time></trkpt><trkpt lat="44.43089589962111" lon="-64.24379627446638"><time>2026-07-04T21:01:12Z</time></trkpt><trkpt lat="44.43092608982817" lon="-64.24379799827251"><time>2026-07-04T21:01:13Z</time></trkpt><trkpt lat="44.43095586444329" lon="-64.24380470351112"><time>2026-07-04T21:01:14Z</time></trkpt><trkpt lat="44.43098514824627" lon="-64.24380997065956"><time>2026-07-04T21:01:15Z</time></trkpt><trkpt lat="44.43101446705621" lon="-64.24380524624466"><time>2026-07-04T21:01:16Z</time></trkpt><trkpt lat="44.43104726572849" lon="-64.24380438913465"><time>2026-07-04T21:01:17Z</time></trkpt><trkpt lat="44.43107726570536" lon="-64.24380296114195"><time>2026-07-04T21:01:18Z</time></trkpt><trkpt lat="44.431109572785736" lon="-64.24380749944801"><time>2026-07-04T21:01:19Z</time></trkpt><trkpt lat="44.43113585992953" lon="-64.24380969280949"><time>2026-07-04T21:01:20Z</time></trkpt><trkpt lat="44.43116656353229" lon="-64.24380961145916"><time>2026-07-04T21:01:21Z</time></trkpt><trkpt lat="44.431194572163115" lon="-64.24381258685779"><time>2026-07-04T21:01:22Z</time></trkpt><trkpt lat="44.431224555323" lon="-64.24381407537916"><time>2026-07-04T21:01:23Z</time></trkpt><trkpt lat="44.43125343452331" lon="-64.24381551733306"><time>2026-07-04T21:01:24Z</time></trkpt><trkpt lat="44.43128165671416" lon="-64.24381758276472"><time>2026-07-04T21:01:25Z</time></trkpt><trkpt lat="44.431309949294466" lon="-64.24382377203005"><time>2026-07-04T21:01:26Z</time></trkpt><trkpt lat="44.43133844310835" lon="-64.24382829214866"><time>2026-07-04T21:01:27Z</time></trkpt><trkpt lat="44.43136638614072" lon="-64.24383205626941"><time>2026-07-04T21:01:28Z</time></trkpt><trkpt lat="44.431395933307414" lon="-64.24383494299948"><time>2026-07-04T21:01:29Z</time></trkpt><trkpt lat="44.431424937887755" lon="-64.24383670326617"><time>2026-07-04T21:01:30Z</time></trkpt><trkpt lat="44.43145445678004" lon="-64.24383657460332"><time>2026-07-04T21:01:31Z</time></trkpt><trkpt lat="44.4314839829384" lon="-64.24383547732776"><time>2026-07-04T21:01:32Z</time></trkpt><trkpt lat="44.431510389342705" lon="-64.2438358429622"><time>2026-07-04T21:01:33Z</time></trkpt><trkpt lat="44.43153942229599" lon="-64.2438385501037"><time>2026-07-04T21:01:34Z</time></trkpt><trkpt lat="44.4315673586544" lon="-64.24384228656551"><time>2026-07-04T21:01:35Z</time></trkpt><trkpt lat="44.43159562768923" lon="-64.24384632867132"><time>2026-07-04T21:01:36Z</time></trkpt><trkpt lat="44.431622410531176" lon="-64.24385250451044"><time>2026-07-04T21:01:37Z</time></trkpt><trkpt lat="44.43165025124136" lon="-64.24385885463371"><time>2026-07-04T21:01:38Z</time></trkpt><trkpt lat="44.4316789140195" lon="-64.24386418881333"><time>2026-07-04T21:01:39Z</time></trkpt><trkpt lat="44.431704947167056" lon="-64.24386983626863"><time>2026-07-04T21:01:40Z</time></trkpt><trkpt lat="44.43173242243758" lon="-64.24387140238302"><time>2026-07-04T21:01:41Z</time></trkpt><trkpt lat="44.43175940875512" lon="-64.24387465282814"><time>2026-07-04T21:01:42Z</time></trkpt><trkpt lat="44.4317884486768" lon="-64.24387904372833"><time>2026-07-04T21:01:43Z</time></trkpt><trkpt lat="44.431816763796256" lon="-64.24388315001302"><time>2026-07-04T21:01:44Z</time></trkpt><trkpt lat="44.43184428280414" lon="-64.24388207746496"><time>2026-07-04T21:01:45Z</time></trkpt><trkpt lat="44.43187093765488" lon="-64.24388331281472"><time>2026-07-04T21:01:46Z</time></trkpt><trkpt lat="44.43189801387589" lon="-64.24388394017592"><time>2026-07-04T21:01:47Z</time></trkpt><trkpt lat="44.43192457950735" lon="-64.2438867094963"><time>2026-07-04T21:01:48Z</time></trkpt><trkpt lat="44.43195138110934" lon="-64.24388823743055"><time>2026-07-04T21:01:49Z</time></trkpt><trkpt lat="44.43197899084749" lon="-64.24389333852064"><time>2026-07-04T21:01:50Z</time></trkpt><trkpt lat="44.432005511812406" lon="-64.24389799660197"><time>2026-07-04T21:01:51Z</time></trkpt><trkpt lat="44.43203330218631" lon="-64.24391235897737"><time>2026-07-04T21:01:52Z</time></trkpt><trkpt lat="44.43206033756291" lon="-64.24390877585807"><time>2026-07-04T21:01:53Z</time></trkpt><trkpt lat="44.43208559909452" lon="-64.24391066658016"><time>2026-07-04T21:01:54Z</time></trkpt><trkpt lat="44.43211126639426" lon="-64.2439145184916"><time>2026-07-04T21:01:55Z</time></trkpt><trkpt lat="44.43213822960349" lon="-64.24391804031053"><time>2026-07-04T21:01:56Z</time></trkpt><trkpt lat="44.432164890455596" lon="-64.24392342118755"><time>2026-07-04T21:01:57Z</time></trkpt><trkpt lat="44.43219154658453" lon="-64.24392923550778"><time>2026-07-04T21:01:58Z</time></trkpt><trkpt lat="44.432218100189" lon="-64.24393688314981"><time>2026-07-04T21:01:59Z</time></trkpt><trkpt lat="44.43224562169395" lon="-64.24394338958615"><time>2026-07-04T21:02:00Z</time></trkpt><trkpt lat="44.43227265509038" lon="-64.24394745802866"><time>2026-07-04T21:02:01Z</time></trkpt><trkpt lat="44.43229937320127" lon="-64.24395268787984"><time>2026-07-04T21:02:02Z</time></trkpt><trkpt lat="44.43232571312294" lon="-64.24395427903069"><time>2026-07-04T21:02:03Z</time></trkpt><trkpt lat="44.43235373493681" lon="-64.24395657891822"><time>2026-07-04T21:02:04Z</time></trkpt><trkpt lat="44.43238254504502" lon="-64.24395796532652"><time>2026-07-04T21:02:05Z</time></trkpt><trkpt lat="44.43241071625" lon="-64.2439605718314"><time>2026-07-04T21:02:06Z</time></trkpt><trkpt lat="44.432437240084845" lon="-64.24396475106066"><time>2026-07-04T21:02:07Z</time></trkpt><trkpt lat="44.432464763721235" lon="-64.24396836219019"><time>2026-07-04T21:02:08Z</time></trkpt><trkpt lat="44.43249160924918" lon="-64.24397263996715"><time>2026-07-04T21:02:09Z</time></trkpt><trkpt lat="44.43252004284144" lon="-64.24397639793311"><time>2026-07-04T21:02:10Z</time></trkpt><trkpt lat="44.43254834445911" lon="-64.24397725507603"><time>2026-07-04T21:02:11Z</time></trkpt><trkpt lat="44.43257614606424" lon="-64.24398066343356"><time>2026-07-04T21:02:12Z</time></trkpt><trkpt lat="44.43260446885676" lon="-64.24398364613113"><time>2026-07-04T21:02:13Z</time></trkpt><trkpt lat="44.432632062606594" lon="-64.2439881990906"><time>2026-07-04T21:02:14Z</time></trkpt><trkpt lat="44.432661432992695" lon="-64.24399415914046"><time>2026-07-04T21:02:15Z</time></trkpt><trkpt lat="44.43268939980555" lon="-64.24399613414283"><time>2026-07-04T21:02:16Z</time></trkpt><trkpt lat="44.4327170695831" lon="-64.24399779850533"><time>2026-07-04T21:02:17Z</time></trkpt><trkpt lat="44.432743007239914" lon="-64.24399894680481"><time>2026-07-04T21:02:18Z</time></trkpt><trkpt lat="44.432768527259505" lon="-64.24399777051184"><time>2026-07-04T21:02:19Z</time></trkpt><trkpt lat="44.43279514612338" lon="-64.24400163435442"><time>2026-07-04T21:02:20Z</time></trkpt><trkpt lat="44.4328203806925" lon="-64.24400545882006"><time>2026-07-04T21:02:21Z</time></trkpt><trkpt lat="44.43284696157636" lon="-64.24400577382215"><time>2026-07-04T21:02:22Z</time></trkpt><trkpt lat="44.43287322502911" lon="-64.24400246012522"><time>2026-07-04T21:02:23Z</time></trkpt><trkpt lat="44.4329000278712" lon="-64.2439953540596"><time>2026-07-04T21:02:24Z</time></trkpt><trkpt lat="44.43292622655848" lon="-64.24399018014346"><time>2026-07-04T21:02:25Z</time></trkpt><trkpt lat="44.43295339105035" lon="-64.2439886020585"><time>2026-07-04T21:02:26Z</time></trkpt><trkpt lat="44.43297983829367" lon="-64.24398668488404"><time>2026-07-04T21:02:27Z</time></trkpt><trkpt lat="44.4330077881286" lon="-64.24398278723956"><time>2026-07-04T21:02:28Z</time></trkpt><trkpt lat="44.433036343295825" lon="-64.24397950546046"><time>2026-07-04T21:02:29Z</time></trkpt><trkpt lat="44.433064849736915" lon="-64.24397425318033"><time>2026-07-04T21:02:30Z</time></trkpt><trkpt lat="44.43309385692017" lon="-64.24397221138636"><time>2026-07-04T21:02:31Z</time></trkpt><trkpt lat="44.433122552078586" lon="-64.24397002926025"><time>2026-07-04T21:02:32Z</time></trkpt><trkpt lat="44.43315109441396" lon="-64.24396831053964"><time>2026-07-04T21:02:33Z</time></trkpt><trkpt lat="44.43317860034544" lon="-64.24396914705405"><time>2026-07-04T21:02:34Z</time></trkpt><trkpt lat="44.43320678075992" lon="-64.24396733736123"><time>2026-07-04T21:02:35Z</time></trkpt><trkpt lat="44.43323663566324" lon="-64.24396699034243"><time>2026-07-04T21:02:36Z</time></trkpt><trkpt lat="44.43326584483369" lon="-64.24396367148631"><time>2026-07-04T21:02:37Z</time></trkpt><trkpt lat="44.43329453377032" lon="-64.24396477615768"><time>2026-07-04T21:02:38Z</time></trkpt><trkpt lat="44.43332351126725" lon="-64.24396192489579"><time>2026-07-04T21:02:39Z</time></trkpt><trkpt lat="44.43335079407318" lon="-64.24395917036325"><time>2026-07-04T21:02:40Z</time></trkpt><trkpt lat="44.43337828006579" lon="-64.24395581306018"><time>2026-07-04T21:02:41Z</time></trkpt><trkpt lat="44.43340615402515" lon="-64.24395366082203"><time>2026-07-04T21:02:42Z</time></trkpt><trkpt lat="44.433436424946876" lon="-64.24395488219004"><time>2026-07-04T21:02:43Z</time></trkpt><trkpt lat="44.43346682148098" lon="-64.2439560749543"><time>2026-07-04T21:02:44Z</time></trkpt><trkpt lat="44.43349455944294" lon="-64.2439574961789"><time>2026-07-04T21:02:45Z</time></trkpt><trkpt lat="44.43352207940844" lon="-64.24395875657909"><time>2026-07-04T21:02:46Z</time></trkpt><trkpt lat="44.4335491222375" lon="-64.24396159535516"><time>2026-07-04T21:02:47Z</time></trkpt><trkpt lat="44.43358097111218" lon="-64.24396264409741"><time>2026-07-04T21:02:48Z</time></trkpt><trkpt lat="44.43361004595042" lon="-64.24396221354094"><time>2026-07-04T21:02:49Z</time></trkpt><trkpt lat="44.43364189737649" lon="-64.24396078780107"><time>2026-07-04T21:02:50Z</time></trkpt><trkpt lat="44.43367134137183" lon="-64.24396344867905"><time>2026-07-04T21:02:51Z</time></trkpt><trkpt lat="44.433700375691835" lon="-64.24396321091567"><time>2026-07-04T21:02:52Z</time></trkpt><trkpt lat="44.43373046260395" lon="-64.24396430797002"><time>2026-07-04T21:02:53Z</time></trkpt><trkpt lat="44.43375979382103" lon="-64.24396217619898"><time>2026-07-04T21:02:54Z</time></trkpt><trkpt lat="44.4337899740491" lon="-64.24396239230545"><time>2026-07-04T21:02:55Z</time></trkpt><trkpt lat="44.433821152528125" lon="-64.243966073759"><time>2026-07-04T21:02:56Z</time></trkpt><trkpt lat="44.43385065036166" lon="-64.24396808015963"><time>2026-07-04T21:02:57Z</time></trkpt><trkpt lat="44.433880749470845" lon="-64.24397232666219"><time>2026-07-04T21:02:58Z</time></trkpt><trkpt lat="44.43391051717004" lon="-64.24397150045661"><time>2026-07-04T21:02:59Z</time></trkpt><trkpt lat="44.43394053195605" lon="-64.24397703623755"><time>2026-07-04T21:03:00Z</time></trkpt><trkpt lat="44.433971014954246" lon="-64.2439781408116"><time>2026-07-04T21:03:01Z</time></trkpt><trkpt lat="44.43400059293649" lon="-64.24398373140995"><time>2026-07-04T21:03:02Z</time></trkpt><trkpt lat="44.434029951341536" lon="-64.24398737864799"><time>2026-07-04T21:03:03Z</time></trkpt><trkpt lat="44.434059920396244" lon="-64.24399043889346"><time>2026-07-04T21:03:04Z</time></trkpt><trkpt lat="44.43408986900272" lon="-64.24399382779086"><time>2026-07-04T21:03:05Z</time></trkpt><trkpt lat="44.434119398165755" lon="-64.2440006862156"><time>2026-07-04T21:03:06Z</time></trkpt><trkpt lat="44.434149422084246" lon="-64.24400765991102"><time>2026-07-04T21:03:07Z</time></trkpt><trkpt lat="44.43417840847952" lon="-64.2440139100674"><time>2026-07-04T21:03:08Z</time></trkpt><trkpt lat="44.43420690278101" lon="-64.24402058357298"><time>2026-07-04T21:03:09Z</time></trkpt><trkpt lat="44.43423551367599" lon="-64.24402651394571"><time>2026-07-04T21:03:10Z</time></trkpt><trkpt lat="44.434259285873644" lon="-64.24403071449275"><time>2026-07-04T21:03:11Z</time></trkpt><trkpt lat="44.4342852600749" lon="-64.24403866385995"><time>2026-07-04T21:03:12Z</time></trkpt><trkpt lat="44.434308675158796" lon="-64.24404254016231"><time>2026-07-04T21:03:13Z</time></trkpt><trkpt lat="44.43434873116475" lon="-64.24405208851933"><time>2026-07-04T21:03:14Z</time></trkpt><trkpt lat="44.43438006101679" lon="-64.24406111102708"><time>2026-07-04T21:03:15Z</time></trkpt><trkpt lat="44.434400116693936" lon="-64.24407402079599"><time>2026-07-04T21:03:16Z</time></trkpt><trkpt lat="44.43442574565744" lon="-64.24407852637808"><time>2026-07-04T21:03:17Z</time></trkpt><trkpt lat="44.43445471102068" lon="-64.24408335321947"><time>2026-07-04T21:03:18Z</time></trkpt><trkpt lat="44.43448259138369" lon="-64.24408540585239"><time>2026-07-04T21:03:19Z</time></trkpt><trkpt lat="44.43451086744411" lon="-64.2440909868637"><time>2026-07-04T21:03:20Z</time></trkpt><trkpt lat="44.43453777980248" lon="-64.24409634270647"><time>2026-07-04T21:03:21Z</time></trkpt><trkpt lat="44.43456548342885" lon="-64.24410182923802"><time>2026-07-04T21:03:22Z</time></trkpt><trkpt lat="44.434609451465946" lon="-64.24410633183136"><time>2026-07-04T21:03:24Z</time></trkpt><trkpt lat="44.43464177058719" lon="-64.24410874659935"><time>2026-07-04T21:03:25Z</time></trkpt><trkpt lat="44.43466587462155" lon="-64.24410950894476"><time>2026-07-04T21:03:26Z</time></trkpt><trkpt lat="44.43469193775283" lon="-64.24411114846555"><time>2026-07-04T21:03:27Z</time></trkpt><trkpt lat="44.43472143573529" lon="-64.24411420290181"><time>2026-07-04T21:03:28Z</time></trkpt><trkpt lat="44.43475021834248" lon="-64.24411473722834"><time>2026-07-04T21:03:29Z</time></trkpt><trkpt lat="44.43478694716048" lon="-64.24411414533596"><time>2026-07-04T21:03:30Z</time></trkpt><trkpt lat="44.43481471087367" lon="-64.24412207290919"><time>2026-07-04T21:03:31Z</time></trkpt><trkpt lat="44.43484653788763" lon="-64.24412464517152"><time>2026-07-04T21:03:32Z</time></trkpt><trkpt lat="44.43487740700623" lon="-64.24412583584382"><time>2026-07-04T21:03:33Z</time></trkpt><trkpt lat="44.43490573393809" lon="-64.24413254892909"><time>2026-07-04T21:03:34Z</time></trkpt><trkpt lat="44.43493652509697" lon="-64.24413915875107"><time>2026-07-04T21:03:35Z</time></trkpt><trkpt lat="44.43496593621868" lon="-64.24414251712534"><time>2026-07-04T21:03:36Z</time></trkpt><trkpt lat="44.43499233526198" lon="-64.24414122562962"><time>2026-07-04T21:03:37Z</time></trkpt><trkpt lat="44.43503002428715" lon="-64.2441396084319"><time>2026-07-04T21:03:38Z</time></trkpt><trkpt lat="44.43505459464305" lon="-64.24414493842536"><time>2026-07-04T21:03:39Z</time></trkpt><trkpt lat="44.43508452305574" lon="-64.24414690006283"><time>2026-07-04T21:03:40Z</time></trkpt><trkpt lat="44.43511560777152" lon="-64.24414893890419"><time>2026-07-04T21:03:41Z</time></trkpt><trkpt lat="44.43514779825825" lon="-64.24415456246858"><time>2026-07-04T21:03:42Z</time></trkpt><trkpt lat="44.435178289573464" lon="-64.24415955658492"><time>2026-07-04T21:03:43Z</time></trkpt><trkpt lat="44.43521011223915" lon="-64.24416474356443"><time>2026-07-04T21:03:44Z</time></trkpt><trkpt lat="44.43523845100616" lon="-64.24416627854325"><time>2026-07-04T21:03:45Z</time></trkpt><trkpt lat="44.435268262455786" lon="-64.24416953820452"><time>2026-07-04T21:03:46Z</time></trkpt><trkpt lat="44.43529857794408" lon="-64.24417120320642"><time>2026-07-04T21:03:47Z</time></trkpt><trkpt lat="44.43532841685914" lon="-64.24417562601175"><time>2026-07-04T21:03:48Z</time></trkpt><trkpt lat="44.43536016827507" lon="-64.2441822219105"><time>2026-07-04T21:03:49Z</time></trkpt><trkpt lat="44.435388680266804" lon="-64.24418523368915"><time>2026-07-04T21:03:50Z</time></trkpt><trkpt lat="44.43542384708975" lon="-64.24418878645756"><time>2026-07-04T21:03:51Z</time></trkpt><trkpt lat="44.43545565015925" lon="-64.24419470173038"><time>2026-07-04T21:03:52Z</time></trkpt><trkpt lat="44.435487995985014" lon="-64.24420342978672"><time>2026-07-04T21:03:53Z</time></trkpt><trkpt lat="44.43551833347987" lon="-64.2442070536636"><time>2026-07-04T21:03:54Z</time></trkpt><trkpt lat="44.43554759334032" lon="-64.24421123893188"><time>2026-07-04T21:03:55Z</time></trkpt><trkpt lat="44.435578863767795" lon="-64.24421568463553"><time>2026-07-04T21:03:56Z</time></trkpt><trkpt lat="44.43560958514393" lon="-64.24421977111408"><time>2026-07-04T21:03:57Z</time></trkpt><trkpt lat="44.435639400940865" lon="-64.24422489970415"><time>2026-07-04T21:03:58Z</time></trkpt><trkpt lat="44.43566825995985" lon="-64.24422864276504"><time>2026-07-04T21:03:59Z</time></trkpt><trkpt lat="44.43570176427934" lon="-64.2442330736781"><time>2026-07-04T21:04:00Z</time></trkpt><trkpt lat="44.435729102386716" lon="-64.2442398401922"><time>2026-07-04T21:04:01Z</time></trkpt><trkpt lat="44.43575967905386" lon="-64.24424216361075"><time>2026-07-04T21:04:02Z</time></trkpt><trkpt lat="44.435791052600145" lon="-64.24424418498148"><time>2026-07-04T21:04:03Z</time></trkpt><trkpt lat="44.43582224054263" lon="-64.24424298480238"><time>2026-07-04T21:04:04Z</time></trkpt><trkpt lat="44.43585154044455" lon="-64.24424937303333"><time>2026-07-04T21:04:05Z</time></trkpt><trkpt lat="44.4358809636815" lon="-64.24425376975736"><time>2026-07-04T21:04:06Z</time></trkpt><trkpt lat="44.43591099874964" lon="-64.24425799924089"><time>2026-07-04T21:04:07Z</time></trkpt><trkpt lat="44.435942197803655" lon="-64.24426211222615"><time>2026-07-04T21:04:08Z</time></trkpt><trkpt lat="44.435972314059526" lon="-64.24426723634883"><time>2026-07-04T21:04:09Z</time></trkpt><trkpt lat="44.4360032445998" lon="-64.24427174893123"><time>2026-07-04T21:04:10Z</time></trkpt><trkpt lat="44.43603268062345" lon="-64.24427451161661"><time>2026-07-04T21:04:11Z</time></trkpt><trkpt lat="44.43606121927594" lon="-64.24427905605492"><time>2026-07-04T21:04:12Z</time></trkpt><trkpt lat="44.43609143104383" lon="-64.24428327984053"><time>2026-07-04T21:04:13Z</time></trkpt><trkpt lat="44.436121595870056" lon="-64.24428526405956"><time>2026-07-04T21:04:14Z</time></trkpt><trkpt lat="44.436163496401875" lon="-64.24427193189659"><time>2026-07-04T21:04:15Z</time></trkpt><trkpt lat="44.43618188655084" lon="-64.24428326086199"><time>2026-07-04T21:04:16Z</time></trkpt><trkpt lat="44.43621167825838" lon="-64.24428774768371"><time>2026-07-04T21:04:17Z</time></trkpt><trkpt lat="44.43624612492037" lon="-64.24429390488947"><time>2026-07-04T21:04:18Z</time></trkpt><trkpt lat="44.436274894707466" lon="-64.24429691430093"><time>2026-07-04T21:04:19Z</time></trkpt><trkpt lat="44.43630411142416" lon="-64.24429999046498"><time>2026-07-04T21:04:20Z</time></trkpt><trkpt lat="44.436334271689546" lon="-64.24430518266361"><time>2026-07-04T21:04:21Z</time></trkpt><trkpt lat="44.43636478174988" lon="-64.24430784747734"><time>2026-07-04T21:04:22Z</time></trkpt><trkpt lat="44.436397019007025" lon="-64.24431289615096"><time>2026-07-04T21:04:23Z</time></trkpt><trkpt lat="44.43642862156314" lon="-64.24431902530596"><time>2026-07-04T21:04:24Z</time></trkpt><trkpt lat="44.43645955246034" lon="-64.24432127097339"><time>2026-07-04T21:04:25Z</time></trkpt><trkpt lat="44.43648894157327" lon="-64.24432370378354"><time>2026-07-04T21:04:26Z</time></trkpt><trkpt lat="44.436518856322195" lon="-64.24432627303628"><time>2026-07-04T21:04:27Z</time></trkpt><trkpt lat="44.43654810969628" lon="-64.24432806603059"><time>2026-07-04T21:04:28Z</time></trkpt><trkpt lat="44.43657907140178" lon="-64.24432826148612"><time>2026-07-04T21:04:29Z</time></trkpt><trkpt lat="44.43660971651733" lon="-64.24433327027377"><time>2026-07-04T21:04:30Z</time></trkpt><trkpt lat="44.4366345574177" lon="-64.24432839262865"><time>2026-07-04T21:04:31Z</time></trkpt><trkpt lat="44.43666937968866" lon="-64.24431828074128"><time>2026-07-04T21:04:32Z</time></trkpt><trkpt lat="44.436705613259655" lon="-64.24431338553248"><time>2026-07-04T21:04:33Z</time></trkpt><trkpt lat="44.43673314001608" lon="-64.24431664202352"><time>2026-07-04T21:04:34Z</time></trkpt><trkpt lat="44.436768377836636" lon="-64.24431577717"><time>2026-07-04T21:04:35Z</time></trkpt><trkpt lat="44.43680293231434" lon="-64.24431577373163"><time>2026-07-04T21:04:36Z</time></trkpt><trkpt lat="44.436833814238476" lon="-64.2443188080829"><time>2026-07-04T21:04:37Z</time></trkpt><trkpt lat="44.43687602836398" lon="-64.24430479139792"><time>2026-07-04T21:04:38Z</time></trkpt><trkpt lat="44.43690028169383" lon="-64.24429591540594"><time>2026-07-04T21:04:39Z</time></trkpt><trkpt lat="44.436930173813295" lon="-64.24430155866268"><time>2026-07-04T21:04:40Z</time></trkpt><trkpt lat="44.43695762661905" lon="-64.24430579703598"><time>2026-07-04T21:04:41Z</time></trkpt><trkpt lat="44.43699290802233" lon="-64.24431344483378"><time>2026-07-04T21:04:42Z</time></trkpt><trkpt lat="44.43702030853811" lon="-64.24431744076921"><time>2026-07-04T21:04:43Z</time></trkpt><trkpt lat="44.43705112629027" lon="-64.24432152769694"><time>2026-07-04T21:04:44Z</time></trkpt><trkpt lat="44.437082418897575" lon="-64.2443182941276"><time>2026-07-04T21:04:45Z</time></trkpt><trkpt lat="44.437107337371664" lon="-64.24432598170037"><time>2026-07-04T21:04:46Z</time></trkpt><trkpt lat="44.43714053836301" lon="-64.24432849959233"><time>2026-07-04T21:04:47Z</time></trkpt><trkpt lat="44.437172753827355" lon="-64.24432796928832"><time>2026-07-04T21:04:48Z</time></trkpt><trkpt lat="44.437205094639914" lon="-64.24432791035288"><time>2026-07-04T21:04:49Z</time></trkpt><trkpt lat="44.43723309375704" lon="-64.24433631954838"><time>2026-07-04T21:04:50Z</time></trkpt><trkpt lat="44.43725515102952" lon="-64.24433323388568"><time>2026-07-04T21:04:51Z</time></trkpt><trkpt lat="44.437282688446516" lon="-64.24433328846887"><time>2026-07-04T21:04:52Z</time></trkpt><trkpt lat="44.437310439280665" lon="-64.24433520817226"><time>2026-07-04T21:04:53Z</time></trkpt><trkpt lat="44.43734332670503" lon="-64.24433448217106"><time>2026-07-04T21:04:54Z</time></trkpt><trkpt lat="44.43737559403079" lon="-64.24433849756566"><time>2026-07-04T21:04:55Z</time></trkpt><trkpt lat="44.437404706356006" lon="-64.24434444416583"><time>2026-07-04T21:04:56Z</time></trkpt><trkpt lat="44.437433409560896" lon="-64.24435060409255"><time>2026-07-04T21:04:57Z</time></trkpt><trkpt lat="44.43746543597632" lon="-64.24435608758583"><time>2026-07-04T21:04:58Z</time></trkpt><trkpt lat="44.43749699328496" lon="-64.24435969896392"><time>2026-07-04T21:04:59Z</time></trkpt><trkpt lat="44.43752578719219" lon="-64.24436713852334"><time>2026-07-04T21:05:00Z</time></trkpt><trkpt lat="44.43755482636271" lon="-64.24437436438144"><time>2026-07-04T21:05:01Z</time></trkpt><trkpt lat="44.43758442292369" lon="-64.2443816162748"><time>2026-07-04T21:05:02Z</time></trkpt><trkpt lat="44.43761484666703" lon="-64.24438704548747"><time>2026-07-04T21:05:03Z</time></trkpt><trkpt lat="44.437648033976096" lon="-64.24438411167077"><time>2026-07-04T21:05:04Z</time></trkpt><trkpt lat="44.437678426481654" lon="-64.24438840958423"><time>2026-07-04T21:05:05Z</time></trkpt><trkpt lat="44.43770849168064" lon="-64.24438970911177"><time>2026-07-04T21:05:06Z</time></trkpt><trkpt lat="44.437737281980844" lon="-64.24438825478656"><time>2026-07-04T21:05:07Z</time></trkpt><trkpt lat="44.437769462860885" lon="-64.24439248712265"><time>2026-07-04T21:05:08Z</time></trkpt><trkpt lat="44.4377997251223" lon="-64.24439777842476"><time>2026-07-04T21:05:09Z</time></trkpt><trkpt lat="44.43782992326971" lon="-64.2444041881845"><time>2026-07-04T21:05:10Z</time></trkpt><trkpt lat="44.43785862218461" lon="-64.24440907388619"><time>2026-07-04T21:05:11Z</time></trkpt><trkpt lat="44.43788846046984" lon="-64.24441403647916"><time>2026-07-04T21:05:12Z</time></trkpt><trkpt lat="44.437920202606804" lon="-64.24442077128593"><time>2026-07-04T21:05:13Z</time></trkpt><trkpt lat="44.43794669149958" lon="-64.24443256369531"><time>2026-07-04T21:05:14Z</time></trkpt><trkpt lat="44.43798285913398" lon="-64.24444301262038"><time>2026-07-04T21:05:15Z</time></trkpt><trkpt lat="44.43801716400643" lon="-64.24444866840791"><time>2026-07-04T21:05:16Z</time></trkpt><trkpt lat="44.43804769005627" lon="-64.24445334312082"><time>2026-07-04T21:05:17Z</time></trkpt><trkpt lat="44.438079361195754" lon="-64.24445619217671"><time>2026-07-04T21:05:18Z</time></trkpt><trkpt lat="44.438111241234836" lon="-64.24445679641688"><time>2026-07-04T21:05:19Z</time></trkpt><trkpt lat="44.43814264081514" lon="-64.24446083938714"><time>2026-07-04T21:05:20Z</time></trkpt><trkpt lat="44.43817608833054" lon="-64.24453631490697"><time>2026-07-04T21:05:21Z</time></trkpt><trkpt lat="44.438198270496926" lon="-64.24451918223589"><time>2026-07-04T21:05:22Z</time></trkpt><trkpt lat="44.438230916497595" lon="-64.24450928502287"><time>2026-07-04T21:05:23Z</time></trkpt><trkpt lat="44.43826857337374" lon="-64.24450992795381"><time>2026-07-04T21:05:24Z</time></trkpt><trkpt lat="44.438307625950095" lon="-64.24451242080282"><time>2026-07-04T21:05:25Z</time></trkpt><trkpt lat="44.43833288352148" lon="-64.24451441533895"><time>2026-07-04T21:05:26Z</time></trkpt><trkpt lat="44.43836090689883" lon="-64.2445158036957"><time>2026-07-04T21:05:27Z</time></trkpt><trkpt lat="44.43838912322743" lon="-64.24451602099157"><time>2026-07-04T21:05:28Z</time></trkpt><trkpt lat="44.438417696910705" lon="-64.24451923551135"><time>2026-07-04T21:05:29Z</time></trkpt><trkpt lat="44.438449055569514" lon="-64.24452234417201"><time>2026-07-04T21:05:30Z</time></trkpt><trkpt lat="44.438477921989445" lon="-64.24453685773446"><time>2026-07-04T21:05:31Z</time></trkpt><trkpt lat="44.43851055160371" lon="-64.24452647305775"><time>2026-07-04T21:05:32Z</time></trkpt><trkpt lat="44.43854065486095" lon="-64.24452763876054"><time>2026-07-04T21:05:33Z</time></trkpt><trkpt lat="44.4385715895029" lon="-64.24452947109569"><time>2026-07-04T21:05:34Z</time></trkpt><trkpt lat="44.43860246159959" lon="-64.24453130163901"><time>2026-07-04T21:05:35Z</time></trkpt><trkpt lat="44.43863408686093" lon="-64.24452860066457"><time>2026-07-04T21:05:36Z</time></trkpt><trkpt lat="44.43866541233504" lon="-64.24453121963899"><time>2026-07-04T21:05:37Z</time></trkpt><trkpt lat="44.43869886181145" lon="-64.2445314323222"><time>2026-07-04T21:05:38Z</time></trkpt><trkpt lat="44.438728697983194" lon="-64.24453930772893"><time>2026-07-04T21:05:39Z</time></trkpt><trkpt lat="44.43875960380829" lon="-64.2445467969318"><time>2026-07-04T21:05:40Z</time></trkpt><trkpt lat="44.43879081896577" lon="-64.24455200865853"><time>2026-07-04T21:05:41Z</time></trkpt><trkpt lat="44.438820127825366" lon="-64.24455410662523"><time>2026-07-04T21:05:42Z</time></trkpt><trkpt lat="44.43885208098656" lon="-64.24455428573945"><time>2026-07-04T21:05:43Z</time></trkpt><trkpt lat="44.438884887377164" lon="-64.24455382341641"><time>2026-07-04T21:05:44Z</time></trkpt><trkpt lat="44.43891813929049" lon="-64.24455699997164"><time>2026-07-04T21:05:45Z</time></trkpt><trkpt lat="44.43894942634193" lon="-64.24455915840198"><time>2026-07-04T21:05:46Z</time></trkpt><trkpt lat="44.43898057549215" lon="-64.24456101082839"><time>2026-07-04T21:05:47Z</time></trkpt><trkpt lat="44.439011793987646" lon="-64.2445637414027"><time>2026-07-04T21:05:48Z</time></trkpt><trkpt lat="44.43904259487098" lon="-64.2445672532377"><time>2026-07-04T21:05:49Z</time></trkpt><trkpt lat="44.439073741911784" lon="-64.24456955183393"><time>2026-07-04T21:05:50Z</time></trkpt><trkpt lat="44.43910727286372" lon="-64.24456800294791"><time>2026-07-04T21:05:51Z</time></trkpt><trkpt lat="44.43913837494282" lon="-64.24456454478734"><time>2026-07-04T21:05:52Z</time></trkpt><trkpt lat="44.43916981395837" lon="-64.24455918335534"><time>2026-07-04T21:05:53Z</time></trkpt><trkpt lat="44.43920086060862" lon="-64.24455366246553"><time>2026-07-04T21:05:54Z</time></trkpt><trkpt lat="44.43923407647619" lon="-64.24454948193387"><time>2026-07-04T21:05:55Z</time></trkpt><trkpt lat="44.43926568245905" lon="-64.24454486462683"><time>2026-07-04T21:05:56Z</time></trkpt><trkpt lat="44.439298029397314" lon="-64.24454005726405"><time>2026-07-04T21:05:57Z</time></trkpt><trkpt lat="44.4393305754442" lon="-64.24453442277799"><time>2026-07-04T21:05:58Z</time></trkpt><trkpt lat="44.43936239300896" lon="-64.24452643495385"><time>2026-07-04T21:05:59Z</time></trkpt><trkpt lat="44.43939408591173" lon="-64.24451619623314"><time>2026-07-04T21:06:00Z</time></trkpt><trkpt lat="44.43942550353087" lon="-64.24450315804071"><time>2026-07-04T21:06:01Z</time></trkpt><trkpt lat="44.43945706576939" lon="-64.24448646809307"><time>2026-07-04T21:06:02Z</time></trkpt><trkpt lat="44.43948821530893" lon="-64.24446915066645"><time>2026-07-04T21:06:03Z</time></trkpt><trkpt lat="44.439519273440666" lon="-64.24445393032207"><time>2026-07-04T21:06:04Z</time></trkpt><trkpt lat="44.439549380340125" lon="-64.24443982422298"><time>2026-07-04T21:06:05Z</time></trkpt><trkpt lat="44.43957934927322" lon="-64.24442780118936"><time>2026-07-04T21:06:06Z</time></trkpt><trkpt lat="44.43960913843683" lon="-64.24441662162151"><time>2026-07-04T21:06:07Z</time></trkpt><trkpt lat="44.43963763973469" lon="-64.24440329837873"><time>2026-07-04T21:06:08Z</time></trkpt><trkpt lat="44.43966696192409" lon="-64.24438812336857"><time>2026-07-04T21:06:09Z</time></trkpt><trkpt lat="44.43969678790777" lon="-64.24436960550038"><time>2026-07-04T21:06:10Z</time></trkpt><trkpt lat="44.43972416532665" lon="-64.24434854253427"><time>2026-07-04T21:06:11Z</time></trkpt><trkpt lat="44.43975389268906" lon="-64.24432759007757"><time>2026-07-04T21:06:12Z</time></trkpt><trkpt lat="44.439785398467144" lon="-64.24431263551236"><time>2026-07-04T21:06:13Z</time></trkpt><trkpt lat="44.439817000154456" lon="-64.2443030540561"><time>2026-07-04T21:06:14Z</time></trkpt><trkpt lat="44.439847444232775" lon="-64.2442935052602"><time>2026-07-04T21:06:15Z</time></trkpt><trkpt lat="44.43987754166565" lon="-64.24428011497363"><time>2026-07-04T21:06:16Z</time></trkpt><trkpt lat="44.43990791797395" lon="-64.2442621410739"><time>2026-07-04T21:06:17Z</time></trkpt><trkpt lat="44.43993600447079" lon="-64.24424421773384"><time>2026-07-04T21:06:18Z</time></trkpt><trkpt lat="44.43996681960406" lon="-64.24422835967802"><time>2026-07-04T21:06:19Z</time></trkpt><trkpt lat="44.439997454194675" lon="-64.24421129557423"><time>2026-07-04T21:06:20Z</time></trkpt><trkpt lat="44.44002845839357" lon="-64.24419803027614"><time>2026-07-04T21:06:21Z</time></trkpt><trkpt lat="44.44005833843346" lon="-64.24418857455602"><time>2026-07-04T21:06:22Z</time></trkpt><trkpt lat="44.440088673444386" lon="-64.24417768944718"><time>2026-07-04T21:06:23Z</time></trkpt><trkpt lat="44.44011852250111" lon="-64.24416545577127"><time>2026-07-04T21:06:24Z</time></trkpt><trkpt lat="44.440149699258114" lon="-64.24415288506879"><time>2026-07-04T21:06:25Z</time></trkpt><trkpt lat="44.44018087108875" lon="-64.24414111877527"><time>2026-07-04T21:06:26Z</time></trkpt><trkpt lat="44.44021227943785" lon="-64.24412992725159"><time>2026-07-04T21:06:27Z</time></trkpt><trkpt lat="44.44024304569401" lon="-64.2441164929865"><time>2026-07-04T21:06:28Z</time></trkpt><trkpt lat="44.440273705422975" lon="-64.24410177067111"><time>2026-07-04T21:06:29Z</time></trkpt><trkpt lat="44.440304965139184" lon="-64.2440870772069"><time>2026-07-04T21:06:30Z</time></trkpt><trkpt lat="44.44033524733402" lon="-64.24407353700639"><time>2026-07-04T21:06:31Z</time></trkpt><trkpt lat="44.44036739744614" lon="-64.24406276708355"><time>2026-07-04T21:06:32Z</time></trkpt><trkpt lat="44.440398713296695" lon="-64.24405362241244"><time>2026-07-04T21:06:33Z</time></trkpt><trkpt lat="44.44043137695406" lon="-64.24404119081385"><time>2026-07-04T21:06:34Z</time></trkpt><trkpt lat="44.44046378674173" lon="-64.2440259729889"><time>2026-07-04T21:06:35Z</time></trkpt><trkpt lat="44.44049518191862" lon="-64.24401243570705"><time>2026-07-04T21:06:36Z</time></trkpt><trkpt lat="44.44052581634386" lon="-64.24399700894566"><time>2026-07-04T21:06:37Z</time></trkpt><trkpt lat="44.44055818327167" lon="-64.2439797531137"><time>2026-07-04T21:06:38Z</time></trkpt><trkpt lat="44.440589890384075" lon="-64.24396796081137"><time>2026-07-04T21:06:39Z</time></trkpt><trkpt lat="44.440622575532295" lon="-64.2439596277068"><time>2026-07-04T21:06:40Z</time></trkpt><trkpt lat="44.440654447183405" lon="-64.24394887251633"><time>2026-07-04T21:06:41Z</time></trkpt><trkpt lat="44.440685180396834" lon="-64.24393555656269"><time>2026-07-04T21:06:42Z</time></trkpt><trkpt lat="44.440716724893235" lon="-64.2439225339708"><time>2026-07-04T21:06:43Z</time></trkpt><trkpt lat="44.44074849988741" lon="-64.24390929667172"><time>2026-07-04T21:06:44Z</time></trkpt><trkpt lat="44.440780379714774" lon="-64.24390028458589"><time>2026-07-04T21:06:45Z</time></trkpt><trkpt lat="44.44081251392182" lon="-64.24389298530124"><time>2026-07-04T21:06:46Z</time></trkpt><trkpt lat="44.44084418103941" lon="-64.24388713320238"><time>2026-07-04T21:06:47Z</time></trkpt><trkpt lat="44.4408751233059" lon="-64.24388328132588"><time>2026-07-04T21:06:48Z</time></trkpt><trkpt lat="44.44090670323797" lon="-64.24388480264307"><time>2026-07-04T21:06:49Z</time></trkpt><trkpt lat="44.44093939165909" lon="-64.24388066842037"><time>2026-07-04T21:06:50Z</time></trkpt><trkpt lat="44.44097756847841" lon="-64.24387482455084"><time>2026-07-04T21:06:51Z</time></trkpt><trkpt lat="44.44100879658005" lon="-64.24387505242413"><time>2026-07-04T21:06:52Z</time></trkpt><trkpt lat="44.44103853504583" lon="-64.2438633050015"><time>2026-07-04T21:06:53Z</time></trkpt><trkpt lat="44.44107322691628" lon="-64.24386247226927"><time>2026-07-04T21:06:54Z</time></trkpt><trkpt lat="44.44110761731504" lon="-64.24386180768278"><time>2026-07-04T21:06:55Z</time></trkpt><trkpt lat="44.44113975265316" lon="-64.24385697101519"><time>2026-07-04T21:06:56Z</time></trkpt><trkpt lat="44.441172923962405" lon="-64.24385522266994"><time>2026-07-04T21:06:57Z</time></trkpt><trkpt lat="44.44120488597461" lon="-64.24385181440037"><time>2026-07-04T21:06:58Z</time></trkpt><trkpt lat="44.441238667097245" lon="-64.24385060091926"><time>2026-07-04T21:06:59Z</time></trkpt><trkpt lat="44.441272116936474" lon="-64.24384754637967"><time>2026-07-04T21:07:00Z</time></trkpt><trkpt lat="44.44129832705716" lon="-64.24384104530976"><time>2026-07-04T21:07:01Z</time></trkpt><trkpt lat="44.441330053935886" lon="-64.24383310728282"><time>2026-07-04T21:07:02Z</time></trkpt><trkpt lat="44.44136025442471" lon="-64.24382581618477"><time>2026-07-04T21:07:03Z</time></trkpt><trkpt lat="44.44138972659381" lon="-64.24382716186398"><time>2026-07-04T21:07:04Z</time></trkpt><trkpt lat="44.44142203289538" lon="-64.24382673513739"><time>2026-07-04T21:07:05Z</time></trkpt><trkpt lat="44.44145092380373" lon="-64.24382172744838"><time>2026-07-04T21:07:06Z</time></trkpt><trkpt lat="44.4414816286578" lon="-64.24381610996495"><time>2026-07-04T21:07:07Z</time></trkpt><trkpt lat="44.44150681787945" lon="-64.24380581834178"><time>2026-07-04T21:07:08Z</time></trkpt><trkpt lat="44.44155476316989" lon="-64.2437994796971"><time>2026-07-04T21:07:09Z</time></trkpt><trkpt lat="44.441588902356216" lon="-64.2437958132049"><time>2026-07-04T21:07:10Z</time></trkpt><trkpt lat="44.44162312970486" lon="-64.24379759136558"><time>2026-07-04T21:07:11Z</time></trkpt><trkpt lat="44.44165187900316" lon="-64.24379746636367"><time>2026-07-04T21:07:12Z</time></trkpt><trkpt lat="44.441684467060625" lon="-64.24379674312308"><time>2026-07-04T21:07:13Z</time></trkpt><trkpt lat="44.44171541205756" lon="-64.24378927949682"><time>2026-07-04T21:07:14Z</time></trkpt><trkpt lat="44.441748536701574" lon="-64.24379051316156"><time>2026-07-04T21:07:15Z</time></trkpt><trkpt lat="44.44178113201982" lon="-64.24379488502527"><time>2026-07-04T21:07:16Z</time></trkpt><trkpt lat="44.441812863888416" lon="-64.24380275299445"><time>2026-07-04T21:07:17Z</time></trkpt><trkpt lat="44.44184437954041" lon="-64.24381130559291"><time>2026-07-04T21:07:18Z</time></trkpt><trkpt lat="44.44187682585496" lon="-64.243816523456"><time>2026-07-04T21:07:19Z</time></trkpt><trkpt lat="44.44190779123815" lon="-64.2438211251404"><time>2026-07-04T21:07:20Z</time></trkpt><trkpt lat="44.4419387262639" lon="-64.24382805982749"><time>2026-07-04T21:07:21Z</time></trkpt><trkpt lat="44.44196931980979" lon="-64.24383099400342"><time>2026-07-04T21:07:22Z</time></trkpt><trkpt lat="44.442001713919645" lon="-64.24383726894025"><time>2026-07-04T21:07:23Z</time></trkpt><trkpt lat="44.44203322125818" lon="-64.24384350854146"><time>2026-07-04T21:07:24Z</time></trkpt><trkpt lat="44.44205900729282" lon="-64.24385086952519"><time>2026-07-04T21:07:25Z</time></trkpt><trkpt lat="44.44209296652968" lon="-64.24385695710389"><time>2026-07-04T21:07:26Z</time></trkpt><trkpt lat="44.44212164010831" lon="-64.24386744744572"><time>2026-07-04T21:07:27Z</time></trkpt><trkpt lat="44.44214987426531" lon="-64.24387650337574"><time>2026-07-04T21:07:28Z</time></trkpt><trkpt lat="44.44218473230818" lon="-64.24388247980178"><time>2026-07-04T21:07:29Z</time></trkpt><trkpt lat="44.44221543854755" lon="-64.24388546347335"><time>2026-07-04T21:07:30Z</time></trkpt><trkpt lat="44.44224543996624" lon="-64.24389188796732"><time>2026-07-04T21:07:31Z</time></trkpt><trkpt lat="44.442276641417926" lon="-64.2439029780762"><time>2026-07-04T21:07:32Z</time></trkpt><trkpt lat="44.44230689582944" lon="-64.24391435286577"><time>2026-07-04T21:07:33Z</time></trkpt><trkpt lat="44.44233742980458" lon="-64.2439232640329"><time>2026-07-04T21:07:34Z</time></trkpt><trkpt lat="44.44236795004284" lon="-64.24393135679178"><time>2026-07-04T21:07:35Z</time></trkpt><trkpt lat="44.442394155817944" lon="-64.2439353654208"><time>2026-07-04T21:07:36Z</time></trkpt><trkpt lat="44.44242403995819" lon="-64.2439373473363"><time>2026-07-04T21:07:37Z</time></trkpt><trkpt lat="44.4424568876613" lon="-64.24394210208798"><time>2026-07-04T21:07:38Z</time></trkpt><trkpt lat="44.44248932471401" lon="-64.24395265233522"><time>2026-07-04T21:07:39Z</time></trkpt><trkpt lat="44.44252240262458" lon="-64.24395828534333"><time>2026-07-04T21:07:40Z</time></trkpt><trkpt lat="44.44254740999112" lon="-64.24396230720615"><time>2026-07-04T21:07:41Z</time></trkpt><trkpt lat="44.442577413657155" lon="-64.24396622936408"><time>2026-07-04T21:07:42Z</time></trkpt><trkpt lat="44.44260631203817" lon="-64.24397297528806"><time>2026-07-04T21:07:43Z</time></trkpt><trkpt lat="44.44264508902986" lon="-64.24398257630627"><time>2026-07-04T21:07:44Z</time></trkpt><trkpt lat="44.44267221698294" lon="-64.24398506995998"><time>2026-07-04T21:07:45Z</time></trkpt><trkpt lat="44.44270314338216" lon="-64.24398485131964"><time>2026-07-04T21:07:46Z</time></trkpt><trkpt lat="44.442734961092754" lon="-64.24398825325068"><time>2026-07-04T21:07:47Z</time></trkpt><trkpt lat="44.44276186181671" lon="-64.24399883483444"><time>2026-07-04T21:07:48Z</time></trkpt><trkpt lat="44.442790463212525" lon="-64.24400613891329"><time>2026-07-04T21:07:49Z</time></trkpt><trkpt lat="44.442824843907566" lon="-64.24401652255365"><time>2026-07-04T21:07:50Z</time></trkpt><trkpt lat="44.44286010296672" lon="-64.24402824103913"><time>2026-07-04T21:07:51Z</time></trkpt><trkpt lat="44.442890584359404" lon="-64.24403477822429"><time>2026-07-04T21:07:52Z</time></trkpt><trkpt lat="44.44292088079202" lon="-64.24403708011613"><time>2026-07-04T21:07:53Z</time></trkpt><trkpt lat="44.44295230364235" lon="-64.24404014910816"><time>2026-07-04T21:07:54Z</time></trkpt><trkpt lat="44.44298444621866" lon="-64.24404678634994"><time>2026-07-04T21:07:55Z</time></trkpt><trkpt lat="44.4430167467457" lon="-64.24405437852828"><time>2026-07-04T21:07:56Z</time></trkpt><trkpt lat="44.44304766637288" lon="-64.24406329030204"><time>2026-07-04T21:07:57Z</time></trkpt><trkpt lat="44.443078681053244" lon="-64.24407566870738"><time>2026-07-04T21:07:58Z</time></trkpt><trkpt lat="44.44310867251167" lon="-64.2440829583006"><time>2026-07-04T21:07:59Z</time></trkpt><trkpt lat="44.44314061606321" lon="-64.24408751454466"><time>2026-07-04T21:08:00Z</time></trkpt><trkpt lat="44.44317539962258" lon="-64.24408921331919"><time>2026-07-04T21:08:01Z</time></trkpt><trkpt lat="44.44320602133407" lon="-64.24408668302948"><time>2026-07-04T21:08:02Z</time></trkpt><trkpt lat="44.443237495026224" lon="-64.24407909643102"><time>2026-07-04T21:08:03Z</time></trkpt><trkpt lat="44.443268478162366" lon="-64.24408188647821"><time>2026-07-04T21:08:04Z</time></trkpt><trkpt lat="44.44330105170917" lon="-64.24408395233652"><time>2026-07-04T21:08:05Z</time></trkpt><trkpt lat="44.4433306698288" lon="-64.2440757466328"><time>2026-07-04T21:08:06Z</time></trkpt><trkpt lat="44.44336480510856" lon="-64.24408288660211"><time>2026-07-04T21:08:07Z</time></trkpt><trkpt lat="44.44340301449573" lon="-64.24409616522158"><time>2026-07-04T21:08:08Z</time></trkpt><trkpt lat="44.4434309771392" lon="-64.24410099626252"><time>2026-07-04T21:08:09Z</time></trkpt><trkpt lat="44.44346736993175" lon="-64.24410347478438"><time>2026-07-04T21:08:10Z</time></trkpt><trkpt lat="44.44349738074194" lon="-64.24410788047594"><time>2026-07-04T21:08:11Z</time></trkpt><trkpt lat="44.44353359268087" lon="-64.2441138034128"><time>2026-07-04T21:08:12Z</time></trkpt><trkpt lat="44.44356381508364" lon="-64.24411293644278"><time>2026-07-04T21:08:13Z</time></trkpt><trkpt lat="44.44359484825716" lon="-64.24410979543876"><time>2026-07-04T21:08:14Z</time></trkpt><trkpt lat="44.44362365973625" lon="-64.24411700543318"><time>2026-07-04T21:08:15Z</time></trkpt><trkpt lat="44.44365790272886" lon="-64.24412847620967"><time>2026-07-04T21:08:16Z</time></trkpt><trkpt lat="44.44369263766343" lon="-64.24412872161317"><time>2026-07-04T21:08:17Z</time></trkpt><trkpt lat="44.44372249848799" lon="-64.24412939761754"><time>2026-07-04T21:08:18Z</time></trkpt><trkpt lat="44.44375749883241" lon="-64.24413104310376"><time>2026-07-04T21:08:19Z</time></trkpt><trkpt lat="44.443788465761685" lon="-64.24412806083598"><time>2026-07-04T21:08:20Z</time></trkpt><trkpt lat="44.44382338353864" lon="-64.24412592275667"><time>2026-07-04T21:08:21Z</time></trkpt><trkpt lat="44.44385448418039" lon="-64.24412705184145"><time>2026-07-04T21:08:22Z</time></trkpt><trkpt lat="44.44388776871157" lon="-64.24413119714873"><time>2026-07-04T21:08:23Z</time></trkpt><trkpt lat="44.44392246635015" lon="-64.24413314677668"><time>2026-07-04T21:08:24Z</time></trkpt><trkpt lat="44.44395752484645" lon="-64.24413585753862"><time>2026-07-04T21:08:25Z</time></trkpt><trkpt lat="44.443991425059664" lon="-64.2441374387411"><time>2026-07-04T21:08:26Z</time></trkpt><trkpt lat="44.44402569991358" lon="-64.24413918105114"><time>2026-07-04T21:08:27Z</time></trkpt><trkpt lat="44.44405754545933" lon="-64.24414375906719"><time>2026-07-04T21:08:28Z</time></trkpt><trkpt lat="44.444090094514834" lon="-64.24414725239193"><time>2026-07-04T21:08:29Z</time></trkpt><trkpt lat="44.44412129508842" lon="-64.244152782938"><time>2026-07-04T21:08:30Z</time></trkpt><trkpt lat="44.44415328920298" lon="-64.24415821586555"><time>2026-07-04T21:08:31Z</time></trkpt><trkpt lat="44.44418669395486" lon="-64.24416307036127"><time>2026-07-04T21:08:32Z</time></trkpt><trkpt lat="44.444219043646456" lon="-64.24416852226379"><time>2026-07-04T21:08:33Z</time></trkpt><trkpt lat="44.44425124400595" lon="-64.24417402813724"><time>2026-07-04T21:08:34Z</time></trkpt><trkpt lat="44.44428352905683" lon="-64.24418049038538"><time>2026-07-04T21:08:35Z</time></trkpt><trkpt lat="44.44431644306999" lon="-64.24418157773849"><time>2026-07-04T21:08:36Z</time></trkpt><trkpt lat="44.444347359443235" lon="-64.24418223254854"><time>2026-07-04T21:08:37Z</time></trkpt><trkpt lat="44.44437686265577" lon="-64.24419000374591"><time>2026-07-04T21:08:38Z</time></trkpt><trkpt lat="44.444408254913604" lon="-64.24419639155732"><time>2026-07-04T21:08:39Z</time></trkpt><trkpt lat="44.444442850390445" lon="-64.24420122462463"><time>2026-07-04T21:08:40Z</time></trkpt><trkpt lat="44.44447449553604" lon="-64.24420431684828"><time>2026-07-04T21:08:41Z</time></trkpt><trkpt lat="44.44450649167176" lon="-64.24421247027537"><time>2026-07-04T21:08:42Z</time></trkpt><trkpt lat="44.444537904712774" lon="-64.24421984866055"><time>2026-07-04T21:08:43Z</time></trkpt><trkpt lat="44.44456836086558" lon="-64.24422845456733"><time>2026-07-04T21:08:44Z</time></trkpt><trkpt lat="44.44460159189111" lon="-64.2442360853676"><time>2026-07-04T21:08:45Z</time></trkpt><trkpt lat="44.444634336069356" lon="-64.2442432762543"><time>2026-07-04T21:08:46Z</time></trkpt><trkpt lat="44.44466545744451" lon="-64.24425177560356"><time>2026-07-04T21:08:47Z</time></trkpt><trkpt lat="44.44469613794306" lon="-64.24426062233381"><time>2026-07-04T21:08:48Z</time></trkpt><trkpt lat="44.44472529561247" lon="-64.24427135762409"><time>2026-07-04T21:08:49Z</time></trkpt><trkpt lat="44.4447552673746" lon="-64.24428216817847"><time>2026-07-04T21:08:50Z</time></trkpt><trkpt lat="44.444787302832765" lon="-64.24428946095946"><time>2026-07-04T21:08:51Z</time></trkpt><trkpt lat="44.44481933455251" lon="-64.24429270604791"><time>2026-07-04T21:08:52Z</time></trkpt><trkpt lat="44.44485093195132" lon="-64.24429836257283"><time>2026-07-04T21:08:53Z</time></trkpt><trkpt lat="44.44488293266285" lon="-64.24430829798216"><time>2026-07-04T21:08:54Z</time></trkpt><trkpt lat="44.44491498130228" lon="-64.24431878195108"><time>2026-07-04T21:08:55Z</time></trkpt><trkpt lat="44.44494591420408" lon="-64.2443286431999"><time>2026-07-04T21:08:56Z</time></trkpt><trkpt lat="44.44497645472419" lon="-64.24433772216543"><time>2026-07-04T21:08:57Z</time></trkpt><trkpt lat="44.44500655562893" lon="-64.24434615523032"><time>2026-07-04T21:08:58Z</time></trkpt><trkpt lat="44.445036733246496" lon="-64.24435344051399"><time>2026-07-04T21:08:59Z</time></trkpt><trkpt lat="44.445069063127676" lon="-64.24435863919501"><time>2026-07-04T21:09:00Z</time></trkpt><trkpt lat="44.44510081502048" lon="-64.24436747229225"><time>2026-07-04T21:09:01Z</time></trkpt><trkpt lat="44.44513218259525" lon="-64.24437552783324"><time>2026-07-04T21:09:02Z</time></trkpt><trkpt lat="44.445161926595866" lon="-64.24438493424134"><time>2026-07-04T21:09:03Z</time></trkpt><trkpt lat="44.445191845415195" lon="-64.24439459479088"><time>2026-07-04T21:09:04Z</time></trkpt><trkpt lat="44.44522145138335" lon="-64.24440390023949"><time>2026-07-04T21:09:05Z</time></trkpt><trkpt lat="44.4452525347341" lon="-64.24441181376179"><time>2026-07-04T21:09:06Z</time></trkpt><trkpt lat="44.44528319915644" lon="-64.24441685929314"><time>2026-07-04T21:09:07Z</time></trkpt><trkpt lat="44.44531454337956" lon="-64.24442047343189"><time>2026-07-04T21:09:08Z</time></trkpt><trkpt lat="44.44534621998605" lon="-64.24442370918828"><time>2026-07-04T21:09:09Z</time></trkpt><trkpt lat="44.44537854124988" lon="-64.24442713246873"><time>2026-07-04T21:09:10Z</time></trkpt><trkpt lat="44.4454115446738" lon="-64.24443003142582"><time>2026-07-04T21:09:11Z</time></trkpt><trkpt lat="44.44544297642907" lon="-64.24443380018806"><time>2026-07-04T21:09:12Z</time></trkpt><trkpt lat="44.445474100920734" lon="-64.2444403560449"><time>2026-07-04T21:09:13Z</time></trkpt><trkpt lat="44.44550503281312" lon="-64.24444748877819"><time>2026-07-04T21:09:14Z</time></trkpt><trkpt lat="44.44553627766939" lon="-64.24445413293775"><time>2026-07-04T21:09:15Z</time></trkpt><trkpt lat="44.44556927222367" lon="-64.2444597862774"><time>2026-07-04T21:09:16Z</time></trkpt><trkpt lat="44.44559960911482" lon="-64.24446612920106"><time>2026-07-04T21:09:17Z</time></trkpt><trkpt lat="44.445637086972624" lon="-64.24447673049094"><time>2026-07-04T21:09:18Z</time></trkpt><trkpt lat="44.44567023057621" lon="-64.244475028896"><time>2026-07-04T21:09:19Z</time></trkpt><trkpt lat="44.445702208105665" lon="-64.24448668942779"><time>2026-07-04T21:09:20Z</time></trkpt><trkpt lat="44.44573335345472" lon="-64.24449285710705"><time>2026-07-04T21:09:21Z</time></trkpt><trkpt lat="44.44576467005281" lon="-64.24449590239749"><time>2026-07-04T21:09:22Z</time></trkpt><trkpt lat="44.44579771398349" lon="-64.24450053099368"><time>2026-07-04T21:09:23Z</time></trkpt><trkpt lat="44.44582906339877" lon="-64.24450449289829"><time>2026-07-04T21:09:24Z</time></trkpt><trkpt lat="44.445859932763064" lon="-64.24451038504289"><time>2026-07-04T21:09:25Z</time></trkpt><trkpt lat="44.445890866454484" lon="-64.24451734887498"><time>2026-07-04T21:09:26Z</time></trkpt><trkpt lat="44.44592002591477" lon="-64.24452353739247"><time>2026-07-04T21:09:27Z</time></trkpt><trkpt lat="44.44594559374851" lon="-64.24452722486001"><time>2026-07-04T21:09:28Z</time></trkpt><trkpt lat="44.445981230763266" lon="-64.24453573061825"><time>2026-07-04T21:09:29Z</time></trkpt><trkpt lat="44.4460180078505" lon="-64.24455141827976"><time>2026-07-04T21:09:30Z</time></trkpt><trkpt lat="44.446046702401475" lon="-64.24455880277335"><time>2026-07-04T21:09:31Z</time></trkpt><trkpt lat="44.44607557917725" lon="-64.24456752467034"><time>2026-07-04T21:09:32Z</time></trkpt><trkpt lat="44.4461069454413" lon="-64.2445798981507"><time>2026-07-04T21:09:33Z</time></trkpt><trkpt lat="44.4461364397951" lon="-64.24458969066022"><time>2026-07-04T21:09:34Z</time></trkpt><trkpt lat="44.446165710764795" lon="-64.24459799610355"><time>2026-07-04T21:09:35Z</time></trkpt><trkpt lat="44.44619742336109" lon="-64.24460542766589"><time>2026-07-04T21:09:36Z</time></trkpt><trkpt lat="44.446227645986596" lon="-64.24461252663016"><time>2026-07-04T21:09:37Z</time></trkpt><trkpt lat="44.446256567641335" lon="-64.2446205793311"><time>2026-07-04T21:09:38Z</time></trkpt><trkpt lat="44.44628550487466" lon="-64.24463084639157"><time>2026-07-04T21:09:39Z</time></trkpt><trkpt lat="44.44631620541121" lon="-64.24464233660332"><time>2026-07-04T21:09:40Z</time></trkpt><trkpt lat="44.44634729359475" lon="-64.24465307212482"><time>2026-07-04T21:09:41Z</time></trkpt><trkpt lat="44.446378017258326" lon="-64.24466603780644"><time>2026-07-04T21:09:42Z</time></trkpt><trkpt lat="44.44640701124278" lon="-64.24467868616311"><time>2026-07-04T21:09:43Z</time></trkpt><trkpt lat="44.44643860065688" lon="-64.24468832834611"><time>2026-07-04T21:09:44Z</time></trkpt><trkpt lat="44.446469744560844" lon="-64.24469458889858"><time>2026-07-04T21:09:45Z</time></trkpt><trkpt lat="44.44650040798848" lon="-64.24470342886944"><time>2026-07-04T21:09:46Z</time></trkpt><trkpt lat="44.446529958405684" lon="-64.24471551903461"><time>2026-07-04T21:09:47Z</time></trkpt><trkpt lat="44.44656106440684" lon="-64.24473042485377"><time>2026-07-04T21:09:48Z</time></trkpt><trkpt lat="44.4465914331545" lon="-64.24474152521465"><time>2026-07-04T21:09:49Z</time></trkpt><trkpt lat="44.44662314976255" lon="-64.24475200433027"><time>2026-07-04T21:09:50Z</time></trkpt><trkpt lat="44.446654032639536" lon="-64.2447597430315"><time>2026-07-04T21:09:51Z</time></trkpt><trkpt lat="44.44668582531101" lon="-64.24476693193661"><time>2026-07-04T21:09:52Z</time></trkpt><trkpt lat="44.44671641032259" lon="-64.24477603922364"><time>2026-07-04T21:09:53Z</time></trkpt><trkpt lat="44.446746681536474" lon="-64.2447841204714"><time>2026-07-04T21:09:54Z</time></trkpt><trkpt lat="44.44677756473375" lon="-64.24479080425246"><time>2026-07-04T21:09:55Z</time></trkpt><trkpt lat="44.44680768759435" lon="-64.24479736356233"><time>2026-07-04T21:09:56Z</time></trkpt><trkpt lat="44.446839022663184" lon="-64.2448066930541"><time>2026-07-04T21:09:57Z</time></trkpt><trkpt lat="44.446869771849" lon="-64.24481611347842"><time>2026-07-04T21:09:58Z</time></trkpt><trkpt lat="44.446899926152184" lon="-64.24483005370787"><time>2026-07-04T21:09:59Z</time></trkpt><trkpt lat="44.446930282694524" lon="-64.24484315998431"><time>2026-07-04T21:10:00Z</time></trkpt><trkpt lat="44.44696039009148" lon="-64.24485494259125"><time>2026-07-04T21:10:01Z</time></trkpt><trkpt lat="44.44699097885246" lon="-64.2448638583371"><time>2026-07-04T21:10:02Z</time></trkpt><trkpt lat="44.447020547927266" lon="-64.24487231880654"><time>2026-07-04T21:10:03Z</time></trkpt><trkpt lat="44.44704912668227" lon="-64.2448834398853"><time>2026-07-04T21:10:04Z</time></trkpt><trkpt lat="44.44707482438151" lon="-64.24490165185952"><time>2026-07-04T21:10:05Z</time></trkpt><trkpt lat="44.44709598375924" lon="-64.24493051283143"><time>2026-07-04T21:10:06Z</time></trkpt><trkpt lat="44.447115655317646" lon="-64.24496122470428"><time>2026-07-04T21:10:07Z</time></trkpt><trkpt lat="44.44713655152209" lon="-64.24498784618996"><time>2026-07-04T21:10:08Z</time></trkpt><trkpt lat="44.44716090490701" lon="-64.24500751529847"><time>2026-07-04T21:10:09Z</time></trkpt><trkpt lat="44.44718768148241" lon="-64.24502329874636"><time>2026-07-04T21:10:10Z</time></trkpt><trkpt lat="44.44721419296362" lon="-64.24503997075433"><time>2026-07-04T21:10:11Z</time></trkpt><trkpt lat="44.447240044484026" lon="-64.2450588977032"><time>2026-07-04T21:10:12Z</time></trkpt><trkpt lat="44.44726674787756" lon="-64.24507895295177"><time>2026-07-04T21:10:13Z</time></trkpt><trkpt lat="44.44729453849374" lon="-64.2450972989699"><time>2026-07-04T21:10:14Z</time></trkpt><trkpt lat="44.44732169757044" lon="-64.24511787072821"><time>2026-07-04T21:10:15Z</time></trkpt><trkpt lat="44.44734865974915" lon="-64.24513638142724"><time>2026-07-04T21:10:16Z</time></trkpt><trkpt lat="44.44737591315077" lon="-64.24515695029459"><time>2026-07-04T21:10:17Z</time></trkpt><trkpt lat="44.44740253831652" lon="-64.24517603668485"><time>2026-07-04T21:10:18Z</time></trkpt><trkpt lat="44.44743085305961" lon="-64.24519518344921"><time>2026-07-04T21:10:19Z</time></trkpt><trkpt lat="44.44745790247903" lon="-64.24521265104492"><time>2026-07-04T21:10:20Z</time></trkpt><trkpt lat="44.44748455618882" lon="-64.2452314642868"><time>2026-07-04T21:10:21Z</time></trkpt><trkpt lat="44.44751310328385" lon="-64.24524781148759"><time>2026-07-04T21:10:22Z</time></trkpt><trkpt lat="44.44754110042214" lon="-64.2452599073202"><time>2026-07-04T21:10:23Z</time></trkpt><trkpt lat="44.44756964641793" lon="-64.24527396295086"><time>2026-07-04T21:10:24Z</time></trkpt><trkpt lat="44.44759575125613" lon="-64.2452867279248"><time>2026-07-04T21:10:25Z</time></trkpt><trkpt lat="44.44762197963377" lon="-64.24530139594889"><time>2026-07-04T21:10:26Z</time></trkpt><trkpt lat="44.447647301358714" lon="-64.24531712373916"><time>2026-07-04T21:10:27Z</time></trkpt><trkpt lat="44.447673972754345" lon="-64.24533475738635"><time>2026-07-04T21:10:28Z</time></trkpt><trkpt lat="44.44770029109613" lon="-64.24535650453336"><time>2026-07-04T21:10:29Z</time></trkpt><trkpt lat="44.44772670408983" lon="-64.24537899794666"><time>2026-07-04T21:10:30Z</time></trkpt><trkpt lat="44.44775465359149" lon="-64.2454012556622"><time>2026-07-04T21:10:31Z</time></trkpt><trkpt lat="44.44778213698001" lon="-64.24541898148252"><time>2026-07-04T21:10:32Z</time></trkpt><trkpt lat="44.44781050159479" lon="-64.2454342185983"><time>2026-07-04T21:10:33Z</time></trkpt><trkpt lat="44.44783846989557" lon="-64.24544693051048"><time>2026-07-04T21:10:34Z</time></trkpt><trkpt lat="44.44786505134247" lon="-64.24545859274902"><time>2026-07-04T21:10:35Z</time></trkpt><trkpt lat="44.447891855613314" lon="-64.24547301958442"><time>2026-07-04T21:10:36Z</time></trkpt><trkpt lat="44.44791907676408" lon="-64.24548718870781"><time>2026-07-04T21:10:37Z</time></trkpt><trkpt lat="44.44794928162524" lon="-64.24550209597419"><time>2026-07-04T21:10:38Z</time></trkpt><trkpt lat="44.44797978574992" lon="-64.24551535599272"><time>2026-07-04T21:10:39Z</time></trkpt><trkpt lat="44.448010882666296" lon="-64.2455283440617"><time>2026-07-04T21:10:40Z</time></trkpt><trkpt lat="44.44804150023272" lon="-64.24554406234382"><time>2026-07-04T21:10:41Z</time></trkpt><trkpt lat="44.448069035878675" lon="-64.24556396365634"><time>2026-07-04T21:10:42Z</time></trkpt><trkpt lat="44.44809679447629" lon="-64.24558128427849"><time>2026-07-04T21:10:43Z</time></trkpt><trkpt lat="44.448126160585716" lon="-64.24559956708116"><time>2026-07-04T21:10:44Z</time></trkpt><trkpt lat="44.44815781333304" lon="-64.24561173417705"><time>2026-07-04T21:10:45Z</time></trkpt><trkpt lat="44.448189411232725" lon="-64.24562325367167"><time>2026-07-04T21:10:46Z</time></trkpt><trkpt lat="44.44821934833929" lon="-64.24563763957413"><time>2026-07-04T21:10:47Z</time></trkpt><trkpt lat="44.44825128278772" lon="-64.24565264643553"><time>2026-07-04T21:10:48Z</time></trkpt><trkpt lat="44.4482814518849" lon="-64.24566444915598"><time>2026-07-04T21:10:49Z</time></trkpt><trkpt lat="44.44831076063521" lon="-64.24567839462276"><time>2026-07-04T21:10:50Z</time></trkpt><trkpt lat="44.448339826294365" lon="-64.24569301365455"><time>2026-07-04T21:10:51Z</time></trkpt><trkpt lat="44.448367521055204" lon="-64.24570975334706"><time>2026-07-04T21:10:52Z</time></trkpt><trkpt lat="44.448393499870555" lon="-64.24572798359797"><time>2026-07-04T21:10:53Z</time></trkpt><trkpt lat="44.448424154389436" lon="-64.24574447633118"><time>2026-07-04T21:10:54Z</time></trkpt><trkpt lat="44.44845291715957" lon="-64.24576247749121"><time>2026-07-04T21:10:55Z</time></trkpt><trkpt lat="44.44847807694569" lon="-64.24578268477445"><time>2026-07-04T21:10:56Z</time></trkpt><trkpt lat="44.448503757930126" lon="-64.24580160359973"><time>2026-07-04T21:10:57Z</time></trkpt><trkpt lat="44.448530233505906" lon="-64.24581540976446"><time>2026-07-04T21:10:58Z</time></trkpt><trkpt lat="44.448559123835565" lon="-64.24582553293499"><time>2026-07-04T21:10:59Z</time></trkpt><trkpt lat="44.44858943028269" lon="-64.24583370792395"><time>2026-07-04T21:11:00Z</time></trkpt><trkpt lat="44.44861584846862" lon="-64.2458474529947"><time>2026-07-04T21:11:01Z</time></trkpt><trkpt lat="44.44864375503094" lon="-64.24586499361958"><time>2026-07-04T21:11:02Z</time></trkpt><trkpt lat="44.44866995516728" lon="-64.24588505923664"><time>2026-07-04T21:11:03Z</time></trkpt><trkpt lat="44.44869680165493" lon="-64.24590408699129"><time>2026-07-04T21:11:04Z</time></trkpt><trkpt lat="44.4487269254796" lon="-64.24592171615625"><time>2026-07-04T21:11:05Z</time></trkpt><trkpt lat="44.44875544716713" lon="-64.24593612259919"><time>2026-07-04T21:11:06Z</time></trkpt><trkpt lat="44.44878497840594" lon="-64.24594937216439"><time>2026-07-04T21:11:07Z</time></trkpt><trkpt lat="44.448812591143906" lon="-64.24596314070686"><time>2026-07-04T21:11:08Z</time></trkpt><trkpt lat="44.448843978132054" lon="-64.2459818278015"><time>2026-07-04T21:11:09Z</time></trkpt><trkpt lat="44.448872356775624" lon="-64.24600006314617"><time>2026-07-04T21:11:10Z</time></trkpt><trkpt lat="44.44890187001303" lon="-64.2460151748939"><time>2026-07-04T21:11:11Z</time></trkpt><trkpt lat="44.448929953568594" lon="-64.24603319941986"><time>2026-07-04T21:11:12Z</time></trkpt><trkpt lat="44.44895793355422" lon="-64.2460514594322"><time>2026-07-04T21:11:13Z</time></trkpt><trkpt lat="44.44898772365607" lon="-64.24606645969806"><time>2026-07-04T21:11:14Z</time></trkpt><trkpt lat="44.44901649860076" lon="-64.2460817982599"><time>2026-07-04T21:11:15Z</time></trkpt><trkpt lat="44.44904504678221" lon="-64.24609893553058"><time>2026-07-04T21:11:16Z</time></trkpt><trkpt lat="44.44907329421561" lon="-64.24611627825412"><time>2026-07-04T21:11:17Z</time></trkpt><trkpt lat="44.449102405357564" lon="-64.24613197764191"><time>2026-07-04T21:11:18Z</time></trkpt><trkpt lat="44.44913182090688" lon="-64.24614615501693"><time>2026-07-04T21:11:19Z</time></trkpt><trkpt lat="44.44916123972906" lon="-64.24615923209095"><time>2026-07-04T21:11:20Z</time></trkpt><trkpt lat="44.449190233099905" lon="-64.24617411423891"><time>2026-07-04T21:11:21Z</time></trkpt><trkpt lat="44.449217574112566" lon="-64.24619326936197"><time>2026-07-04T21:11:22Z</time></trkpt><trkpt lat="44.449245982941044" lon="-64.24621215546128"><time>2026-07-04T21:11:23Z</time></trkpt><trkpt lat="44.44927499406746" lon="-64.24622880208382"><time>2026-07-04T21:11:24Z</time></trkpt><trkpt lat="44.44930372464231" lon="-64.24624342400001"><time>2026-07-04T21:11:25Z</time></trkpt><trkpt lat="44.44933155091529" lon="-64.24625507904439"><time>2026-07-04T21:11:26Z</time></trkpt><trkpt lat="44.44936122621564" lon="-64.24626533766683"><time>2026-07-04T21:11:27Z</time></trkpt><trkpt lat="44.449390286802256" lon="-64.24627876203485"><time>2026-07-04T21:11:28Z</time></trkpt><trkpt lat="44.44941829483957" lon="-64.24629579045182"><time>2026-07-04T21:11:29Z</time></trkpt><trkpt lat="44.44944670427193" lon="-64.2463119046969"><time>2026-07-04T21:11:30Z</time></trkpt><trkpt lat="44.449476711130814" lon="-64.24632647557975"><time>2026-07-04T21:11:31Z</time></trkpt><trkpt lat="44.449506286989234" lon="-64.24634330362852"><time>2026-07-04T21:11:32Z</time></trkpt><trkpt lat="44.44953595980197" lon="-64.24636110894389"><time>2026-07-04T21:11:33Z</time></trkpt><trkpt lat="44.44956728547964" lon="-64.24637358957611"><time>2026-07-04T21:11:34Z</time></trkpt><trkpt lat="44.4495975874521" lon="-64.2463848739162"><time>2026-07-04T21:11:35Z</time></trkpt><trkpt lat="44.44962541378162" lon="-64.24639988454712"><time>2026-07-04T21:11:36Z</time></trkpt><trkpt lat="44.44965818253869" lon="-64.24641456954016"><time>2026-07-04T21:11:37Z</time></trkpt><trkpt lat="44.449684348679945" lon="-64.24642890389431"><time>2026-07-04T21:11:38Z</time></trkpt><trkpt lat="44.44971354484153" lon="-64.24644637227131"><time>2026-07-04T21:11:39Z</time></trkpt><trkpt lat="44.44974253712692" lon="-64.24646494699111"><time>2026-07-04T21:11:40Z</time></trkpt><trkpt lat="44.44977130691575" lon="-64.2464802380973"><time>2026-07-04T21:11:41Z</time></trkpt><trkpt lat="44.44979964359537" lon="-64.24649533615217"><time>2026-07-04T21:11:42Z</time></trkpt><trkpt lat="44.449828633934644" lon="-64.24651698614055"><time>2026-07-04T21:11:43Z</time></trkpt><trkpt lat="44.44985512610494" lon="-64.24653536907904"><time>2026-07-04T21:11:44Z</time></trkpt><trkpt lat="44.44988529918527" lon="-64.24655130663933"><time>2026-07-04T21:11:45Z</time></trkpt><trkpt lat="44.449917009929585" lon="-64.24656399473979"><time>2026-07-04T21:11:46Z</time></trkpt><trkpt lat="44.449947105070734" lon="-64.24657300792549"><time>2026-07-04T21:11:47Z</time></trkpt><trkpt lat="44.449975917583345" lon="-64.2465809367974"><time>2026-07-04T21:11:48Z</time></trkpt><trkpt lat="44.45000604693127" lon="-64.2465915113553"><time>2026-07-04T21:11:49Z</time></trkpt><trkpt lat="44.450034944977695" lon="-64.2466023925052"><time>2026-07-04T21:11:50Z</time></trkpt><trkpt lat="44.45006439491854" lon="-64.24661138609916"><time>2026-07-04T21:11:51Z</time></trkpt><trkpt lat="44.45009069086342" lon="-64.24662096614756"><time>2026-07-04T21:11:52Z</time></trkpt><trkpt lat="44.450122995370265" lon="-64.24663420830227"><time>2026-07-04T21:11:53Z</time></trkpt><trkpt lat="44.45015145801062" lon="-64.24665037679651"><time>2026-07-04T21:11:54Z</time></trkpt><trkpt lat="44.45018146205833" lon="-64.24666435067245"><time>2026-07-04T21:11:55Z</time></trkpt><trkpt lat="44.45021267478205" lon="-64.24667396853326"><time>2026-07-04T21:11:56Z</time></trkpt><trkpt lat="44.450242060153904" lon="-64.24668107626522"><time>2026-07-04T21:11:57Z</time></trkpt><trkpt lat="44.450269464115244" lon="-64.2466858189293"><time>2026-07-04T21:11:58Z</time></trkpt><trkpt lat="44.45029586883605" lon="-64.2466913997151"><time>2026-07-04T21:11:59Z</time></trkpt><trkpt lat="44.45032273294006" lon="-64.24669827084263"><time>2026-07-04T21:12:00Z</time></trkpt><trkpt lat="44.45035150629398" lon="-64.24670880638246"><time>2026-07-04T21:12:01Z</time></trkpt><trkpt lat="44.450381221140105" lon="-64.2467207720486"><time>2026-07-04T21:12:02Z</time></trkpt><trkpt lat="44.45041209041432" lon="-64.24673260274027"><time>2026-07-04T21:12:03Z</time></trkpt><trkpt lat="44.450440933819955" lon="-64.24674165690932"><time>2026-07-04T21:12:04Z</time></trkpt><trkpt lat="44.4504684412196" lon="-64.24674705098316"><time>2026-07-04T21:12:05Z</time></trkpt><trkpt lat="44.45049699904146" lon="-64.24674981160594"><time>2026-07-04T21:12:06Z</time></trkpt><trkpt lat="44.45052632381307" lon="-64.24675523711188"><time>2026-07-04T21:12:07Z</time></trkpt><trkpt lat="44.45055581059355" lon="-64.24676414417442"><time>2026-07-04T21:12:08Z</time></trkpt><trkpt lat="44.4505862409515" lon="-64.24677751899281"><time>2026-07-04T21:12:09Z</time></trkpt><trkpt lat="44.45061636326906" lon="-64.24679037780554"><time>2026-07-04T21:12:10Z</time></trkpt><trkpt lat="44.45064985790569" lon="-64.24680100975387"><time>2026-07-04T21:12:11Z</time></trkpt><trkpt lat="44.45068024362744" lon="-64.24680955730436"><time>2026-07-04T21:12:12Z</time></trkpt><trkpt lat="44.450705603772406" lon="-64.24681026790603"><time>2026-07-04T21:12:13Z</time></trkpt><trkpt lat="44.45073548995729" lon="-64.24681483564898"><time>2026-07-04T21:12:14Z</time></trkpt><trkpt lat="44.450767925846826" lon="-64.24681989679166"><time>2026-07-04T21:12:15Z</time></trkpt><trkpt lat="44.450797430688446" lon="-64.2468262049761"><time>2026-07-04T21:12:16Z</time></trkpt><trkpt lat="44.45082329123167" lon="-64.246836510156"><time>2026-07-04T21:12:17Z</time></trkpt><trkpt lat="44.450853337133275" lon="-64.24684837702355"><time>2026-07-04T21:12:18Z</time></trkpt><trkpt lat="44.45088431720934" lon="-64.24684909936457"><time>2026-07-04T21:12:19Z</time></trkpt><trkpt lat="44.45092083585911" lon="-64.24684269537022"><time>2026-07-04T21:12:20Z</time></trkpt><trkpt lat="44.45095272514157" lon="-64.24685096583188"><time>2026-07-04T21:12:21Z</time></trkpt><trkpt lat="44.4509856732799" lon="-64.24685553040707"><time>2026-07-04T21:12:22Z</time></trkpt><trkpt lat="44.45101706796189" lon="-64.24686291886245"><time>2026-07-04T21:12:23Z</time></trkpt><trkpt lat="44.45104710623495" lon="-64.24687506300664"><time>2026-07-04T21:12:24Z</time></trkpt><trkpt lat="44.451075471607574" lon="-64.24689148783268"><time>2026-07-04T21:12:25Z</time></trkpt><trkpt lat="44.45110038019854" lon="-64.24690512843748"><time>2026-07-04T21:12:26Z</time></trkpt><trkpt lat="44.451134581010486" lon="-64.246919914649"><time>2026-07-04T21:12:27Z</time></trkpt><trkpt lat="44.451159182516136" lon="-64.24694155708303"><time>2026-07-04T21:12:28Z</time></trkpt><trkpt lat="44.45118355715403" lon="-64.24696016082639"><time>2026-07-04T21:12:29Z</time></trkpt><trkpt lat="44.45121205175802" lon="-64.24698388436359"><time>2026-07-04T21:12:30Z</time></trkpt><trkpt lat="44.45123288071443" lon="-64.24700289779997"><time>2026-07-04T21:12:31Z</time></trkpt><trkpt lat="44.45125532770098" lon="-64.24701734376725"><time>2026-07-04T21:12:32Z</time></trkpt><trkpt lat="44.45127664253621" lon="-64.2470376174832"><time>2026-07-04T21:12:33Z</time></trkpt><trkpt lat="44.45129836861071" lon="-64.24706079620088"><time>2026-07-04T21:12:34Z</time></trkpt><trkpt lat="44.451318404814025" lon="-64.24708628218056"><time>2026-07-04T21:12:35Z</time></trkpt><trkpt lat="44.45133971663711" lon="-64.24710999899355"><time>2026-07-04T21:12:36Z</time></trkpt><trkpt lat="44.45136447349789" lon="-64.2471309877336"><time>2026-07-04T21:12:37Z</time></trkpt><trkpt lat="44.45138799332907" lon="-64.24715166311941"><time>2026-07-04T21:12:38Z</time></trkpt><trkpt lat="44.451413278573774" lon="-64.2471761959137"><time>2026-07-04T21:12:39Z</time></trkpt><trkpt lat="44.45143371049987" lon="-64.2472041175911"><time>2026-07-04T21:12:40Z</time></trkpt><trkpt lat="44.451457723383974" lon="-64.24723139839976"><time>2026-07-04T21:12:41Z</time></trkpt><trkpt lat="44.45147881194046" lon="-64.24725833302354"><time>2026-07-04T21:12:42Z</time></trkpt><trkpt lat="44.4514996478759" lon="-64.24728349400253"><time>2026-07-04T21:12:43Z</time></trkpt><trkpt lat="44.45151736655379" lon="-64.24730694483988"><time>2026-07-04T21:12:44Z</time></trkpt><trkpt lat="44.45153724084394" lon="-64.24733198072227"><time>2026-07-04T21:12:45Z</time></trkpt><trkpt lat="44.45155350803765" lon="-64.2473482367358"><time>2026-07-04T21:12:46Z</time></trkpt><trkpt lat="44.45157320958647" lon="-64.24736533271552"><time>2026-07-04T21:12:47Z</time></trkpt><trkpt lat="44.45159890870618" lon="-64.247380210848"><time>2026-07-04T21:12:48Z</time></trkpt><trkpt lat="44.45162525879452" lon="-64.24739439159735"><time>2026-07-04T21:12:49Z</time></trkpt><trkpt lat="44.45164979040901" lon="-64.2474055372624"><time>2026-07-04T21:12:50Z</time></trkpt><trkpt lat="44.45167615322119" lon="-64.24741422188661"><time>2026-07-04T21:12:51Z</time></trkpt><trkpt lat="44.45170521380082" lon="-64.24742400910549"><time>2026-07-04T21:12:52Z</time></trkpt><trkpt lat="44.451732438913616" lon="-64.24744092426994"><time>2026-07-04T21:12:53Z</time></trkpt><trkpt lat="44.45175837747472" lon="-64.24746024766519"><time>2026-07-04T21:12:54Z</time></trkpt><trkpt lat="44.45178317308587" lon="-64.24748204624183"><time>2026-07-04T21:12:55Z</time></trkpt><trkpt lat="44.45180918694177" lon="-64.24750543837182"><time>2026-07-04T21:12:56Z</time></trkpt><trkpt lat="44.451833146280684" lon="-64.24752623881338"><time>2026-07-04T21:12:57Z</time></trkpt><trkpt lat="44.45185819067525" lon="-64.2475449751616"><time>2026-07-04T21:12:58Z</time></trkpt><trkpt lat="44.45188211599906" lon="-64.24756412913781"><time>2026-07-04T21:12:59Z</time></trkpt><trkpt lat="44.45190625186959" lon="-64.24758312731618"><time>2026-07-04T21:13:00Z</time></trkpt><trkpt lat="44.45193054255636" lon="-64.2476020631988"><time>2026-07-04T21:13:01Z</time></trkpt><trkpt lat="44.45195409988095" lon="-64.24762198850044"><time>2026-07-04T21:13:02Z</time></trkpt><trkpt lat="44.4519777588391" lon="-64.24764109182296"><time>2026-07-04T21:13:03Z</time></trkpt><trkpt lat="44.45200231801891" lon="-64.24765973674661"><time>2026-07-04T21:13:04Z</time></trkpt><trkpt lat="44.45202874431828" lon="-64.24767437673364"><time>2026-07-04T21:13:05Z</time></trkpt><trkpt lat="44.452053630495904" lon="-64.24768872201658"><time>2026-07-04T21:13:06Z</time></trkpt><trkpt lat="44.45208012789356" lon="-64.24770525850012"><time>2026-07-04T21:13:07Z</time></trkpt><trkpt lat="44.452103946535594" lon="-64.24772264334882"><time>2026-07-04T21:13:08Z</time></trkpt><trkpt lat="44.452128531758326" lon="-64.2477438003841"><time>2026-07-04T21:13:09Z</time></trkpt><trkpt lat="44.45214982587565" lon="-64.24775795160032"><time>2026-07-04T21:13:10Z</time></trkpt><trkpt lat="44.45217524797715" lon="-64.24777026451753"><time>2026-07-04T21:13:11Z</time></trkpt><trkpt lat="44.45219597329993" lon="-64.24778897123883"><time>2026-07-04T21:13:12Z</time></trkpt><trkpt lat="44.452223665622775" lon="-64.24779601283507"><time>2026-07-04T21:13:13Z</time></trkpt><trkpt lat="44.45225842756439" lon="-64.24780649445749"><time>2026-07-04T21:13:14Z</time></trkpt><trkpt lat="44.45228292711749" lon="-64.2478303009173"><time>2026-07-04T21:13:15Z</time></trkpt><trkpt lat="44.45229914430191" lon="-64.2478553636602"><time>2026-07-04T21:13:16Z</time></trkpt><trkpt lat="44.45231848329206" lon="-64.24787642550287"><time>2026-07-04T21:13:17Z</time></trkpt><trkpt lat="44.45233928872416" lon="-64.24789970395904"><time>2026-07-04T21:13:18Z</time></trkpt><trkpt lat="44.452361806784786" lon="-64.24791941090763"><time>2026-07-04T21:13:19Z</time></trkpt><trkpt lat="44.45238294392175" lon="-64.24794042373702"><time>2026-07-04T21:13:20Z</time></trkpt><trkpt lat="44.452403296269615" lon="-64.24796067811263"><time>2026-07-04T21:13:21Z</time></trkpt><trkpt lat="44.452425154648296" lon="-64.24797988611473"><time>2026-07-04T21:13:22Z</time></trkpt><trkpt lat="44.45244714636725" lon="-64.24799902110273"><time>2026-07-04T21:13:23Z</time></trkpt><trkpt lat="44.45246825048778" lon="-64.2480199331123"><time>2026-07-04T21:13:24Z</time></trkpt><trkpt lat="44.45248901389968" lon="-64.24804197270652"><time>2026-07-04T21:13:25Z</time></trkpt><trkpt lat="44.45250937820049" lon="-64.2480648288822"><time>2026-07-04T21:13:26Z</time></trkpt><trkpt lat="44.452527230296944" lon="-64.24808481148119"><time>2026-07-04T21:13:27Z</time></trkpt><trkpt lat="44.45254485609446" lon="-64.24810371914128"><time>2026-07-04T21:13:28Z</time></trkpt><trkpt lat="44.45256303559989" lon="-64.24812192086699"><time>2026-07-04T21:13:29Z</time></trkpt><trkpt lat="44.45258050364443" lon="-64.24813981993256"><time>2026-07-04T21:13:30Z</time></trkpt><trkpt lat="44.45259793958423" lon="-64.24815916696645"><time>2026-07-04T21:13:31Z</time></trkpt><trkpt lat="44.45261685277845" lon="-64.24817952995006"><time>2026-07-04T21:13:32Z</time></trkpt><trkpt lat="44.45263221614187" lon="-64.2481975525634"><time>2026-07-04T21:13:33Z</time></trkpt><trkpt lat="44.45265077569104" lon="-64.24821293902687"><time>2026-07-04T21:13:34Z</time></trkpt><trkpt lat="44.45266868717257" lon="-64.24822875278264"><time>2026-07-04T21:13:35Z</time></trkpt><trkpt lat="44.45268614163646" lon="-64.24824588605713"><time>2026-07-04T21:13:36Z</time></trkpt><trkpt lat="44.45270231203869" lon="-64.2482649729036"><time>2026-07-04T21:13:37Z</time></trkpt><trkpt lat="44.45271995908266" lon="-64.24828411329045"><time>2026-07-04T21:13:38Z</time></trkpt><trkpt lat="44.452736356714865" lon="-64.24830057687547"><time>2026-07-04T21:13:39Z</time></trkpt><trkpt lat="44.45275305645941" lon="-64.24831776081493"><time>2026-07-04T21:13:40Z</time></trkpt><trkpt lat="44.452768199001966" lon="-64.24833529139754"><time>2026-07-04T21:13:41Z</time></trkpt><trkpt lat="44.45278250421387" lon="-64.24835279556595"><time>2026-07-04T21:13:42Z</time></trkpt><trkpt lat="44.45279724893806" lon="-64.24836963751166"><time>2026-07-04T21:13:43Z</time></trkpt><trkpt lat="44.45281282033201" lon="-64.24838480681306"><time>2026-07-04T21:13:44Z</time></trkpt><trkpt lat="44.45284191226015" lon="-64.24841094746415"><time>2026-07-04T21:13:46Z</time></trkpt><trkpt lat="44.452859553586975" lon="-64.24842152176379"><time>2026-07-04T21:13:47Z</time></trkpt><trkpt lat="44.452879683739525" lon="-64.24843332650545"><time>2026-07-04T21:13:48Z</time></trkpt><trkpt lat="44.45290478528761" lon="-64.24844474575127"><time>2026-07-04T21:13:49Z</time></trkpt><trkpt lat="44.452928670192726" lon="-64.24845946272431"><time>2026-07-04T21:13:50Z</time></trkpt><trkpt lat="44.452949648315425" lon="-64.24847766572503"><time>2026-07-04T21:13:51Z</time></trkpt><trkpt lat="44.45297378731505" lon="-64.24849240647613"><time>2026-07-04T21:13:52Z</time></trkpt><trkpt lat="44.45299788214338" lon="-64.24850517941937"><time>2026-07-04T21:13:53Z</time></trkpt><trkpt lat="44.45302175666589" lon="-64.24851520332281"><time>2026-07-04T21:13:54Z</time></trkpt><trkpt lat="44.453045270245354" lon="-64.24852831678628"><time>2026-07-04T21:13:55Z</time></trkpt><trkpt lat="44.45306910011435" lon="-64.2485411051054"><time>2026-07-04T21:13:56Z</time></trkpt><trkpt lat="44.453093913869125" lon="-64.24855582118232"><time>2026-07-04T21:13:57Z</time></trkpt><trkpt lat="44.453121429829544" lon="-64.2485685403558"><time>2026-07-04T21:13:58Z</time></trkpt><trkpt lat="44.45314910658604" lon="-64.24858225235353"><time>2026-07-04T21:13:59Z</time></trkpt><trkpt lat="44.45317636002584" lon="-64.248597092143"><time>2026-07-04T21:14:00Z</time></trkpt><trkpt lat="44.45320151869276" lon="-64.24861251036617"><time>2026-07-04T21:14:01Z</time></trkpt><trkpt lat="44.453237924918184" lon="-64.24863890793104"><time>2026-07-04T21:14:02Z</time></trkpt><trkpt lat="44.453284402964556" lon="-64.24866371657028"><time>2026-07-04T21:14:03Z</time></trkpt><trkpt lat="44.45330687031479" lon="-64.24868683462851"><time>2026-07-04T21:14:05Z</time></trkpt><trkpt lat="44.453332012562996" lon="-64.24869527216552"><time>2026-07-04T21:14:06Z</time></trkpt><trkpt lat="44.45335738690101" lon="-64.24870438637281"><time>2026-07-04T21:14:07Z</time></trkpt><trkpt lat="44.453385260793944" lon="-64.24872059219015"><time>2026-07-04T21:14:08Z</time></trkpt><trkpt lat="44.453410540434824" lon="-64.24873103612912"><time>2026-07-04T21:14:09Z</time></trkpt><trkpt lat="44.45343528749885" lon="-64.2487464129999"><time>2026-07-04T21:14:10Z</time></trkpt><trkpt lat="44.453458630294335" lon="-64.24876077517825"><time>2026-07-04T21:14:11Z</time></trkpt><trkpt lat="44.45348197279184" lon="-64.24877152053999"><time>2026-07-04T21:14:12Z</time></trkpt><trkpt lat="44.45350744705272" lon="-64.24878702735423"><time>2026-07-04T21:14:13Z</time></trkpt><trkpt lat="44.453534875014455" lon="-64.24879783210953"><time>2026-07-04T21:14:14Z</time></trkpt><trkpt lat="44.453583204661555" lon="-64.2488284406981"><time>2026-07-04T21:14:16Z</time></trkpt><trkpt lat="44.45361211478505" lon="-64.24884039822213"><time>2026-07-04T21:14:17Z</time></trkpt><trkpt lat="44.453637304218454" lon="-64.24885416680972"><time>2026-07-04T21:14:18Z</time></trkpt><trkpt lat="44.45366405930386" lon="-64.24886705587554"><time>2026-07-04T21:14:19Z</time></trkpt><trkpt lat="44.45369168160216" lon="-64.24887692883817"><time>2026-07-04T21:14:20Z</time></trkpt><trkpt lat="44.45371828093881" lon="-64.24889085171698"><time>2026-07-04T21:14:21Z</time></trkpt><trkpt lat="44.453745344131306" lon="-64.24890585839209"><time>2026-07-04T21:14:22Z</time></trkpt><trkpt lat="44.45377123661905" lon="-64.24891819123704"><time>2026-07-04T21:14:23Z</time></trkpt><trkpt lat="44.45379783120227" lon="-64.2489329578203"><time>2026-07-04T21:14:24Z</time></trkpt><trkpt lat="44.45382186330302" lon="-64.24894703238613"><time>2026-07-04T21:14:25Z</time></trkpt><trkpt lat="44.453846309723964" lon="-64.24895952366148"><time>2026-07-04T21:14:26Z</time></trkpt><trkpt lat="44.45387056318677" lon="-64.24897126656879"><time>2026-07-04T21:14:27Z</time></trkpt><trkpt lat="44.453895977522556" lon="-64.24898341155013"><time>2026-07-04T21:14:28Z</time></trkpt><trkpt lat="44.453921723340606" lon="-64.2489955441208"><time>2026-07-04T21:14:29Z</time></trkpt><trkpt lat="44.453947820838394" lon="-64.2490085488924"><time>2026-07-04T21:14:30Z</time></trkpt><trkpt lat="44.45397522577123" lon="-64.2490207484956"><time>2026-07-04T21:14:31Z</time></trkpt><trkpt lat="44.45400045776312" lon="-64.24903234820796"><time>2026-07-04T21:14:32Z</time></trkpt><trkpt lat="44.45402545270169" lon="-64.24904660631053"><time>2026-07-04T21:14:33Z</time></trkpt><trkpt lat="44.45404956998592" lon="-64.24905799463575"><time>2026-07-04T21:14:34Z</time></trkpt><trkpt lat="44.45407438662613" lon="-64.24906902346927"><time>2026-07-04T21:14:35Z</time></trkpt><trkpt lat="44.45409801404419" lon="-64.24908116943858"><time>2026-07-04T21:14:36Z</time></trkpt><trkpt lat="44.45412180473224" lon="-64.24909166067486"><time>2026-07-04T21:14:37Z</time></trkpt><trkpt lat="44.45414783652385" lon="-64.24910116131896"><time>2026-07-04T21:14:38Z</time></trkpt><trkpt lat="44.45417328102269" lon="-64.24911155417053"><time>2026-07-04T21:14:39Z</time></trkpt><trkpt lat="44.45419812572708" lon="-64.24912254790097"><time>2026-07-04T21:14:40Z</time></trkpt><trkpt lat="44.45422311499023" lon="-64.24913161871821"><time>2026-07-04T21:14:41Z</time></trkpt><trkpt lat="44.45424849594244" lon="-64.24914306378436"><time>2026-07-04T21:14:42Z</time></trkpt><trkpt lat="44.45427509040682" lon="-64.2491527131355"><time>2026-07-04T21:14:43Z</time></trkpt><trkpt lat="44.45430059515797" lon="-64.24916351155508"><time>2026-07-04T21:14:44Z</time></trkpt><trkpt lat="44.45432488133229" lon="-64.24917409113684"><time>2026-07-04T21:14:45Z</time></trkpt><trkpt lat="44.45434966300665" lon="-64.24918413922661"><time>2026-07-04T21:14:46Z</time></trkpt><trkpt lat="44.45437450164526" lon="-64.2491944970708"><time>2026-07-04T21:14:47Z</time></trkpt><trkpt lat="44.45439864877659" lon="-64.2492046232823"><time>2026-07-04T21:14:48Z</time></trkpt><trkpt lat="44.454425361656696" lon="-64.24921460131351"><time>2026-07-04T21:14:49Z</time></trkpt><trkpt lat="44.454452952712046" lon="-64.24922603852734"><time>2026-07-04T21:14:50Z</time></trkpt><trkpt lat="44.45447756103432" lon="-64.24923890843277"><time>2026-07-04T21:14:51Z</time></trkpt><trkpt lat="44.45450444796614" lon="-64.2492532159677"><time>2026-07-04T21:14:52Z</time></trkpt><trkpt lat="44.45453006921915" lon="-64.24926513228714"><time>2026-07-04T21:14:53Z</time></trkpt><trkpt lat="44.454557941475684" lon="-64.24927446439908"><time>2026-07-04T21:14:54Z</time></trkpt><trkpt lat="44.454585583308685" lon="-64.24928439041777"><time>2026-07-04T21:14:55Z</time></trkpt><trkpt lat="44.454611961772216" lon="-64.24929524210528"><time>2026-07-04T21:14:56Z</time></trkpt><trkpt lat="44.454639148882436" lon="-64.24930706919669"><time>2026-07-04T21:14:57Z</time></trkpt><trkpt lat="44.45466739250193" lon="-64.24931581120322"><time>2026-07-04T21:14:58Z</time></trkpt><trkpt lat="44.454694110750175" lon="-64.24932582345221"><time>2026-07-04T21:14:59Z</time></trkpt><trkpt lat="44.45471918496373" lon="-64.24933680802218"><time>2026-07-04T21:15:00Z</time></trkpt><trkpt lat="44.45474380623881" lon="-64.2493485522021"><time>2026-07-04T21:15:01Z</time></trkpt><trkpt lat="44.45476859693357" lon="-64.24935850314598"><time>2026-07-04T21:15:02Z</time></trkpt><trkpt lat="44.454794930596165" lon="-64.24936740048734"><time>2026-07-04T21:15:03Z</time></trkpt><trkpt lat="44.454821555338675" lon="-64.24937772927642"><time>2026-07-04T21:15:04Z</time></trkpt><trkpt lat="44.45484707945348" lon="-64.24938981862071"><time>2026-07-04T21:15:05Z</time></trkpt><trkpt lat="44.454872438294906" lon="-64.24939933105979"><time>2026-07-04T21:15:06Z</time></trkpt><trkpt lat="44.45489685203893" lon="-64.24940719528243"><time>2026-07-04T21:15:07Z</time></trkpt><trkpt lat="44.45492197540504" lon="-64.24941515904926"><time>2026-07-04T21:15:08Z</time></trkpt><trkpt lat="44.45494430212177" lon="-64.24942550252094"><time>2026-07-04T21:15:09Z</time></trkpt><trkpt lat="44.454966531527646" lon="-64.24943557960665"><time>2026-07-04T21:15:10Z</time></trkpt><trkpt lat="44.45499319410433" lon="-64.24944417934837"><time>2026-07-04T21:15:11Z</time></trkpt><trkpt lat="44.455017080716665" lon="-64.24945351290235"><time>2026-07-04T21:15:12Z</time></trkpt><trkpt lat="44.45504229426915" lon="-64.24946847258875"><time>2026-07-04T21:15:13Z</time></trkpt><trkpt lat="44.45506964789673" lon="-64.2494778208299"><time>2026-07-04T21:15:14Z</time></trkpt><trkpt lat="44.455095108219176" lon="-64.24948885483909"><time>2026-07-04T21:15:15Z</time></trkpt><trkpt lat="44.45511727136443" lon="-64.24949971366"><time>2026-07-04T21:15:16Z</time></trkpt><trkpt lat="44.45513959154737" lon="-64.24951467499528"><time>2026-07-04T21:15:17Z</time></trkpt><trkpt lat="44.45516088052525" lon="-64.24952227629362"><time>2026-07-04T21:15:18Z</time></trkpt><trkpt lat="44.455187102402995" lon="-64.24953334627583"><time>2026-07-04T21:15:19Z</time></trkpt><trkpt lat="44.455211900485786" lon="-64.24954294290566"><time>2026-07-04T21:15:20Z</time></trkpt><trkpt lat="44.455238966981334" lon="-64.24955756374094"><time>2026-07-04T21:15:21Z</time></trkpt><trkpt lat="44.45526233267446" lon="-64.249572421311"><time>2026-07-04T21:15:22Z</time></trkpt><trkpt lat="44.4552899001787" lon="-64.24958663321884"><time>2026-07-04T21:15:23Z</time></trkpt><trkpt lat="44.45531523415195" lon="-64.24959727433254"><time>2026-07-04T21:15:24Z</time></trkpt><trkpt lat="44.45533995343983" lon="-64.24960757130117"><time>2026-07-04T21:15:25Z</time></trkpt><trkpt lat="44.45536565836445" lon="-64.24961844403785"><time>2026-07-04T21:15:26Z</time></trkpt><trkpt lat="44.45539040514586" lon="-64.24963165678979"><time>2026-07-04T21:15:27Z</time></trkpt><trkpt lat="44.455415618893745" lon="-64.24964467410057"><time>2026-07-04T21:15:28Z</time></trkpt><trkpt lat="44.455442506950874" lon="-64.24965628828745"><time>2026-07-04T21:15:29Z</time></trkpt><trkpt lat="44.45547052665791" lon="-64.24966629095351"><time>2026-07-04T21:15:30Z</time></trkpt><trkpt lat="44.45549737525954" lon="-64.24967766558383"><time>2026-07-04T21:15:31Z</time></trkpt><trkpt lat="44.45552308412027" lon="-64.24968912034144"><time>2026-07-04T21:15:32Z</time></trkpt><trkpt lat="44.45554832740165" lon="-64.2497000834984"><time>2026-07-04T21:15:33Z</time></trkpt><trkpt lat="44.45557229102704" lon="-64.2497118880616"><time>2026-07-04T21:15:34Z</time></trkpt><trkpt lat="44.45559763794115" lon="-64.24972209325409"><time>2026-07-04T21:15:35Z</time></trkpt><trkpt lat="44.45562415395023" lon="-64.24973344667062"><time>2026-07-04T21:15:36Z</time></trkpt><trkpt lat="44.455650548931175" lon="-64.24974474106767"><time>2026-07-04T21:15:37Z</time></trkpt><trkpt lat="44.455676961044" lon="-64.24975660086797"><time>2026-07-04T21:15:38Z</time></trkpt><trkpt lat="44.45570258446283" lon="-64.24977007579572"><time>2026-07-04T21:15:39Z</time></trkpt><trkpt lat="44.45572767826238" lon="-64.24978118055186"><time>2026-07-04T21:15:40Z</time></trkpt><trkpt lat="44.455753054501486" lon="-64.2497905381889"><time>2026-07-04T21:15:41Z</time></trkpt><trkpt lat="44.45577805794563" lon="-64.24980053382576"><time>2026-07-04T21:15:42Z</time></trkpt><trkpt lat="44.45581057747112" lon="-64.24980556428724"><time>2026-07-04T21:15:43Z</time></trkpt><trkpt lat="44.45583414929604" lon="-64.24981547909466"><time>2026-07-04T21:15:44Z</time></trkpt><trkpt lat="44.455858520589466" lon="-64.24982645673855"><time>2026-07-04T21:15:45Z</time></trkpt><trkpt lat="44.45588297333567" lon="-64.2498392577663"><time>2026-07-04T21:15:46Z</time></trkpt><trkpt lat="44.45590815477547" lon="-64.24984935779916"><time>2026-07-04T21:15:47Z</time></trkpt><trkpt lat="44.45593317315703" lon="-64.24985975780349"><time>2026-07-04T21:15:48Z</time></trkpt><trkpt lat="44.455957896292865" lon="-64.24986841083911"><time>2026-07-04T21:15:49Z</time></trkpt><trkpt lat="44.455982985271525" lon="-64.24987481702978"><time>2026-07-04T21:15:50Z</time></trkpt><trkpt lat="44.4560082419775" lon="-64.24988268851662"><time>2026-07-04T21:15:51Z</time></trkpt><trkpt lat="44.456032210178925" lon="-64.24989301004894"><time>2026-07-04T21:15:52Z</time></trkpt><trkpt lat="44.45605692428745" lon="-64.24990486123573"><time>2026-07-04T21:15:53Z</time></trkpt><trkpt lat="44.45607798321181" lon="-64.24991220222093"><time>2026-07-04T21:15:54Z</time></trkpt><trkpt lat="44.45610593653492" lon="-64.24992343044799"><time>2026-07-04T21:15:55Z</time></trkpt><trkpt lat="44.45612923541629" lon="-64.24993636749568"><time>2026-07-04T21:15:56Z</time></trkpt><trkpt lat="44.45615465563856" lon="-64.24994742449321"><time>2026-07-04T21:15:57Z</time></trkpt><trkpt lat="44.456177642415064" lon="-64.24995637244018"><time>2026-07-04T21:15:58Z</time></trkpt><trkpt lat="44.45619826686674" lon="-64.24996653711148"><time>2026-07-04T21:15:59Z</time></trkpt><trkpt lat="44.456230754226304" lon="-64.24997404221544"><time>2026-07-04T21:16:00Z</time></trkpt><trkpt lat="44.456253165616076" lon="-64.24998778358264"><time>2026-07-04T21:16:01Z</time></trkpt><trkpt lat="44.45627817308484" lon="-64.25000061319336"><time>2026-07-04T21:16:02Z</time></trkpt><trkpt lat="44.45630172251398" lon="-64.25001203806745"><time>2026-07-04T21:16:03Z</time></trkpt><trkpt lat="44.45633556830057" lon="-64.25003224258283"><time>2026-07-04T21:16:04Z</time></trkpt><trkpt lat="44.45635558922258" lon="-64.25003634941757"><time>2026-07-04T21:16:05Z</time></trkpt><trkpt lat="44.45637816296356" lon="-64.25004491821068"><time>2026-07-04T21:16:06Z</time></trkpt><trkpt lat="44.45640502828502" lon="-64.25005524149833"><time>2026-07-04T21:16:07Z</time></trkpt><trkpt lat="44.45643037819978" lon="-64.25006761936731"><time>2026-07-04T21:16:08Z</time></trkpt><trkpt lat="44.45645496292825" lon="-64.2500786861839"><time>2026-07-04T21:16:09Z</time></trkpt><trkpt lat="44.45647749798205" lon="-64.25008832322304"><time>2026-07-04T21:16:10Z</time></trkpt><trkpt lat="44.45650142140189" lon="-64.25009789930454"><time>2026-07-04T21:16:11Z</time></trkpt><trkpt lat="44.45652585477596" lon="-64.25010306714945"><time>2026-07-04T21:16:12Z</time></trkpt><trkpt lat="44.45655168566433" lon="-64.25011129789166"><time>2026-07-04T21:16:13Z</time></trkpt><trkpt lat="44.4565759155663" lon="-64.25011825921491"><time>2026-07-04T21:16:14Z</time></trkpt><trkpt lat="44.45659938281346" lon="-64.25012979919552"><time>2026-07-04T21:16:15Z</time></trkpt><trkpt lat="44.4566225463045" lon="-64.25013852167785"><time>2026-07-04T21:16:16Z</time></trkpt><trkpt lat="44.45664651352781" lon="-64.2501502712249"><time>2026-07-04T21:16:17Z</time></trkpt><trkpt lat="44.45667070010491" lon="-64.25015798874232"><time>2026-07-04T21:16:18Z</time></trkpt><trkpt lat="44.45669449180402" lon="-64.25016642579646"><time>2026-07-04T21:16:19Z</time></trkpt><trkpt lat="44.45671734580514" lon="-64.25017400794245"><time>2026-07-04T21:16:20Z</time></trkpt><trkpt lat="44.45674020600538" lon="-64.25018278854178"><time>2026-07-04T21:16:21Z</time></trkpt><trkpt lat="44.45676527351074" lon="-64.25018993167454"><time>2026-07-04T21:16:22Z</time></trkpt><trkpt lat="44.456791281728535" lon="-64.25019647225749"><time>2026-07-04T21:16:23Z</time></trkpt><trkpt lat="44.45681490062663" lon="-64.25020721635497"><time>2026-07-04T21:16:24Z</time></trkpt><trkpt lat="44.456837163303035" lon="-64.2502147747441"><time>2026-07-04T21:16:25Z</time></trkpt><trkpt lat="44.45685946605023" lon="-64.25022322795556"><time>2026-07-04T21:16:26Z</time></trkpt><trkpt lat="44.45688088211478" lon="-64.25022888110982"><time>2026-07-04T21:16:27Z</time></trkpt><trkpt lat="44.456904760803255" lon="-64.25023551479147"><time>2026-07-04T21:16:28Z</time></trkpt><trkpt lat="44.45692654820483" lon="-64.25024485919175"><time>2026-07-04T21:16:29Z</time></trkpt><trkpt lat="44.45694840136159" lon="-64.2502550503918"><time>2026-07-04T21:16:30Z</time></trkpt><trkpt lat="44.456969108737546" lon="-64.25026745697855"><time>2026-07-04T21:16:31Z</time></trkpt><trkpt lat="44.45699053052542" lon="-64.25027712214175"><time>2026-07-04T21:16:32Z</time></trkpt><trkpt lat="44.45701692733404" lon="-64.25028472621455"><time>2026-07-04T21:16:33Z</time></trkpt><trkpt lat="44.45703477511018" lon="-64.2502926197986"><time>2026-07-04T21:16:34Z</time></trkpt><trkpt lat="44.45705547053755" lon="-64.25030031903177"><time>2026-07-04T21:16:35Z</time></trkpt><trkpt lat="44.45707655382845" lon="-64.25030932206963"><time>2026-07-04T21:16:36Z</time></trkpt><trkpt lat="44.45709541743684" lon="-64.25032656323803"><time>2026-07-04T21:16:37Z</time></trkpt><trkpt lat="44.45711898535102" lon="-64.25034023723961"><time>2026-07-04T21:16:38Z</time></trkpt><trkpt lat="44.45714513653181" lon="-64.25035560799364"><time>2026-07-04T21:16:39Z</time></trkpt><trkpt lat="44.4571687190607" lon="-64.25037312813532"><time>2026-07-04T21:16:40Z</time></trkpt><trkpt lat="44.45718659320629" lon="-64.25038181827675"><time>2026-07-04T21:16:41Z</time></trkpt><trkpt lat="44.45720701883913" lon="-64.2504008483014"><time>2026-07-04T21:16:42Z</time></trkpt><trkpt lat="44.457230356793524" lon="-64.25041321280831"><time>2026-07-04T21:16:43Z</time></trkpt><trkpt lat="44.457250822976896" lon="-64.25042181351039"><time>2026-07-04T21:16:44Z</time></trkpt><trkpt lat="44.457274880319495" lon="-64.25043068179521"><time>2026-07-04T21:16:45Z</time></trkpt><trkpt lat="44.457297522661996" lon="-64.25043761346087"><time>2026-07-04T21:16:46Z</time></trkpt><trkpt lat="44.457320076044034" lon="-64.25044831473927"><time>2026-07-04T21:16:47Z</time></trkpt><trkpt lat="44.457343354232655" lon="-64.25046102548038"><time>2026-07-04T21:16:48Z</time></trkpt><trkpt lat="44.45736668236926" lon="-64.25047407373663"><time>2026-07-04T21:16:49Z</time></trkpt><trkpt lat="44.457390179854094" lon="-64.25048756598035"><time>2026-07-04T21:16:50Z</time></trkpt><trkpt lat="44.457413750348806" lon="-64.2505000332724"><time>2026-07-04T21:16:51Z</time></trkpt><trkpt lat="44.45743584759685" lon="-64.25051518716275"><time>2026-07-04T21:16:52Z</time></trkpt><trkpt lat="44.457456881540104" lon="-64.25053080402014"><time>2026-07-04T21:16:53Z</time></trkpt><trkpt lat="44.45747751429277" lon="-64.250546001562"><time>2026-07-04T21:16:54Z</time></trkpt><trkpt lat="44.457498258485494" lon="-64.25055850803477"><time>2026-07-04T21:16:55Z</time></trkpt><trkpt lat="44.45752134464824" lon="-64.25056986981801"><time>2026-07-04T21:16:56Z</time></trkpt><trkpt lat="44.457546561104394" lon="-64.25058028753428"><time>2026-07-04T21:16:57Z</time></trkpt><trkpt lat="44.457567210019825" lon="-64.25057714713009"><time>2026-07-04T21:16:58Z</time></trkpt><trkpt lat="44.457592671805486" lon="-64.25060130736851"><time>2026-07-04T21:16:59Z</time></trkpt><trkpt lat="44.45761652023357" lon="-64.25061319193065"><time>2026-07-04T21:17:00Z</time></trkpt><trkpt lat="44.45765157246971" lon="-64.25061865409116"><time>2026-07-04T21:17:01Z</time></trkpt><trkpt lat="44.45768701455408" lon="-64.25062688667434"><time>2026-07-04T21:17:02Z</time></trkpt><trkpt lat="44.45769399143854" lon="-64.25065021858067"><time>2026-07-04T21:17:03Z</time></trkpt><trkpt lat="44.45771529074965" lon="-64.25066839961107"><time>2026-07-04T21:17:04Z</time></trkpt><trkpt lat="44.45773769661636" lon="-64.25068579773513"><time>2026-07-04T21:17:05Z</time></trkpt><trkpt lat="44.45776222838086" lon="-64.25069984484789"><time>2026-07-04T21:17:06Z</time></trkpt><trkpt lat="44.45778472144395" lon="-64.25071372758175"><time>2026-07-04T21:17:07Z</time></trkpt><trkpt lat="44.45780902491397" lon="-64.25072681015868"><time>2026-07-04T21:17:08Z</time></trkpt><trkpt lat="44.45783086391947" lon="-64.25074285704216"><time>2026-07-04T21:17:09Z</time></trkpt><trkpt lat="44.45785299458788" lon="-64.25075982880965"><time>2026-07-04T21:17:10Z</time></trkpt><trkpt lat="44.45787385657554" lon="-64.25077744579491"><time>2026-07-04T21:17:11Z</time></trkpt><trkpt lat="44.45789366285536" lon="-64.25079339519621"><time>2026-07-04T21:17:12Z</time></trkpt><trkpt lat="44.45791141042673" lon="-64.25080082456614"><time>2026-07-04T21:17:13Z</time></trkpt><trkpt lat="44.45793400426412" lon="-64.25081991621579"><time>2026-07-04T21:17:14Z</time></trkpt><trkpt lat="44.45795119438889" lon="-64.25083057838735"><time>2026-07-04T21:17:15Z</time></trkpt><trkpt lat="44.45797492879794" lon="-64.25084606475313"><time>2026-07-04T21:17:16Z</time></trkpt><trkpt lat="44.45799580606698" lon="-64.25086209189588"><time>2026-07-04T21:17:17Z</time></trkpt><trkpt lat="44.45802006506333" lon="-64.25088869257185"><time>2026-07-04T21:17:18Z</time></trkpt><trkpt lat="44.45805722765862" lon="-64.25092091334771"><time>2026-07-04T21:17:20Z</time></trkpt><trkpt lat="44.458077249285644" lon="-64.25093696088636"><time>2026-07-04T21:17:21Z</time></trkpt><trkpt lat="44.458097810871315" lon="-64.25095248752801"><time>2026-07-04T21:17:22Z</time></trkpt><trkpt lat="44.45811837023441" lon="-64.25096548750847"><time>2026-07-04T21:17:23Z</time></trkpt><trkpt lat="44.45813921341548" lon="-64.25097916872903"><time>2026-07-04T21:17:24Z</time></trkpt><trkpt lat="44.45816040996322" lon="-64.25099495159473"><time>2026-07-04T21:17:25Z</time></trkpt><trkpt lat="44.458182636098364" lon="-64.25101210220345"><time>2026-07-04T21:17:26Z</time></trkpt><trkpt lat="44.45820613406397" lon="-64.25102835778023"><time>2026-07-04T21:17:27Z</time></trkpt><trkpt lat="44.45822629839006" lon="-64.25104509069449"><time>2026-07-04T21:17:28Z</time></trkpt><trkpt lat="44.45824605607558" lon="-64.2510657480286"><time>2026-07-04T21:17:29Z</time></trkpt><trkpt lat="44.458265686949446" lon="-64.2510832309319"><time>2026-07-04T21:17:30Z</time></trkpt><trkpt lat="44.458286570515384" lon="-64.2510994022273"><time>2026-07-04T21:17:31Z</time></trkpt><trkpt lat="44.45830824836425" lon="-64.25111431297094"><time>2026-07-04T21:17:32Z</time></trkpt><trkpt lat="44.45833322466618" lon="-64.25112847746686"><time>2026-07-04T21:17:33Z</time></trkpt><trkpt lat="44.458354270889856" lon="-64.2511369386224"><time>2026-07-04T21:17:34Z</time></trkpt><trkpt lat="44.45837759529761" lon="-64.25116331970477"><time>2026-07-04T21:17:35Z</time></trkpt><trkpt lat="44.45839900881232" lon="-64.25118186141809"><time>2026-07-04T21:17:36Z</time></trkpt><trkpt lat="44.458419787394575" lon="-64.25119755885952"><time>2026-07-04T21:17:37Z</time></trkpt><trkpt lat="44.45844169633698" lon="-64.25121272971498"><time>2026-07-04T21:17:38Z</time></trkpt><trkpt lat="44.45846593547461" lon="-64.25122476754999"><time>2026-07-04T21:17:39Z</time></trkpt><trkpt lat="44.45849001938234" lon="-64.25123833443295"><time>2026-07-04T21:17:40Z</time></trkpt><trkpt lat="44.45851007929477" lon="-64.251255310725"><time>2026-07-04T21:17:41Z</time></trkpt><trkpt lat="44.4585313173557" lon="-64.25127370325923"><time>2026-07-04T21:17:42Z</time></trkpt><trkpt lat="44.458550888987254" lon="-64.25129324696398"><time>2026-07-04T21:17:43Z</time></trkpt><trkpt lat="44.458571942673714" lon="-64.25131159830873"><time>2026-07-04T21:17:44Z</time></trkpt><trkpt lat="44.45859191485644" lon="-64.25132893524807"><time>2026-07-04T21:17:45Z</time></trkpt><trkpt lat="44.45861338429478" lon="-64.2513442224903"><time>2026-07-04T21:17:46Z</time></trkpt><trkpt lat="44.45863565178271" lon="-64.2513588910888"><time>2026-07-04T21:17:47Z</time></trkpt><trkpt lat="44.458660907763274" lon="-64.25137095624831"><time>2026-07-04T21:17:48Z</time></trkpt><trkpt lat="44.45868343069498" lon="-64.2513847768962"><time>2026-07-04T21:17:49Z</time></trkpt><trkpt lat="44.458724116065405" lon="-64.25141286712885"><time>2026-07-04T21:17:51Z</time></trkpt><trkpt lat="44.45874151811245" lon="-64.25142705239723"><time>2026-07-04T21:17:52Z</time></trkpt><trkpt lat="44.45876122178508" lon="-64.25144303105472"><time>2026-07-04T21:17:53Z</time></trkpt><trkpt lat="44.458784206386895" lon="-64.25145617435176"><time>2026-07-04T21:17:54Z</time></trkpt><trkpt lat="44.4588049403887" lon="-64.25147335508939"><time>2026-07-04T21:17:55Z</time></trkpt><trkpt lat="44.45882963130753" lon="-64.25148531445893"><time>2026-07-04T21:17:56Z</time></trkpt><trkpt lat="44.45885384593578" lon="-64.2514956071814"><time>2026-07-04T21:17:57Z</time></trkpt><trkpt lat="44.45887967014855" lon="-64.2515136500985"><time>2026-07-04T21:17:58Z</time></trkpt><trkpt lat="44.45890441368591" lon="-64.25153175376091"><time>2026-07-04T21:17:59Z</time></trkpt><trkpt lat="44.45892755048712" lon="-64.25154266570897"><time>2026-07-04T21:18:00Z</time></trkpt><trkpt lat="44.45895128905049" lon="-64.25155514512083"><time>2026-07-04T21:18:01Z</time></trkpt><trkpt lat="44.4589753305453" lon="-64.25156744550824"><time>2026-07-04T21:18:02Z</time></trkpt><trkpt lat="44.45900046246781" lon="-64.25158256781513"><time>2026-07-04T21:18:03Z</time></trkpt><trkpt lat="44.45902482706476" lon="-64.25159547839128"><time>2026-07-04T21:18:04Z</time></trkpt><trkpt lat="44.459047185531496" lon="-64.25161307512546"><time>2026-07-04T21:18:05Z</time></trkpt><trkpt lat="44.45907224979051" lon="-64.25162547858582"><time>2026-07-04T21:18:06Z</time></trkpt><trkpt lat="44.459093704069296" lon="-64.25163757564754"><time>2026-07-04T21:18:07Z</time></trkpt><trkpt lat="44.45912207071305" lon="-64.25165029596964"><time>2026-07-04T21:18:08Z</time></trkpt><trkpt lat="44.45914790988868" lon="-64.25166025830613"><time>2026-07-04T21:18:09Z</time></trkpt><trkpt lat="44.45917615802887" lon="-64.25166989459512"><time>2026-07-04T21:18:10Z</time></trkpt><trkpt lat="44.45920527637399" lon="-64.25167820461883"><time>2026-07-04T21:18:11Z</time></trkpt><trkpt lat="44.459234090192204" lon="-64.2516859264423"><time>2026-07-04T21:18:12Z</time></trkpt><trkpt lat="44.459262145869445" lon="-64.25169729709425"><time>2026-07-04T21:18:13Z</time></trkpt><trkpt lat="44.459290365732265" lon="-64.25170972507533"><time>2026-07-04T21:18:14Z</time></trkpt><trkpt lat="44.45931713119901" lon="-64.25172410837595"><time>2026-07-04T21:18:15Z</time></trkpt><trkpt lat="44.45934627120113" lon="-64.25173359744852"><time>2026-07-04T21:18:16Z</time></trkpt><trkpt lat="44.459375239805624" lon="-64.25174365417192"><time>2026-07-04T21:18:17Z</time></trkpt><trkpt lat="44.45940806827501" lon="-64.25176112334809"><time>2026-07-04T21:18:18Z</time></trkpt><trkpt lat="44.45943756882788" lon="-64.251765553658"><time>2026-07-04T21:18:19Z</time></trkpt><trkpt lat="44.459466479406665" lon="-64.25177496501371"><time>2026-07-04T21:18:20Z</time></trkpt><trkpt lat="44.45949421770757" lon="-64.2517889646154"><time>2026-07-04T21:18:21Z</time></trkpt><trkpt lat="44.4595215537405" lon="-64.251806093668"><time>2026-07-04T21:18:22Z</time></trkpt><trkpt lat="44.4595496231345" lon="-64.25182002971903"><time>2026-07-04T21:18:23Z</time></trkpt><trkpt lat="44.45957837155352" lon="-64.25183193883021"><time>2026-07-04T21:18:24Z</time></trkpt><trkpt lat="44.459607634780326" lon="-64.25184243999686"><time>2026-07-04T21:18:25Z</time></trkpt><trkpt lat="44.459630170961496" lon="-64.25184192554786"><time>2026-07-04T21:18:26Z</time></trkpt><trkpt lat="44.45966655469618" lon="-64.25186610870108"><time>2026-07-04T21:18:27Z</time></trkpt><trkpt lat="44.45969554517268" lon="-64.2518794139608"><time>2026-07-04T21:18:28Z</time></trkpt><trkpt lat="44.459725292848006" lon="-64.25189362787009"><time>2026-07-04T21:18:29Z</time></trkpt><trkpt lat="44.45975386727256" lon="-64.25190717335097"><time>2026-07-04T21:18:30Z</time></trkpt><trkpt lat="44.45978195605525" lon="-64.25192263781027"><time>2026-07-04T21:18:31Z</time></trkpt><trkpt lat="44.45981057804448" lon="-64.25193467553073"><time>2026-07-04T21:18:32Z</time></trkpt><trkpt lat="44.459838593628746" lon="-64.25194631700515"><time>2026-07-04T21:18:33Z</time></trkpt><trkpt lat="44.45986798503702" lon="-64.25195948535865"><time>2026-07-04T21:18:34Z</time></trkpt><trkpt lat="44.45989678471289" lon="-64.25197117210391"><time>2026-07-04T21:18:35Z</time></trkpt><trkpt lat="44.45992608026505" lon="-64.25198429149603"><time>2026-07-04T21:18:36Z</time></trkpt><trkpt lat="44.45995515862577" lon="-64.25199421785882"><time>2026-07-04T21:18:37Z</time></trkpt><trkpt lat="44.45998536418389" lon="-64.25200514430084"><time>2026-07-04T21:18:38Z</time></trkpt><trkpt lat="44.460014583804075" lon="-64.25201464840193"><time>2026-07-04T21:18:39Z</time></trkpt><trkpt lat="44.46004380369791" lon="-64.25202433198434"><time>2026-07-04T21:18:40Z</time></trkpt><trkpt lat="44.46007357932156" lon="-64.25203287337358"><time>2026-07-04T21:18:41Z</time></trkpt><trkpt lat="44.46010436103118" lon="-64.25204312826642"><time>2026-07-04T21:18:42Z</time></trkpt><trkpt lat="44.46013457537687" lon="-64.25205369185731"><time>2026-07-04T21:18:43Z</time></trkpt><trkpt lat="44.46016653272554" lon="-64.25206516473538"><time>2026-07-04T21:18:44Z</time></trkpt><trkpt lat="44.46020535848721" lon="-64.25208264470051"><time>2026-07-04T21:18:45Z</time></trkpt><trkpt lat="44.46024244657999" lon="-64.25210093422031"><time>2026-07-04T21:18:46Z</time></trkpt><trkpt lat="44.46026578268708" lon="-64.25210873686608"><time>2026-07-04T21:18:47Z</time></trkpt><trkpt lat="44.46029669021554" lon="-64.2521146408791"><time>2026-07-04T21:18:48Z</time></trkpt><trkpt lat="44.460329609423084" lon="-64.2521199250536"><time>2026-07-04T21:18:49Z</time></trkpt><trkpt lat="44.46036072750476" lon="-64.25211929182056"><time>2026-07-04T21:18:50Z</time></trkpt><trkpt lat="44.46039451739363" lon="-64.25212633000356"><time>2026-07-04T21:18:51Z</time></trkpt><trkpt lat="44.46042481188395" lon="-64.25213331914333"><time>2026-07-04T21:18:52Z</time></trkpt><trkpt lat="44.460456827871674" lon="-64.25213788484483"><time>2026-07-04T21:18:53Z</time></trkpt><trkpt lat="44.460487919386175" lon="-64.25214262147026"><time>2026-07-04T21:18:54Z</time></trkpt><trkpt lat="44.460518935686665" lon="-64.25214904919149"><time>2026-07-04T21:18:55Z</time></trkpt><trkpt lat="44.460548575258144" lon="-64.25215661638266"><time>2026-07-04T21:18:56Z</time></trkpt><trkpt lat="44.46058134925064" lon="-64.25216152601747"><time>2026-07-04T21:18:57Z</time></trkpt><trkpt lat="44.4606129708193" lon="-64.25216563248955"><time>2026-07-04T21:18:58Z</time></trkpt><trkpt lat="44.46064344667705" lon="-64.25217007896694"><time>2026-07-04T21:18:59Z</time></trkpt><trkpt lat="44.46067582330452" lon="-64.25217637848546"><time>2026-07-04T21:19:00Z</time></trkpt><trkpt lat="44.460705939377064" lon="-64.25218226202658"><time>2026-07-04T21:19:01Z</time></trkpt><trkpt lat="44.460736338537735" lon="-64.2521897727684"><time>2026-07-04T21:19:02Z</time></trkpt><trkpt lat="44.460768204235684" lon="-64.25219559363525"><time>2026-07-04T21:19:03Z</time></trkpt><trkpt lat="44.460802752146705" lon="-64.25219796245833"><time>2026-07-04T21:19:04Z</time></trkpt><trkpt lat="44.460834335362065" lon="-64.25219959255023"><time>2026-07-04T21:19:05Z</time></trkpt><trkpt lat="44.460866781534506" lon="-64.2522049090968"><time>2026-07-04T21:19:06Z</time></trkpt><trkpt lat="44.46089922524733" lon="-64.25220815137148"><time>2026-07-04T21:19:07Z</time></trkpt><trkpt lat="44.46092802887226" lon="-64.2522110009378"><time>2026-07-04T21:19:08Z</time></trkpt><trkpt lat="44.460962400866705" lon="-64.25221645838091"><time>2026-07-04T21:19:09Z</time></trkpt><trkpt lat="44.460990330880826" lon="-64.2522253943065"><time>2026-07-04T21:19:10Z</time></trkpt><trkpt lat="44.46101944460474" lon="-64.25223519375466"><time>2026-07-04T21:19:11Z</time></trkpt><trkpt lat="44.461052569234404" lon="-64.2522371073457"><time>2026-07-04T21:19:12Z</time></trkpt><trkpt lat="44.461083447528196" lon="-64.25223900412702"><time>2026-07-04T21:19:13Z</time></trkpt><trkpt lat="44.461115806566916" lon="-64.25223838103678"><time>2026-07-04T21:19:14Z</time></trkpt><trkpt lat="44.46114886783709" lon="-64.25223925222876"><time>2026-07-04T21:19:15Z</time></trkpt><trkpt lat="44.461182377762185" lon="-64.25223808910097"><time>2026-07-04T21:19:16Z</time></trkpt><trkpt lat="44.461215875450776" lon="-64.25223175594324"><time>2026-07-04T21:19:17Z</time></trkpt><trkpt lat="44.46124813477025" lon="-64.2522266894081"><time>2026-07-04T21:19:18Z</time></trkpt><trkpt lat="44.461282775745794" lon="-64.2522253724877"><time>2026-07-04T21:19:19Z</time></trkpt><trkpt lat="44.46131583069908" lon="-64.25222341113057"><time>2026-07-04T21:19:20Z</time></trkpt><trkpt lat="44.461349305699315" lon="-64.25222175448795"><time>2026-07-04T21:19:21Z</time></trkpt><trkpt lat="44.461388878890105" lon="-64.25223001110088"><time>2026-07-04T21:19:22Z</time></trkpt><trkpt lat="44.461420695376134" lon="-64.25221943233798"><time>2026-07-04T21:19:23Z</time></trkpt><trkpt lat="44.46146411446271" lon="-64.25221301175914"><time>2026-07-04T21:19:24Z</time></trkpt><trkpt lat="44.46149604924103" lon="-64.25220874027922"><time>2026-07-04T21:19:25Z</time></trkpt><trkpt lat="44.46152359614968" lon="-64.25220249613226"><time>2026-07-04T21:19:26Z</time></trkpt><trkpt lat="44.46155778874338" lon="-64.25219526962431"><time>2026-07-04T21:19:27Z</time></trkpt><trkpt lat="44.46158808964644" lon="-64.2521858411501"><time>2026-07-04T21:19:28Z</time></trkpt><trkpt lat="44.461621956289854" lon="-64.25217879514189"><time>2026-07-04T21:19:29Z</time></trkpt><trkpt lat="44.46165395135641" lon="-64.25216762726006"><time>2026-07-04T21:19:30Z</time></trkpt><trkpt lat="44.46168694523771" lon="-64.25215412990403"><time>2026-07-04T21:19:31Z</time></trkpt><trkpt lat="44.461724299905626" lon="-64.25214644906958"><time>2026-07-04T21:19:32Z</time></trkpt><trkpt lat="44.46175567568524" lon="-64.25213634620467"><time>2026-07-04T21:19:33Z</time></trkpt><trkpt lat="44.46179282519004" lon="-64.25212909699749"><time>2026-07-04T21:19:34Z</time></trkpt><trkpt lat="44.46181737148601" lon="-64.25211809097269"><time>2026-07-04T21:19:35Z</time></trkpt><trkpt lat="44.461854085702356" lon="-64.25210980821154"><time>2026-07-04T21:19:36Z</time></trkpt><trkpt lat="44.46189017909575" lon="-64.25209851840894"><time>2026-07-04T21:19:37Z</time></trkpt><trkpt lat="44.461920225308866" lon="-64.25209140828973"><time>2026-07-04T21:19:38Z</time></trkpt><trkpt lat="44.461952023741674" lon="-64.25208488722097"><time>2026-07-04T21:19:39Z</time></trkpt><trkpt lat="44.4619829089014" lon="-64.25207996237688"><time>2026-07-04T21:19:40Z</time></trkpt><trkpt lat="44.46201414173959" lon="-64.25206771129737"><time>2026-07-04T21:19:41Z</time></trkpt><trkpt lat="44.46204648912189" lon="-64.25205034574012"><time>2026-07-04T21:19:42Z</time></trkpt><trkpt lat="44.46208272378603" lon="-64.25204585208823"><time>2026-07-04T21:19:43Z</time></trkpt><trkpt lat="44.462110325885924" lon="-64.25203176552185"><time>2026-07-04T21:19:44Z</time></trkpt><trkpt lat="44.46214112146316" lon="-64.25201974708388"><time>2026-07-04T21:19:45Z</time></trkpt><trkpt lat="44.46217319190802" lon="-64.25200679992835"><time>2026-07-04T21:19:46Z</time></trkpt><trkpt lat="44.46220856245312" lon="-64.25199448842807"><time>2026-07-04T21:19:47Z</time></trkpt><trkpt lat="44.46223386206212" lon="-64.25198232598821"><time>2026-07-04T21:19:48Z</time></trkpt><trkpt lat="44.46226920131388" lon="-64.25197133716372"><time>2026-07-04T21:19:49Z</time></trkpt><trkpt lat="44.46230508960915" lon="-64.25195427744015"><time>2026-07-04T21:19:50Z</time></trkpt><trkpt lat="44.46233640861877" lon="-64.25194506750103"><time>2026-07-04T21:19:51Z</time></trkpt><trkpt lat="44.462365764560104" lon="-64.25193191757754"><time>2026-07-04T21:19:52Z</time></trkpt><trkpt lat="44.46239659287897" lon="-64.25191858847629"><time>2026-07-04T21:19:53Z</time></trkpt><trkpt lat="44.46242956919035" lon="-64.25190577939465"><time>2026-07-04T21:19:54Z</time></trkpt><trkpt lat="44.46246113428085" lon="-64.2518988116038"><time>2026-07-04T21:19:55Z</time></trkpt><trkpt lat="44.4624920647678" lon="-64.25188929480277"><time>2026-07-04T21:19:56Z</time></trkpt><trkpt lat="44.46252639102938" lon="-64.25187762060632"><time>2026-07-04T21:19:57Z</time></trkpt><trkpt lat="44.46255786351607" lon="-64.25186545982126"><time>2026-07-04T21:19:58Z</time></trkpt><trkpt lat="44.4625917874889" lon="-64.25185376400282"><time>2026-07-04T21:19:59Z</time></trkpt><trkpt lat="44.462624313733215" lon="-64.25184253392509"><time>2026-07-04T21:20:00Z</time></trkpt><trkpt lat="44.462655607610216" lon="-64.25181970810105"><time>2026-07-04T21:20:01Z</time></trkpt><trkpt lat="44.46269061166882" lon="-64.2518165060993"><time>2026-07-04T21:20:02Z</time></trkpt><trkpt lat="44.46271953904453" lon="-64.2518123596711"><time>2026-07-04T21:20:03Z</time></trkpt><trkpt lat="44.462753701153986" lon="-64.2518014023543"><time>2026-07-04T21:20:04Z</time></trkpt><trkpt lat="44.46278455564302" lon="-64.25178737743009"><time>2026-07-04T21:20:05Z</time></trkpt><trkpt lat="44.46281401268683" lon="-64.25177624044072"><time>2026-07-04T21:20:06Z</time></trkpt><trkpt lat="44.46283851772555" lon="-64.25174729717416"><time>2026-07-04T21:20:07Z</time></trkpt><trkpt lat="44.46286905897676" lon="-64.25171913225671"><time>2026-07-04T21:20:08Z</time></trkpt><trkpt lat="44.462895613220674" lon="-64.25168880098707"><time>2026-07-04T21:20:09Z</time></trkpt><trkpt lat="44.46292346449607" lon="-64.25166157906553"><time>2026-07-04T21:20:10Z</time></trkpt><trkpt lat="44.46295208254854" lon="-64.251638639483"><time>2026-07-04T21:20:11Z</time></trkpt><trkpt lat="44.46297959645454" lon="-64.25161564990415"><time>2026-07-04T21:20:12Z</time></trkpt><trkpt lat="44.46300678465343" lon="-64.25159089170886"><time>2026-07-04T21:20:13Z</time></trkpt><trkpt lat="44.46303504755256" lon="-64.25156664860515"><time>2026-07-04T21:20:14Z</time></trkpt><trkpt lat="44.4630618127771" lon="-64.25153886542148"><time>2026-07-04T21:20:15Z</time></trkpt><trkpt lat="44.46308849964637" lon="-64.25151000360025"><time>2026-07-04T21:20:16Z</time></trkpt><trkpt lat="44.46311529385887" lon="-64.25148109494295"><time>2026-07-04T21:20:17Z</time></trkpt><trkpt lat="44.46313771273027" lon="-64.25144954255728"><time>2026-07-04T21:20:18Z</time></trkpt><trkpt lat="44.463164296334604" lon="-64.25141865209602"><time>2026-07-04T21:20:19Z</time></trkpt><trkpt lat="44.46319215858431" lon="-64.25139483140569"><time>2026-07-04T21:20:20Z</time></trkpt><trkpt lat="44.46321498899442" lon="-64.25136545328265"><time>2026-07-04T21:20:21Z</time></trkpt><trkpt lat="44.46323891016286" lon="-64.25133257908779"><time>2026-07-04T21:20:22Z</time></trkpt><trkpt lat="44.463266156664275" lon="-64.25130605756621"><time>2026-07-04T21:20:23Z</time></trkpt><trkpt lat="44.463294934080785" lon="-64.2512797676655"><time>2026-07-04T21:20:24Z</time></trkpt><trkpt lat="44.46332248540866" lon="-64.251253216279"><time>2026-07-04T21:20:25Z</time></trkpt><trkpt lat="44.46334713541288" lon="-64.25122688525738"><time>2026-07-04T21:20:26Z</time></trkpt><trkpt lat="44.46337199707936" lon="-64.25119657053749"><time>2026-07-04T21:20:27Z</time></trkpt><trkpt lat="44.4633949428368" lon="-64.2511647786115"><time>2026-07-04T21:20:28Z</time></trkpt><trkpt lat="44.46341987893531" lon="-64.25113452044823"><time>2026-07-04T21:20:29Z</time></trkpt><trkpt lat="44.46344588050893" lon="-64.25110540449411"><time>2026-07-04T21:20:30Z</time></trkpt><trkpt lat="44.46347276039376" lon="-64.2510785115422"><time>2026-07-04T21:20:31Z</time></trkpt><trkpt lat="44.46349756886978" lon="-64.25105348096878"><time>2026-07-04T21:20:32Z</time></trkpt><trkpt lat="44.46352361928901" lon="-64.25102754879735"><time>2026-07-04T21:20:33Z</time></trkpt><trkpt lat="44.463549090056596" lon="-64.25100201367121"><time>2026-07-04T21:20:34Z</time></trkpt><trkpt lat="44.46357530785738" lon="-64.2509761891191"><time>2026-07-04T21:20:35Z</time></trkpt><trkpt lat="44.463606558689" lon="-64.25095870223494"><time>2026-07-04T21:20:36Z</time></trkpt><trkpt lat="44.46363712539325" lon="-64.25094049445771"><time>2026-07-04T21:20:37Z</time></trkpt><trkpt lat="44.46366042544818" lon="-64.25090467914414"><time>2026-07-04T21:20:38Z</time></trkpt><trkpt lat="44.46368215709827" lon="-64.25088141221318"><time>2026-07-04T21:20:39Z</time></trkpt><trkpt lat="44.46371384408201" lon="-64.25086133986309"><time>2026-07-04T21:20:40Z</time></trkpt><trkpt lat="44.46374070862047" lon="-64.25083279206284"><time>2026-07-04T21:20:41Z</time></trkpt><trkpt lat="44.46376429531134" lon="-64.25080125894917"><time>2026-07-04T21:20:42Z</time></trkpt><trkpt lat="44.46378537118188" lon="-64.25076939628856"><time>2026-07-04T21:20:43Z</time></trkpt><trkpt lat="44.46380786616073" lon="-64.25073744334284"><time>2026-07-04T21:20:44Z</time></trkpt><trkpt lat="44.46382900831971" lon="-64.25070864127045"><time>2026-07-04T21:20:45Z</time></trkpt><trkpt lat="44.4638510448312" lon="-64.25068416053115"><time>2026-07-04T21:20:46Z</time></trkpt><trkpt lat="44.46387010272475" lon="-64.25065244777068"><time>2026-07-04T21:20:47Z</time></trkpt><trkpt lat="44.46390355602007" lon="-64.25060081952654"><time>2026-07-04T21:20:49Z</time></trkpt><trkpt lat="44.463918985375905" lon="-64.25057204972794"><time>2026-07-04T21:20:50Z</time></trkpt><trkpt lat="44.46393832767379" lon="-64.25054099112765"><time>2026-07-04T21:20:51Z</time></trkpt><trkpt lat="44.463956134847614" lon="-64.25051808651872"><time>2026-07-04T21:20:52Z</time></trkpt><trkpt lat="44.463979383265425" lon="-64.25049546325783"><time>2026-07-04T21:20:53Z</time></trkpt><trkpt lat="44.464000852132536" lon="-64.25047021084688"><time>2026-07-04T21:20:54Z</time></trkpt><trkpt lat="44.46402716724362" lon="-64.25045549390668"><time>2026-07-04T21:20:55Z</time></trkpt><trkpt lat="44.46405256297136" lon="-64.25043099456855"><time>2026-07-04T21:20:56Z</time></trkpt><trkpt lat="44.464079289998054" lon="-64.25039776245038"><time>2026-07-04T21:20:57Z</time></trkpt><trkpt lat="44.464107098362156" lon="-64.25036588573718"><time>2026-07-04T21:20:58Z</time></trkpt><trkpt lat="44.46411958808861" lon="-64.25034441463198"><time>2026-07-04T21:20:59Z</time></trkpt><trkpt lat="44.4641420842132" lon="-64.25031500311758"><time>2026-07-04T21:21:00Z</time></trkpt><trkpt lat="44.46416551553199" lon="-64.25029239375066"><time>2026-07-04T21:21:01Z</time></trkpt><trkpt lat="44.464192227884816" lon="-64.25026733925502"><time>2026-07-04T21:21:02Z</time></trkpt><trkpt lat="44.46422083305276" lon="-64.25024874574531"><time>2026-07-04T21:21:03Z</time></trkpt><trkpt lat="44.46424671486792" lon="-64.25023480361187"><time>2026-07-04T21:21:04Z</time></trkpt><trkpt lat="44.464269941645355" lon="-64.25021492003872"><time>2026-07-04T21:21:05Z</time></trkpt><trkpt lat="44.46429609414271" lon="-64.25019674166542"><time>2026-07-04T21:21:06Z</time></trkpt><trkpt lat="44.46432246134971" lon="-64.25017670583493"><time>2026-07-04T21:21:07Z</time></trkpt><trkpt lat="44.464346335884315" lon="-64.25015052019816"><time>2026-07-04T21:21:08Z</time></trkpt><trkpt lat="44.46437131854205" lon="-64.25012445031786"><time>2026-07-04T21:21:09Z</time></trkpt><trkpt lat="44.464395898861106" lon="-64.250102687847"><time>2026-07-04T21:21:10Z</time></trkpt><trkpt lat="44.4644231632188" lon="-64.25007642692384"><time>2026-07-04T21:21:11Z</time></trkpt><trkpt lat="44.46444807941798" lon="-64.25005881963133"><time>2026-07-04T21:21:12Z</time></trkpt><trkpt lat="44.464471502449435" lon="-64.25004720712995"><time>2026-07-04T21:21:13Z</time></trkpt><trkpt lat="44.464501206866444" lon="-64.25002182762873"><time>2026-07-04T21:21:14Z</time></trkpt><trkpt lat="44.46452702022626" lon="-64.2500027279706"><time>2026-07-04T21:21:15Z</time></trkpt><trkpt lat="44.46455457746751" lon="-64.24998762470288"><time>2026-07-04T21:21:16Z</time></trkpt><trkpt lat="44.464584700041264" lon="-64.24997525436525"><time>2026-07-04T21:21:17Z</time></trkpt><trkpt lat="44.46461368682173" lon="-64.24995994510407"><time>2026-07-04T21:21:18Z</time></trkpt><trkpt lat="44.464649747323" lon="-64.24994623711844"><time>2026-07-04T21:21:19Z</time></trkpt><trkpt lat="44.464679770383256" lon="-64.24993738888641"><time>2026-07-04T21:21:20Z</time></trkpt><trkpt lat="44.46470978943556" lon="-64.24993117223991"><time>2026-07-04T21:21:21Z</time></trkpt><trkpt lat="44.46474136378182" lon="-64.24992165005929"><time>2026-07-04T21:21:22Z</time></trkpt><trkpt lat="44.464772837047185" lon="-64.24991586725234"><time>2026-07-04T21:21:23Z</time></trkpt><trkpt lat="44.46480342314644" lon="-64.24990842544129"><time>2026-07-04T21:21:24Z</time></trkpt><trkpt lat="44.46483443263105" lon="-64.24989795351729"><time>2026-07-04T21:21:25Z</time></trkpt><trkpt lat="44.46486695578765" lon="-64.24988977122479"><time>2026-07-04T21:21:26Z</time></trkpt><trkpt lat="44.46489941093013" lon="-64.24987796706726"><time>2026-07-04T21:21:27Z</time></trkpt><trkpt lat="44.464929455893994" lon="-64.24986427347875"><time>2026-07-04T21:21:28Z</time></trkpt><trkpt lat="44.46496194924983" lon="-64.24985172869239"><time>2026-07-04T21:21:29Z</time></trkpt><trkpt lat="44.464992747246455" lon="-64.24984274374805"><time>2026-07-04T21:21:30Z</time></trkpt><trkpt lat="44.465025823729384" lon="-64.24983431436056"><time>2026-07-04T21:21:31Z</time></trkpt><trkpt lat="44.465057014376" lon="-64.24982702464818"><time>2026-07-04T21:21:32Z</time></trkpt><trkpt lat="44.465087167334104" lon="-64.24982365179703"><time>2026-07-04T21:21:33Z</time></trkpt><trkpt lat="44.465118219416524" lon="-64.2498221834968"><time>2026-07-04T21:21:34Z</time></trkpt><trkpt lat="44.465149781120125" lon="-64.24982150482712"><time>2026-07-04T21:21:35Z</time></trkpt><trkpt lat="44.46518297674778" lon="-64.24982063635333"><time>2026-07-04T21:21:36Z</time></trkpt><trkpt lat="44.46521625279493" lon="-64.24982000616461"><time>2026-07-04T21:21:37Z</time></trkpt><trkpt lat="44.46524965343164" lon="-64.24981850892559"><time>2026-07-04T21:21:38Z</time></trkpt><trkpt lat="44.46528138981855" lon="-64.24980968404806"><time>2026-07-04T21:21:39Z</time></trkpt><trkpt lat="44.46531499241334" lon="-64.24979084347247"><time>2026-07-04T21:21:40Z</time></trkpt><trkpt lat="44.46534753199453" lon="-64.24977778333287"><time>2026-07-04T21:21:41Z</time></trkpt><trkpt lat="44.46537870329098" lon="-64.24976930378328"><time>2026-07-04T21:21:42Z</time></trkpt><trkpt lat="44.4654122486172" lon="-64.24976770094285"><time>2026-07-04T21:21:43Z</time></trkpt><trkpt lat="44.465442974048365" lon="-64.24976641683607"><time>2026-07-04T21:21:44Z</time></trkpt><trkpt lat="44.46547499999031" lon="-64.24976592800263"><time>2026-07-04T21:21:45Z</time></trkpt><trkpt lat="44.46550945279467" lon="-64.24976579759337"><time>2026-07-04T21:21:46Z</time></trkpt><trkpt lat="44.46554182641565" lon="-64.24976043010673"><time>2026-07-04T21:21:47Z</time></trkpt><trkpt lat="44.46557412942801" lon="-64.24975060228125"><time>2026-07-04T21:21:48Z</time></trkpt><trkpt lat="44.46560289814902" lon="-64.24974286913664"><time>2026-07-04T21:21:49Z</time></trkpt><trkpt lat="44.46563512887157" lon="-64.24973998348413"><time>2026-07-04T21:21:50Z</time></trkpt><trkpt lat="44.465665415869715" lon="-64.24973771094996"><time>2026-07-04T21:21:51Z</time></trkpt><trkpt lat="44.465697783078554" lon="-64.24974111104096"><time>2026-07-04T21:21:52Z</time></trkpt><trkpt lat="44.465729790931455" lon="-64.24974275395766"><time>2026-07-04T21:21:53Z</time></trkpt><trkpt lat="44.465762209068764" lon="-64.24974711367454"><time>2026-07-04T21:21:54Z</time></trkpt><trkpt lat="44.46579328009203" lon="-64.24975230589155"><time>2026-07-04T21:21:55Z</time></trkpt><trkpt lat="44.465827063100924" lon="-64.24975337556833"><time>2026-07-04T21:21:56Z</time></trkpt><trkpt lat="44.46585887543677" lon="-64.24975727596019"><time>2026-07-04T21:21:57Z</time></trkpt><trkpt lat="44.465889542054754" lon="-64.24976675904111"><time>2026-07-04T21:21:58Z</time></trkpt><trkpt lat="44.46592133643938" lon="-64.24977556189866"><time>2026-07-04T21:21:59Z</time></trkpt><trkpt lat="44.46595325835036" lon="-64.24978289122541"><time>2026-07-04T21:22:00Z</time></trkpt><trkpt lat="44.46598575582205" lon="-64.24978643771934"><time>2026-07-04T21:22:01Z</time></trkpt><trkpt lat="44.46602054850423" lon="-64.24978897178126"><time>2026-07-04T21:22:02Z</time></trkpt><trkpt lat="44.4660534213044" lon="-64.249793897882"><time>2026-07-04T21:22:03Z</time></trkpt><trkpt lat="44.466085432711665" lon="-64.24980257463267"><time>2026-07-04T21:22:04Z</time></trkpt><trkpt lat="44.46611626748971" lon="-64.24981180185722"><time>2026-07-04T21:22:05Z</time></trkpt><trkpt lat="44.46614601455597" lon="-64.24982141631372"><time>2026-07-04T21:22:06Z</time></trkpt><trkpt lat="44.4661774586659" lon="-64.2498306002999"><time>2026-07-04T21:22:07Z</time></trkpt><trkpt lat="44.46620965400863" lon="-64.24983253680874"><time>2026-07-04T21:22:08Z</time></trkpt><trkpt lat="44.46624237381122" lon="-64.24983541866558"><time>2026-07-04T21:22:09Z</time></trkpt><trkpt lat="44.46627419266698" lon="-64.24984161085297"><time>2026-07-04T21:22:10Z</time></trkpt><trkpt lat="44.466307537934455" lon="-64.2498492597203"><time>2026-07-04T21:22:11Z</time></trkpt><trkpt lat="44.46633844983922" lon="-64.24986067108938"><time>2026-07-04T21:22:12Z</time></trkpt><trkpt lat="44.46637034601514" lon="-64.24986917393318"><time>2026-07-04T21:22:13Z</time></trkpt><trkpt lat="44.46640343333437" lon="-64.24987655750024"><time>2026-07-04T21:22:14Z</time></trkpt><trkpt lat="44.466436747600376" lon="-64.24988127754521"><time>2026-07-04T21:22:15Z</time></trkpt><trkpt lat="44.4664675408611" lon="-64.24988970651472"><time>2026-07-04T21:22:16Z</time></trkpt><trkpt lat="44.466496783952806" lon="-64.24990452758352"><time>2026-07-04T21:22:17Z</time></trkpt><trkpt lat="44.46652718297759" lon="-64.24991747210193"><time>2026-07-04T21:22:18Z</time></trkpt><trkpt lat="44.46655676017035" lon="-64.24992750531065"><time>2026-07-04T21:22:19Z</time></trkpt><trkpt lat="44.46658923294858" lon="-64.2499354497123"><time>2026-07-04T21:22:20Z</time></trkpt><trkpt lat="44.466621260917606" lon="-64.24993957084457"><time>2026-07-04T21:22:21Z</time></trkpt><trkpt lat="44.466653954350235" lon="-64.24994566324294"><time>2026-07-04T21:22:22Z</time></trkpt><trkpt lat="44.46668539949511" lon="-64.2499525434844"><time>2026-07-04T21:22:23Z</time></trkpt><trkpt lat="44.466717501373836" lon="-64.2499600726957"><time>2026-07-04T21:22:24Z</time></trkpt><trkpt lat="44.46674905313461" lon="-64.24997002463027"><time>2026-07-04T21:22:25Z</time></trkpt><trkpt lat="44.46677831217532" lon="-64.24998383010495"><time>2026-07-04T21:22:26Z</time></trkpt><trkpt lat="44.466807255100974" lon="-64.24999691695788"><time>2026-07-04T21:22:27Z</time></trkpt><trkpt lat="44.46683686222083" lon="-64.25000980677449"><time>2026-07-04T21:22:28Z</time></trkpt><trkpt lat="44.46686804911496" lon="-64.2500188770381"><time>2026-07-04T21:22:29Z</time></trkpt><trkpt lat="44.4669004866158" lon="-64.25002309250269"><time>2026-07-04T21:22:30Z</time></trkpt><trkpt lat="44.4669302098673" lon="-64.25002901940755"><time>2026-07-04T21:22:31Z</time></trkpt><trkpt lat="44.46696059533014" lon="-64.2500373578582"><time>2026-07-04T21:22:32Z</time></trkpt><trkpt lat="44.4669900914536" lon="-64.25004841716861"><time>2026-07-04T21:22:33Z</time></trkpt><trkpt lat="44.46701992677385" lon="-64.25006002002422"><time>2026-07-04T21:22:34Z</time></trkpt><trkpt lat="44.4670503967434" lon="-64.250074144009"><time>2026-07-04T21:22:35Z</time></trkpt><trkpt lat="44.46707991636708" lon="-64.25008558032617"><time>2026-07-04T21:22:36Z</time></trkpt><trkpt lat="44.46710930536915" lon="-64.25009842627915"><time>2026-07-04T21:22:37Z</time></trkpt><trkpt lat="44.46713703825956" lon="-64.25011544581902"><time>2026-07-04T21:22:38Z</time></trkpt><trkpt lat="44.467168425729426" lon="-64.25012399081277"><time>2026-07-04T21:22:39Z</time></trkpt><trkpt lat="44.467195736443614" lon="-64.25014061702495"><time>2026-07-04T21:22:40Z</time></trkpt><trkpt lat="44.46722270295992" lon="-64.2501553676257"><time>2026-07-04T21:22:41Z</time></trkpt><trkpt lat="44.46725220897271" lon="-64.25017318977768"><time>2026-07-04T21:22:42Z</time></trkpt><trkpt lat="44.46728085176934" lon="-64.250186196686"><time>2026-07-04T21:22:43Z</time></trkpt><trkpt lat="44.46731006477029" lon="-64.25019538267304"><time>2026-07-04T21:22:44Z</time></trkpt><trkpt lat="44.46733974573113" lon="-64.25020616481996"><time>2026-07-04T21:22:45Z</time></trkpt><trkpt lat="44.46736854364225" lon="-64.25021719540125"><time>2026-07-04T21:22:46Z</time></trkpt><trkpt lat="44.467397725069745" lon="-64.25022971864053"><time>2026-07-04T21:22:47Z</time></trkpt><trkpt lat="44.46742806673805" lon="-64.25024390291999"><time>2026-07-04T21:22:48Z</time></trkpt><trkpt lat="44.46745745910166" lon="-64.25026159121668"><time>2026-07-04T21:22:49Z</time></trkpt><trkpt lat="44.467487009038926" lon="-64.25028001201794"><time>2026-07-04T21:22:50Z</time></trkpt><trkpt lat="44.467515633522005" lon="-64.25030093564621"><time>2026-07-04T21:22:51Z</time></trkpt><trkpt lat="44.46754068431193" lon="-64.25032472160876"><time>2026-07-04T21:22:52Z</time></trkpt><trkpt lat="44.46756575536304" lon="-64.25034700384266"><time>2026-07-04T21:22:53Z</time></trkpt><trkpt lat="44.467592093781924" lon="-64.25036414416796"><time>2026-07-04T21:22:54Z</time></trkpt><trkpt lat="44.46762074285003" lon="-64.25038193932473"><time>2026-07-04T21:22:55Z</time></trkpt><trkpt lat="44.46765110315981" lon="-64.25039711722192"><time>2026-07-04T21:22:56Z</time></trkpt><trkpt lat="44.46767977872666" lon="-64.25041494097026"><time>2026-07-04T21:22:57Z</time></trkpt><trkpt lat="44.46770949281872" lon="-64.25043187312066"><time>2026-07-04T21:22:58Z</time></trkpt><trkpt lat="44.467738532464914" lon="-64.25045205619458"><time>2026-07-04T21:22:59Z</time></trkpt><trkpt lat="44.467763892363756" lon="-64.25047174291043"><time>2026-07-04T21:23:00Z</time></trkpt><trkpt lat="44.46779027543793" lon="-64.25048835199111"><time>2026-07-04T21:23:01Z</time></trkpt><trkpt lat="44.467817742114946" lon="-64.25050488471679"><time>2026-07-04T21:23:02Z</time></trkpt><trkpt lat="44.46784485409791" lon="-64.2505194606777"><time>2026-07-04T21:23:03Z</time></trkpt><trkpt lat="44.467873347243746" lon="-64.25053410535271"><time>2026-07-04T21:23:04Z</time></trkpt><trkpt lat="44.46790242061114" lon="-64.25055041622807"><time>2026-07-04T21:23:05Z</time></trkpt><trkpt lat="44.467929923705746" lon="-64.2505660627087"><time>2026-07-04T21:23:06Z</time></trkpt><trkpt lat="44.46795668681998" lon="-64.25058179260166"><time>2026-07-04T21:23:07Z</time></trkpt><trkpt lat="44.46798290428892" lon="-64.25059805075647"><time>2026-07-04T21:23:08Z</time></trkpt><trkpt lat="44.468010344714216" lon="-64.25061283587041"><time>2026-07-04T21:23:09Z</time></trkpt><trkpt lat="44.46803653667678" lon="-64.25063054121078"><time>2026-07-04T21:23:10Z</time></trkpt><trkpt lat="44.4680629330499" lon="-64.25064723170092"><time>2026-07-04T21:23:11Z</time></trkpt><trkpt lat="44.468088192340694" lon="-64.25066504977323"><time>2026-07-04T21:23:12Z</time></trkpt><trkpt lat="44.46811592127751" lon="-64.25068066329945"><time>2026-07-04T21:23:13Z</time></trkpt><trkpt lat="44.468142045040786" lon="-64.25069373760802"><time>2026-07-04T21:23:14Z</time></trkpt><trkpt lat="44.46816864450184" lon="-64.25070894993998"><time>2026-07-04T21:23:15Z</time></trkpt><trkpt lat="44.468195915038606" lon="-64.25072064083339"><time>2026-07-04T21:23:16Z</time></trkpt><trkpt lat="44.46822420263877" lon="-64.25072862938941"><time>2026-07-04T21:23:17Z</time></trkpt><trkpt lat="44.46825538233303" lon="-64.25074066957211"><time>2026-07-04T21:23:18Z</time></trkpt><trkpt lat="44.46828422407462" lon="-64.25075645332755"><time>2026-07-04T21:23:19Z</time></trkpt><trkpt lat="44.468308707337165" lon="-64.25077602202309"><time>2026-07-04T21:23:20Z</time></trkpt><trkpt lat="44.46833518806155" lon="-64.25079600521666"><time>2026-07-04T21:23:21Z</time></trkpt><trkpt lat="44.46836188327561" lon="-64.25081479838785"><time>2026-07-04T21:23:22Z</time></trkpt><trkpt lat="44.46838815600986" lon="-64.25083256980982"><time>2026-07-04T21:23:23Z</time></trkpt><trkpt lat="44.468414938323335" lon="-64.25084985885591"><time>2026-07-04T21:23:24Z</time></trkpt><trkpt lat="44.46844206173922" lon="-64.25086635680017"><time>2026-07-04T21:23:25Z</time></trkpt><trkpt lat="44.46846693415754" lon="-64.25088596282248"><time>2026-07-04T21:23:26Z</time></trkpt><trkpt lat="44.468494641538555" lon="-64.25090503147456"><time>2026-07-04T21:23:27Z</time></trkpt><trkpt lat="44.46852372666458" lon="-64.2509231984346"><time>2026-07-04T21:23:28Z</time></trkpt><trkpt lat="44.46855171842447" lon="-64.25093746374229"><time>2026-07-04T21:23:29Z</time></trkpt><trkpt lat="44.46857910047787" lon="-64.25095595529504"><time>2026-07-04T21:23:30Z</time></trkpt><trkpt lat="44.46860377066375" lon="-64.25097648461758"><time>2026-07-04T21:23:31Z</time></trkpt><trkpt lat="44.46862946597112" lon="-64.2509980944337"><time>2026-07-04T21:23:32Z</time></trkpt><trkpt lat="44.468653745203675" lon="-64.25101979745452"><time>2026-07-04T21:23:33Z</time></trkpt><trkpt lat="44.468679121871475" lon="-64.25104279861584"><time>2026-07-04T21:23:34Z</time></trkpt><trkpt lat="44.46870468066303" lon="-64.25106254762676"><time>2026-07-04T21:23:35Z</time></trkpt><trkpt lat="44.46872860419326" lon="-64.25108356741895"><time>2026-07-04T21:23:36Z</time></trkpt><trkpt lat="44.46875306201018" lon="-64.2511090901725"><time>2026-07-04T21:23:37Z</time></trkpt><trkpt lat="44.46877587807566" lon="-64.25113475679085"><time>2026-07-04T21:23:38Z</time></trkpt><trkpt lat="44.468798903781234" lon="-64.25115919614781"><time>2026-07-04T21:23:39Z</time></trkpt><trkpt lat="44.468821874721165" lon="-64.25118265310378"><time>2026-07-04T21:23:40Z</time></trkpt><trkpt lat="44.46884536706609" lon="-64.25120598318175"><time>2026-07-04T21:23:41Z</time></trkpt><trkpt lat="44.468870005119726" lon="-64.25122201683601"><time>2026-07-04T21:23:42Z</time></trkpt><trkpt lat="44.46889601645663" lon="-64.25123666620367"><time>2026-07-04T21:23:43Z</time></trkpt><trkpt lat="44.468919291464786" lon="-64.25125026272372"><time>2026-07-04T21:23:44Z</time></trkpt><trkpt lat="44.46894257567187" lon="-64.25127017201059"><time>2026-07-04T21:23:45Z</time></trkpt><trkpt lat="44.46896745454745" lon="-64.25129207208303"><time>2026-07-04T21:23:46Z</time></trkpt><trkpt lat="44.46898809221428" lon="-64.25131810364954"><time>2026-07-04T21:23:47Z</time></trkpt><trkpt lat="44.46901185438067" lon="-64.25134510114056"><time>2026-07-04T21:23:48Z</time></trkpt><trkpt lat="44.469033013288836" lon="-64.25136971695261"><time>2026-07-04T21:23:49Z</time></trkpt><trkpt lat="44.46905378019105" lon="-64.25139528730075"><time>2026-07-04T21:23:50Z</time></trkpt><trkpt lat="44.46907662378293" lon="-64.2514212214558"><time>2026-07-04T21:23:51Z</time></trkpt><trkpt lat="44.46909833186167" lon="-64.25144709585953"><time>2026-07-04T21:23:52Z</time></trkpt><trkpt lat="44.46911921024621" lon="-64.25147322976005"><time>2026-07-04T21:23:53Z</time></trkpt><trkpt lat="44.46914022281451" lon="-64.25149796308646"><time>2026-07-04T21:23:54Z</time></trkpt><trkpt lat="44.469161078141106" lon="-64.2515204170437"><time>2026-07-04T21:23:55Z</time></trkpt><trkpt lat="44.46918213103458" lon="-64.25154295635761"><time>2026-07-04T21:23:56Z</time></trkpt><trkpt lat="44.46920188998587" lon="-64.2515638737446"><time>2026-07-04T21:23:57Z</time></trkpt><trkpt lat="44.46922657545691" lon="-64.25158300134669"><time>2026-07-04T21:23:58Z</time></trkpt><trkpt lat="44.46924989892383" lon="-64.25160081326649"><time>2026-07-04T21:23:59Z</time></trkpt><trkpt lat="44.469272805912176" lon="-64.25162258628902"><time>2026-07-04T21:24:00Z</time></trkpt><trkpt lat="44.469296024081615" lon="-64.25164462666643"><time>2026-07-04T21:24:01Z</time></trkpt><trkpt lat="44.4693200433516" lon="-64.25166472456992"><time>2026-07-04T21:24:02Z</time></trkpt><trkpt lat="44.469343198241965" lon="-64.25168576288523"><time>2026-07-04T21:24:03Z</time></trkpt><trkpt lat="44.46936535962469" lon="-64.25170649387044"><time>2026-07-04T21:24:04Z</time></trkpt><trkpt lat="44.46938771012084" lon="-64.25172857518545"><time>2026-07-04T21:24:05Z</time></trkpt><trkpt lat="44.46940881862687" lon="-64.2517525778478"><time>2026-07-04T21:24:06Z</time></trkpt><trkpt lat="44.46943086070044" lon="-64.25177623560914"><time>2026-07-04T21:24:07Z</time></trkpt><trkpt lat="44.46945217576175" lon="-64.25180054231514"><time>2026-07-04T21:24:08Z</time></trkpt><trkpt lat="44.46947314690348" lon="-64.25182371558466"><time>2026-07-04T21:24:09Z</time></trkpt><trkpt lat="44.46949359957877" lon="-64.2518470338691"><time>2026-07-04T21:24:10Z</time></trkpt><trkpt lat="44.46951560115411" lon="-64.25187044901115"><time>2026-07-04T21:24:11Z</time></trkpt><trkpt lat="44.46953655217851" lon="-64.251893026788"><time>2026-07-04T21:24:12Z</time></trkpt><trkpt lat="44.469558448843785" lon="-64.25191524986592"><time>2026-07-04T21:24:13Z</time></trkpt><trkpt lat="44.46957989346069" lon="-64.25193862244755"><time>2026-07-04T21:24:14Z</time></trkpt><trkpt lat="44.46960016977265" lon="-64.25195928784777"><time>2026-07-04T21:24:15Z</time></trkpt><trkpt lat="44.46961988868056" lon="-64.2519786504368"><time>2026-07-04T21:24:16Z</time></trkpt><trkpt lat="44.469642234764166" lon="-64.25199634422621"><time>2026-07-04T21:24:17Z</time></trkpt><trkpt lat="44.46966397577477" lon="-64.25201482432784"><time>2026-07-04T21:24:18Z</time></trkpt><trkpt lat="44.46968636014129" lon="-64.25203441318172"><time>2026-07-04T21:24:19Z</time></trkpt><trkpt lat="44.46970813094949" lon="-64.25205511038125"><time>2026-07-04T21:24:20Z</time></trkpt><trkpt lat="44.469729654627464" lon="-64.25207590337207"><time>2026-07-04T21:24:21Z</time></trkpt><trkpt lat="44.46975251829928" lon="-64.25209311587577"><time>2026-07-04T21:24:22Z</time></trkpt><trkpt lat="44.46977438082278" lon="-64.25210938770059"><time>2026-07-04T21:24:23Z</time></trkpt><trkpt lat="44.46979699649034" lon="-64.25212713611849"><time>2026-07-04T21:24:24Z</time></trkpt><trkpt lat="44.469818829054866" lon="-64.25214272943319"><time>2026-07-04T21:24:25Z</time></trkpt><trkpt lat="44.46984272550608" lon="-64.2521586812703"><time>2026-07-04T21:24:26Z</time></trkpt><trkpt lat="44.46986586532123" lon="-64.2521780424753"><time>2026-07-04T21:24:27Z</time></trkpt><trkpt lat="44.46988721520065" lon="-64.2521945976109"><time>2026-07-04T21:24:28Z</time></trkpt><trkpt lat="44.46990991942381" lon="-64.25220931360359"><time>2026-07-04T21:24:29Z</time></trkpt><trkpt lat="44.4699296212716" lon="-64.25222959567668"><time>2026-07-04T21:24:30Z</time></trkpt><trkpt lat="44.469948764086595" lon="-64.25224839390074"><time>2026-07-04T21:24:31Z</time></trkpt><trkpt lat="44.469971769060066" lon="-64.25226408977063"><time>2026-07-04T21:24:32Z</time></trkpt><trkpt lat="44.46999177333491" lon="-64.25228085671272"><time>2026-07-04T21:24:33Z</time></trkpt><trkpt lat="44.47001370687727" lon="-64.252295227212"><time>2026-07-04T21:24:34Z</time></trkpt><trkpt lat="44.470032081158436" lon="-64.25231290711137"><time>2026-07-04T21:24:35Z</time></trkpt><trkpt lat="44.470051170470015" lon="-64.25233246238702"><time>2026-07-04T21:24:36Z</time></trkpt><trkpt lat="44.470073135243084" lon="-64.25235387041656"><time>2026-07-04T21:24:37Z</time></trkpt><trkpt lat="44.47009115689337" lon="-64.25237326015517"><time>2026-07-04T21:24:38Z</time></trkpt><trkpt lat="44.47010958517312" lon="-64.25239190593065"><time>2026-07-04T21:24:39Z</time></trkpt><trkpt lat="44.4701312241852" lon="-64.25241521305777"><time>2026-07-04T21:24:40Z</time></trkpt><trkpt lat="44.47014682094402" lon="-64.25243642920735"><time>2026-07-04T21:24:41Z</time></trkpt><trkpt lat="44.47015587285403" lon="-64.25246100641274"><time>2026-07-04T21:24:42Z</time></trkpt><trkpt lat="44.470158765474324" lon="-64.25248901405199"><time>2026-07-04T21:24:43Z</time></trkpt><trkpt lat="44.47015555483074" lon="-64.25253398226138"><time>2026-07-04T21:24:45Z</time></trkpt><trkpt lat="44.470132333399654" lon="-64.25256399141563"><time>2026-07-04T21:24:47Z</time></trkpt><trkpt lat="44.47010972797083" lon="-64.25258680261688"><time>2026-07-04T21:24:49Z</time></trkpt><trkpt lat="44.47008678083022" lon="-64.25257514179144"><time>2026-07-04T21:24:50Z</time></trkpt><trkpt lat="44.47006350575552" lon="-64.25256794510344"><time>2026-07-04T21:24:51Z</time></trkpt><trkpt lat="44.47003713404116" lon="-64.25256946885432"><time>2026-07-04T21:24:52Z</time></trkpt><trkpt lat="44.470010975133455" lon="-64.25257379591721"><time>2026-07-04T21:24:53Z</time></trkpt><trkpt lat="44.46998857372931" lon="-64.25258194543478"><time>2026-07-04T21:24:54Z</time></trkpt><trkpt lat="44.46996912430071" lon="-64.25259273029094"><time>2026-07-04T21:24:55Z</time></trkpt><trkpt lat="44.469944642926244" lon="-64.25260491125893"><time>2026-07-04T21:24:56Z</time></trkpt><trkpt lat="44.46991878822939" lon="-64.25261527173254"><time>2026-07-04T21:24:57Z</time></trkpt><trkpt lat="44.4699015916515" lon="-64.25262651107268"><time>2026-07-04T21:24:58Z</time></trkpt><trkpt lat="44.4698781151718" lon="-64.25264056962392"><time>2026-07-04T21:24:59Z</time></trkpt><trkpt lat="44.469856098961756" lon="-64.25265160430949"><time>2026-07-04T21:25:00Z</time></trkpt><trkpt lat="44.46983830024782" lon="-64.25266600797003"><time>2026-07-04T21:25:01Z</time></trkpt><trkpt lat="44.469810539939694" lon="-64.25267873949092"><time>2026-07-04T21:25:02Z</time></trkpt><trkpt lat="44.46978609910691" lon="-64.25268623501837"><time>2026-07-04T21:25:03Z</time></trkpt><trkpt lat="44.469761469384416" lon="-64.25270059140743"><time>2026-07-04T21:25:04Z</time></trkpt><trkpt lat="44.46974051674711" lon="-64.2527162790896"><time>2026-07-04T21:25:05Z</time></trkpt><trkpt lat="44.46971869786744" lon="-64.25272982993634"><time>2026-07-04T21:25:06Z</time></trkpt><trkpt lat="44.46969087647647" lon="-64.25274147275312"><time>2026-07-04T21:25:07Z</time></trkpt><trkpt lat="44.469667910350076" lon="-64.25275171046226"><time>2026-07-04T21:25:08Z</time></trkpt><trkpt lat="44.46964095089151" lon="-64.25275927895392"><time>2026-07-04T21:25:09Z</time></trkpt><trkpt lat="44.469616209608276" lon="-64.25277090432112"><time>2026-07-04T21:25:10Z</time></trkpt><trkpt lat="44.46958913957613" lon="-64.25278167067803"><time>2026-07-04T21:25:11Z</time></trkpt><trkpt lat="44.46956352735275" lon="-64.25279152493069"><time>2026-07-04T21:25:12Z</time></trkpt><trkpt lat="44.46953726046667" lon="-64.25280231655816"><time>2026-07-04T21:25:13Z</time></trkpt><trkpt lat="44.46951177757274" lon="-64.25280977692306"><time>2026-07-04T21:25:14Z</time></trkpt><trkpt lat="44.469488699888906" lon="-64.25282102718108"><time>2026-07-04T21:25:15Z</time></trkpt><trkpt lat="44.46946966393115" lon="-64.2528393071286"><time>2026-07-04T21:25:16Z</time></trkpt><trkpt lat="44.46945729376201" lon="-64.25286260232306"><time>2026-07-04T21:25:17Z</time></trkpt><trkpt lat="44.46945191237713" lon="-64.25288730077216"><time>2026-07-04T21:25:18Z</time></trkpt><trkpt lat="44.46946315487731" lon="-64.2529272907048"><time>2026-07-04T21:25:20Z</time></trkpt><trkpt lat="44.4694873394074" lon="-64.25294510013859"><time>2026-07-04T21:25:22Z</time></trkpt><trkpt lat="44.46950572565557" lon="-64.25294672873909"><time>2026-07-04T21:25:23Z</time></trkpt><trkpt lat="44.46952600630413" lon="-64.25295223623844"><time>2026-07-04T21:25:24Z</time></trkpt><trkpt lat="44.469547727878584" lon="-64.25296155575539"><time>2026-07-04T21:25:25Z</time></trkpt><trkpt lat="44.469567463280214" lon="-64.25296784162119"><time>2026-07-04T21:25:26Z</time></trkpt><trkpt lat="44.46958611292804" lon="-64.25298056139395"><time>2026-07-04T21:25:27Z</time></trkpt><trkpt lat="44.469606729636" lon="-64.2529963932238"><time>2026-07-04T21:25:28Z</time></trkpt><trkpt lat="44.46962660127585" lon="-64.25301314044874"><time>2026-07-04T21:25:29Z</time></trkpt><trkpt lat="44.46964737125564" lon="-64.25303004970966"><time>2026-07-04T21:25:30Z</time></trkpt><trkpt lat="44.46966597580887" lon="-64.25304665974008"><time>2026-07-04T21:25:31Z</time></trkpt><trkpt lat="44.469686794664135" lon="-64.25306284631914"><time>2026-07-04T21:25:32Z</time></trkpt><trkpt lat="44.46970844209873" lon="-64.25307355827046"><time>2026-07-04T21:25:33Z</time></trkpt><trkpt lat="44.46973298769635" lon="-64.25309143739368"><time>2026-07-04T21:25:34Z</time></trkpt><trkpt lat="44.46975382975669" lon="-64.2531054705962"><time>2026-07-04T21:25:35Z</time></trkpt><trkpt lat="44.46977458549024" lon="-64.25311953787083"><time>2026-07-04T21:25:36Z</time></trkpt><trkpt lat="44.469794941131624" lon="-64.25313760095587"><time>2026-07-04T21:25:37Z</time></trkpt><trkpt lat="44.469814111132756" lon="-64.25315670680222"><time>2026-07-04T21:25:38Z</time></trkpt><trkpt lat="44.46983399608668" lon="-64.25317335376074"><time>2026-07-04T21:25:39Z</time></trkpt><trkpt lat="44.469854747564646" lon="-64.2531884711823"><time>2026-07-04T21:25:40Z</time></trkpt><trkpt lat="44.469878229864406" lon="-64.25320161341334"><time>2026-07-04T21:25:41Z</time></trkpt><trkpt lat="44.469902628402586" lon="-64.25321366138579"><time>2026-07-04T21:25:42Z</time></trkpt><trkpt lat="44.46992435766499" lon="-64.25323176418692"><time>2026-07-04T21:25:43Z</time></trkpt><trkpt lat="44.46994836687278" lon="-64.25325077125775"><time>2026-07-04T21:25:44Z</time></trkpt><trkpt lat="44.46997089017596" lon="-64.25326805308865"><time>2026-07-04T21:25:45Z</time></trkpt><trkpt lat="44.46999086546886" lon="-64.25328836387575"><time>2026-07-04T21:25:46Z</time></trkpt><trkpt lat="44.47001137691965" lon="-64.25330724067254"><time>2026-07-04T21:25:47Z</time></trkpt><trkpt lat="44.470033744000766" lon="-64.2533276054427"><time>2026-07-04T21:25:48Z</time></trkpt><trkpt lat="44.470057800651226" lon="-64.25334259630206"><time>2026-07-04T21:25:49Z</time></trkpt><trkpt lat="44.470081109317334" lon="-64.25336076108312"><time>2026-07-04T21:25:50Z</time></trkpt><trkpt lat="44.47010649687836" lon="-64.25337894873321"><time>2026-07-04T21:25:51Z</time></trkpt><trkpt lat="44.47012972303219" lon="-64.25339788006656"><time>2026-07-04T21:25:52Z</time></trkpt><trkpt lat="44.4701535243916" lon="-64.25341731728066"><time>2026-07-04T21:25:53Z</time></trkpt><trkpt lat="44.470175582299646" lon="-64.25343832421957"><time>2026-07-04T21:25:54Z</time></trkpt><trkpt lat="44.47019610155855" lon="-64.25346103324175"><time>2026-07-04T21:25:55Z</time></trkpt><trkpt lat="44.470216543293716" lon="-64.25348036823527"><time>2026-07-04T21:25:56Z</time></trkpt><trkpt lat="44.470238712108944" lon="-64.25349937639466"><time>2026-07-04T21:25:57Z</time></trkpt><trkpt lat="44.470260990874834" lon="-64.25351864993186"><time>2026-07-04T21:25:58Z</time></trkpt><trkpt lat="44.470283053526614" lon="-64.25353768623067"><time>2026-07-04T21:25:59Z</time></trkpt><trkpt lat="44.470304659453944" lon="-64.25355834268342"><time>2026-07-04T21:26:00Z</time></trkpt><trkpt lat="44.47032455307444" lon="-64.25358066683093"><time>2026-07-04T21:26:01Z</time></trkpt><trkpt lat="44.470341623398745" lon="-64.25360697661844"><time>2026-07-04T21:26:02Z</time></trkpt><trkpt lat="44.47036048347473" lon="-64.25362946440002"><time>2026-07-04T21:26:03Z</time></trkpt><trkpt lat="44.470379706734086" lon="-64.25365043529801"><time>2026-07-04T21:26:04Z</time></trkpt><trkpt lat="44.47040009312281" lon="-64.25366964950457"><time>2026-07-04T21:26:05Z</time></trkpt><trkpt lat="44.47041857780016" lon="-64.25369213639183"><time>2026-07-04T21:26:06Z</time></trkpt><trkpt lat="44.47043259614766" lon="-64.2537145744641"><time>2026-07-04T21:26:07Z</time></trkpt><trkpt lat="44.47044848500649" lon="-64.25373932610738"><time>2026-07-04T21:26:08Z</time></trkpt><trkpt lat="44.470465401141965" lon="-64.2537580601969"><time>2026-07-04T21:26:09Z</time></trkpt><trkpt lat="44.47047849138168" lon="-64.25377736737612"><time>2026-07-04T21:26:10Z</time></trkpt><trkpt lat="44.47049844581429" lon="-64.2537940990896"><time>2026-07-04T21:26:11Z</time></trkpt><trkpt lat="44.47051554034734" lon="-64.25381032846528"><time>2026-07-04T21:26:12Z</time></trkpt><trkpt lat="44.470529718673" lon="-64.25382967690479"><time>2026-07-04T21:26:13Z</time></trkpt><trkpt lat="44.47054353764844" lon="-64.2538501623227"><time>2026-07-04T21:26:14Z</time></trkpt><trkpt lat="44.47055798095677" lon="-64.25387181710006"><time>2026-07-04T21:26:15Z</time></trkpt><trkpt lat="44.47057179296079" lon="-64.25389073083088"><time>2026-07-04T21:26:16Z</time></trkpt><trkpt lat="44.47058415063533" lon="-64.25390916974823"><time>2026-07-04T21:26:17Z</time></trkpt><trkpt lat="44.47060109322221" lon="-64.25392857338373"><time>2026-07-04T21:26:18Z</time></trkpt><trkpt lat="44.47062677570112" lon="-64.25396478764695"><time>2026-07-04T21:26:20Z</time></trkpt><trkpt lat="44.47064047311478" lon="-64.2539839836751"><time>2026-07-04T21:26:21Z</time></trkpt><trkpt lat="44.47065676699437" lon="-64.25400142284168"><time>2026-07-04T21:26:22Z</time></trkpt><trkpt lat="44.47067091862325" lon="-64.25401734425392"><time>2026-07-04T21:26:23Z</time></trkpt><trkpt lat="44.47068567581556" lon="-64.25403457937207"><time>2026-07-04T21:26:24Z</time></trkpt><trkpt lat="44.47071570260785" lon="-64.25406521794768"><time>2026-07-04T21:26:26Z</time></trkpt><trkpt lat="44.47073138424114" lon="-64.25408159387474"><time>2026-07-04T21:26:27Z</time></trkpt><trkpt lat="44.47074793938972" lon="-64.25409839449317"><time>2026-07-04T21:26:28Z</time></trkpt><trkpt lat="44.47076328605092" lon="-64.25411429462993"><time>2026-07-04T21:26:29Z</time></trkpt><trkpt lat="44.47077860933985" lon="-64.25413063409496"><time>2026-07-04T21:26:30Z</time></trkpt><trkpt lat="44.47079526658228" lon="-64.25414680732959"><time>2026-07-04T21:26:31Z</time></trkpt><trkpt lat="44.470809776632265" lon="-64.25416344575407"><time>2026-07-04T21:26:32Z</time></trkpt><trkpt lat="44.47082446681064" lon="-64.2541812706959"><time>2026-07-04T21:26:33Z</time></trkpt><trkpt lat="44.47084064038506" lon="-64.25419699779646"><time>2026-07-04T21:26:34Z</time></trkpt><trkpt lat="44.47085850113392" lon="-64.25421204262418"><time>2026-07-04T21:26:35Z</time></trkpt><trkpt lat="44.470875448243746" lon="-64.25423060081077"><time>2026-07-04T21:26:36Z</time></trkpt><trkpt lat="44.47089069323732" lon="-64.2542493689175"><time>2026-07-04T21:26:37Z</time></trkpt><trkpt lat="44.47090695806592" lon="-64.25426845893487"><time>2026-07-04T21:26:38Z</time></trkpt><trkpt lat="44.470921868411814" lon="-64.2542831133903"><time>2026-07-04T21:26:39Z</time></trkpt><trkpt lat="44.470936280360554" lon="-64.25429968562368"><time>2026-07-04T21:26:40Z</time></trkpt><trkpt lat="44.470953132263794" lon="-64.25431314526509"><time>2026-07-04T21:26:41Z</time></trkpt><trkpt lat="44.470982572804935" lon="-64.25434493906955"><time>2026-07-04T21:26:43Z</time></trkpt><trkpt lat="44.471000512115985" lon="-64.25435748240326"><time>2026-07-04T21:26:44Z</time></trkpt><trkpt lat="44.47101838430967" lon="-64.25436467231717"><time>2026-07-04T21:26:45Z</time></trkpt><trkpt lat="44.47103843800301" lon="-64.25437348313216"><time>2026-07-04T21:26:46Z</time></trkpt><trkpt lat="44.47105937332672" lon="-64.25438716723566"><time>2026-07-04T21:26:47Z</time></trkpt><trkpt lat="44.47108211077493" lon="-64.2543978225542"><time>2026-07-04T21:26:48Z</time></trkpt><trkpt lat="44.47110789403592" lon="-64.25440553005109"><time>2026-07-04T21:26:49Z</time></trkpt><trkpt lat="44.471133396357224" lon="-64.25441155258002"><time>2026-07-04T21:26:50Z</time></trkpt><trkpt lat="44.47115932190596" lon="-64.25441779208286"><time>2026-07-04T21:26:51Z</time></trkpt><trkpt lat="44.471187020193526" lon="-64.25442463301047"><time>2026-07-04T21:26:52Z</time></trkpt><trkpt lat="44.471213421464405" lon="-64.25443199573498"><time>2026-07-04T21:26:53Z</time></trkpt><trkpt lat="44.47123928001553" lon="-64.25444053757793"><time>2026-07-04T21:26:54Z</time></trkpt><trkpt lat="44.471266172835456" lon="-64.25444537604123"><time>2026-07-04T21:26:55Z</time></trkpt><trkpt lat="44.47129586174544" lon="-64.25444811252156"><time>2026-07-04T21:26:56Z</time></trkpt><trkpt lat="44.4713243047004" lon="-64.25444255884108"><time>2026-07-04T21:26:57Z</time></trkpt><trkpt lat="44.4713535661647" lon="-64.25445419492874"><time>2026-07-04T21:26:58Z</time></trkpt><trkpt lat="44.47137602569627" lon="-64.25446399496914"><time>2026-07-04T21:26:59Z</time></trkpt><trkpt lat="44.471406262288376" lon="-64.25451392893065"><time>2026-07-04T21:27:01Z</time></trkpt><trkpt lat="44.47142401346123" lon="-64.25454696446296"><time>2026-07-04T21:27:02Z</time></trkpt><trkpt lat="44.471409773745854" lon="-64.2545688415795"><time>2026-07-04T21:27:03Z</time></trkpt><trkpt lat="44.47139531460135" lon="-64.25458871387656"><time>2026-07-04T21:27:04Z</time></trkpt><trkpt lat="44.47137278474756" lon="-64.25460461398809"><time>2026-07-04T21:27:05Z</time></trkpt><trkpt lat="44.47135125958626" lon="-64.2546133995172"><time>2026-07-04T21:27:06Z</time></trkpt><trkpt lat="44.47132590506614" lon="-64.25461848270969"><time>2026-07-04T21:27:07Z</time></trkpt><trkpt lat="44.47129678376493" lon="-64.25462528697278"><time>2026-07-04T21:27:08Z</time></trkpt><trkpt lat="44.47126915376719" lon="-64.25463073538246"><time>2026-07-04T21:27:09Z</time></trkpt><trkpt lat="44.47123951383447" lon="-64.25464238766232"><time>2026-07-04T21:27:10Z</time></trkpt><trkpt lat="44.47121139583893" lon="-64.25465547070915"><time>2026-07-04T21:27:11Z</time></trkpt><trkpt lat="44.47118557397708" lon="-64.25467035843639"><time>2026-07-04T21:27:12Z</time></trkpt><trkpt lat="44.471159502104385" lon="-64.25468948019527"><time>2026-07-04T21:27:13Z</time></trkpt><trkpt lat="44.47113357441849" lon="-64.25471075366805"><time>2026-07-04T21:27:14Z</time></trkpt><trkpt lat="44.47110807000161" lon="-64.25473430006573"><time>2026-07-04T21:27:15Z</time></trkpt><trkpt lat="44.47108311695366" lon="-64.25475726228147"><time>2026-07-04T21:27:16Z</time></trkpt><trkpt lat="44.4710561768072" lon="-64.25477528826076"><time>2026-07-04T21:27:17Z</time></trkpt><trkpt lat="44.47102931134937" lon="-64.25478806343062"><time>2026-07-04T21:27:18Z</time></trkpt><trkpt lat="44.470999042528426" lon="-64.25480495021228"><time>2026-07-04T21:27:19Z</time></trkpt><trkpt lat="44.470970451332754" lon="-64.25481571622075"><time>2026-07-04T21:27:20Z</time></trkpt><trkpt lat="44.47093978235195" lon="-64.25482931837118"><time>2026-07-04T21:27:21Z</time></trkpt><trkpt lat="44.47090918247962" lon="-64.25484064246069"><time>2026-07-04T21:27:22Z</time></trkpt><trkpt lat="44.47088010941092" lon="-64.25485588864515"><time>2026-07-04T21:27:23Z</time></trkpt><trkpt lat="44.470853783519416" lon="-64.25487646434344"><time>2026-07-04T21:27:24Z</time></trkpt><trkpt lat="44.4708304243101" lon="-64.2548993606338"><time>2026-07-04T21:27:25Z</time></trkpt><trkpt lat="44.47080391789285" lon="-64.25491640194723"><time>2026-07-04T21:27:26Z</time></trkpt><trkpt lat="44.47077765525759" lon="-64.2549326035695"><time>2026-07-04T21:27:27Z</time></trkpt><trkpt lat="44.47074786788365" lon="-64.25494918157159"><time>2026-07-04T21:27:28Z</time></trkpt><trkpt lat="44.4707206807028" lon="-64.25496259670226"><time>2026-07-04T21:27:29Z</time></trkpt><trkpt lat="44.470692745016" lon="-64.25498079727515"><time>2026-07-04T21:27:30Z</time></trkpt><trkpt lat="44.47066541709971" lon="-64.25500120626846"><time>2026-07-04T21:27:31Z</time></trkpt><trkpt lat="44.47064041868113" lon="-64.25502371709138"><time>2026-07-04T21:27:32Z</time></trkpt><trkpt lat="44.470615608039324" lon="-64.25504496961739"><time>2026-07-04T21:27:33Z</time></trkpt><trkpt lat="44.47059213933472" lon="-64.25506767458646"><time>2026-07-04T21:27:34Z</time></trkpt><trkpt lat="44.470570650688565" lon="-64.2550917791993"><time>2026-07-04T21:27:35Z</time></trkpt><trkpt lat="44.4705451620484" lon="-64.25511189596297"><time>2026-07-04T21:27:36Z</time></trkpt><trkpt lat="44.47052196786021" lon="-64.25513362087943"><time>2026-07-04T21:27:37Z</time></trkpt><trkpt lat="44.47049830092616" lon="-64.25515414490367"><time>2026-07-04T21:27:38Z</time></trkpt><trkpt lat="44.47047340110102" lon="-64.25517263325413"><time>2026-07-04T21:27:39Z</time></trkpt><trkpt lat="44.47045011470225" lon="-64.25519704357751"><time>2026-07-04T21:27:40Z</time></trkpt><trkpt lat="44.4704275497555" lon="-64.25522007880183"><time>2026-07-04T21:27:41Z</time></trkpt><trkpt lat="44.47040654411519" lon="-64.25523701641683"><time>2026-07-04T21:27:42Z</time></trkpt><trkpt lat="44.47038349318991" lon="-64.25525614116748"><time>2026-07-04T21:27:43Z</time></trkpt><trkpt lat="44.47036289152994" lon="-64.2552764595283"><time>2026-07-04T21:27:44Z</time></trkpt><trkpt lat="44.47034387397812" lon="-64.25529872765966"><time>2026-07-04T21:27:45Z</time></trkpt><trkpt lat="44.47032246157948" lon="-64.25532001171905"><time>2026-07-04T21:27:46Z</time></trkpt><trkpt lat="44.47030531655818" lon="-64.25533530736115"><time>2026-07-04T21:27:47Z</time></trkpt><trkpt lat="44.47028465706948" lon="-64.25535376698069"><time>2026-07-04T21:27:48Z</time></trkpt><trkpt lat="44.47026783382408" lon="-64.25537675546734"><time>2026-07-04T21:27:49Z</time></trkpt><trkpt lat="44.470260267596885" lon="-64.25540168900139"><time>2026-07-04T21:27:50Z</time></trkpt><trkpt lat="44.47025894902245" lon="-64.25542771163944"><time>2026-07-04T21:27:51Z</time></trkpt><trkpt lat="44.470275045816344" lon="-64.25546721109203"><time>2026-07-04T21:27:53Z</time></trkpt><trkpt lat="44.47030534081634" lon="-64.25547850391848"><time>2026-07-04T21:27:55Z</time></trkpt><trkpt lat="44.47032799650095" lon="-64.25547598143389"><time>2026-07-04T21:27:56Z</time></trkpt><trkpt lat="44.47035235282866" lon="-64.25547354988737"><time>2026-07-04T21:27:57Z</time></trkpt><trkpt lat="44.470376238354326" lon="-64.25546736257516"><time>2026-07-04T21:27:58Z</time></trkpt><trkpt lat="44.470400007709394" lon="-64.25546338787676"><time>2026-07-04T21:27:59Z</time></trkpt><trkpt lat="44.470421856434136" lon="-64.25545972719405"><time>2026-07-04T21:28:00Z</time></trkpt><trkpt lat="44.47045277058946" lon="-64.25546001393063"><time>2026-07-04T21:28:01Z</time></trkpt><trkpt lat="44.470482404247754" lon="-64.25545589518698"><time>2026-07-04T21:28:02Z</time></trkpt><trkpt lat="44.4705137461578" lon="-64.25544831194517"><time>2026-07-04T21:28:03Z</time></trkpt><trkpt lat="44.47054624459331" lon="-64.25544609582451"><time>2026-07-04T21:28:04Z</time></trkpt><trkpt lat="44.47057818931817" lon="-64.25544286313178"><time>2026-07-04T21:28:05Z</time></trkpt><trkpt lat="44.4706111569034" lon="-64.25544059548032"><time>2026-07-04T21:28:06Z</time></trkpt><trkpt lat="44.47064317439316" lon="-64.25544011761107"><time>2026-07-04T21:28:07Z</time></trkpt><trkpt lat="44.47067517978659" lon="-64.25544581167301"><time>2026-07-04T21:28:08Z</time></trkpt><trkpt lat="44.47070555137598" lon="-64.25544663338978"><time>2026-07-04T21:28:09Z</time></trkpt><trkpt lat="44.470737187569206" lon="-64.25544992954774"><time>2026-07-04T21:28:10Z</time></trkpt><trkpt lat="44.47076773578897" lon="-64.25545118794926"><time>2026-07-04T21:28:11Z</time></trkpt><trkpt lat="44.47079772762182" lon="-64.25545448045222"><time>2026-07-04T21:28:12Z</time></trkpt><trkpt lat="44.47083065889129" lon="-64.25546118212122"><time>2026-07-04T21:28:13Z</time></trkpt><trkpt lat="44.47086053358266" lon="-64.25546736623845"><time>2026-07-04T21:28:14Z</time></trkpt><trkpt lat="44.47088870791743" lon="-64.25548133040334"><time>2026-07-04T21:28:15Z</time></trkpt><trkpt lat="44.47091671136026" lon="-64.25549316730867"><time>2026-07-04T21:28:16Z</time></trkpt><trkpt lat="44.470945379843315" lon="-64.25550209281748"><time>2026-07-04T21:28:17Z</time></trkpt><trkpt lat="44.470974842010435" lon="-64.2555111295006"><time>2026-07-04T21:28:18Z</time></trkpt><trkpt lat="44.47100478283088" lon="-64.25552299643377"><time>2026-07-04T21:28:19Z</time></trkpt><trkpt lat="44.47103423368056" lon="-64.25552808973386"><time>2026-07-04T21:28:20Z</time></trkpt><trkpt lat="44.47106478192414" lon="-64.25553719430307"><time>2026-07-04T21:28:21Z</time></trkpt><trkpt lat="44.4710934890471" lon="-64.25554628508993"><time>2026-07-04T21:28:22Z</time></trkpt><trkpt lat="44.471121399401355" lon="-64.25555275827021"><time>2026-07-04T21:28:23Z</time></trkpt><trkpt lat="44.47115164523278" lon="-64.25555688596577"><time>2026-07-04T21:28:24Z</time></trkpt><trkpt lat="44.47118279116941" lon="-64.25555711238194"><time>2026-07-04T21:28:25Z</time></trkpt><trkpt lat="44.471212342537015" lon="-64.2555613423077"><time>2026-07-04T21:28:26Z</time></trkpt><trkpt lat="44.47124356647525" lon="-64.25556774092554"><time>2026-07-04T21:28:27Z</time></trkpt><trkpt lat="44.4712734227656" lon="-64.25557325665737"><time>2026-07-04T21:28:28Z</time></trkpt><trkpt lat="44.47130110907912" lon="-64.25557987993116"><time>2026-07-04T21:28:29Z</time></trkpt><trkpt lat="44.47133345890354" lon="-64.25558888746777"><time>2026-07-04T21:28:30Z</time></trkpt><trkpt lat="44.47136413311964" lon="-64.25559494581621"><time>2026-07-04T21:28:31Z</time></trkpt><trkpt lat="44.47139446735369" lon="-64.2556028024316"><time>2026-07-04T21:28:32Z</time></trkpt><trkpt lat="44.471423025201915" lon="-64.25560316515096"><time>2026-07-04T21:28:33Z</time></trkpt><trkpt lat="44.47145451780224" lon="-64.25560104527283"><time>2026-07-04T21:28:34Z</time></trkpt><trkpt lat="44.471483954177955" lon="-64.2555958842671"><time>2026-07-04T21:28:35Z</time></trkpt><trkpt lat="44.47151575685062" lon="-64.25559565229987"><time>2026-07-04T21:28:36Z</time></trkpt><trkpt lat="44.47154555335477" lon="-64.25559639230026"><time>2026-07-04T21:28:37Z</time></trkpt><trkpt lat="44.4715776153521" lon="-64.25559952885403"><time>2026-07-04T21:28:38Z</time></trkpt><trkpt lat="44.47160667498473" lon="-64.255606349129"><time>2026-07-04T21:28:39Z</time></trkpt><trkpt lat="44.471636873298024" lon="-64.25561394025219"><time>2026-07-04T21:28:40Z</time></trkpt><trkpt lat="44.47166291200495" lon="-64.25562514529828"><time>2026-07-04T21:28:41Z</time></trkpt><trkpt lat="44.4716901697" lon="-64.25563787961873"><time>2026-07-04T21:28:42Z</time></trkpt><trkpt lat="44.47171903337913" lon="-64.25564651876077"><time>2026-07-04T21:28:43Z</time></trkpt><trkpt lat="44.4717487046815" lon="-64.25565691612545"><time>2026-07-04T21:28:44Z</time></trkpt><trkpt lat="44.47177612977047" lon="-64.2556657837096"><time>2026-07-04T21:28:45Z</time></trkpt><trkpt lat="44.47180478415229" lon="-64.25567384935461"><time>2026-07-04T21:28:46Z</time></trkpt><trkpt lat="44.47183231277077" lon="-64.25568611052799"><time>2026-07-04T21:28:47Z</time></trkpt><trkpt lat="44.4718596502766" lon="-64.2556994146546"><time>2026-07-04T21:28:48Z</time></trkpt><trkpt lat="44.47188763190071" lon="-64.25570673405596"><time>2026-07-04T21:28:49Z</time></trkpt><trkpt lat="44.47191825229258" lon="-64.25571653191724"><time>2026-07-04T21:28:50Z</time></trkpt><trkpt lat="44.47194570448828" lon="-64.25572432739878"><time>2026-07-04T21:28:51Z</time></trkpt><trkpt lat="44.47197322317211" lon="-64.2557341235474"><time>2026-07-04T21:28:52Z</time></trkpt><trkpt lat="44.472002452687924" lon="-64.2557412742493"><time>2026-07-04T21:28:53Z</time></trkpt><trkpt lat="44.472031339235045" lon="-64.25574630023887"><time>2026-07-04T21:28:54Z</time></trkpt><trkpt lat="44.47206031024182" lon="-64.25574897763873"><time>2026-07-04T21:28:55Z</time></trkpt><trkpt lat="44.47208835484538" lon="-64.25575297425611"><time>2026-07-04T21:28:56Z</time></trkpt><trkpt lat="44.47211623512626" lon="-64.25575942941941"><time>2026-07-04T21:28:57Z</time></trkpt><trkpt lat="44.472145442308026" lon="-64.25577028564298"><time>2026-07-04T21:28:58Z</time></trkpt><trkpt lat="44.472171098163095" lon="-64.25578491972743"><time>2026-07-04T21:28:59Z</time></trkpt><trkpt lat="44.47219743827017" lon="-64.25579859902889"><time>2026-07-04T21:29:00Z</time></trkpt><trkpt lat="44.47222280245619" lon="-64.25581067764521"><time>2026-07-04T21:29:01Z</time></trkpt><trkpt lat="44.47224974023638" lon="-64.25581932287126"><time>2026-07-04T21:29:02Z</time></trkpt><trkpt lat="44.472276459144666" lon="-64.25582535639374"><time>2026-07-04T21:29:03Z</time></trkpt><trkpt lat="44.47230567508815" lon="-64.25583200283135"><time>2026-07-04T21:29:04Z</time></trkpt><trkpt lat="44.47233508747679" lon="-64.25583666688236"><time>2026-07-04T21:29:05Z</time></trkpt><trkpt lat="44.47236110626946" lon="-64.25583993400716"><time>2026-07-04T21:29:06Z</time></trkpt><trkpt lat="44.47238904067545" lon="-64.25584839570774"><time>2026-07-04T21:29:07Z</time></trkpt><trkpt lat="44.47241650289461" lon="-64.25585772437752"><time>2026-07-04T21:29:08Z</time></trkpt><trkpt lat="44.47244173082052" lon="-64.25586605582305"><time>2026-07-04T21:29:09Z</time></trkpt><trkpt lat="44.472467773254635" lon="-64.25587509312912"><time>2026-07-04T21:29:10Z</time></trkpt><trkpt lat="44.47249504199234" lon="-64.25588380007288"><time>2026-07-04T21:29:11Z</time></trkpt><trkpt lat="44.47252130870551" lon="-64.25589516017034"><time>2026-07-04T21:29:12Z</time></trkpt><trkpt lat="44.4725458446777" lon="-64.25590788722536"><time>2026-07-04T21:29:13Z</time></trkpt><trkpt lat="44.47257103218135" lon="-64.25591683459272"><time>2026-07-04T21:29:14Z</time></trkpt><trkpt lat="44.472595136799875" lon="-64.25592490625706"><time>2026-07-04T21:29:15Z</time></trkpt><trkpt lat="44.472617976111614" lon="-64.25593401726195"><time>2026-07-04T21:29:16Z</time></trkpt><trkpt lat="44.47264222645574" lon="-64.25594451718456"><time>2026-07-04T21:29:17Z</time></trkpt><trkpt lat="44.472665065437816" lon="-64.25595852178262"><time>2026-07-04T21:29:18Z</time></trkpt><trkpt lat="44.472690876183776" lon="-64.25597076117631"><time>2026-07-04T21:29:19Z</time></trkpt><trkpt lat="44.472713895269415" lon="-64.25598139851635"><time>2026-07-04T21:29:20Z</time></trkpt><trkpt lat="44.47273638088739" lon="-64.25599256573297"><time>2026-07-04T21:29:21Z</time></trkpt><trkpt lat="44.472760440503734" lon="-64.25600423765061"><time>2026-07-04T21:29:22Z</time></trkpt><trkpt lat="44.47278494276384" lon="-64.25601719145962"><time>2026-07-04T21:29:23Z</time></trkpt><trkpt lat="44.47281085290186" lon="-64.25602794291746"><time>2026-07-04T21:29:24Z</time></trkpt><trkpt lat="44.472835708573875" lon="-64.25604128597124"><time>2026-07-04T21:29:25Z</time></trkpt><trkpt lat="44.47286014155729" lon="-64.25605399124449"><time>2026-07-04T21:29:26Z</time></trkpt><trkpt lat="44.4728846139794" lon="-64.25606898466721"><time>2026-07-04T21:29:27Z</time></trkpt><trkpt lat="44.47291057048802" lon="-64.25608559609607"><time>2026-07-04T21:29:28Z</time></trkpt><trkpt lat="44.472934257909024" lon="-64.25610209570677"><time>2026-07-04T21:29:29Z</time></trkpt><trkpt lat="44.472958647225916" lon="-64.25611408335901"><time>2026-07-04T21:29:30Z</time></trkpt><trkpt lat="44.47298456629097" lon="-64.25612558634162"><time>2026-07-04T21:29:31Z</time></trkpt><trkpt lat="44.473010631685256" lon="-64.25613947375174"><time>2026-07-04T21:29:32Z</time></trkpt><trkpt lat="44.47303520112489" lon="-64.2561528780764"><time>2026-07-04T21:29:33Z</time></trkpt><trkpt lat="44.473061523816064" lon="-64.25616193880875"><time>2026-07-04T21:29:34Z</time></trkpt><trkpt lat="44.473087498702" lon="-64.2561734704198"><time>2026-07-04T21:29:35Z</time></trkpt><trkpt lat="44.473112481329196" lon="-64.2561863086788"><time>2026-07-04T21:29:36Z</time></trkpt><trkpt lat="44.473138688687975" lon="-64.25619966003825"><time>2026-07-04T21:29:37Z</time></trkpt><trkpt lat="44.473164117180495" lon="-64.25621026175392"><time>2026-07-04T21:29:38Z</time></trkpt><trkpt lat="44.47319081303448" lon="-64.25622420051907"><time>2026-07-04T21:29:39Z</time></trkpt><trkpt lat="44.473214911781284" lon="-64.25623932993877"><time>2026-07-04T21:29:40Z</time></trkpt><trkpt lat="44.473240039965155" lon="-64.25625256182437"><time>2026-07-04T21:29:41Z</time></trkpt><trkpt lat="44.4732669015314" lon="-64.25626368246428"><time>2026-07-04T21:29:42Z</time></trkpt><trkpt lat="44.473293365872166" lon="-64.25627501330847"><time>2026-07-04T21:29:43Z</time></trkpt><trkpt lat="44.473318604672954" lon="-64.25628869143102"><time>2026-07-04T21:29:44Z</time></trkpt><trkpt lat="44.47334330426521" lon="-64.2563037759257"><time>2026-07-04T21:29:45Z</time></trkpt><trkpt lat="44.47336707361692" lon="-64.25632051115983"><time>2026-07-04T21:29:46Z</time></trkpt><trkpt lat="44.473392427530854" lon="-64.25633573840142"><time>2026-07-04T21:29:47Z</time></trkpt><trkpt lat="44.47341566473448" lon="-64.25635313720785"><time>2026-07-04T21:29:48Z</time></trkpt><trkpt lat="44.47343864914712" lon="-64.25637139522456"><time>2026-07-04T21:29:49Z</time></trkpt><trkpt lat="44.4734603966945" lon="-64.25638556337947"><time>2026-07-04T21:29:50Z</time></trkpt><trkpt lat="44.47348296464724" lon="-64.2563996123171"><time>2026-07-04T21:29:51Z</time></trkpt><trkpt lat="44.47350394534593" lon="-64.25641248993539"><time>2026-07-04T21:29:52Z</time></trkpt><trkpt lat="44.47352760357798" lon="-64.25642332830725"><time>2026-07-04T21:29:53Z</time></trkpt><trkpt lat="44.47355390108367" lon="-64.25642721054291"><time>2026-07-04T21:29:54Z</time></trkpt><trkpt lat="44.47358034776329" lon="-64.25642852583266"><time>2026-07-04T21:29:55Z</time></trkpt><trkpt lat="44.47360781666687" lon="-64.25643224851943"><time>2026-07-04T21:29:56Z</time></trkpt><trkpt lat="44.47363546551111" lon="-64.25643760685317"><time>2026-07-04T21:29:57Z</time></trkpt><trkpt lat="44.473661804493155" lon="-64.25644764557059"><time>2026-07-04T21:29:58Z</time></trkpt><trkpt lat="44.473689051223886" lon="-64.25646124131795"><time>2026-07-04T21:29:59Z</time></trkpt><trkpt lat="44.473713336721396" lon="-64.25647406461191"><time>2026-07-04T21:30:00Z</time></trkpt><trkpt lat="44.47374179664263" lon="-64.25648596446146"><time>2026-07-04T21:30:01Z</time></trkpt><trkpt lat="44.47376787394614" lon="-64.25649417046647"><time>2026-07-04T21:30:02Z</time></trkpt><trkpt lat="44.47379554280863" lon="-64.25650509114115"><time>2026-07-04T21:30:03Z</time></trkpt><trkpt lat="44.47382258668211" lon="-64.25652027566618"><time>2026-07-04T21:30:04Z</time></trkpt><trkpt lat="44.47385081378841" lon="-64.25653294125742"><time>2026-07-04T21:30:05Z</time></trkpt><trkpt lat="44.47387991887059" lon="-64.25654528877696"><time>2026-07-04T21:30:06Z</time></trkpt><trkpt lat="44.47390713365631" lon="-64.25655294013984"><time>2026-07-04T21:30:07Z</time></trkpt><trkpt lat="44.47393618228567" lon="-64.25655562054644"><time>2026-07-04T21:30:08Z</time></trkpt><trkpt lat="44.473963260511646" lon="-64.25655550003904"><time>2026-07-04T21:30:09Z</time></trkpt><trkpt lat="44.473993911902674" lon="-64.25655762124853"><time>2026-07-04T21:30:10Z</time></trkpt><trkpt lat="44.474025769028756" lon="-64.25656767662691"><time>2026-07-04T21:30:11Z</time></trkpt><trkpt lat="44.474056344654045" lon="-64.25657933248063"><time>2026-07-04T21:30:12Z</time></trkpt><trkpt lat="44.474083501558034" lon="-64.25658493241164"><time>2026-07-04T21:30:13Z</time></trkpt><trkpt lat="44.47411347966968" lon="-64.25660061552966"><time>2026-07-04T21:30:14Z</time></trkpt><trkpt lat="44.474140550293065" lon="-64.25661199513857"><time>2026-07-04T21:30:15Z</time></trkpt><trkpt lat="44.47416645800093" lon="-64.25662677277157"><time>2026-07-04T21:30:16Z</time></trkpt><trkpt lat="44.47419466501801" lon="-64.25663697178071"><time>2026-07-04T21:30:17Z</time></trkpt><trkpt lat="44.474221956128744" lon="-64.25664210027313"><time>2026-07-04T21:30:18Z</time></trkpt><trkpt lat="44.47424910831242" lon="-64.25665235456756"><time>2026-07-04T21:30:19Z</time></trkpt><trkpt lat="44.47427956360897" lon="-64.2566576027881"><time>2026-07-04T21:30:20Z</time></trkpt><trkpt lat="44.47430678190002" lon="-64.25667063878542"><time>2026-07-04T21:30:21Z</time></trkpt><trkpt lat="44.474332365160436" lon="-64.25668993912512"><time>2026-07-04T21:30:22Z</time></trkpt><trkpt lat="44.47435683829057" lon="-64.25671174217344"><time>2026-07-04T21:30:23Z</time></trkpt><trkpt lat="44.47438104097156" lon="-64.25673026265797"><time>2026-07-04T21:30:24Z</time></trkpt><trkpt lat="44.47440470125925" lon="-64.25674747229422"><time>2026-07-04T21:30:25Z</time></trkpt><trkpt lat="44.47443003110632" lon="-64.25676167691515"><time>2026-07-04T21:30:26Z</time></trkpt><trkpt lat="44.474454421178734" lon="-64.25678028087839"><time>2026-07-04T21:30:27Z</time></trkpt><trkpt lat="44.47447860218347" lon="-64.25679859757099"><time>2026-07-04T21:30:28Z</time></trkpt><trkpt lat="44.47450378629253" lon="-64.25681772751764"><time>2026-07-04T21:30:29Z</time></trkpt><trkpt lat="44.47452792050972" lon="-64.25683763433373"><time>2026-07-04T21:30:30Z</time></trkpt><trkpt lat="44.47455195291475" lon="-64.25685577773348"><time>2026-07-04T21:30:31Z</time></trkpt><trkpt lat="44.474577879466146" lon="-64.25687189738471"><time>2026-07-04T21:30:32Z</time></trkpt><trkpt lat="44.47460213250627" lon="-64.25689137122515"><time>2026-07-04T21:30:33Z</time></trkpt><trkpt lat="44.474625265039165" lon="-64.25691275427349"><time>2026-07-04T21:30:34Z</time></trkpt><trkpt lat="44.47464960531765" lon="-64.2569318272533"><time>2026-07-04T21:30:35Z</time></trkpt><trkpt lat="44.47467438493881" lon="-64.25694918462776"><time>2026-07-04T21:30:36Z</time></trkpt><trkpt lat="44.47469829618264" lon="-64.25696464304754"><time>2026-07-04T21:30:37Z</time></trkpt><trkpt lat="44.47472292048931" lon="-64.2569818497267"><time>2026-07-04T21:30:38Z</time></trkpt><trkpt lat="44.47474951726905" lon="-64.25699546398688"><time>2026-07-04T21:30:39Z</time></trkpt><trkpt lat="44.474778010714566" lon="-64.25700868630388"><time>2026-07-04T21:30:40Z</time></trkpt><trkpt lat="44.47480473739167" lon="-64.25702462664519"><time>2026-07-04T21:30:41Z</time></trkpt><trkpt lat="44.47483107243667" lon="-64.25703934469259"><time>2026-07-04T21:30:42Z</time></trkpt><trkpt lat="44.47485677836799" lon="-64.25705562438385"><time>2026-07-04T21:30:43Z</time></trkpt><trkpt lat="44.47488124055905" lon="-64.25707227451893"><time>2026-07-04T21:30:44Z</time></trkpt><trkpt lat="44.474905651750575" lon="-64.25708960118064"><time>2026-07-04T21:30:45Z</time></trkpt><trkpt lat="44.474930219472775" lon="-64.25710909310565"><time>2026-07-04T21:30:46Z</time></trkpt><trkpt lat="44.47495549933212" lon="-64.25712902781764"><time>2026-07-04T21:30:47Z</time></trkpt><trkpt lat="44.474980687849715" lon="-64.25715085401413"><time>2026-07-04T21:30:48Z</time></trkpt><trkpt lat="44.47500695196899" lon="-64.257170764468"><time>2026-07-04T21:30:49Z</time></trkpt><trkpt lat="44.475027764189335" lon="-64.25719111375632"><time>2026-07-04T21:30:50Z</time></trkpt><trkpt lat="44.475050679225454" lon="-64.25721541601665"><time>2026-07-04T21:30:51Z</time></trkpt><trkpt lat="44.47507142569345" lon="-64.25723640567276"><time>2026-07-04T21:30:52Z</time></trkpt><trkpt lat="44.475090025005905" lon="-64.25725999389796"><time>2026-07-04T21:30:53Z</time></trkpt><trkpt lat="44.47511045588589" lon="-64.25728159983413"><time>2026-07-04T21:30:54Z</time></trkpt><trkpt lat="44.475131885868095" lon="-64.25730325656728"><time>2026-07-04T21:30:55Z</time></trkpt><trkpt lat="44.4751553987441" lon="-64.25731795119565"><time>2026-07-04T21:30:56Z</time></trkpt><trkpt lat="44.47517826623601" lon="-64.25733739404961"><time>2026-07-04T21:30:57Z</time></trkpt><trkpt lat="44.475199753966045" lon="-64.25735605448034"><time>2026-07-04T21:30:58Z</time></trkpt><trkpt lat="44.47521748162451" lon="-64.25737384926732"><time>2026-07-04T21:30:59Z</time></trkpt><trkpt lat="44.4752368123232" lon="-64.2573903031058"><time>2026-07-04T21:31:00Z</time></trkpt><trkpt lat="44.47526071214131" lon="-64.25740523587241"><time>2026-07-04T21:31:01Z</time></trkpt><trkpt lat="44.47528517574759" lon="-64.25742597992424"><time>2026-07-04T21:31:02Z</time></trkpt><trkpt lat="44.47530716650398" lon="-64.25744905011734"><time>2026-07-04T21:31:03Z</time></trkpt><trkpt lat="44.47532921045464" lon="-64.25745983715808"><time>2026-07-04T21:31:04Z</time></trkpt><trkpt lat="44.47535188062577" lon="-64.25747584390649"><time>2026-07-04T21:31:05Z</time></trkpt><trkpt lat="44.47537713309005" lon="-64.25749238974146"><time>2026-07-04T21:31:06Z</time></trkpt><trkpt lat="44.4754036836265" lon="-64.25751740370568"><time>2026-07-04T21:31:07Z</time></trkpt><trkpt lat="44.4754316413933" lon="-64.25752603498898"><time>2026-07-04T21:31:08Z</time></trkpt><trkpt lat="44.47545977779564" lon="-64.25754603234543"><time>2026-07-04T21:31:09Z</time></trkpt><trkpt lat="44.47548597444389" lon="-64.25756817791644"><time>2026-07-04T21:31:10Z</time></trkpt><trkpt lat="44.475512711041375" lon="-64.2575873429668"><time>2026-07-04T21:31:11Z</time></trkpt><trkpt lat="44.47553839648815" lon="-64.25760249491648"><time>2026-07-04T21:31:12Z</time></trkpt><trkpt lat="44.47556681066534" lon="-64.2576158225332"><time>2026-07-04T21:31:13Z</time></trkpt><trkpt lat="44.475596980286895" lon="-64.25762731841155"><time>2026-07-04T21:31:14Z</time></trkpt><trkpt lat="44.475622203442185" lon="-64.25764415658482"><time>2026-07-04T21:31:15Z</time></trkpt><trkpt lat="44.475651219796305" lon="-64.25766197488515"><time>2026-07-04T21:31:16Z</time></trkpt><trkpt lat="44.475678619054264" lon="-64.25767880250716"><time>2026-07-04T21:31:17Z</time></trkpt><trkpt lat="44.47570518988679" lon="-64.25770051345658"><time>2026-07-04T21:31:18Z</time></trkpt><trkpt lat="44.475732299892684" lon="-64.25771858277655"><time>2026-07-04T21:31:19Z</time></trkpt><trkpt lat="44.475760829618245" lon="-64.25773947925002"><time>2026-07-04T21:31:20Z</time></trkpt><trkpt lat="44.47578909874784" lon="-64.2577616237122"><time>2026-07-04T21:31:21Z</time></trkpt><trkpt lat="44.47581501696966" lon="-64.25777587493278"><time>2026-07-04T21:31:22Z</time></trkpt><trkpt lat="44.47583978958878" lon="-64.25780331211249"><time>2026-07-04T21:31:23Z</time></trkpt><trkpt lat="44.475864704174924" lon="-64.25782700559998"><time>2026-07-04T21:31:24Z</time></trkpt><trkpt lat="44.47589150794293" lon="-64.25784900309857"><time>2026-07-04T21:31:25Z</time></trkpt><trkpt lat="44.47591921158129" lon="-64.25786858125038"><time>2026-07-04T21:31:26Z</time></trkpt><trkpt lat="44.475948541057114" lon="-64.25788337526672"><time>2026-07-04T21:31:27Z</time></trkpt><trkpt lat="44.475974202569226" lon="-64.25790298793618"><time>2026-07-04T21:31:28Z</time></trkpt><trkpt lat="44.47600275746029" lon="-64.25791191873805"><time>2026-07-04T21:31:29Z</time></trkpt><trkpt lat="44.476032048372645" lon="-64.25792557685493"><time>2026-07-04T21:31:30Z</time></trkpt><trkpt lat="44.47605789161274" lon="-64.2579406323574"><time>2026-07-04T21:31:31Z</time></trkpt><trkpt lat="44.47608225019228" lon="-64.25796052468984"><time>2026-07-04T21:31:32Z</time></trkpt><trkpt lat="44.476108040625135" lon="-64.25798080349715"><time>2026-07-04T21:31:33Z</time></trkpt><trkpt lat="44.47613538992235" lon="-64.25799772769312"><time>2026-07-04T21:31:34Z</time></trkpt><trkpt lat="44.47616354926854" lon="-64.25801501252407"><time>2026-07-04T21:31:35Z</time></trkpt><trkpt lat="44.47619268360878" lon="-64.25802600107521"><time>2026-07-04T21:31:36Z</time></trkpt><trkpt lat="44.47622291978543" lon="-64.2580383073375"><time>2026-07-04T21:31:37Z</time></trkpt><trkpt lat="44.47625510156948" lon="-64.25804490804028"><time>2026-07-04T21:31:38Z</time></trkpt><trkpt lat="44.47629719092968" lon="-64.25806351420863"><time>2026-07-04T21:31:39Z</time></trkpt><trkpt lat="44.47632227173632" lon="-64.25808038713573"><time>2026-07-04T21:31:40Z</time></trkpt><trkpt lat="44.47634418151589" lon="-64.25808839000543"><time>2026-07-04T21:31:41Z</time></trkpt><trkpt lat="44.4763715143025" lon="-64.25810674485392"><time>2026-07-04T21:31:42Z</time></trkpt><trkpt lat="44.47640045831724" lon="-64.25812430970521"><time>2026-07-04T21:31:43Z</time></trkpt><trkpt lat="44.476430506642764" lon="-64.25813664421017"><time>2026-07-04T21:31:44Z</time></trkpt><trkpt lat="44.476460255997374" lon="-64.25814755200354"><time>2026-07-04T21:31:45Z</time></trkpt><trkpt lat="44.47648833263952" lon="-64.25816159961718"><time>2026-07-04T21:31:46Z</time></trkpt><trkpt lat="44.47651747548287" lon="-64.25817697112163"><time>2026-07-04T21:31:47Z</time></trkpt><trkpt lat="44.476546334861816" lon="-64.25819060726249"><time>2026-07-04T21:31:48Z</time></trkpt><trkpt lat="44.47657745839596" lon="-64.25820479467241"><time>2026-07-04T21:31:49Z</time></trkpt><trkpt lat="44.47660744076496" lon="-64.25821794970916"><time>2026-07-04T21:31:50Z</time></trkpt><trkpt lat="44.476634352542966" lon="-64.25823254152913"><time>2026-07-04T21:31:51Z</time></trkpt><trkpt lat="44.47666429038016" lon="-64.25824757040357"><time>2026-07-04T21:31:52Z</time></trkpt><trkpt lat="44.47669310981225" lon="-64.25826644213936"><time>2026-07-04T21:31:53Z</time></trkpt><trkpt lat="44.476720560904766" lon="-64.2582857435519"><time>2026-07-04T21:31:54Z</time></trkpt><trkpt lat="44.47674946795942" lon="-64.25829826996883"><time>2026-07-04T21:31:55Z</time></trkpt><trkpt lat="44.476780029294616" lon="-64.258311959826"><time>2026-07-04T21:31:56Z</time></trkpt><trkpt lat="44.47681046119921" lon="-64.25831955022304"><time>2026-07-04T21:31:57Z</time></trkpt><trkpt lat="44.47683859093049" lon="-64.25831960278254"><time>2026-07-04T21:31:58Z</time></trkpt><trkpt lat="44.476870380970034" lon="-64.2583407630642"><time>2026-07-04T21:31:59Z</time></trkpt><trkpt lat="44.47690346706603" lon="-64.25836201365945"><time>2026-07-04T21:32:00Z</time></trkpt><trkpt lat="44.476933008529585" lon="-64.25837360340334"><time>2026-07-04T21:32:01Z</time></trkpt><trkpt lat="44.47696437572659" lon="-64.25838872545938"><time>2026-07-04T21:32:02Z</time></trkpt><trkpt lat="44.47698994216044" lon="-64.2584074716416"><time>2026-07-04T21:32:03Z</time></trkpt><trkpt lat="44.47701882898806" lon="-64.25842518382483"><time>2026-07-04T21:32:04Z</time></trkpt><trkpt lat="44.47704704222625" lon="-64.25843684340569"><time>2026-07-04T21:32:05Z</time></trkpt><trkpt lat="44.477079580774685" lon="-64.25844669578868"><time>2026-07-04T21:32:06Z</time></trkpt><trkpt lat="44.47711279002957" lon="-64.258454162406"><time>2026-07-04T21:32:07Z</time></trkpt><trkpt lat="44.4771455010369" lon="-64.25845960730368"><time>2026-07-04T21:32:08Z</time></trkpt><trkpt lat="44.47717973616921" lon="-64.25846505317021"><time>2026-07-04T21:32:09Z</time></trkpt><trkpt lat="44.477211597489756" lon="-64.25847377409235"><time>2026-07-04T21:32:10Z</time></trkpt><trkpt lat="44.477243448134885" lon="-64.2584876834006"><time>2026-07-04T21:32:11Z</time></trkpt><trkpt lat="44.47727185250762" lon="-64.25850498945107"><time>2026-07-04T21:32:12Z</time></trkpt><trkpt lat="44.47729692389662" lon="-64.25852542778681"><time>2026-07-04T21:32:13Z</time></trkpt><trkpt lat="44.47732175865964" lon="-64.25854805803962"><time>2026-07-04T21:32:14Z</time></trkpt><trkpt lat="44.47734614712216" lon="-64.25857432690805"><time>2026-07-04T21:32:15Z</time></trkpt><trkpt lat="44.477370530894305" lon="-64.25859795915217"><time>2026-07-04T21:32:16Z</time></trkpt><trkpt lat="44.47739470505331" lon="-64.25862140939512"><time>2026-07-04T21:32:17Z</time></trkpt><trkpt lat="44.477419463105484" lon="-64.25864483322272"><time>2026-07-04T21:32:18Z</time></trkpt><trkpt lat="44.47744610315174" lon="-64.25866464237235"><time>2026-07-04T21:32:19Z</time></trkpt><trkpt lat="44.47747299654046" lon="-64.25867997136949"><time>2026-07-04T21:32:20Z</time></trkpt><trkpt lat="44.47750363308126" lon="-64.25869371443522"><time>2026-07-04T21:32:21Z</time></trkpt><trkpt lat="44.477533780017424" lon="-64.25870813771324"><time>2026-07-04T21:32:22Z</time></trkpt><trkpt lat="44.4775634902024" lon="-64.2587249985432"><time>2026-07-04T21:32:23Z</time></trkpt><trkpt lat="44.47759197219731" lon="-64.25874510546193"><time>2026-07-04T21:32:24Z</time></trkpt><trkpt lat="44.47761565362576" lon="-64.25876801350813"><time>2026-07-04T21:32:25Z</time></trkpt><trkpt lat="44.477638347047936" lon="-64.25878949296137"><time>2026-07-04T21:32:26Z</time></trkpt><trkpt lat="44.47766176918784" lon="-64.25881592208079"><time>2026-07-04T21:32:27Z</time></trkpt><trkpt lat="44.47768252048789" lon="-64.2588413278001"><time>2026-07-04T21:32:28Z</time></trkpt><trkpt lat="44.47770456078747" lon="-64.25886827893244"><time>2026-07-04T21:32:29Z</time></trkpt><trkpt lat="44.47772786411344" lon="-64.2588902774954"><time>2026-07-04T21:32:30Z</time></trkpt><trkpt lat="44.47775336586939" lon="-64.2589108241108"><time>2026-07-04T21:32:31Z</time></trkpt><trkpt lat="44.47777983319083" lon="-64.25892928510535"><time>2026-07-04T21:32:32Z</time></trkpt><trkpt lat="44.477805831537374" lon="-64.25894880246925"><time>2026-07-04T21:32:33Z</time></trkpt><trkpt lat="44.47783291402689" lon="-64.25896701002092"><time>2026-07-04T21:32:34Z</time></trkpt><trkpt lat="44.47786070558105" lon="-64.25898585372462"><time>2026-07-04T21:32:35Z</time></trkpt><trkpt lat="44.47788898006457" lon="-64.25900535783578"><time>2026-07-04T21:32:36Z</time></trkpt><trkpt lat="44.477918212874066" lon="-64.25902621938263"><time>2026-07-04T21:32:37Z</time></trkpt><trkpt lat="44.477946332319256" lon="-64.25904602855918"><time>2026-07-04T21:32:38Z</time></trkpt><trkpt lat="44.47797293480584" lon="-64.25906568098559"><time>2026-07-04T21:32:39Z</time></trkpt><trkpt lat="44.47800063652005" lon="-64.25908762907771"><time>2026-07-04T21:32:40Z</time></trkpt><trkpt lat="44.478025713588636" lon="-64.25910938489005"><time>2026-07-04T21:32:41Z</time></trkpt><trkpt lat="44.47805029947325" lon="-64.25913105237068"><time>2026-07-04T21:32:42Z</time></trkpt><trkpt lat="44.47807798660979" lon="-64.25915230826871"><time>2026-07-04T21:32:43Z</time></trkpt><trkpt lat="44.4781038141088" lon="-64.2591737125496"><time>2026-07-04T21:32:44Z</time></trkpt><trkpt lat="44.47813898274954" lon="-64.25918612502835"><time>2026-07-04T21:32:45Z</time></trkpt><trkpt lat="44.47817226473822" lon="-64.25922379791743"><time>2026-07-04T21:32:46Z</time></trkpt><trkpt lat="44.47820189936908" lon="-64.2592420397163"><time>2026-07-04T21:32:47Z</time></trkpt><trkpt lat="44.47823673797956" lon="-64.259261930029"><time>2026-07-04T21:32:48Z</time></trkpt><trkpt lat="44.478267885578" lon="-64.25928717411965"><time>2026-07-04T21:32:49Z</time></trkpt><trkpt lat="44.478291970414546" lon="-64.25930879918114"><time>2026-07-04T21:32:50Z</time></trkpt><trkpt lat="44.478318325604526" lon="-64.25932557726445"><time>2026-07-04T21:32:51Z</time></trkpt><trkpt lat="44.478345762056925" lon="-64.25933652487666"><time>2026-07-04T21:32:52Z</time></trkpt><trkpt lat="44.47838083615004" lon="-64.25934986160964"><time>2026-07-04T21:32:53Z</time></trkpt><trkpt lat="44.47840851288419" lon="-64.25936980287702"><time>2026-07-04T21:32:54Z</time></trkpt><trkpt lat="44.478438471999226" lon="-64.25938807848826"><time>2026-07-04T21:32:55Z</time></trkpt><trkpt lat="44.478469935695884" lon="-64.25940753123216"><time>2026-07-04T21:32:56Z</time></trkpt><trkpt lat="44.47850059284654" lon="-64.25942464300702"><time>2026-07-04T21:32:57Z</time></trkpt><trkpt lat="44.47853165809164" lon="-64.25944251806463"><time>2026-07-04T21:32:58Z</time></trkpt><trkpt lat="44.47855956498036" lon="-64.25947417947283"><time>2026-07-04T21:32:59Z</time></trkpt><trkpt lat="44.47859007110772" lon="-64.25948543459083"><time>2026-07-04T21:33:00Z</time></trkpt><trkpt lat="44.4786180856838" lon="-64.25950806577379"><time>2026-07-04T21:33:01Z</time></trkpt><trkpt lat="44.47864726874932" lon="-64.25952470821319"><time>2026-07-04T21:33:02Z</time></trkpt><trkpt lat="44.47867627108861" lon="-64.25954493358903"><time>2026-07-04T21:33:03Z</time></trkpt><trkpt lat="44.47870713126248" lon="-64.25955903707487"><time>2026-07-04T21:33:04Z</time></trkpt><trkpt lat="44.47873803921473" lon="-64.25957550823529"><time>2026-07-04T21:33:05Z</time></trkpt><trkpt lat="44.4787683347231" lon="-64.25959240571038"><time>2026-07-04T21:33:06Z</time></trkpt><trkpt lat="44.47879696693465" lon="-64.25961083769852"><time>2026-07-04T21:33:07Z</time></trkpt><trkpt lat="44.47882534540662" lon="-64.2596296457381"><time>2026-07-04T21:33:08Z</time></trkpt><trkpt lat="44.4788518131041" lon="-64.2596516737103"><time>2026-07-04T21:33:09Z</time></trkpt><trkpt lat="44.47887994846712" lon="-64.25967457611073"><time>2026-07-04T21:33:10Z</time></trkpt><trkpt lat="44.47889719806381" lon="-64.25969110642288"><time>2026-07-04T21:33:11Z</time></trkpt><trkpt lat="44.47891615760329" lon="-64.2597267578118"><time>2026-07-04T21:33:12Z</time></trkpt><trkpt lat="44.47894984217488" lon="-64.25973200017312"><time>2026-07-04T21:33:13Z</time></trkpt><trkpt lat="44.47897773713108" lon="-64.25973997773022"><time>2026-07-04T21:33:14Z</time></trkpt><trkpt lat="44.47899064787567" lon="-64.25977492098306"><time>2026-07-04T21:33:15Z</time></trkpt><trkpt lat="44.479017481799495" lon="-64.25980033210247"><time>2026-07-04T21:33:16Z</time></trkpt><trkpt lat="44.47904560569706" lon="-64.25982570694201"><time>2026-07-04T21:33:17Z</time></trkpt><trkpt lat="44.479081084219445" lon="-64.25984683460328"><time>2026-07-04T21:33:18Z</time></trkpt><trkpt lat="44.479105069157285" lon="-64.2598808678571"><time>2026-07-04T21:33:19Z</time></trkpt><trkpt lat="44.47912864343583" lon="-64.25990771680823"><time>2026-07-04T21:33:20Z</time></trkpt><trkpt lat="44.47914646386706" lon="-64.25993767580935"><time>2026-07-04T21:33:21Z</time></trkpt><trkpt lat="44.47917150605148" lon="-64.25996474892283"><time>2026-07-04T21:33:22Z</time></trkpt><trkpt lat="44.47919572071131" lon="-64.25999196511715"><time>2026-07-04T21:33:23Z</time></trkpt><trkpt lat="44.47922418497931" lon="-64.26002626069257"><time>2026-07-04T21:33:24Z</time></trkpt><trkpt lat="44.47924137363815" lon="-64.26005995358503"><time>2026-07-04T21:33:25Z</time></trkpt><trkpt lat="44.479266752580166" lon="-64.26007625650558"><time>2026-07-04T21:33:26Z</time></trkpt><trkpt lat="44.479302002975516" lon="-64.26006576415666"><time>2026-07-04T21:33:27Z</time></trkpt><trkpt lat="44.47935311607559" lon="-64.26009160980611"><time>2026-07-04T21:33:28Z</time></trkpt><trkpt lat="44.479377465588804" lon="-64.260148752892"><time>2026-07-04T21:33:30Z</time></trkpt><trkpt lat="44.479390499300216" lon="-64.26018439922522"><time>2026-07-04T21:33:31Z</time></trkpt><trkpt lat="44.47942447006391" lon="-64.26020881533847"><time>2026-07-04T21:33:32Z</time></trkpt><trkpt lat="44.479439265588596" lon="-64.26023086668154"><time>2026-07-04T21:33:33Z</time></trkpt><trkpt lat="44.47946554469107" lon="-64.26026583277287"><time>2026-07-04T21:33:34Z</time></trkpt><trkpt lat="44.479490974710934" lon="-64.26028180152628"><time>2026-07-04T21:33:35Z</time></trkpt><trkpt lat="44.47951622586508" lon="-64.26030688345297"><time>2026-07-04T21:33:36Z</time></trkpt><trkpt lat="44.47954239077176" lon="-64.26032991201504"><time>2026-07-04T21:33:37Z</time></trkpt><trkpt lat="44.479565923875846" lon="-64.26035389907459"><time>2026-07-04T21:33:38Z</time></trkpt><trkpt lat="44.47958873766474" lon="-64.26037991440023"><time>2026-07-04T21:33:39Z</time></trkpt><trkpt lat="44.479611822761335" lon="-64.26040529766155"><time>2026-07-04T21:33:40Z</time></trkpt><trkpt lat="44.479638168505076" lon="-64.26042728312298"><time>2026-07-04T21:33:41Z</time></trkpt><trkpt lat="44.47966033970649" lon="-64.26044966027784"><time>2026-07-04T21:33:42Z</time></trkpt><trkpt lat="44.47968289887343" lon="-64.26047004184585"><time>2026-07-04T21:33:43Z</time></trkpt><trkpt lat="44.47970958748119" lon="-64.26048174281631"><time>2026-07-04T21:33:44Z</time></trkpt><trkpt lat="44.479736726309554" lon="-64.2604996783158"><time>2026-07-04T21:33:45Z</time></trkpt><trkpt lat="44.479765113784225" lon="-64.26052257134307"><time>2026-07-04T21:33:46Z</time></trkpt><trkpt lat="44.479788329634026" lon="-64.2605472490942"><time>2026-07-04T21:33:47Z</time></trkpt><trkpt lat="44.47980717453776" lon="-64.26057425096745"><time>2026-07-04T21:33:48Z</time></trkpt><trkpt lat="44.47982224284649" lon="-64.26060391070195"><time>2026-07-04T21:33:49Z</time></trkpt><trkpt lat="44.47983338273592" lon="-64.26063218941317"><time>2026-07-04T21:33:50Z</time></trkpt><trkpt lat="44.47983693263474" lon="-64.26066045190872"><time>2026-07-04T21:33:51Z</time></trkpt><trkpt lat="44.479823706125" lon="-64.26072000517631"><time>2026-07-04T21:33:53Z</time></trkpt><trkpt lat="44.47980567861737" lon="-64.26072652406322"><time>2026-07-04T21:33:54Z</time></trkpt><trkpt lat="44.479787070968875" lon="-64.26071931980917"><time>2026-07-04T21:33:55Z</time></trkpt><trkpt lat="44.47971005998208" lon="-64.26071948102249"><time>2026-07-04T21:33:57Z</time></trkpt><trkpt lat="44.47969266958191" lon="-64.26069258949171"><time>2026-07-04T21:33:58Z</time></trkpt><trkpt lat="44.4796685562376" lon="-64.26070425876965"><time>2026-07-04T21:33:59Z</time></trkpt><trkpt lat="44.47964066750914" lon="-64.26071252095234"><time>2026-07-04T21:34:00Z</time></trkpt><trkpt lat="44.47961701906734" lon="-64.26072523157929"><time>2026-07-04T21:34:01Z</time></trkpt><trkpt lat="44.47960118831302" lon="-64.2607410319256"><time>2026-07-04T21:34:02Z</time></trkpt><trkpt lat="44.47957979482026" lon="-64.26076781015037"><time>2026-07-04T21:34:03Z</time></trkpt><trkpt lat="44.47955707318191" lon="-64.26078871730994"><time>2026-07-04T21:34:04Z</time></trkpt><trkpt lat="44.479524648610514" lon="-64.26079248129619"><time>2026-07-04T21:34:05Z</time></trkpt><trkpt lat="44.47949842211314" lon="-64.26079656852802"><time>2026-07-04T21:34:06Z</time></trkpt><trkpt lat="44.47947197355655" lon="-64.26079796987659"><time>2026-07-04T21:34:07Z</time></trkpt><trkpt lat="44.47944832099231" lon="-64.26080353736418"><time>2026-07-04T21:34:08Z</time></trkpt><trkpt lat="44.47942272126225" lon="-64.2608111766448"><time>2026-07-04T21:34:09Z</time></trkpt><trkpt lat="44.47939577781517" lon="-64.26082114724741"><time>2026-07-04T21:34:10Z</time></trkpt><trkpt lat="44.47937224409992" lon="-64.26083192287155"><time>2026-07-04T21:34:11Z</time></trkpt><trkpt lat="44.47934621648602" lon="-64.26084652748631"><time>2026-07-04T21:34:12Z</time></trkpt><trkpt lat="44.479319700104874" lon="-64.26085847772238"><time>2026-07-04T21:34:13Z</time></trkpt><trkpt lat="44.47930269596027" lon="-64.26087186249832"><time>2026-07-04T21:34:14Z</time></trkpt><trkpt lat="44.47928451336737" lon="-64.26088942096005"><time>2026-07-04T21:34:15Z</time></trkpt><trkpt lat="44.479269907301195" lon="-64.26090633590832"><time>2026-07-04T21:34:16Z</time></trkpt><trkpt lat="44.47925380004051" lon="-64.2609203360374"><time>2026-07-04T21:34:17Z</time></trkpt><trkpt lat="44.47923141252181" lon="-64.26095669266233"><time>2026-07-04T21:34:19Z</time></trkpt><trkpt lat="44.47920760007432" lon="-64.26098288152347"><time>2026-07-04T21:34:21Z</time></trkpt><trkpt lat="44.47918737416825" lon="-64.26100248955679"><time>2026-07-04T21:34:23Z</time></trkpt><trkpt lat="44.47916471703973" lon="-64.26102983476152"><time>2026-07-04T21:34:25Z</time></trkpt><trkpt lat="44.47913422140432" lon="-64.26105878095568"><time>2026-07-04T21:34:27Z</time></trkpt><trkpt lat="44.47910214136928" lon="-64.26108150665918"><time>2026-07-04T21:34:29Z</time></trkpt><trkpt lat="44.47907676865824" lon="-64.26109129274202"><time>2026-07-04T21:34:30Z</time></trkpt><trkpt lat="44.47903308525622" lon="-64.26110847655188"><time>2026-07-04T21:34:32Z</time></trkpt><trkpt lat="44.479014389755584" lon="-64.26112746761424"><time>2026-07-04T21:34:33Z</time></trkpt><trkpt lat="44.478992254102685" lon="-64.26113860818971"><time>2026-07-04T21:34:34Z</time></trkpt><trkpt lat="44.47897805791635" lon="-64.26116108363442"><time>2026-07-04T21:34:35Z</time></trkpt><trkpt lat="44.47894999552193" lon="-64.26117196627919"><time>2026-07-04T21:34:36Z</time></trkpt><trkpt lat="44.478928229322335" lon="-64.26118900308302"><time>2026-07-04T21:34:37Z</time></trkpt><trkpt lat="44.47890142230565" lon="-64.26120821767779"><time>2026-07-04T21:34:38Z</time></trkpt><trkpt lat="44.47888352744978" lon="-64.2612212127657"><time>2026-07-04T21:34:39Z</time></trkpt><trkpt lat="44.47887842432618" lon="-64.26124913478561"><time>2026-07-04T21:34:40Z</time></trkpt><trkpt lat="44.47885830851224" lon="-64.2612556707585"><time>2026-07-04T21:34:41Z</time></trkpt><trkpt lat="44.47882940808281" lon="-64.2612655860521"><time>2026-07-04T21:34:42Z</time></trkpt><trkpt lat="44.478807473810384" lon="-64.26127631324027"><time>2026-07-04T21:34:43Z</time></trkpt><trkpt lat="44.47878711500841" lon="-64.26128302447682"><time>2026-07-04T21:34:44Z</time></trkpt><trkpt lat="44.478756304942465" lon="-64.26129568258547"><time>2026-07-04T21:34:45Z</time></trkpt><trkpt lat="44.47872607861106" lon="-64.26130380906197"><time>2026-07-04T21:34:46Z</time></trkpt><trkpt lat="44.47869552286464" lon="-64.26131693608957"><time>2026-07-04T21:34:47Z</time></trkpt><trkpt lat="44.47867065329081" lon="-64.26132696583844"><time>2026-07-04T21:34:48Z</time></trkpt><trkpt lat="44.47864452362182" lon="-64.26134432309472"><time>2026-07-04T21:34:49Z</time></trkpt><trkpt lat="44.478617116377144" lon="-64.26134697146846"><time>2026-07-04T21:34:50Z</time></trkpt><trkpt lat="44.47859318530758" lon="-64.26136389905403"><time>2026-07-04T21:34:51Z</time></trkpt><trkpt lat="44.47857171686128" lon="-64.26138336022244"><time>2026-07-04T21:34:52Z</time></trkpt><trkpt lat="44.478553126631994" lon="-64.26140712089864"><time>2026-07-04T21:34:53Z</time></trkpt><trkpt lat="44.47852870004426" lon="-64.26142722040642"><time>2026-07-04T21:34:54Z</time></trkpt><trkpt lat="44.47850629799741" lon="-64.26144586028754"><time>2026-07-04T21:34:55Z</time></trkpt><trkpt lat="44.478483940158114" lon="-64.26146700892076"><time>2026-07-04T21:34:56Z</time></trkpt><trkpt lat="44.47846312236346" lon="-64.26148268070162"><time>2026-07-04T21:34:57Z</time></trkpt><trkpt lat="44.478437700975896" lon="-64.26149757240064"><time>2026-07-04T21:34:58Z</time></trkpt><trkpt lat="44.478412878267044" lon="-64.26150935669753"><time>2026-07-04T21:34:59Z</time></trkpt><trkpt lat="44.478388828014324" lon="-64.26152404501894"><time>2026-07-04T21:35:00Z</time></trkpt><trkpt lat="44.47836665071992" lon="-64.26154116334449"><time>2026-07-04T21:35:01Z</time></trkpt><trkpt lat="44.47834773904087" lon="-64.26155335308508"><time>2026-07-04T21:35:02Z</time></trkpt><trkpt lat="44.478322728083235" lon="-64.26157402321466"><time>2026-07-04T21:35:03Z</time></trkpt><trkpt lat="44.47830163123342" lon="-64.26159012141451"><time>2026-07-04T21:35:04Z</time></trkpt><trkpt lat="44.47828040922112" lon="-64.261606844796"><time>2026-07-04T21:35:05Z</time></trkpt><trkpt lat="44.478258177320036" lon="-64.26162077941005"><time>2026-07-04T21:35:06Z</time></trkpt><trkpt lat="44.47823949773811" lon="-64.26163744604007"><time>2026-07-04T21:35:07Z</time></trkpt><trkpt lat="44.47821909243558" lon="-64.26165586601834"><time>2026-07-04T21:35:08Z</time></trkpt><trkpt lat="44.478198329598335" lon="-64.26167721091969"><time>2026-07-04T21:35:09Z</time></trkpt><trkpt lat="44.47817635728231" lon="-64.26169820770906"><time>2026-07-04T21:35:10Z</time></trkpt><trkpt lat="44.47815909877545" lon="-64.26171568893551"><time>2026-07-04T21:35:11Z</time></trkpt><trkpt lat="44.478142562967186" lon="-64.26173053486929"><time>2026-07-04T21:35:12Z</time></trkpt><trkpt lat="44.47812366579493" lon="-64.26175145693271"><time>2026-07-04T21:35:13Z</time></trkpt><trkpt lat="44.47810316472501" lon="-64.26176395168653"><time>2026-07-04T21:35:14Z</time></trkpt><trkpt lat="44.47808025621062" lon="-64.26177890098134"><time>2026-07-04T21:35:15Z</time></trkpt><trkpt lat="44.47805776146764" lon="-64.26179764840771"><time>2026-07-04T21:35:16Z</time></trkpt><trkpt lat="44.47803842970446" lon="-64.26181220180868"><time>2026-07-04T21:35:17Z</time></trkpt><trkpt lat="44.478015217343476" lon="-64.26182907560272"><time>2026-07-04T21:35:18Z</time></trkpt><trkpt lat="44.477994274226106" lon="-64.2618434573147"><time>2026-07-04T21:35:19Z</time></trkpt><trkpt lat="44.47797130916618" lon="-64.26185999850279"><time>2026-07-04T21:35:20Z</time></trkpt><trkpt lat="44.477955437943024" lon="-64.26188715446622"><time>2026-07-04T21:35:21Z</time></trkpt><trkpt lat="44.47793249719487" lon="-64.26189928634852"><time>2026-07-04T21:35:22Z</time></trkpt><trkpt lat="44.47791076509796" lon="-64.26191482903957"><time>2026-07-04T21:35:23Z</time></trkpt><trkpt lat="44.477890260770174" lon="-64.26193050362922"><time>2026-07-04T21:35:24Z</time></trkpt><trkpt lat="44.477868328621426" lon="-64.26195552271065"><time>2026-07-04T21:35:25Z</time></trkpt><trkpt lat="44.477850438917315" lon="-64.26197480064569"><time>2026-07-04T21:35:26Z</time></trkpt><trkpt lat="44.47782917614122" lon="-64.26199006748679"><time>2026-07-04T21:35:27Z</time></trkpt><trkpt lat="44.477809208891436" lon="-64.2620092552282"><time>2026-07-04T21:35:28Z</time></trkpt><trkpt lat="44.47778665551092" lon="-64.26203083204487"><time>2026-07-04T21:35:29Z</time></trkpt><trkpt lat="44.47776484533849" lon="-64.26204562100128"><time>2026-07-04T21:35:30Z</time></trkpt><trkpt lat="44.47774187366492" lon="-64.26206136698424"><time>2026-07-04T21:35:31Z</time></trkpt><trkpt lat="44.47772042511543" lon="-64.26207785353562"><time>2026-07-04T21:35:32Z</time></trkpt><trkpt lat="44.47769800243214" lon="-64.26210024581854"><time>2026-07-04T21:35:33Z</time></trkpt><trkpt lat="44.47767480890117" lon="-64.2621165497143"><time>2026-07-04T21:35:34Z</time></trkpt><trkpt lat="44.47765025533782" lon="-64.26213309823214"><time>2026-07-04T21:35:35Z</time></trkpt><trkpt lat="44.477623241938744" lon="-64.26215826441126"><time>2026-07-04T21:35:36Z</time></trkpt><trkpt lat="44.477604987748556" lon="-64.26217866207934"><time>2026-07-04T21:35:37Z</time></trkpt><trkpt lat="44.4775822798952" lon="-64.26219945515777"><time>2026-07-04T21:35:38Z</time></trkpt><trkpt lat="44.477561458331955" lon="-64.26221996177141"><time>2026-07-04T21:35:39Z</time></trkpt><trkpt lat="44.477538493337626" lon="-64.2622404654723"><time>2026-07-04T21:35:40Z</time></trkpt><trkpt lat="44.477515969178214" lon="-64.26225997907247"><time>2026-07-04T21:35:41Z</time></trkpt><trkpt lat="44.477490834291956" lon="-64.26227975129"><time>2026-07-04T21:35:42Z</time></trkpt><trkpt lat="44.47746851543837" lon="-64.26229690570236"><time>2026-07-04T21:35:43Z</time></trkpt><trkpt lat="44.477445615901246" lon="-64.26231363727564"><time>2026-07-04T21:35:44Z</time></trkpt><trkpt lat="44.4774217767422" lon="-64.26233289042472"><time>2026-07-04T21:35:45Z</time></trkpt><trkpt lat="44.47739762148017" lon="-64.26235327264791"><time>2026-07-04T21:35:46Z</time></trkpt><trkpt lat="44.47737493184148" lon="-64.26236942562227"><time>2026-07-04T21:35:47Z</time></trkpt><trkpt lat="44.47735053230271" lon="-64.26238919402309"><time>2026-07-04T21:35:48Z</time></trkpt><trkpt lat="44.47732548198545" lon="-64.26240181394162"><time>2026-07-04T21:35:49Z</time></trkpt><trkpt lat="44.477299273248704" lon="-64.26241856056873"><time>2026-07-04T21:35:50Z</time></trkpt><trkpt lat="44.477276400984536" lon="-64.26243395829331"><time>2026-07-04T21:35:51Z</time></trkpt><trkpt lat="44.477252570565874" lon="-64.2624521442737"><time>2026-07-04T21:35:52Z</time></trkpt><trkpt lat="44.4772303634821" lon="-64.2624719098818"><time>2026-07-04T21:35:53Z</time></trkpt><trkpt lat="44.47720473307748" lon="-64.262490677858"><time>2026-07-04T21:35:54Z</time></trkpt><trkpt lat="44.47718002326917" lon="-64.26250807383454"><time>2026-07-04T21:35:55Z</time></trkpt><trkpt lat="44.47715427899079" lon="-64.26252577726203"><time>2026-07-04T21:35:56Z</time></trkpt><trkpt lat="44.47713047310844" lon="-64.26254742740186"><time>2026-07-04T21:35:57Z</time></trkpt><trkpt lat="44.47710520704176" lon="-64.262567345715"><time>2026-07-04T21:35:58Z</time></trkpt><trkpt lat="44.47707942501869" lon="-64.26258494919279"><time>2026-07-04T21:35:59Z</time></trkpt><trkpt lat="44.477052796915885" lon="-64.26260073483805"><time>2026-07-04T21:36:00Z</time></trkpt><trkpt lat="44.4770293095178" lon="-64.26261353071686"><time>2026-07-04T21:36:01Z</time></trkpt><trkpt lat="44.47700473219808" lon="-64.26262845167285"><time>2026-07-04T21:36:02Z</time></trkpt><trkpt lat="44.476978451475595" lon="-64.26264919161308"><time>2026-07-04T21:36:03Z</time></trkpt><trkpt lat="44.47695567694239" lon="-64.26267037341498"><time>2026-07-04T21:36:04Z</time></trkpt><trkpt lat="44.476934729962316" lon="-64.26269694409184"><time>2026-07-04T21:36:05Z</time></trkpt><trkpt lat="44.476912227216474" lon="-64.2627220549005"><time>2026-07-04T21:36:06Z</time></trkpt><trkpt lat="44.47688916936581" lon="-64.26274576639402"><time>2026-07-04T21:36:07Z</time></trkpt><trkpt lat="44.47686885053564" lon="-64.26276669626857"><time>2026-07-04T21:36:08Z</time></trkpt><trkpt lat="44.476846285550806" lon="-64.26278805040515"><time>2026-07-04T21:36:09Z</time></trkpt><trkpt lat="44.47682528227827" lon="-64.26280797943427"><time>2026-07-04T21:36:10Z</time></trkpt><trkpt lat="44.47680204936567" lon="-64.26283101754338"><time>2026-07-04T21:36:11Z</time></trkpt><trkpt lat="44.47678237034835" lon="-64.26285226455785"><time>2026-07-04T21:36:12Z</time></trkpt><trkpt lat="44.47676054243613" lon="-64.26287552965073"><time>2026-07-04T21:36:13Z</time></trkpt><trkpt lat="44.476741967093616" lon="-64.26289372107465"><time>2026-07-04T21:36:14Z</time></trkpt><trkpt lat="44.47672265022425" lon="-64.26291321454956"><time>2026-07-04T21:36:15Z</time></trkpt><trkpt lat="44.476705538193265" lon="-64.26293505177664"><time>2026-07-04T21:36:16Z</time></trkpt><trkpt lat="44.47668935323481" lon="-64.26295753235244"><time>2026-07-04T21:36:17Z</time></trkpt><trkpt lat="44.476672508659526" lon="-64.26297731561002"><time>2026-07-04T21:36:18Z</time></trkpt><trkpt lat="44.4766564685375" lon="-64.2629978321953"><time>2026-07-04T21:36:19Z</time></trkpt><trkpt lat="44.47663871134697" lon="-64.26301551914636"><time>2026-07-04T21:36:20Z</time></trkpt><trkpt lat="44.47662139896428" lon="-64.26303083225655"><time>2026-07-04T21:36:21Z</time></trkpt><trkpt lat="44.47659984294308" lon="-64.26305136107753"><time>2026-07-04T21:36:22Z</time></trkpt><trkpt lat="44.476583618773894" lon="-64.26306384333621"><time>2026-07-04T21:36:23Z</time></trkpt><trkpt lat="44.47656467715772" lon="-64.26307804265717"><time>2026-07-04T21:36:24Z</time></trkpt><trkpt lat="44.47654661092341" lon="-64.26309371374761"><time>2026-07-04T21:36:25Z</time></trkpt><trkpt lat="44.476528282596036" lon="-64.26310920759974"><time>2026-07-04T21:36:26Z</time></trkpt><trkpt lat="44.47650811596961" lon="-64.26312909588823"><time>2026-07-04T21:36:27Z</time></trkpt><trkpt lat="44.4764879601884" lon="-64.26314734580352"><time>2026-07-04T21:36:28Z</time></trkpt><trkpt lat="44.47647062112702" lon="-64.2631642064635"><time>2026-07-04T21:36:29Z</time></trkpt><trkpt lat="44.47645274370894" lon="-64.26318133684326"><time>2026-07-04T21:36:30Z</time></trkpt><trkpt lat="44.47643286628272" lon="-64.26319707298015"><time>2026-07-04T21:36:31Z</time></trkpt><trkpt lat="44.47641216093019" lon="-64.2632135807291"><time>2026-07-04T21:36:32Z</time></trkpt><trkpt lat="44.47639183945228" lon="-64.26323122067093"><time>2026-07-04T21:36:33Z</time></trkpt><trkpt lat="44.47637152161736" lon="-64.2632488832438"><time>2026-07-04T21:36:34Z</time></trkpt><trkpt lat="44.47634859514142" lon="-64.26326884763297"><time>2026-07-04T21:36:35Z</time></trkpt><trkpt lat="44.476329047755684" lon="-64.26329053474197"><time>2026-07-04T21:36:36Z</time></trkpt><trkpt lat="44.4763079649377" lon="-64.26330793830331"><time>2026-07-04T21:36:37Z</time></trkpt><trkpt lat="44.476289689749" lon="-64.26332814866184"><time>2026-07-04T21:36:38Z</time></trkpt><trkpt lat="44.47626819442239" lon="-64.26334762130443"><time>2026-07-04T21:36:39Z</time></trkpt><trkpt lat="44.476247172431925" lon="-64.26336544033103"><time>2026-07-04T21:36:40Z</time></trkpt><trkpt lat="44.4762290683006" lon="-64.26338707215186"><time>2026-07-04T21:36:41Z</time></trkpt><trkpt lat="44.47620599822028" lon="-64.263397182505"><time>2026-07-04T21:36:42Z</time></trkpt><trkpt lat="44.47618332621308" lon="-64.26341155882419"><time>2026-07-04T21:36:43Z</time></trkpt><trkpt lat="44.476161476159604" lon="-64.26342867635705"><time>2026-07-04T21:36:44Z</time></trkpt><trkpt lat="44.47614178678398" lon="-64.26345073020146"><time>2026-07-04T21:36:45Z</time></trkpt><trkpt lat="44.476121304585845" lon="-64.26346832310216"><time>2026-07-04T21:36:46Z</time></trkpt><trkpt lat="44.476103662923116" lon="-64.2634852627831"><time>2026-07-04T21:36:47Z</time></trkpt><trkpt lat="44.47609424514215" lon="-64.26350707818915"><time>2026-07-04T21:36:48Z</time></trkpt><trkpt lat="44.476073664089306" lon="-64.26355066383356"><time>2026-07-04T21:36:50Z</time></trkpt><trkpt lat="44.47605888953712" lon="-64.26358880945506"><time>2026-07-04T21:36:52Z</time></trkpt><trkpt lat="44.476053006811526" lon="-64.26361828083644"><time>2026-07-04T21:36:54Z</time></trkpt><trkpt lat="44.476048774138036" lon="-64.26365327561457"><time>2026-07-04T21:36:56Z</time></trkpt><trkpt lat="44.4760477608615" lon="-64.26368421100577"><time>2026-07-04T21:36:58Z</time></trkpt><trkpt lat="44.47605329542262" lon="-64.2637092783998"><time>2026-07-04T21:37:00Z</time></trkpt><trkpt lat="44.47607192449961" lon="-64.26373973490914"><time>2026-07-04T21:37:03Z</time></trkpt><trkpt lat="44.47609517343841" lon="-64.26376179152295"><time>2026-07-04T21:37:05Z</time></trkpt><trkpt lat="44.47612956148633" lon="-64.26377443278368"><time>2026-07-04T21:37:07Z</time></trkpt><trkpt lat="44.47616590028425" lon="-64.26378808771418"><time>2026-07-04T21:37:09Z</time></trkpt><trkpt lat="44.476185234539926" lon="-64.26379701473668"><time>2026-07-04T21:37:10Z</time></trkpt><trkpt lat="44.47620572727556" lon="-64.2638034645228"><time>2026-07-04T21:37:11Z</time></trkpt><trkpt lat="44.4762274143063" lon="-64.26380981176824"><time>2026-07-04T21:37:12Z</time></trkpt><trkpt lat="44.476249131691986" lon="-64.26381514167478"><time>2026-07-04T21:37:13Z</time></trkpt><trkpt lat="44.47626990761237" lon="-64.26382138391591"><time>2026-07-04T21:37:14Z</time></trkpt><trkpt lat="44.47629057175465" lon="-64.26382695356182"><time>2026-07-04T21:37:15Z</time></trkpt><trkpt lat="44.47631160723915" lon="-64.2638288631543"><time>2026-07-04T21:37:16Z</time></trkpt><trkpt lat="44.476334438276" lon="-64.26383243939385"><time>2026-07-04T21:37:17Z</time></trkpt><trkpt lat="44.47635905713361" lon="-64.26383786545183"><time>2026-07-04T21:37:18Z</time></trkpt><trkpt lat="44.47638048069178" lon="-64.26384500143905"><time>2026-07-04T21:37:19Z</time></trkpt><trkpt lat="44.47640454093553" lon="-64.26385746295117"><time>2026-07-04T21:37:20Z</time></trkpt><trkpt lat="44.47642777385008" lon="-64.26386610203589"><time>2026-07-04T21:37:21Z</time></trkpt><trkpt lat="44.476452477278606" lon="-64.26387224109435"><time>2026-07-04T21:37:22Z</time></trkpt><trkpt lat="44.476475824445" lon="-64.26387926220828"><time>2026-07-04T21:37:23Z</time></trkpt><trkpt lat="44.476498559148" lon="-64.26388525348288"><time>2026-07-04T21:37:24Z</time></trkpt><trkpt lat="44.476524833767634" lon="-64.26389501095538"><time>2026-07-04T21:37:25Z</time></trkpt><trkpt lat="44.4765513764904" lon="-64.26390313620303"><time>2026-07-04T21:37:26Z</time></trkpt><trkpt lat="44.476578964047455" lon="-64.26390974783884"><time>2026-07-04T21:37:27Z</time></trkpt><trkpt lat="44.476606149860494" lon="-64.2639162916222"><time>2026-07-04T21:37:28Z</time></trkpt><trkpt lat="44.476632916623394" lon="-64.26392322479289"><time>2026-07-04T21:37:29Z</time></trkpt><trkpt lat="44.47666132945098" lon="-64.26393175328501"><time>2026-07-04T21:37:30Z</time></trkpt><trkpt lat="44.476690702277764" lon="-64.26393623053418"><time>2026-07-04T21:37:31Z</time></trkpt><trkpt lat="44.47671797267973" lon="-64.2639374476873"><time>2026-07-04T21:37:32Z</time></trkpt><trkpt lat="44.476747630683356" lon="-64.26394078591849"><time>2026-07-04T21:37:33Z</time></trkpt><trkpt lat="44.47677585687093" lon="-64.26394038667041"><time>2026-07-04T21:37:34Z</time></trkpt><trkpt lat="44.47680507858713" lon="-64.26394662927127"><time>2026-07-04T21:37:35Z</time></trkpt><trkpt lat="44.476833982542544" lon="-64.26395296966554"><time>2026-07-04T21:37:36Z</time></trkpt><trkpt lat="44.476863243080224" lon="-64.26396017032346"><time>2026-07-04T21:37:37Z</time></trkpt><trkpt lat="44.476890988956065" lon="-64.26396556232285"><time>2026-07-04T21:37:38Z</time></trkpt><trkpt lat="44.47692021188523" lon="-64.2639768423022"><time>2026-07-04T21:37:39Z</time></trkpt><trkpt lat="44.47694924253548" lon="-64.2639843452455"><time>2026-07-04T21:37:40Z</time></trkpt><trkpt lat="44.47697782570956" lon="-64.26399382786394"><time>2026-07-04T21:37:41Z</time></trkpt><trkpt lat="44.4770058548326" lon="-64.26400517485298"><time>2026-07-04T21:37:42Z</time></trkpt><trkpt lat="44.47703611096178" lon="-64.26401821611759"><time>2026-07-04T21:37:43Z</time></trkpt><trkpt lat="44.47706625284403" lon="-64.26403153838112"><time>2026-07-04T21:37:44Z</time></trkpt><trkpt lat="44.477092314730484" lon="-64.26404887052993"><time>2026-07-04T21:37:45Z</time></trkpt><trkpt lat="44.477117815507086" lon="-64.26407181905759"><time>2026-07-04T21:37:46Z</time></trkpt><trkpt lat="44.477143768548125" lon="-64.26409272791417"><time>2026-07-04T21:37:47Z</time></trkpt><trkpt lat="44.47717123486814" lon="-64.26411117692402"><time>2026-07-04T21:37:48Z</time></trkpt><trkpt lat="44.477200779879084" lon="-64.26413124209489"><time>2026-07-04T21:37:49Z</time></trkpt><trkpt lat="44.477227289100256" lon="-64.264146579364"><time>2026-07-04T21:37:50Z</time></trkpt><trkpt lat="44.47725580181275" lon="-64.26416718954812"><time>2026-07-04T21:37:51Z</time></trkpt><trkpt lat="44.47728256129763" lon="-64.26418380748211"><time>2026-07-04T21:37:52Z</time></trkpt><trkpt lat="44.47731052734007" lon="-64.26419847137021"><time>2026-07-04T21:37:53Z</time></trkpt><trkpt lat="44.477338914400654" lon="-64.26421105187711"><time>2026-07-04T21:37:54Z</time></trkpt><trkpt lat="44.47736807767527" lon="-64.26422467272243"><time>2026-07-04T21:37:55Z</time></trkpt><trkpt lat="44.47739692115927" lon="-64.26423525164796"><time>2026-07-04T21:37:56Z</time></trkpt><trkpt lat="44.47742518124433" lon="-64.26424358749392"><time>2026-07-04T21:37:57Z</time></trkpt><trkpt lat="44.47745379290714" lon="-64.26425493828297"><time>2026-07-04T21:37:58Z</time></trkpt><trkpt lat="44.477482895900046" lon="-64.2642659426181"><time>2026-07-04T21:37:59Z</time></trkpt><trkpt lat="44.477511798157174" lon="-64.26428036022236"><time>2026-07-04T21:38:00Z</time></trkpt><trkpt lat="44.477539261666614" lon="-64.26428949924139"><time>2026-07-04T21:38:01Z</time></trkpt><trkpt lat="44.47756889551669" lon="-64.2643056777756"><time>2026-07-04T21:38:02Z</time></trkpt><trkpt lat="44.477597432798106" lon="-64.26431977005167"><time>2026-07-04T21:38:03Z</time></trkpt><trkpt lat="44.47762587640165" lon="-64.26433245742021"><time>2026-07-04T21:38:04Z</time></trkpt><trkpt lat="44.47765586458703" lon="-64.2643466174085"><time>2026-07-04T21:38:05Z</time></trkpt><trkpt lat="44.477684676933336" lon="-64.26436063463731"><time>2026-07-04T21:38:06Z</time></trkpt><trkpt lat="44.477712514952415" lon="-64.26437852663676"><time>2026-07-04T21:38:07Z</time></trkpt><trkpt lat="44.47773794417664" lon="-64.26439613815208"><time>2026-07-04T21:38:08Z</time></trkpt><trkpt lat="44.47776507243025" lon="-64.26441651836323"><time>2026-07-04T21:38:09Z</time></trkpt><trkpt lat="44.477791606817696" lon="-64.26443384846536"><time>2026-07-04T21:38:10Z</time></trkpt><trkpt lat="44.47781943637028" lon="-64.26444942637892"><time>2026-07-04T21:38:11Z</time></trkpt><trkpt lat="44.477846513286366" lon="-64.26446628138417"><time>2026-07-04T21:38:12Z</time></trkpt><trkpt lat="44.47787341929087" lon="-64.26448414132203"><time>2026-07-04T21:38:13Z</time></trkpt><trkpt lat="44.47789906871681" lon="-64.26450393502441"><time>2026-07-04T21:38:14Z</time></trkpt><trkpt lat="44.477924825492984" lon="-64.26452350775882"><time>2026-07-04T21:38:15Z</time></trkpt><trkpt lat="44.47795198719525" lon="-64.26454434505551"><time>2026-07-04T21:38:16Z</time></trkpt><trkpt lat="44.47797921611234" lon="-64.26456441590923"><time>2026-07-04T21:38:17Z</time></trkpt><trkpt lat="44.47800750940762" lon="-64.26457891218739"><time>2026-07-04T21:38:18Z</time></trkpt><trkpt lat="44.478035970450975" lon="-64.26459709629708"><time>2026-07-04T21:38:19Z</time></trkpt><trkpt lat="44.47806087691314" lon="-64.26460800469597"><time>2026-07-04T21:38:20Z</time></trkpt><trkpt lat="44.47808906551321" lon="-64.26462654247035"><time>2026-07-04T21:38:21Z</time></trkpt><trkpt lat="44.47811683571603" lon="-64.26464009786181"><time>2026-07-04T21:38:22Z</time></trkpt><trkpt lat="44.478145346691726" lon="-64.26465241872111"><time>2026-07-04T21:38:23Z</time></trkpt><trkpt lat="44.47817330134287" lon="-64.26466156459675"><time>2026-07-04T21:38:24Z</time></trkpt><trkpt lat="44.47820168868928" lon="-64.26466733178741"><time>2026-07-04T21:38:25Z</time></trkpt><trkpt lat="44.47823071196606" lon="-64.26467059136752"><time>2026-07-04T21:38:26Z</time></trkpt><trkpt lat="44.47826064374062" lon="-64.26467923596984"><time>2026-07-04T21:38:27Z</time></trkpt><trkpt lat="44.47828929032299" lon="-64.26468891497494"><time>2026-07-04T21:38:28Z</time></trkpt><trkpt lat="44.478317142323974" lon="-64.26470117488536"><time>2026-07-04T21:38:29Z</time></trkpt><trkpt lat="44.47834326710598" lon="-64.2647110718758"><time>2026-07-04T21:38:30Z</time></trkpt><trkpt lat="44.47836904495598" lon="-64.26472213539141"><time>2026-07-04T21:38:31Z</time></trkpt><trkpt lat="44.47839449353111" lon="-64.26473695476922"><time>2026-07-04T21:38:32Z</time></trkpt><trkpt lat="44.47842066285637" lon="-64.26475509572755"><time>2026-07-04T21:38:33Z</time></trkpt><trkpt lat="44.47844555215132" lon="-64.26477374158598"><time>2026-07-04T21:38:34Z</time></trkpt><trkpt lat="44.4784709088127" lon="-64.26479167333304"><time>2026-07-04T21:38:35Z</time></trkpt><trkpt lat="44.47849809111256" lon="-64.26480571475683"><time>2026-07-04T21:38:36Z</time></trkpt><trkpt lat="44.47852752918849" lon="-64.26481621158918"><time>2026-07-04T21:38:37Z</time></trkpt><trkpt lat="44.47855842050727" lon="-64.26482265533132"><time>2026-07-04T21:38:38Z</time></trkpt><trkpt lat="44.478589149874956" lon="-64.2648296744636"><time>2026-07-04T21:38:39Z</time></trkpt><trkpt lat="44.47861939418796" lon="-64.26483824926095"><time>2026-07-04T21:38:40Z</time></trkpt><trkpt lat="44.47865012135296" lon="-64.26484673164246"><time>2026-07-04T21:38:41Z</time></trkpt><trkpt lat="44.478682432248874" lon="-64.26484895404666"><time>2026-07-04T21:38:42Z</time></trkpt><trkpt lat="44.47871366043188" lon="-64.26485153845432"><time>2026-07-04T21:38:43Z</time></trkpt><trkpt lat="44.478744972414155" lon="-64.26484953113015"><time>2026-07-04T21:38:44Z</time></trkpt><trkpt lat="44.478776124809166" lon="-64.26484513466202"><time>2026-07-04T21:38:45Z</time></trkpt><trkpt lat="44.47880754363966" lon="-64.2648367536239"><time>2026-07-04T21:38:46Z</time></trkpt><trkpt lat="44.47883859761884" lon="-64.26482600176088"><time>2026-07-04T21:38:47Z</time></trkpt><trkpt lat="44.47886866869915" lon="-64.26481313773792"><time>2026-07-04T21:38:48Z</time></trkpt><trkpt lat="44.47889727335373" lon="-64.26479538776071"><time>2026-07-04T21:38:49Z</time></trkpt><trkpt lat="44.47892477154926" lon="-64.2647714919749"><time>2026-07-04T21:38:50Z</time></trkpt><trkpt lat="44.478951840653465" lon="-64.2647446729654"><time>2026-07-04T21:38:51Z</time></trkpt><trkpt lat="44.47897480259562" lon="-64.26471557097771"><time>2026-07-04T21:38:52Z</time></trkpt><trkpt lat="44.47899598430532" lon="-64.26468128601371"><time>2026-07-04T21:38:53Z</time></trkpt><trkpt lat="44.47901098590188" lon="-64.26464699470417"><time>2026-07-04T21:38:54Z</time></trkpt><trkpt lat="44.47902240674469" lon="-64.26460756972904"><time>2026-07-04T21:38:55Z</time></trkpt><trkpt lat="44.47902810314346" lon="-64.26456600705144"><time>2026-07-04T21:38:56Z</time></trkpt><trkpt lat="44.47902863326671" lon="-64.26452404243403"><time>2026-07-04T21:38:57Z</time></trkpt><trkpt lat="44.47902372196315" lon="-64.2644867695981"><time>2026-07-04T21:38:58Z</time></trkpt><trkpt lat="44.479017260502985" lon="-64.26445410402884"><time>2026-07-04T21:38:59Z</time></trkpt><trkpt lat="44.47900391612105" lon="-64.26442449481247"><time>2026-07-04T21:39:00Z</time></trkpt><trkpt lat="44.47898821572259" lon="-64.26439305845832"><time>2026-07-04T21:39:01Z</time></trkpt><trkpt lat="44.47896849350733" lon="-64.26438157584656"><time>2026-07-04T21:39:02Z</time></trkpt><trkpt lat="44.47894925147717" lon="-64.2643798522116"><time>2026-07-04T21:39:03Z</time></trkpt><trkpt lat="44.478927703769834" lon="-64.26439369555975"><time>2026-07-04T21:39:04Z</time></trkpt><trkpt lat="44.47891179545974" lon="-64.26440923093442"><time>2026-07-04T21:39:05Z</time></trkpt><trkpt lat="44.478896058059775" lon="-64.26442159065328"><time>2026-07-04T21:39:06Z</time></trkpt><trkpt lat="44.47887803845034" lon="-64.26443094735347"><time>2026-07-04T21:39:07Z</time></trkpt><trkpt lat="44.47884279470622" lon="-64.26442608110376"><time>2026-07-04T21:39:09Z</time></trkpt><trkpt lat="44.478819287341466" lon="-64.26441660537648"><time>2026-07-04T21:39:10Z</time></trkpt><trkpt lat="44.47880082368446" lon="-64.26440324727379"><time>2026-07-04T21:39:11Z</time></trkpt><trkpt lat="44.478781223764656" lon="-64.26438479265671"><time>2026-07-04T21:39:12Z</time></trkpt><trkpt lat="44.47876376747573" lon="-64.264360562176"><time>2026-07-04T21:39:13Z</time></trkpt><trkpt lat="44.478746308259346" lon="-64.26433568597466"><time>2026-07-04T21:39:14Z</time></trkpt><trkpt lat="44.47873383632959" lon="-64.26431065220491"><time>2026-07-04T21:39:15Z</time></trkpt><trkpt lat="44.478720537353986" lon="-64.2642801595512"><time>2026-07-04T21:39:16Z</time></trkpt><trkpt lat="44.47870437221224" lon="-64.26424998389992"><time>2026-07-04T21:39:17Z</time></trkpt><trkpt lat="44.47868751926024" lon="-64.26422300983619"><time>2026-07-04T21:39:18Z</time></trkpt><trkpt lat="44.478669337711615" lon="-64.26419063532327"><time>2026-07-04T21:39:19Z</time></trkpt><trkpt lat="44.47865244036291" lon="-64.26416338152578"><time>2026-07-04T21:39:20Z</time></trkpt><trkpt lat="44.47863204085971" lon="-64.26414281625722"><time>2026-07-04T21:39:21Z</time></trkpt><trkpt lat="44.47861130037517" lon="-64.26411977890828"><time>2026-07-04T21:39:22Z</time></trkpt><trkpt lat="44.478589529125024" lon="-64.26409610172209"><time>2026-07-04T21:39:23Z</time></trkpt><trkpt lat="44.47856509309236" lon="-64.26407113577484"><time>2026-07-04T21:39:24Z</time></trkpt><trkpt lat="44.478540983966546" lon="-64.26404749606826"><time>2026-07-04T21:39:25Z</time></trkpt><trkpt lat="44.47851681692825" lon="-64.26401977263923"><time>2026-07-04T21:39:26Z</time></trkpt><trkpt lat="44.4784880301283" lon="-64.26400132479746"><time>2026-07-04T21:39:27Z</time></trkpt><trkpt lat="44.47845852381589" lon="-64.26398435762948"><time>2026-07-04T21:39:28Z</time></trkpt><trkpt lat="44.478428612817915" lon="-64.26396623946891"><time>2026-07-04T21:39:29Z</time></trkpt><trkpt lat="44.47839984723404" lon="-64.2639518724544"><time>2026-07-04T21:39:30Z</time></trkpt><trkpt lat="44.478369402934426" lon="-64.26393770247607"><time>2026-07-04T21:39:31Z</time></trkpt><trkpt lat="44.47833975958874" lon="-64.2639302865848"><time>2026-07-04T21:39:32Z</time></trkpt><trkpt lat="44.47831052356502" lon="-64.26392292574613"><time>2026-07-04T21:39:33Z</time></trkpt><trkpt lat="44.47827994061107" lon="-64.26392733822455"><time>2026-07-04T21:39:34Z</time></trkpt><trkpt lat="44.47825630855355" lon="-64.26392683458309"><time>2026-07-04T21:39:35Z</time></trkpt><trkpt lat="44.478227028892256" lon="-64.26394004984924"><time>2026-07-04T21:39:36Z</time></trkpt><trkpt lat="44.47820074634455" lon="-64.26394863188536"><time>2026-07-04T21:39:37Z</time></trkpt><trkpt lat="44.47816993611131" lon="-64.26395219116262"><time>2026-07-04T21:39:38Z</time></trkpt><trkpt lat="44.47813785518575" lon="-64.26395545069661"><time>2026-07-04T21:39:39Z</time></trkpt><trkpt lat="44.47810221467939" lon="-64.26395845710691"><time>2026-07-04T21:39:40Z</time></trkpt><trkpt lat="44.47807624513194" lon="-64.26396049950006"><time>2026-07-04T21:39:41Z</time></trkpt><trkpt lat="44.47804747233994" lon="-64.26395734287999"><time>2026-07-04T21:39:42Z</time></trkpt><trkpt lat="44.47801411622223" lon="-64.26395915360857"><time>2026-07-04T21:39:43Z</time></trkpt><trkpt lat="44.47798131689858" lon="-64.26396331832147"><time>2026-07-04T21:39:44Z</time></trkpt><trkpt lat="44.477953647410985" lon="-64.2639617420046"><time>2026-07-04T21:39:45Z</time></trkpt><trkpt lat="44.47792133655146" lon="-64.26396614266294"><time>2026-07-04T21:39:46Z</time></trkpt><trkpt lat="44.477890490564924" lon="-64.26396541695776"><time>2026-07-04T21:39:47Z</time></trkpt><trkpt lat="44.47785847781924" lon="-64.26395760220305"><time>2026-07-04T21:39:48Z</time></trkpt><trkpt lat="44.47782890794712" lon="-64.26395173387661"><time>2026-07-04T21:39:49Z</time></trkpt><trkpt lat="44.47779920772857" lon="-64.2639484252599"><time>2026-07-04T21:39:50Z</time></trkpt><trkpt lat="44.47776869786518" lon="-64.26394996028019"><time>2026-07-04T21:39:51Z</time></trkpt><trkpt lat="44.47774174491728" lon="-64.26394986951803"><time>2026-07-04T21:39:52Z</time></trkpt><trkpt lat="44.477711212074524" lon="-64.26395466610967"><time>2026-07-04T21:39:53Z</time></trkpt><trkpt lat="44.47768413501408" lon="-64.2639541196397"><time>2026-07-04T21:39:54Z</time></trkpt><trkpt lat="44.47765538801265" lon="-64.26395158183561"><time>2026-07-04T21:39:55Z</time></trkpt><trkpt lat="44.47762776102085" lon="-64.26394785236036"><time>2026-07-04T21:39:56Z</time></trkpt><trkpt lat="44.477599028153264" lon="-64.26394475506801"><time>2026-07-04T21:39:57Z</time></trkpt><trkpt lat="44.477569732814075" lon="-64.26394077346451"><time>2026-07-04T21:39:58Z</time></trkpt><trkpt lat="44.477538708967785" lon="-64.26394027452116"><time>2026-07-04T21:39:59Z</time></trkpt><trkpt lat="44.47751034857643" lon="-64.26393577941518"><time>2026-07-04T21:40:00Z</time></trkpt><trkpt lat="44.477481495167474" lon="-64.26393156543132"><time>2026-07-04T21:40:01Z</time></trkpt><trkpt lat="44.47745268282553" lon="-64.26393042097533"><time>2026-07-04T21:40:02Z</time></trkpt><trkpt lat="44.477424424637995" lon="-64.26392997452294"><time>2026-07-04T21:40:03Z</time></trkpt><trkpt lat="44.47739115990618" lon="-64.2639357934876"><time>2026-07-04T21:40:04Z</time></trkpt><trkpt lat="44.47736206374125" lon="-64.263941089298"><time>2026-07-04T21:40:05Z</time></trkpt><trkpt lat="44.477329248528925" lon="-64.26394707564025"><time>2026-07-04T21:40:06Z</time></trkpt><trkpt lat="44.477297018542046" lon="-64.26395545683387"><time>2026-07-04T21:40:07Z</time></trkpt><trkpt lat="44.477268623922356" lon="-64.26396989465746"><time>2026-07-04T21:40:08Z</time></trkpt><trkpt lat="44.47723941876829" lon="-64.26398610348612"><time>2026-07-04T21:40:09Z</time></trkpt><trkpt lat="44.477212668811724" lon="-64.26399427833448"><time>2026-07-04T21:40:10Z</time></trkpt><trkpt lat="44.47718264084207" lon="-64.26399886355222"><time>2026-07-04T21:40:11Z</time></trkpt><trkpt lat="44.477150948787596" lon="-64.26400283120371"><time>2026-07-04T21:40:12Z</time></trkpt><trkpt lat="44.47712011599416" lon="-64.26400354427616"><time>2026-07-04T21:40:13Z</time></trkpt><trkpt lat="44.47708726800765" lon="-64.26400223993392"><time>2026-07-04T21:40:14Z</time></trkpt><trkpt lat="44.4770547119762" lon="-64.26399960540769"><time>2026-07-04T21:40:15Z</time></trkpt><trkpt lat="44.47702295678892" lon="-64.26399838475497"><time>2026-07-04T21:40:16Z</time></trkpt><trkpt lat="44.47699362114596" lon="-64.26400271968502"><time>2026-07-04T21:40:17Z</time></trkpt><trkpt lat="44.47696250701459" lon="-64.26400950679523"><time>2026-07-04T21:40:18Z</time></trkpt><trkpt lat="44.476932070692875" lon="-64.2640142996356"><time>2026-07-04T21:40:19Z</time></trkpt><trkpt lat="44.476901369803656" lon="-64.2640196426875"><time>2026-07-04T21:40:20Z</time></trkpt><trkpt lat="44.476870836417824" lon="-64.26402266806667"><time>2026-07-04T21:40:21Z</time></trkpt><trkpt lat="44.47683852428517" lon="-64.26402686372762"><time>2026-07-04T21:40:22Z</time></trkpt><trkpt lat="44.476806867084356" lon="-64.2640301845924"><time>2026-07-04T21:40:23Z</time></trkpt><trkpt lat="44.47677454471764" lon="-64.26403417387162"><time>2026-07-04T21:40:24Z</time></trkpt><trkpt lat="44.47674331215183" lon="-64.26404178231904"><time>2026-07-04T21:40:25Z</time></trkpt><trkpt lat="44.47671275252567" lon="-64.2640521328155"><time>2026-07-04T21:40:26Z</time></trkpt><trkpt lat="44.47668273657693" lon="-64.26406452447664"><time>2026-07-04T21:40:27Z</time></trkpt><trkpt lat="44.476652252284055" lon="-64.26407595409744"><time>2026-07-04T21:40:28Z</time></trkpt><trkpt lat="44.47662275082636" lon="-64.26408686607819"><time>2026-07-04T21:40:29Z</time></trkpt><trkpt lat="44.47659215020493" lon="-64.26409584270162"><time>2026-07-04T21:40:30Z</time></trkpt><trkpt lat="44.47656128930899" lon="-64.26410569236344"><time>2026-07-04T21:40:31Z</time></trkpt><trkpt lat="44.476529616920224" lon="-64.26411570057248"><time>2026-07-04T21:40:32Z</time></trkpt><trkpt lat="44.4764983138679" lon="-64.26412625359988"><time>2026-07-04T21:40:33Z</time></trkpt><trkpt lat="44.476467765015954" lon="-64.26413657166513"><time>2026-07-04T21:40:34Z</time></trkpt><trkpt lat="44.47643685611505" lon="-64.2641441469163"><time>2026-07-04T21:40:35Z</time></trkpt><trkpt lat="44.47640545880473" lon="-64.26415176733859"><time>2026-07-04T21:40:36Z</time></trkpt><trkpt lat="44.47637496714289" lon="-64.26416052239121"><time>2026-07-04T21:40:37Z</time></trkpt><trkpt lat="44.476344478084435" lon="-64.26416983619225"><time>2026-07-04T21:40:38Z</time></trkpt><trkpt lat="44.47631328715223" lon="-64.26417797040071"><time>2026-07-04T21:40:39Z</time></trkpt><trkpt lat="44.47628186714007" lon="-64.26418548811525"><time>2026-07-04T21:40:40Z</time></trkpt><trkpt lat="44.476250280921334" lon="-64.26418653989616"><time>2026-07-04T21:40:41Z</time></trkpt><trkpt lat="44.4762186461456" lon="-64.2641888129233"><time>2026-07-04T21:40:42Z</time></trkpt><trkpt lat="44.476189860859876" lon="-64.26418987320133"><time>2026-07-04T21:40:43Z</time></trkpt><trkpt lat="44.47615789534286" lon="-64.26419380283473"><time>2026-07-04T21:40:44Z</time></trkpt><trkpt lat="44.47612682635413" lon="-64.26419501524228"><time>2026-07-04T21:40:45Z</time></trkpt><trkpt lat="44.47609929208665" lon="-64.26419762528182"><time>2026-07-04T21:40:46Z</time></trkpt><trkpt lat="44.4760703876055" lon="-64.26419471354802"><time>2026-07-04T21:40:47Z</time></trkpt><trkpt lat="44.47604229422204" lon="-64.26419335895564"><time>2026-07-04T21:40:48Z</time></trkpt><trkpt lat="44.47601417953482" lon="-64.26419097721809"><time>2026-07-04T21:40:49Z</time></trkpt><trkpt lat="44.47598373475135" lon="-64.26419496698082"><time>2026-07-04T21:40:50Z</time></trkpt><trkpt lat="44.475957813200296" lon="-64.26420450739698"><time>2026-07-04T21:40:51Z</time></trkpt><trkpt lat="44.475934810996854" lon="-64.2642057236442"><time>2026-07-04T21:40:52Z</time></trkpt><trkpt lat="44.475905190063116" lon="-64.26421503942736"><time>2026-07-04T21:40:53Z</time></trkpt><trkpt lat="44.475876431271836" lon="-64.26422442320131"><time>2026-07-04T21:40:54Z</time></trkpt><trkpt lat="44.47585130249861" lon="-64.2642358236464"><time>2026-07-04T21:40:55Z</time></trkpt><trkpt lat="44.47582746134758" lon="-64.26424216756298"><time>2026-07-04T21:40:56Z</time></trkpt><trkpt lat="44.47580027962892" lon="-64.2642490347074"><time>2026-07-04T21:40:57Z</time></trkpt><trkpt lat="44.47577183621973" lon="-64.26425192833939"><time>2026-07-04T21:40:58Z</time></trkpt><trkpt lat="44.47574600864315" lon="-64.26425395301877"><time>2026-07-04T21:40:59Z</time></trkpt><trkpt lat="44.47571976895296" lon="-64.26425860356578"><time>2026-07-04T21:41:00Z</time></trkpt><trkpt lat="44.475693584942945" lon="-64.26426188094369"><time>2026-07-04T21:41:01Z</time></trkpt><trkpt lat="44.47566832116499" lon="-64.26426677034219"><time>2026-07-04T21:41:02Z</time></trkpt><trkpt lat="44.47564327464306" lon="-64.2642706302206"><time>2026-07-04T21:41:03Z</time></trkpt><trkpt lat="44.47561696899316" lon="-64.26427429905198"><time>2026-07-04T21:41:04Z</time></trkpt><trkpt lat="44.47559240038453" lon="-64.26428044283458"><time>2026-07-04T21:41:05Z</time></trkpt><trkpt lat="44.475568290544416" lon="-64.26428784262916"><time>2026-07-04T21:41:06Z</time></trkpt><trkpt lat="44.475542202060744" lon="-64.26429632249877"><time>2026-07-04T21:41:07Z</time></trkpt><trkpt lat="44.47551743437691" lon="-64.26430630255494"><time>2026-07-04T21:41:08Z</time></trkpt><trkpt lat="44.47549150971543" lon="-64.26431085035497"><time>2026-07-04T21:41:09Z</time></trkpt><trkpt lat="44.47546364959613" lon="-64.26431827540804"><time>2026-07-04T21:41:10Z</time></trkpt><trkpt lat="44.475435652463894" lon="-64.26432318736423"><time>2026-07-04T21:41:11Z</time></trkpt><trkpt lat="44.4754068096426" lon="-64.26433150520087"><time>2026-07-04T21:41:12Z</time></trkpt><trkpt lat="44.47537764583479" lon="-64.26433778727653"><time>2026-07-04T21:41:13Z</time></trkpt><trkpt lat="44.47534964705028" lon="-64.26433829864979"><time>2026-07-04T21:41:14Z</time></trkpt><trkpt lat="44.47531964089296" lon="-64.2643352230796"><time>2026-07-04T21:41:15Z</time></trkpt><trkpt lat="44.475291155412236" lon="-64.26433509120781"><time>2026-07-04T21:41:16Z</time></trkpt><trkpt lat="44.47526140655579" lon="-64.26434022187745"><time>2026-07-04T21:41:17Z</time></trkpt><trkpt lat="44.475232252308544" lon="-64.26434341429898"><time>2026-07-04T21:41:18Z</time></trkpt><trkpt lat="44.47520388988603" lon="-64.26435078013624"><time>2026-07-04T21:41:19Z</time></trkpt><trkpt lat="44.47517388504007" lon="-64.26435766815516"><time>2026-07-04T21:41:20Z</time></trkpt><trkpt lat="44.47514845971076" lon="-64.26436684169433"><time>2026-07-04T21:41:21Z</time></trkpt><trkpt lat="44.475121320693056" lon="-64.26437726191868"><time>2026-07-04T21:41:22Z</time></trkpt><trkpt lat="44.47509377626952" lon="-64.26438216434798"><time>2026-07-04T21:41:23Z</time></trkpt><trkpt lat="44.47506598181375" lon="-64.26438701442187"><time>2026-07-04T21:41:24Z</time></trkpt><trkpt lat="44.47503746576966" lon="-64.26438923650143"><time>2026-07-04T21:41:25Z</time></trkpt><trkpt lat="44.47500942255837" lon="-64.26438926308504"><time>2026-07-04T21:41:26Z</time></trkpt><trkpt lat="44.47498479655768" lon="-64.26438960057524"><time>2026-07-04T21:41:27Z</time></trkpt><trkpt lat="44.47495649672533" lon="-64.26439198229582"><time>2026-07-04T21:41:28Z</time></trkpt><trkpt lat="44.47492805632016" lon="-64.26439535142832"><time>2026-07-04T21:41:29Z</time></trkpt><trkpt lat="44.47490426771058" lon="-64.26439870681305"><time>2026-07-04T21:41:30Z</time></trkpt><trkpt lat="44.47488012453563" lon="-64.2644008883409"><time>2026-07-04T21:41:31Z</time></trkpt><trkpt lat="44.47485206661043" lon="-64.26440310143781"><time>2026-07-04T21:41:32Z</time></trkpt><trkpt lat="44.474825641419464" lon="-64.26440562907767"><time>2026-07-04T21:41:33Z</time></trkpt><trkpt lat="44.47480235154867" lon="-64.26440883627541"><time>2026-07-04T21:41:34Z</time></trkpt><trkpt lat="44.47477737303824" lon="-64.26441464762563"><time>2026-07-04T21:41:35Z</time></trkpt><trkpt lat="44.47475300329036" lon="-64.26442144574874"><time>2026-07-04T21:41:36Z</time></trkpt><trkpt lat="44.47473046781587" lon="-64.26442858558002"><time>2026-07-04T21:41:37Z</time></trkpt><trkpt lat="44.47470456445591" lon="-64.26443616588347"><time>2026-07-04T21:41:38Z</time></trkpt><trkpt lat="44.474682641760594" lon="-64.26443933877094"><time>2026-07-04T21:41:39Z</time></trkpt><trkpt lat="44.47465954029737" lon="-64.26443812049477"><time>2026-07-04T21:41:40Z</time></trkpt><trkpt lat="44.47463265880943" lon="-64.26443800954162"><time>2026-07-04T21:41:41Z</time></trkpt><trkpt lat="44.47461060145846" lon="-64.26442732751191"><time>2026-07-04T21:41:42Z</time></trkpt><trkpt lat="44.47458729490694" lon="-64.26441738792714"><time>2026-07-04T21:41:43Z</time></trkpt><trkpt lat="44.474563502875505" lon="-64.26440635452211"><time>2026-07-04T21:41:44Z</time></trkpt><trkpt lat="44.4745414905722" lon="-64.26439392746411"><time>2026-07-04T21:41:45Z</time></trkpt><trkpt lat="44.47451976395777" lon="-64.26438013981378"><time>2026-07-04T21:41:46Z</time></trkpt><trkpt lat="44.474498669906446" lon="-64.26435932383777"><time>2026-07-04T21:41:47Z</time></trkpt><trkpt lat="44.474477338438014" lon="-64.26433454993378"><time>2026-07-04T21:41:48Z</time></trkpt><trkpt lat="44.47445797967122" lon="-64.264311036782"><time>2026-07-04T21:41:49Z</time></trkpt><trkpt lat="44.47444196565711" lon="-64.26428256607583"><time>2026-07-04T21:41:50Z</time></trkpt><trkpt lat="44.4744284868551" lon="-64.26425456093942"><time>2026-07-04T21:41:51Z</time></trkpt><trkpt lat="44.47440952055989" lon="-64.26422290477909"><time>2026-07-04T21:41:52Z</time></trkpt><trkpt lat="44.474403104859775" lon="-64.26419149052505"><time>2026-07-04T21:41:53Z</time></trkpt><trkpt lat="44.47439489472914" lon="-64.2641585639339"><time>2026-07-04T21:41:54Z</time></trkpt><trkpt lat="44.474387007102116" lon="-64.26412626342398"><time>2026-07-04T21:41:55Z</time></trkpt><trkpt lat="44.474382333618294" lon="-64.26409410418029"><time>2026-07-04T21:41:56Z</time></trkpt><trkpt lat="44.47438038444823" lon="-64.26406314221921"><time>2026-07-04T21:41:57Z</time></trkpt><trkpt lat="44.474379631992406" lon="-64.26403148958059"><time>2026-07-04T21:41:58Z</time></trkpt><trkpt lat="44.47437713023957" lon="-64.263999159732"><time>2026-07-04T21:41:59Z</time></trkpt><trkpt lat="44.47437990600473" lon="-64.26397199331457"><time>2026-07-04T21:42:00Z</time></trkpt><trkpt lat="44.47438552869266" lon="-64.2639446244352"><time>2026-07-04T21:42:01Z</time></trkpt><trkpt lat="44.47439223709857" lon="-64.26391828703031"><time>2026-07-04T21:42:02Z</time></trkpt><trkpt lat="44.47439699112872" lon="-64.26388834905966"><time>2026-07-04T21:42:03Z</time></trkpt><trkpt lat="44.47440393408626" lon="-64.26385765522768"><time>2026-07-04T21:42:04Z</time></trkpt><trkpt lat="44.47441772485441" lon="-64.26383630330284"><time>2026-07-04T21:42:05Z</time></trkpt><trkpt lat="44.47443225815028" lon="-64.26381494281758"><time>2026-07-04T21:42:06Z</time></trkpt><trkpt lat="44.47444771640748" lon="-64.26379545843363"><time>2026-07-04T21:42:07Z</time></trkpt><trkpt lat="44.474464678920086" lon="-64.2637779589807"><time>2026-07-04T21:42:08Z</time></trkpt><trkpt lat="44.47448296649246" lon="-64.26376282230387"><time>2026-07-04T21:42:09Z</time></trkpt><trkpt lat="44.474503321790614" lon="-64.26375174552639"><time>2026-07-04T21:42:10Z</time></trkpt><trkpt lat="44.47452582964063" lon="-64.26374692879284"><time>2026-07-04T21:42:11Z</time></trkpt><trkpt lat="44.47454865495931" lon="-64.26374042699527"><time>2026-07-04T21:42:12Z</time></trkpt><trkpt lat="44.47457060233092" lon="-64.26373638841689"><time>2026-07-04T21:42:13Z</time></trkpt><trkpt lat="44.47459264416196" lon="-64.26373294183347"><time>2026-07-04T21:42:14Z</time></trkpt><trkpt lat="44.474612887486316" lon="-64.26372758538538"><time>2026-07-04T21:42:15Z</time></trkpt><trkpt lat="44.47463472522338" lon="-64.26372051108348"><time>2026-07-04T21:42:16Z</time></trkpt><trkpt lat="44.47465509841547" lon="-64.26371181002693"><time>2026-07-04T21:42:17Z</time></trkpt><trkpt lat="44.474675441756986" lon="-64.2637026385126"><time>2026-07-04T21:42:18Z</time></trkpt><trkpt lat="44.474694943781266" lon="-64.26369129149455"><time>2026-07-04T21:42:19Z</time></trkpt><trkpt lat="44.47471345818247" lon="-64.2636807801488"><time>2026-07-04T21:42:20Z</time></trkpt><trkpt lat="44.47473192981346" lon="-64.26366818198235"><time>2026-07-04T21:42:21Z</time></trkpt><trkpt lat="44.4747537273599" lon="-64.26366227025103"><time>2026-07-04T21:42:22Z</time></trkpt><trkpt lat="44.47477440405089" lon="-64.26365476747749"><time>2026-07-04T21:42:23Z</time></trkpt><trkpt lat="44.47479607661597" lon="-64.26365171658412"><time>2026-07-04T21:42:24Z</time></trkpt><trkpt lat="44.474817079569156" lon="-64.26364784645337"><time>2026-07-04T21:42:25Z</time></trkpt><trkpt lat="44.47484065553363" lon="-64.26364573413622"><time>2026-07-04T21:42:26Z</time></trkpt><trkpt lat="44.474862103747256" lon="-64.26364421555334"><time>2026-07-04T21:42:27Z</time></trkpt><trkpt lat="44.47488368336258" lon="-64.26363949256996"><time>2026-07-04T21:42:28Z</time></trkpt><trkpt lat="44.47490576735931" lon="-64.2636339067638"><time>2026-07-04T21:42:29Z</time></trkpt><trkpt lat="44.47492788203231" lon="-64.26362276227232"><time>2026-07-04T21:42:30Z</time></trkpt><trkpt lat="44.47494995660943" lon="-64.26361575638158"><time>2026-07-04T21:42:31Z</time></trkpt><trkpt lat="44.47497267670424" lon="-64.26360695649909"><time>2026-07-04T21:42:32Z</time></trkpt><trkpt lat="44.4749972369136" lon="-64.26359832100243"><time>2026-07-04T21:42:33Z</time></trkpt><trkpt lat="44.47502171068119" lon="-64.26359033108643"><time>2026-07-04T21:42:34Z</time></trkpt><trkpt lat="44.4750468590698" lon="-64.26358189356363"><time>2026-07-04T21:42:35Z</time></trkpt><trkpt lat="44.47507077755469" lon="-64.26357504901284"><time>2026-07-04T21:42:36Z</time></trkpt><trkpt lat="44.47509520008927" lon="-64.26356766072274"><time>2026-07-04T21:42:37Z</time></trkpt><trkpt lat="44.475121186869174" lon="-64.26356158992537"><time>2026-07-04T21:42:38Z</time></trkpt><trkpt lat="44.47514702669395" lon="-64.2635587682745"><time>2026-07-04T21:42:39Z</time></trkpt><trkpt lat="44.47517360820922" lon="-64.26355514401992"><time>2026-07-04T21:42:40Z</time></trkpt><trkpt lat="44.47519836492363" lon="-64.26354980394646"><time>2026-07-04T21:42:41Z</time></trkpt><trkpt lat="44.4752254405156" lon="-64.2635484430289"><time>2026-07-04T21:42:42Z</time></trkpt><trkpt lat="44.47525350503677" lon="-64.26354639677658"><time>2026-07-04T21:42:43Z</time></trkpt><trkpt lat="44.47527964775481" lon="-64.2635417417072"><time>2026-07-04T21:42:44Z</time></trkpt><trkpt lat="44.47530574630209" lon="-64.26353676825377"><time>2026-07-04T21:42:45Z</time></trkpt><trkpt lat="44.47533302308453" lon="-64.26353190885833"><time>2026-07-04T21:42:46Z</time></trkpt><trkpt lat="44.47536124654395" lon="-64.26352744610105"><time>2026-07-04T21:42:47Z</time></trkpt><trkpt lat="44.47538879491663" lon="-64.26352177886845"><time>2026-07-04T21:42:48Z</time></trkpt><trkpt lat="44.47541664476126" lon="-64.26351414241431"><time>2026-07-04T21:42:49Z</time></trkpt><trkpt lat="44.47544453388078" lon="-64.26350604865033"><time>2026-07-04T21:42:50Z</time></trkpt><trkpt lat="44.475473440350314" lon="-64.26350173170874"><time>2026-07-04T21:42:51Z</time></trkpt><trkpt lat="44.475501646537055" lon="-64.26349891133415"><time>2026-07-04T21:42:52Z</time></trkpt><trkpt lat="44.47553039404707" lon="-64.26349668047537"><time>2026-07-04T21:42:53Z</time></trkpt><trkpt lat="44.475559196733876" lon="-64.26349390012271"><time>2026-07-04T21:42:54Z</time></trkpt><trkpt lat="44.47558800660129" lon="-64.26349405576492"><time>2026-07-04T21:42:55Z</time></trkpt><trkpt lat="44.47561800900899" lon="-64.26349326521805"><time>2026-07-04T21:42:56Z</time></trkpt><trkpt lat="44.475646809031026" lon="-64.26349367233051"><time>2026-07-04T21:42:57Z</time></trkpt><trkpt lat="44.47567609845145" lon="-64.26349630608856"><time>2026-07-04T21:42:58Z</time></trkpt><trkpt lat="44.47571362228139" lon="-64.2634949264261"><time>2026-07-04T21:42:59Z</time></trkpt><trkpt lat="44.475736859757355" lon="-64.26349543327485"><time>2026-07-04T21:43:00Z</time></trkpt><trkpt lat="44.475760585298325" lon="-64.26349318953366"><time>2026-07-04T21:43:01Z</time></trkpt><trkpt lat="44.475789204517824" lon="-64.26348648074261"><time>2026-07-04T21:43:02Z</time></trkpt><trkpt lat="44.475816085476325" lon="-64.26347158343765"><time>2026-07-04T21:43:03Z</time></trkpt><trkpt lat="44.47584212901959" lon="-64.26346879546288"><time>2026-07-04T21:43:04Z</time></trkpt><trkpt lat="44.47587098571415" lon="-64.26346196490071"><time>2026-07-04T21:43:05Z</time></trkpt><trkpt lat="44.47589518337281" lon="-64.26346193987047"><time>2026-07-04T21:43:06Z</time></trkpt><trkpt lat="44.47592193177211" lon="-64.26346257293365"><time>2026-07-04T21:43:07Z</time></trkpt><trkpt lat="44.47595108964521" lon="-64.26346411170088"><time>2026-07-04T21:43:08Z</time></trkpt><trkpt lat="44.475978826271074" lon="-64.26346257371355"><time>2026-07-04T21:43:09Z</time></trkpt><trkpt lat="44.476001449360844" lon="-64.26344853518353"><time>2026-07-04T21:43:10Z</time></trkpt><trkpt lat="44.47603313595872" lon="-64.26345245234624"><time>2026-07-04T21:43:11Z</time></trkpt><trkpt lat="44.47606528854247" lon="-64.2634480410409"><time>2026-07-04T21:43:12Z</time></trkpt><trkpt lat="44.47609238668214" lon="-64.26344205543943"><time>2026-07-04T21:43:13Z</time></trkpt><trkpt lat="44.47611793523333" lon="-64.26343381644512"><time>2026-07-04T21:43:14Z</time></trkpt><trkpt lat="44.47614959632402" lon="-64.263426579317"><time>2026-07-04T21:43:15Z</time></trkpt><trkpt lat="44.47618004259451" lon="-64.26342153059457"><time>2026-07-04T21:43:16Z</time></trkpt><trkpt lat="44.47620860153594" lon="-64.26340885539115"><time>2026-07-04T21:43:17Z</time></trkpt><trkpt lat="44.476236729308994" lon="-64.2634001655838"><time>2026-07-04T21:43:18Z</time></trkpt><trkpt lat="44.476264879321704" lon="-64.26339790719568"><time>2026-07-04T21:43:19Z</time></trkpt><trkpt lat="44.47629482686787" lon="-64.26339523343684"><time>2026-07-04T21:43:20Z</time></trkpt><trkpt lat="44.476324498787655" lon="-64.26339126631726"><time>2026-07-04T21:43:21Z</time></trkpt><trkpt lat="44.4763562296673" lon="-64.2633851005778"><time>2026-07-04T21:43:22Z</time></trkpt><trkpt lat="44.476386126094816" lon="-64.26337813516987"><time>2026-07-04T21:43:23Z</time></trkpt><trkpt lat="44.476415244285974" lon="-64.26337160509686"><time>2026-07-04T21:43:24Z</time></trkpt><trkpt lat="44.47644667526916" lon="-64.2633648606533"><time>2026-07-04T21:43:25Z</time></trkpt><trkpt lat="44.47647724000425" lon="-64.26335785364887"><time>2026-07-04T21:43:26Z</time></trkpt><trkpt lat="44.47650691519457" lon="-64.26335623923053"><time>2026-07-04T21:43:27Z</time></trkpt><trkpt lat="44.476537605847284" lon="-64.2633510031379"><time>2026-07-04T21:43:28Z</time></trkpt><trkpt lat="44.47656805313426" lon="-64.2633514923965"><time>2026-07-04T21:43:29Z</time></trkpt><trkpt lat="44.47660009929208" lon="-64.26335497644338"><time>2026-07-04T21:43:30Z</time></trkpt><trkpt lat="44.47663038624953" lon="-64.26335551899692"><time>2026-07-04T21:43:31Z</time></trkpt><trkpt lat="44.47666148563958" lon="-64.26335920404615"><time>2026-07-04T21:43:32Z</time></trkpt><trkpt lat="44.476691580146834" lon="-64.26335362814375"><time>2026-07-04T21:43:33Z</time></trkpt><trkpt lat="44.476722584392476" lon="-64.26335030135942"><time>2026-07-04T21:43:34Z</time></trkpt><trkpt lat="44.47675157719084" lon="-64.26335021539364"><time>2026-07-04T21:43:35Z</time></trkpt><trkpt lat="44.476784660279236" lon="-64.26335064836265"><time>2026-07-04T21:43:36Z</time></trkpt><trkpt lat="44.47681412135723" lon="-64.26335489194697"><time>2026-07-04T21:43:37Z</time></trkpt><trkpt lat="44.47684345235253" lon="-64.26336375152934"><time>2026-07-04T21:43:38Z</time></trkpt><trkpt lat="44.4768717095899" lon="-64.26337429990198"><time>2026-07-04T21:43:39Z</time></trkpt><trkpt lat="44.4769000262716" lon="-64.26338418987471"><time>2026-07-04T21:43:40Z</time></trkpt><trkpt lat="44.47692953405246" lon="-64.26339364736351"><time>2026-07-04T21:43:41Z</time></trkpt><trkpt lat="44.47695714639173" lon="-64.26340094779997"><time>2026-07-04T21:43:42Z</time></trkpt><trkpt lat="44.476988852758836" lon="-64.26340421418102"><time>2026-07-04T21:43:43Z</time></trkpt><trkpt lat="44.47701726270589" lon="-64.26341046451897"><time>2026-07-04T21:43:44Z</time></trkpt><trkpt lat="44.47704616508441" lon="-64.26341750412979"><time>2026-07-04T21:43:45Z</time></trkpt><trkpt lat="44.47707567280134" lon="-64.26342404462449"><time>2026-07-04T21:43:46Z</time></trkpt><trkpt lat="44.47710563873057" lon="-64.26342940370917"><time>2026-07-04T21:43:47Z</time></trkpt><trkpt lat="44.47713382041785" lon="-64.26343853944984"><time>2026-07-04T21:43:48Z</time></trkpt><trkpt lat="44.47716312061745" lon="-64.26344897339226"><time>2026-07-04T21:43:49Z</time></trkpt><trkpt lat="44.47719133314545" lon="-64.26345419442796"><time>2026-07-04T21:43:50Z</time></trkpt><trkpt lat="44.477220686438294" lon="-64.26346896133589"><time>2026-07-04T21:43:51Z</time></trkpt><trkpt lat="44.47724916630275" lon="-64.26347875860205"><time>2026-07-04T21:43:52Z</time></trkpt><trkpt lat="44.477277706123395" lon="-64.2634845224775"><time>2026-07-04T21:43:53Z</time></trkpt><trkpt lat="44.477307648238586" lon="-64.26348792346592"><time>2026-07-04T21:43:54Z</time></trkpt><trkpt lat="44.477336918494366" lon="-64.26349461978585"><time>2026-07-04T21:43:55Z</time></trkpt><trkpt lat="44.47736584640514" lon="-64.26350165779975"><time>2026-07-04T21:43:56Z</time></trkpt><trkpt lat="44.477396550066935" lon="-64.26350821767153"><time>2026-07-04T21:43:57Z</time></trkpt><trkpt lat="44.477424851254966" lon="-64.26351656843048"><time>2026-07-04T21:43:58Z</time></trkpt><trkpt lat="44.47745463175763" lon="-64.26352530259351"><time>2026-07-04T21:43:59Z</time></trkpt><trkpt lat="44.47748571935758" lon="-64.26353487225087"><time>2026-07-04T21:44:00Z</time></trkpt><trkpt lat="44.47751474243647" lon="-64.26354466619317"><time>2026-07-04T21:44:01Z</time></trkpt><trkpt lat="44.477543527265595" lon="-64.26355435566832"><time>2026-07-04T21:44:02Z</time></trkpt><trkpt lat="44.47757149786848" lon="-64.26356601256069"><time>2026-07-04T21:44:03Z</time></trkpt><trkpt lat="44.47760065652649" lon="-64.2635752237664"><time>2026-07-04T21:44:04Z</time></trkpt><trkpt lat="44.47762722861661" lon="-64.26358311216194"><time>2026-07-04T21:44:05Z</time></trkpt><trkpt lat="44.477658568262456" lon="-64.26359267730166"><time>2026-07-04T21:44:06Z</time></trkpt><trkpt lat="44.47769032585953" lon="-64.26359887821852"><time>2026-07-04T21:44:07Z</time></trkpt><trkpt lat="44.47771934309546" lon="-64.26360903774807"><time>2026-07-04T21:44:08Z</time></trkpt><trkpt lat="44.47774945483639" lon="-64.26361618568438"><time>2026-07-04T21:44:09Z</time></trkpt><trkpt lat="44.47778032154183" lon="-64.26362809865665"><time>2026-07-04T21:44:10Z</time></trkpt><trkpt lat="44.47780852907365" lon="-64.26364076292141"><time>2026-07-04T21:44:11Z</time></trkpt><trkpt lat="44.477839038902225" lon="-64.26365023123519"><time>2026-07-04T21:44:12Z</time></trkpt><trkpt lat="44.47786927471254" lon="-64.2636610853835"><time>2026-07-04T21:44:13Z</time></trkpt><trkpt lat="44.47789982889589" lon="-64.26367287259038"><time>2026-07-04T21:44:14Z</time></trkpt><trkpt lat="44.47792880254829" lon="-64.26368608978655"><time>2026-07-04T21:44:15Z</time></trkpt><trkpt lat="44.47795944002072" lon="-64.2636993699693"><time>2026-07-04T21:44:16Z</time></trkpt><trkpt lat="44.47798888196708" lon="-64.26371147253194"><time>2026-07-04T21:44:17Z</time></trkpt><trkpt lat="44.47801946955298" lon="-64.26372539072419"><time>2026-07-04T21:44:18Z</time></trkpt><trkpt lat="44.47804838387351" lon="-64.26374021993973"><time>2026-07-04T21:44:19Z</time></trkpt><trkpt lat="44.47807742917303" lon="-64.26375256470786"><time>2026-07-04T21:44:20Z</time></trkpt><trkpt lat="44.47810875787369" lon="-64.26375957333892"><time>2026-07-04T21:44:21Z</time></trkpt><trkpt lat="44.47813915155811" lon="-64.2637665053601"><time>2026-07-04T21:44:22Z</time></trkpt><trkpt lat="44.478169762355385" lon="-64.26377701140846"><time>2026-07-04T21:44:23Z</time></trkpt><trkpt lat="44.478201319164285" lon="-64.26379205907902"><time>2026-07-04T21:44:24Z</time></trkpt><trkpt lat="44.47823074566636" lon="-64.26380134563581"><time>2026-07-04T21:44:25Z</time></trkpt><trkpt lat="44.478260617620535" lon="-64.26381662475589"><time>2026-07-04T21:44:26Z</time></trkpt><trkpt lat="44.47828965829662" lon="-64.26383028755619"><time>2026-07-04T21:44:27Z</time></trkpt><trkpt lat="44.47832021473652" lon="-64.26384322872346"><time>2026-07-04T21:44:28Z</time></trkpt><trkpt lat="44.47834872337841" lon="-64.26385881503812"><time>2026-07-04T21:44:29Z</time></trkpt><trkpt lat="44.478374093919946" lon="-64.26387671276117"><time>2026-07-04T21:44:30Z</time></trkpt><trkpt lat="44.47840131219795" lon="-64.26389301485095"><time>2026-07-04T21:44:31Z</time></trkpt><trkpt lat="44.47843135750115" lon="-64.26390671061009"><time>2026-07-04T21:44:32Z</time></trkpt><trkpt lat="44.47846254989089" lon="-64.26391031010562"><time>2026-07-04T21:44:33Z</time></trkpt><trkpt lat="44.478494202964946" lon="-64.26391900195996"><time>2026-07-04T21:44:34Z</time></trkpt><trkpt lat="44.478524356986526" lon="-64.263931421656"><time>2026-07-04T21:44:35Z</time></trkpt><trkpt lat="44.47855443576194" lon="-64.2639435068699"><time>2026-07-04T21:44:36Z</time></trkpt><trkpt lat="44.478584033033" lon="-64.26395630099258"><time>2026-07-04T21:44:37Z</time></trkpt><trkpt lat="44.47861238616737" lon="-64.26396990601305"><time>2026-07-04T21:44:38Z</time></trkpt><trkpt lat="44.47864274836997" lon="-64.26397864194193"><time>2026-07-04T21:44:39Z</time></trkpt><trkpt lat="44.47866720932294" lon="-64.2639902507041"><time>2026-07-04T21:44:40Z</time></trkpt><trkpt lat="44.47869534813664" lon="-64.26400863694266"><time>2026-07-04T21:44:41Z</time></trkpt><trkpt lat="44.47872449156565" lon="-64.26402530374664"><time>2026-07-04T21:44:42Z</time></trkpt><trkpt lat="44.47875382823472" lon="-64.26403861108842"><time>2026-07-04T21:44:43Z</time></trkpt><trkpt lat="44.47878277429971" lon="-64.26404815118588"><time>2026-07-04T21:44:44Z</time></trkpt><trkpt lat="44.47881063093731" lon="-64.26405933399404"><time>2026-07-04T21:44:45Z</time></trkpt><trkpt lat="44.47883856452137" lon="-64.2640711324716"><time>2026-07-04T21:44:46Z</time></trkpt><trkpt lat="44.478867938678086" lon="-64.26407965168124"><time>2026-07-04T21:44:47Z</time></trkpt><trkpt lat="44.478898801240256" lon="-64.26408951437028"><time>2026-07-04T21:44:48Z</time></trkpt><trkpt lat="44.47892948240255" lon="-64.26409806612826"><time>2026-07-04T21:44:49Z</time></trkpt><trkpt lat="44.47896204261346" lon="-64.26410514618446"><time>2026-07-04T21:44:50Z</time></trkpt><trkpt lat="44.47899138933459" lon="-64.26411049354579"><time>2026-07-04T21:44:51Z</time></trkpt><trkpt lat="44.47901927534799" lon="-64.26411640492908"><time>2026-07-04T21:44:52Z</time></trkpt><trkpt lat="44.47904779749201" lon="-64.2641285954684"><time>2026-07-04T21:44:53Z</time></trkpt><trkpt lat="44.47907594322144" lon="-64.26413298339386"><time>2026-07-04T21:44:54Z</time></trkpt><trkpt lat="44.47910297229636" lon="-64.26413297288867"><time>2026-07-04T21:44:55Z</time></trkpt><trkpt lat="44.4791298597648" lon="-64.26413135554945"><time>2026-07-04T21:44:56Z</time></trkpt><trkpt lat="44.47915792612868" lon="-64.2641272435704"><time>2026-07-04T21:44:57Z</time></trkpt><trkpt lat="44.47918831259536" lon="-64.26411938160663"><time>2026-07-04T21:44:58Z</time></trkpt><trkpt lat="44.479215938210665" lon="-64.2641057366194"><time>2026-07-04T21:44:59Z</time></trkpt><trkpt lat="44.47924211504479" lon="-64.2640851475842"><time>2026-07-04T21:45:00Z</time></trkpt><trkpt lat="44.47926273021877" lon="-64.26405983335968"><time>2026-07-04T21:45:01Z</time></trkpt><trkpt lat="44.4792794751303" lon="-64.26402847480941"><time>2026-07-04T21:45:02Z</time></trkpt><trkpt lat="44.479293583113424" lon="-64.26398557772386"><time>2026-07-04T21:45:03Z</time></trkpt><trkpt lat="44.479295160015155" lon="-64.26394733526314"><time>2026-07-04T21:45:04Z</time></trkpt><trkpt lat="44.479292592344706" lon="-64.26391345319131"><time>2026-07-04T21:45:05Z</time></trkpt><trkpt lat="44.47928194414301" lon="-64.26388193876375"><time>2026-07-04T21:45:06Z</time></trkpt><trkpt lat="44.47927081737197" lon="-64.26385462413121"><time>2026-07-04T21:45:07Z</time></trkpt><trkpt lat="44.47925191204835" lon="-64.26382930083412"><time>2026-07-04T21:45:08Z</time></trkpt><trkpt lat="44.479233972455035" lon="-64.26381013429945"><time>2026-07-04T21:45:09Z</time></trkpt><trkpt lat="44.479209357983585" lon="-64.26380366649276"><time>2026-07-04T21:45:10Z</time></trkpt><trkpt lat="44.479184365400286" lon="-64.26381204788308"><time>2026-07-04T21:45:11Z</time></trkpt><trkpt lat="44.47916357720953" lon="-64.26382471682808"><time>2026-07-04T21:45:12Z</time></trkpt><trkpt lat="44.479145441406494" lon="-64.26383911217427"><time>2026-07-04T21:45:13Z</time></trkpt><trkpt lat="44.47912788225967" lon="-64.26384927365918"><time>2026-07-04T21:45:14Z</time></trkpt><trkpt lat="44.479107551231166" lon="-64.26386287714492"><time>2026-07-04T21:45:15Z</time></trkpt><trkpt lat="44.4790901302777" lon="-64.26387216735047"><time>2026-07-04T21:45:16Z</time></trkpt><trkpt lat="44.479065771185454" lon="-64.2638850361891"><time>2026-07-04T21:45:17Z</time></trkpt><trkpt lat="44.479044707547274" lon="-64.26389931304834"><time>2026-07-04T21:45:18Z</time></trkpt><trkpt lat="44.47902650926621" lon="-64.26391352195664"><time>2026-07-04T21:45:19Z</time></trkpt><trkpt lat="44.47900509237748" lon="-64.26393205435193"><time>2026-07-04T21:45:20Z</time></trkpt><trkpt lat="44.478981871179954" lon="-64.26394896567245"><time>2026-07-04T21:45:21Z</time></trkpt><trkpt lat="44.478961479254735" lon="-64.26396639362403"><time>2026-07-04T21:45:22Z</time></trkpt><trkpt lat="44.47894084198867" lon="-64.26398303056278"><time>2026-07-04T21:45:23Z</time></trkpt><trkpt lat="44.47891663424257" lon="-64.26399607386669"><time>2026-07-04T21:45:24Z</time></trkpt><trkpt lat="44.478891434467755" lon="-64.26400798590693"><time>2026-07-04T21:45:25Z</time></trkpt><trkpt lat="44.47886650499103" lon="-64.26402321819049"><time>2026-07-04T21:45:26Z</time></trkpt><trkpt lat="44.47883860067764" lon="-64.2640343941946"><time>2026-07-04T21:45:27Z</time></trkpt><trkpt lat="44.4788120629794" lon="-64.26404896550865"><time>2026-07-04T21:45:28Z</time></trkpt><trkpt lat="44.47878713107556" lon="-64.26406784364052"><time>2026-07-04T21:45:29Z</time></trkpt><trkpt lat="44.47876110304927" lon="-64.26408807827275"><time>2026-07-04T21:45:30Z</time></trkpt><trkpt lat="44.47873917315634" lon="-64.26411103437175"><time>2026-07-04T21:45:31Z</time></trkpt><trkpt lat="44.4787153039806" lon="-64.26413085783207"><time>2026-07-04T21:45:32Z</time></trkpt><trkpt lat="44.47868578279278" lon="-64.2641426121648"><time>2026-07-04T21:45:33Z</time></trkpt><trkpt lat="44.4786590481512" lon="-64.2641576734105"><time>2026-07-04T21:45:34Z</time></trkpt><trkpt lat="44.47863324610897" lon="-64.26417284411976"><time>2026-07-04T21:45:35Z</time></trkpt><trkpt lat="44.47860644660108" lon="-64.26419017300145"><time>2026-07-04T21:45:36Z</time></trkpt><trkpt lat="44.478578376416856" lon="-64.26420452785615"><time>2026-07-04T21:45:37Z</time></trkpt><trkpt lat="44.47855169699708" lon="-64.26422233760474"><time>2026-07-04T21:45:38Z</time></trkpt><trkpt lat="44.47852644356092" lon="-64.26423923832863"><time>2026-07-04T21:45:39Z</time></trkpt><trkpt lat="44.47850025425941" lon="-64.2642557008691"><time>2026-07-04T21:45:40Z</time></trkpt><trkpt lat="44.47847349084176" lon="-64.26427038548547"><time>2026-07-04T21:45:41Z</time></trkpt><trkpt lat="44.47844799879292" lon="-64.26428637108799"><time>2026-07-04T21:45:42Z</time></trkpt><trkpt lat="44.4784230141429" lon="-64.26430482211912"><time>2026-07-04T21:45:43Z</time></trkpt><trkpt lat="44.47839918651451" lon="-64.26432264758631"><time>2026-07-04T21:45:44Z</time></trkpt><trkpt lat="44.478376544683414" lon="-64.26434283858285"><time>2026-07-04T21:45:45Z</time></trkpt><trkpt lat="44.478357394773234" lon="-64.26436974243927"><time>2026-07-04T21:45:46Z</time></trkpt><trkpt lat="44.478331664253716" lon="-64.26438590729104"><time>2026-07-04T21:45:47Z</time></trkpt><trkpt lat="44.47830667121199" lon="-64.26440079781506"><time>2026-07-04T21:45:48Z</time></trkpt><trkpt lat="44.47827701788327" lon="-64.26441323050601"><time>2026-07-04T21:45:49Z</time></trkpt><trkpt lat="44.47825055773619" lon="-64.26442925491496"><time>2026-07-04T21:45:50Z</time></trkpt><trkpt lat="44.47822790350731" lon="-64.2644457220756"><time>2026-07-04T21:45:51Z</time></trkpt><trkpt lat="44.47820459967993" lon="-64.26446566150835"><time>2026-07-04T21:45:52Z</time></trkpt><trkpt lat="44.478183147502925" lon="-64.26448618237995"><time>2026-07-04T21:45:53Z</time></trkpt><trkpt lat="44.47816189860292" lon="-64.26450762300789"><time>2026-07-04T21:45:54Z</time></trkpt><trkpt lat="44.47814404677792" lon="-64.2645324604318"><time>2026-07-04T21:45:55Z</time></trkpt><trkpt lat="44.478126248511956" lon="-64.26455573376144"><time>2026-07-04T21:45:56Z</time></trkpt><trkpt lat="44.47810687675583" lon="-64.26457741358311"><time>2026-07-04T21:45:57Z</time></trkpt><trkpt lat="44.478089775578546" lon="-64.26459972901436"><time>2026-07-04T21:45:58Z</time></trkpt><trkpt lat="44.47807195597649" lon="-64.26462160086666"><time>2026-07-04T21:45:59Z</time></trkpt><trkpt lat="44.47805276495095" lon="-64.26464163672979"><time>2026-07-04T21:46:00Z</time></trkpt><trkpt lat="44.478033187349546" lon="-64.26466102179576"><time>2026-07-04T21:46:01Z</time></trkpt><trkpt lat="44.47801581728782" lon="-64.26468254525165"><time>2026-07-04T21:46:02Z</time></trkpt><trkpt lat="44.47799721959842" lon="-64.26470323494793"><time>2026-07-04T21:46:03Z</time></trkpt><trkpt lat="44.47797966199054" lon="-64.26472310377122"><time>2026-07-04T21:46:04Z</time></trkpt><trkpt lat="44.4779624512363" lon="-64.26474356449116"><time>2026-07-04T21:46:05Z</time></trkpt><trkpt lat="44.47794550728971" lon="-64.26476035423504"><time>2026-07-04T21:46:06Z</time></trkpt><trkpt lat="44.47793014177458" lon="-64.26478106129738"><time>2026-07-04T21:46:07Z</time></trkpt><trkpt lat="44.47791566470649" lon="-64.264800688704"><time>2026-07-04T21:46:08Z</time></trkpt><trkpt lat="44.47789797212856" lon="-64.26481828959409"><time>2026-07-04T21:46:09Z</time></trkpt><trkpt lat="44.47788074699219" lon="-64.2648336208224"><time>2026-07-04T21:46:10Z</time></trkpt><trkpt lat="44.47785076661591" lon="-64.26487430740153"><time>2026-07-04T21:46:12Z</time></trkpt><trkpt lat="44.477823755372" lon="-64.26490648785618"><time>2026-07-04T21:46:14Z</time></trkpt><trkpt lat="44.4778084138092" lon="-64.26492510874596"><time>2026-07-04T21:46:15Z</time></trkpt><trkpt lat="44.47779402921295" lon="-64.26494430384363"><time>2026-07-04T21:46:16Z</time></trkpt><trkpt lat="44.47778033282521" lon="-64.26496096351073"><time>2026-07-04T21:46:17Z</time></trkpt><trkpt lat="44.47777030491002" lon="-64.26498339299611"><time>2026-07-04T21:46:18Z</time></trkpt><trkpt lat="44.4777605782246" lon="-64.26500614506766"><time>2026-07-04T21:46:19Z</time></trkpt><trkpt lat="44.477741529165385" lon="-64.26504758266944"><time>2026-07-04T21:46:21Z</time></trkpt><trkpt lat="44.477726802803765" lon="-64.26509015988806"><time>2026-07-04T21:46:23Z</time></trkpt><trkpt lat="44.47771517653648" lon="-64.26512734114941"><time>2026-07-04T21:46:25Z</time></trkpt><trkpt lat="44.477706986859666" lon="-64.26516267434344"><time>2026-07-04T21:46:27Z</time></trkpt><trkpt lat="44.47769905388136" lon="-64.26519602267099"><time>2026-07-04T21:46:29Z</time></trkpt><trkpt lat="44.47769736883959" lon="-64.26522297067878"><time>2026-07-04T21:46:31Z</time></trkpt><trkpt lat="44.477693351101344" lon="-64.26525954269854"><time>2026-07-04T21:46:34Z</time></trkpt><trkpt lat="44.47770072905257" lon="-64.26529046748931"><time>2026-07-04T21:46:37Z</time></trkpt><trkpt lat="44.47770645505067" lon="-64.26531593113997"><time>2026-07-04T21:46:40Z</time></trkpt><trkpt lat="44.47771070054498" lon="-64.2653413602009"><time>2026-07-04T21:46:44Z</time></trkpt><trkpt lat="44.47772239179876" lon="-64.2653619176435"><time>2026-07-04T21:46:52Z</time></trkpt><trkpt lat="44.477740122113545" lon="-64.2653682547514"><time>2026-07-04T21:46:56Z</time></trkpt><trkpt lat="44.47776808541134" lon="-64.26537586494415"><time>2026-07-04T21:47:00Z</time></trkpt><trkpt lat="44.4777872226655" lon="-64.26537683672476"><time>2026-07-04T21:47:02Z</time></trkpt><trkpt lat="44.47781632502729" lon="-64.2653810278954"><time>2026-07-04T21:47:04Z</time></trkpt><trkpt lat="44.47784693374601" lon="-64.2653866803072"><time>2026-07-04T21:47:06Z</time></trkpt><trkpt lat="44.47786653667055" lon="-64.26540637072463"><time>2026-07-04T21:47:08Z</time></trkpt><trkpt lat="44.477880207861425" lon="-64.26542952244057"><time>2026-07-04T21:47:10Z</time></trkpt><trkpt lat="44.477891224409426" lon="-64.26545675554104"><time>2026-07-04T21:47:13Z</time></trkpt><trkpt lat="44.477902973335816" lon="-64.26548398483196"><time>2026-07-04T21:47:16Z</time></trkpt><trkpt lat="44.477915487600676" lon="-64.26550760315848"><time>2026-07-04T21:47:19Z</time></trkpt><trkpt lat="44.4779333151203" lon="-64.26552469542715"><time>2026-07-04T21:47:22Z</time></trkpt><trkpt lat="44.477955391265105" lon="-64.26554203482534"><time>2026-07-04T21:47:25Z</time></trkpt><trkpt lat="44.47797679089101" lon="-64.26555914329883"><time>2026-07-04T21:47:27Z</time></trkpt><trkpt lat="44.477995217704" lon="-64.26557413848073"><time>2026-07-04T21:47:29Z</time></trkpt><trkpt lat="44.478014093478905" lon="-64.26559624251645"><time>2026-07-04T21:47:31Z</time></trkpt><trkpt lat="44.47803409910285" lon="-64.26561734670236"><time>2026-07-04T21:47:33Z</time></trkpt><trkpt lat="44.478053746127145" lon="-64.26564131366816"><time>2026-07-04T21:47:35Z</time></trkpt><trkpt lat="44.47807198527037" lon="-64.26565659397578"><time>2026-07-04T21:47:37Z</time></trkpt><trkpt lat="44.478100624074095" lon="-64.2656721094585"><time>2026-07-04T21:47:39Z</time></trkpt><trkpt lat="44.478131352601" lon="-64.26569034834124"><time>2026-07-04T21:47:41Z</time></trkpt><trkpt lat="44.47815802863" lon="-64.26571299178856"><time>2026-07-04T21:47:43Z</time></trkpt><trkpt lat="44.478188054786834" lon="-64.26574147871985"><time>2026-07-04T21:47:45Z</time></trkpt><trkpt lat="44.47820292883274" lon="-64.26575681486948"><time>2026-07-04T21:47:46Z</time></trkpt><trkpt lat="44.47821878763589" lon="-64.26577293852739"><time>2026-07-04T21:47:47Z</time></trkpt><trkpt lat="44.47824870941263" lon="-64.26580156918254"><time>2026-07-04T21:47:49Z</time></trkpt><trkpt lat="44.478263957093276" lon="-64.26581731608837"><time>2026-07-04T21:47:50Z</time></trkpt><trkpt lat="44.478280992836645" lon="-64.2658327463106"><time>2026-07-04T21:47:51Z</time></trkpt><trkpt lat="44.4782968430893" lon="-64.26584976025657"><time>2026-07-04T21:47:52Z</time></trkpt><trkpt lat="44.47831342847294" lon="-64.26586542018693"><time>2026-07-04T21:47:53Z</time></trkpt><trkpt lat="44.4783276224669" lon="-64.26588410612486"><time>2026-07-04T21:47:54Z</time></trkpt><trkpt lat="44.47833961555997" lon="-64.26590472833583"><time>2026-07-04T21:47:55Z</time></trkpt><trkpt lat="44.478352141846365" lon="-64.26592550217386"><time>2026-07-04T21:47:56Z</time></trkpt><trkpt lat="44.47836641719773" lon="-64.26594244128447"><time>2026-07-04T21:47:57Z</time></trkpt><trkpt lat="44.478381049798955" lon="-64.26595754410029"><time>2026-07-04T21:47:58Z</time></trkpt><trkpt lat="44.478396161372416" lon="-64.2659730698885"><time>2026-07-04T21:47:59Z</time></trkpt><trkpt lat="44.478425333666465" lon="-64.26600657572153"><time>2026-07-04T21:48:01Z</time></trkpt><trkpt lat="44.47844522505349" lon="-64.26602256356658"><time>2026-07-04T21:48:02Z</time></trkpt><trkpt lat="44.47846025429539" lon="-64.26603932186633"><time>2026-07-04T21:48:03Z</time></trkpt><trkpt lat="44.47847661143689" lon="-64.26605705203822"><time>2026-07-04T21:48:04Z</time></trkpt><trkpt lat="44.478492922010346" lon="-64.26607508848431"><time>2026-07-04T21:48:05Z</time></trkpt><trkpt lat="44.47850803210017" lon="-64.2660926849746"><time>2026-07-04T21:48:06Z</time></trkpt><trkpt lat="44.47852179335087" lon="-64.2661095655451"><time>2026-07-04T21:48:07Z</time></trkpt><trkpt lat="44.478535708112325" lon="-64.26612770650574"><time>2026-07-04T21:48:08Z</time></trkpt><trkpt lat="44.47856371442671" lon="-64.26615857783827"><time>2026-07-04T21:48:10Z</time></trkpt><trkpt lat="44.47857858434603" lon="-64.26617556594746"><time>2026-07-04T21:48:11Z</time></trkpt><trkpt lat="44.478594037011256" lon="-64.2661901498607"><time>2026-07-04T21:48:12Z</time></trkpt><trkpt lat="44.478609694412576" lon="-64.26620308696072"><time>2026-07-04T21:48:13Z</time></trkpt><trkpt lat="44.47863992457757" lon="-64.26623186701951"><time>2026-07-04T21:48:15Z</time></trkpt><trkpt lat="44.47865366427131" lon="-64.26625063356016"><time>2026-07-04T21:48:16Z</time></trkpt><trkpt lat="44.478665516353516" lon="-64.26626980927601"><time>2026-07-04T21:48:17Z</time></trkpt><trkpt lat="44.478677484122706" lon="-64.26628967910962"><time>2026-07-04T21:48:18Z</time></trkpt><trkpt lat="44.47869922633481" lon="-64.26632799305209"><time>2026-07-04T21:48:20Z</time></trkpt><trkpt lat="44.47872161600399" lon="-64.26636058354981"><time>2026-07-04T21:48:22Z</time></trkpt><trkpt lat="44.47874359121998" lon="-64.26639544200533"><time>2026-07-04T21:48:24Z</time></trkpt><trkpt lat="44.47876369924354" lon="-64.2664279292395"><time>2026-07-04T21:48:26Z</time></trkpt><trkpt lat="44.47877923303506" lon="-64.2664554305446"><time>2026-07-04T21:48:28Z</time></trkpt><trkpt lat="44.478792499740244" lon="-64.26648444033069"><time>2026-07-04T21:48:30Z</time></trkpt><trkpt lat="44.47880932860661" lon="-64.26650893265767"><time>2026-07-04T21:48:32Z</time></trkpt><trkpt lat="44.47882569321995" lon="-64.26652996470776"><time>2026-07-04T21:48:34Z</time></trkpt><trkpt lat="44.47884287845" lon="-64.2665508634995"><time>2026-07-04T21:48:36Z</time></trkpt><trkpt lat="44.47885908629616" lon="-64.26656805352691"><time>2026-07-04T21:48:38Z</time></trkpt><trkpt lat="44.47887602132457" lon="-64.26658788104274"><time>2026-07-04T21:48:40Z</time></trkpt><trkpt lat="44.47888774917735" lon="-64.26660765308176"><time>2026-07-04T21:48:42Z</time></trkpt><trkpt lat="44.47890296637786" lon="-64.26663480223924"><time>2026-07-04T21:48:45Z</time></trkpt><trkpt lat="44.47891491224958" lon="-64.2666560443837"><time>2026-07-04T21:48:48Z</time></trkpt><trkpt lat="44.47892865120292" lon="-64.26668089977755"><time>2026-07-04T21:48:52Z</time></trkpt><trkpt lat="44.47894571841689" lon="-64.26669169701286"><time>2026-07-04T21:48:55Z</time></trkpt><trkpt lat="44.47896466238976" lon="-64.26669958568996"><time>2026-07-04T21:48:58Z</time></trkpt><trkpt lat="44.478984028926575" lon="-64.26670801890626"><time>2026-07-04T21:49:00Z</time></trkpt><trkpt lat="44.479005877145234" lon="-64.26671422700568"><time>2026-07-04T21:49:02Z</time></trkpt><trkpt lat="44.47903662018013" lon="-64.26672350508"><time>2026-07-04T21:49:04Z</time></trkpt><trkpt lat="44.47905457360134" lon="-64.26672781799414"><time>2026-07-04T21:49:05Z</time></trkpt><trkpt lat="44.479089611796816" lon="-64.26674240226069"><time>2026-07-04T21:49:07Z</time></trkpt><trkpt lat="44.47911877079864" lon="-64.26676689363492"><time>2026-07-04T21:49:09Z</time></trkpt><trkpt lat="44.479146658463044" lon="-64.26679264718304"><time>2026-07-04T21:49:11Z</time></trkpt><trkpt lat="44.479170234229564" lon="-64.26681794666919"><time>2026-07-04T21:49:13Z</time></trkpt><trkpt lat="44.4791940609139" lon="-64.26684170053444"><time>2026-07-04T21:49:15Z</time></trkpt><trkpt lat="44.479218150992594" lon="-64.26686209377658"><time>2026-07-04T21:49:17Z</time></trkpt><trkpt lat="44.47924737177073" lon="-64.26688117988706"><time>2026-07-04T21:49:19Z</time></trkpt><trkpt lat="44.47927874257972" lon="-64.26689442637819"><time>2026-07-04T21:49:21Z</time></trkpt><trkpt lat="44.479298493306615" lon="-64.26690454352142"><time>2026-07-04T21:49:22Z</time></trkpt><trkpt lat="44.47931782233231" lon="-64.26691442679288"><time>2026-07-04T21:49:23Z</time></trkpt><trkpt lat="44.47933642570918" lon="-64.2669252955077"><time>2026-07-04T21:49:24Z</time></trkpt><trkpt lat="44.47935771600592" lon="-64.26693679460018"><time>2026-07-04T21:49:25Z</time></trkpt><trkpt lat="44.47937607521678" lon="-64.26694887986253"><time>2026-07-04T21:49:26Z</time></trkpt><trkpt lat="44.47939454808342" lon="-64.26696367266469"><time>2026-07-04T21:49:27Z</time></trkpt><trkpt lat="44.47941427762632" lon="-64.26697855085901"><time>2026-07-04T21:49:28Z</time></trkpt><trkpt lat="44.479431916513235" lon="-64.26699558144293"><time>2026-07-04T21:49:29Z</time></trkpt><trkpt lat="44.47945275901899" lon="-64.26701033039441"><time>2026-07-04T21:49:30Z</time></trkpt><trkpt lat="44.47947283725349" lon="-64.26702322846403"><time>2026-07-04T21:49:31Z</time></trkpt><trkpt lat="44.47949779639136" lon="-64.26703421754974"><time>2026-07-04T21:49:32Z</time></trkpt><trkpt lat="44.4795135993269" lon="-64.26705123525302"><time>2026-07-04T21:49:33Z</time></trkpt><trkpt lat="44.47953658671678" lon="-64.2670646152064"><time>2026-07-04T21:49:34Z</time></trkpt><trkpt lat="44.479554414956915" lon="-64.26708013450815"><time>2026-07-04T21:49:35Z</time></trkpt><trkpt lat="44.47957139445455" lon="-64.26709085280379"><time>2026-07-04T21:49:36Z</time></trkpt><trkpt lat="44.47958954148035" lon="-64.26710241838859"><time>2026-07-04T21:49:37Z</time></trkpt><trkpt lat="44.47960576984376" lon="-64.26711889019559"><time>2026-07-04T21:49:38Z</time></trkpt><trkpt lat="44.479628335952164" lon="-64.26715761037659"><time>2026-07-04T21:49:40Z</time></trkpt><trkpt lat="44.47963677438084" lon="-64.26719374002668"><time>2026-07-04T21:49:42Z</time></trkpt><trkpt lat="44.4796306603126" lon="-64.26721896186719"><time>2026-07-04T21:49:43Z</time></trkpt><trkpt lat="44.4796078868873" lon="-64.26725274440895"><time>2026-07-04T21:49:45Z</time></trkpt><trkpt lat="44.47958871777641" lon="-64.2672723680981"><time>2026-07-04T21:49:46Z</time></trkpt><trkpt lat="44.47957072935882" lon="-64.26728984441677"><time>2026-07-04T21:49:47Z</time></trkpt><trkpt lat="44.47955100852004" lon="-64.2673049383483"><time>2026-07-04T21:49:48Z</time></trkpt><trkpt lat="44.47953284884035" lon="-64.26732551578733"><time>2026-07-04T21:49:49Z</time></trkpt><trkpt lat="44.479518882106476" lon="-64.26735368626828"><time>2026-07-04T21:49:50Z</time></trkpt><trkpt lat="44.47951049366592" lon="-64.26738383021352"><time>2026-07-04T21:49:51Z</time></trkpt><trkpt lat="44.47949773867168" lon="-64.26741504104591"><time>2026-07-04T21:49:52Z</time></trkpt><trkpt lat="44.479489815377356" lon="-64.26743864788556"><time>2026-07-04T21:49:53Z</time></trkpt><trkpt lat="44.4794784898125" lon="-64.26746286595248"><time>2026-07-04T21:49:54Z</time></trkpt><trkpt lat="44.47946678924475" lon="-64.26748676884078"><time>2026-07-04T21:49:55Z</time></trkpt><trkpt lat="44.47945472835939" lon="-64.26750966038371"><time>2026-07-04T21:49:56Z</time></trkpt><trkpt lat="44.47944267134785" lon="-64.26753718929766"><time>2026-07-04T21:49:57Z</time></trkpt><trkpt lat="44.47943158034263" lon="-64.26756525321524"><time>2026-07-04T21:49:58Z</time></trkpt><trkpt lat="44.47941238618725" lon="-64.2676140662349"><time>2026-07-04T21:50:00Z</time></trkpt><trkpt lat="44.479404487831964" lon="-64.26763724544743"><time>2026-07-04T21:50:01Z</time></trkpt><trkpt lat="44.47939755756411" lon="-64.26766088092884"><time>2026-07-04T21:50:02Z</time></trkpt><trkpt lat="44.479388650206815" lon="-64.2676840150456"><time>2026-07-04T21:50:03Z</time></trkpt><trkpt lat="44.47937889736788" lon="-64.2677090006799"><time>2026-07-04T21:50:04Z</time></trkpt><trkpt lat="44.47936123634535" lon="-64.26775262457954"><time>2026-07-04T21:50:06Z</time></trkpt><trkpt lat="44.47935088639504" lon="-64.26777364023373"><time>2026-07-04T21:50:07Z</time></trkpt><trkpt lat="44.479342545513084" lon="-64.26779840399176"><time>2026-07-04T21:50:08Z</time></trkpt><trkpt lat="44.47933116949835" lon="-64.26783988457066"><time>2026-07-04T21:50:10Z</time></trkpt><trkpt lat="44.479320132924435" lon="-64.26787858712078"><time>2026-07-04T21:50:12Z</time></trkpt><trkpt lat="44.479307771984814" lon="-64.26791471366786"><time>2026-07-04T21:50:14Z</time></trkpt><trkpt lat="44.479287527764505" lon="-64.2679463684185"><time>2026-07-04T21:50:16Z</time></trkpt><trkpt lat="44.47927414204941" lon="-64.26796721806726"><time>2026-07-04T21:50:17Z</time></trkpt><trkpt lat="44.47926159791586" lon="-64.26798752861926"><time>2026-07-04T21:50:18Z</time></trkpt><trkpt lat="44.47923858859403" lon="-64.26802342063479"><time>2026-07-04T21:50:20Z</time></trkpt><trkpt lat="44.479223552188905" lon="-64.26804418510757"><time>2026-07-04T21:50:21Z</time></trkpt><trkpt lat="44.479208083754905" lon="-64.26806656408436"><time>2026-07-04T21:50:22Z</time></trkpt><trkpt lat="44.47919266416752" lon="-64.26808987505771"><time>2026-07-04T21:50:23Z</time></trkpt><trkpt lat="44.47917654605264" lon="-64.26811473199503"><time>2026-07-04T21:50:24Z</time></trkpt><trkpt lat="44.47916073356262" lon="-64.26814040245885"><time>2026-07-04T21:50:25Z</time></trkpt><trkpt lat="44.47914586697411" lon="-64.2681654013597"><time>2026-07-04T21:50:26Z</time></trkpt><trkpt lat="44.479131505547464" lon="-64.26819135490827"><time>2026-07-04T21:50:27Z</time></trkpt><trkpt lat="44.479117739547796" lon="-64.26821605262538"><time>2026-07-04T21:50:28Z</time></trkpt><trkpt lat="44.47910256868446" lon="-64.26824213204894"><time>2026-07-04T21:50:29Z</time></trkpt><trkpt lat="44.479087518344315" lon="-64.26826978975144"><time>2026-07-04T21:50:30Z</time></trkpt><trkpt lat="44.47907191782261" lon="-64.26829586489035"><time>2026-07-04T21:50:31Z</time></trkpt><trkpt lat="44.47905687246932" lon="-64.26832370228756"><time>2026-07-04T21:50:32Z</time></trkpt><trkpt lat="44.47904222675578" lon="-64.26835244305053"><time>2026-07-04T21:50:33Z</time></trkpt><trkpt lat="44.479025981296374" lon="-64.2683798832903"><time>2026-07-04T21:50:34Z</time></trkpt><trkpt lat="44.479011023465446" lon="-64.26840942426726"><time>2026-07-04T21:50:35Z</time></trkpt><trkpt lat="44.47899600363251" lon="-64.2684390526776"><time>2026-07-04T21:50:36Z</time></trkpt><trkpt lat="44.47898048755543" lon="-64.26846845848037"><time>2026-07-04T21:50:37Z</time></trkpt><trkpt lat="44.47896618165171" lon="-64.26849602257997"><time>2026-07-04T21:50:38Z</time></trkpt><trkpt lat="44.47895096024571" lon="-64.26852287434626"><time>2026-07-04T21:50:39Z</time></trkpt><trkpt lat="44.478935859755204" lon="-64.26855118972249"><time>2026-07-04T21:50:40Z</time></trkpt><trkpt lat="44.4789208834295" lon="-64.26857751599495"><time>2026-07-04T21:50:41Z</time></trkpt><trkpt lat="44.4789048876205" lon="-64.26860483675432"><time>2026-07-04T21:50:42Z</time></trkpt><trkpt lat="44.47889030641442" lon="-64.26863159819408"><time>2026-07-04T21:50:43Z</time></trkpt><trkpt lat="44.478875535335526" lon="-64.26865689699915"><time>2026-07-04T21:50:44Z</time></trkpt><trkpt lat="44.478859425388706" lon="-64.2686843804615"><time>2026-07-04T21:50:45Z</time></trkpt><trkpt lat="44.47884283236786" lon="-64.26870977238207"><time>2026-07-04T21:50:46Z</time></trkpt><trkpt lat="44.47882630192577" lon="-64.26873732070821"><time>2026-07-04T21:50:47Z</time></trkpt><trkpt lat="44.478810295069465" lon="-64.26876355954964"><time>2026-07-04T21:50:48Z</time></trkpt><trkpt lat="44.47879569866153" lon="-64.26879111332507"><time>2026-07-04T21:50:49Z</time></trkpt><trkpt lat="44.47878088829893" lon="-64.26881946694706"><time>2026-07-04T21:50:50Z</time></trkpt><trkpt lat="44.478766398007075" lon="-64.26884755978674"><time>2026-07-04T21:50:51Z</time></trkpt><trkpt lat="44.47874889518678" lon="-64.26887293841811"><time>2026-07-04T21:50:52Z</time></trkpt><trkpt lat="44.47873167732577" lon="-64.2689005096459"><time>2026-07-04T21:50:53Z</time></trkpt><trkpt lat="44.478713514037715" lon="-64.26892507420419"><time>2026-07-04T21:50:54Z</time></trkpt><trkpt lat="44.4786962960052" lon="-64.26895266077332"><time>2026-07-04T21:50:55Z</time></trkpt><trkpt lat="44.478680441510626" lon="-64.26898052069009"><time>2026-07-04T21:50:56Z</time></trkpt><trkpt lat="44.47866490412659" lon="-64.2690097170404"><time>2026-07-04T21:50:57Z</time></trkpt><trkpt lat="44.478647953371606" lon="-64.26903716814248"><time>2026-07-04T21:50:58Z</time></trkpt><trkpt lat="44.47862980349501" lon="-64.26906210588544"><time>2026-07-04T21:50:59Z</time></trkpt><trkpt lat="44.478612882336705" lon="-64.26908951186203"><time>2026-07-04T21:51:00Z</time></trkpt><trkpt lat="44.47859602907772" lon="-64.26911650481011"><time>2026-07-04T21:51:01Z</time></trkpt><trkpt lat="44.478581483401435" lon="-64.26914440237682"><time>2026-07-04T21:51:02Z</time></trkpt><trkpt lat="44.478566646477155" lon="-64.26917192001882"><time>2026-07-04T21:51:03Z</time></trkpt><trkpt lat="44.47855222910887" lon="-64.26920044147039"><time>2026-07-04T21:51:04Z</time></trkpt><trkpt lat="44.47853643139614" lon="-64.26922780290484"><time>2026-07-04T21:51:05Z</time></trkpt><trkpt lat="44.47851831110097" lon="-64.26925613421714"><time>2026-07-04T21:51:06Z</time></trkpt><trkpt lat="44.47850326865998" lon="-64.26928332424161"><time>2026-07-04T21:51:07Z</time></trkpt><trkpt lat="44.478489129920526" lon="-64.2693116359438"><time>2026-07-04T21:51:08Z</time></trkpt><trkpt lat="44.478476654286595" lon="-64.26934056263498"><time>2026-07-04T21:51:09Z</time></trkpt><trkpt lat="44.478463378786564" lon="-64.26936894424362"><time>2026-07-04T21:51:10Z</time></trkpt><trkpt lat="44.478449961553444" lon="-64.26939805947642"><time>2026-07-04T21:51:11Z</time></trkpt><trkpt lat="44.47843440438806" lon="-64.26942400867777"><time>2026-07-04T21:51:12Z</time></trkpt><trkpt lat="44.47841896037789" lon="-64.26944862412711"><time>2026-07-04T21:51:13Z</time></trkpt><trkpt lat="44.47840207157074" lon="-64.26947364731703"><time>2026-07-04T21:51:14Z</time></trkpt><trkpt lat="44.47838589678391" lon="-64.26949896979022"><time>2026-07-04T21:51:15Z</time></trkpt><trkpt lat="44.4783697880167" lon="-64.26952314942866"><time>2026-07-04T21:51:16Z</time></trkpt><trkpt lat="44.47835359867658" lon="-64.26954750673794"><time>2026-07-04T21:51:17Z</time></trkpt><trkpt lat="44.47833710727869" lon="-64.26957286763114"><time>2026-07-04T21:51:18Z</time></trkpt><trkpt lat="44.47832050433324" lon="-64.26959791066366"><time>2026-07-04T21:51:19Z</time></trkpt><trkpt lat="44.47830383194162" lon="-64.26962369462017"><time>2026-07-04T21:51:20Z</time></trkpt><trkpt lat="44.478289741747545" lon="-64.26964920686264"><time>2026-07-04T21:51:21Z</time></trkpt><trkpt lat="44.47827559142322" lon="-64.2696764076119"><time>2026-07-04T21:51:22Z</time></trkpt><trkpt lat="44.47826349257628" lon="-64.26970309799047"><time>2026-07-04T21:51:23Z</time></trkpt><trkpt lat="44.4782510207929" lon="-64.26973222143215"><time>2026-07-04T21:51:24Z</time></trkpt><trkpt lat="44.4782395715501" lon="-64.2697595469821"><time>2026-07-04T21:51:25Z</time></trkpt><trkpt lat="44.4782275183708" lon="-64.26978621635686"><time>2026-07-04T21:51:26Z</time></trkpt><trkpt lat="44.47821523979437" lon="-64.26981049021872"><time>2026-07-04T21:51:27Z</time></trkpt><trkpt lat="44.47820198806827" lon="-64.26983717441773"><time>2026-07-04T21:51:28Z</time></trkpt><trkpt lat="44.47818961759007" lon="-64.26986137079629"><time>2026-07-04T21:51:29Z</time></trkpt><trkpt lat="44.47817780198695" lon="-64.26988582115791"><time>2026-07-04T21:51:30Z</time></trkpt><trkpt lat="44.47816637880143" lon="-64.26990968438608"><time>2026-07-04T21:51:31Z</time></trkpt><trkpt lat="44.478156498570534" lon="-64.26993447328712"><time>2026-07-04T21:51:32Z</time></trkpt><trkpt lat="44.47814441275216" lon="-64.26996014628484"><time>2026-07-04T21:51:33Z</time></trkpt><trkpt lat="44.478133649818226" lon="-64.26998514233814"><time>2026-07-04T21:51:34Z</time></trkpt><trkpt lat="44.4781249949796" lon="-64.27000766423276"><time>2026-07-04T21:51:35Z</time></trkpt><trkpt lat="44.47811503554242" lon="-64.27003111312378"><time>2026-07-04T21:51:36Z</time></trkpt><trkpt lat="44.47810495215913" lon="-64.2700531397739"><time>2026-07-04T21:51:37Z</time></trkpt><trkpt lat="44.47809424404603" lon="-64.27007542429793"><time>2026-07-04T21:51:38Z</time></trkpt><trkpt lat="44.47808415388781" lon="-64.2700963315372"><time>2026-07-04T21:51:39Z</time></trkpt><trkpt lat="44.47806271660432" lon="-64.27013794051096"><time>2026-07-04T21:51:41Z</time></trkpt><trkpt lat="44.478051987191904" lon="-64.27015886457767"><time>2026-07-04T21:51:42Z</time></trkpt><trkpt lat="44.478040374067845" lon="-64.27018278861239"><time>2026-07-04T21:51:43Z</time></trkpt><trkpt lat="44.47802952523974" lon="-64.27020374380403"><time>2026-07-04T21:51:44Z</time></trkpt><trkpt lat="44.47800893338461" lon="-64.27024301433427"><time>2026-07-04T21:51:46Z</time></trkpt><trkpt lat="44.47798640371603" lon="-64.27028113928219"><time>2026-07-04T21:51:48Z</time></trkpt><trkpt lat="44.47796766444631" lon="-64.27031925543923"><time>2026-07-04T21:51:50Z</time></trkpt><trkpt lat="44.47794715990397" lon="-64.2703581565076"><time>2026-07-04T21:51:52Z</time></trkpt><trkpt lat="44.47792791671519" lon="-64.2703952203636"><time>2026-07-04T21:51:54Z</time></trkpt><trkpt lat="44.47791600182718" lon="-64.27041475528571"><time>2026-07-04T21:51:55Z</time></trkpt><trkpt lat="44.47789167955561" lon="-64.27045176396204"><time>2026-07-04T21:51:57Z</time></trkpt><trkpt lat="44.477879891447586" lon="-64.27047082570671"><time>2026-07-04T21:51:58Z</time></trkpt><trkpt lat="44.47785151464248" lon="-64.27050562082046"><time>2026-07-04T21:52:00Z</time></trkpt><trkpt lat="44.477838149529596" lon="-64.2705235861085"><time>2026-07-04T21:52:01Z</time></trkpt><trkpt lat="44.4778231247951" lon="-64.27054556214485"><time>2026-07-04T21:52:02Z</time></trkpt><trkpt lat="44.47780910818777" lon="-64.2705672450914"><time>2026-07-04T21:52:03Z</time></trkpt><trkpt lat="44.47779652243686" lon="-64.27059032487878"><time>2026-07-04T21:52:04Z</time></trkpt><trkpt lat="44.47778601933355" lon="-64.27061291550505"><time>2026-07-04T21:52:05Z</time></trkpt><trkpt lat="44.47777460073198" lon="-64.27063845344792"><time>2026-07-04T21:52:06Z</time></trkpt><trkpt lat="44.47776347410165" lon="-64.2706642475545"><time>2026-07-04T21:52:07Z</time></trkpt><trkpt lat="44.47775037112417" lon="-64.27068725887378"><time>2026-07-04T21:52:08Z</time></trkpt><trkpt lat="44.47773694767564" lon="-64.27070734249745"><time>2026-07-04T21:52:09Z</time></trkpt><trkpt lat="44.47772410115776" lon="-64.27072738067562"><time>2026-07-04T21:52:10Z</time></trkpt><trkpt lat="44.4777125842328" lon="-64.27074975315452"><time>2026-07-04T21:52:11Z</time></trkpt><trkpt lat="44.47770017774226" lon="-64.27077434299099"><time>2026-07-04T21:52:12Z</time></trkpt><trkpt lat="44.477686784191846" lon="-64.27079711160825"><time>2026-07-04T21:52:13Z</time></trkpt><trkpt lat="44.47767459087635" lon="-64.27082011452529"><time>2026-07-04T21:52:14Z</time></trkpt><trkpt lat="44.47766108437559" lon="-64.27084122650383"><time>2026-07-04T21:52:15Z</time></trkpt><trkpt lat="44.47764839358149" lon="-64.2708635106565"><time>2026-07-04T21:52:16Z</time></trkpt><trkpt lat="44.47763485115096" lon="-64.27088343945184"><time>2026-07-04T21:52:17Z</time></trkpt><trkpt lat="44.47762127970192" lon="-64.27090519993989"><time>2026-07-04T21:52:18Z</time></trkpt><trkpt lat="44.47760949446693" lon="-64.27092945799542"><time>2026-07-04T21:52:19Z</time></trkpt><trkpt lat="44.47759590227345" lon="-64.2709547139253"><time>2026-07-04T21:52:20Z</time></trkpt><trkpt lat="44.47758362843628" lon="-64.2709784551314"><time>2026-07-04T21:52:21Z</time></trkpt><trkpt lat="44.47756929350415" lon="-64.27100249446234"><time>2026-07-04T21:52:22Z</time></trkpt><trkpt lat="44.477552631803746" lon="-64.27102246531098"><time>2026-07-04T21:52:23Z</time></trkpt><trkpt lat="44.47753578032913" lon="-64.27104054359921"><time>2026-07-04T21:52:24Z</time></trkpt><trkpt lat="44.47751994804832" lon="-64.27105921860569"><time>2026-07-04T21:52:25Z</time></trkpt><trkpt lat="44.47750327821653" lon="-64.27107741551751"><time>2026-07-04T21:52:26Z</time></trkpt><trkpt lat="44.47748481868994" lon="-64.27110037043008"><time>2026-07-04T21:52:27Z</time></trkpt><trkpt lat="44.47747115993905" lon="-64.2711196855785"><time>2026-07-04T21:52:28Z</time></trkpt><trkpt lat="44.477453319176405" lon="-64.27114401634728"><time>2026-07-04T21:52:29Z</time></trkpt><trkpt lat="44.47743552911693" lon="-64.27116120325019"><time>2026-07-04T21:52:30Z</time></trkpt><trkpt lat="44.47741622069658" lon="-64.27117786426743"><time>2026-07-04T21:52:31Z</time></trkpt><trkpt lat="44.47739569241261" lon="-64.27119399181652"><time>2026-07-04T21:52:32Z</time></trkpt><trkpt lat="44.47737535464304" lon="-64.27120737689617"><time>2026-07-04T21:52:33Z</time></trkpt><trkpt lat="44.47735514803761" lon="-64.27121780926991"><time>2026-07-04T21:52:34Z</time></trkpt><trkpt lat="44.47733454517982" lon="-64.27122928235924"><time>2026-07-04T21:52:35Z</time></trkpt><trkpt lat="44.47731251051603" lon="-64.27123923576147"><time>2026-07-04T21:52:36Z</time></trkpt><trkpt lat="44.47726853178395" lon="-64.27124859979334"><time>2026-07-04T21:52:38Z</time></trkpt><trkpt lat="44.47724270060645" lon="-64.27125248209866"><time>2026-07-04T21:52:39Z</time></trkpt><trkpt lat="44.47721742920472" lon="-64.27125616713516"><time>2026-07-04T21:52:40Z</time></trkpt><trkpt lat="44.477187910102046" lon="-64.27124445311681"><time>2026-07-04T21:52:41Z</time></trkpt><trkpt lat="44.477164733101496" lon="-64.2712590683339"><time>2026-07-04T21:52:42Z</time></trkpt><trkpt lat="44.477136944230615" lon="-64.27125882266279"><time>2026-07-04T21:52:43Z</time></trkpt><trkpt lat="44.477111477403724" lon="-64.2712598407125"><time>2026-07-04T21:52:44Z</time></trkpt><trkpt lat="44.47708326313008" lon="-64.27126081112394"><time>2026-07-04T21:52:45Z</time></trkpt><trkpt lat="44.47705365796578" lon="-64.27126360196698"><time>2026-07-04T21:52:46Z</time></trkpt><trkpt lat="44.477024722421355" lon="-64.2712632108233"><time>2026-07-04T21:52:47Z</time></trkpt><trkpt lat="44.476995239963124" lon="-64.27126183210129"><time>2026-07-04T21:52:48Z</time></trkpt><trkpt lat="44.47696456242799" lon="-64.27126017144198"><time>2026-07-04T21:52:49Z</time></trkpt><trkpt lat="44.47693533407509" lon="-64.27125669363282"><time>2026-07-04T21:52:50Z</time></trkpt><trkpt lat="44.4769077372366" lon="-64.27125310765952"><time>2026-07-04T21:52:51Z</time></trkpt><trkpt lat="44.47687973666983" lon="-64.27124011461464"><time>2026-07-04T21:52:52Z</time></trkpt><trkpt lat="44.476850889022245" lon="-64.27123184000857"><time>2026-07-04T21:52:53Z</time></trkpt><trkpt lat="44.476821878055134" lon="-64.27122398515253"><time>2026-07-04T21:52:54Z</time></trkpt><trkpt lat="44.47679383795057" lon="-64.27122013319008"><time>2026-07-04T21:52:55Z</time></trkpt><trkpt lat="44.47676637368722" lon="-64.27121138664418"><time>2026-07-04T21:52:56Z</time></trkpt><trkpt lat="44.47673880920872" lon="-64.2712042767837"><time>2026-07-04T21:52:57Z</time></trkpt><trkpt lat="44.4767112737723" lon="-64.27119406309315"><time>2026-07-04T21:52:58Z</time></trkpt><trkpt lat="44.4766831929592" lon="-64.27118453605337"><time>2026-07-04T21:52:59Z</time></trkpt><trkpt lat="44.47665534656836" lon="-64.27117139369325"><time>2026-07-04T21:53:00Z</time></trkpt><trkpt lat="44.47662484265305" lon="-64.27115874756959"><time>2026-07-04T21:53:01Z</time></trkpt><trkpt lat="44.47659757674812" lon="-64.27114696039519"><time>2026-07-04T21:53:02Z</time></trkpt><trkpt lat="44.47656977760285" lon="-64.27113460783772"><time>2026-07-04T21:53:03Z</time></trkpt><trkpt lat="44.476541161701235" lon="-64.27112142098407"><time>2026-07-04T21:53:04Z</time></trkpt><trkpt lat="44.47651195792263" lon="-64.27110934217866"><time>2026-07-04T21:53:05Z</time></trkpt><trkpt lat="44.47648293814984" lon="-64.27109581356277"><time>2026-07-04T21:53:06Z</time></trkpt><trkpt lat="44.476453214982556" lon="-64.27108667654454"><time>2026-07-04T21:53:07Z</time></trkpt><trkpt lat="44.47642426287539" lon="-64.2710757020911"><time>2026-07-04T21:53:08Z</time></trkpt><trkpt lat="44.47639240882632" lon="-64.27106385471528"><time>2026-07-04T21:53:09Z</time></trkpt><trkpt lat="44.476364187551845" lon="-64.2710502046378"><time>2026-07-04T21:53:10Z</time></trkpt><trkpt lat="44.47633469716858" lon="-64.27103344070976"><time>2026-07-04T21:53:11Z</time></trkpt><trkpt lat="44.47630755063608" lon="-64.27101872104538"><time>2026-07-04T21:53:12Z</time></trkpt><trkpt lat="44.47627997797723" lon="-64.27100636512469"><time>2026-07-04T21:53:13Z</time></trkpt><trkpt lat="44.476251898174176" lon="-64.27099714488364"><time>2026-07-04T21:53:14Z</time></trkpt><trkpt lat="44.476223860908775" lon="-64.27099157541045"><time>2026-07-04T21:53:15Z</time></trkpt><trkpt lat="44.47619470788889" lon="-64.27098434024079"><time>2026-07-04T21:53:16Z</time></trkpt><trkpt lat="44.47616569258483" lon="-64.2709735569675"><time>2026-07-04T21:53:17Z</time></trkpt><trkpt lat="44.476136479124904" lon="-64.27096378159109"><time>2026-07-04T21:53:18Z</time></trkpt><trkpt lat="44.47610786378235" lon="-64.27095029692057"><time>2026-07-04T21:53:19Z</time></trkpt><trkpt lat="44.476077790543705" lon="-64.27093508416839"><time>2026-07-04T21:53:20Z</time></trkpt><trkpt lat="44.47604872586856" lon="-64.2709256315748"><time>2026-07-04T21:53:21Z</time></trkpt><trkpt lat="44.47601871593777" lon="-64.2709130042599"><time>2026-07-04T21:53:22Z</time></trkpt><trkpt lat="44.475990028858604" lon="-64.27090048014962"><time>2026-07-04T21:53:23Z</time></trkpt><trkpt lat="44.47596007907652" lon="-64.27088751598842"><time>2026-07-04T21:53:24Z</time></trkpt><trkpt lat="44.47593083655025" lon="-64.27087602107777"><time>2026-07-04T21:53:25Z</time></trkpt><trkpt lat="44.47590231600274" lon="-64.27086428939337"><time>2026-07-04T21:53:26Z</time></trkpt><trkpt lat="44.47587305207761" lon="-64.27085576600412"><time>2026-07-04T21:53:27Z</time></trkpt><trkpt lat="44.475845257439964" lon="-64.27084305637565"><time>2026-07-04T21:53:28Z</time></trkpt><trkpt lat="44.47581757616125" lon="-64.27082742161944"><time>2026-07-04T21:53:29Z</time></trkpt><trkpt lat="44.47579142492992" lon="-64.27081066782345"><time>2026-07-04T21:53:30Z</time></trkpt><trkpt lat="44.47576513856038" lon="-64.27079478485071"><time>2026-07-04T21:53:31Z</time></trkpt><trkpt lat="44.475737921316885" lon="-64.27077960326253"><time>2026-07-04T21:53:32Z</time></trkpt><trkpt lat="44.47570969321011" lon="-64.2707666929358"><time>2026-07-04T21:53:33Z</time></trkpt><trkpt lat="44.47568126516309" lon="-64.2707504988109"><time>2026-07-04T21:53:34Z</time></trkpt><trkpt lat="44.475655426031985" lon="-64.27073579063554"><time>2026-07-04T21:53:35Z</time></trkpt><trkpt lat="44.47562951116394" lon="-64.2707205772144"><time>2026-07-04T21:53:36Z</time></trkpt><trkpt lat="44.47560224819733" lon="-64.27070498006789"><time>2026-07-04T21:53:37Z</time></trkpt><trkpt lat="44.47557565709168" lon="-64.27069022285767"><time>2026-07-04T21:53:38Z</time></trkpt><trkpt lat="44.47555027936349" lon="-64.27067680143234"><time>2026-07-04T21:53:39Z</time></trkpt><trkpt lat="44.47552415510187" lon="-64.27066193022961"><time>2026-07-04T21:53:40Z</time></trkpt><trkpt lat="44.47549697639724" lon="-64.27064946429765"><time>2026-07-04T21:53:41Z</time></trkpt><trkpt lat="44.47547010892054" lon="-64.27063527394593"><time>2026-07-04T21:53:42Z</time></trkpt><trkpt lat="44.475442251769316" lon="-64.27062372340623"><time>2026-07-04T21:53:43Z</time></trkpt><trkpt lat="44.475414609719564" lon="-64.27061278369949"><time>2026-07-04T21:53:44Z</time></trkpt><trkpt lat="44.47538494614667" lon="-64.27060244022925"><time>2026-07-04T21:53:45Z</time></trkpt><trkpt lat="44.47535344365511" lon="-64.27059299423027"><time>2026-07-04T21:53:46Z</time></trkpt><trkpt lat="44.47532453083132" lon="-64.27058163076128"><time>2026-07-04T21:53:47Z</time></trkpt><trkpt lat="44.4752909066157" lon="-64.27057597353622"><time>2026-07-04T21:53:48Z</time></trkpt><trkpt lat="44.47525852669312" lon="-64.27057061353248"><time>2026-07-04T21:53:49Z</time></trkpt><trkpt lat="44.47522652940939" lon="-64.2705643672755"><time>2026-07-04T21:53:50Z</time></trkpt><trkpt lat="44.475193341250844" lon="-64.27056067760616"><time>2026-07-04T21:53:51Z</time></trkpt><trkpt lat="44.475161203199576" lon="-64.27055338726962"><time>2026-07-04T21:53:52Z</time></trkpt><trkpt lat="44.47513022211162" lon="-64.27054195563296"><time>2026-07-04T21:53:53Z</time></trkpt><trkpt lat="44.47509949984142" lon="-64.27053056830081"><time>2026-07-04T21:53:54Z</time></trkpt><trkpt lat="44.47506918102179" lon="-64.27051898791424"><time>2026-07-04T21:53:55Z</time></trkpt><trkpt lat="44.47503812261826" lon="-64.27050738851891"><time>2026-07-04T21:53:56Z</time></trkpt><trkpt lat="44.47500784628903" lon="-64.27049670871601"><time>2026-07-04T21:53:57Z</time></trkpt><trkpt lat="44.47497821706405" lon="-64.27048625490069"><time>2026-07-04T21:53:58Z</time></trkpt><trkpt lat="44.47494933445846" lon="-64.27047580015275"><time>2026-07-04T21:53:59Z</time></trkpt><trkpt lat="44.47491893304436" lon="-64.27046286925378"><time>2026-07-04T21:54:00Z</time></trkpt><trkpt lat="44.474889943609156" lon="-64.27044973551303"><time>2026-07-04T21:54:01Z</time></trkpt><trkpt lat="44.474861434588654" lon="-64.27043772502887"><time>2026-07-04T21:54:02Z</time></trkpt><trkpt lat="44.47483326771378" lon="-64.27042156033768"><time>2026-07-04T21:54:03Z</time></trkpt><trkpt lat="44.47480469099666" lon="-64.27040598507851"><time>2026-07-04T21:54:04Z</time></trkpt><trkpt lat="44.47477617804019" lon="-64.27038937142444"><time>2026-07-04T21:54:05Z</time></trkpt><trkpt lat="44.47474745764793" lon="-64.2703727294439"><time>2026-07-04T21:54:06Z</time></trkpt><trkpt lat="44.474719176158324" lon="-64.27035669330576"><time>2026-07-04T21:54:07Z</time></trkpt><trkpt lat="44.474693169537815" lon="-64.27033686718651"><time>2026-07-04T21:54:08Z</time></trkpt><trkpt lat="44.4746665763494" lon="-64.27031535062999"><time>2026-07-04T21:54:09Z</time></trkpt><trkpt lat="44.47464041272275" lon="-64.27029485941009"><time>2026-07-04T21:54:10Z</time></trkpt><trkpt lat="44.47461400095048" lon="-64.27027199130696"><time>2026-07-04T21:54:11Z</time></trkpt><trkpt lat="44.47458848155075" lon="-64.27025055538547"><time>2026-07-04T21:54:12Z</time></trkpt><trkpt lat="44.474562514738544" lon="-64.27022911739722"><time>2026-07-04T21:54:13Z</time></trkpt><trkpt lat="44.4745370920809" lon="-64.27020904030834"><time>2026-07-04T21:54:14Z</time></trkpt><trkpt lat="44.47451172306055" lon="-64.27018741339573"><time>2026-07-04T21:54:15Z</time></trkpt><trkpt lat="44.47448711602775" lon="-64.27016769043317"><time>2026-07-04T21:54:16Z</time></trkpt><trkpt lat="44.47446066062079" lon="-64.2701481082072"><time>2026-07-04T21:54:17Z</time></trkpt><trkpt lat="44.474435465465504" lon="-64.27012661116514"><time>2026-07-04T21:54:18Z</time></trkpt><trkpt lat="44.47441005630873" lon="-64.27010595019514"><time>2026-07-04T21:54:19Z</time></trkpt><trkpt lat="44.47438355614393" lon="-64.27008529387219"><time>2026-07-04T21:54:20Z</time></trkpt><trkpt lat="44.47435812445688" lon="-64.27006546768195"><time>2026-07-04T21:54:21Z</time></trkpt><trkpt lat="44.474331706820074" lon="-64.27004566161872"><time>2026-07-04T21:54:22Z</time></trkpt><trkpt lat="44.47430469662205" lon="-64.27002616089727"><time>2026-07-04T21:54:23Z</time></trkpt><trkpt lat="44.47427822752158" lon="-64.27000946877065"><time>2026-07-04T21:54:24Z</time></trkpt><trkpt lat="44.4742526431055" lon="-64.26999097327368"><time>2026-07-04T21:54:25Z</time></trkpt><trkpt lat="44.474226014533755" lon="-64.26997299393223"><time>2026-07-04T21:54:26Z</time></trkpt><trkpt lat="44.474200527326325" lon="-64.26995433556763"><time>2026-07-04T21:54:27Z</time></trkpt><trkpt lat="44.47417606139167" lon="-64.26993162015873"><time>2026-07-04T21:54:28Z</time></trkpt><trkpt lat="44.47415345406485" lon="-64.26990962721898"><time>2026-07-04T21:54:29Z</time></trkpt><trkpt lat="44.47413037224853" lon="-64.26988446621932"><time>2026-07-04T21:54:30Z</time></trkpt><trkpt lat="44.47410964018201" lon="-64.2698636904439"><time>2026-07-04T21:54:31Z</time></trkpt><trkpt lat="44.47408698273781" lon="-64.26983813663183"><time>2026-07-04T21:54:32Z</time></trkpt><trkpt lat="44.47406419794885" lon="-64.26981798246166"><time>2026-07-04T21:54:33Z</time></trkpt><trkpt lat="44.474040873588656" lon="-64.26979598726759"><time>2026-07-04T21:54:34Z</time></trkpt><trkpt lat="44.47401614858885" lon="-64.26977623874042"><time>2026-07-04T21:54:35Z</time></trkpt><trkpt lat="44.473991656585945" lon="-64.26975441726927"><time>2026-07-04T21:54:36Z</time></trkpt><trkpt lat="44.47396648639274" lon="-64.26973417840613"><time>2026-07-04T21:54:37Z</time></trkpt><trkpt lat="44.47394068520013" lon="-64.26971242707471"><time>2026-07-04T21:54:38Z</time></trkpt><trkpt lat="44.47391502238035" lon="-64.2696929082344"><time>2026-07-04T21:54:39Z</time></trkpt><trkpt lat="44.473888928737615" lon="-64.26967173767476"><time>2026-07-04T21:54:40Z</time></trkpt><trkpt lat="44.473862571832306" lon="-64.26965253550851"><time>2026-07-04T21:54:41Z</time></trkpt><trkpt lat="44.47383659658711" lon="-64.26963175820289"><time>2026-07-04T21:54:42Z</time></trkpt><trkpt lat="44.47381006650152" lon="-64.26961081018474"><time>2026-07-04T21:54:43Z</time></trkpt><trkpt lat="44.47378433208258" lon="-64.2695900974446"><time>2026-07-04T21:54:44Z</time></trkpt><trkpt lat="44.473758140014716" lon="-64.26957103186382"><time>2026-07-04T21:54:45Z</time></trkpt><trkpt lat="44.47373232454635" lon="-64.2695526142008"><time>2026-07-04T21:54:46Z</time></trkpt><trkpt lat="44.473706990496346" lon="-64.2695328725898"><time>2026-07-04T21:54:47Z</time></trkpt><trkpt lat="44.47368185886209" lon="-64.26951288344372"><time>2026-07-04T21:54:48Z</time></trkpt><trkpt lat="44.4736567633618" lon="-64.26949047853873"><time>2026-07-04T21:54:49Z</time></trkpt><trkpt lat="44.473632974972276" lon="-64.26946911622797"><time>2026-07-04T21:54:50Z</time></trkpt><trkpt lat="44.47360935050954" lon="-64.26944912041662"><time>2026-07-04T21:54:51Z</time></trkpt><trkpt lat="44.47358664523888" lon="-64.26942550302664"><time>2026-07-04T21:54:52Z</time></trkpt><trkpt lat="44.47356261073374" lon="-64.26940362918867"><time>2026-07-04T21:54:53Z</time></trkpt><trkpt lat="44.4735377377465" lon="-64.26938159705085"><time>2026-07-04T21:54:54Z</time></trkpt><trkpt lat="44.473515060911055" lon="-64.26935953015919"><time>2026-07-04T21:54:55Z</time></trkpt><trkpt lat="44.473492088629634" lon="-64.26934065432248"><time>2026-07-04T21:54:56Z</time></trkpt><trkpt lat="44.47346868720934" lon="-64.26931972708705"><time>2026-07-04T21:54:57Z</time></trkpt><trkpt lat="44.47344632768977" lon="-64.26929828683528"><time>2026-07-04T21:54:58Z</time></trkpt><trkpt lat="44.473424392398826" lon="-64.26927646878057"><time>2026-07-04T21:54:59Z</time></trkpt><trkpt lat="44.47340289492552" lon="-64.26925627190299"><time>2026-07-04T21:55:00Z</time></trkpt><trkpt lat="44.47338168757121" lon="-64.26923486756498"><time>2026-07-04T21:55:01Z</time></trkpt><trkpt lat="44.473360304335316" lon="-64.26921501870748"><time>2026-07-04T21:55:02Z</time></trkpt><trkpt lat="44.47333614622957" lon="-64.26919551910038"><time>2026-07-04T21:55:03Z</time></trkpt><trkpt lat="44.4733109972831" lon="-64.26917837678282"><time>2026-07-04T21:55:04Z</time></trkpt><trkpt lat="44.47328648927803" lon="-64.26916109785886"><time>2026-07-04T21:55:05Z</time></trkpt><trkpt lat="44.473261882993604" lon="-64.26914076310271"><time>2026-07-04T21:55:06Z</time></trkpt><trkpt lat="44.473237660476954" lon="-64.26912225433982"><time>2026-07-04T21:55:07Z</time></trkpt><trkpt lat="44.473214958639076" lon="-64.26910166981419"><time>2026-07-04T21:55:08Z</time></trkpt><trkpt lat="44.473192089875575" lon="-64.2690785757462"><time>2026-07-04T21:55:09Z</time></trkpt><trkpt lat="44.4731704581276" lon="-64.2690552231657"><time>2026-07-04T21:55:10Z</time></trkpt><trkpt lat="44.47314877461136" lon="-64.26903364295794"><time>2026-07-04T21:55:11Z</time></trkpt><trkpt lat="44.473126312692" lon="-64.26901100262633"><time>2026-07-04T21:55:12Z</time></trkpt><trkpt lat="44.47310254985444" lon="-64.26898849004779"><time>2026-07-04T21:55:13Z</time></trkpt><trkpt lat="44.47307873591314" lon="-64.26896727408864"><time>2026-07-04T21:55:14Z</time></trkpt><trkpt lat="44.473052464550776" lon="-64.26894883386524"><time>2026-07-04T21:55:15Z</time></trkpt><trkpt lat="44.47302674748363" lon="-64.26893564352005"><time>2026-07-04T21:55:16Z</time></trkpt><trkpt lat="44.47300014768391" lon="-64.26892076536546"><time>2026-07-04T21:55:17Z</time></trkpt><trkpt lat="44.4729702486161" lon="-64.2689059514411"><time>2026-07-04T21:55:18Z</time></trkpt><trkpt lat="44.472941159110825" lon="-64.26889112725873"><time>2026-07-04T21:55:19Z</time></trkpt><trkpt lat="44.47291250554871" lon="-64.26887444522336"><time>2026-07-04T21:55:20Z</time></trkpt><trkpt lat="44.472885909109515" lon="-64.26885742439808"><time>2026-07-04T21:55:21Z</time></trkpt><trkpt lat="44.472857423007866" lon="-64.26883874241138"><time>2026-07-04T21:55:22Z</time></trkpt><trkpt lat="44.47283259372007" lon="-64.26881823970325"><time>2026-07-04T21:55:23Z</time></trkpt><trkpt lat="44.47280660346232" lon="-64.26880137186095"><time>2026-07-04T21:55:24Z</time></trkpt><trkpt lat="44.472782124345954" lon="-64.26878111122093"><time>2026-07-04T21:55:25Z</time></trkpt><trkpt lat="44.4727574429863" lon="-64.26876166863872"><time>2026-07-04T21:55:26Z</time></trkpt><trkpt lat="44.47273384374069" lon="-64.2687424168623"><time>2026-07-04T21:55:27Z</time></trkpt><trkpt lat="44.47271000528213" lon="-64.26872210768316"><time>2026-07-04T21:55:28Z</time></trkpt><trkpt lat="44.47268546933667" lon="-64.26870396316711"><time>2026-07-04T21:55:29Z</time></trkpt><trkpt lat="44.47266074810256" lon="-64.26868590700413"><time>2026-07-04T21:55:30Z</time></trkpt><trkpt lat="44.472635719237545" lon="-64.26866942729166"><time>2026-07-04T21:55:31Z</time></trkpt><trkpt lat="44.472610136250246" lon="-64.26865563085819"><time>2026-07-04T21:55:32Z</time></trkpt><trkpt lat="44.47258504186648" lon="-64.26864180980574"><time>2026-07-04T21:55:33Z</time></trkpt><trkpt lat="44.47255999253359" lon="-64.26862731053544"><time>2026-07-04T21:55:34Z</time></trkpt><trkpt lat="44.47253380842048" lon="-64.26861417304096"><time>2026-07-04T21:55:35Z</time></trkpt><trkpt lat="44.472509338304434" lon="-64.26859869289663"><time>2026-07-04T21:55:36Z</time></trkpt><trkpt lat="44.472485419796726" lon="-64.26858199211644"><time>2026-07-04T21:55:37Z</time></trkpt><trkpt lat="44.47246244672248" lon="-64.2685663132671"><time>2026-07-04T21:55:38Z</time></trkpt><trkpt lat="44.47243915566489" lon="-64.26854628204023"><time>2026-07-04T21:55:39Z</time></trkpt><trkpt lat="44.47241752702269" lon="-64.26853031141212"><time>2026-07-04T21:55:40Z</time></trkpt><trkpt lat="44.47239472476419" lon="-64.26851220062747"><time>2026-07-04T21:55:41Z</time></trkpt><trkpt lat="44.47237280720637" lon="-64.26849632413558"><time>2026-07-04T21:55:42Z</time></trkpt><trkpt lat="44.47234996498741" lon="-64.268482772808"><time>2026-07-04T21:55:43Z</time></trkpt><trkpt lat="44.47232555568922" lon="-64.26847021162315"><time>2026-07-04T21:55:44Z</time></trkpt><trkpt lat="44.47230268616561" lon="-64.26845876619662"><time>2026-07-04T21:55:45Z</time></trkpt><trkpt lat="44.47227799226503" lon="-64.268445095631"><time>2026-07-04T21:55:46Z</time></trkpt><trkpt lat="44.47225410063532" lon="-64.26843208614646"><time>2026-07-04T21:55:47Z</time></trkpt><trkpt lat="44.472230001710386" lon="-64.26841704827802"><time>2026-07-04T21:55:48Z</time></trkpt><trkpt lat="44.47220440335391" lon="-64.26840049142163"><time>2026-07-04T21:55:49Z</time></trkpt><trkpt lat="44.47218016302797" lon="-64.26838599887816"><time>2026-07-04T21:55:50Z</time></trkpt><trkpt lat="44.47215629018141" lon="-64.26836910416037"><time>2026-07-04T21:55:51Z</time></trkpt><trkpt lat="44.47213401486404" lon="-64.2683534584642"><time>2026-07-04T21:55:52Z</time></trkpt><trkpt lat="44.47211093630047" lon="-64.2683385504981"><time>2026-07-04T21:55:53Z</time></trkpt><trkpt lat="44.47208974490651" lon="-64.26832156044918"><time>2026-07-04T21:55:54Z</time></trkpt><trkpt lat="44.47206656429189" lon="-64.26830309751084"><time>2026-07-04T21:55:55Z</time></trkpt><trkpt lat="44.472044636444465" lon="-64.26828757871"><time>2026-07-04T21:55:56Z</time></trkpt><trkpt lat="44.472022735092075" lon="-64.26827091923234"><time>2026-07-04T21:55:57Z</time></trkpt><trkpt lat="44.47200000031724" lon="-64.26825416883744"><time>2026-07-04T21:55:58Z</time></trkpt><trkpt lat="44.47197578970309" lon="-64.2682398958836"><time>2026-07-04T21:55:59Z</time></trkpt><trkpt lat="44.47195227569031" lon="-64.2682239740605"><time>2026-07-04T21:56:00Z</time></trkpt><trkpt lat="44.47193013143372" lon="-64.26820655240209"><time>2026-07-04T21:56:01Z</time></trkpt><trkpt lat="44.47190775427217" lon="-64.26818942937092"><time>2026-07-04T21:56:02Z</time></trkpt><trkpt lat="44.471885509230326" lon="-64.2681720525832"><time>2026-07-04T21:56:03Z</time></trkpt><trkpt lat="44.47186223974934" lon="-64.26815404825969"><time>2026-07-04T21:56:04Z</time></trkpt><trkpt lat="44.471839010352916" lon="-64.26813510161172"><time>2026-07-04T21:56:05Z</time></trkpt><trkpt lat="44.47181550650421" lon="-64.26811854218157"><time>2026-07-04T21:56:06Z</time></trkpt><trkpt lat="44.47179144572022" lon="-64.26810270602718"><time>2026-07-04T21:56:07Z</time></trkpt><trkpt lat="44.471768283551356" lon="-64.26808609623829"><time>2026-07-04T21:56:08Z</time></trkpt><trkpt lat="44.47174454778345" lon="-64.26806649776931"><time>2026-07-04T21:56:09Z</time></trkpt><trkpt lat="44.47172237374302" lon="-64.26804542602746"><time>2026-07-04T21:56:10Z</time></trkpt><trkpt lat="44.47170016245812" lon="-64.26802328876158"><time>2026-07-04T21:56:11Z</time></trkpt><trkpt lat="44.47167791032994" lon="-64.26800630564254"><time>2026-07-04T21:56:12Z</time></trkpt><trkpt lat="44.471653579237056" lon="-64.26798930546336"><time>2026-07-04T21:56:13Z</time></trkpt><trkpt lat="44.47162942039326" lon="-64.2679741719906"><time>2026-07-04T21:56:14Z</time></trkpt><trkpt lat="44.47160442444735" lon="-64.26795765907131"><time>2026-07-04T21:56:15Z</time></trkpt><trkpt lat="44.47158122618638" lon="-64.26794084797416"><time>2026-07-04T21:56:16Z</time></trkpt><trkpt lat="44.471559073304704" lon="-64.26792055722971"><time>2026-07-04T21:56:17Z</time></trkpt><trkpt lat="44.47153772170709" lon="-64.26790179768753"><time>2026-07-04T21:56:18Z</time></trkpt><trkpt lat="44.471515814452964" lon="-64.26788375261864"><time>2026-07-04T21:56:19Z</time></trkpt><trkpt lat="44.47149276431631" lon="-64.26786698479563"><time>2026-07-04T21:56:20Z</time></trkpt><trkpt lat="44.47146935973783" lon="-64.26784941407423"><time>2026-07-04T21:56:21Z</time></trkpt><trkpt lat="44.471446642277726" lon="-64.2678361538718"><time>2026-07-04T21:56:22Z</time></trkpt><trkpt lat="44.47142114675076" lon="-64.26782487895018"><time>2026-07-04T21:56:23Z</time></trkpt><trkpt lat="44.47139724338035" lon="-64.26781375393236"><time>2026-07-04T21:56:24Z</time></trkpt><trkpt lat="44.471373593441456" lon="-64.26779814995372"><time>2026-07-04T21:56:25Z</time></trkpt><trkpt lat="44.47135127420165" lon="-64.26778066499779"><time>2026-07-04T21:56:26Z</time></trkpt><trkpt lat="44.47132901245207" lon="-64.26776315735306"><time>2026-07-04T21:56:27Z</time></trkpt><trkpt lat="44.47130711982188" lon="-64.26774633436604"><time>2026-07-04T21:56:28Z</time></trkpt><trkpt lat="44.47128419242705" lon="-64.26772946034716"><time>2026-07-04T21:56:29Z</time></trkpt><trkpt lat="44.471260607743915" lon="-64.26771281888227"><time>2026-07-04T21:56:30Z</time></trkpt><trkpt lat="44.471236615501574" lon="-64.26769939024305"><time>2026-07-04T21:56:31Z</time></trkpt><trkpt lat="44.47121313472223" lon="-64.26768662474441"><time>2026-07-04T21:56:32Z</time></trkpt><trkpt lat="44.4711902423651" lon="-64.26767294459626"><time>2026-07-04T21:56:33Z</time></trkpt><trkpt lat="44.471167136611854" lon="-64.26765926603231"><time>2026-07-04T21:56:34Z</time></trkpt><trkpt lat="44.47114397078877" lon="-64.2676428345529"><time>2026-07-04T21:56:35Z</time></trkpt><trkpt lat="44.47112091965881" lon="-64.26762573730109"><time>2026-07-04T21:56:36Z</time></trkpt><trkpt lat="44.471097431513314" lon="-64.26760937586778"><time>2026-07-04T21:56:37Z</time></trkpt><trkpt lat="44.47107570770086" lon="-64.26759354424112"><time>2026-07-04T21:56:38Z</time></trkpt><trkpt lat="44.47105280830724" lon="-64.26758099080084"><time>2026-07-04T21:56:39Z</time></trkpt><trkpt lat="44.471028391310305" lon="-64.2675693814301"><time>2026-07-04T21:56:40Z</time></trkpt><trkpt lat="44.47100384258019" lon="-64.2675554623688"><time>2026-07-04T21:56:41Z</time></trkpt><trkpt lat="44.47098016846832" lon="-64.26754168820507"><time>2026-07-04T21:56:42Z</time></trkpt><trkpt lat="44.47095615087756" lon="-64.26752434712961"><time>2026-07-04T21:56:43Z</time></trkpt><trkpt lat="44.470931049124324" lon="-64.26750704237939"><time>2026-07-04T21:56:44Z</time></trkpt><trkpt lat="44.470908258415534" lon="-64.26749069261376"><time>2026-07-04T21:56:45Z</time></trkpt><trkpt lat="44.470883666687975" lon="-64.26747391330333"><time>2026-07-04T21:56:46Z</time></trkpt><trkpt lat="44.47085984078887" lon="-64.26746128455642"><time>2026-07-04T21:56:47Z</time></trkpt><trkpt lat="44.47083502690749" lon="-64.26744634018783"><time>2026-07-04T21:56:48Z</time></trkpt><trkpt lat="44.47081191049703" lon="-64.26743059726519"><time>2026-07-04T21:56:49Z</time></trkpt><trkpt lat="44.47078761691403" lon="-64.26741257156169"><time>2026-07-04T21:56:50Z</time></trkpt><trkpt lat="44.470766080132265" lon="-64.26739713940651"><time>2026-07-04T21:56:51Z</time></trkpt><trkpt lat="44.47074581165732" lon="-64.26737655518065"><time>2026-07-04T21:56:52Z</time></trkpt><trkpt lat="44.47072287901983" lon="-64.26735700124118"><time>2026-07-04T21:56:53Z</time></trkpt><trkpt lat="44.470700459246906" lon="-64.26733960006513"><time>2026-07-04T21:56:54Z</time></trkpt><trkpt lat="44.47067739460635" lon="-64.267321811624"><time>2026-07-04T21:56:55Z</time></trkpt><trkpt lat="44.47065447539136" lon="-64.2673055719034"><time>2026-07-04T21:56:56Z</time></trkpt><trkpt lat="44.47063215220743" lon="-64.26729133836083"><time>2026-07-04T21:56:57Z</time></trkpt><trkpt lat="44.47060798141843" lon="-64.26727450040299"><time>2026-07-04T21:56:58Z</time></trkpt><trkpt lat="44.4705843172837" lon="-64.2672590939424"><time>2026-07-04T21:56:59Z</time></trkpt><trkpt lat="44.47056058828882" lon="-64.26724264173394"><time>2026-07-04T21:57:00Z</time></trkpt><trkpt lat="44.47053792555542" lon="-64.26722545745785"><time>2026-07-04T21:57:01Z</time></trkpt><trkpt lat="44.47051445149997" lon="-64.267208443854"><time>2026-07-04T21:57:02Z</time></trkpt><trkpt lat="44.47049202540576" lon="-64.26719028797824"><time>2026-07-04T21:57:03Z</time></trkpt><trkpt lat="44.47046956032215" lon="-64.2671728876706"><time>2026-07-04T21:57:04Z</time></trkpt><trkpt lat="44.4704487489915" lon="-64.26715370309131"><time>2026-07-04T21:57:05Z</time></trkpt><trkpt lat="44.47042754397503" lon="-64.26713590753413"><time>2026-07-04T21:57:06Z</time></trkpt><trkpt lat="44.47040547772984" lon="-64.26711588241076"><time>2026-07-04T21:57:07Z</time></trkpt><trkpt lat="44.47038443873329" lon="-64.26709719489173"><time>2026-07-04T21:57:08Z</time></trkpt><trkpt lat="44.47036346647649" lon="-64.267078514512"><time>2026-07-04T21:57:09Z</time></trkpt><trkpt lat="44.47034399578801" lon="-64.26705778458411"><time>2026-07-04T21:57:10Z</time></trkpt><trkpt lat="44.47032326784833" lon="-64.26703758769139"><time>2026-07-04T21:57:11Z</time></trkpt><trkpt lat="44.470302506908865" lon="-64.2670171552301"><time>2026-07-04T21:57:12Z</time></trkpt><trkpt lat="44.47028037339746" lon="-64.26699718371626"><time>2026-07-04T21:57:13Z</time></trkpt><trkpt lat="44.47025900214321" lon="-64.26697914055201"><time>2026-07-04T21:57:14Z</time></trkpt><trkpt lat="44.47023683878282" lon="-64.2669620059737"><time>2026-07-04T21:57:15Z</time></trkpt><trkpt lat="44.4702155573785" lon="-64.26694308862714"><time>2026-07-04T21:57:16Z</time></trkpt><trkpt lat="44.47019373351315" lon="-64.26692602284506"><time>2026-07-04T21:57:17Z</time></trkpt><trkpt lat="44.47017113291039" lon="-64.26690726916252"><time>2026-07-04T21:57:18Z</time></trkpt><trkpt lat="44.47014866883317" lon="-64.26688738193818"><time>2026-07-04T21:57:19Z</time></trkpt><trkpt lat="44.47012703946711" lon="-64.26686890043956"><time>2026-07-04T21:57:20Z</time></trkpt><trkpt lat="44.470104380129094" lon="-64.26684855992004"><time>2026-07-04T21:57:21Z</time></trkpt><trkpt lat="44.47008242583689" lon="-64.26682996356388"><time>2026-07-04T21:57:22Z</time></trkpt><trkpt lat="44.4700591604391" lon="-64.26681010901717"><time>2026-07-04T21:57:23Z</time></trkpt><trkpt lat="44.47003624666046" lon="-64.26679223886187"><time>2026-07-04T21:57:24Z</time></trkpt><trkpt lat="44.47001315702073" lon="-64.26677320095031"><time>2026-07-04T21:57:25Z</time></trkpt><trkpt lat="44.46999170497089" lon="-64.26675488566941"><time>2026-07-04T21:57:26Z</time></trkpt><trkpt lat="44.469969180411006" lon="-64.26673417115907"><time>2026-07-04T21:57:27Z</time></trkpt><trkpt lat="44.46994702916013" lon="-64.26671660092033"><time>2026-07-04T21:57:28Z</time></trkpt><trkpt lat="44.46992388881259" lon="-64.26669938179043"><time>2026-07-04T21:57:29Z</time></trkpt><trkpt lat="44.469900507454284" lon="-64.26667969828384"><time>2026-07-04T21:57:30Z</time></trkpt><trkpt lat="44.469878436772284" lon="-64.26666322283482"><time>2026-07-04T21:57:31Z</time></trkpt><trkpt lat="44.46985553610423" lon="-64.26664653047688"><time>2026-07-04T21:57:32Z</time></trkpt><trkpt lat="44.469832586805126" lon="-64.26662611711835"><time>2026-07-04T21:57:33Z</time></trkpt><trkpt lat="44.4698102032334" lon="-64.2666096746591"><time>2026-07-04T21:57:34Z</time></trkpt><trkpt lat="44.46978807709209" lon="-64.26658847584332"><time>2026-07-04T21:57:35Z</time></trkpt><trkpt lat="44.46976738641043" lon="-64.26656961367416"><time>2026-07-04T21:57:36Z</time></trkpt><trkpt lat="44.469746369551935" lon="-64.26655149173604"><time>2026-07-04T21:57:37Z</time></trkpt><trkpt lat="44.46972460808809" lon="-64.26653225477106"><time>2026-07-04T21:57:38Z</time></trkpt><trkpt lat="44.46970322616615" lon="-64.26651105351765"><time>2026-07-04T21:57:39Z</time></trkpt><trkpt lat="44.46968201914538" lon="-64.26648749054571"><time>2026-07-04T21:57:40Z</time></trkpt><trkpt lat="44.46966085367163" lon="-64.26646524910409"><time>2026-07-04T21:57:41Z</time></trkpt><trkpt lat="44.46964001028881" lon="-64.26644331808903"><time>2026-07-04T21:57:42Z</time></trkpt><trkpt lat="44.46961922249901" lon="-64.2664215846795"><time>2026-07-04T21:57:43Z</time></trkpt><trkpt lat="44.469598227035824" lon="-64.26639869876439"><time>2026-07-04T21:57:44Z</time></trkpt><trkpt lat="44.46957667142143" lon="-64.26637579861631"><time>2026-07-04T21:57:45Z</time></trkpt><trkpt lat="44.46955487234567" lon="-64.26635246846398"><time>2026-07-04T21:57:46Z</time></trkpt><trkpt lat="44.469533810539886" lon="-64.26632797868042"><time>2026-07-04T21:57:47Z</time></trkpt><trkpt lat="44.46951319708376" lon="-64.266302904259"><time>2026-07-04T21:57:48Z</time></trkpt><trkpt lat="44.46949192715991" lon="-64.2662800862257"><time>2026-07-04T21:57:49Z</time></trkpt><trkpt lat="44.46947203173592" lon="-64.26625672879322"><time>2026-07-04T21:57:50Z</time></trkpt><trkpt lat="44.469450982178" lon="-64.26623461976995"><time>2026-07-04T21:57:51Z</time></trkpt><trkpt lat="44.46942973567726" lon="-64.2662127717349"><time>2026-07-04T21:57:52Z</time></trkpt><trkpt lat="44.46940897316687" lon="-64.2661922967476"><time>2026-07-04T21:57:53Z</time></trkpt><trkpt lat="44.46938903952123" lon="-64.26617030242106"><time>2026-07-04T21:57:54Z</time></trkpt><trkpt lat="44.469367829969734" lon="-64.26614906543591"><time>2026-07-04T21:57:55Z</time></trkpt><trkpt lat="44.46934640767195" lon="-64.26612714464964"><time>2026-07-04T21:57:56Z</time></trkpt><trkpt lat="44.46932588145648" lon="-64.26610825228389"><time>2026-07-04T21:57:57Z</time></trkpt><trkpt lat="44.46930507247109" lon="-64.26608613451172"><time>2026-07-04T21:57:58Z</time></trkpt><trkpt lat="44.469285268002515" lon="-64.26606715265564"><time>2026-07-04T21:57:59Z</time></trkpt><trkpt lat="44.4692642345235" lon="-64.26604850411488"><time>2026-07-04T21:58:00Z</time></trkpt><trkpt lat="44.46924457162754" lon="-64.26602871809428"><time>2026-07-04T21:58:01Z</time></trkpt><trkpt lat="44.46922172553044" lon="-64.26601242988227"><time>2026-07-04T21:58:02Z</time></trkpt><trkpt lat="44.46919947100067" lon="-64.26599583632981"><time>2026-07-04T21:58:03Z</time></trkpt><trkpt lat="44.46917913161245" lon="-64.26597901936346"><time>2026-07-04T21:58:04Z</time></trkpt><trkpt lat="44.46915903933892" lon="-64.26596112426769"><time>2026-07-04T21:58:05Z</time></trkpt><trkpt lat="44.46913909477199" lon="-64.26594606971562"><time>2026-07-04T21:58:06Z</time></trkpt><trkpt lat="44.4691207704691" lon="-64.26592446062514"><time>2026-07-04T21:58:07Z</time></trkpt><trkpt lat="44.469101611077086" lon="-64.26590479167632"><time>2026-07-04T21:58:08Z</time></trkpt><trkpt lat="44.46908384763983" lon="-64.26588263404419"><time>2026-07-04T21:58:09Z</time></trkpt><trkpt lat="44.469065899552966" lon="-64.26585643057336"><time>2026-07-04T21:58:10Z</time></trkpt><trkpt lat="44.46904986382751" lon="-64.26583467899435"><time>2026-07-04T21:58:11Z</time></trkpt><trkpt lat="44.469033708431404" lon="-64.26581068760585"><time>2026-07-04T21:58:12Z</time></trkpt><trkpt lat="44.46901881602638" lon="-64.26578845853032"><time>2026-07-04T21:58:13Z</time></trkpt><trkpt lat="44.46900378544759" lon="-64.26576499049787"><time>2026-07-04T21:58:14Z</time></trkpt><trkpt lat="44.46898721859289" lon="-64.26574169846873"><time>2026-07-04T21:58:15Z</time></trkpt><trkpt lat="44.46897185054732" lon="-64.2657189442213"><time>2026-07-04T21:58:16Z</time></trkpt><trkpt lat="44.468955519864345" lon="-64.26569706865642"><time>2026-07-04T21:58:17Z</time></trkpt><trkpt lat="44.46894141822" lon="-64.26567363364582"><time>2026-07-04T21:58:18Z</time></trkpt><trkpt lat="44.468927068355676" lon="-64.26564913653732"><time>2026-07-04T21:58:19Z</time></trkpt><trkpt lat="44.46891559760137" lon="-64.26562056733631"><time>2026-07-04T21:58:20Z</time></trkpt><trkpt lat="44.46890298856166" lon="-64.26559550534893"><time>2026-07-04T21:58:21Z</time></trkpt><trkpt lat="44.46889108550522" lon="-64.26556966092501"><time>2026-07-04T21:58:22Z</time></trkpt><trkpt lat="44.46887784005802" lon="-64.26554689258096"><time>2026-07-04T21:58:23Z</time></trkpt><trkpt lat="44.46886421413454" lon="-64.26552255568957"><time>2026-07-04T21:58:24Z</time></trkpt><trkpt lat="44.4688501058066" lon="-64.26549908311169"><time>2026-07-04T21:58:25Z</time></trkpt><trkpt lat="44.46883620066758" lon="-64.26547864805491"><time>2026-07-04T21:58:26Z</time></trkpt><trkpt lat="44.468820291823995" lon="-64.26545609812774"><time>2026-07-04T21:58:27Z</time></trkpt><trkpt lat="44.46880437397595" lon="-64.26543621846423"><time>2026-07-04T21:58:28Z</time></trkpt><trkpt lat="44.468788404372155" lon="-64.26541692376809"><time>2026-07-04T21:58:29Z</time></trkpt><trkpt lat="44.468772878164266" lon="-64.2653951844585"><time>2026-07-04T21:58:30Z</time></trkpt><trkpt lat="44.46875826993137" lon="-64.26537453331979"><time>2026-07-04T21:58:31Z</time></trkpt><trkpt lat="44.468742870299934" lon="-64.26535153046551"><time>2026-07-04T21:58:32Z</time></trkpt><trkpt lat="44.468728848399046" lon="-64.26532906909566"><time>2026-07-04T21:58:33Z</time></trkpt><trkpt lat="44.46871545630351" lon="-64.26530620811067"><time>2026-07-04T21:58:34Z</time></trkpt><trkpt lat="44.46870329992772" lon="-64.26528406141334"><time>2026-07-04T21:58:35Z</time></trkpt><trkpt lat="44.468692509864304" lon="-64.2652582938237"><time>2026-07-04T21:58:36Z</time></trkpt><trkpt lat="44.46868180750608" lon="-64.26523418126509"><time>2026-07-04T21:58:37Z</time></trkpt><trkpt lat="44.46867041989962" lon="-64.26520995905894"><time>2026-07-04T21:58:38Z</time></trkpt><trkpt lat="44.46865557032486" lon="-64.26518645539662"><time>2026-07-04T21:58:39Z</time></trkpt><trkpt lat="44.46864194808564" lon="-64.26516476163007"><time>2026-07-04T21:58:40Z</time></trkpt><trkpt lat="44.46862663468764" lon="-64.26514017140414"><time>2026-07-04T21:58:41Z</time></trkpt><trkpt lat="44.46861287784169" lon="-64.26511656159624"><time>2026-07-04T21:58:42Z</time></trkpt><trkpt lat="44.468603742804966" lon="-64.26508745103912"><time>2026-07-04T21:58:43Z</time></trkpt><trkpt lat="44.468594772214104" lon="-64.26506438530315"><time>2026-07-04T21:58:44Z</time></trkpt><trkpt lat="44.46858571217706" lon="-64.26502907317455"><time>2026-07-04T21:58:45Z</time></trkpt><trkpt lat="44.468579204130904" lon="-64.26499933076926"><time>2026-07-04T21:58:46Z</time></trkpt><trkpt lat="44.46857219676387" lon="-64.26496769085068"><time>2026-07-04T21:58:47Z</time></trkpt><trkpt lat="44.46856473208611" lon="-64.26493819919986"><time>2026-07-04T21:58:48Z</time></trkpt><trkpt lat="44.468557964068744" lon="-64.26490579675318"><time>2026-07-04T21:58:49Z</time></trkpt><trkpt lat="44.46855034397582" lon="-64.26487587303667"><time>2026-07-04T21:58:50Z</time></trkpt><trkpt lat="44.46854282739228" lon="-64.26484464794183"><time>2026-07-04T21:58:51Z</time></trkpt><trkpt lat="44.46853587777812" lon="-64.2648147536081"><time>2026-07-04T21:58:52Z</time></trkpt><trkpt lat="44.46852771419466" lon="-64.2647851348066"><time>2026-07-04T21:58:53Z</time></trkpt><trkpt lat="44.46851843283068" lon="-64.26475713581351"><time>2026-07-04T21:58:54Z</time></trkpt><trkpt lat="44.46850852032535" lon="-64.26472785709375"><time>2026-07-04T21:58:55Z</time></trkpt><trkpt lat="44.46849836085572" lon="-64.2646975610575"><time>2026-07-04T21:58:56Z</time></trkpt><trkpt lat="44.468480793047455" lon="-64.26463826399029"><time>2026-07-04T21:58:58Z</time></trkpt><trkpt lat="44.468473009492925" lon="-64.26460940030876"><time>2026-07-04T21:58:59Z</time></trkpt><trkpt lat="44.46846441373736" lon="-64.2645767041668"><time>2026-07-04T21:59:00Z</time></trkpt><trkpt lat="44.46845879605289" lon="-64.26454583395872"><time>2026-07-04T21:59:01Z</time></trkpt><trkpt lat="44.46845262537771" lon="-64.2645168415988"><time>2026-07-04T21:59:02Z</time></trkpt><trkpt lat="44.46844434320829" lon="-64.26448421994222"><time>2026-07-04T21:59:03Z</time></trkpt><trkpt lat="44.46843733088846" lon="-64.26445363422715"><time>2026-07-04T21:59:04Z</time></trkpt><trkpt lat="44.468429535346374" lon="-64.26442410515766"><time>2026-07-04T21:59:05Z</time></trkpt><trkpt lat="44.46842156690034" lon="-64.26439393146957"><time>2026-07-04T21:59:06Z</time></trkpt><trkpt lat="44.46841252832769" lon="-64.26436420660087"><time>2026-07-04T21:59:07Z</time></trkpt><trkpt lat="44.46840361616688" lon="-64.26433505627173"><time>2026-07-04T21:59:08Z</time></trkpt><trkpt lat="44.468394011669176" lon="-64.26430534815628"><time>2026-07-04T21:59:09Z</time></trkpt><trkpt lat="44.46838524474716" lon="-64.26427490792807"><time>2026-07-04T21:59:10Z</time></trkpt><trkpt lat="44.46837641910205" lon="-64.26424404018819"><time>2026-07-04T21:59:11Z</time></trkpt><trkpt lat="44.468367419592745" lon="-64.26421384082249"><time>2026-07-04T21:59:12Z</time></trkpt><trkpt lat="44.4683571796252" lon="-64.26418372008621"><time>2026-07-04T21:59:13Z</time></trkpt><trkpt lat="44.468347376369515" lon="-64.26415426889142"><time>2026-07-04T21:59:14Z</time></trkpt><trkpt lat="44.468337428268384" lon="-64.26412477714504"><time>2026-07-04T21:59:15Z</time></trkpt><trkpt lat="44.468326530972085" lon="-64.26409593286014"><time>2026-07-04T21:59:16Z</time></trkpt><trkpt lat="44.46831671452006" lon="-64.26406776736789"><time>2026-07-04T21:59:17Z</time></trkpt><trkpt lat="44.468305537109586" lon="-64.26403661497848"><time>2026-07-04T21:59:18Z</time></trkpt><trkpt lat="44.46829377996807" lon="-64.26400662964915"><time>2026-07-04T21:59:19Z</time></trkpt><trkpt lat="44.46828131119105" lon="-64.26397612668862"><time>2026-07-04T21:59:20Z</time></trkpt><trkpt lat="44.468269997521695" lon="-64.26394632795844"><time>2026-07-04T21:59:21Z</time></trkpt><trkpt lat="44.46825908091301" lon="-64.26392041250311"><time>2026-07-04T21:59:22Z</time></trkpt><trkpt lat="44.46824813947511" lon="-64.26389298648678"><time>2026-07-04T21:59:23Z</time></trkpt><trkpt lat="44.46823652587206" lon="-64.26386469186623"><time>2026-07-04T21:59:24Z</time></trkpt><trkpt lat="44.46822454735123" lon="-64.2638382583358"><time>2026-07-04T21:59:25Z</time></trkpt><trkpt lat="44.46821276155697" lon="-64.26381167569346"><time>2026-07-04T21:59:26Z</time></trkpt><trkpt lat="44.46819926123476" lon="-64.26378594615724"><time>2026-07-04T21:59:27Z</time></trkpt><trkpt lat="44.46818488637165" lon="-64.26376184043399"><time>2026-07-04T21:59:28Z</time></trkpt><trkpt lat="44.46817135716319" lon="-64.26373729483916"><time>2026-07-04T21:59:29Z</time></trkpt><trkpt lat="44.468155935106395" lon="-64.26371537795542"><time>2026-07-04T21:59:30Z</time></trkpt><trkpt lat="44.4681397487729" lon="-64.26369070529287"><time>2026-07-04T21:59:31Z</time></trkpt><trkpt lat="44.46812391259596" lon="-64.26366814999743"><time>2026-07-04T21:59:32Z</time></trkpt><trkpt lat="44.46810974876096" lon="-64.2636430631482"><time>2026-07-04T21:59:33Z</time></trkpt><trkpt lat="44.46809623582015" lon="-64.2636185673673"><time>2026-07-04T21:59:34Z</time></trkpt><trkpt lat="44.4680830864325" lon="-64.26358978507125"><time>2026-07-04T21:59:35Z</time></trkpt><trkpt lat="44.46807108475033" lon="-64.26355794107005"><time>2026-07-04T21:59:36Z</time></trkpt><trkpt lat="44.468060407157516" lon="-64.2635270833736"><time>2026-07-04T21:59:37Z</time></trkpt><trkpt lat="44.468050463926076" lon="-64.26349502757093"><time>2026-07-04T21:59:38Z</time></trkpt><trkpt lat="44.46804368231125" lon="-64.26346579536984"><time>2026-07-04T21:59:39Z</time></trkpt><trkpt lat="44.46803490795895" lon="-64.26343518130821"><time>2026-07-04T21:59:40Z</time></trkpt><trkpt lat="44.468028815011" lon="-64.26340450180486"><time>2026-07-04T21:59:41Z</time></trkpt><trkpt lat="44.468024191027716" lon="-64.26337031330449"><time>2026-07-04T21:59:42Z</time></trkpt><trkpt lat="44.46802098515328" lon="-64.2633367281441"><time>2026-07-04T21:59:43Z</time></trkpt><trkpt lat="44.468017119163136" lon="-64.26330397741384"><time>2026-07-04T21:59:44Z</time></trkpt><trkpt lat="44.46801351539952" lon="-64.26327152864158"><time>2026-07-04T21:59:45Z</time></trkpt><trkpt lat="44.46801145121064" lon="-64.26324236765689"><time>2026-07-04T21:59:46Z</time></trkpt><trkpt lat="44.46800900132305" lon="-64.26321200344384"><time>2026-07-04T21:59:47Z</time></trkpt><trkpt lat="44.468007293710045" lon="-64.26318257815136"><time>2026-07-04T21:59:48Z</time></trkpt><trkpt lat="44.46800505054792" lon="-64.26315184634636"><time>2026-07-04T21:59:49Z</time></trkpt><trkpt lat="44.46800285412151" lon="-64.26312339000826"><time>2026-07-04T21:59:50Z</time></trkpt><trkpt lat="44.46799965338328" lon="-64.26309315331352"><time>2026-07-04T21:59:51Z</time></trkpt><trkpt lat="44.467996793374354" lon="-64.2630644386645"><time>2026-07-04T21:59:52Z</time></trkpt><trkpt lat="44.46799294588165" lon="-64.26303489946318"><time>2026-07-04T21:59:53Z</time></trkpt><trkpt lat="44.46798901699996" lon="-64.26300750600598"><time>2026-07-04T21:59:54Z</time></trkpt><trkpt lat="44.46798448843939" lon="-64.2629766264807"><time>2026-07-04T21:59:55Z</time></trkpt><trkpt lat="44.467981115944816" lon="-64.26294919428187"><time>2026-07-04T21:59:56Z</time></trkpt><trkpt lat="44.46797682329507" lon="-64.26292050068066"><time>2026-07-04T21:59:57Z</time></trkpt><trkpt lat="44.46797216548848" lon="-64.26289157652093"><time>2026-07-04T21:59:58Z</time></trkpt><trkpt lat="44.46796774531887" lon="-64.26286191657142"><time>2026-07-04T21:59:59Z</time></trkpt><trkpt lat="44.46796284270604" lon="-64.26283442693737"><time>2026-07-04T22:00:00Z</time></trkpt><trkpt lat="44.467956482709596" lon="-64.26280614421094"><time>2026-07-04T22:00:01Z</time></trkpt><trkpt lat="44.46795032290483" lon="-64.26278008848986"><time>2026-07-04T22:00:02Z</time></trkpt><trkpt lat="44.46794310577259" lon="-64.26275279649424"><time>2026-07-04T22:00:03Z</time></trkpt><trkpt lat="44.467935474750774" lon="-64.2627257355957"><time>2026-07-04T22:00:04Z</time></trkpt><trkpt lat="44.46792728679021" lon="-64.26269883638669"><time>2026-07-04T22:00:05Z</time></trkpt><trkpt lat="44.4679180905598" lon="-64.26267229745551"><time>2026-07-04T22:00:06Z</time></trkpt><trkpt lat="44.467909955194095" lon="-64.26264511402236"><time>2026-07-04T22:00:07Z</time></trkpt><trkpt lat="44.4679026433953" lon="-64.26261763053998"><time>2026-07-04T22:00:08Z</time></trkpt><trkpt lat="44.46789604062736" lon="-64.2625859946259"><time>2026-07-04T22:00:09Z</time></trkpt><trkpt lat="44.46789079708058" lon="-64.26255852682843"><time>2026-07-04T22:00:10Z</time></trkpt><trkpt lat="44.467883895680934" lon="-64.26253011152151"><time>2026-07-04T22:00:11Z</time></trkpt><trkpt lat="44.46787723464746" lon="-64.26250187908259"><time>2026-07-04T22:00:12Z</time></trkpt><trkpt lat="44.46787161802219" lon="-64.26247534175434"><time>2026-07-04T22:00:13Z</time></trkpt><trkpt lat="44.46786535530066" lon="-64.26244478162572"><time>2026-07-04T22:00:14Z</time></trkpt><trkpt lat="44.46786031035276" lon="-64.26241657813732"><time>2026-07-04T22:00:15Z</time></trkpt><trkpt lat="44.46785582487465" lon="-64.26238738200254"><time>2026-07-04T22:00:16Z</time></trkpt><trkpt lat="44.46785167627227" lon="-64.26235653422474"><time>2026-07-04T22:00:17Z</time></trkpt><trkpt lat="44.467847110123756" lon="-64.26232606165262"><time>2026-07-04T22:00:18Z</time></trkpt><trkpt lat="44.46784231601484" lon="-64.2622974328581"><time>2026-07-04T22:00:19Z</time></trkpt><trkpt lat="44.46783899185851" lon="-64.26226770588544"><time>2026-07-04T22:00:20Z</time></trkpt><trkpt lat="44.46783454531952" lon="-64.26223684780824"><time>2026-07-04T22:00:21Z</time></trkpt><trkpt lat="44.467829397464016" lon="-64.26220732988337"><time>2026-07-04T22:00:22Z</time></trkpt><trkpt lat="44.4678249878332" lon="-64.26217719900876"><time>2026-07-04T22:00:23Z</time></trkpt><trkpt lat="44.46782032279948" lon="-64.26214783292102"><time>2026-07-04T22:00:24Z</time></trkpt><trkpt lat="44.46781603546822" lon="-64.26211739931642"><time>2026-07-04T22:00:25Z</time></trkpt><trkpt lat="44.46781046879982" lon="-64.2620876367874"><time>2026-07-04T22:00:26Z</time></trkpt><trkpt lat="44.467806153175125" lon="-64.26206080827573"><time>2026-07-04T22:00:27Z</time></trkpt><trkpt lat="44.4677997415352" lon="-64.26203303308397"><time>2026-07-04T22:00:28Z</time></trkpt><trkpt lat="44.46779402610446" lon="-64.26200483484735"><time>2026-07-04T22:00:29Z</time></trkpt><trkpt lat="44.46778994173378" lon="-64.26197789222282"><time>2026-07-04T22:00:30Z</time></trkpt><trkpt lat="44.46778640936416" lon="-64.26194997141663"><time>2026-07-04T22:00:31Z</time></trkpt><trkpt lat="44.4677839652537" lon="-64.26191945338836"><time>2026-07-04T22:00:32Z</time></trkpt><trkpt lat="44.46778184420927" lon="-64.26189064533048"><time>2026-07-04T22:00:33Z</time></trkpt><trkpt lat="44.467777814065805" lon="-64.26186299801608"><time>2026-07-04T22:00:34Z</time></trkpt><trkpt lat="44.467773118731614" lon="-64.26183730573544"><time>2026-07-04T22:00:35Z</time></trkpt><trkpt lat="44.46776736663954" lon="-64.26181296486797"><time>2026-07-04T22:00:36Z</time></trkpt><trkpt lat="44.46776207456997" lon="-64.2617867653151"><time>2026-07-04T22:00:37Z</time></trkpt><trkpt lat="44.467755412115565" lon="-64.2617626008747"><time>2026-07-04T22:00:38Z</time></trkpt><trkpt lat="44.467748620522045" lon="-64.26173755926848"><time>2026-07-04T22:00:39Z</time></trkpt><trkpt lat="44.467741539115586" lon="-64.26171350942566"><time>2026-07-04T22:00:40Z</time></trkpt><trkpt lat="44.46773493953317" lon="-64.26168631830673"><time>2026-07-04T22:00:41Z</time></trkpt><trkpt lat="44.46773112281866" lon="-64.26166044325485"><time>2026-07-04T22:00:42Z</time></trkpt><trkpt lat="44.46772728713002" lon="-64.26163329567692"><time>2026-07-04T22:00:43Z</time></trkpt><trkpt lat="44.467723250948154" lon="-64.26160667804157"><time>2026-07-04T22:00:44Z</time></trkpt><trkpt lat="44.46771950520041" lon="-64.2615795089437"><time>2026-07-04T22:00:45Z</time></trkpt><trkpt lat="44.46771577907187" lon="-64.26155279212722"><time>2026-07-04T22:00:46Z</time></trkpt><trkpt lat="44.46771269994751" lon="-64.26152656523803"><time>2026-07-04T22:00:47Z</time></trkpt><trkpt lat="44.46770937692488" lon="-64.2614999436641"><time>2026-07-04T22:00:48Z</time></trkpt><trkpt lat="44.46770777618558" lon="-64.26147457129954"><time>2026-07-04T22:00:49Z</time></trkpt><trkpt lat="44.46770576990992" lon="-64.26144580785771"><time>2026-07-04T22:00:50Z</time></trkpt><trkpt lat="44.46770486411802" lon="-64.26141942690278"><time>2026-07-04T22:00:51Z</time></trkpt><trkpt lat="44.467706068996456" lon="-64.26136984304881"><time>2026-07-04T22:00:53Z</time></trkpt><trkpt lat="44.46770920306621" lon="-64.2613205917631"><time>2026-07-04T22:00:55Z</time></trkpt><trkpt lat="44.46770894460022" lon="-64.26129394658898"><time>2026-07-04T22:00:56Z</time></trkpt><trkpt lat="44.46770942259789" lon="-64.26126691929916"><time>2026-07-04T22:00:57Z</time></trkpt><trkpt lat="44.46770762774074" lon="-64.26121240879603"><time>2026-07-04T22:00:59Z</time></trkpt><trkpt lat="44.46770944276422" lon="-64.26116492511848"><time>2026-07-04T22:01:01Z</time></trkpt><trkpt lat="44.467713810425174" lon="-64.26111575902361"><time>2026-07-04T22:01:03Z</time></trkpt><trkpt lat="44.467718420187616" lon="-64.26106968835369"><time>2026-07-04T22:01:05Z</time></trkpt><trkpt lat="44.46772168068444" lon="-64.26104371725215"><time>2026-07-04T22:01:07Z</time></trkpt><trkpt lat="44.46772772726417" lon="-64.26099834367662"><time>2026-07-04T22:01:08Z</time></trkpt><trkpt lat="44.467733901012885" lon="-64.26092877462226"><time>2026-07-04T22:01:11Z</time></trkpt><trkpt lat="44.46773616150308" lon="-64.26088087777202"><time>2026-07-04T22:01:13Z</time></trkpt><trkpt lat="44.46773584562253" lon="-64.26083266133872"><time>2026-07-04T22:01:15Z</time></trkpt><trkpt lat="44.467736663981654" lon="-64.26078351840155"><time>2026-07-04T22:01:17Z</time></trkpt><trkpt lat="44.46773584037759" lon="-64.26073515864341"><time>2026-07-04T22:01:19Z</time></trkpt><trkpt lat="44.4677337154389" lon="-64.26070980822942"><time>2026-07-04T22:01:20Z</time></trkpt><trkpt lat="44.467730992483034" lon="-64.2606608861526"><time>2026-07-04T22:01:22Z</time></trkpt><trkpt lat="44.467728330651575" lon="-64.26061412962099"><time>2026-07-04T22:01:24Z</time></trkpt><trkpt lat="44.467726156217694" lon="-64.26056509410405"><time>2026-07-04T22:01:26Z</time></trkpt><trkpt lat="44.46772486268713" lon="-64.26051864661285"><time>2026-07-04T22:01:28Z</time></trkpt><trkpt lat="44.4677239425937" lon="-64.26049342277716"><time>2026-07-04T22:01:29Z</time></trkpt><trkpt lat="44.46771892785964" lon="-64.26044571940356"><time>2026-07-04T22:01:31Z</time></trkpt><trkpt lat="44.46771676695152" lon="-64.26042076461515"><time>2026-07-04T22:01:32Z</time></trkpt><trkpt lat="44.4677133064384" lon="-64.26039491470445"><time>2026-07-04T22:01:33Z</time></trkpt><trkpt lat="44.46770982116051" lon="-64.26036834870374"><time>2026-07-04T22:01:34Z</time></trkpt><trkpt lat="44.4677069864335" lon="-64.26034112703978"><time>2026-07-04T22:01:35Z</time></trkpt><trkpt lat="44.467704188677224" lon="-64.26031323157024"><time>2026-07-04T22:01:36Z</time></trkpt><trkpt lat="44.467700661339194" lon="-64.26028447085476"><time>2026-07-04T22:01:37Z</time></trkpt><trkpt lat="44.46769803081252" lon="-64.26025510805545"><time>2026-07-04T22:01:38Z</time></trkpt><trkpt lat="44.46769381457961" lon="-64.26022584568291"><time>2026-07-04T22:01:39Z</time></trkpt><trkpt lat="44.4676925675782" lon="-64.26019688024981"><time>2026-07-04T22:01:40Z</time></trkpt><trkpt lat="44.46768982284388" lon="-64.2601682404339"><time>2026-07-04T22:01:41Z</time></trkpt><trkpt lat="44.46768722325443" lon="-64.26013989482698"><time>2026-07-04T22:01:42Z</time></trkpt><trkpt lat="44.46768343230074" lon="-64.26011004245264"><time>2026-07-04T22:01:43Z</time></trkpt><trkpt lat="44.46767939537752" lon="-64.26008079238284"><time>2026-07-04T22:01:44Z</time></trkpt><trkpt lat="44.46767453778775" lon="-64.26005129936317"><time>2026-07-04T22:01:45Z</time></trkpt><trkpt lat="44.46766948096072" lon="-64.26002117816913"><time>2026-07-04T22:01:46Z</time></trkpt><trkpt lat="44.46766577370809" lon="-64.25999184107721"><time>2026-07-04T22:01:47Z</time></trkpt><trkpt lat="44.46766214249271" lon="-64.2599613231664"><time>2026-07-04T22:01:48Z</time></trkpt><trkpt lat="44.467657368097335" lon="-64.25993219331912"><time>2026-07-04T22:01:49Z</time></trkpt><trkpt lat="44.467649906735666" lon="-64.25990188867128"><time>2026-07-04T22:01:50Z</time></trkpt><trkpt lat="44.467642947275046" lon="-64.25987597979208"><time>2026-07-04T22:01:51Z</time></trkpt><trkpt lat="44.467633446837" lon="-64.25984587306992"><time>2026-07-04T22:01:52Z</time></trkpt><trkpt lat="44.467628759010836" lon="-64.2598173408236"><time>2026-07-04T22:01:53Z</time></trkpt><trkpt lat="44.46762392093365" lon="-64.25978757041673"><time>2026-07-04T22:01:54Z</time></trkpt><trkpt lat="44.46761816240459" lon="-64.25975546066485"><time>2026-07-04T22:01:55Z</time></trkpt><trkpt lat="44.467613520344756" lon="-64.25972592333304"><time>2026-07-04T22:01:56Z</time></trkpt><trkpt lat="44.4676108532011" lon="-64.25969488700814"><time>2026-07-04T22:01:57Z</time></trkpt><trkpt lat="44.46760701287104" lon="-64.25966240691784"><time>2026-07-04T22:01:58Z</time></trkpt><trkpt lat="44.46760480108511" lon="-64.2596325698666"><time>2026-07-04T22:01:59Z</time></trkpt><trkpt lat="44.46760194260878" lon="-64.259602216653"><time>2026-07-04T22:02:00Z</time></trkpt><trkpt lat="44.467599283332646" lon="-64.25957120279158"><time>2026-07-04T22:02:01Z</time></trkpt><trkpt lat="44.46759747645409" lon="-64.25954178191631"><time>2026-07-04T22:02:02Z</time></trkpt><trkpt lat="44.46759683887326" lon="-64.25951254278934"><time>2026-07-04T22:02:03Z</time></trkpt><trkpt lat="44.46759660041491" lon="-64.25948201886295"><time>2026-07-04T22:02:04Z</time></trkpt><trkpt lat="44.467597090113784" lon="-64.25945200451926"><time>2026-07-04T22:02:05Z</time></trkpt><trkpt lat="44.46759801296477" lon="-64.25942122101274"><time>2026-07-04T22:02:06Z</time></trkpt><trkpt lat="44.46759753593555" lon="-64.25939118047843"><time>2026-07-04T22:02:07Z</time></trkpt><trkpt lat="44.46759764592094" lon="-64.25935945020936"><time>2026-07-04T22:02:08Z</time></trkpt><trkpt lat="44.467597790903476" lon="-64.25932721604231"><time>2026-07-04T22:02:09Z</time></trkpt><trkpt lat="44.46760131890537" lon="-64.25929529528634"><time>2026-07-04T22:02:10Z</time></trkpt><trkpt lat="44.46760421208481" lon="-64.25926394705327"><time>2026-07-04T22:02:11Z</time></trkpt><trkpt lat="44.46760959080803" lon="-64.25923451608054"><time>2026-07-04T22:02:12Z</time></trkpt><trkpt lat="44.46761422803688" lon="-64.25920443761429"><time>2026-07-04T22:02:13Z</time></trkpt><trkpt lat="44.467622856744946" lon="-64.25917652325452"><time>2026-07-04T22:02:14Z</time></trkpt><trkpt lat="44.467632570857525" lon="-64.25915064286554"><time>2026-07-04T22:02:15Z</time></trkpt><trkpt lat="44.46764232053494" lon="-64.25912635226162"><time>2026-07-04T22:02:16Z</time></trkpt><trkpt lat="44.4676521881967" lon="-64.2591009945576"><time>2026-07-04T22:02:17Z</time></trkpt><trkpt lat="44.46766338396549" lon="-64.25907631942768"><time>2026-07-04T22:02:18Z</time></trkpt><trkpt lat="44.467673287701494" lon="-64.25905121976925"><time>2026-07-04T22:02:19Z</time></trkpt><trkpt lat="44.46768291980644" lon="-64.25902416069441"><time>2026-07-04T22:02:20Z</time></trkpt><trkpt lat="44.46769283877606" lon="-64.25899890393872"><time>2026-07-04T22:02:21Z</time></trkpt><trkpt lat="44.46770224963404" lon="-64.25897277954398"><time>2026-07-04T22:02:22Z</time></trkpt><trkpt lat="44.46771111768804" lon="-64.25894714527784"><time>2026-07-04T22:02:23Z</time></trkpt><trkpt lat="44.46771979014501" lon="-64.25892165968084"><time>2026-07-04T22:02:24Z</time></trkpt><trkpt lat="44.46772804632431" lon="-64.25889525277617"><time>2026-07-04T22:02:25Z</time></trkpt><trkpt lat="44.46773597478673" lon="-64.25886836445723"><time>2026-07-04T22:02:26Z</time></trkpt><trkpt lat="44.46774403254078" lon="-64.25884181056705"><time>2026-07-04T22:02:27Z</time></trkpt><trkpt lat="44.4677511202066" lon="-64.25881525616539"><time>2026-07-04T22:02:28Z</time></trkpt><trkpt lat="44.46775715340752" lon="-64.25878934213492"><time>2026-07-04T22:02:29Z</time></trkpt><trkpt lat="44.46776581321266" lon="-64.25876333374364"><time>2026-07-04T22:02:30Z</time></trkpt><trkpt lat="44.4677726470852" lon="-64.25873742830791"><time>2026-07-04T22:02:31Z</time></trkpt><trkpt lat="44.46777927970158" lon="-64.2587090483985"><time>2026-07-04T22:02:32Z</time></trkpt><trkpt lat="44.46778647466712" lon="-64.25868325416099"><time>2026-07-04T22:02:33Z</time></trkpt><trkpt lat="44.46779181025493" lon="-64.25865414557376"><time>2026-07-04T22:02:34Z</time></trkpt><trkpt lat="44.46779745416869" lon="-64.2586259237546"><time>2026-07-04T22:02:35Z</time></trkpt><trkpt lat="44.46780236165551" lon="-64.25859728835208"><time>2026-07-04T22:02:36Z</time></trkpt><trkpt lat="44.46781168214524" lon="-64.25856986958031"><time>2026-07-04T22:02:37Z</time></trkpt><trkpt lat="44.46781598553274" lon="-64.25854056047027"><time>2026-07-04T22:02:38Z</time></trkpt><trkpt lat="44.46782118837453" lon="-64.25851123987181"><time>2026-07-04T22:02:39Z</time></trkpt><trkpt lat="44.46782547866081" lon="-64.25848262849914"><time>2026-07-04T22:02:40Z</time></trkpt><trkpt lat="44.467829932629066" lon="-64.25845245116244"><time>2026-07-04T22:02:41Z</time></trkpt><trkpt lat="44.467834319267304" lon="-64.25842391212767"><time>2026-07-04T22:02:42Z</time></trkpt><trkpt lat="44.46783852248742" lon="-64.25839420311792"><time>2026-07-04T22:02:43Z</time></trkpt><trkpt lat="44.4678423425459" lon="-64.25836495683953"><time>2026-07-04T22:02:44Z</time></trkpt><trkpt lat="44.46784508088501" lon="-64.25833503924207"><time>2026-07-04T22:02:45Z</time></trkpt><trkpt lat="44.46784894422779" lon="-64.25830523392447"><time>2026-07-04T22:02:46Z</time></trkpt><trkpt lat="44.46785302364577" lon="-64.25827393032739"><time>2026-07-04T22:02:47Z</time></trkpt><trkpt lat="44.467856855872576" lon="-64.25824595755124"><time>2026-07-04T22:02:48Z</time></trkpt><trkpt lat="44.467862036273594" lon="-64.25821575889678"><time>2026-07-04T22:02:49Z</time></trkpt><trkpt lat="44.467868690907295" lon="-64.25819175536128"><time>2026-07-04T22:02:50Z</time></trkpt><trkpt lat="44.46787515259683" lon="-64.25816494397986"><time>2026-07-04T22:02:51Z</time></trkpt><trkpt lat="44.46788281940526" lon="-64.2581385717428"><time>2026-07-04T22:02:52Z</time></trkpt><trkpt lat="44.467889754441536" lon="-64.25811358433968"><time>2026-07-04T22:02:53Z</time></trkpt><trkpt lat="44.46789545710226" lon="-64.25808707786781"><time>2026-07-04T22:02:54Z</time></trkpt><trkpt lat="44.46790018504672" lon="-64.25805537414075"><time>2026-07-04T22:02:55Z</time></trkpt><trkpt lat="44.46790538063001" lon="-64.25802435950133"><time>2026-07-04T22:02:56Z</time></trkpt><trkpt lat="44.46791007022961" lon="-64.25799530189796"><time>2026-07-04T22:02:57Z</time></trkpt><trkpt lat="44.467911040802065" lon="-64.25796458290264"><time>2026-07-04T22:02:58Z</time></trkpt><trkpt lat="44.46791236296466" lon="-64.25793464427136"><time>2026-07-04T22:02:59Z</time></trkpt><trkpt lat="44.46791487171431" lon="-64.25790337300499"><time>2026-07-04T22:03:00Z</time></trkpt><trkpt lat="44.467917372369946" lon="-64.25787465940711"><time>2026-07-04T22:03:01Z</time></trkpt><trkpt lat="44.46791939238283" lon="-64.25784571342437"><time>2026-07-04T22:03:02Z</time></trkpt><trkpt lat="44.46792118291057" lon="-64.25781738668236"><time>2026-07-04T22:03:03Z</time></trkpt><trkpt lat="44.46792461455285" lon="-64.25778765541476"><time>2026-07-04T22:03:04Z</time></trkpt><trkpt lat="44.46792836030325" lon="-64.25775957865328"><time>2026-07-04T22:03:05Z</time></trkpt><trkpt lat="44.46793114414154" lon="-64.25773162096232"><time>2026-07-04T22:03:06Z</time></trkpt><trkpt lat="44.46793390949484" lon="-64.25770323874671"><time>2026-07-04T22:03:07Z</time></trkpt><trkpt lat="44.46793792079605" lon="-64.25767304048526"><time>2026-07-04T22:03:08Z</time></trkpt><trkpt lat="44.467940315197524" lon="-64.25764646528563"><time>2026-07-04T22:03:09Z</time></trkpt><trkpt lat="44.46793917211588" lon="-64.25761561778377"><time>2026-07-04T22:03:10Z</time></trkpt><trkpt lat="44.46793767701385" lon="-64.25758484151612"><time>2026-07-04T22:03:11Z</time></trkpt><trkpt lat="44.46793800221028" lon="-64.25755463918357"><time>2026-07-04T22:03:12Z</time></trkpt><trkpt lat="44.46793945765384" lon="-64.25752410889451"><time>2026-07-04T22:03:13Z</time></trkpt><trkpt lat="44.46794234220739" lon="-64.25749235146273"><time>2026-07-04T22:03:14Z</time></trkpt><trkpt lat="44.46794672648306" lon="-64.25746295378335"><time>2026-07-04T22:03:15Z</time></trkpt><trkpt lat="44.467953557072114" lon="-64.25743300094999"><time>2026-07-04T22:03:16Z</time></trkpt><trkpt lat="44.467960548804804" lon="-64.25740537848574"><time>2026-07-04T22:03:17Z</time></trkpt><trkpt lat="44.46796570221167" lon="-64.25737697673418"><time>2026-07-04T22:03:18Z</time></trkpt><trkpt lat="44.46797178317065" lon="-64.25734892265835"><time>2026-07-04T22:03:19Z</time></trkpt><trkpt lat="44.46797865409616" lon="-64.25732306753706"><time>2026-07-04T22:03:20Z</time></trkpt><trkpt lat="44.46798369478901" lon="-64.25729346309484"><time>2026-07-04T22:03:21Z</time></trkpt><trkpt lat="44.467988196901906" lon="-64.25726567849017"><time>2026-07-04T22:03:22Z</time></trkpt><trkpt lat="44.46798992436333" lon="-64.2572372260693"><time>2026-07-04T22:03:23Z</time></trkpt><trkpt lat="44.467992243613566" lon="-64.25720888648074"><time>2026-07-04T22:03:24Z</time></trkpt><trkpt lat="44.46799158190826" lon="-64.25718031824499"><time>2026-07-04T22:03:25Z</time></trkpt><trkpt lat="44.467991916462644" lon="-64.25715163140337"><time>2026-07-04T22:03:26Z</time></trkpt><trkpt lat="44.46799247635221" lon="-64.25712114346707"><time>2026-07-04T22:03:27Z</time></trkpt><trkpt lat="44.467993133043365" lon="-64.25709453489765"><time>2026-07-04T22:03:28Z</time></trkpt><trkpt lat="44.46799553871947" lon="-64.25706582237684"><time>2026-07-04T22:03:29Z</time></trkpt><trkpt lat="44.46799878140165" lon="-64.25703752827962"><time>2026-07-04T22:03:30Z</time></trkpt><trkpt lat="44.468003781079126" lon="-64.25701057201933"><time>2026-07-04T22:03:31Z</time></trkpt><trkpt lat="44.46800875077687" lon="-64.25698446081255"><time>2026-07-04T22:03:32Z</time></trkpt><trkpt lat="44.468014016918914" lon="-64.2569579832031"><time>2026-07-04T22:03:33Z</time></trkpt><trkpt lat="44.4680191475359" lon="-64.25693074072299"><time>2026-07-04T22:03:34Z</time></trkpt><trkpt lat="44.4680239151218" lon="-64.25690213843656"><time>2026-07-04T22:03:35Z</time></trkpt><trkpt lat="44.4680291612881" lon="-64.25687604474706"><time>2026-07-04T22:03:36Z</time></trkpt><trkpt lat="44.468035840129275" lon="-64.25684870170694"><time>2026-07-04T22:03:37Z</time></trkpt><trkpt lat="44.46804057970909" lon="-64.25682005903144"><time>2026-07-04T22:03:38Z</time></trkpt><trkpt lat="44.468045646990745" lon="-64.25678949301242"><time>2026-07-04T22:03:39Z</time></trkpt><trkpt lat="44.46805158261728" lon="-64.2567609706258"><time>2026-07-04T22:03:40Z</time></trkpt><trkpt lat="44.46805632910644" lon="-64.25673173105397"><time>2026-07-04T22:03:41Z</time></trkpt><trkpt lat="44.468061264264634" lon="-64.25670251925756"><time>2026-07-04T22:03:42Z</time></trkpt><trkpt lat="44.4680653618499" lon="-64.25667444407279"><time>2026-07-04T22:03:43Z</time></trkpt><trkpt lat="44.468068880299924" lon="-64.25664566477155"><time>2026-07-04T22:03:44Z</time></trkpt><trkpt lat="44.46807432314299" lon="-64.256616553234"><time>2026-07-04T22:03:45Z</time></trkpt><trkpt lat="44.468078544276956" lon="-64.25658858551752"><time>2026-07-04T22:03:46Z</time></trkpt><trkpt lat="44.468083051382955" lon="-64.25655888956277"><time>2026-07-04T22:03:47Z</time></trkpt><trkpt lat="44.468087007815235" lon="-64.25652928668002"><time>2026-07-04T22:03:48Z</time></trkpt><trkpt lat="44.46809130834052" lon="-64.25649966967595"><time>2026-07-04T22:03:49Z</time></trkpt><trkpt lat="44.46809455251667" lon="-64.25646957715628"><time>2026-07-04T22:03:50Z</time></trkpt><trkpt lat="44.468099609932615" lon="-64.2564403664267"><time>2026-07-04T22:03:51Z</time></trkpt><trkpt lat="44.4681032914829" lon="-64.25641125671916"><time>2026-07-04T22:03:52Z</time></trkpt><trkpt lat="44.46810622691404" lon="-64.25638135327587"><time>2026-07-04T22:03:53Z</time></trkpt><trkpt lat="44.468109511045654" lon="-64.25635133817906"><time>2026-07-04T22:03:54Z</time></trkpt><trkpt lat="44.46811356822351" lon="-64.25632265200906"><time>2026-07-04T22:03:55Z</time></trkpt><trkpt lat="44.46811669012154" lon="-64.25629306500377"><time>2026-07-04T22:03:56Z</time></trkpt><trkpt lat="44.46811875561239" lon="-64.25626367612695"><time>2026-07-04T22:03:57Z</time></trkpt><trkpt lat="44.46812618624971" lon="-64.25623496546494"><time>2026-07-04T22:03:58Z</time></trkpt><trkpt lat="44.468130513614966" lon="-64.256201848676"><time>2026-07-04T22:03:59Z</time></trkpt><trkpt lat="44.468133138544644" lon="-64.25617333424091"><time>2026-07-04T22:04:00Z</time></trkpt><trkpt lat="44.468133179770255" lon="-64.25614153926452"><time>2026-07-04T22:04:01Z</time></trkpt><trkpt lat="44.468133109487695" lon="-64.25611191297945"><time>2026-07-04T22:04:02Z</time></trkpt><trkpt lat="44.468134310636536" lon="-64.25608193171972"><time>2026-07-04T22:04:03Z</time></trkpt><trkpt lat="44.468131750571025" lon="-64.25605108349373"><time>2026-07-04T22:04:04Z</time></trkpt><trkpt lat="44.46812986014526" lon="-64.25601900191722"><time>2026-07-04T22:04:05Z</time></trkpt><trkpt lat="44.46812707464455" lon="-64.25598716425513"><time>2026-07-04T22:04:06Z</time></trkpt><trkpt lat="44.46812524078763" lon="-64.2559565852502"><time>2026-07-04T22:04:07Z</time></trkpt><trkpt lat="44.46812579448921" lon="-64.2559273151555"><time>2026-07-04T22:04:08Z</time></trkpt><trkpt lat="44.468126412462894" lon="-64.25589764216082"><time>2026-07-04T22:04:09Z</time></trkpt><trkpt lat="44.46812704583737" lon="-64.25586871986371"><time>2026-07-04T22:04:10Z</time></trkpt><trkpt lat="44.46812777122681" lon="-64.25583887301295"><time>2026-07-04T22:04:11Z</time></trkpt><trkpt lat="44.468127812555586" lon="-64.25580884170118"><time>2026-07-04T22:04:12Z</time></trkpt><trkpt lat="44.468129263233195" lon="-64.25577948167995"><time>2026-07-04T22:04:13Z</time></trkpt><trkpt lat="44.46812963905779" lon="-64.25574890008016"><time>2026-07-04T22:04:14Z</time></trkpt><trkpt lat="44.46812990577404" lon="-64.25571920032941"><time>2026-07-04T22:04:15Z</time></trkpt><trkpt lat="44.46813070048971" lon="-64.25568986547225"><time>2026-07-04T22:04:16Z</time></trkpt><trkpt lat="44.46813001035801" lon="-64.25565912506698"><time>2026-07-04T22:04:17Z</time></trkpt><trkpt lat="44.46812893625662" lon="-64.25562900426488"><time>2026-07-04T22:04:18Z</time></trkpt><trkpt lat="44.46812778172505" lon="-64.25559719009935"><time>2026-07-04T22:04:19Z</time></trkpt><trkpt lat="44.46812622878626" lon="-64.25556573205789"><time>2026-07-04T22:04:20Z</time></trkpt><trkpt lat="44.468124336849534" lon="-64.25553189006065"><time>2026-07-04T22:04:21Z</time></trkpt><trkpt lat="44.4681227022329" lon="-64.25549820953243"><time>2026-07-04T22:04:22Z</time></trkpt><trkpt lat="44.46812085244878" lon="-64.25546507369945"><time>2026-07-04T22:04:23Z</time></trkpt><trkpt lat="44.46811966279492" lon="-64.25543210532602"><time>2026-07-04T22:04:24Z</time></trkpt><trkpt lat="44.46811620705558" lon="-64.25532896304337"><time>2026-07-04T22:04:27Z</time></trkpt><trkpt lat="44.46811416228455" lon="-64.25529319576353"><time>2026-07-04T22:04:28Z</time></trkpt><trkpt lat="44.46811296369958" lon="-64.25525754500148"><time>2026-07-04T22:04:29Z</time></trkpt><trkpt lat="44.46811216235793" lon="-64.25522251073026"><time>2026-07-04T22:04:30Z</time></trkpt><trkpt lat="44.468109759565706" lon="-64.25518718180696"><time>2026-07-04T22:04:31Z</time></trkpt><trkpt lat="44.46810838063994" lon="-64.25514931378113"><time>2026-07-04T22:04:32Z</time></trkpt><trkpt lat="44.46810824852028" lon="-64.2551123043544"><time>2026-07-04T22:04:33Z</time></trkpt><trkpt lat="44.468107264703974" lon="-64.25507457295298"><time>2026-07-04T22:04:34Z</time></trkpt><trkpt lat="44.468105434318005" lon="-64.25503728742798"><time>2026-07-04T22:04:35Z</time></trkpt><trkpt lat="44.46810564896405" lon="-64.2549993631417"><time>2026-07-04T22:04:36Z</time></trkpt><trkpt lat="44.468104876498586" lon="-64.25496181922767"><time>2026-07-04T22:04:37Z</time></trkpt><trkpt lat="44.468103569889024" lon="-64.25492522613958"><time>2026-07-04T22:04:38Z</time></trkpt><trkpt lat="44.4681019449057" lon="-64.25488648735531"><time>2026-07-04T22:04:39Z</time></trkpt><trkpt lat="44.46809894626328" lon="-64.25484806515168"><time>2026-07-04T22:04:40Z</time></trkpt><trkpt lat="44.46809650400231" lon="-64.25480941010576"><time>2026-07-04T22:04:41Z</time></trkpt><trkpt lat="44.46809418236096" lon="-64.25476915920845"><time>2026-07-04T22:04:42Z</time></trkpt><trkpt lat="44.46809159561408" lon="-64.2547293831737"><time>2026-07-04T22:04:43Z</time></trkpt><trkpt lat="44.46808640875435" lon="-64.25468996224336"><time>2026-07-04T22:04:44Z</time></trkpt><trkpt lat="44.46808179888552" lon="-64.25464890358779"><time>2026-07-04T22:04:45Z</time></trkpt><trkpt lat="44.46807716709149" lon="-64.25460769853899"><time>2026-07-04T22:04:46Z</time></trkpt><trkpt lat="44.46807183416329" lon="-64.2545637175827"><time>2026-07-04T22:04:47Z</time></trkpt><trkpt lat="44.46806674421379" lon="-64.2545213767031"><time>2026-07-04T22:04:48Z</time></trkpt><trkpt lat="44.46806313801341" lon="-64.2544774779581"><time>2026-07-04T22:04:49Z</time></trkpt><trkpt lat="44.468062951433694" lon="-64.25443252195453"><time>2026-07-04T22:04:50Z</time></trkpt><trkpt lat="44.468060580749984" lon="-64.25439131652452"><time>2026-07-04T22:04:51Z</time></trkpt><trkpt lat="44.46805832994806" lon="-64.25434823827926"><time>2026-07-04T22:04:52Z</time></trkpt><trkpt lat="44.46805706784074" lon="-64.25430596639461"><time>2026-07-04T22:04:53Z</time></trkpt><trkpt lat="44.46805560471678" lon="-64.25426369174131"><time>2026-07-04T22:04:54Z</time></trkpt><trkpt lat="44.46805545994876" lon="-64.25422318504704"><time>2026-07-04T22:04:55Z</time></trkpt><trkpt lat="44.468058210458885" lon="-64.25418143473745"><time>2026-07-04T22:04:56Z</time></trkpt><trkpt lat="44.46805872024534" lon="-64.25414238267894"><time>2026-07-04T22:04:57Z</time></trkpt><trkpt lat="44.468060619169904" lon="-64.25410145595279"><time>2026-07-04T22:04:58Z</time></trkpt><trkpt lat="44.46806309319332" lon="-64.25406072947101"><time>2026-07-04T22:04:59Z</time></trkpt><trkpt lat="44.46806669954187" lon="-64.25402033080178"><time>2026-07-04T22:05:00Z</time></trkpt><trkpt lat="44.468072818095486" lon="-64.25398075672236"><time>2026-07-04T22:05:01Z</time></trkpt><trkpt lat="44.468076923920904" lon="-64.25394146065966"><time>2026-07-04T22:05:02Z</time></trkpt><trkpt lat="44.46808222955685" lon="-64.25390206460291"><time>2026-07-04T22:05:03Z</time></trkpt><trkpt lat="44.468088752421664" lon="-64.25386286259716"><time>2026-07-04T22:05:04Z</time></trkpt><trkpt lat="44.468096454706135" lon="-64.25382534293331"><time>2026-07-04T22:05:05Z</time></trkpt><trkpt lat="44.46810438914826" lon="-64.2537888671478"><time>2026-07-04T22:05:06Z</time></trkpt><trkpt lat="44.46811354851541" lon="-64.25375266444917"><time>2026-07-04T22:05:07Z</time></trkpt><trkpt lat="44.46812277350952" lon="-64.25371657003865"><time>2026-07-04T22:05:08Z</time></trkpt><trkpt lat="44.46812995853105" lon="-64.25367934996981"><time>2026-07-04T22:05:09Z</time></trkpt><trkpt lat="44.4681380614812" lon="-64.25364434571894"><time>2026-07-04T22:05:10Z</time></trkpt><trkpt lat="44.468146232582356" lon="-64.25360915566581"><time>2026-07-04T22:05:11Z</time></trkpt><trkpt lat="44.46815533550248" lon="-64.25357359439514"><time>2026-07-04T22:05:12Z</time></trkpt><trkpt lat="44.46816519365695" lon="-64.25353794503091"><time>2026-07-04T22:05:13Z</time></trkpt><trkpt lat="44.468176244547756" lon="-64.25350217689162"><time>2026-07-04T22:05:14Z</time></trkpt><trkpt lat="44.46818817092164" lon="-64.25346958893547"><time>2026-07-04T22:05:15Z</time></trkpt><trkpt lat="44.46820029467004" lon="-64.25343726053667"><time>2026-07-04T22:05:16Z</time></trkpt><trkpt lat="44.46821285184117" lon="-64.25340637026085"><time>2026-07-04T22:05:17Z</time></trkpt><trkpt lat="44.468226191692736" lon="-64.25337464782325"><time>2026-07-04T22:05:18Z</time></trkpt><trkpt lat="44.46823786004809" lon="-64.25334331061178"><time>2026-07-04T22:05:19Z</time></trkpt><trkpt lat="44.468248863441225" lon="-64.25331261142048"><time>2026-07-04T22:05:20Z</time></trkpt><trkpt lat="44.46826020293348" lon="-64.25328067632115"><time>2026-07-04T22:05:21Z</time></trkpt><trkpt lat="44.468270132736315" lon="-64.25324915234138"><time>2026-07-04T22:05:22Z</time></trkpt><trkpt lat="44.46828038109484" lon="-64.25321743861068"><time>2026-07-04T22:05:23Z</time></trkpt><trkpt lat="44.46829073918349" lon="-64.2531864259042"><time>2026-07-04T22:05:24Z</time></trkpt><trkpt lat="44.4683001735282" lon="-64.25315634093496"><time>2026-07-04T22:05:25Z</time></trkpt><trkpt lat="44.46831022008616" lon="-64.2531265170243"><time>2026-07-04T22:05:26Z</time></trkpt><trkpt lat="44.46831928877537" lon="-64.25309526266575"><time>2026-07-04T22:05:27Z</time></trkpt><trkpt lat="44.468329149882116" lon="-64.25306592594018"><time>2026-07-04T22:05:28Z</time></trkpt><trkpt lat="44.468339953396296" lon="-64.2530351758494"><time>2026-07-04T22:05:29Z</time></trkpt><trkpt lat="44.46834827771093" lon="-64.2530042941873"><time>2026-07-04T22:05:30Z</time></trkpt><trkpt lat="44.46835749871707" lon="-64.25297231769731"><time>2026-07-04T22:05:31Z</time></trkpt><trkpt lat="44.46836573773246" lon="-64.25294114854955"><time>2026-07-04T22:05:32Z</time></trkpt><trkpt lat="44.46837508560399" lon="-64.25290840132325"><time>2026-07-04T22:05:33Z</time></trkpt><trkpt lat="44.4683816661792" lon="-64.25287165222126"><time>2026-07-04T22:05:34Z</time></trkpt><trkpt lat="44.46838588409118" lon="-64.25284066300934"><time>2026-07-04T22:05:35Z</time></trkpt><trkpt lat="44.468393527584425" lon="-64.25280882268495"><time>2026-07-04T22:05:36Z</time></trkpt><trkpt lat="44.468395965393015" lon="-64.25277494949086"><time>2026-07-04T22:05:37Z</time></trkpt><trkpt lat="44.46839764072384" lon="-64.25274222051473"><time>2026-07-04T22:05:38Z</time></trkpt><trkpt lat="44.468399010540075" lon="-64.25271198847987"><time>2026-07-04T22:05:39Z</time></trkpt><trkpt lat="44.468400190012225" lon="-64.25267761561125"><time>2026-07-04T22:05:40Z</time></trkpt><trkpt lat="44.46840349174505" lon="-64.2526426728172"><time>2026-07-04T22:05:41Z</time></trkpt><trkpt lat="44.468405415137156" lon="-64.25260753848603"><time>2026-07-04T22:05:42Z</time></trkpt><trkpt lat="44.46840819004309" lon="-64.25257021173485"><time>2026-07-04T22:05:43Z</time></trkpt><trkpt lat="44.468409692257715" lon="-64.25253404826846"><time>2026-07-04T22:05:44Z</time></trkpt><trkpt lat="44.46841294227811" lon="-64.25249563791843"><time>2026-07-04T22:05:45Z</time></trkpt><trkpt lat="44.46841836346996" lon="-64.25246074234347"><time>2026-07-04T22:05:46Z</time></trkpt><trkpt lat="44.468424041731836" lon="-64.25242327952175"><time>2026-07-04T22:05:47Z</time></trkpt><trkpt lat="44.46843031721956" lon="-64.2523864740071"><time>2026-07-04T22:05:48Z</time></trkpt><trkpt lat="44.46843531476674" lon="-64.25234930836652"><time>2026-07-04T22:05:49Z</time></trkpt><trkpt lat="44.46843856152137" lon="-64.25230852301742"><time>2026-07-04T22:05:50Z</time></trkpt><trkpt lat="44.46843892783149" lon="-64.25226835471516"><time>2026-07-04T22:05:51Z</time></trkpt><trkpt lat="44.46843862311906" lon="-64.252228649837"><time>2026-07-04T22:05:52Z</time></trkpt><trkpt lat="44.46843712738587" lon="-64.25218679489399"><time>2026-07-04T22:05:53Z</time></trkpt><trkpt lat="44.46843732605336" lon="-64.25214650718974"><time>2026-07-04T22:05:54Z</time></trkpt><trkpt lat="44.4684397571866" lon="-64.25210619372504"><time>2026-07-04T22:05:55Z</time></trkpt><trkpt lat="44.46844135296532" lon="-64.25206586390577"><time>2026-07-04T22:05:56Z</time></trkpt><trkpt lat="44.468444038667826" lon="-64.25202640348078"><time>2026-07-04T22:05:57Z</time></trkpt><trkpt lat="44.46844576583439" lon="-64.2519854348855"><time>2026-07-04T22:05:58Z</time></trkpt><trkpt lat="44.46844365275503" lon="-64.25194559896138"><time>2026-07-04T22:05:59Z</time></trkpt><trkpt lat="44.46844044070067" lon="-64.25190583801758"><time>2026-07-04T22:06:00Z</time></trkpt><trkpt lat="44.46843569212076" lon="-64.2518665220034"><time>2026-07-04T22:06:01Z</time></trkpt><trkpt lat="44.46843202795072" lon="-64.25182762162139"><time>2026-07-04T22:06:02Z</time></trkpt><trkpt lat="44.46842722910339" lon="-64.25178921462908"><time>2026-07-04T22:06:03Z</time></trkpt><trkpt lat="44.46842642924668" lon="-64.25175372653624"><time>2026-07-04T22:06:04Z</time></trkpt><trkpt lat="44.468421062985975" lon="-64.25171249503514"><time>2026-07-04T22:06:05Z</time></trkpt><trkpt lat="44.468417976730684" lon="-64.25167278973386"><time>2026-07-04T22:06:06Z</time></trkpt><trkpt lat="44.468414043219674" lon="-64.25163253624123"><time>2026-07-04T22:06:07Z</time></trkpt><trkpt lat="44.46840936333855" lon="-64.25159251687266"><time>2026-07-04T22:06:08Z</time></trkpt><trkpt lat="44.468404555309355" lon="-64.2515539671385"><time>2026-07-04T22:06:09Z</time></trkpt><trkpt lat="44.468397417904804" lon="-64.25151354520138"><time>2026-07-04T22:06:10Z</time></trkpt><trkpt lat="44.46838916102872" lon="-64.25147364805942"><time>2026-07-04T22:06:11Z</time></trkpt><trkpt lat="44.4683806304411" lon="-64.251431660183"><time>2026-07-04T22:06:12Z</time></trkpt><trkpt lat="44.46837496718663" lon="-64.25138834214438"><time>2026-07-04T22:06:13Z</time></trkpt><trkpt lat="44.46836876082795" lon="-64.25134331280209"><time>2026-07-04T22:06:14Z</time></trkpt><trkpt lat="44.46836394969306" lon="-64.25130187324649"><time>2026-07-04T22:06:15Z</time></trkpt><trkpt lat="44.46835731289366" lon="-64.25125848938619"><time>2026-07-04T22:06:16Z</time></trkpt><trkpt lat="44.4683500513191" lon="-64.25121616628509"><time>2026-07-04T22:06:17Z</time></trkpt><trkpt lat="44.46834060719177" lon="-64.25116931883585"><time>2026-07-04T22:06:18Z</time></trkpt><trkpt lat="44.46833045031513" lon="-64.25112432558073"><time>2026-07-04T22:06:19Z</time></trkpt><trkpt lat="44.468318417165776" lon="-64.25108039123276"><time>2026-07-04T22:06:20Z</time></trkpt><trkpt lat="44.46830586310453" lon="-64.25103715884671"><time>2026-07-04T22:06:21Z</time></trkpt><trkpt lat="44.468292614684465" lon="-64.25099324309792"><time>2026-07-04T22:06:22Z</time></trkpt><trkpt lat="44.46828043532357" lon="-64.2509480056408"><time>2026-07-04T22:06:23Z</time></trkpt><trkpt lat="44.46826753837913" lon="-64.25090176294472"><time>2026-07-04T22:06:24Z</time></trkpt><trkpt lat="44.46825567025228" lon="-64.25085765662807"><time>2026-07-04T22:06:25Z</time></trkpt><trkpt lat="44.46824584610398" lon="-64.250811929375"><time>2026-07-04T22:06:26Z</time></trkpt><trkpt lat="44.46823206328985" lon="-64.25077078833786"><time>2026-07-04T22:06:27Z</time></trkpt><trkpt lat="44.46822081181793" lon="-64.25072841895407"><time>2026-07-04T22:06:28Z</time></trkpt><trkpt lat="44.468207094032245" lon="-64.25068561326181"><time>2026-07-04T22:06:29Z</time></trkpt><trkpt lat="44.468191648366854" lon="-64.25064720604597"><time>2026-07-04T22:06:30Z</time></trkpt><trkpt lat="44.46817549550297" lon="-64.25060771871863"><time>2026-07-04T22:06:31Z</time></trkpt><trkpt lat="44.46816504517273" lon="-64.25056947703835"><time>2026-07-04T22:06:32Z</time></trkpt><trkpt lat="44.46814938050605" lon="-64.25052376642385"><time>2026-07-04T22:06:33Z</time></trkpt><trkpt lat="44.46813788994643" lon="-64.25048683334724"><time>2026-07-04T22:06:34Z</time></trkpt><trkpt lat="44.46812036209206" lon="-64.25044650547689"><time>2026-07-04T22:06:35Z</time></trkpt><trkpt lat="44.4680987165943" lon="-64.25040469588362"><time>2026-07-04T22:06:36Z</time></trkpt><trkpt lat="44.46807713760808" lon="-64.25037074415441"><time>2026-07-04T22:06:37Z</time></trkpt><trkpt lat="44.4680567166807" lon="-64.25033299913613"><time>2026-07-04T22:06:38Z</time></trkpt><trkpt lat="44.46803667777769" lon="-64.25029941692982"><time>2026-07-04T22:06:39Z</time></trkpt><trkpt lat="44.46801629050434" lon="-64.25025971015928"><time>2026-07-04T22:06:40Z</time></trkpt><trkpt lat="44.46799923126474" lon="-64.25021918429391"><time>2026-07-04T22:06:41Z</time></trkpt><trkpt lat="44.46798198559597" lon="-64.25017692534848"><time>2026-07-04T22:06:42Z</time></trkpt><trkpt lat="44.46796183294201" lon="-64.25014065848862"><time>2026-07-04T22:06:43Z</time></trkpt><trkpt lat="44.46794411696753" lon="-64.25010470635986"><time>2026-07-04T22:06:44Z</time></trkpt><trkpt lat="44.46792597554163" lon="-64.25006954814717"><time>2026-07-04T22:06:45Z</time></trkpt><trkpt lat="44.467909423151596" lon="-64.25002709517982"><time>2026-07-04T22:06:46Z</time></trkpt><trkpt lat="44.4678972627157" lon="-64.2499856767193"><time>2026-07-04T22:06:47Z</time></trkpt><trkpt lat="44.4678825551561" lon="-64.24994834408042"><time>2026-07-04T22:06:48Z</time></trkpt><trkpt lat="44.4678667003338" lon="-64.24991009117026"><time>2026-07-04T22:06:49Z</time></trkpt><trkpt lat="44.46785441094942" lon="-64.24987127493277"><time>2026-07-04T22:06:50Z</time></trkpt><trkpt lat="44.467840646005776" lon="-64.24983810134644"><time>2026-07-04T22:06:51Z</time></trkpt><trkpt lat="44.46782907640606" lon="-64.24980392111904"><time>2026-07-04T22:06:52Z</time></trkpt><trkpt lat="44.46780901612498" lon="-64.24976754026665"><time>2026-07-04T22:06:53Z</time></trkpt><trkpt lat="44.46779270194446" lon="-64.24973769166449"><time>2026-07-04T22:06:54Z</time></trkpt><trkpt lat="44.467771807701006" lon="-64.24970326724628"><time>2026-07-04T22:06:55Z</time></trkpt><trkpt lat="44.46775273354865" lon="-64.2496684036943"><time>2026-07-04T22:06:56Z</time></trkpt><trkpt lat="44.46773285116105" lon="-64.24963686918319"><time>2026-07-04T22:06:57Z</time></trkpt><trkpt lat="44.467714784283665" lon="-64.249604856875"><time>2026-07-04T22:06:58Z</time></trkpt><trkpt lat="44.467696782191936" lon="-64.24956823028103"><time>2026-07-04T22:06:59Z</time></trkpt><trkpt lat="44.46767858953985" lon="-64.24953831816198"><time>2026-07-04T22:07:00Z</time></trkpt><trkpt lat="44.46765615685125" lon="-64.24950956639694"><time>2026-07-04T22:07:01Z</time></trkpt><trkpt lat="44.467640420526" lon="-64.2494744184081"><time>2026-07-04T22:07:02Z</time></trkpt><trkpt lat="44.46762410612121" lon="-64.24943468590347"><time>2026-07-04T22:07:03Z</time></trkpt><trkpt lat="44.46760966694845" lon="-64.24939709115452"><time>2026-07-04T22:07:04Z</time></trkpt><trkpt lat="44.46759718679317" lon="-64.24935725556021"><time>2026-07-04T22:07:05Z</time></trkpt><trkpt lat="44.4675832519376" lon="-64.24932079833816"><time>2026-07-04T22:07:06Z</time></trkpt><trkpt lat="44.46757234289861" lon="-64.24928480991501"><time>2026-07-04T22:07:07Z</time></trkpt><trkpt lat="44.4675542515553" lon="-64.24924677267414"><time>2026-07-04T22:07:08Z</time></trkpt><trkpt lat="44.467536439295344" lon="-64.24920879121592"><time>2026-07-04T22:07:09Z</time></trkpt><trkpt lat="44.46752151928617" lon="-64.24917563520835"><time>2026-07-04T22:07:10Z</time></trkpt><trkpt lat="44.46750449601604" lon="-64.24913527183492"><time>2026-07-04T22:07:11Z</time></trkpt><trkpt lat="44.46748450993951" lon="-64.24910157697369"><time>2026-07-04T22:07:12Z</time></trkpt><trkpt lat="44.467461808232635" lon="-64.24907268482582"><time>2026-07-04T22:07:13Z</time></trkpt><trkpt lat="44.46744268043923" lon="-64.24903696276985"><time>2026-07-04T22:07:14Z</time></trkpt><trkpt lat="44.4674193109352" lon="-64.24900726999391"><time>2026-07-04T22:07:15Z</time></trkpt><trkpt lat="44.46739575104368" lon="-64.24897953102094"><time>2026-07-04T22:07:16Z</time></trkpt><trkpt lat="44.46737174868054" lon="-64.24895087873412"><time>2026-07-04T22:07:17Z</time></trkpt><trkpt lat="44.46735135834739" lon="-64.24891964969899"><time>2026-07-04T22:07:18Z</time></trkpt><trkpt lat="44.46732907620183" lon="-64.24889187417469"><time>2026-07-04T22:07:19Z</time></trkpt><trkpt lat="44.467307597578646" lon="-64.24885999829883"><time>2026-07-04T22:07:20Z</time></trkpt><trkpt lat="44.46728576827004" lon="-64.2488278322368"><time>2026-07-04T22:07:21Z</time></trkpt><trkpt lat="44.467265354758695" lon="-64.24879654200451"><time>2026-07-04T22:07:22Z</time></trkpt><trkpt lat="44.46724447543025" lon="-64.24876526212941"><time>2026-07-04T22:07:23Z</time></trkpt><trkpt lat="44.46722593575761" lon="-64.24873475105719"><time>2026-07-04T22:07:24Z</time></trkpt><trkpt lat="44.467209643025825" lon="-64.24869974231419"><time>2026-07-04T22:07:25Z</time></trkpt><trkpt lat="44.4671929406031" lon="-64.24866622073215"><time>2026-07-04T22:07:26Z</time></trkpt><trkpt lat="44.46717428832064" lon="-64.24863315573232"><time>2026-07-04T22:07:27Z</time></trkpt><trkpt lat="44.4671573469961" lon="-64.24860159035305"><time>2026-07-04T22:07:28Z</time></trkpt><trkpt lat="44.4671388905868" lon="-64.24856849872877"><time>2026-07-04T22:07:29Z</time></trkpt><trkpt lat="44.467120833361776" lon="-64.24854200885682"><time>2026-07-04T22:07:30Z</time></trkpt><trkpt lat="44.467097333658835" lon="-64.24851052654203"><time>2026-07-04T22:07:31Z</time></trkpt><trkpt lat="44.46707602063319" lon="-64.24847911686459"><time>2026-07-04T22:07:32Z</time></trkpt><trkpt lat="44.467057417681545" lon="-64.24845056218629"><time>2026-07-04T22:07:33Z</time></trkpt><trkpt lat="44.467037100630215" lon="-64.24842456787641"><time>2026-07-04T22:07:34Z</time></trkpt><trkpt lat="44.46701037100932" lon="-64.24840256758125"><time>2026-07-04T22:07:35Z</time></trkpt><trkpt lat="44.46698237581319" lon="-64.24837376060798"><time>2026-07-04T22:07:36Z</time></trkpt><trkpt lat="44.46695532362573" lon="-64.24835534930237"><time>2026-07-04T22:07:37Z</time></trkpt><trkpt lat="44.46692375737214" lon="-64.24834412992618"><time>2026-07-04T22:07:38Z</time></trkpt><trkpt lat="44.4668948062432" lon="-64.24833200919876"><time>2026-07-04T22:07:39Z</time></trkpt><trkpt lat="44.46686737043272" lon="-64.24832050925669"><time>2026-07-04T22:07:40Z</time></trkpt><trkpt lat="44.46683498046378" lon="-64.24830739767009"><time>2026-07-04T22:07:41Z</time></trkpt><trkpt lat="44.46680071781392" lon="-64.24829128433966"><time>2026-07-04T22:07:42Z</time></trkpt><trkpt lat="44.466775268253286" lon="-64.2482766111472"><time>2026-07-04T22:07:43Z</time></trkpt><trkpt lat="44.46674672507071" lon="-64.24827146763872"><time>2026-07-04T22:07:44Z</time></trkpt><trkpt lat="44.46671468054654" lon="-64.24826831062681"><time>2026-07-04T22:07:45Z</time></trkpt><trkpt lat="44.466691684469474" lon="-64.24827533910054"><time>2026-07-04T22:07:46Z</time></trkpt><trkpt lat="44.4666646013818" lon="-64.24829321822727"><time>2026-07-04T22:07:47Z</time></trkpt><trkpt lat="44.4666473088462" lon="-64.24831571439927"><time>2026-07-04T22:07:48Z</time></trkpt><trkpt lat="44.46663561297047" lon="-64.24833891661861"><time>2026-07-04T22:07:49Z</time></trkpt><trkpt lat="44.46662971144343" lon="-64.24836559452324"><time>2026-07-04T22:07:50Z</time></trkpt><trkpt lat="44.46661294295122" lon="-64.24839800397974"><time>2026-07-04T22:07:51Z</time></trkpt><trkpt lat="44.46659990656212" lon="-64.24843961107062"><time>2026-07-04T22:07:53Z</time></trkpt><trkpt lat="44.46659551916876" lon="-64.24847778150257"><time>2026-07-04T22:07:55Z</time></trkpt><trkpt lat="44.46660047827315" lon="-64.24851077060441"><time>2026-07-04T22:07:57Z</time></trkpt><trkpt lat="44.46661423871315" lon="-64.24853533939803"><time>2026-07-04T22:07:59Z</time></trkpt><trkpt lat="44.46662860156276" lon="-64.2485547887796"><time>2026-07-04T22:08:01Z</time></trkpt><trkpt lat="44.46664609004249" lon="-64.24857441990244"><time>2026-07-04T22:08:03Z</time></trkpt><trkpt lat="44.46665780810572" lon="-64.24859855396424"><time>2026-07-04T22:08:05Z</time></trkpt><trkpt lat="44.46667243788429" lon="-64.24862263914052"><time>2026-07-04T22:08:07Z</time></trkpt><trkpt lat="44.46668478528871" lon="-64.24864545493097"><time>2026-07-04T22:08:09Z</time></trkpt><trkpt lat="44.466699752274565" lon="-64.24866262179802"><time>2026-07-04T22:08:11Z</time></trkpt><trkpt lat="44.466720726178345" lon="-64.24867204712857"><time>2026-07-04T22:08:12Z</time></trkpt><trkpt lat="44.46672762947359" lon="-64.24870743089446"><time>2026-07-04T22:08:16Z</time></trkpt><trkpt lat="44.466738283772486" lon="-64.24873207304994"><time>2026-07-04T22:08:19Z</time></trkpt><trkpt lat="44.46676151905267" lon="-64.24873937737779"><time>2026-07-04T22:08:21Z</time></trkpt><trkpt lat="44.466786894339876" lon="-64.24874093008702"><time>2026-07-04T22:08:23Z</time></trkpt><trkpt lat="44.46680864764828" lon="-64.24874699807293"><time>2026-07-04T22:08:24Z</time></trkpt><trkpt lat="44.466831785240466" lon="-64.24875676162432"><time>2026-07-04T22:08:25Z</time></trkpt><trkpt lat="44.466849745661854" lon="-64.2487704728648"><time>2026-07-04T22:08:26Z</time></trkpt><trkpt lat="44.466865647571375" lon="-64.24879114655317"><time>2026-07-04T22:08:27Z</time></trkpt><trkpt lat="44.4668801345213" lon="-64.2488128025076"><time>2026-07-04T22:08:28Z</time></trkpt><trkpt lat="44.466892227981546" lon="-64.24883560592164"><time>2026-07-04T22:08:29Z</time></trkpt><trkpt lat="44.46690801647888" lon="-64.24885834303784"><time>2026-07-04T22:08:30Z</time></trkpt><trkpt lat="44.4669258319697" lon="-64.2488776213442"><time>2026-07-04T22:08:31Z</time></trkpt><trkpt lat="44.46694249009414" lon="-64.24889354580833"><time>2026-07-04T22:08:32Z</time></trkpt><trkpt lat="44.46696001221871" lon="-64.24890728743904"><time>2026-07-04T22:08:33Z</time></trkpt><trkpt lat="44.46697906146449" lon="-64.24892192516381"><time>2026-07-04T22:08:34Z</time></trkpt><trkpt lat="44.466995142503585" lon="-64.24893940406123"><time>2026-07-04T22:08:35Z</time></trkpt><trkpt lat="44.4670198838933" lon="-64.24895925410043"><time>2026-07-04T22:08:36Z</time></trkpt><trkpt lat="44.46703961299941" lon="-64.24898494932052"><time>2026-07-04T22:08:37Z</time></trkpt><trkpt lat="44.46705619882986" lon="-64.24900803262051"><time>2026-07-04T22:08:38Z</time></trkpt><trkpt lat="44.46707135346554" lon="-64.24902994543018"><time>2026-07-04T22:08:39Z</time></trkpt><trkpt lat="44.46708840068191" lon="-64.24904851418762"><time>2026-07-04T22:08:40Z</time></trkpt><trkpt lat="44.46711029042658" lon="-64.24906677219427"><time>2026-07-04T22:08:41Z</time></trkpt><trkpt lat="44.46713195997497" lon="-64.24908547300582"><time>2026-07-04T22:08:42Z</time></trkpt><trkpt lat="44.46715410264826" lon="-64.24909717119941"><time>2026-07-04T22:08:43Z</time></trkpt><trkpt lat="44.4671792888232" lon="-64.24911339928951"><time>2026-07-04T22:08:44Z</time></trkpt><trkpt lat="44.467198781124075" lon="-64.24912921788336"><time>2026-07-04T22:08:45Z</time></trkpt><trkpt lat="44.46722308829719" lon="-64.24914780584"><time>2026-07-04T22:08:46Z</time></trkpt><trkpt lat="44.467238174830335" lon="-64.24916725560891"><time>2026-07-04T22:08:47Z</time></trkpt><trkpt lat="44.467251532631174" lon="-64.24918710736284"><time>2026-07-04T22:08:48Z</time></trkpt><trkpt lat="44.46727250277228" lon="-64.24920624279528"><time>2026-07-04T22:08:49Z</time></trkpt><trkpt lat="44.46729821560255" lon="-64.24922457786255"><time>2026-07-04T22:08:50Z</time></trkpt><trkpt lat="44.467321564309955" lon="-64.24923176257141"><time>2026-07-04T22:08:51Z</time></trkpt><trkpt lat="44.46734547011784" lon="-64.2492469112404"><time>2026-07-04T22:08:52Z</time></trkpt><trkpt lat="44.46736828459071" lon="-64.24926087748783"><time>2026-07-04T22:08:53Z</time></trkpt><trkpt lat="44.46738754684308" lon="-64.24927980974617"><time>2026-07-04T22:08:54Z</time></trkpt><trkpt lat="44.46740493805206" lon="-64.24930012782765"><time>2026-07-04T22:08:55Z</time></trkpt><trkpt lat="44.46742644814206" lon="-64.24932101966452"><time>2026-07-04T22:08:56Z</time></trkpt><trkpt lat="44.467445846307704" lon="-64.24934139562954"><time>2026-07-04T22:08:57Z</time></trkpt><trkpt lat="44.46746261910839" lon="-64.24936157268276"><time>2026-07-04T22:08:58Z</time></trkpt><trkpt lat="44.467480779547614" lon="-64.24938153478371"><time>2026-07-04T22:08:59Z</time></trkpt><trkpt lat="44.467499571893356" lon="-64.24940092045594"><time>2026-07-04T22:09:00Z</time></trkpt><trkpt lat="44.467519512327655" lon="-64.2494199167978"><time>2026-07-04T22:09:01Z</time></trkpt><trkpt lat="44.46753858246102" lon="-64.24943880165495"><time>2026-07-04T22:09:02Z</time></trkpt><trkpt lat="44.46755681643751" lon="-64.24945787718934"><time>2026-07-04T22:09:03Z</time></trkpt><trkpt lat="44.46757609590149" lon="-64.24947497669528"><time>2026-07-04T22:09:04Z</time></trkpt><trkpt lat="44.46759455165759" lon="-64.24949266009496"><time>2026-07-04T22:09:05Z</time></trkpt><trkpt lat="44.46761271346965" lon="-64.24951437706326"><time>2026-07-04T22:09:06Z</time></trkpt><trkpt lat="44.467632743488274" lon="-64.24953215850965"><time>2026-07-04T22:09:07Z</time></trkpt><trkpt lat="44.46764950816607" lon="-64.24955067465852"><time>2026-07-04T22:09:08Z</time></trkpt><trkpt lat="44.46766583954826" lon="-64.24956767740085"><time>2026-07-04T22:09:09Z</time></trkpt><trkpt lat="44.46768462798108" lon="-64.2495832966161"><time>2026-07-04T22:09:10Z</time></trkpt><trkpt lat="44.46770167078155" lon="-64.24959898911165"><time>2026-07-04T22:09:11Z</time></trkpt><trkpt lat="44.467720067940604" lon="-64.24961577579886"><time>2026-07-04T22:09:12Z</time></trkpt><trkpt lat="44.467736292542725" lon="-64.24962806824844"><time>2026-07-04T22:09:13Z</time></trkpt><trkpt lat="44.467757166251424" lon="-64.24964439707986"><time>2026-07-04T22:09:14Z</time></trkpt><trkpt lat="44.46777451189769" lon="-64.24965854926776"><time>2026-07-04T22:09:15Z</time></trkpt><trkpt lat="44.46779127539007" lon="-64.24967799040078"><time>2026-07-04T22:09:16Z</time></trkpt><trkpt lat="44.467807514704255" lon="-64.24969499501371"><time>2026-07-04T22:09:17Z</time></trkpt><trkpt lat="44.467825785612526" lon="-64.24971267194864"><time>2026-07-04T22:09:18Z</time></trkpt><trkpt lat="44.46784331106995" lon="-64.24972821061807"><time>2026-07-04T22:09:19Z</time></trkpt><trkpt lat="44.4678616186178" lon="-64.24974214137973"><time>2026-07-04T22:09:20Z</time></trkpt><trkpt lat="44.46787989084132" lon="-64.24975612309251"><time>2026-07-04T22:09:21Z</time></trkpt><trkpt lat="44.467895531857884" lon="-64.24977053297323"><time>2026-07-04T22:09:22Z</time></trkpt><trkpt lat="44.467913016730776" lon="-64.24979006982521"><time>2026-07-04T22:09:23Z</time></trkpt><trkpt lat="44.467929933501495" lon="-64.24980495580616"><time>2026-07-04T22:09:24Z</time></trkpt><trkpt lat="44.46794944091829" lon="-64.24981974631909"><time>2026-07-04T22:09:25Z</time></trkpt><trkpt lat="44.46796771009221" lon="-64.24983184698922"><time>2026-07-04T22:09:26Z</time></trkpt><trkpt lat="44.46798785073621" lon="-64.24984616977008"><time>2026-07-04T22:09:27Z</time></trkpt><trkpt lat="44.46800762582522" lon="-64.24986140209542"><time>2026-07-04T22:09:28Z</time></trkpt><trkpt lat="44.46802898810255" lon="-64.24988034462565"><time>2026-07-04T22:09:29Z</time></trkpt><trkpt lat="44.46804677840773" lon="-64.24990088583219"><time>2026-07-04T22:09:30Z</time></trkpt><trkpt lat="44.468063611035866" lon="-64.24992082987738"><time>2026-07-04T22:09:31Z</time></trkpt><trkpt lat="44.4680848452535" lon="-64.24993790036545"><time>2026-07-04T22:09:32Z</time></trkpt><trkpt lat="44.46810972986704" lon="-64.24995169759974"><time>2026-07-04T22:09:33Z</time></trkpt><trkpt lat="44.46812589045745" lon="-64.24996649595623"><time>2026-07-04T22:09:34Z</time></trkpt><trkpt lat="44.46814457996852" lon="-64.24998640955559"><time>2026-07-04T22:09:35Z</time></trkpt><trkpt lat="44.46816329071789" lon="-64.25001018489661"><time>2026-07-04T22:09:36Z</time></trkpt><trkpt lat="44.468182003519736" lon="-64.25003141224542"><time>2026-07-04T22:09:37Z</time></trkpt><trkpt lat="44.46819960352809" lon="-64.25005355545865"><time>2026-07-04T22:09:38Z</time></trkpt><trkpt lat="44.46821566832579" lon="-64.25007300306103"><time>2026-07-04T22:09:39Z</time></trkpt><trkpt lat="44.46823070177693" lon="-64.25009558664208"><time>2026-07-04T22:09:40Z</time></trkpt><trkpt lat="44.46824870506552" lon="-64.25011901473005"><time>2026-07-04T22:09:41Z</time></trkpt><trkpt lat="44.46826963868908" lon="-64.25014095571649"><time>2026-07-04T22:09:42Z</time></trkpt><trkpt lat="44.468283797643736" lon="-64.25016114442141"><time>2026-07-04T22:09:43Z</time></trkpt><trkpt lat="44.46830606991459" lon="-64.25017571445352"><time>2026-07-04T22:09:44Z</time></trkpt><trkpt lat="44.46833330942971" lon="-64.25018734766779"><time>2026-07-04T22:09:45Z</time></trkpt><trkpt lat="44.46835336978253" lon="-64.2502002063777"><time>2026-07-04T22:09:46Z</time></trkpt><trkpt lat="44.46837312805038" lon="-64.25021901962712"><time>2026-07-04T22:09:47Z</time></trkpt><trkpt lat="44.46839370900161" lon="-64.2502418953042"><time>2026-07-04T22:09:48Z</time></trkpt><trkpt lat="44.46841228833693" lon="-64.25026537372406"><time>2026-07-04T22:09:49Z</time></trkpt><trkpt lat="44.4684349057756" lon="-64.25028512461719"><time>2026-07-04T22:09:50Z</time></trkpt><trkpt lat="44.46845943685271" lon="-64.25030420937867"><time>2026-07-04T22:09:51Z</time></trkpt><trkpt lat="44.46848202332202" lon="-64.25032159717776"><time>2026-07-04T22:09:52Z</time></trkpt><trkpt lat="44.46850128382469" lon="-64.25034115059698"><time>2026-07-04T22:09:53Z</time></trkpt><trkpt lat="44.46852101167293" lon="-64.25036135846833"><time>2026-07-04T22:09:54Z</time></trkpt><trkpt lat="44.46854183449554" lon="-64.25038115550551"><time>2026-07-04T22:09:55Z</time></trkpt><trkpt lat="44.46856362715873" lon="-64.25039917215342"><time>2026-07-04T22:09:56Z</time></trkpt><trkpt lat="44.468586679061154" lon="-64.25041733165187"><time>2026-07-04T22:09:57Z</time></trkpt><trkpt lat="44.46860853251174" lon="-64.25043837592685"><time>2026-07-04T22:09:58Z</time></trkpt><trkpt lat="44.46862981768748" lon="-64.25045932173066"><time>2026-07-04T22:09:59Z</time></trkpt><trkpt lat="44.468649833394124" lon="-64.25047411800851"><time>2026-07-04T22:10:00Z</time></trkpt><trkpt lat="44.468670589894074" lon="-64.2504919811801"><time>2026-07-04T22:10:01Z</time></trkpt><trkpt lat="44.46869232284297" lon="-64.25050782308082"><time>2026-07-04T22:10:02Z</time></trkpt><trkpt lat="44.468715702486406" lon="-64.25052488726523"><time>2026-07-04T22:10:03Z</time></trkpt><trkpt lat="44.46873369555807" lon="-64.25054612858132"><time>2026-07-04T22:10:04Z</time></trkpt><trkpt lat="44.468752498774904" lon="-64.25056549236146"><time>2026-07-04T22:10:05Z</time></trkpt><trkpt lat="44.468771274634726" lon="-64.25058346303351"><time>2026-07-04T22:10:06Z</time></trkpt><trkpt lat="44.46879076115684" lon="-64.25059993216674"><time>2026-07-04T22:10:07Z</time></trkpt><trkpt lat="44.46880844562467" lon="-64.25061676781928"><time>2026-07-04T22:10:08Z</time></trkpt><trkpt lat="44.46882952748896" lon="-64.25063080135662"><time>2026-07-04T22:10:09Z</time></trkpt><trkpt lat="44.46884927726068" lon="-64.2506476319824"><time>2026-07-04T22:10:10Z</time></trkpt><trkpt lat="44.468868061448994" lon="-64.2506668401303"><time>2026-07-04T22:10:11Z</time></trkpt><trkpt lat="44.46888857231135" lon="-64.2506892207474"><time>2026-07-04T22:10:12Z</time></trkpt><trkpt lat="44.468909038220666" lon="-64.2507103003801"><time>2026-07-04T22:10:13Z</time></trkpt><trkpt lat="44.46892994003331" lon="-64.25073169557716"><time>2026-07-04T22:10:14Z</time></trkpt><trkpt lat="44.468949008477935" lon="-64.25075157190942"><time>2026-07-04T22:10:15Z</time></trkpt><trkpt lat="44.468966980671524" lon="-64.25077054953006"><time>2026-07-04T22:10:16Z</time></trkpt><trkpt lat="44.46898524669187" lon="-64.25078802909007"><time>2026-07-04T22:10:17Z</time></trkpt><trkpt lat="44.469005934777144" lon="-64.25080244572082"><time>2026-07-04T22:10:18Z</time></trkpt><trkpt lat="44.46902569235854" lon="-64.25081878613067"><time>2026-07-04T22:10:19Z</time></trkpt><trkpt lat="44.46904870828793" lon="-64.25083350592823"><time>2026-07-04T22:10:20Z</time></trkpt><trkpt lat="44.469069161001926" lon="-64.25084956218667"><time>2026-07-04T22:10:21Z</time></trkpt><trkpt lat="44.469086697403995" lon="-64.2508718899857"><time>2026-07-04T22:10:22Z</time></trkpt><trkpt lat="44.46910468190091" lon="-64.2508942741097"><time>2026-07-04T22:10:23Z</time></trkpt><trkpt lat="44.46912028743744" lon="-64.25091373427804"><time>2026-07-04T22:10:24Z</time></trkpt><trkpt lat="44.469136374042655" lon="-64.250935765159"><time>2026-07-04T22:10:25Z</time></trkpt><trkpt lat="44.46914866767421" lon="-64.25095544725674"><time>2026-07-04T22:10:26Z</time></trkpt><trkpt lat="44.469166218484666" lon="-64.25097257375393"><time>2026-07-04T22:10:27Z</time></trkpt><trkpt lat="44.469182707362606" lon="-64.25098899334013"><time>2026-07-04T22:10:28Z</time></trkpt><trkpt lat="44.46920343388631" lon="-64.25100025213331"><time>2026-07-04T22:10:29Z</time></trkpt><trkpt lat="44.46922353348701" lon="-64.25101272107138"><time>2026-07-04T22:10:30Z</time></trkpt><trkpt lat="44.46924491814456" lon="-64.25102469180953"><time>2026-07-04T22:10:31Z</time></trkpt><trkpt lat="44.46926573633597" lon="-64.25103493909785"><time>2026-07-04T22:10:32Z</time></trkpt><trkpt lat="44.46928292668357" lon="-64.25105354917557"><time>2026-07-04T22:10:33Z</time></trkpt><trkpt lat="44.469299050721425" lon="-64.25107825650365"><time>2026-07-04T22:10:34Z</time></trkpt><trkpt lat="44.46931719916888" lon="-64.25109951749147"><time>2026-07-04T22:10:35Z</time></trkpt><trkpt lat="44.46933564473691" lon="-64.25111673680733"><time>2026-07-04T22:10:36Z</time></trkpt><trkpt lat="44.46935057960615" lon="-64.25113834332157"><time>2026-07-04T22:10:37Z</time></trkpt><trkpt lat="44.46936265240637" lon="-64.25115854683729"><time>2026-07-04T22:10:38Z</time></trkpt><trkpt lat="44.46937677486429" lon="-64.25117880231008"><time>2026-07-04T22:10:39Z</time></trkpt><trkpt lat="44.469389060654684" lon="-64.25119764908118"><time>2026-07-04T22:10:40Z</time></trkpt><trkpt lat="44.46940505365433" lon="-64.25121553465767"><time>2026-07-04T22:10:41Z</time></trkpt><trkpt lat="44.469419648224296" lon="-64.2512338340822"><time>2026-07-04T22:10:42Z</time></trkpt><trkpt lat="44.46944789426437" lon="-64.25126330541248"><time>2026-07-04T22:10:44Z</time></trkpt><trkpt lat="44.46946749523203" lon="-64.25129500871451"><time>2026-07-04T22:10:46Z</time></trkpt><trkpt lat="44.46948573151288" lon="-64.25132935956744"><time>2026-07-04T22:10:48Z</time></trkpt><trkpt lat="44.46950908296553" lon="-64.25135747956875"><time>2026-07-04T22:10:50Z</time></trkpt><trkpt lat="44.46952839750676" lon="-64.25138013194807"><time>2026-07-04T22:10:52Z</time></trkpt><trkpt lat="44.46955494926737" lon="-64.25139547195897"><time>2026-07-04T22:10:54Z</time></trkpt><trkpt lat="44.46957074202071" lon="-64.25140792556734"><time>2026-07-04T22:10:55Z</time></trkpt><trkpt lat="44.46958942245412" lon="-64.25141792120947"><time>2026-07-04T22:10:56Z</time></trkpt><trkpt lat="44.46960646432923" lon="-64.25143187695939"><time>2026-07-04T22:10:57Z</time></trkpt><trkpt lat="44.46962430088785" lon="-64.25143612703758"><time>2026-07-04T22:10:58Z</time></trkpt><trkpt lat="44.469643510406584" lon="-64.2514460094618"><time>2026-07-04T22:10:59Z</time></trkpt><trkpt lat="44.469660932364455" lon="-64.25145926064677"><time>2026-07-04T22:11:00Z</time></trkpt><trkpt lat="44.46967905424321" lon="-64.2514782067503"><time>2026-07-04T22:11:01Z</time></trkpt><trkpt lat="44.46969747160167" lon="-64.25149239700461"><time>2026-07-04T22:11:02Z</time></trkpt><trkpt lat="44.46971345977559" lon="-64.25151023934602"><time>2026-07-04T22:11:03Z</time></trkpt><trkpt lat="44.46972823931254" lon="-64.2515283387231"><time>2026-07-04T22:11:04Z</time></trkpt><trkpt lat="44.469742912408" lon="-64.25154824370618"><time>2026-07-04T22:11:05Z</time></trkpt><trkpt lat="44.46976099769022" lon="-64.25156341731147"><time>2026-07-04T22:11:06Z</time></trkpt><trkpt lat="44.469776589550136" lon="-64.25158134983555"><time>2026-07-04T22:11:07Z</time></trkpt><trkpt lat="44.46979373522547" lon="-64.25159832894867"><time>2026-07-04T22:11:08Z</time></trkpt><trkpt lat="44.46980970925216" lon="-64.25161511969304"><time>2026-07-04T22:11:09Z</time></trkpt><trkpt lat="44.46982487578343" lon="-64.25163410217593"><time>2026-07-04T22:11:10Z</time></trkpt><trkpt lat="44.46984116994522" lon="-64.2516493647651"><time>2026-07-04T22:11:11Z</time></trkpt><trkpt lat="44.46985769874829" lon="-64.25166605893686"><time>2026-07-04T22:11:12Z</time></trkpt><trkpt lat="44.469875530369215" lon="-64.25168035388273"><time>2026-07-04T22:11:13Z</time></trkpt><trkpt lat="44.4698938528703" lon="-64.25169677233691"><time>2026-07-04T22:11:14Z</time></trkpt><trkpt lat="44.46990989690143" lon="-64.25171709115808"><time>2026-07-04T22:11:15Z</time></trkpt><trkpt lat="44.46992762137829" lon="-64.25173479743621"><time>2026-07-04T22:11:16Z</time></trkpt><trkpt lat="44.46994394117246" lon="-64.25175548597677"><time>2026-07-04T22:11:17Z</time></trkpt><trkpt lat="44.46996255307154" lon="-64.25177388933788"><time>2026-07-04T22:11:18Z</time></trkpt><trkpt lat="44.46997999379268" lon="-64.25179315719674"><time>2026-07-04T22:11:19Z</time></trkpt><trkpt lat="44.46999841641731" lon="-64.25181024700397"><time>2026-07-04T22:11:20Z</time></trkpt><trkpt lat="44.470016076532914" lon="-64.25182778086571"><time>2026-07-04T22:11:21Z</time></trkpt><trkpt lat="44.47003575316442" lon="-64.25184441499741"><time>2026-07-04T22:11:22Z</time></trkpt><trkpt lat="44.47005509406423" lon="-64.251861947155"><time>2026-07-04T22:11:23Z</time></trkpt><trkpt lat="44.47007396925154" lon="-64.25188144352114"><time>2026-07-04T22:11:24Z</time></trkpt><trkpt lat="44.47009190810161" lon="-64.25190357080642"><time>2026-07-04T22:11:25Z</time></trkpt><trkpt lat="44.47010642058608" lon="-64.25192492681565"><time>2026-07-04T22:11:26Z</time></trkpt><trkpt lat="44.47012465419858" lon="-64.25194332758036"><time>2026-07-04T22:11:27Z</time></trkpt><trkpt lat="44.4701418551726" lon="-64.25196275644198"><time>2026-07-04T22:11:28Z</time></trkpt><trkpt lat="44.47015973108555" lon="-64.25198622554906"><time>2026-07-04T22:11:29Z</time></trkpt><trkpt lat="44.47017887200883" lon="-64.2519992772286"><time>2026-07-04T22:11:30Z</time></trkpt><trkpt lat="44.47019957043795" lon="-64.25201726480813"><time>2026-07-04T22:11:31Z</time></trkpt><trkpt lat="44.47022175968769" lon="-64.2520331514397"><time>2026-07-04T22:11:32Z</time></trkpt><trkpt lat="44.47023968892734" lon="-64.25204672269716"><time>2026-07-04T22:11:33Z</time></trkpt><trkpt lat="44.470257578820565" lon="-64.25206576260635"><time>2026-07-04T22:11:34Z</time></trkpt><trkpt lat="44.47027858275136" lon="-64.25208545433466"><time>2026-07-04T22:11:35Z</time></trkpt><trkpt lat="44.47029993327849" lon="-64.25210434804757"><time>2026-07-04T22:11:36Z</time></trkpt><trkpt lat="44.470321482753164" lon="-64.25212229278928"><time>2026-07-04T22:11:37Z</time></trkpt><trkpt lat="44.47034190887608" lon="-64.2521428871628"><time>2026-07-04T22:11:38Z</time></trkpt><trkpt lat="44.470362023572896" lon="-64.25216411604254"><time>2026-07-04T22:11:39Z</time></trkpt><trkpt lat="44.47038247158676" lon="-64.25218326364217"><time>2026-07-04T22:11:40Z</time></trkpt><trkpt lat="44.47040383035689" lon="-64.2522027138833"><time>2026-07-04T22:11:41Z</time></trkpt><trkpt lat="44.47042513945168" lon="-64.2522233654368"><time>2026-07-04T22:11:42Z</time></trkpt><trkpt lat="44.47044616813437" lon="-64.25224328672459"><time>2026-07-04T22:11:43Z</time></trkpt><trkpt lat="44.47046806662277" lon="-64.25226193531608"><time>2026-07-04T22:11:44Z</time></trkpt><trkpt lat="44.47048843080908" lon="-64.25228248489928"><time>2026-07-04T22:11:45Z</time></trkpt><trkpt lat="44.470510875945145" lon="-64.25230003828935"><time>2026-07-04T22:11:46Z</time></trkpt><trkpt lat="44.47053287859174" lon="-64.25231810929583"><time>2026-07-04T22:11:47Z</time></trkpt><trkpt lat="44.47055575634445" lon="-64.25233537194924"><time>2026-07-04T22:11:48Z</time></trkpt><trkpt lat="44.47058051357327" lon="-64.25235164896252"><time>2026-07-04T22:11:49Z</time></trkpt><trkpt lat="44.470603891395605" lon="-64.25237099164181"><time>2026-07-04T22:11:50Z</time></trkpt><trkpt lat="44.47062460007586" lon="-64.25239147479346"><time>2026-07-04T22:11:51Z</time></trkpt><trkpt lat="44.47064762456344" lon="-64.25240969331117"><time>2026-07-04T22:11:52Z</time></trkpt><trkpt lat="44.47066924411201" lon="-64.25243070587356"><time>2026-07-04T22:11:53Z</time></trkpt><trkpt lat="44.47068939299316" lon="-64.25245093427031"><time>2026-07-04T22:11:54Z</time></trkpt><trkpt lat="44.47070950740826" lon="-64.25247094592108"><time>2026-07-04T22:11:55Z</time></trkpt><trkpt lat="44.47073005821094" lon="-64.25248983551612"><time>2026-07-04T22:11:56Z</time></trkpt><trkpt lat="44.47074997532228" lon="-64.25251244143803"><time>2026-07-04T22:11:57Z</time></trkpt><trkpt lat="44.47077144086231" lon="-64.25253156659626"><time>2026-07-04T22:11:58Z</time></trkpt><trkpt lat="44.47079126401889" lon="-64.25255128187665"><time>2026-07-04T22:11:59Z</time></trkpt><trkpt lat="44.470810487446684" lon="-64.25257089772703"><time>2026-07-04T22:12:00Z</time></trkpt><trkpt lat="44.47082861030147" lon="-64.25259080912777"><time>2026-07-04T22:12:01Z</time></trkpt><trkpt lat="44.47084823217856" lon="-64.25261136320044"><time>2026-07-04T22:12:02Z</time></trkpt><trkpt lat="44.4708683059301" lon="-64.25263067257309"><time>2026-07-04T22:12:03Z</time></trkpt><trkpt lat="44.47088845234769" lon="-64.25265161913215"><time>2026-07-04T22:12:04Z</time></trkpt><trkpt lat="44.47090944024512" lon="-64.25267050184893"><time>2026-07-04T22:12:05Z</time></trkpt><trkpt lat="44.470930422207914" lon="-64.25268839085435"><time>2026-07-04T22:12:06Z</time></trkpt><trkpt lat="44.470950078770635" lon="-64.25270594687336"><time>2026-07-04T22:12:07Z</time></trkpt><trkpt lat="44.47097114506804" lon="-64.25272403499294"><time>2026-07-04T22:12:08Z</time></trkpt><trkpt lat="44.47098982021459" lon="-64.25274452889633"><time>2026-07-04T22:12:09Z</time></trkpt><trkpt lat="44.471010440638445" lon="-64.25276391593792"><time>2026-07-04T22:12:10Z</time></trkpt><trkpt lat="44.47103030688383" lon="-64.25278316558578"><time>2026-07-04T22:12:11Z</time></trkpt><trkpt lat="44.47105050204622" lon="-64.25280035687831"><time>2026-07-04T22:12:12Z</time></trkpt><trkpt lat="44.47107219128635" lon="-64.25281513631569"><time>2026-07-04T22:12:13Z</time></trkpt><trkpt lat="44.47109478892851" lon="-64.25283185209263"><time>2026-07-04T22:12:14Z</time></trkpt><trkpt lat="44.47111683252148" lon="-64.25285028674689"><time>2026-07-04T22:12:15Z</time></trkpt><trkpt lat="44.47114002181753" lon="-64.25286620762162"><time>2026-07-04T22:12:16Z</time></trkpt><trkpt lat="44.47116351919943" lon="-64.25288054280207"><time>2026-07-04T22:12:17Z</time></trkpt><trkpt lat="44.47118699586607" lon="-64.25289553943888"><time>2026-07-04T22:12:18Z</time></trkpt><trkpt lat="44.47120953349498" lon="-64.25291408517623"><time>2026-07-04T22:12:19Z</time></trkpt><trkpt lat="44.47123217958537" lon="-64.25293248554914"><time>2026-07-04T22:12:20Z</time></trkpt><trkpt lat="44.47125617862214" lon="-64.25294833575421"><time>2026-07-04T22:12:21Z</time></trkpt><trkpt lat="44.47127888760342" lon="-64.2529653607571"><time>2026-07-04T22:12:22Z</time></trkpt><trkpt lat="44.47130113129792" lon="-64.25298503525204"><time>2026-07-04T22:12:23Z</time></trkpt><trkpt lat="44.47132460564421" lon="-64.25300291513142"><time>2026-07-04T22:12:24Z</time></trkpt><trkpt lat="44.47134765638424" lon="-64.25302073024358"><time>2026-07-04T22:12:25Z</time></trkpt><trkpt lat="44.471371912621706" lon="-64.25303429112446"><time>2026-07-04T22:12:26Z</time></trkpt><trkpt lat="44.47139580722446" lon="-64.2530542814332"><time>2026-07-04T22:12:27Z</time></trkpt><trkpt lat="44.4714193969342" lon="-64.25307328765085"><time>2026-07-04T22:12:28Z</time></trkpt><trkpt lat="44.47144331248751" lon="-64.2530906309678"><time>2026-07-04T22:12:29Z</time></trkpt><trkpt lat="44.47146873399155" lon="-64.2531052049602"><time>2026-07-04T22:12:30Z</time></trkpt><trkpt lat="44.47149502242371" lon="-64.25312183508971"><time>2026-07-04T22:12:31Z</time></trkpt><trkpt lat="44.47152063099794" lon="-64.25314010908413"><time>2026-07-04T22:12:32Z</time></trkpt><trkpt lat="44.4715461567647" lon="-64.25315644648528"><time>2026-07-04T22:12:33Z</time></trkpt><trkpt lat="44.47157013925573" lon="-64.2531756585836"><time>2026-07-04T22:12:34Z</time></trkpt><trkpt lat="44.47159536664931" lon="-64.25319177340228"><time>2026-07-04T22:12:35Z</time></trkpt><trkpt lat="44.47162104656051" lon="-64.2532112274956"><time>2026-07-04T22:12:36Z</time></trkpt><trkpt lat="44.47164822854106" lon="-64.25322805921701"><time>2026-07-04T22:12:37Z</time></trkpt><trkpt lat="44.47167758795008" lon="-64.25324345750542"><time>2026-07-04T22:12:38Z</time></trkpt><trkpt lat="44.471704943882706" lon="-64.25325969758084"><time>2026-07-04T22:12:39Z</time></trkpt><trkpt lat="44.471730936181686" lon="-64.25327683152928"><time>2026-07-04T22:12:40Z</time></trkpt><trkpt lat="44.47175587905365" lon="-64.25329355810823"><time>2026-07-04T22:12:41Z</time></trkpt><trkpt lat="44.47178169104156" lon="-64.25331391916968"><time>2026-07-04T22:12:42Z</time></trkpt><trkpt lat="44.471805998335576" lon="-64.25333506480743"><time>2026-07-04T22:12:43Z</time></trkpt><trkpt lat="44.471830766363205" lon="-64.25335526514942"><time>2026-07-04T22:12:44Z</time></trkpt><trkpt lat="44.471857393908074" lon="-64.25337132148141"><time>2026-07-04T22:12:45Z</time></trkpt><trkpt lat="44.4718857123413" lon="-64.25338390141802"><time>2026-07-04T22:12:46Z</time></trkpt><trkpt lat="44.47191450806268" lon="-64.25339594280788"><time>2026-07-04T22:12:47Z</time></trkpt><trkpt lat="44.471941373162494" lon="-64.25341578838471"><time>2026-07-04T22:12:48Z</time></trkpt><trkpt lat="44.47196795164959" lon="-64.25343447807037"><time>2026-07-04T22:12:49Z</time></trkpt><trkpt lat="44.4719954620231" lon="-64.25345202006093"><time>2026-07-04T22:12:50Z</time></trkpt><trkpt lat="44.472021747577045" lon="-64.25346851968108"><time>2026-07-04T22:12:51Z</time></trkpt><trkpt lat="44.47204775537379" lon="-64.25348470006367"><time>2026-07-04T22:12:52Z</time></trkpt><trkpt lat="44.47207480183721" lon="-64.25349528204458"><time>2026-07-04T22:12:53Z</time></trkpt><trkpt lat="44.47210408110475" lon="-64.25350587980014"><time>2026-07-04T22:12:54Z</time></trkpt><trkpt lat="44.47213371326623" lon="-64.2535175343513"><time>2026-07-04T22:12:55Z</time></trkpt><trkpt lat="44.47216190375949" lon="-64.25353003271945"><time>2026-07-04T22:12:56Z</time></trkpt><trkpt lat="44.47218889397677" lon="-64.25354692591375"><time>2026-07-04T22:12:57Z</time></trkpt><trkpt lat="44.472214952890326" lon="-64.25356486777174"><time>2026-07-04T22:12:58Z</time></trkpt><trkpt lat="44.47224032386372" lon="-64.25358017948122"><time>2026-07-04T22:12:59Z</time></trkpt><trkpt lat="44.47226608247998" lon="-64.25359606128045"><time>2026-07-04T22:13:00Z</time></trkpt><trkpt lat="44.472291407615906" lon="-64.2536165988809"><time>2026-07-04T22:13:01Z</time></trkpt><trkpt lat="44.47231723020646" lon="-64.25364279367162"><time>2026-07-04T22:13:02Z</time></trkpt><trkpt lat="44.4723438643293" lon="-64.25365538629485"><time>2026-07-04T22:13:03Z</time></trkpt><trkpt lat="44.47237062025092" lon="-64.25367015999764"><time>2026-07-04T22:13:04Z</time></trkpt><trkpt lat="44.47239728911069" lon="-64.25368859555661"><time>2026-07-04T22:13:05Z</time></trkpt><trkpt lat="44.47242349523593" lon="-64.25370282462909"><time>2026-07-04T22:13:06Z</time></trkpt><trkpt lat="44.47245051699861" lon="-64.25371702594592"><time>2026-07-04T22:13:07Z</time></trkpt><trkpt lat="44.472478291241075" lon="-64.25373003738468"><time>2026-07-04T22:13:08Z</time></trkpt><trkpt lat="44.472507236077654" lon="-64.25374022213656"><time>2026-07-04T22:13:09Z</time></trkpt><trkpt lat="44.472533813893705" lon="-64.25375072939958"><time>2026-07-04T22:13:10Z</time></trkpt><trkpt lat="44.472563203120885" lon="-64.25376116106365"><time>2026-07-04T22:13:11Z</time></trkpt><trkpt lat="44.47259262153098" lon="-64.25376808446303"><time>2026-07-04T22:13:12Z</time></trkpt><trkpt lat="44.47262295797116" lon="-64.25377319570795"><time>2026-07-04T22:13:13Z</time></trkpt><trkpt lat="44.47265154116187" lon="-64.2537806268788"><time>2026-07-04T22:13:14Z</time></trkpt><trkpt lat="44.47267900817357" lon="-64.25379201803662"><time>2026-07-04T22:13:15Z</time></trkpt><trkpt lat="44.47270558387826" lon="-64.25380723899896"><time>2026-07-04T22:13:16Z</time></trkpt><trkpt lat="44.47273095295064" lon="-64.25382907301977"><time>2026-07-04T22:13:17Z</time></trkpt><trkpt lat="44.47275468489373" lon="-64.25385527518412"><time>2026-07-04T22:13:18Z</time></trkpt><trkpt lat="44.47278114309117" lon="-64.2538819374543"><time>2026-07-04T22:13:19Z</time></trkpt><trkpt lat="44.47280239865019" lon="-64.25390204249602"><time>2026-07-04T22:13:20Z</time></trkpt><trkpt lat="44.47282369911748" lon="-64.25392397656441"><time>2026-07-04T22:13:21Z</time></trkpt><trkpt lat="44.47285024799592" lon="-64.25394140756615"><time>2026-07-04T22:13:22Z</time></trkpt><trkpt lat="44.472874232664644" lon="-64.25395884015718"><time>2026-07-04T22:13:23Z</time></trkpt><trkpt lat="44.472898896894726" lon="-64.2539769257711"><time>2026-07-04T22:13:24Z</time></trkpt><trkpt lat="44.47292423805988" lon="-64.25399697605711"><time>2026-07-04T22:13:25Z</time></trkpt><trkpt lat="44.47295074499597" lon="-64.25401319724608"><time>2026-07-04T22:13:26Z</time></trkpt><trkpt lat="44.47297701333902" lon="-64.25402840374049"><time>2026-07-04T22:13:27Z</time></trkpt><trkpt lat="44.47300645570169" lon="-64.25404054802426"><time>2026-07-04T22:13:28Z</time></trkpt><trkpt lat="44.47303640341133" lon="-64.2540532497711"><time>2026-07-04T22:13:29Z</time></trkpt><trkpt lat="44.473062834372534" lon="-64.25406321408849"><time>2026-07-04T22:13:30Z</time></trkpt><trkpt lat="44.47308765119771" lon="-64.25407997760927"><time>2026-07-04T22:13:31Z</time></trkpt><trkpt lat="44.473113676865836" lon="-64.25409535483848"><time>2026-07-04T22:13:32Z</time></trkpt><trkpt lat="44.47313998616409" lon="-64.25411531557107"><time>2026-07-04T22:13:33Z</time></trkpt><trkpt lat="44.473168255385" lon="-64.25413088415272"><time>2026-07-04T22:13:34Z</time></trkpt><trkpt lat="44.473195438689004" lon="-64.25414421292159"><time>2026-07-04T22:13:35Z</time></trkpt><trkpt lat="44.473222547691385" lon="-64.25415536986561"><time>2026-07-04T22:13:36Z</time></trkpt><trkpt lat="44.47324992321979" lon="-64.25417061680275"><time>2026-07-04T22:13:37Z</time></trkpt><trkpt lat="44.47327747905653" lon="-64.2541858792833"><time>2026-07-04T22:13:38Z</time></trkpt><trkpt lat="44.47330467327046" lon="-64.25419846462285"><time>2026-07-04T22:13:39Z</time></trkpt><trkpt lat="44.4733311567073" lon="-64.2542113680545"><time>2026-07-04T22:13:40Z</time></trkpt><trkpt lat="44.473359921577064" lon="-64.25422570165547"><time>2026-07-04T22:13:41Z</time></trkpt><trkpt lat="44.47338923555358" lon="-64.2542400903789"><time>2026-07-04T22:13:42Z</time></trkpt><trkpt lat="44.473418482321044" lon="-64.25425235529345"><time>2026-07-04T22:13:43Z</time></trkpt><trkpt lat="44.47344585231257" lon="-64.25426254429146"><time>2026-07-04T22:13:44Z</time></trkpt><trkpt lat="44.473473754013206" lon="-64.25427521334299"><time>2026-07-04T22:13:45Z</time></trkpt><trkpt lat="44.473500041077386" lon="-64.25428396468558"><time>2026-07-04T22:13:46Z</time></trkpt><trkpt lat="44.473525785032756" lon="-64.25429732172248"><time>2026-07-04T22:13:47Z</time></trkpt><trkpt lat="44.47355068817779" lon="-64.25431153729286"><time>2026-07-04T22:13:48Z</time></trkpt><trkpt lat="44.473574708704966" lon="-64.25433079508228"><time>2026-07-04T22:13:49Z</time></trkpt><trkpt lat="44.47359845698283" lon="-64.25435404191693"><time>2026-07-04T22:13:50Z</time></trkpt><trkpt lat="44.47361975485222" lon="-64.25437848834233"><time>2026-07-04T22:13:51Z</time></trkpt><trkpt lat="44.47364449434764" lon="-64.25439830665039"><time>2026-07-04T22:13:52Z</time></trkpt><trkpt lat="44.47366784322209" lon="-64.25441686791338"><time>2026-07-04T22:13:53Z</time></trkpt><trkpt lat="44.47369158079841" lon="-64.25443623968418"><time>2026-07-04T22:13:54Z</time></trkpt><trkpt lat="44.47371658257423" lon="-64.2544539810252"><time>2026-07-04T22:13:55Z</time></trkpt><trkpt lat="44.47373933349461" lon="-64.25447352146763"><time>2026-07-04T22:13:56Z</time></trkpt><trkpt lat="44.473758418498534" lon="-64.25449351033471"><time>2026-07-04T22:13:57Z</time></trkpt><trkpt lat="44.47377362384597" lon="-64.25452307958598"><time>2026-07-04T22:13:58Z</time></trkpt><trkpt lat="44.473785383327304" lon="-64.25455147121983"><time>2026-07-04T22:13:59Z</time></trkpt><trkpt lat="44.473790697758766" lon="-64.25458467429162"><time>2026-07-04T22:14:00Z</time></trkpt><trkpt lat="44.473796118247236" lon="-64.25461528588794"><time>2026-07-04T22:14:01Z</time></trkpt><trkpt lat="44.47379065750511" lon="-64.2546438108942"><time>2026-07-04T22:14:02Z</time></trkpt><trkpt lat="44.47377710573259" lon="-64.2546657018581"><time>2026-07-04T22:14:03Z</time></trkpt><trkpt lat="44.47375492496602" lon="-64.25467955448839"><time>2026-07-04T22:14:04Z</time></trkpt><trkpt lat="44.47373394894171" lon="-64.25468833474014"><time>2026-07-04T22:14:05Z</time></trkpt><trkpt lat="44.47370623805143" lon="-64.25469055554207"><time>2026-07-04T22:14:06Z</time></trkpt><trkpt lat="44.4736825241313" lon="-64.25469788170382"><time>2026-07-04T22:14:07Z</time></trkpt><trkpt lat="44.47366034351517" lon="-64.25470512731782"><time>2026-07-04T22:14:08Z</time></trkpt><trkpt lat="44.47363328756503" lon="-64.25471229704704"><time>2026-07-04T22:14:09Z</time></trkpt><trkpt lat="44.473604550289984" lon="-64.25472234549943"><time>2026-07-04T22:14:10Z</time></trkpt><trkpt lat="44.47357886696305" lon="-64.254735207116"><time>2026-07-04T22:14:11Z</time></trkpt><trkpt lat="44.47355197421479" lon="-64.25475361940859"><time>2026-07-04T22:14:12Z</time></trkpt><trkpt lat="44.47352841713103" lon="-64.25477367126774"><time>2026-07-04T22:14:13Z</time></trkpt><trkpt lat="44.473504236048946" lon="-64.25479550010049"><time>2026-07-04T22:14:14Z</time></trkpt><trkpt lat="44.47348371950603" lon="-64.25481723667072"><time>2026-07-04T22:14:15Z</time></trkpt><trkpt lat="44.473461100395205" lon="-64.25484015353715"><time>2026-07-04T22:14:16Z</time></trkpt><trkpt lat="44.47343763183849" lon="-64.25486593018003"><time>2026-07-04T22:14:17Z</time></trkpt><trkpt lat="44.47341766696102" lon="-64.25489536560816"><time>2026-07-04T22:14:18Z</time></trkpt><trkpt lat="44.47339792452564" lon="-64.25491541366902"><time>2026-07-04T22:14:19Z</time></trkpt><trkpt lat="44.47337574362162" lon="-64.25493976094788"><time>2026-07-04T22:14:20Z</time></trkpt><trkpt lat="44.47335383843031" lon="-64.25496556429967"><time>2026-07-04T22:14:21Z</time></trkpt><trkpt lat="44.47333144107244" lon="-64.25498798737782"><time>2026-07-04T22:14:22Z</time></trkpt><trkpt lat="44.4733085138131" lon="-64.25500840179234"><time>2026-07-04T22:14:23Z</time></trkpt><trkpt lat="44.47328461941857" lon="-64.25503232983763"><time>2026-07-04T22:14:24Z</time></trkpt><trkpt lat="44.473262457989" lon="-64.25505931256183"><time>2026-07-04T22:14:25Z</time></trkpt><trkpt lat="44.47324498057158" lon="-64.25508883840862"><time>2026-07-04T22:14:26Z</time></trkpt><trkpt lat="44.47322768979295" lon="-64.25512196354825"><time>2026-07-04T22:14:27Z</time></trkpt><trkpt lat="44.47320958570136" lon="-64.25514801883882"><time>2026-07-04T22:14:28Z</time></trkpt><trkpt lat="44.473187010258265" lon="-64.25517451370968"><time>2026-07-04T22:14:29Z</time></trkpt><trkpt lat="44.47316746876802" lon="-64.25519913236143"><time>2026-07-04T22:14:30Z</time></trkpt><trkpt lat="44.47314970846175" lon="-64.25521991204432"><time>2026-07-04T22:14:31Z</time></trkpt><trkpt lat="44.473129453024015" lon="-64.25524553252865"><time>2026-07-04T22:14:32Z</time></trkpt><trkpt lat="44.473110286088634" lon="-64.25526911621617"><time>2026-07-04T22:14:33Z</time></trkpt><trkpt lat="44.473093041532785" lon="-64.25529155064555"><time>2026-07-04T22:14:34Z</time></trkpt><trkpt lat="44.47307542564325" lon="-64.25531718106626"><time>2026-07-04T22:14:35Z</time></trkpt><trkpt lat="44.473059489384255" lon="-64.25533976673265"><time>2026-07-04T22:14:36Z</time></trkpt><trkpt lat="44.47304116084946" lon="-64.25536108035683"><time>2026-07-04T22:14:37Z</time></trkpt><trkpt lat="44.473022850048494" lon="-64.25538243882288"><time>2026-07-04T22:14:38Z</time></trkpt><trkpt lat="44.47300608660365" lon="-64.25540500166737"><time>2026-07-04T22:14:39Z</time></trkpt><trkpt lat="44.472988805779394" lon="-64.255424347583"><time>2026-07-04T22:14:40Z</time></trkpt><trkpt lat="44.47297258173166" lon="-64.25544571170278"><time>2026-07-04T22:14:41Z</time></trkpt><trkpt lat="44.47295727559939" lon="-64.25546739695625"><time>2026-07-04T22:14:42Z</time></trkpt><trkpt lat="44.47293821460499" lon="-64.2554918503773"><time>2026-07-04T22:14:43Z</time></trkpt><trkpt lat="44.472926560061666" lon="-64.25551564576995"><time>2026-07-04T22:14:44Z</time></trkpt><trkpt lat="44.472913710239546" lon="-64.2555405740274"><time>2026-07-04T22:14:45Z</time></trkpt><trkpt lat="44.47290187191875" lon="-64.25556157166015"><time>2026-07-04T22:14:46Z</time></trkpt><trkpt lat="44.47289006275988" lon="-64.25558224937339"><time>2026-07-04T22:14:47Z</time></trkpt><trkpt lat="44.472877180972965" lon="-64.2556029593746"><time>2026-07-04T22:14:48Z</time></trkpt><trkpt lat="44.47286096259714" lon="-64.25561949338402"><time>2026-07-04T22:14:49Z</time></trkpt><trkpt lat="44.47284344355167" lon="-64.25563709127138"><time>2026-07-04T22:14:50Z</time></trkpt><trkpt lat="44.472828388275516" lon="-64.25565417171401"><time>2026-07-04T22:14:51Z</time></trkpt><trkpt lat="44.472813048028826" lon="-64.25567280612577"><time>2026-07-04T22:14:52Z</time></trkpt><trkpt lat="44.47279846485879" lon="-64.25569213210875"><time>2026-07-04T22:14:53Z</time></trkpt><trkpt lat="44.47278465078095" lon="-64.25571054373614"><time>2026-07-04T22:14:54Z</time></trkpt><trkpt lat="44.472762997147186" lon="-64.25574864399577"><time>2026-07-04T22:14:56Z</time></trkpt><trkpt lat="44.4727401412474" lon="-64.25578318886494"><time>2026-07-04T22:14:58Z</time></trkpt><trkpt lat="44.47272079879227" lon="-64.25581450809807"><time>2026-07-04T22:15:00Z</time></trkpt><trkpt lat="44.472699953153956" lon="-64.25584370746621"><time>2026-07-04T22:15:02Z</time></trkpt><trkpt lat="44.472679934321796" lon="-64.25586823401937"><time>2026-07-04T22:15:04Z</time></trkpt><trkpt lat="44.47266080353104" lon="-64.25589456423056"><time>2026-07-04T22:15:06Z</time></trkpt><trkpt lat="44.47263925441203" lon="-64.25591778517101"><time>2026-07-04T22:15:08Z</time></trkpt><trkpt lat="44.47261892942089" lon="-64.25594312195112"><time>2026-07-04T22:15:10Z</time></trkpt><trkpt lat="44.472600149954275" lon="-64.25597071678685"><time>2026-07-04T22:15:12Z</time></trkpt><trkpt lat="44.472586250703806" lon="-64.25599700352413"><time>2026-07-04T22:15:14Z</time></trkpt><trkpt lat="44.47257228517811" lon="-64.25602077260749"><time>2026-07-04T22:15:16Z</time></trkpt><trkpt lat="44.47255426542387" lon="-64.25605396729544"><time>2026-07-04T22:15:18Z</time></trkpt><trkpt lat="44.47253031350547" lon="-64.25607674348937"><time>2026-07-04T22:15:21Z</time></trkpt><trkpt lat="44.47251363068954" lon="-64.25609318630404"><time>2026-07-04T22:15:23Z</time></trkpt><trkpt lat="44.47249241839185" lon="-64.25611135138196"><time>2026-07-04T22:15:25Z</time></trkpt><trkpt lat="44.4724855171308" lon="-64.25613722954137"><time>2026-07-04T22:15:27Z</time></trkpt><trkpt lat="44.472469459946545" lon="-64.25616055814837"><time>2026-07-04T22:15:30Z</time></trkpt><trkpt lat="44.47245030680257" lon="-64.25617134320724"><time>2026-07-04T22:15:33Z</time></trkpt><trkpt lat="44.47243487635549" lon="-64.25618634968347"><time>2026-07-04T22:15:35Z</time></trkpt><trkpt lat="44.47241891725766" lon="-64.25620182243432"><time>2026-07-04T22:15:38Z</time></trkpt><trkpt lat="44.47240013369032" lon="-64.25621393610555"><time>2026-07-04T22:15:42Z</time></trkpt><trkpt lat="44.47238283415869" lon="-64.25622124042607"><time>2026-07-04T22:15:48Z</time></trkpt><trkpt lat="44.472369224902685" lon="-64.25620182033317"><time>2026-07-04T22:15:57Z</time></trkpt><trkpt lat="44.47237315870425" lon="-64.2561766367853"><time>2026-07-04T22:16:03Z</time></trkpt><trkpt lat="44.47239730578706" lon="-64.25616657148029"><time>2026-07-04T22:16:07Z</time></trkpt><trkpt lat="44.472436294669734" lon="-64.25616581553355"><time>2026-07-04T22:16:09Z</time></trkpt><trkpt lat="44.472455335686" lon="-64.25616327249216"><time>2026-07-04T22:16:10Z</time></trkpt><trkpt lat="44.47248831016615" lon="-64.25615977476009"><time>2026-07-04T22:16:12Z</time></trkpt><trkpt lat="44.47250804968121" lon="-64.25616181576035"><time>2026-07-04T22:16:13Z</time></trkpt><trkpt lat="44.47252803221783" lon="-64.25617462789788"><time>2026-07-04T22:16:14Z</time></trkpt><trkpt lat="44.4725605702982" lon="-64.25620188446538"><time>2026-07-04T22:16:16Z</time></trkpt><trkpt lat="44.47257699273349" lon="-64.25622043712725"><time>2026-07-04T22:16:17Z</time></trkpt><trkpt lat="44.47259551053241" lon="-64.25623631923759"><time>2026-07-04T22:16:18Z</time></trkpt><trkpt lat="44.47261534385218" lon="-64.2562551603187"><time>2026-07-04T22:16:19Z</time></trkpt><trkpt lat="44.472634371001895" lon="-64.25627502893617"><time>2026-07-04T22:16:20Z</time></trkpt><trkpt lat="44.47265460877771" lon="-64.25629567127447"><time>2026-07-04T22:16:21Z</time></trkpt><trkpt lat="44.472673899502254" lon="-64.25631378760822"><time>2026-07-04T22:16:22Z</time></trkpt><trkpt lat="44.47269111728994" lon="-64.25633134305464"><time>2026-07-04T22:16:23Z</time></trkpt><trkpt lat="44.47271146346459" lon="-64.25635533787403"><time>2026-07-04T22:16:24Z</time></trkpt><trkpt lat="44.472725675415006" lon="-64.25637261638254"><time>2026-07-04T22:16:25Z</time></trkpt><trkpt lat="44.47274201006292" lon="-64.25639219132437"><time>2026-07-04T22:16:26Z</time></trkpt><trkpt lat="44.47276249551136" lon="-64.25640559007753"><time>2026-07-04T22:16:27Z</time></trkpt><trkpt lat="44.47277656852282" lon="-64.25642209728018"><time>2026-07-04T22:16:28Z</time></trkpt><trkpt lat="44.47278995809763" lon="-64.25644174307394"><time>2026-07-04T22:16:29Z</time></trkpt><trkpt lat="44.47281363863539" lon="-64.2564755733693"><time>2026-07-04T22:16:31Z</time></trkpt><trkpt lat="44.47283161669981" lon="-64.25651313592684"><time>2026-07-04T22:16:33Z</time></trkpt><trkpt lat="44.47284882216418" lon="-64.25654633496755"><time>2026-07-04T22:16:35Z</time></trkpt><trkpt lat="44.47286561215028" lon="-64.256574249875"><time>2026-07-04T22:16:37Z</time></trkpt><trkpt lat="44.47288856899" lon="-64.25660667878788"><time>2026-07-04T22:16:39Z</time></trkpt><trkpt lat="44.472902978230714" lon="-64.25664201640673"><time>2026-07-04T22:16:42Z</time></trkpt><trkpt lat="44.472919333574765" lon="-64.25665772193179"><time>2026-07-04T22:16:44Z</time></trkpt><trkpt lat="44.472938551256384" lon="-64.2566766735251"><time>2026-07-04T22:16:46Z</time></trkpt><trkpt lat="44.47294677028516" lon="-64.2567161594303"><time>2026-07-04T22:16:49Z</time></trkpt><trkpt lat="44.47296403932733" lon="-64.25672540272998"><time>2026-07-04T22:16:52Z</time></trkpt><trkpt lat="44.47299210603897" lon="-64.25673206680673"><time>2026-07-04T22:16:54Z</time></trkpt><trkpt lat="44.47301068572759" lon="-64.25673207465728"><time>2026-07-04T22:16:55Z</time></trkpt><trkpt lat="44.47303214909685" lon="-64.25673267869546"><time>2026-07-04T22:16:56Z</time></trkpt><trkpt lat="44.47305195982626" lon="-64.25673497019996"><time>2026-07-04T22:16:57Z</time></trkpt><trkpt lat="44.47307157554521" lon="-64.25674379973682"><time>2026-07-04T22:16:58Z</time></trkpt><trkpt lat="44.47308537037358" lon="-64.25677278423906"><time>2026-07-04T22:16:59Z</time></trkpt><trkpt lat="44.47311238351602" lon="-64.2567784609782"><time>2026-07-04T22:17:00Z</time></trkpt><trkpt lat="44.47313820107048" lon="-64.25679407673368"><time>2026-07-04T22:17:01Z</time></trkpt><trkpt lat="44.47315893634504" lon="-64.25681087660476"><time>2026-07-04T22:17:02Z</time></trkpt><trkpt lat="44.47317676312214" lon="-64.25683571544029"><time>2026-07-04T22:17:03Z</time></trkpt><trkpt lat="44.47319371481861" lon="-64.25686425249721"><time>2026-07-04T22:17:04Z</time></trkpt><trkpt lat="44.47321471619082" lon="-64.25688878796501"><time>2026-07-04T22:17:05Z</time></trkpt><trkpt lat="44.47323930590247" lon="-64.25690650515484"><time>2026-07-04T22:17:06Z</time></trkpt><trkpt lat="44.47326670761818" lon="-64.2569193766406"><time>2026-07-04T22:17:07Z</time></trkpt><trkpt lat="44.473296602759085" lon="-64.25693695058571"><time>2026-07-04T22:17:08Z</time></trkpt><trkpt lat="44.473318182137184" lon="-64.25695690999004"><time>2026-07-04T22:17:09Z</time></trkpt><trkpt lat="44.473335924515304" lon="-64.25698206394856"><time>2026-07-04T22:17:10Z</time></trkpt><trkpt lat="44.473353532522985" lon="-64.25701176073332"><time>2026-07-04T22:17:11Z</time></trkpt><trkpt lat="44.473370525343135" lon="-64.2570395038588"><time>2026-07-04T22:17:12Z</time></trkpt><trkpt lat="44.47339104635945" lon="-64.25706194851229"><time>2026-07-04T22:17:13Z</time></trkpt><trkpt lat="44.47341293312572" lon="-64.257084342048"><time>2026-07-04T22:17:14Z</time></trkpt><trkpt lat="44.47343584532594" lon="-64.25710446723801"><time>2026-07-04T22:17:15Z</time></trkpt><trkpt lat="44.473459773103535" lon="-64.25712325957977"><time>2026-07-04T22:17:16Z</time></trkpt><trkpt lat="44.47348097759016" lon="-64.25714676949684"><time>2026-07-04T22:17:17Z</time></trkpt><trkpt lat="44.47349969516691" lon="-64.25717284578758"><time>2026-07-04T22:17:18Z</time></trkpt><trkpt lat="44.47351884766702" lon="-64.25719496821716"><time>2026-07-04T22:17:19Z</time></trkpt><trkpt lat="44.473541391605" lon="-64.25721628323227"><time>2026-07-04T22:17:20Z</time></trkpt><trkpt lat="44.47356208658026" lon="-64.25723997304587"><time>2026-07-04T22:17:21Z</time></trkpt><trkpt lat="44.47358406795444" lon="-64.25726336815609"><time>2026-07-04T22:17:22Z</time></trkpt><trkpt lat="44.47360638906017" lon="-64.25728480892855"><time>2026-07-04T22:17:23Z</time></trkpt><trkpt lat="44.47363091440358" lon="-64.25730628896703"><time>2026-07-04T22:17:24Z</time></trkpt><trkpt lat="44.473655135108324" lon="-64.25732386565502"><time>2026-07-04T22:17:25Z</time></trkpt><trkpt lat="44.47367972011465" lon="-64.2573356015873"><time>2026-07-04T22:17:26Z</time></trkpt><trkpt lat="44.47370555937719" lon="-64.25735019991195"><time>2026-07-04T22:17:27Z</time></trkpt><trkpt lat="44.47373226055541" lon="-64.25736458770552"><time>2026-07-04T22:17:28Z</time></trkpt><trkpt lat="44.47375787975843" lon="-64.25738088582942"><time>2026-07-04T22:17:29Z</time></trkpt><trkpt lat="44.473782189590736" lon="-64.25739985146132"><time>2026-07-04T22:17:30Z</time></trkpt><trkpt lat="44.47380600540902" lon="-64.25741966232208"><time>2026-07-04T22:17:31Z</time></trkpt><trkpt lat="44.473830695945196" lon="-64.25744090869784"><time>2026-07-04T22:17:32Z</time></trkpt><trkpt lat="44.47385306370819" lon="-64.25746374846298"><time>2026-07-04T22:17:33Z</time></trkpt><trkpt lat="44.473877681744845" lon="-64.25748444148533"><time>2026-07-04T22:17:34Z</time></trkpt><trkpt lat="44.47390313614017" lon="-64.25749909749115"><time>2026-07-04T22:17:35Z</time></trkpt><trkpt lat="44.473931588254004" lon="-64.25751473585704"><time>2026-07-04T22:17:36Z</time></trkpt><trkpt lat="44.473957470740295" lon="-64.257530806681"><time>2026-07-04T22:17:37Z</time></trkpt><trkpt lat="44.47398260446756" lon="-64.2575505284059"><time>2026-07-04T22:17:38Z</time></trkpt><trkpt lat="44.47400470572446" lon="-64.25757459905151"><time>2026-07-04T22:17:39Z</time></trkpt><trkpt lat="44.474026508182874" lon="-64.25760208553407"><time>2026-07-04T22:17:40Z</time></trkpt><trkpt lat="44.4740475372753" lon="-64.25762765667592"><time>2026-07-04T22:17:41Z</time></trkpt><trkpt lat="44.47406818536512" lon="-64.25765146567112"><time>2026-07-04T22:17:42Z</time></trkpt><trkpt lat="44.474087218559006" lon="-64.25767848566183"><time>2026-07-04T22:17:43Z</time></trkpt><trkpt lat="44.474106363333455" lon="-64.25770305044577"><time>2026-07-04T22:17:44Z</time></trkpt><trkpt lat="44.47412478290897" lon="-64.25772982845362"><time>2026-07-04T22:17:45Z</time></trkpt><trkpt lat="44.474144727299645" lon="-64.25775458394453"><time>2026-07-04T22:17:46Z</time></trkpt><trkpt lat="44.47416407838525" lon="-64.2577782678299"><time>2026-07-04T22:17:47Z</time></trkpt><trkpt lat="44.47418340798712" lon="-64.25780471308397"><time>2026-07-04T22:17:48Z</time></trkpt><trkpt lat="44.47420284469388" lon="-64.25782728898662"><time>2026-07-04T22:17:49Z</time></trkpt><trkpt lat="44.47422781992178" lon="-64.25784703788771"><time>2026-07-04T22:17:50Z</time></trkpt><trkpt lat="44.47425569527176" lon="-64.25786150283062"><time>2026-07-04T22:17:51Z</time></trkpt><trkpt lat="44.47428203349907" lon="-64.25787796394764"><time>2026-07-04T22:17:52Z</time></trkpt><trkpt lat="44.474307855923115" lon="-64.25789717374175"><time>2026-07-04T22:17:53Z</time></trkpt><trkpt lat="44.474328886161516" lon="-64.25792591784425"><time>2026-07-04T22:17:54Z</time></trkpt><trkpt lat="44.474347975524964" lon="-64.25795267782289"><time>2026-07-04T22:17:55Z</time></trkpt><trkpt lat="44.47436880064184" lon="-64.25797593421329"><time>2026-07-04T22:17:56Z</time></trkpt><trkpt lat="44.47438907517915" lon="-64.25799969954208"><time>2026-07-04T22:17:57Z</time></trkpt><trkpt lat="44.47441076123458" lon="-64.25802382610482"><time>2026-07-04T22:17:58Z</time></trkpt><trkpt lat="44.474432774670134" lon="-64.2580473555907"><time>2026-07-04T22:17:59Z</time></trkpt><trkpt lat="44.474454559234374" lon="-64.2580734068212"><time>2026-07-04T22:18:00Z</time></trkpt><trkpt lat="44.47447566498039" lon="-64.25810257282723"><time>2026-07-04T22:18:01Z</time></trkpt><trkpt lat="44.47449809528999" lon="-64.25812759049337"><time>2026-07-04T22:18:02Z</time></trkpt><trkpt lat="44.47451991159592" lon="-64.2581524359347"><time>2026-07-04T22:18:03Z</time></trkpt><trkpt lat="44.474539913893445" lon="-64.25817696726996"><time>2026-07-04T22:18:04Z</time></trkpt><trkpt lat="44.474561806353144" lon="-64.25819714420356"><time>2026-07-04T22:18:05Z</time></trkpt><trkpt lat="44.47458323085387" lon="-64.25822088516043"><time>2026-07-04T22:18:06Z</time></trkpt><trkpt lat="44.474602789601484" lon="-64.25824723679034"><time>2026-07-04T22:18:07Z</time></trkpt><trkpt lat="44.47462237642915" lon="-64.2582722378119"><time>2026-07-04T22:18:08Z</time></trkpt><trkpt lat="44.474642828000086" lon="-64.25829519209657"><time>2026-07-04T22:18:09Z</time></trkpt><trkpt lat="44.4746639689941" lon="-64.2583171582828"><time>2026-07-04T22:18:10Z</time></trkpt><trkpt lat="44.47468115066499" lon="-64.25833957356775"><time>2026-07-04T22:18:11Z</time></trkpt><trkpt lat="44.4747031004505" lon="-64.25836188115854"><time>2026-07-04T22:18:12Z</time></trkpt><trkpt lat="44.47472170702083" lon="-64.25838228358957"><time>2026-07-04T22:18:13Z</time></trkpt><trkpt lat="44.47474123953307" lon="-64.25840281955156"><time>2026-07-04T22:18:14Z</time></trkpt><trkpt lat="44.47476174835394" lon="-64.25842268466386"><time>2026-07-04T22:18:15Z</time></trkpt><trkpt lat="44.4747851637286" lon="-64.25844376510211"><time>2026-07-04T22:18:16Z</time></trkpt><trkpt lat="44.47480995521402" lon="-64.25846379163437"><time>2026-07-04T22:18:17Z</time></trkpt><trkpt lat="44.474828707716" lon="-64.25848661920651"><time>2026-07-04T22:18:18Z</time></trkpt><trkpt lat="44.47484899456488" lon="-64.25850531733323"><time>2026-07-04T22:18:19Z</time></trkpt><trkpt lat="44.474868064168234" lon="-64.25852161880502"><time>2026-07-04T22:18:20Z</time></trkpt><trkpt lat="44.4748874470445" lon="-64.25854476181955"><time>2026-07-04T22:18:21Z</time></trkpt><trkpt lat="44.47490833465753" lon="-64.25856517271752"><time>2026-07-04T22:18:22Z</time></trkpt><trkpt lat="44.47493057708203" lon="-64.25858326768102"><time>2026-07-04T22:18:23Z</time></trkpt><trkpt lat="44.474954022282134" lon="-64.25859870530333"><time>2026-07-04T22:18:24Z</time></trkpt><trkpt lat="44.474977043663024" lon="-64.25861428047746"><time>2026-07-04T22:18:25Z</time></trkpt><trkpt lat="44.47499899626346" lon="-64.25863056001259"><time>2026-07-04T22:18:26Z</time></trkpt><trkpt lat="44.475020196885" lon="-64.25864923651913"><time>2026-07-04T22:18:27Z</time></trkpt><trkpt lat="44.47504140998705" lon="-64.25866734402442"><time>2026-07-04T22:18:28Z</time></trkpt><trkpt lat="44.47506156334083" lon="-64.2586881315494"><time>2026-07-04T22:18:29Z</time></trkpt><trkpt lat="44.47508166054756" lon="-64.25870964478818"><time>2026-07-04T22:18:30Z</time></trkpt><trkpt lat="44.47510247493105" lon="-64.25872893595053"><time>2026-07-04T22:18:31Z</time></trkpt><trkpt lat="44.475124318467955" lon="-64.25874612162968"><time>2026-07-04T22:18:32Z</time></trkpt><trkpt lat="44.4751433087864" lon="-64.25876561575461"><time>2026-07-04T22:18:33Z</time></trkpt><trkpt lat="44.47516234101555" lon="-64.25878455633489"><time>2026-07-04T22:18:34Z</time></trkpt><trkpt lat="44.47518299088879" lon="-64.25880229493217"><time>2026-07-04T22:18:35Z</time></trkpt><trkpt lat="44.47520225033336" lon="-64.25881974110419"><time>2026-07-04T22:18:36Z</time></trkpt><trkpt lat="44.475220762360166" lon="-64.25883827613455"><time>2026-07-04T22:18:37Z</time></trkpt><trkpt lat="44.47523847955254" lon="-64.25885722983641"><time>2026-07-04T22:18:38Z</time></trkpt><trkpt lat="44.475254458541286" lon="-64.258875084146"><time>2026-07-04T22:18:39Z</time></trkpt><trkpt lat="44.47527251028879" lon="-64.25889193039244"><time>2026-07-04T22:18:40Z</time></trkpt><trkpt lat="44.47528886774421" lon="-64.25890911129304"><time>2026-07-04T22:18:41Z</time></trkpt><trkpt lat="44.475304959814736" lon="-64.25892639846906"><time>2026-07-04T22:18:42Z</time></trkpt><trkpt lat="44.475318803920615" lon="-64.25894573876663"><time>2026-07-04T22:18:43Z</time></trkpt><trkpt lat="44.475334129970314" lon="-64.25896462275392"><time>2026-07-04T22:18:44Z</time></trkpt><trkpt lat="44.47535348539718" lon="-64.25900406934556"><time>2026-07-04T22:18:46Z</time></trkpt><trkpt lat="44.475359704448806" lon="-64.25902991526625"><time>2026-07-04T22:18:47Z</time></trkpt><trkpt lat="44.4753517398655" lon="-64.25907197949714"><time>2026-07-04T22:18:49Z</time></trkpt><trkpt lat="44.47533031995206" lon="-64.25910812525856"><time>2026-07-04T22:18:51Z</time></trkpt><trkpt lat="44.4753095897089" lon="-64.25911605727744"><time>2026-07-04T22:18:52Z</time></trkpt><trkpt lat="44.4752889850666" lon="-64.25911925104407"><time>2026-07-04T22:18:53Z</time></trkpt><trkpt lat="44.47526857026345" lon="-64.25912817155641"><time>2026-07-04T22:18:54Z</time></trkpt><trkpt lat="44.47524872894564" lon="-64.25914240433013"><time>2026-07-04T22:18:55Z</time></trkpt><trkpt lat="44.47522613590486" lon="-64.25915691344403"><time>2026-07-04T22:18:56Z</time></trkpt><trkpt lat="44.47520596363924" lon="-64.25917450323844"><time>2026-07-04T22:18:57Z</time></trkpt><trkpt lat="44.4751883520128" lon="-64.2591931111803"><time>2026-07-04T22:18:58Z</time></trkpt><trkpt lat="44.47516625939968" lon="-64.25921369928295"><time>2026-07-04T22:18:59Z</time></trkpt><trkpt lat="44.47514857268508" lon="-64.25922781903469"><time>2026-07-04T22:19:00Z</time></trkpt><trkpt lat="44.47512663939149" lon="-64.25925114138579"><time>2026-07-04T22:19:01Z</time></trkpt><trkpt lat="44.47510399851883" lon="-64.25926895504546"><time>2026-07-04T22:19:02Z</time></trkpt><trkpt lat="44.475081235144295" lon="-64.25928563277458"><time>2026-07-04T22:19:03Z</time></trkpt><trkpt lat="44.4750550376968" lon="-64.2593020423762"><time>2026-07-04T22:19:04Z</time></trkpt><trkpt lat="44.475031661665874" lon="-64.25931885473787"><time>2026-07-04T22:19:05Z</time></trkpt><trkpt lat="44.47500802168909" lon="-64.25933720103275"><time>2026-07-04T22:19:06Z</time></trkpt><trkpt lat="44.47498514214431" lon="-64.2593549050899"><time>2026-07-04T22:19:07Z</time></trkpt><trkpt lat="44.47495892791948" lon="-64.25937330601343"><time>2026-07-04T22:19:08Z</time></trkpt><trkpt lat="44.47493404894097" lon="-64.25939172846736"><time>2026-07-04T22:19:09Z</time></trkpt><trkpt lat="44.47491115142881" lon="-64.25941021695485"><time>2026-07-04T22:19:10Z</time></trkpt><trkpt lat="44.474886917260555" lon="-64.25942940536271"><time>2026-07-04T22:19:11Z</time></trkpt><trkpt lat="44.47486407547825" lon="-64.25944991597751"><time>2026-07-04T22:19:12Z</time></trkpt><trkpt lat="44.474841106452125" lon="-64.25946933349492"><time>2026-07-04T22:19:13Z</time></trkpt><trkpt lat="44.47481871051778" lon="-64.25948669302547"><time>2026-07-04T22:19:14Z</time></trkpt><trkpt lat="44.47479237559435" lon="-64.25950465563147"><time>2026-07-04T22:19:15Z</time></trkpt><trkpt lat="44.47476603469709" lon="-64.2595201576061"><time>2026-07-04T22:19:16Z</time></trkpt><trkpt lat="44.474737798611436" lon="-64.25953560573677"><time>2026-07-04T22:19:17Z</time></trkpt><trkpt lat="44.47471039391305" lon="-64.25954745165096"><time>2026-07-04T22:19:18Z</time></trkpt><trkpt lat="44.47468324868946" lon="-64.25956143308903"><time>2026-07-04T22:19:19Z</time></trkpt><trkpt lat="44.47465747493218" lon="-64.25957748570653"><time>2026-07-04T22:19:20Z</time></trkpt><trkpt lat="44.47462930932626" lon="-64.25959324018685"><time>2026-07-04T22:19:21Z</time></trkpt><trkpt lat="44.47460093737611" lon="-64.25960715886907"><time>2026-07-04T22:19:22Z</time></trkpt><trkpt lat="44.47457322683063" lon="-64.25961905683418"><time>2026-07-04T22:19:23Z</time></trkpt><trkpt lat="44.474544777585784" lon="-64.25963383413996"><time>2026-07-04T22:19:24Z</time></trkpt><trkpt lat="44.4745186031197" lon="-64.25965086480954"><time>2026-07-04T22:19:25Z</time></trkpt><trkpt lat="44.474492542031115" lon="-64.25967005205077"><time>2026-07-04T22:19:26Z</time></trkpt><trkpt lat="44.474464893337164" lon="-64.25968534106639"><time>2026-07-04T22:19:27Z</time></trkpt><trkpt lat="44.47443610364946" lon="-64.25969700124536"><time>2026-07-04T22:19:28Z</time></trkpt><trkpt lat="44.47440763146159" lon="-64.25970738777723"><time>2026-07-04T22:19:29Z</time></trkpt><trkpt lat="44.474378266577055" lon="-64.25971771990234"><time>2026-07-04T22:19:30Z</time></trkpt><trkpt lat="44.474349498189724" lon="-64.25973003212306"><time>2026-07-04T22:19:31Z</time></trkpt><trkpt lat="44.47432194459537" lon="-64.25974587313631"><time>2026-07-04T22:19:32Z</time></trkpt><trkpt lat="44.47429515219871" lon="-64.25976130231518"><time>2026-07-04T22:19:33Z</time></trkpt><trkpt lat="44.47426812524852" lon="-64.25977797869037"><time>2026-07-04T22:19:34Z</time></trkpt><trkpt lat="44.474240903282414" lon="-64.25979460268755"><time>2026-07-04T22:19:35Z</time></trkpt><trkpt lat="44.474214623754285" lon="-64.25981005424687"><time>2026-07-04T22:19:36Z</time></trkpt><trkpt lat="44.47418728084811" lon="-64.25982423932393"><time>2026-07-04T22:19:37Z</time></trkpt><trkpt lat="44.47416134923323" lon="-64.2598337898746"><time>2026-07-04T22:19:38Z</time></trkpt><trkpt lat="44.4741293063946" lon="-64.25984544520682"><time>2026-07-04T22:19:39Z</time></trkpt><trkpt lat="44.47409847025559" lon="-64.25985386704485"><time>2026-07-04T22:19:40Z</time></trkpt><trkpt lat="44.4740714332477" lon="-64.25986558372098"><time>2026-07-04T22:19:41Z</time></trkpt><trkpt lat="44.47404267946028" lon="-64.25987699455268"><time>2026-07-04T22:19:42Z</time></trkpt><trkpt lat="44.47401440947507" lon="-64.25988777959596"><time>2026-07-04T22:19:43Z</time></trkpt><trkpt lat="44.47398466877247" lon="-64.25989749976692"><time>2026-07-04T22:19:44Z</time></trkpt><trkpt lat="44.47395646853587" lon="-64.25990969137803"><time>2026-07-04T22:19:45Z</time></trkpt><trkpt lat="44.473927058673866" lon="-64.25992113854552"><time>2026-07-04T22:19:46Z</time></trkpt><trkpt lat="44.473897038607404" lon="-64.25993113927193"><time>2026-07-04T22:19:47Z</time></trkpt><trkpt lat="44.473868661043305" lon="-64.2599439471825"><time>2026-07-04T22:19:48Z</time></trkpt><trkpt lat="44.47383950435688" lon="-64.25995650558582"><time>2026-07-04T22:19:49Z</time></trkpt><trkpt lat="44.47381199690528" lon="-64.25997043287279"><time>2026-07-04T22:19:50Z</time></trkpt><trkpt lat="44.47378156551446" lon="-64.25998335070858"><time>2026-07-04T22:19:51Z</time></trkpt><trkpt lat="44.47375260232904" lon="-64.25999646269935"><time>2026-07-04T22:19:52Z</time></trkpt><trkpt lat="44.47372318545199" lon="-64.26000485494399"><time>2026-07-04T22:19:53Z</time></trkpt><trkpt lat="44.47369419136504" lon="-64.26001223271881"><time>2026-07-04T22:19:54Z</time></trkpt><trkpt lat="44.4736644401939" lon="-64.26002072014599"><time>2026-07-04T22:19:55Z</time></trkpt><trkpt lat="44.47363596859118" lon="-64.26003114221277"><time>2026-07-04T22:19:56Z</time></trkpt><trkpt lat="44.47360868914234" lon="-64.26004180451902"><time>2026-07-04T22:19:57Z</time></trkpt><trkpt lat="44.47358031016836" lon="-64.26005345844217"><time>2026-07-04T22:19:58Z</time></trkpt><trkpt lat="44.4735495580198" lon="-64.26006541024435"><time>2026-07-04T22:19:59Z</time></trkpt><trkpt lat="44.47351967725709" lon="-64.26007629248252"><time>2026-07-04T22:20:00Z</time></trkpt><trkpt lat="44.473491253523356" lon="-64.26008997750958"><time>2026-07-04T22:20:01Z</time></trkpt><trkpt lat="44.473461005170996" lon="-64.26009953705757"><time>2026-07-04T22:20:02Z</time></trkpt><trkpt lat="44.47343066323495" lon="-64.26011166151129"><time>2026-07-04T22:20:03Z</time></trkpt><trkpt lat="44.473404049684405" lon="-64.26012688601303"><time>2026-07-04T22:20:04Z</time></trkpt><trkpt lat="44.47337771565053" lon="-64.26014124482664"><time>2026-07-04T22:20:05Z</time></trkpt><trkpt lat="44.47335239015502" lon="-64.2601625860665"><time>2026-07-04T22:20:06Z</time></trkpt><trkpt lat="44.47332479119819" lon="-64.26018088304826"><time>2026-07-04T22:20:07Z</time></trkpt><trkpt lat="44.47329474585752" lon="-64.26019564676436"><time>2026-07-04T22:20:08Z</time></trkpt><trkpt lat="44.47326814652472" lon="-64.26020616100125"><time>2026-07-04T22:20:09Z</time></trkpt><trkpt lat="44.473238698653056" lon="-64.26021709304021"><time>2026-07-04T22:20:10Z</time></trkpt><trkpt lat="44.473209086990686" lon="-64.26022919733354"><time>2026-07-04T22:20:11Z</time></trkpt><trkpt lat="44.47317814710175" lon="-64.2602416511116"><time>2026-07-04T22:20:12Z</time></trkpt><trkpt lat="44.47314875773837" lon="-64.26025493779834"><time>2026-07-04T22:20:13Z</time></trkpt><trkpt lat="44.4731216693254" lon="-64.26026954322862"><time>2026-07-04T22:20:14Z</time></trkpt><trkpt lat="44.473092591588454" lon="-64.26028665201352"><time>2026-07-04T22:20:15Z</time></trkpt><trkpt lat="44.47306611068683" lon="-64.2603034212176"><time>2026-07-04T22:20:16Z</time></trkpt><trkpt lat="44.473039628050536" lon="-64.26031818736038"><time>2026-07-04T22:20:17Z</time></trkpt><trkpt lat="44.47301210639723" lon="-64.2603339524391"><time>2026-07-04T22:20:18Z</time></trkpt><trkpt lat="44.47298468072336" lon="-64.26034942297993"><time>2026-07-04T22:20:19Z</time></trkpt><trkpt lat="44.472957735460646" lon="-64.26036395624597"><time>2026-07-04T22:20:20Z</time></trkpt><trkpt lat="44.4729296310931" lon="-64.26037458992731"><time>2026-07-04T22:20:21Z</time></trkpt><trkpt lat="44.4729008878942" lon="-64.26038755517091"><time>2026-07-04T22:20:22Z</time></trkpt><trkpt lat="44.47287127130229" lon="-64.26039867539282"><time>2026-07-04T22:20:23Z</time></trkpt><trkpt lat="44.47284569123243" lon="-64.26041645949456"><time>2026-07-04T22:20:24Z</time></trkpt><trkpt lat="44.47282257359647" lon="-64.26043606076583"><time>2026-07-04T22:20:25Z</time></trkpt><trkpt lat="44.47280089865517" lon="-64.26045832235094"><time>2026-07-04T22:20:26Z</time></trkpt><trkpt lat="44.47277900427975" lon="-64.26048397422262"><time>2026-07-04T22:20:27Z</time></trkpt><trkpt lat="44.472756045603" lon="-64.26050954473453"><time>2026-07-04T22:20:28Z</time></trkpt><trkpt lat="44.47273201614361" lon="-64.26052835579007"><time>2026-07-04T22:20:29Z</time></trkpt><trkpt lat="44.47270701881211" lon="-64.2605487461941"><time>2026-07-04T22:20:30Z</time></trkpt><trkpt lat="44.47267800396768" lon="-64.26056847480689"><time>2026-07-04T22:20:31Z</time></trkpt><trkpt lat="44.47264894472028" lon="-64.26058405203669"><time>2026-07-04T22:20:32Z</time></trkpt><trkpt lat="44.47261788266551" lon="-64.26059065579966"><time>2026-07-04T22:20:33Z</time></trkpt><trkpt lat="44.47258876268987" lon="-64.26060040448722"><time>2026-07-04T22:20:34Z</time></trkpt><trkpt lat="44.4725577927687" lon="-64.2606072449202"><time>2026-07-04T22:20:35Z</time></trkpt><trkpt lat="44.47252647334441" lon="-64.26061329237864"><time>2026-07-04T22:20:36Z</time></trkpt><trkpt lat="44.47249543871544" lon="-64.2606189033378"><time>2026-07-04T22:20:37Z</time></trkpt><trkpt lat="44.47246468573966" lon="-64.26062495902343"><time>2026-07-04T22:20:38Z</time></trkpt><trkpt lat="44.47243443162288" lon="-64.26063208672306"><time>2026-07-04T22:20:39Z</time></trkpt><trkpt lat="44.47240444005857" lon="-64.26063837455933"><time>2026-07-04T22:20:40Z</time></trkpt><trkpt lat="44.472375343302545" lon="-64.26064630945697"><time>2026-07-04T22:20:41Z</time></trkpt><trkpt lat="44.47234438646514" lon="-64.26065146272964"><time>2026-07-04T22:20:42Z</time></trkpt><trkpt lat="44.47231344965015" lon="-64.26065804875215"><time>2026-07-04T22:20:43Z</time></trkpt><trkpt lat="44.472284937710455" lon="-64.26066396383773"><time>2026-07-04T22:20:44Z</time></trkpt><trkpt lat="44.472254812506584" lon="-64.26067293940169"><time>2026-07-04T22:20:45Z</time></trkpt><trkpt lat="44.47222472679363" lon="-64.26068313055735"><time>2026-07-04T22:20:46Z</time></trkpt><trkpt lat="44.47219710839128" lon="-64.26069665406783"><time>2026-07-04T22:20:47Z</time></trkpt><trkpt lat="44.47216606878799" lon="-64.26071034640078"><time>2026-07-04T22:20:48Z</time></trkpt><trkpt lat="44.47213501616862" lon="-64.26072113370655"><time>2026-07-04T22:20:49Z</time></trkpt><trkpt lat="44.47210483230053" lon="-64.26073366970452"><time>2026-07-04T22:20:50Z</time></trkpt><trkpt lat="44.47207586066266" lon="-64.26075067278842"><time>2026-07-04T22:20:51Z</time></trkpt><trkpt lat="44.47204857192233" lon="-64.26076626008928"><time>2026-07-04T22:20:52Z</time></trkpt><trkpt lat="44.47202116279783" lon="-64.26078278429516"><time>2026-07-04T22:20:53Z</time></trkpt><trkpt lat="44.471992880825525" lon="-64.26079648028458"><time>2026-07-04T22:20:54Z</time></trkpt><trkpt lat="44.47196407286503" lon="-64.2608133574031"><time>2026-07-04T22:20:55Z</time></trkpt><trkpt lat="44.47193790141065" lon="-64.26083203001791"><time>2026-07-04T22:20:56Z</time></trkpt><trkpt lat="44.471910267711095" lon="-64.26085559605879"><time>2026-07-04T22:20:57Z</time></trkpt><trkpt lat="44.47188535649626" lon="-64.26087534834964"><time>2026-07-04T22:20:58Z</time></trkpt><trkpt lat="44.47185947391264" lon="-64.26090059103116"><time>2026-07-04T22:20:59Z</time></trkpt><trkpt lat="44.47183735038124" lon="-64.26092049444837"><time>2026-07-04T22:21:00Z</time></trkpt><trkpt lat="44.47181027894267" lon="-64.26094060418356"><time>2026-07-04T22:21:01Z</time></trkpt><trkpt lat="44.4717833778654" lon="-64.26095807583914"><time>2026-07-04T22:21:02Z</time></trkpt><trkpt lat="44.47175423041954" lon="-64.26097605809952"><time>2026-07-04T22:21:03Z</time></trkpt><trkpt lat="44.47172520799721" lon="-64.26099131682543"><time>2026-07-04T22:21:04Z</time></trkpt><trkpt lat="44.47169913302902" lon="-64.26100856868129"><time>2026-07-04T22:21:05Z</time></trkpt><trkpt lat="44.471671161764434" lon="-64.2610243464532"><time>2026-07-04T22:21:06Z</time></trkpt><trkpt lat="44.47164188939725" lon="-64.2610380835539"><time>2026-07-04T22:21:07Z</time></trkpt><trkpt lat="44.471614068296816" lon="-64.26105808817636"><time>2026-07-04T22:21:08Z</time></trkpt><trkpt lat="44.47158860726674" lon="-64.26107698634048"><time>2026-07-04T22:21:09Z</time></trkpt><trkpt lat="44.47156298538671" lon="-64.26109786718197"><time>2026-07-04T22:21:10Z</time></trkpt><trkpt lat="44.47153789736368" lon="-64.2611182920181"><time>2026-07-04T22:21:11Z</time></trkpt><trkpt lat="44.47150938251638" lon="-64.26113525544439"><time>2026-07-04T22:21:12Z</time></trkpt><trkpt lat="44.471481458331745" lon="-64.26115653559425"><time>2026-07-04T22:21:13Z</time></trkpt><trkpt lat="44.47145661827064" lon="-64.26117799519724"><time>2026-07-04T22:21:14Z</time></trkpt><trkpt lat="44.47142966559796" lon="-64.26119399159013"><time>2026-07-04T22:21:15Z</time></trkpt><trkpt lat="44.47140186405867" lon="-64.26120977101866"><time>2026-07-04T22:21:16Z</time></trkpt><trkpt lat="44.471379249227866" lon="-64.26123091507436"><time>2026-07-04T22:21:17Z</time></trkpt><trkpt lat="44.47135238735613" lon="-64.2612487334832"><time>2026-07-04T22:21:18Z</time></trkpt><trkpt lat="44.471326534271874" lon="-64.26127051717319"><time>2026-07-04T22:21:19Z</time></trkpt><trkpt lat="44.47130590566956" lon="-64.26128957408952"><time>2026-07-04T22:21:20Z</time></trkpt><trkpt lat="44.47127606694535" lon="-64.26130626979396"><time>2026-07-04T22:21:21Z</time></trkpt><trkpt lat="44.47124923821286" lon="-64.2613205079219"><time>2026-07-04T22:21:22Z</time></trkpt><trkpt lat="44.47122021885176" lon="-64.26132824318049"><time>2026-07-04T22:21:23Z</time></trkpt><trkpt lat="44.471189123247115" lon="-64.2613404284778"><time>2026-07-04T22:21:24Z</time></trkpt><trkpt lat="44.47115870179094" lon="-64.26135118101705"><time>2026-07-04T22:21:25Z</time></trkpt><trkpt lat="44.47112719998295" lon="-64.26135552857737"><time>2026-07-04T22:21:26Z</time></trkpt><trkpt lat="44.47109722058617" lon="-64.2613588674833"><time>2026-07-04T22:21:27Z</time></trkpt><trkpt lat="44.471065816555566" lon="-64.26136544081393"><time>2026-07-04T22:21:28Z</time></trkpt><trkpt lat="44.47103409798215" lon="-64.26136101003739"><time>2026-07-04T22:21:29Z</time></trkpt><trkpt lat="44.471003816990915" lon="-64.26135552933731"><time>2026-07-04T22:21:30Z</time></trkpt><trkpt lat="44.47097508671988" lon="-64.261335350473"><time>2026-07-04T22:21:31Z</time></trkpt><trkpt lat="44.47094921054477" lon="-64.26130428113646"><time>2026-07-04T22:21:32Z</time></trkpt><trkpt lat="44.47093034797424" lon="-64.2612670652304"><time>2026-07-04T22:21:33Z</time></trkpt><trkpt lat="44.47091891176822" lon="-64.26123075706025"><time>2026-07-04T22:21:34Z</time></trkpt><trkpt lat="44.47091339569196" lon="-64.26119462372871"><time>2026-07-04T22:21:35Z</time></trkpt><trkpt lat="44.47090660613931" lon="-64.26115897534311"><time>2026-07-04T22:21:36Z</time></trkpt><trkpt lat="44.4708955028004" lon="-64.26112211664821"><time>2026-07-04T22:21:37Z</time></trkpt><trkpt lat="44.47090409694874" lon="-64.26108432706333"><time>2026-07-04T22:21:38Z</time></trkpt><trkpt lat="44.470907960450965" lon="-64.2610548585502"><time>2026-07-04T22:21:39Z</time></trkpt><trkpt lat="44.47091839634739" lon="-64.26102544499007"><time>2026-07-04T22:21:40Z</time></trkpt><trkpt lat="44.470932114601645" lon="-64.26099881320366"><time>2026-07-04T22:21:41Z</time></trkpt><trkpt lat="44.47094668753942" lon="-64.2609718942533"><time>2026-07-04T22:21:42Z</time></trkpt><trkpt lat="44.47096309101488" lon="-64.26094633230836"><time>2026-07-04T22:21:43Z</time></trkpt><trkpt lat="44.47097272178327" lon="-64.2609108894452"><time>2026-07-04T22:21:44Z</time></trkpt><trkpt lat="44.470978683453886" lon="-64.26087339619225"><time>2026-07-04T22:21:45Z</time></trkpt><trkpt lat="44.470973534599835" lon="-64.26083623789859"><time>2026-07-04T22:21:46Z</time></trkpt><trkpt lat="44.47096697923838" lon="-64.26080670120359"><time>2026-07-04T22:21:47Z</time></trkpt><trkpt lat="44.47096665813476" lon="-64.26077185430164"><time>2026-07-04T22:21:48Z</time></trkpt><trkpt lat="44.47096300605361" lon="-64.26073853634645"><time>2026-07-04T22:21:49Z</time></trkpt><trkpt lat="44.470957689205996" lon="-64.26070449650328"><time>2026-07-04T22:21:50Z</time></trkpt><trkpt lat="44.470949300635134" lon="-64.2606761538414"><time>2026-07-04T22:21:51Z</time></trkpt><trkpt lat="44.47094176906638" lon="-64.260643647961"><time>2026-07-04T22:21:52Z</time></trkpt><trkpt lat="44.47093383345393" lon="-64.26061649417854"><time>2026-07-04T22:21:53Z</time></trkpt><trkpt lat="44.47092324440551" lon="-64.26058415620227"><time>2026-07-04T22:21:54Z</time></trkpt><trkpt lat="44.47090604596394" lon="-64.26055831767317"><time>2026-07-04T22:21:55Z</time></trkpt><trkpt lat="44.4708895699391" lon="-64.2605379025669"><time>2026-07-04T22:21:56Z</time></trkpt><trkpt lat="44.47086962366368" lon="-64.26052423198803"><time>2026-07-04T22:21:57Z</time></trkpt><trkpt lat="44.47084458076727" lon="-64.26052338362184"><time>2026-07-04T22:21:58Z</time></trkpt><trkpt lat="44.47082237373747" lon="-64.26052135876809"><time>2026-07-04T22:21:59Z</time></trkpt><trkpt lat="44.47079292013562" lon="-64.26051372101199"><time>2026-07-04T22:22:00Z</time></trkpt><trkpt lat="44.470768544287324" lon="-64.26051115505011"><time>2026-07-04T22:22:01Z</time></trkpt><trkpt lat="44.47072918535992" lon="-64.26049748202603"><time>2026-07-04T22:22:03Z</time></trkpt><trkpt lat="44.47070698543575" lon="-64.26047583975836"><time>2026-07-04T22:22:04Z</time></trkpt><trkpt lat="44.47068469938662" lon="-64.26045330329156"><time>2026-07-04T22:22:05Z</time></trkpt><trkpt lat="44.47066282164445" lon="-64.26043240705432"><time>2026-07-04T22:22:06Z</time></trkpt><trkpt lat="44.470641269562634" lon="-64.26041534166777"><time>2026-07-04T22:22:07Z</time></trkpt><trkpt lat="44.470615618241894" lon="-64.26039516453464"><time>2026-07-04T22:22:08Z</time></trkpt><trkpt lat="44.47058899498125" lon="-64.26037618626427"><time>2026-07-04T22:22:09Z</time></trkpt><trkpt lat="44.47055670305806" lon="-64.26035937828367"><time>2026-07-04T22:22:10Z</time></trkpt><trkpt lat="44.470528043819535" lon="-64.26033951182104"><time>2026-07-04T22:22:11Z</time></trkpt><trkpt lat="44.470500266615026" lon="-64.26031606891964"><time>2026-07-04T22:22:12Z</time></trkpt><trkpt lat="44.47047158249821" lon="-64.26029239139922"><time>2026-07-04T22:22:13Z</time></trkpt><trkpt lat="44.47044389920779" lon="-64.26027000966428"><time>2026-07-04T22:22:14Z</time></trkpt><trkpt lat="44.470412392718686" lon="-64.26024537234974"><time>2026-07-04T22:22:15Z</time></trkpt><trkpt lat="44.470383555838026" lon="-64.26021992410647"><time>2026-07-04T22:22:16Z</time></trkpt><trkpt lat="44.470356602533954" lon="-64.26018922180006"><time>2026-07-04T22:22:17Z</time></trkpt><trkpt lat="44.47033297854315" lon="-64.26015999579124"><time>2026-07-04T22:22:18Z</time></trkpt><trkpt lat="44.470306443681196" lon="-64.26013383457693"><time>2026-07-04T22:22:19Z</time></trkpt><trkpt lat="44.470279571031476" lon="-64.26010971098667"><time>2026-07-04T22:22:20Z</time></trkpt><trkpt lat="44.470250404882805" lon="-64.26008625442266"><time>2026-07-04T22:22:21Z</time></trkpt><trkpt lat="44.47022354267209" lon="-64.26006136912349"><time>2026-07-04T22:22:22Z</time></trkpt><trkpt lat="44.470197161579804" lon="-64.26003439458508"><time>2026-07-04T22:22:23Z</time></trkpt><trkpt lat="44.47016995414939" lon="-64.26000925185305"><time>2026-07-04T22:22:24Z</time></trkpt><trkpt lat="44.470143035728086" lon="-64.25998531160185"><time>2026-07-04T22:22:25Z</time></trkpt><trkpt lat="44.47012028154716" lon="-64.25995732264838"><time>2026-07-04T22:22:26Z</time></trkpt><trkpt lat="44.47009036698948" lon="-64.25993041168019"><time>2026-07-04T22:22:27Z</time></trkpt><trkpt lat="44.470060795491996" lon="-64.25990752481474"><time>2026-07-04T22:22:28Z</time></trkpt><trkpt lat="44.470030547601674" lon="-64.25988825002376"><time>2026-07-04T22:22:29Z</time></trkpt><trkpt lat="44.470000135965094" lon="-64.25987057259094"><time>2026-07-04T22:22:30Z</time></trkpt><trkpt lat="44.46997174499851" lon="-64.25985356042635"><time>2026-07-04T22:22:31Z</time></trkpt><trkpt lat="44.46994153963679" lon="-64.25983705743445"><time>2026-07-04T22:22:32Z</time></trkpt><trkpt lat="44.469914243899105" lon="-64.25981455746347"><time>2026-07-04T22:22:33Z</time></trkpt><trkpt lat="44.46988566930772" lon="-64.25979418277812"><time>2026-07-04T22:22:34Z</time></trkpt><trkpt lat="44.4698560108756" lon="-64.25976811624065"><time>2026-07-04T22:22:35Z</time></trkpt><trkpt lat="44.46982950298834" lon="-64.25973617995828"><time>2026-07-04T22:22:36Z</time></trkpt><trkpt lat="44.46980700560131" lon="-64.25970583418913"><time>2026-07-04T22:22:37Z</time></trkpt><trkpt lat="44.46978510278419" lon="-64.25967178461374"><time>2026-07-04T22:22:38Z</time></trkpt><trkpt lat="44.46975803207218" lon="-64.25964471139076"><time>2026-07-04T22:22:39Z</time></trkpt><trkpt lat="44.46973266810851" lon="-64.25962449472381"><time>2026-07-04T22:22:40Z</time></trkpt><trkpt lat="44.46970525274317" lon="-64.25960163259445"><time>2026-07-04T22:22:41Z</time></trkpt><trkpt lat="44.46967811286749" lon="-64.25957679317003"><time>2026-07-04T22:22:42Z</time></trkpt><trkpt lat="44.46965097185761" lon="-64.25955253150099"><time>2026-07-04T22:22:43Z</time></trkpt><trkpt lat="44.46962352539174" lon="-64.25952683762227"><time>2026-07-04T22:22:44Z</time></trkpt><trkpt lat="44.469597570548636" lon="-64.25950105009268"><time>2026-07-04T22:22:45Z</time></trkpt><trkpt lat="44.469573219843866" lon="-64.25947351212075"><time>2026-07-04T22:22:46Z</time></trkpt><trkpt lat="44.469550204794594" lon="-64.25944458330392"><time>2026-07-04T22:22:47Z</time></trkpt><trkpt lat="44.469526567175514" lon="-64.25941590224501"><time>2026-07-04T22:22:48Z</time></trkpt><trkpt lat="44.46950533492324" lon="-64.25938581014672"><time>2026-07-04T22:22:49Z</time></trkpt><trkpt lat="44.469482287502046" lon="-64.2593579917182"><time>2026-07-04T22:22:50Z</time></trkpt><trkpt lat="44.469463231603974" lon="-64.25933827214212"><time>2026-07-04T22:22:51Z</time></trkpt><trkpt lat="44.46943191476124" lon="-64.25931125153973"><time>2026-07-04T22:22:52Z</time></trkpt><trkpt lat="44.46940337635485" lon="-64.25928517452253"><time>2026-07-04T22:22:53Z</time></trkpt><trkpt lat="44.469378604184236" lon="-64.25926053043938"><time>2026-07-04T22:22:54Z</time></trkpt><trkpt lat="44.46935444470664" lon="-64.25923530060906"><time>2026-07-04T22:22:55Z</time></trkpt><trkpt lat="44.469330971760414" lon="-64.25921056273035"><time>2026-07-04T22:22:56Z</time></trkpt><trkpt lat="44.46930663529198" lon="-64.25918532431433"><time>2026-07-04T22:22:57Z</time></trkpt><trkpt lat="44.46928170143854" lon="-64.25915971620606"><time>2026-07-04T22:22:58Z</time></trkpt><trkpt lat="44.46925904714835" lon="-64.25913544836354"><time>2026-07-04T22:22:59Z</time></trkpt><trkpt lat="44.46923599103799" lon="-64.25910611349285"><time>2026-07-04T22:23:00Z</time></trkpt><trkpt lat="44.46921374149378" lon="-64.2590781735315"><time>2026-07-04T22:23:01Z</time></trkpt><trkpt lat="44.469188191026554" lon="-64.25905094222975"><time>2026-07-04T22:23:02Z</time></trkpt><trkpt lat="44.469162420080416" lon="-64.25903331670177"><time>2026-07-04T22:23:03Z</time></trkpt><trkpt lat="44.46913601718612" lon="-64.25902051332748"><time>2026-07-04T22:23:04Z</time></trkpt><trkpt lat="44.46911003638129" lon="-64.2590082179617"><time>2026-07-04T22:23:05Z</time></trkpt><trkpt lat="44.46908389424043" lon="-64.25898376655243"><time>2026-07-04T22:23:06Z</time></trkpt><trkpt lat="44.46905813820263" lon="-64.25896401462823"><time>2026-07-04T22:23:07Z</time></trkpt><trkpt lat="44.469033334983486" lon="-64.25893826342129"><time>2026-07-04T22:23:08Z</time></trkpt><trkpt lat="44.469012263903736" lon="-64.25891815115902"><time>2026-07-04T22:23:09Z</time></trkpt><trkpt lat="44.46899210379968" lon="-64.2588944736172"><time>2026-07-04T22:23:10Z</time></trkpt><trkpt lat="44.46896177971736" lon="-64.25887003960638"><time>2026-07-04T22:23:11Z</time></trkpt><trkpt lat="44.468934270633866" lon="-64.25885958835852"><time>2026-07-04T22:23:12Z</time></trkpt><trkpt lat="44.46890404772564" lon="-64.25886001818843"><time>2026-07-04T22:23:14Z</time></trkpt><trkpt lat="44.46888039295958" lon="-64.25886758712441"><time>2026-07-04T22:23:15Z</time></trkpt><trkpt lat="44.46886529295902" lon="-64.25889058958252"><time>2026-07-04T22:23:16Z</time></trkpt><trkpt lat="44.46884988125016" lon="-64.25890954959746"><time>2026-07-04T22:23:17Z</time></trkpt><trkpt lat="44.46883087308171" lon="-64.25892964230891"><time>2026-07-04T22:23:18Z</time></trkpt><trkpt lat="44.46880785907414" lon="-64.25895060346309"><time>2026-07-04T22:23:19Z</time></trkpt><trkpt lat="44.46876719497095" lon="-64.25897007030999"><time>2026-07-04T22:23:21Z</time></trkpt><trkpt lat="44.46874508344682" lon="-64.25898227932153"><time>2026-07-04T22:23:22Z</time></trkpt><trkpt lat="44.468721669381935" lon="-64.25899451312384"><time>2026-07-04T22:23:23Z</time></trkpt><trkpt lat="44.46869897726366" lon="-64.25901184461524"><time>2026-07-04T22:23:24Z</time></trkpt><trkpt lat="44.468682400370014" lon="-64.2590240066817"><time>2026-07-04T22:23:25Z</time></trkpt><trkpt lat="44.46866129063366" lon="-64.25904431620533"><time>2026-07-04T22:23:26Z</time></trkpt><trkpt lat="44.46864314331103" lon="-64.25905923907281"><time>2026-07-04T22:23:27Z</time></trkpt><trkpt lat="44.4686215212207" lon="-64.25907289474515"><time>2026-07-04T22:23:28Z</time></trkpt><trkpt lat="44.468600980170514" lon="-64.25908598348117"><time>2026-07-04T22:23:29Z</time></trkpt><trkpt lat="44.468581290076244" lon="-64.25910085455111"><time>2026-07-04T22:23:30Z</time></trkpt><trkpt lat="44.46856010659454" lon="-64.2591168728806"><time>2026-07-04T22:23:31Z</time></trkpt><trkpt lat="44.4685384636158" lon="-64.259133866495"><time>2026-07-04T22:23:32Z</time></trkpt><trkpt lat="44.46851745306328" lon="-64.25915018627485"><time>2026-07-04T22:23:33Z</time></trkpt><trkpt lat="44.46849729460565" lon="-64.25916926733761"><time>2026-07-04T22:23:34Z</time></trkpt><trkpt lat="44.46847698212858" lon="-64.25918844805116"><time>2026-07-04T22:23:35Z</time></trkpt><trkpt lat="44.46845281168374" lon="-64.25921068343432"><time>2026-07-04T22:23:36Z</time></trkpt><trkpt lat="44.468431700962796" lon="-64.25922769795028"><time>2026-07-04T22:23:37Z</time></trkpt><trkpt lat="44.46840825903316" lon="-64.25924799848458"><time>2026-07-04T22:23:38Z</time></trkpt><trkpt lat="44.46838715135478" lon="-64.25926310234328"><time>2026-07-04T22:23:39Z</time></trkpt><trkpt lat="44.46836448904422" lon="-64.25928296818726"><time>2026-07-04T22:23:40Z</time></trkpt><trkpt lat="44.46834072831507" lon="-64.25930186190654"><time>2026-07-04T22:23:41Z</time></trkpt><trkpt lat="44.46831606588889" lon="-64.25931941426579"><time>2026-07-04T22:23:42Z</time></trkpt><trkpt lat="44.46829427825964" lon="-64.25933795587687"><time>2026-07-04T22:23:43Z</time></trkpt><trkpt lat="44.46827046070776" lon="-64.25935745601363"><time>2026-07-04T22:23:44Z</time></trkpt><trkpt lat="44.46825051455143" lon="-64.25937745489509"><time>2026-07-04T22:23:45Z</time></trkpt><trkpt lat="44.468227062249845" lon="-64.25939839448749"><time>2026-07-04T22:23:46Z</time></trkpt><trkpt lat="44.468201995862046" lon="-64.2594224929817"><time>2026-07-04T22:23:47Z</time></trkpt><trkpt lat="44.46818580632835" lon="-64.25944286857528"><time>2026-07-04T22:23:48Z</time></trkpt><trkpt lat="44.46816109477164" lon="-64.2594620530929"><time>2026-07-04T22:23:49Z</time></trkpt><trkpt lat="44.46813886470585" lon="-64.25948258785918"><time>2026-07-04T22:23:50Z</time></trkpt><trkpt lat="44.46811612179968" lon="-64.2595033567159"><time>2026-07-04T22:23:51Z</time></trkpt><trkpt lat="44.468092566296676" lon="-64.25951858019566"><time>2026-07-04T22:23:52Z</time></trkpt><trkpt lat="44.468066635294065" lon="-64.25953379931731"><time>2026-07-04T22:23:53Z</time></trkpt><trkpt lat="44.468047184164455" lon="-64.25955318234035"><time>2026-07-04T22:23:54Z</time></trkpt><trkpt lat="44.468022413465874" lon="-64.25956904477833"><time>2026-07-04T22:23:55Z</time></trkpt><trkpt lat="44.46799982023719" lon="-64.25958373524492"><time>2026-07-04T22:23:56Z</time></trkpt><trkpt lat="44.46797554826049" lon="-64.25960897250319"><time>2026-07-04T22:23:57Z</time></trkpt><trkpt lat="44.467957073139985" lon="-64.25962519727362"><time>2026-07-04T22:23:58Z</time></trkpt><trkpt lat="44.46794116905147" lon="-64.2596476430021"><time>2026-07-04T22:23:59Z</time></trkpt><trkpt lat="44.46791972607548" lon="-64.25966823922671"><time>2026-07-04T22:24:00Z</time></trkpt><trkpt lat="44.467898907530035" lon="-64.25968989501612"><time>2026-07-04T22:24:01Z</time></trkpt><trkpt lat="44.467879124914425" lon="-64.25971358275493"><time>2026-07-04T22:24:02Z</time></trkpt><trkpt lat="44.46785741801625" lon="-64.2597315019923"><time>2026-07-04T22:24:03Z</time></trkpt><trkpt lat="44.46783552289352" lon="-64.25974682925603"><time>2026-07-04T22:24:04Z</time></trkpt><trkpt lat="44.467803979651336" lon="-64.2597616017021"><time>2026-07-04T22:24:05Z</time></trkpt><trkpt lat="44.46778791946374" lon="-64.25977853025272"><time>2026-07-04T22:24:06Z</time></trkpt><trkpt lat="44.467760895467144" lon="-64.25980142288427"><time>2026-07-04T22:24:07Z</time></trkpt><trkpt lat="44.46774018635034" lon="-64.25982491422177"><time>2026-07-04T22:24:08Z</time></trkpt><trkpt lat="44.46772036608935" lon="-64.25984632808942"><time>2026-07-04T22:24:09Z</time></trkpt><trkpt lat="44.46769844390308" lon="-64.25987188934904"><time>2026-07-04T22:24:10Z</time></trkpt><trkpt lat="44.4676716050247" lon="-64.25989182454377"><time>2026-07-04T22:24:11Z</time></trkpt><trkpt lat="44.4676468650974" lon="-64.25991167827398"><time>2026-07-04T22:24:12Z</time></trkpt><trkpt lat="44.46762255794402" lon="-64.25993235299029"><time>2026-07-04T22:24:13Z</time></trkpt><trkpt lat="44.46760067435083" lon="-64.25995157366303"><time>2026-07-04T22:24:14Z</time></trkpt><trkpt lat="44.46758276697827" lon="-64.25997184596979"><time>2026-07-04T22:24:15Z</time></trkpt><trkpt lat="44.46756083763705" lon="-64.25999159006902"><time>2026-07-04T22:24:16Z</time></trkpt><trkpt lat="44.467536881265964" lon="-64.26000759247563"><time>2026-07-04T22:24:17Z</time></trkpt><trkpt lat="44.46751240840045" lon="-64.26001960129338"><time>2026-07-04T22:24:18Z</time></trkpt><trkpt lat="44.467488737618325" lon="-64.26003634766484"><time>2026-07-04T22:24:19Z</time></trkpt><trkpt lat="44.467464290005374" lon="-64.26005047191235"><time>2026-07-04T22:24:20Z</time></trkpt><trkpt lat="44.46743850869735" lon="-64.260065883426"><time>2026-07-04T22:24:21Z</time></trkpt><trkpt lat="44.46741348473793" lon="-64.26008224094052"><time>2026-07-04T22:24:22Z</time></trkpt><trkpt lat="44.46738929931587" lon="-64.26009882231288"><time>2026-07-04T22:24:23Z</time></trkpt><trkpt lat="44.46736385349117" lon="-64.2601135144499"><time>2026-07-04T22:24:24Z</time></trkpt><trkpt lat="44.46733775139877" lon="-64.26013137823995"><time>2026-07-04T22:24:25Z</time></trkpt><trkpt lat="44.46731404942737" lon="-64.26015044071912"><time>2026-07-04T22:24:26Z</time></trkpt><trkpt lat="44.46728892974499" lon="-64.26016852974603"><time>2026-07-04T22:24:27Z</time></trkpt><trkpt lat="44.46726675463327" lon="-64.26018860588536"><time>2026-07-04T22:24:28Z</time></trkpt><trkpt lat="44.4672457920712" lon="-64.26020694449767"><time>2026-07-04T22:24:29Z</time></trkpt><trkpt lat="44.46722004938701" lon="-64.26022232484974"><time>2026-07-04T22:24:30Z</time></trkpt><trkpt lat="44.467193530544044" lon="-64.26023944565752"><time>2026-07-04T22:24:31Z</time></trkpt><trkpt lat="44.46716973644323" lon="-64.26025702923594"><time>2026-07-04T22:24:32Z</time></trkpt><trkpt lat="44.46714544988958" lon="-64.26027426236706"><time>2026-07-04T22:24:33Z</time></trkpt><trkpt lat="44.46711902375942" lon="-64.2602898785509"><time>2026-07-04T22:24:34Z</time></trkpt><trkpt lat="44.46709299273641" lon="-64.26030400755563"><time>2026-07-04T22:24:35Z</time></trkpt><trkpt lat="44.46706796413439" lon="-64.26032089824305"><time>2026-07-04T22:24:36Z</time></trkpt><trkpt lat="44.467043859439656" lon="-64.26033909589508"><time>2026-07-04T22:24:37Z</time></trkpt><trkpt lat="44.46701965283915" lon="-64.2603553297992"><time>2026-07-04T22:24:38Z</time></trkpt><trkpt lat="44.46699505687497" lon="-64.26037053403674"><time>2026-07-04T22:24:39Z</time></trkpt><trkpt lat="44.46696993114456" lon="-64.26038676175787"><time>2026-07-04T22:24:40Z</time></trkpt><trkpt lat="44.46694491635712" lon="-64.26039890411799"><time>2026-07-04T22:24:41Z</time></trkpt><trkpt lat="44.46691521641573" lon="-64.26041099503124"><time>2026-07-04T22:24:42Z</time></trkpt><trkpt lat="44.46689063902057" lon="-64.26042803033336"><time>2026-07-04T22:24:43Z</time></trkpt><trkpt lat="44.4668683077242" lon="-64.26044669279634"><time>2026-07-04T22:24:44Z</time></trkpt><trkpt lat="44.4668449807972" lon="-64.26046668975273"><time>2026-07-04T22:24:45Z</time></trkpt><trkpt lat="44.466821189788284" lon="-64.26048715117832"><time>2026-07-04T22:24:46Z</time></trkpt><trkpt lat="44.46679164660468" lon="-64.26050653554609"><time>2026-07-04T22:24:47Z</time></trkpt><trkpt lat="44.46677388252511" lon="-64.260524614537"><time>2026-07-04T22:24:48Z</time></trkpt><trkpt lat="44.46675059313139" lon="-64.26054919345934"><time>2026-07-04T22:24:49Z</time></trkpt><trkpt lat="44.46672935215289" lon="-64.2605683776739"><time>2026-07-04T22:24:50Z</time></trkpt><trkpt lat="44.46670614939919" lon="-64.26058848344584"><time>2026-07-04T22:24:51Z</time></trkpt><trkpt lat="44.46667977505698" lon="-64.2606074648567"><time>2026-07-04T22:24:52Z</time></trkpt><trkpt lat="44.466654907306655" lon="-64.26062374752725"><time>2026-07-04T22:24:53Z</time></trkpt><trkpt lat="44.46662919248671" lon="-64.2606414461343"><time>2026-07-04T22:24:54Z</time></trkpt><trkpt lat="44.466607171879865" lon="-64.2606627165894"><time>2026-07-04T22:24:55Z</time></trkpt><trkpt lat="44.46658223989704" lon="-64.26068112702755"><time>2026-07-04T22:24:56Z</time></trkpt><trkpt lat="44.466562417531165" lon="-64.26070044316758"><time>2026-07-04T22:24:57Z</time></trkpt><trkpt lat="44.46653756462851" lon="-64.26071483712406"><time>2026-07-04T22:24:58Z</time></trkpt><trkpt lat="44.46651111336736" lon="-64.26072867916736"><time>2026-07-04T22:24:59Z</time></trkpt><trkpt lat="44.466484391745155" lon="-64.2607457845302"><time>2026-07-04T22:25:00Z</time></trkpt><trkpt lat="44.46645841691836" lon="-64.26076615760651"><time>2026-07-04T22:25:01Z</time></trkpt><trkpt lat="44.4664350670638" lon="-64.26078737648663"><time>2026-07-04T22:25:02Z</time></trkpt><trkpt lat="44.46641372160467" lon="-64.26080961946515"><time>2026-07-04T22:25:03Z</time></trkpt><trkpt lat="44.46638975565193" lon="-64.26082682297825"><time>2026-07-04T22:25:04Z</time></trkpt><trkpt lat="44.46636366948852" lon="-64.2608456411334"><time>2026-07-04T22:25:05Z</time></trkpt><trkpt lat="44.46633903682863" lon="-64.26086749490206"><time>2026-07-04T22:25:06Z</time></trkpt><trkpt lat="44.46631575545997" lon="-64.26088969660543"><time>2026-07-04T22:25:07Z</time></trkpt><trkpt lat="44.4662953120789" lon="-64.26091372822329"><time>2026-07-04T22:25:08Z</time></trkpt><trkpt lat="44.46627367949622" lon="-64.26093583996642"><time>2026-07-04T22:25:09Z</time></trkpt><trkpt lat="44.46625158293268" lon="-64.26095625407771"><time>2026-07-04T22:25:10Z</time></trkpt><trkpt lat="44.466228146177336" lon="-64.26097234198416"><time>2026-07-04T22:25:11Z</time></trkpt><trkpt lat="44.46620380223585" lon="-64.26098502190985"><time>2026-07-04T22:25:12Z</time></trkpt><trkpt lat="44.466178416863045" lon="-64.26099573799804"><time>2026-07-04T22:25:13Z</time></trkpt><trkpt lat="44.46615447224356" lon="-64.26101107407389"><time>2026-07-04T22:25:14Z</time></trkpt><trkpt lat="44.4661322649513" lon="-64.26102073705432"><time>2026-07-04T22:25:15Z</time></trkpt><trkpt lat="44.466107038866085" lon="-64.26103329697774"><time>2026-07-04T22:25:16Z</time></trkpt><trkpt lat="44.466083483576305" lon="-64.26104943749654"><time>2026-07-04T22:25:17Z</time></trkpt><trkpt lat="44.46606042951925" lon="-64.26106816522378"><time>2026-07-04T22:25:18Z</time></trkpt><trkpt lat="44.46603804555038" lon="-64.26108820098642"><time>2026-07-04T22:25:19Z</time></trkpt><trkpt lat="44.46601372232875" lon="-64.26110546809325"><time>2026-07-04T22:25:20Z</time></trkpt><trkpt lat="44.465988248402645" lon="-64.2611228134318"><time>2026-07-04T22:25:21Z</time></trkpt><trkpt lat="44.4659625221622" lon="-64.26113642130449"><time>2026-07-04T22:25:22Z</time></trkpt><trkpt lat="44.46593607387527" lon="-64.26114970633391"><time>2026-07-04T22:25:23Z</time></trkpt><trkpt lat="44.46590885672115" lon="-64.26116574935517"><time>2026-07-04T22:25:24Z</time></trkpt><trkpt lat="44.46588524995477" lon="-64.26118698866682"><time>2026-07-04T22:25:25Z</time></trkpt><trkpt lat="44.465861136127764" lon="-64.26120798378456"><time>2026-07-04T22:25:26Z</time></trkpt><trkpt lat="44.465838572272276" lon="-64.2612276198434"><time>2026-07-04T22:25:27Z</time></trkpt><trkpt lat="44.465813172415714" lon="-64.26124845683613"><time>2026-07-04T22:25:28Z</time></trkpt><trkpt lat="44.46579017905937" lon="-64.26127078962072"><time>2026-07-04T22:25:29Z</time></trkpt><trkpt lat="44.46576824452758" lon="-64.26129675998592"><time>2026-07-04T22:25:30Z</time></trkpt><trkpt lat="44.465744146460175" lon="-64.26132126844527"><time>2026-07-04T22:25:31Z</time></trkpt><trkpt lat="44.465718873887475" lon="-64.26134240082682"><time>2026-07-04T22:25:32Z</time></trkpt><trkpt lat="44.465696230430694" lon="-64.26136877726816"><time>2026-07-04T22:25:33Z</time></trkpt><trkpt lat="44.46567402436975" lon="-64.26139451071086"><time>2026-07-04T22:25:34Z</time></trkpt><trkpt lat="44.46565117781485" lon="-64.26141876306055"><time>2026-07-04T22:25:35Z</time></trkpt><trkpt lat="44.46562640773119" lon="-64.26143607260248"><time>2026-07-04T22:25:36Z</time></trkpt><trkpt lat="44.465602083324576" lon="-64.2614539723609"><time>2026-07-04T22:25:37Z</time></trkpt><trkpt lat="44.46557787218708" lon="-64.26147141329245"><time>2026-07-04T22:25:38Z</time></trkpt><trkpt lat="44.46555376657026" lon="-64.2614877995104"><time>2026-07-04T22:25:39Z</time></trkpt><trkpt lat="44.46552999360639" lon="-64.26150734849517"><time>2026-07-04T22:25:40Z</time></trkpt><trkpt lat="44.465505371787536" lon="-64.26152658642653"><time>2026-07-04T22:25:41Z</time></trkpt><trkpt lat="44.46548006663764" lon="-64.26154638184853"><time>2026-07-04T22:25:42Z</time></trkpt><trkpt lat="44.46545672127666" lon="-64.26156565227383"><time>2026-07-04T22:25:43Z</time></trkpt><trkpt lat="44.465434839941665" lon="-64.26159051635105"><time>2026-07-04T22:25:44Z</time></trkpt><trkpt lat="44.46541155068124" lon="-64.26161412715273"><time>2026-07-04T22:25:45Z</time></trkpt><trkpt lat="44.46539050540995" lon="-64.2616409774731"><time>2026-07-04T22:25:46Z</time></trkpt><trkpt lat="44.46536791441202" lon="-64.2616623537226"><time>2026-07-04T22:25:47Z</time></trkpt><trkpt lat="44.465345797964815" lon="-64.26168098444346"><time>2026-07-04T22:25:48Z</time></trkpt><trkpt lat="44.46532134434223" lon="-64.26170104069826"><time>2026-07-04T22:25:49Z</time></trkpt><trkpt lat="44.46529674721238" lon="-64.26171694600748"><time>2026-07-04T22:25:50Z</time></trkpt><trkpt lat="44.46527348942662" lon="-64.26173589346217"><time>2026-07-04T22:25:51Z</time></trkpt><trkpt lat="44.465249634198535" lon="-64.26174812162077"><time>2026-07-04T22:25:52Z</time></trkpt><trkpt lat="44.465225544034524" lon="-64.26176332957071"><time>2026-07-04T22:25:53Z</time></trkpt><trkpt lat="44.46520058289809" lon="-64.26177969303846"><time>2026-07-04T22:25:54Z</time></trkpt><trkpt lat="44.465175170215026" lon="-64.26179399736415"><time>2026-07-04T22:25:55Z</time></trkpt><trkpt lat="44.46515120984621" lon="-64.26180749437404"><time>2026-07-04T22:25:56Z</time></trkpt><trkpt lat="44.465126441800756" lon="-64.26182631952675"><time>2026-07-04T22:25:57Z</time></trkpt><trkpt lat="44.4651011756658" lon="-64.2618470630275"><time>2026-07-04T22:25:58Z</time></trkpt><trkpt lat="44.46507617296502" lon="-64.26186856655272"><time>2026-07-04T22:25:59Z</time></trkpt><trkpt lat="44.46505129964142" lon="-64.26189064155969"><time>2026-07-04T22:26:00Z</time></trkpt><trkpt lat="44.465024612743825" lon="-64.261910427999"><time>2026-07-04T22:26:01Z</time></trkpt><trkpt lat="44.46500103287128" lon="-64.26193636644123"><time>2026-07-04T22:26:02Z</time></trkpt><trkpt lat="44.46497818979625" lon="-64.26196767130688"><time>2026-07-04T22:26:03Z</time></trkpt><trkpt lat="44.46495315745243" lon="-64.2619909054325"><time>2026-07-04T22:26:04Z</time></trkpt><trkpt lat="44.4649289392485" lon="-64.26202284429824"><time>2026-07-04T22:26:05Z</time></trkpt><trkpt lat="44.46490672017123" lon="-64.26204995406754"><time>2026-07-04T22:26:06Z</time></trkpt><trkpt lat="44.464879129981725" lon="-64.2620740719683"><time>2026-07-04T22:26:07Z</time></trkpt><trkpt lat="44.464853924502734" lon="-64.26209374173615"><time>2026-07-04T22:26:08Z</time></trkpt><trkpt lat="44.464826080716875" lon="-64.2621111278396"><time>2026-07-04T22:26:09Z</time></trkpt><trkpt lat="44.4648004695076" lon="-64.26213226812061"><time>2026-07-04T22:26:10Z</time></trkpt><trkpt lat="44.46477850552896" lon="-64.26216027418307"><time>2026-07-04T22:26:11Z</time></trkpt><trkpt lat="44.46476222734862" lon="-64.26218509272776"><time>2026-07-04T22:26:12Z</time></trkpt><trkpt lat="44.4647302906261" lon="-64.26220740180398"><time>2026-07-04T22:26:13Z</time></trkpt><trkpt lat="44.464704896103854" lon="-64.26221519346001"><time>2026-07-04T22:26:14Z</time></trkpt><trkpt lat="44.46469905137303" lon="-64.26223966028144"><time>2026-07-04T22:26:15Z</time></trkpt><trkpt lat="44.4646142223693" lon="-64.26225915855545"><time>2026-07-04T22:26:16Z</time></trkpt><trkpt lat="44.464589799593305" lon="-64.2622825415796"><time>2026-07-04T22:26:18Z</time></trkpt><trkpt lat="44.464567074417495" lon="-64.26230748604614"><time>2026-07-04T22:26:20Z</time></trkpt><trkpt lat="44.46454710492913" lon="-64.26232015683378"><time>2026-07-04T22:26:21Z</time></trkpt><trkpt lat="44.464523991796696" lon="-64.26233556661448"><time>2026-07-04T22:26:22Z</time></trkpt><trkpt lat="44.46449546926601" lon="-64.26235138793615"><time>2026-07-04T22:26:23Z</time></trkpt><trkpt lat="44.4644666783512" lon="-64.26237025959551"><time>2026-07-04T22:26:24Z</time></trkpt><trkpt lat="44.46443468234823" lon="-64.26239189911725"><time>2026-07-04T22:26:25Z</time></trkpt><trkpt lat="44.464406018645775" lon="-64.26240956936572"><time>2026-07-04T22:26:26Z</time></trkpt><trkpt lat="44.464383586433215" lon="-64.26242239879731"><time>2026-07-04T22:26:27Z</time></trkpt><trkpt lat="44.46435896378801" lon="-64.2624453275169"><time>2026-07-04T22:26:28Z</time></trkpt><trkpt lat="44.4643247735718" lon="-64.26247140714419"><time>2026-07-04T22:26:29Z</time></trkpt><trkpt lat="44.46430460236135" lon="-64.26248622463089"><time>2026-07-04T22:26:30Z</time></trkpt><trkpt lat="44.46428162219942" lon="-64.26249774595155"><time>2026-07-04T22:26:31Z</time></trkpt><trkpt lat="44.46425736221367" lon="-64.26251329835358"><time>2026-07-04T22:26:32Z</time></trkpt><trkpt lat="44.464228132598336" lon="-64.2625342975717"><time>2026-07-04T22:26:33Z</time></trkpt><trkpt lat="44.46420369946912" lon="-64.26255787180625"><time>2026-07-04T22:26:34Z</time></trkpt><trkpt lat="44.46420122079656" lon="-64.26262625926513"><time>2026-07-04T22:26:35Z</time></trkpt><trkpt lat="44.464172786794116" lon="-64.2626432028999"><time>2026-07-04T22:26:36Z</time></trkpt><trkpt lat="44.464149545544196" lon="-64.26265303292995"><time>2026-07-04T22:26:37Z</time></trkpt><trkpt lat="44.464115849957814" lon="-64.26266328036945"><time>2026-07-04T22:26:38Z</time></trkpt><trkpt lat="44.46408285869921" lon="-64.26267264293588"><time>2026-07-04T22:26:39Z</time></trkpt><trkpt lat="44.46405295563846" lon="-64.26268741255619"><time>2026-07-04T22:26:40Z</time></trkpt><trkpt lat="44.464026119529585" lon="-64.26270494774316"><time>2026-07-04T22:26:41Z</time></trkpt><trkpt lat="44.46399947001014" lon="-64.2627226160991"><time>2026-07-04T22:26:42Z</time></trkpt><trkpt lat="44.463971872997064" lon="-64.2627389652948"><time>2026-07-04T22:26:43Z</time></trkpt><trkpt lat="44.463943304551385" lon="-64.26275459694051"><time>2026-07-04T22:26:44Z</time></trkpt><trkpt lat="44.46391492206985" lon="-64.26276766081769"><time>2026-07-04T22:26:45Z</time></trkpt><trkpt lat="44.463887427489944" lon="-64.26277573796577"><time>2026-07-04T22:26:46Z</time></trkpt><trkpt lat="44.46385668944281" lon="-64.26278208526033"><time>2026-07-04T22:26:47Z</time></trkpt><trkpt lat="44.46382869112485" lon="-64.26279029301824"><time>2026-07-04T22:26:48Z</time></trkpt><trkpt lat="44.46379901003642" lon="-64.26280652332763"><time>2026-07-04T22:26:49Z</time></trkpt><trkpt lat="44.46377205279149" lon="-64.26281852524876"><time>2026-07-04T22:26:50Z</time></trkpt><trkpt lat="44.46374525279933" lon="-64.26283295737436"><time>2026-07-04T22:26:51Z</time></trkpt><trkpt lat="44.46371761573597" lon="-64.26284458503834"><time>2026-07-04T22:26:52Z</time></trkpt><trkpt lat="44.463691348682346" lon="-64.26285508781177"><time>2026-07-04T22:26:53Z</time></trkpt><trkpt lat="44.4636638956345" lon="-64.26286083029159"><time>2026-07-04T22:26:54Z</time></trkpt><trkpt lat="44.463634694628695" lon="-64.26287094307527"><time>2026-07-04T22:26:55Z</time></trkpt><trkpt lat="44.46360554938843" lon="-64.26288030912761"><time>2026-07-04T22:26:56Z</time></trkpt><trkpt lat="44.46357921248754" lon="-64.26288535664006"><time>2026-07-04T22:26:57Z</time></trkpt><trkpt lat="44.46355167042152" lon="-64.26289335514497"><time>2026-07-04T22:26:58Z</time></trkpt><trkpt lat="44.4635227636736" lon="-64.26290183382059"><time>2026-07-04T22:26:59Z</time></trkpt><trkpt lat="44.46349422761201" lon="-64.2629168870559"><time>2026-07-04T22:27:00Z</time></trkpt><trkpt lat="44.46346642492092" lon="-64.2629327308208"><time>2026-07-04T22:27:01Z</time></trkpt><trkpt lat="44.46344048618563" lon="-64.26294129927875"><time>2026-07-04T22:27:02Z</time></trkpt><trkpt lat="44.46340944780735" lon="-64.26295203490194"><time>2026-07-04T22:27:03Z</time></trkpt><trkpt lat="44.463379486656194" lon="-64.26296335404056"><time>2026-07-04T22:27:04Z</time></trkpt><trkpt lat="44.463348498734305" lon="-64.26297226522207"><time>2026-07-04T22:27:05Z</time></trkpt><trkpt lat="44.463317604856655" lon="-64.2629854025615"><time>2026-07-04T22:27:06Z</time></trkpt><trkpt lat="44.46328532054548" lon="-64.2629969165344"><time>2026-07-04T22:27:07Z</time></trkpt><trkpt lat="44.46325731324333" lon="-64.2630071250338"><time>2026-07-04T22:27:08Z</time></trkpt><trkpt lat="44.463228902428526" lon="-64.26301949384408"><time>2026-07-04T22:27:09Z</time></trkpt><trkpt lat="44.4631981569333" lon="-64.26303406374396"><time>2026-07-04T22:27:10Z</time></trkpt><trkpt lat="44.46316754104551" lon="-64.26304968933945"><time>2026-07-04T22:27:11Z</time></trkpt><trkpt lat="44.46313744283203" lon="-64.26306257611316"><time>2026-07-04T22:27:12Z</time></trkpt><trkpt lat="44.46310758326451" lon="-64.26307291488745"><time>2026-07-04T22:27:13Z</time></trkpt><trkpt lat="44.4630766131229" lon="-64.26308339982347"><time>2026-07-04T22:27:14Z</time></trkpt><trkpt lat="44.46304525563831" lon="-64.26309326746534"><time>2026-07-04T22:27:15Z</time></trkpt><trkpt lat="44.46301501589006" lon="-64.26310335046463"><time>2026-07-04T22:27:16Z</time></trkpt><trkpt lat="44.462982686067924" lon="-64.26311555404338"><time>2026-07-04T22:27:17Z</time></trkpt><trkpt lat="44.462950893053595" lon="-64.26312680142698"><time>2026-07-04T22:27:18Z</time></trkpt><trkpt lat="44.46292086008145" lon="-64.26314119678058"><time>2026-07-04T22:27:19Z</time></trkpt><trkpt lat="44.46289083471223" lon="-64.26315423451466"><time>2026-07-04T22:27:20Z</time></trkpt><trkpt lat="44.462859862857506" lon="-64.2631640133121"><time>2026-07-04T22:27:21Z</time></trkpt><trkpt lat="44.462829061470764" lon="-64.26317516823683"><time>2026-07-04T22:27:22Z</time></trkpt><trkpt lat="44.46279842434524" lon="-64.26318682254875"><time>2026-07-04T22:27:23Z</time></trkpt><trkpt lat="44.46276823957668" lon="-64.26319699991434"><time>2026-07-04T22:27:24Z</time></trkpt><trkpt lat="44.46273720236018" lon="-64.26320720050789"><time>2026-07-04T22:27:25Z</time></trkpt><trkpt lat="44.462706870585755" lon="-64.26321873457447"><time>2026-07-04T22:27:26Z</time></trkpt><trkpt lat="44.46267519331782" lon="-64.26322507760685"><time>2026-07-04T22:27:27Z</time></trkpt><trkpt lat="44.462645894768386" lon="-64.26323487300688"><time>2026-07-04T22:27:28Z</time></trkpt><trkpt lat="44.462611598265134" lon="-64.26324993596486"><time>2026-07-04T22:27:29Z</time></trkpt><trkpt lat="44.46258266687805" lon="-64.26326180844106"><time>2026-07-04T22:27:30Z</time></trkpt><trkpt lat="44.46255253455357" lon="-64.26327571825662"><time>2026-07-04T22:27:31Z</time></trkpt><trkpt lat="44.462521903628115" lon="-64.26328576418068"><time>2026-07-04T22:27:32Z</time></trkpt><trkpt lat="44.46249289914923" lon="-64.26329655384423"><time>2026-07-04T22:27:33Z</time></trkpt><trkpt lat="44.46246199868209" lon="-64.26330855982393"><time>2026-07-04T22:27:34Z</time></trkpt><trkpt lat="44.46243216167642" lon="-64.26332317888487"><time>2026-07-04T22:27:35Z</time></trkpt><trkpt lat="44.46240248230829" lon="-64.26334100754245"><time>2026-07-04T22:27:36Z</time></trkpt><trkpt lat="44.46237593707494" lon="-64.26335708980639"><time>2026-07-04T22:27:37Z</time></trkpt><trkpt lat="44.46234569830138" lon="-64.26337674436178"><time>2026-07-04T22:27:38Z</time></trkpt><trkpt lat="44.462310588973196" lon="-64.26338710757662"><time>2026-07-04T22:27:39Z</time></trkpt><trkpt lat="44.462286374776056" lon="-64.26339895456098"><time>2026-07-04T22:27:40Z</time></trkpt><trkpt lat="44.46225978091926" lon="-64.26342977380365"><time>2026-07-04T22:27:41Z</time></trkpt><trkpt lat="44.46223498652581" lon="-64.26344283201088"><time>2026-07-04T22:27:42Z</time></trkpt><trkpt lat="44.46220364676687" lon="-64.26346061548736"><time>2026-07-04T22:27:43Z</time></trkpt><trkpt lat="44.46217596171897" lon="-64.26348133319583"><time>2026-07-04T22:27:44Z</time></trkpt><trkpt lat="44.46214990667691" lon="-64.26350110950884"><time>2026-07-04T22:27:45Z</time></trkpt><trkpt lat="44.46212221023345" lon="-64.26351686241489"><time>2026-07-04T22:27:46Z</time></trkpt><trkpt lat="44.462092320570136" lon="-64.26353603950008"><time>2026-07-04T22:27:47Z</time></trkpt><trkpt lat="44.46206318089501" lon="-64.26355399004491"><time>2026-07-04T22:27:48Z</time></trkpt><trkpt lat="44.46203374175932" lon="-64.26357138012521"><time>2026-07-04T22:27:49Z</time></trkpt><trkpt lat="44.4620054673176" lon="-64.26358970650841"><time>2026-07-04T22:27:50Z</time></trkpt><trkpt lat="44.4619775031018" lon="-64.26361113879754"><time>2026-07-04T22:27:51Z</time></trkpt><trkpt lat="44.46194914615796" lon="-64.2636286040475"><time>2026-07-04T22:27:52Z</time></trkpt><trkpt lat="44.461921710119306" lon="-64.26364403735523"><time>2026-07-04T22:27:53Z</time></trkpt><trkpt lat="44.46189349726643" lon="-64.26366054602461"><time>2026-07-04T22:27:54Z</time></trkpt><trkpt lat="44.46186417652123" lon="-64.26367809071616"><time>2026-07-04T22:27:55Z</time></trkpt><trkpt lat="44.46183430232351" lon="-64.26369913928562"><time>2026-07-04T22:27:56Z</time></trkpt><trkpt lat="44.461806756880925" lon="-64.26371676641"><time>2026-07-04T22:27:57Z</time></trkpt><trkpt lat="44.46177898615362" lon="-64.26373308176622"><time>2026-07-04T22:27:58Z</time></trkpt><trkpt lat="44.46175205503199" lon="-64.26374765365266"><time>2026-07-04T22:27:59Z</time></trkpt><trkpt lat="44.46172283848011" lon="-64.26376584276595"><time>2026-07-04T22:28:00Z</time></trkpt><trkpt lat="44.461692956527706" lon="-64.26378298450366"><time>2026-07-04T22:28:01Z</time></trkpt><trkpt lat="44.46166557061832" lon="-64.26379780725597"><time>2026-07-04T22:28:02Z</time></trkpt><trkpt lat="44.461638409421106" lon="-64.26381091767493"><time>2026-07-04T22:28:03Z</time></trkpt><trkpt lat="44.46161128323269" lon="-64.26382783324858"><time>2026-07-04T22:28:04Z</time></trkpt><trkpt lat="44.46158415896593" lon="-64.26384499327729"><time>2026-07-04T22:28:05Z</time></trkpt><trkpt lat="44.46154853963044" lon="-64.26385848121366"><time>2026-07-04T22:28:06Z</time></trkpt><trkpt lat="44.46152287065328" lon="-64.26387206609022"><time>2026-07-04T22:28:07Z</time></trkpt><trkpt lat="44.461497162826966" lon="-64.26388177325553"><time>2026-07-04T22:28:08Z</time></trkpt><trkpt lat="44.46146894413066" lon="-64.26389367589152"><time>2026-07-04T22:28:09Z</time></trkpt><trkpt lat="44.46143846347695" lon="-64.26390275308029"><time>2026-07-04T22:28:10Z</time></trkpt><trkpt lat="44.46141004663052" lon="-64.26391610380647"><time>2026-07-04T22:28:11Z</time></trkpt><trkpt lat="44.46138235408236" lon="-64.26392613581913"><time>2026-07-04T22:28:12Z</time></trkpt><trkpt lat="44.461354472008715" lon="-64.26394049732096"><time>2026-07-04T22:28:13Z</time></trkpt><trkpt lat="44.46132313828344" lon="-64.26394593906048"><time>2026-07-04T22:28:14Z</time></trkpt><trkpt lat="44.461295207529176" lon="-64.26395658233504"><time>2026-07-04T22:28:15Z</time></trkpt><trkpt lat="44.46126373244376" lon="-64.26396391703543"><time>2026-07-04T22:28:16Z</time></trkpt><trkpt lat="44.46123381698435" lon="-64.26397038173212"><time>2026-07-04T22:28:17Z</time></trkpt><trkpt lat="44.46119260007155" lon="-64.26398147106894"><time>2026-07-04T22:28:18Z</time></trkpt><trkpt lat="44.461171304021526" lon="-64.26399266100724"><time>2026-07-04T22:28:19Z</time></trkpt><trkpt lat="44.46113791829705" lon="-64.26399673239699"><time>2026-07-04T22:28:20Z</time></trkpt><trkpt lat="44.46111487786286" lon="-64.26399630209328"><time>2026-07-04T22:28:21Z</time></trkpt><trkpt lat="44.46108925018176" lon="-64.2640013621113"><time>2026-07-04T22:28:22Z</time></trkpt><trkpt lat="44.46105429200865" lon="-64.26401121939479"><time>2026-07-04T22:28:23Z</time></trkpt><trkpt lat="44.46102427946634" lon="-64.26401579959533"><time>2026-07-04T22:28:24Z</time></trkpt><trkpt lat="44.460992647965924" lon="-64.26401517754076"><time>2026-07-04T22:28:25Z</time></trkpt><trkpt lat="44.46096196361944" lon="-64.26402136124837"><time>2026-07-04T22:28:26Z</time></trkpt><trkpt lat="44.460929151561515" lon="-64.26402558627262"><time>2026-07-04T22:28:27Z</time></trkpt><trkpt lat="44.460900022909435" lon="-64.2640382666162"><time>2026-07-04T22:28:28Z</time></trkpt><trkpt lat="44.46086306250925" lon="-64.26403817092226"><time>2026-07-04T22:28:29Z</time></trkpt><trkpt lat="44.46083816100585" lon="-64.26405200766025"><time>2026-07-04T22:28:30Z</time></trkpt><trkpt lat="44.460806752193704" lon="-64.26405694468464"><time>2026-07-04T22:28:31Z</time></trkpt><trkpt lat="44.46077565784335" lon="-64.26406494576023"><time>2026-07-04T22:28:32Z</time></trkpt><trkpt lat="44.460744117892894" lon="-64.26407366480933"><time>2026-07-04T22:28:33Z</time></trkpt><trkpt lat="44.46071018310408" lon="-64.26407538770992"><time>2026-07-04T22:28:34Z</time></trkpt><trkpt lat="44.460683996615366" lon="-64.26407130099882"><time>2026-07-04T22:28:35Z</time></trkpt><trkpt lat="44.460648721248276" lon="-64.26407522413287"><time>2026-07-04T22:28:36Z</time></trkpt><trkpt lat="44.46061406582636" lon="-64.26408562519076"><time>2026-07-04T22:28:37Z</time></trkpt><trkpt lat="44.460585141019344" lon="-64.26408941532566"><time>2026-07-04T22:28:38Z</time></trkpt><trkpt lat="44.46055352916221" lon="-64.26409066930387"><time>2026-07-04T22:28:39Z</time></trkpt><trkpt lat="44.4605216048758" lon="-64.26409490425532"><time>2026-07-04T22:28:40Z</time></trkpt><trkpt lat="44.46048963016852" lon="-64.26410353624739"><time>2026-07-04T22:28:41Z</time></trkpt><trkpt lat="44.46045891863874" lon="-64.26411362454918"><time>2026-07-04T22:28:42Z</time></trkpt><trkpt lat="44.46042874147601" lon="-64.26412390228774"><time>2026-07-04T22:28:43Z</time></trkpt><trkpt lat="44.46039867238629" lon="-64.26413790303836"><time>2026-07-04T22:28:44Z</time></trkpt><trkpt lat="44.46037016376533" lon="-64.26414857598742"><time>2026-07-04T22:28:45Z</time></trkpt><trkpt lat="44.46033777080622" lon="-64.26415769296092"><time>2026-07-04T22:28:46Z</time></trkpt><trkpt lat="44.460307301006814" lon="-64.26416380165684"><time>2026-07-04T22:28:47Z</time></trkpt><trkpt lat="44.46027695591118" lon="-64.26417138573687"><time>2026-07-04T22:28:48Z</time></trkpt><trkpt lat="44.460245760223955" lon="-64.26418200848632"><time>2026-07-04T22:28:49Z</time></trkpt><trkpt lat="44.46021463730188" lon="-64.26419506205369"><time>2026-07-04T22:28:50Z</time></trkpt><trkpt lat="44.4601840831425" lon="-64.26420560960878"><time>2026-07-04T22:28:51Z</time></trkpt><trkpt lat="44.4601528142007" lon="-64.26421914699573"><time>2026-07-04T22:28:52Z</time></trkpt><trkpt lat="44.46012315939666" lon="-64.26423478643595"><time>2026-07-04T22:28:53Z</time></trkpt><trkpt lat="44.46009308805587" lon="-64.26425338531077"><time>2026-07-04T22:28:54Z</time></trkpt><trkpt lat="44.460071297028755" lon="-64.2642594482196"><time>2026-07-04T22:28:55Z</time></trkpt><trkpt lat="44.46004594086704" lon="-64.2642820229311"><time>2026-07-04T22:28:56Z</time></trkpt><trkpt lat="44.460020623548225" lon="-64.26429491305343"><time>2026-07-04T22:28:57Z</time></trkpt><trkpt lat="44.459979443777634" lon="-64.26431307468748"><time>2026-07-04T22:28:58Z</time></trkpt><trkpt lat="44.45994804655012" lon="-64.26432761121936"><time>2026-07-04T22:28:59Z</time></trkpt><trkpt lat="44.45991695960438" lon="-64.26434156792723"><time>2026-07-04T22:29:00Z</time></trkpt><trkpt lat="44.45988524232213" lon="-64.2643549163542"><time>2026-07-04T22:29:01Z</time></trkpt><trkpt lat="44.45985437920931" lon="-64.26436918719541"><time>2026-07-04T22:29:02Z</time></trkpt><trkpt lat="44.459824023083094" lon="-64.26438441019145"><time>2026-07-04T22:29:03Z</time></trkpt><trkpt lat="44.45979222239504" lon="-64.26439821530516"><time>2026-07-04T22:29:04Z</time></trkpt><trkpt lat="44.45976110597645" lon="-64.26441361110035"><time>2026-07-04T22:29:05Z</time></trkpt><trkpt lat="44.45973712341406" lon="-64.26442502513282"><time>2026-07-04T22:29:06Z</time></trkpt><trkpt lat="44.45970320387613" lon="-64.26445230876811"><time>2026-07-04T22:29:07Z</time></trkpt><trkpt lat="44.45967396052794" lon="-64.2644691436946"><time>2026-07-04T22:29:08Z</time></trkpt><trkpt lat="44.45964347632272" lon="-64.2644843342706"><time>2026-07-04T22:29:09Z</time></trkpt><trkpt lat="44.459612100222046" lon="-64.26449697563294"><time>2026-07-04T22:29:10Z</time></trkpt><trkpt lat="44.45958074301642" lon="-64.26450877560212"><time>2026-07-04T22:29:11Z</time></trkpt><trkpt lat="44.45954896895201" lon="-64.26452073740263"><time>2026-07-04T22:29:12Z</time></trkpt><trkpt lat="44.45951768440752" lon="-64.26453171710455"><time>2026-07-04T22:29:13Z</time></trkpt><trkpt lat="44.45948424551305" lon="-64.26454616227"><time>2026-07-04T22:29:14Z</time></trkpt><trkpt lat="44.459454440657495" lon="-64.2645629746629"><time>2026-07-04T22:29:15Z</time></trkpt><trkpt lat="44.459424209633085" lon="-64.26457596286778"><time>2026-07-04T22:29:16Z</time></trkpt><trkpt lat="44.45939575725713" lon="-64.264593134659"><time>2026-07-04T22:29:17Z</time></trkpt><trkpt lat="44.45936763377253" lon="-64.26460894436629"><time>2026-07-04T22:29:18Z</time></trkpt><trkpt lat="44.459337588271865" lon="-64.2646433215765"><time>2026-07-04T22:29:19Z</time></trkpt><trkpt lat="44.45930689576083" lon="-64.26465744989191"><time>2026-07-04T22:29:20Z</time></trkpt><trkpt lat="44.45927601385453" lon="-64.26467829816112"><time>2026-07-04T22:29:21Z</time></trkpt><trkpt lat="44.45924340644951" lon="-64.26469805642395"><time>2026-07-04T22:29:22Z</time></trkpt><trkpt lat="44.45921031797238" lon="-64.26471782294007"><time>2026-07-04T22:29:23Z</time></trkpt><trkpt lat="44.45918058188364" lon="-64.26473661735798"><time>2026-07-04T22:29:24Z</time></trkpt><trkpt lat="44.45914846876318" lon="-64.26475446716606"><time>2026-07-04T22:29:25Z</time></trkpt><trkpt lat="44.45911756070008" lon="-64.26477045665766"><time>2026-07-04T22:29:26Z</time></trkpt><trkpt lat="44.45908567860093" lon="-64.26478457721552"><time>2026-07-04T22:29:27Z</time></trkpt><trkpt lat="44.45905236009536" lon="-64.26480189810773"><time>2026-07-04T22:29:28Z</time></trkpt><trkpt lat="44.45901736409053" lon="-64.26481782092924"><time>2026-07-04T22:29:29Z</time></trkpt><trkpt lat="44.458990136674615" lon="-64.26482764751836"><time>2026-07-04T22:29:30Z</time></trkpt><trkpt lat="44.45896166704401" lon="-64.26484016329235"><time>2026-07-04T22:29:31Z</time></trkpt><trkpt lat="44.458930563297116" lon="-64.26485170591569"><time>2026-07-04T22:29:32Z</time></trkpt><trkpt lat="44.45890098445311" lon="-64.26486323763089"><time>2026-07-04T22:29:33Z</time></trkpt><trkpt lat="44.45887090462406" lon="-64.26487875361646"><time>2026-07-04T22:29:34Z</time></trkpt><trkpt lat="44.45882572737689" lon="-64.26488928375794"><time>2026-07-04T22:29:35Z</time></trkpt><trkpt lat="44.45880898328884" lon="-64.26490272057623"><time>2026-07-04T22:29:36Z</time></trkpt><trkpt lat="44.45879209843023" lon="-64.26492828526484"><time>2026-07-04T22:29:37Z</time></trkpt><trkpt lat="44.45875455305324" lon="-64.26492896220068"><time>2026-07-04T22:29:38Z</time></trkpt><trkpt lat="44.458720913122725" lon="-64.26494135769396"><time>2026-07-04T22:29:39Z</time></trkpt><trkpt lat="44.45869310952159" lon="-64.26495106810431"><time>2026-07-04T22:29:40Z</time></trkpt><trkpt lat="44.45865119071676" lon="-64.26495499236758"><time>2026-07-04T22:29:41Z</time></trkpt><trkpt lat="44.45863139585304" lon="-64.26497506446319"><time>2026-07-04T22:29:42Z</time></trkpt><trkpt lat="44.45860288859655" lon="-64.2649910230503"><time>2026-07-04T22:29:43Z</time></trkpt><trkpt lat="44.45857186633983" lon="-64.26500217717552"><time>2026-07-04T22:29:44Z</time></trkpt><trkpt lat="44.45853959271518" lon="-64.26500860268474"><time>2026-07-04T22:29:45Z</time></trkpt><trkpt lat="44.458509720975215" lon="-64.26502163429906"><time>2026-07-04T22:29:46Z</time></trkpt><trkpt lat="44.45847837035989" lon="-64.26502785549019"><time>2026-07-04T22:29:47Z</time></trkpt><trkpt lat="44.458450646802554" lon="-64.26503549537665"><time>2026-07-04T22:29:48Z</time></trkpt><trkpt lat="44.458420878684585" lon="-64.26504561409406"><time>2026-07-04T22:29:49Z</time></trkpt><trkpt lat="44.45839102678628" lon="-64.26505372863305"><time>2026-07-04T22:29:50Z</time></trkpt><trkpt lat="44.45836308483513" lon="-64.26506509240204"><time>2026-07-04T22:29:51Z</time></trkpt><trkpt lat="44.45833351738427" lon="-64.26507657270628"><time>2026-07-04T22:29:52Z</time></trkpt><trkpt lat="44.4583067724624" lon="-64.2650857937946"><time>2026-07-04T22:29:53Z</time></trkpt><trkpt lat="44.458277813304456" lon="-64.2650936498922"><time>2026-07-04T22:29:54Z</time></trkpt><trkpt lat="44.45824553106887" lon="-64.26510047686048"><time>2026-07-04T22:29:55Z</time></trkpt><trkpt lat="44.45821839121413" lon="-64.26510078310191"><time>2026-07-04T22:29:56Z</time></trkpt><trkpt lat="44.458189790015666" lon="-64.26511002136358"><time>2026-07-04T22:29:57Z</time></trkpt><trkpt lat="44.458162274067924" lon="-64.26511667967796"><time>2026-07-04T22:29:58Z</time></trkpt><trkpt lat="44.458134719298684" lon="-64.2651239190262"><time>2026-07-04T22:29:59Z</time></trkpt><trkpt lat="44.45810717543677" lon="-64.26513204846299"><time>2026-07-04T22:30:00Z</time></trkpt><trkpt lat="44.45808019123223" lon="-64.26513743701044"><time>2026-07-04T22:30:01Z</time></trkpt><trkpt lat="44.45805253849598" lon="-64.26514001507913"><time>2026-07-04T22:30:02Z</time></trkpt><trkpt lat="44.45802534760204" lon="-64.26514520365089"><time>2026-07-04T22:30:03Z</time></trkpt><trkpt lat="44.45799767869038" lon="-64.26514992256548"><time>2026-07-04T22:30:04Z</time></trkpt><trkpt lat="44.45797067107171" lon="-64.26515812768493"><time>2026-07-04T22:30:05Z</time></trkpt><trkpt lat="44.4579437013531" lon="-64.26516744367754"><time>2026-07-04T22:30:06Z</time></trkpt><trkpt lat="44.45791301093228" lon="-64.26517104076892"><time>2026-07-04T22:30:07Z</time></trkpt><trkpt lat="44.45788295136547" lon="-64.26517926592625"><time>2026-07-04T22:30:08Z</time></trkpt><trkpt lat="44.45785600915594" lon="-64.26518407127186"><time>2026-07-04T22:30:09Z</time></trkpt><trkpt lat="44.45782805300453" lon="-64.26519480787192"><time>2026-07-04T22:30:10Z</time></trkpt><trkpt lat="44.45780064144257" lon="-64.26521176813544"><time>2026-07-04T22:30:11Z</time></trkpt><trkpt lat="44.45777713586986" lon="-64.26522555872232"><time>2026-07-04T22:30:12Z</time></trkpt><trkpt lat="44.45775035679668" lon="-64.26524103184342"><time>2026-07-04T22:30:13Z</time></trkpt><trkpt lat="44.45772427954476" lon="-64.26525131550673"><time>2026-07-04T22:30:14Z</time></trkpt><trkpt lat="44.45769693938685" lon="-64.2652622875343"><time>2026-07-04T22:30:15Z</time></trkpt><trkpt lat="44.45767081558546" lon="-64.26527110395716"><time>2026-07-04T22:30:16Z</time></trkpt><trkpt lat="44.45764335339756" lon="-64.26527791061427"><time>2026-07-04T22:30:17Z</time></trkpt><trkpt lat="44.45761525597092" lon="-64.26528593571408"><time>2026-07-04T22:30:18Z</time></trkpt><trkpt lat="44.45758790617995" lon="-64.26529676643918"><time>2026-07-04T22:30:19Z</time></trkpt><trkpt lat="44.45756177467673" lon="-64.26530772335941"><time>2026-07-04T22:30:20Z</time></trkpt><trkpt lat="44.45753608177582" lon="-64.26532243259331"><time>2026-07-04T22:30:21Z</time></trkpt><trkpt lat="44.457509906112065" lon="-64.26533518919084"><time>2026-07-04T22:30:22Z</time></trkpt><trkpt lat="44.45748299028402" lon="-64.26534801560652"><time>2026-07-04T22:30:23Z</time></trkpt><trkpt lat="44.457455164934295" lon="-64.26535880724106"><time>2026-07-04T22:30:24Z</time></trkpt><trkpt lat="44.45742767525639" lon="-64.26536679021775"><time>2026-07-04T22:30:25Z</time></trkpt><trkpt lat="44.45739917729346" lon="-64.26537432623219"><time>2026-07-04T22:30:26Z</time></trkpt><trkpt lat="44.45736997654937" lon="-64.2653869655905"><time>2026-07-04T22:30:27Z</time></trkpt><trkpt lat="44.45734119209488" lon="-64.2653903178906"><time>2026-07-04T22:30:28Z</time></trkpt><trkpt lat="44.457312438099244" lon="-64.2653953807965"><time>2026-07-04T22:30:29Z</time></trkpt><trkpt lat="44.45728366541582" lon="-64.26540786145304"><time>2026-07-04T22:30:30Z</time></trkpt><trkpt lat="44.45725636223592" lon="-64.26541982151983"><time>2026-07-04T22:30:31Z</time></trkpt><trkpt lat="44.457228537495084" lon="-64.2654334508572"><time>2026-07-04T22:30:32Z</time></trkpt><trkpt lat="44.45720288160693" lon="-64.26544975461019"><time>2026-07-04T22:30:33Z</time></trkpt><trkpt lat="44.45717494205772" lon="-64.26546244281418"><time>2026-07-04T22:30:34Z</time></trkpt><trkpt lat="44.4571474449968" lon="-64.2654779593058"><time>2026-07-04T22:30:35Z</time></trkpt><trkpt lat="44.45712136316365" lon="-64.26548741137735"><time>2026-07-04T22:30:36Z</time></trkpt><trkpt lat="44.457093141552" lon="-64.26549561844878"><time>2026-07-04T22:30:37Z</time></trkpt><trkpt lat="44.45706661883169" lon="-64.26550574636902"><time>2026-07-04T22:30:38Z</time></trkpt><trkpt lat="44.457040608208075" lon="-64.26551882834495"><time>2026-07-04T22:30:39Z</time></trkpt><trkpt lat="44.45701556775462" lon="-64.26553320733967"><time>2026-07-04T22:30:40Z</time></trkpt><trkpt lat="44.45698910179175" lon="-64.26554841117019"><time>2026-07-04T22:30:41Z</time></trkpt><trkpt lat="44.456961935160884" lon="-64.26556238720131"><time>2026-07-04T22:30:42Z</time></trkpt><trkpt lat="44.456934255919634" lon="-64.26557328695633"><time>2026-07-04T22:30:43Z</time></trkpt><trkpt lat="44.45690630113073" lon="-64.26558467766"><time>2026-07-04T22:30:44Z</time></trkpt><trkpt lat="44.45687852231217" lon="-64.2655981903178"><time>2026-07-04T22:30:45Z</time></trkpt><trkpt lat="44.45685128444253" lon="-64.26561315474115"><time>2026-07-04T22:30:46Z</time></trkpt><trkpt lat="44.456823844758915" lon="-64.26562597048711"><time>2026-07-04T22:30:47Z</time></trkpt><trkpt lat="44.456794770775126" lon="-64.26563478982195"><time>2026-07-04T22:30:48Z</time></trkpt><trkpt lat="44.45676764791344" lon="-64.26564752337562"><time>2026-07-04T22:30:49Z</time></trkpt><trkpt lat="44.456739421486" lon="-64.26566007142107"><time>2026-07-04T22:30:50Z</time></trkpt><trkpt lat="44.45671264303084" lon="-64.26567606743933"><time>2026-07-04T22:30:51Z</time></trkpt><trkpt lat="44.45668596887446" lon="-64.26569116718015"><time>2026-07-04T22:30:52Z</time></trkpt><trkpt lat="44.456658063446206" lon="-64.26570432302985"><time>2026-07-04T22:30:53Z</time></trkpt><trkpt lat="44.45663062468216" lon="-64.26572136699211"><time>2026-07-04T22:30:54Z</time></trkpt><trkpt lat="44.45660390887694" lon="-64.26573869373021"><time>2026-07-04T22:30:55Z</time></trkpt><trkpt lat="44.45657829904196" lon="-64.26575242713376"><time>2026-07-04T22:30:56Z</time></trkpt><trkpt lat="44.456551153034376" lon="-64.26576767866722"><time>2026-07-04T22:30:57Z</time></trkpt><trkpt lat="44.45652334074694" lon="-64.26578048290901"><time>2026-07-04T22:30:58Z</time></trkpt><trkpt lat="44.4564966534798" lon="-64.2657923682195"><time>2026-07-04T22:30:59Z</time></trkpt><trkpt lat="44.45646885523822" lon="-64.26580441222656"><time>2026-07-04T22:31:00Z</time></trkpt><trkpt lat="44.45644270725575" lon="-64.26581566683207"><time>2026-07-04T22:31:01Z</time></trkpt><trkpt lat="44.456415571857306" lon="-64.2658295389611"><time>2026-07-04T22:31:02Z</time></trkpt><trkpt lat="44.456388738347115" lon="-64.26584237484882"><time>2026-07-04T22:31:03Z</time></trkpt><trkpt lat="44.45636246416609" lon="-64.26585785216892"><time>2026-07-04T22:31:04Z</time></trkpt><trkpt lat="44.45633505104459" lon="-64.26587125173675"><time>2026-07-04T22:31:05Z</time></trkpt><trkpt lat="44.45630735011318" lon="-64.26588786555827"><time>2026-07-04T22:31:06Z</time></trkpt><trkpt lat="44.456281666923864" lon="-64.26590230250055"><time>2026-07-04T22:31:07Z</time></trkpt><trkpt lat="44.45625402231144" lon="-64.26591910489768"><time>2026-07-04T22:31:08Z</time></trkpt><trkpt lat="44.45622958021287" lon="-64.2659294526008"><time>2026-07-04T22:31:09Z</time></trkpt><trkpt lat="44.456198826903275" lon="-64.26594118871776"><time>2026-07-04T22:31:10Z</time></trkpt><trkpt lat="44.45617054333916" lon="-64.26595256546119"><time>2026-07-04T22:31:11Z</time></trkpt><trkpt lat="44.45614233801911" lon="-64.26596462507472"><time>2026-07-04T22:31:12Z</time></trkpt><trkpt lat="44.45611489705466" lon="-64.26597810371688"><time>2026-07-04T22:31:13Z</time></trkpt><trkpt lat="44.45608857179464" lon="-64.26599221170508"><time>2026-07-04T22:31:14Z</time></trkpt><trkpt lat="44.456062407040335" lon="-64.26600623437736"><time>2026-07-04T22:31:15Z</time></trkpt><trkpt lat="44.45603538425788" lon="-64.26601781100626"><time>2026-07-04T22:31:16Z</time></trkpt><trkpt lat="44.45600708178191" lon="-64.26602972391767"><time>2026-07-04T22:31:17Z</time></trkpt><trkpt lat="44.45598019854799" lon="-64.2660407089341"><time>2026-07-04T22:31:18Z</time></trkpt><trkpt lat="44.45595508825746" lon="-64.26605296235273"><time>2026-07-04T22:31:19Z</time></trkpt><trkpt lat="44.45592866981182" lon="-64.2660654356517"><time>2026-07-04T22:31:20Z</time></trkpt><trkpt lat="44.45590168346516" lon="-64.26608438403836"><time>2026-07-04T22:31:21Z</time></trkpt><trkpt lat="44.45587595146827" lon="-64.26609543740199"><time>2026-07-04T22:31:22Z</time></trkpt><trkpt lat="44.45584837308088" lon="-64.26611015536025"><time>2026-07-04T22:31:23Z</time></trkpt><trkpt lat="44.45582156808022" lon="-64.26612371880192"><time>2026-07-04T22:31:24Z</time></trkpt><trkpt lat="44.455793965011935" lon="-64.26613766253537"><time>2026-07-04T22:31:25Z</time></trkpt><trkpt lat="44.45576730603199" lon="-64.266152778195"><time>2026-07-04T22:31:26Z</time></trkpt><trkpt lat="44.45573922875677" lon="-64.2661672989674"><time>2026-07-04T22:31:27Z</time></trkpt><trkpt lat="44.45571294580061" lon="-64.26618157430205"><time>2026-07-04T22:31:28Z</time></trkpt><trkpt lat="44.455685764249104" lon="-64.26619479202316"><time>2026-07-04T22:31:29Z</time></trkpt><trkpt lat="44.455657821115956" lon="-64.26620903158901"><time>2026-07-04T22:31:30Z</time></trkpt><trkpt lat="44.455629833903124" lon="-64.26622271264162"><time>2026-07-04T22:31:31Z</time></trkpt><trkpt lat="44.455601939553254" lon="-64.26623770333417"><time>2026-07-04T22:31:32Z</time></trkpt><trkpt lat="44.45557333468217" lon="-64.26625103102998"><time>2026-07-04T22:31:33Z</time></trkpt><trkpt lat="44.4555469982374" lon="-64.26626905681248"><time>2026-07-04T22:31:34Z</time></trkpt><trkpt lat="44.45551957791326" lon="-64.26628512220887"><time>2026-07-04T22:31:35Z</time></trkpt><trkpt lat="44.45549314896211" lon="-64.26629771514304"><time>2026-07-04T22:31:36Z</time></trkpt><trkpt lat="44.455466190054615" lon="-64.26631265901965"><time>2026-07-04T22:31:37Z</time></trkpt><trkpt lat="44.4554378563441" lon="-64.26632315474693"><time>2026-07-04T22:31:38Z</time></trkpt><trkpt lat="44.455411839302535" lon="-64.26633352812219"><time>2026-07-04T22:31:39Z</time></trkpt><trkpt lat="44.45538490088625" lon="-64.2663470173222"><time>2026-07-04T22:31:40Z</time></trkpt><trkpt lat="44.455359431536536" lon="-64.266358874067"><time>2026-07-04T22:31:41Z</time></trkpt><trkpt lat="44.45533382581055" lon="-64.26637058081924"><time>2026-07-04T22:31:42Z</time></trkpt><trkpt lat="44.45530872228647" lon="-64.26637837446954"><time>2026-07-04T22:31:43Z</time></trkpt><trkpt lat="44.45528032252395" lon="-64.26638613436269"><time>2026-07-04T22:31:44Z</time></trkpt><trkpt lat="44.45525460251189" lon="-64.2663942953344"><time>2026-07-04T22:31:45Z</time></trkpt><trkpt lat="44.4552282652101" lon="-64.26640358166392"><time>2026-07-04T22:31:46Z</time></trkpt><trkpt lat="44.45520145718168" lon="-64.26640615061366"><time>2026-07-04T22:31:47Z</time></trkpt><trkpt lat="44.455174506020875" lon="-64.26641170555794"><time>2026-07-04T22:31:48Z</time></trkpt><trkpt lat="44.455148299114796" lon="-64.26641685086281"><time>2026-07-04T22:31:49Z</time></trkpt><trkpt lat="44.45512117119572" lon="-64.26642362151743"><time>2026-07-04T22:31:50Z</time></trkpt><trkpt lat="44.45509419841015" lon="-64.26643400546857"><time>2026-07-04T22:31:51Z</time></trkpt><trkpt lat="44.45506739737138" lon="-64.26644205368166"><time>2026-07-04T22:31:52Z</time></trkpt><trkpt lat="44.45503962707212" lon="-64.26645171193005"><time>2026-07-04T22:31:53Z</time></trkpt><trkpt lat="44.45501253611068" lon="-64.26646243336839"><time>2026-07-04T22:31:54Z</time></trkpt><trkpt lat="44.454984734611195" lon="-64.26646906843112"><time>2026-07-04T22:31:55Z</time></trkpt><trkpt lat="44.45495723219592" lon="-64.26647530351008"><time>2026-07-04T22:31:56Z</time></trkpt><trkpt lat="44.45492883240594" lon="-64.26648239688244"><time>2026-07-04T22:31:57Z</time></trkpt><trkpt lat="44.4548999649551" lon="-64.26649177003017"><time>2026-07-04T22:31:58Z</time></trkpt><trkpt lat="44.45487119217038" lon="-64.26650485441118"><time>2026-07-04T22:31:59Z</time></trkpt><trkpt lat="44.454843872898955" lon="-64.26651601318255"><time>2026-07-04T22:32:00Z</time></trkpt><trkpt lat="44.45481687229205" lon="-64.26653022452341"><time>2026-07-04T22:32:01Z</time></trkpt><trkpt lat="44.454788682944404" lon="-64.26653901556597"><time>2026-07-04T22:32:02Z</time></trkpt><trkpt lat="44.454760433455704" lon="-64.26654668893224"><time>2026-07-04T22:32:03Z</time></trkpt><trkpt lat="44.454731432014796" lon="-64.26655330557881"><time>2026-07-04T22:32:04Z</time></trkpt><trkpt lat="44.45470308771686" lon="-64.26655814173368"><time>2026-07-04T22:32:05Z</time></trkpt><trkpt lat="44.45467224521253" lon="-64.26656331582646"><time>2026-07-04T22:32:06Z</time></trkpt><trkpt lat="44.45464323953237" lon="-64.26657261709222"><time>2026-07-04T22:32:07Z</time></trkpt><trkpt lat="44.45461436553354" lon="-64.2665839715441"><time>2026-07-04T22:32:08Z</time></trkpt><trkpt lat="44.454585711312376" lon="-64.26659704734263"><time>2026-07-04T22:32:09Z</time></trkpt><trkpt lat="44.45455900921784" lon="-64.26661902251846"><time>2026-07-04T22:32:10Z</time></trkpt><trkpt lat="44.45453103732295" lon="-64.26663046451472"><time>2026-07-04T22:32:11Z</time></trkpt><trkpt lat="44.45450295922492" lon="-64.26664315258405"><time>2026-07-04T22:32:12Z</time></trkpt><trkpt lat="44.45447479435183" lon="-64.26665475137284"><time>2026-07-04T22:32:13Z</time></trkpt><trkpt lat="44.454447475688845" lon="-64.26666757308045"><time>2026-07-04T22:32:14Z</time></trkpt><trkpt lat="44.4544194090134" lon="-64.26668295111642"><time>2026-07-04T22:32:15Z</time></trkpt><trkpt lat="44.454392776095425" lon="-64.266694280872"><time>2026-07-04T22:32:16Z</time></trkpt><trkpt lat="44.4543650018553" lon="-64.2667031556488"><time>2026-07-04T22:32:17Z</time></trkpt><trkpt lat="44.45433713730851" lon="-64.26671261499118"><time>2026-07-04T22:32:18Z</time></trkpt><trkpt lat="44.45431039930731" lon="-64.26672378736485"><time>2026-07-04T22:32:19Z</time></trkpt><trkpt lat="44.454282671995955" lon="-64.26673250018078"><time>2026-07-04T22:32:20Z</time></trkpt><trkpt lat="44.45425529762128" lon="-64.26674172383662"><time>2026-07-04T22:32:21Z</time></trkpt><trkpt lat="44.4542291401644" lon="-64.26674998871367"><time>2026-07-04T22:32:22Z</time></trkpt><trkpt lat="44.45420318985853" lon="-64.26676109222379"><time>2026-07-04T22:32:23Z</time></trkpt><trkpt lat="44.45417696998718" lon="-64.26677226375455"><time>2026-07-04T22:32:24Z</time></trkpt><trkpt lat="44.45414968963038" lon="-64.26678133911187"><time>2026-07-04T22:32:25Z</time></trkpt><trkpt lat="44.45412270366612" lon="-64.26679135920318"><time>2026-07-04T22:32:26Z</time></trkpt><trkpt lat="44.45409174560239" lon="-64.26680496345554"><time>2026-07-04T22:32:27Z</time></trkpt><trkpt lat="44.454062955201145" lon="-64.26681742876569"><time>2026-07-04T22:32:28Z</time></trkpt><trkpt lat="44.454033534994544" lon="-64.26683215093584"><time>2026-07-04T22:32:29Z</time></trkpt><trkpt lat="44.45400689969178" lon="-64.26685433756712"><time>2026-07-04T22:32:30Z</time></trkpt><trkpt lat="44.45398351254991" lon="-64.2668786067703"><time>2026-07-04T22:32:31Z</time></trkpt><trkpt lat="44.45395807964359" lon="-64.26690386492562"><time>2026-07-04T22:32:32Z</time></trkpt><trkpt lat="44.45393225416831" lon="-64.26692653369338"><time>2026-07-04T22:32:33Z</time></trkpt><trkpt lat="44.45390900851351" lon="-64.26695002784462"><time>2026-07-04T22:32:34Z</time></trkpt><trkpt lat="44.45388128842577" lon="-64.26696799606955"><time>2026-07-04T22:32:35Z</time></trkpt><trkpt lat="44.45385306873064" lon="-64.26698835189359"><time>2026-07-04T22:32:36Z</time></trkpt><trkpt lat="44.453822864923836" lon="-64.26700121111554"><time>2026-07-04T22:32:37Z</time></trkpt><trkpt lat="44.453794580228255" lon="-64.26701533715958"><time>2026-07-04T22:32:38Z</time></trkpt><trkpt lat="44.45376764741111" lon="-64.26703952935898"><time>2026-07-04T22:32:39Z</time></trkpt><trkpt lat="44.45374378565545" lon="-64.26706318683011"><time>2026-07-04T22:32:40Z</time></trkpt><trkpt lat="44.4537196076424" lon="-64.26708698925306"><time>2026-07-04T22:32:41Z</time></trkpt><trkpt lat="44.45369509584167" lon="-64.26710768529863"><time>2026-07-04T22:32:42Z</time></trkpt><trkpt lat="44.45367135457141" lon="-64.26713180867307"><time>2026-07-04T22:32:43Z</time></trkpt><trkpt lat="44.45364921447956" lon="-64.26715933542374"><time>2026-07-04T22:32:44Z</time></trkpt><trkpt lat="44.45362403604651" lon="-64.26717940221845"><time>2026-07-04T22:32:45Z</time></trkpt><trkpt lat="44.45359862248518" lon="-64.26719639712384"><time>2026-07-04T22:32:46Z</time></trkpt><trkpt lat="44.45357333334091" lon="-64.26721264459287"><time>2026-07-04T22:32:47Z</time></trkpt><trkpt lat="44.45354677630865" lon="-64.26722840887227"><time>2026-07-04T22:32:48Z</time></trkpt><trkpt lat="44.45352175826708" lon="-64.26724382681167"><time>2026-07-04T22:32:49Z</time></trkpt><trkpt lat="44.453496661109256" lon="-64.26725872143724"><time>2026-07-04T22:32:50Z</time></trkpt><trkpt lat="44.453472304996296" lon="-64.2672713585627"><time>2026-07-04T22:32:51Z</time></trkpt><trkpt lat="44.45344760599468" lon="-64.2672865336281"><time>2026-07-04T22:32:52Z</time></trkpt><trkpt lat="44.45342410328293" lon="-64.26730111358125"><time>2026-07-04T22:32:53Z</time></trkpt><trkpt lat="44.45340012235557" lon="-64.26731641060704"><time>2026-07-04T22:32:54Z</time></trkpt><trkpt lat="44.45337588948517" lon="-64.26733212973215"><time>2026-07-04T22:32:55Z</time></trkpt><trkpt lat="44.45335011790152" lon="-64.26734586420201"><time>2026-07-04T22:32:56Z</time></trkpt><trkpt lat="44.45332472161928" lon="-64.26735810599598"><time>2026-07-04T22:32:57Z</time></trkpt><trkpt lat="44.453298887756674" lon="-64.26737184043446"><time>2026-07-04T22:32:58Z</time></trkpt><trkpt lat="44.45327394670972" lon="-64.26738589043389"><time>2026-07-04T22:32:59Z</time></trkpt><trkpt lat="44.45325062389706" lon="-64.26740137521202"><time>2026-07-04T22:33:00Z</time></trkpt><trkpt lat="44.453225139505186" lon="-64.26741791414834"><time>2026-07-04T22:33:01Z</time></trkpt><trkpt lat="44.45319945974491" lon="-64.26743141355074"><time>2026-07-04T22:33:02Z</time></trkpt><trkpt lat="44.453173265824816" lon="-64.26744042838568"><time>2026-07-04T22:33:03Z</time></trkpt><trkpt lat="44.453145673419655" lon="-64.26745031048038"><time>2026-07-04T22:33:04Z</time></trkpt><trkpt lat="44.45311931933655" lon="-64.26745352821497"><time>2026-07-04T22:33:05Z</time></trkpt><trkpt lat="44.453089629030465" lon="-64.26746052498437"><time>2026-07-04T22:33:06Z</time></trkpt><trkpt lat="44.45306223442366" lon="-64.2674697902564"><time>2026-07-04T22:33:07Z</time></trkpt><trkpt lat="44.453034412870664" lon="-64.26748251911499"><time>2026-07-04T22:33:08Z</time></trkpt><trkpt lat="44.45300721494167" lon="-64.26749400313467"><time>2026-07-04T22:33:09Z</time></trkpt><trkpt lat="44.45297949844438" lon="-64.26750292295242"><time>2026-07-04T22:33:10Z</time></trkpt><trkpt lat="44.45295059698309" lon="-64.26751201252387"><time>2026-07-04T22:33:11Z</time></trkpt><trkpt lat="44.45292215531049" lon="-64.26751996675847"><time>2026-07-04T22:33:12Z</time></trkpt><trkpt lat="44.45289218756919" lon="-64.26752880795154"><time>2026-07-04T22:33:13Z</time></trkpt><trkpt lat="44.45286413181987" lon="-64.26753902625117"><time>2026-07-04T22:33:14Z</time></trkpt><trkpt lat="44.45283684302018" lon="-64.26754681488717"><time>2026-07-04T22:33:15Z</time></trkpt><trkpt lat="44.45280551065318" lon="-64.26755802663709"><time>2026-07-04T22:33:16Z</time></trkpt><trkpt lat="44.45277316654276" lon="-64.26756416222842"><time>2026-07-04T22:33:17Z</time></trkpt><trkpt lat="44.4527430604587" lon="-64.267572529602"><time>2026-07-04T22:33:18Z</time></trkpt><trkpt lat="44.4527143547476" lon="-64.26758306028677"><time>2026-07-04T22:33:19Z</time></trkpt><trkpt lat="44.45268468788312" lon="-64.26759137606993"><time>2026-07-04T22:33:20Z</time></trkpt><trkpt lat="44.45265494236182" lon="-64.26759578501449"><time>2026-07-04T22:33:21Z</time></trkpt><trkpt lat="44.45262480188122" lon="-64.26760241690583"><time>2026-07-04T22:33:22Z</time></trkpt><trkpt lat="44.45259657681988" lon="-64.26761141627378"><time>2026-07-04T22:33:23Z</time></trkpt><trkpt lat="44.45256785789289" lon="-64.26762127158646"><time>2026-07-04T22:33:24Z</time></trkpt><trkpt lat="44.45253808800103" lon="-64.26762939151678"><time>2026-07-04T22:33:25Z</time></trkpt><trkpt lat="44.452509380273256" lon="-64.2676348101637"><time>2026-07-04T22:33:26Z</time></trkpt><trkpt lat="44.45247902083687" lon="-64.26763558014115"><time>2026-07-04T22:33:27Z</time></trkpt><trkpt lat="44.45244920065205" lon="-64.26763374202305"><time>2026-07-04T22:33:28Z</time></trkpt><trkpt lat="44.452419008944894" lon="-64.26763598699101"><time>2026-07-04T22:33:29Z</time></trkpt><trkpt lat="44.45238879407759" lon="-64.26764038334647"><time>2026-07-04T22:33:30Z</time></trkpt><trkpt lat="44.45236067300349" lon="-64.26764849077696"><time>2026-07-04T22:33:31Z</time></trkpt><trkpt lat="44.45233401927576" lon="-64.26765572473265"><time>2026-07-04T22:33:32Z</time></trkpt><trkpt lat="44.45230557107768" lon="-64.2676628679563"><time>2026-07-04T22:33:33Z</time></trkpt><trkpt lat="44.45227925145528" lon="-64.26766379024252"><time>2026-07-04T22:33:34Z</time></trkpt><trkpt lat="44.45224950710263" lon="-64.26766509375257"><time>2026-07-04T22:33:35Z</time></trkpt><trkpt lat="44.452221317873274" lon="-64.26766337635524"><time>2026-07-04T22:33:36Z</time></trkpt><trkpt lat="44.45219370368647" lon="-64.26766026957961"><time>2026-07-04T22:33:37Z</time></trkpt><trkpt lat="44.452166449586784" lon="-64.26765776315554"><time>2026-07-04T22:33:38Z</time></trkpt><trkpt lat="44.4521397554991" lon="-64.26765508572119"><time>2026-07-04T22:33:39Z</time></trkpt><trkpt lat="44.45211146705064" lon="-64.26765341139846"><time>2026-07-04T22:33:40Z</time></trkpt><trkpt lat="44.45208444608644" lon="-64.26765200914937"><time>2026-07-04T22:33:41Z</time></trkpt><trkpt lat="44.45205571863054" lon="-64.26764994987883"><time>2026-07-04T22:33:42Z</time></trkpt><trkpt lat="44.45202700484362" lon="-64.26765028281416"><time>2026-07-04T22:33:43Z</time></trkpt><trkpt lat="44.45199861398219" lon="-64.26765330958312"><time>2026-07-04T22:33:44Z</time></trkpt><trkpt lat="44.451969420100326" lon="-64.26765498264852"><time>2026-07-04T22:33:45Z</time></trkpt><trkpt lat="44.45193969205313" lon="-64.26765827297747"><time>2026-07-04T22:33:46Z</time></trkpt><trkpt lat="44.451909393531324" lon="-64.26766122643602"><time>2026-07-04T22:33:47Z</time></trkpt><trkpt lat="44.451880195695146" lon="-64.26766372858675"><time>2026-07-04T22:33:48Z</time></trkpt><trkpt lat="44.451851240510855" lon="-64.26766165021274"><time>2026-07-04T22:33:49Z</time></trkpt><trkpt lat="44.451821293158325" lon="-64.26766056874506"><time>2026-07-04T22:33:50Z</time></trkpt><trkpt lat="44.4517893279258" lon="-64.26765940174457"><time>2026-07-04T22:33:51Z</time></trkpt><trkpt lat="44.45175848988666" lon="-64.26766033356948"><time>2026-07-04T22:33:52Z</time></trkpt><trkpt lat="44.45172875704966" lon="-64.26766159365042"><time>2026-07-04T22:33:53Z</time></trkpt><trkpt lat="44.451697844725224" lon="-64.26766550435212"><time>2026-07-04T22:33:54Z</time></trkpt><trkpt lat="44.45166791046191" lon="-64.26766676094334"><time>2026-07-04T22:33:55Z</time></trkpt><trkpt lat="44.45163749262575" lon="-64.26766661952576"><time>2026-07-04T22:33:56Z</time></trkpt><trkpt lat="44.45160815569934" lon="-64.26766842720276"><time>2026-07-04T22:33:57Z</time></trkpt><trkpt lat="44.451578329221626" lon="-64.26767372352516"><time>2026-07-04T22:33:58Z</time></trkpt><trkpt lat="44.4515472774009" lon="-64.26767821064907"><time>2026-07-04T22:33:59Z</time></trkpt><trkpt lat="44.45151771020761" lon="-64.2676818249182"><time>2026-07-04T22:34:00Z</time></trkpt><trkpt lat="44.45148818571126" lon="-64.2676834919046"><time>2026-07-04T22:34:01Z</time></trkpt><trkpt lat="44.451457972750106" lon="-64.26768514167676"><time>2026-07-04T22:34:02Z</time></trkpt><trkpt lat="44.451428249240934" lon="-64.26768779697467"><time>2026-07-04T22:34:03Z</time></trkpt><trkpt lat="44.451398431618145" lon="-64.26769214266845"><time>2026-07-04T22:34:04Z</time></trkpt><trkpt lat="44.451369516529674" lon="-64.26769466077506"><time>2026-07-04T22:34:05Z</time></trkpt><trkpt lat="44.451340669786" lon="-64.26769790987245"><time>2026-07-04T22:34:06Z</time></trkpt><trkpt lat="44.45131102638595" lon="-64.26770126183258"><time>2026-07-04T22:34:07Z</time></trkpt><trkpt lat="44.45128250496715" lon="-64.26770240144192"><time>2026-07-04T22:34:08Z</time></trkpt><trkpt lat="44.451253853412815" lon="-64.26770390292508"><time>2026-07-04T22:34:09Z</time></trkpt><trkpt lat="44.45122489201533" lon="-64.26770561355421"><time>2026-07-04T22:34:10Z</time></trkpt><trkpt lat="44.45119535201616" lon="-64.26770901345566"><time>2026-07-04T22:34:11Z</time></trkpt><trkpt lat="44.451166965833764" lon="-64.26771268555605"><time>2026-07-04T22:34:12Z</time></trkpt><trkpt lat="44.4511383966209" lon="-64.26771489087173"><time>2026-07-04T22:34:13Z</time></trkpt><trkpt lat="44.45110954729692" lon="-64.2677168352682"><time>2026-07-04T22:34:14Z</time></trkpt><trkpt lat="44.45108171473797" lon="-64.26771938800943"><time>2026-07-04T22:34:15Z</time></trkpt><trkpt lat="44.45105355431422" lon="-64.2677209661766"><time>2026-07-04T22:34:16Z</time></trkpt><trkpt lat="44.451025056461646" lon="-64.26772394301288"><time>2026-07-04T22:34:17Z</time></trkpt><trkpt lat="44.45099772068515" lon="-64.26772434163456"><time>2026-07-04T22:34:18Z</time></trkpt><trkpt lat="44.45096909666038" lon="-64.26772546531744"><time>2026-07-04T22:34:19Z</time></trkpt><trkpt lat="44.45094064203216" lon="-64.26772603382535"><time>2026-07-04T22:34:20Z</time></trkpt><trkpt lat="44.45091288412098" lon="-64.26772689889215"><time>2026-07-04T22:34:21Z</time></trkpt><trkpt lat="44.45088537289783" lon="-64.26772941621968"><time>2026-07-04T22:34:22Z</time></trkpt><trkpt lat="44.45085724016029" lon="-64.26773393941663"><time>2026-07-04T22:34:23Z</time></trkpt><trkpt lat="44.450829786538044" lon="-64.26774043886665"><time>2026-07-04T22:34:24Z</time></trkpt><trkpt lat="44.450802636872545" lon="-64.2677458978088"><time>2026-07-04T22:34:25Z</time></trkpt><trkpt lat="44.45077416591405" lon="-64.26775115951231"><time>2026-07-04T22:34:26Z</time></trkpt><trkpt lat="44.45074588220507" lon="-64.26775505648827"><time>2026-07-04T22:34:27Z</time></trkpt><trkpt lat="44.45071711764263" lon="-64.2677537505583"><time>2026-07-04T22:34:28Z</time></trkpt><trkpt lat="44.45068896434757" lon="-64.26775186569348"><time>2026-07-04T22:34:29Z</time></trkpt><trkpt lat="44.4506603355068" lon="-64.26775224974335"><time>2026-07-04T22:34:30Z</time></trkpt><trkpt lat="44.45063211935282" lon="-64.267757757167"><time>2026-07-04T22:34:31Z</time></trkpt><trkpt lat="44.45060605659171" lon="-64.26776372570033"><time>2026-07-04T22:34:32Z</time></trkpt><trkpt lat="44.45057948127305" lon="-64.2677718495592"><time>2026-07-04T22:34:33Z</time></trkpt><trkpt lat="44.450553701937885" lon="-64.26777835893377"><time>2026-07-04T22:34:34Z</time></trkpt><trkpt lat="44.45052611117705" lon="-64.26778411102175"><time>2026-07-04T22:34:35Z</time></trkpt><trkpt lat="44.45049750430428" lon="-64.26779069707202"><time>2026-07-04T22:34:36Z</time></trkpt><trkpt lat="44.45046914208256" lon="-64.26779212358048"><time>2026-07-04T22:34:37Z</time></trkpt><trkpt lat="44.45043954453465" lon="-64.26779445801189"><time>2026-07-04T22:34:38Z</time></trkpt><trkpt lat="44.45041070137303" lon="-64.26779275498575"><time>2026-07-04T22:34:39Z</time></trkpt><trkpt lat="44.450381241418945" lon="-64.26779609630049"><time>2026-07-04T22:34:40Z</time></trkpt><trkpt lat="44.45035383212826" lon="-64.26779878544225"><time>2026-07-04T22:34:41Z</time></trkpt><trkpt lat="44.450324917929784" lon="-64.26780621086107"><time>2026-07-04T22:34:42Z</time></trkpt><trkpt lat="44.45029798560673" lon="-64.26781270864319"><time>2026-07-04T22:34:43Z</time></trkpt><trkpt lat="44.450271560427716" lon="-64.26782010167618"><time>2026-07-04T22:34:44Z</time></trkpt><trkpt lat="44.45024363313174" lon="-64.26781893009516"><time>2026-07-04T22:34:45Z</time></trkpt><trkpt lat="44.45021710790136" lon="-64.26782010336677"><time>2026-07-04T22:34:46Z</time></trkpt><trkpt lat="44.45018911497806" lon="-64.26782548836108"><time>2026-07-04T22:34:47Z</time></trkpt><trkpt lat="44.45016334825636" lon="-64.26783030921362"><time>2026-07-04T22:34:48Z</time></trkpt><trkpt lat="44.45013815276704" lon="-64.26783463761366"><time>2026-07-04T22:34:49Z</time></trkpt><trkpt lat="44.45011070653162" lon="-64.2678409579679"><time>2026-07-04T22:34:50Z</time></trkpt><trkpt lat="44.45008712421767" lon="-64.26784418496422"><time>2026-07-04T22:34:51Z</time></trkpt><trkpt lat="44.45006163793039" lon="-64.26785114126533"><time>2026-07-04T22:34:52Z</time></trkpt><trkpt lat="44.45003705315278" lon="-64.26785807265081"><time>2026-07-04T22:34:53Z</time></trkpt><trkpt lat="44.45001241345118" lon="-64.26786535996057"><time>2026-07-04T22:34:54Z</time></trkpt><trkpt lat="44.449988204474614" lon="-64.26786962090956"><time>2026-07-04T22:34:55Z</time></trkpt><trkpt lat="44.44996311694959" lon="-64.26787288928273"><time>2026-07-04T22:34:56Z</time></trkpt><trkpt lat="44.44993766055842" lon="-64.26787568988775"><time>2026-07-04T22:34:57Z</time></trkpt><trkpt lat="44.44991233643147" lon="-64.26787749341747"><time>2026-07-04T22:34:58Z</time></trkpt><trkpt lat="44.449886790725046" lon="-64.26788211146979"><time>2026-07-04T22:34:59Z</time></trkpt><trkpt lat="44.44986301534338" lon="-64.26788849475585"><time>2026-07-04T22:35:00Z</time></trkpt><trkpt lat="44.449838738204456" lon="-64.2678919111736"><time>2026-07-04T22:35:01Z</time></trkpt><trkpt lat="44.4498141124165" lon="-64.26789366342405"><time>2026-07-04T22:35:02Z</time></trkpt><trkpt lat="44.44978909322094" lon="-64.26789452988521"><time>2026-07-04T22:35:03Z</time></trkpt><trkpt lat="44.44976439887047" lon="-64.26789496451053"><time>2026-07-04T22:35:04Z</time></trkpt><trkpt lat="44.44974006191363" lon="-64.26789946186939"><time>2026-07-04T22:35:05Z</time></trkpt><trkpt lat="44.44971494088054" lon="-64.26790017884522"><time>2026-07-04T22:35:06Z</time></trkpt><trkpt lat="44.44969031593698" lon="-64.26790429776021"><time>2026-07-04T22:35:07Z</time></trkpt><trkpt lat="44.449665457773335" lon="-64.26790832970056"><time>2026-07-04T22:35:08Z</time></trkpt><trkpt lat="44.44964168895788" lon="-64.26791823930651"><time>2026-07-04T22:35:09Z</time></trkpt><trkpt lat="44.44961927734833" lon="-64.26792539253465"><time>2026-07-04T22:35:10Z</time></trkpt><trkpt lat="44.44959626650395" lon="-64.26793218873793"><time>2026-07-04T22:35:11Z</time></trkpt><trkpt lat="44.449571723056735" lon="-64.2679341020207"><time>2026-07-04T22:35:12Z</time></trkpt><trkpt lat="44.44954822396885" lon="-64.2679349703528"><time>2026-07-04T22:35:13Z</time></trkpt><trkpt lat="44.449524170312934" lon="-64.26793675956958"><time>2026-07-04T22:35:14Z</time></trkpt><trkpt lat="44.44950030130786" lon="-64.26793892335341"><time>2026-07-04T22:35:15Z</time></trkpt><trkpt lat="44.44947598381053" lon="-64.2679422591104"><time>2026-07-04T22:35:16Z</time></trkpt><trkpt lat="44.44945093496796" lon="-64.26794802954954"><time>2026-07-04T22:35:17Z</time></trkpt><trkpt lat="44.449426732636965" lon="-64.26795530557867"><time>2026-07-04T22:35:18Z</time></trkpt><trkpt lat="44.44940260598567" lon="-64.26796006621991"><time>2026-07-04T22:35:19Z</time></trkpt><trkpt lat="44.449376015936146" lon="-64.26796558796295"><time>2026-07-04T22:35:20Z</time></trkpt><trkpt lat="44.44935074534766" lon="-64.26796822992073"><time>2026-07-04T22:35:21Z</time></trkpt><trkpt lat="44.449325502278214" lon="-64.26797156861966"><time>2026-07-04T22:35:22Z</time></trkpt><trkpt lat="44.449301605457286" lon="-64.26797565811847"><time>2026-07-04T22:35:23Z</time></trkpt><trkpt lat="44.44927730306914" lon="-64.26797863956203"><time>2026-07-04T22:35:24Z</time></trkpt><trkpt lat="44.44925307018922" lon="-64.26797673650935"><time>2026-07-04T22:35:25Z</time></trkpt><trkpt lat="44.449229588190434" lon="-64.26799024358434"><time>2026-07-04T22:35:26Z</time></trkpt><trkpt lat="44.44920353393757" lon="-64.26798894510465"><time>2026-07-04T22:35:27Z</time></trkpt><trkpt lat="44.44917587988812" lon="-64.26799008793371"><time>2026-07-04T22:35:28Z</time></trkpt><trkpt lat="44.44915141439912" lon="-64.26799440344787"><time>2026-07-04T22:35:29Z</time></trkpt><trkpt lat="44.44912681741586" lon="-64.26800052972996"><time>2026-07-04T22:35:30Z</time></trkpt><trkpt lat="44.449102869333146" lon="-64.26800595943006"><time>2026-07-04T22:35:31Z</time></trkpt><trkpt lat="44.44907989643752" lon="-64.2680119318804"><time>2026-07-04T22:35:32Z</time></trkpt><trkpt lat="44.44905430450598" lon="-64.268017653433"><time>2026-07-04T22:35:33Z</time></trkpt><trkpt lat="44.44903138060378" lon="-64.26801994067432"><time>2026-07-04T22:35:34Z</time></trkpt><trkpt lat="44.449006429745076" lon="-64.26802396615093"><time>2026-07-04T22:35:35Z</time></trkpt><trkpt lat="44.44898288047564" lon="-64.26802465935474"><time>2026-07-04T22:35:36Z</time></trkpt><trkpt lat="44.448959579285024" lon="-64.26802399687877"><time>2026-07-04T22:35:37Z</time></trkpt><trkpt lat="44.44893867328783" lon="-64.26802763704207"><time>2026-07-04T22:35:38Z</time></trkpt><trkpt lat="44.44891568577423" lon="-64.26803239442242"><time>2026-07-04T22:35:39Z</time></trkpt><trkpt lat="44.44889255494847" lon="-64.26803729133366"><time>2026-07-04T22:35:40Z</time></trkpt><trkpt lat="44.44886835893997" lon="-64.26803792873996"><time>2026-07-04T22:35:41Z</time></trkpt><trkpt lat="44.44884446660733" lon="-64.26803580534585"><time>2026-07-04T22:35:42Z</time></trkpt><trkpt lat="44.44881969776607" lon="-64.26803412095451"><time>2026-07-04T22:35:43Z</time></trkpt><trkpt lat="44.44879466816227" lon="-64.26802958406272"><time>2026-07-04T22:35:44Z</time></trkpt><trkpt lat="44.448769650198386" lon="-64.26803263397562"><time>2026-07-04T22:35:45Z</time></trkpt><trkpt lat="44.44874566315181" lon="-64.2680320814056"><time>2026-07-04T22:35:46Z</time></trkpt><trkpt lat="44.44872142557755" lon="-64.26803398142559"><time>2026-07-04T22:35:47Z</time></trkpt><trkpt lat="44.448695905672935" lon="-64.26803134267657"><time>2026-07-04T22:35:48Z</time></trkpt><trkpt lat="44.44867026391157" lon="-64.26802613418097"><time>2026-07-04T22:35:49Z</time></trkpt><trkpt lat="44.448644616971094" lon="-64.26802127545496"><time>2026-07-04T22:35:50Z</time></trkpt><trkpt lat="44.448619262036374" lon="-64.26801387284661"><time>2026-07-04T22:35:51Z</time></trkpt><trkpt lat="44.44859291563599" lon="-64.26800687370839"><time>2026-07-04T22:35:52Z</time></trkpt><trkpt lat="44.448566283711514" lon="-64.26800044729038"><time>2026-07-04T22:35:53Z</time></trkpt><trkpt lat="44.44854034711984" lon="-64.26799282320376"><time>2026-07-04T22:35:54Z</time></trkpt><trkpt lat="44.44851411525744" lon="-64.26798238421937"><time>2026-07-04T22:35:55Z</time></trkpt><trkpt lat="44.44848795266796" lon="-64.26797099858034"><time>2026-07-04T22:35:56Z</time></trkpt><trkpt lat="44.44846300457275" lon="-64.2679610225313"><time>2026-07-04T22:35:57Z</time></trkpt><trkpt lat="44.448437566366444" lon="-64.26795122666246"><time>2026-07-04T22:35:58Z</time></trkpt><trkpt lat="44.44841225944182" lon="-64.26794239196857"><time>2026-07-04T22:35:59Z</time></trkpt><trkpt lat="44.448384637881425" lon="-64.26793419001407"><time>2026-07-04T22:36:00Z</time></trkpt><trkpt lat="44.44835728249826" lon="-64.26792948696189"><time>2026-07-04T22:36:01Z</time></trkpt><trkpt lat="44.44833125482987" lon="-64.26791856003746"><time>2026-07-04T22:36:02Z</time></trkpt><trkpt lat="44.44830442075367" lon="-64.26790865916074"><time>2026-07-04T22:36:03Z</time></trkpt><trkpt lat="44.4482783811188" lon="-64.267896909643"><time>2026-07-04T22:36:04Z</time></trkpt><trkpt lat="44.448252605811824" lon="-64.26788368544167"><time>2026-07-04T22:36:05Z</time></trkpt><trkpt lat="44.44822772073153" lon="-64.26786977835006"><time>2026-07-04T22:36:06Z</time></trkpt><trkpt lat="44.44820370836909" lon="-64.26785385319225"><time>2026-07-04T22:36:07Z</time></trkpt><trkpt lat="44.44817935972263" lon="-64.26783886097017"><time>2026-07-04T22:36:08Z</time></trkpt><trkpt lat="44.4481541294209" lon="-64.26782415853765"><time>2026-07-04T22:36:09Z</time></trkpt><trkpt lat="44.448130158498145" lon="-64.26781305537867"><time>2026-07-04T22:36:10Z</time></trkpt><trkpt lat="44.44810593826303" lon="-64.26779578168752"><time>2026-07-04T22:36:11Z</time></trkpt><trkpt lat="44.44808153582526" lon="-64.26778374528723"><time>2026-07-04T22:36:12Z</time></trkpt><trkpt lat="44.44805717531881" lon="-64.26776966025895"><time>2026-07-04T22:36:13Z</time></trkpt><trkpt lat="44.44803226134685" lon="-64.26775905525197"><time>2026-07-04T22:36:14Z</time></trkpt><trkpt lat="44.448008500467395" lon="-64.26774628755608"><time>2026-07-04T22:36:15Z</time></trkpt><trkpt lat="44.44798507384971" lon="-64.26773373151424"><time>2026-07-04T22:36:16Z</time></trkpt><trkpt lat="44.44796205967274" lon="-64.2677223801179"><time>2026-07-04T22:36:17Z</time></trkpt><trkpt lat="44.4479398704809" lon="-64.26770780965597"><time>2026-07-04T22:36:18Z</time></trkpt><trkpt lat="44.44791476764401" lon="-64.26769235768883"><time>2026-07-04T22:36:19Z</time></trkpt><trkpt lat="44.44789133235574" lon="-64.26768148289767"><time>2026-07-04T22:36:20Z</time></trkpt><trkpt lat="44.44786743639158" lon="-64.26767154999978"><time>2026-07-04T22:36:21Z</time></trkpt><trkpt lat="44.44784319072142" lon="-64.26766017721543"><time>2026-07-04T22:36:22Z</time></trkpt><trkpt lat="44.447819382693325" lon="-64.26764927249027"><time>2026-07-04T22:36:23Z</time></trkpt><trkpt lat="44.447795222838636" lon="-64.26764006181045"><time>2026-07-04T22:36:24Z</time></trkpt><trkpt lat="44.44777182379225" lon="-64.26762878040537"><time>2026-07-04T22:36:25Z</time></trkpt><trkpt lat="44.44774494502515" lon="-64.26761795869533"><time>2026-07-04T22:36:26Z</time></trkpt><trkpt lat="44.44772036658016" lon="-64.26760649520534"><time>2026-07-04T22:36:27Z</time></trkpt><trkpt lat="44.44769531352923" lon="-64.26759547159723"><time>2026-07-04T22:36:28Z</time></trkpt><trkpt lat="44.4476701973652" lon="-64.26758375361528"><time>2026-07-04T22:36:29Z</time></trkpt><trkpt lat="44.44764533370364" lon="-64.267573108528"><time>2026-07-04T22:36:30Z</time></trkpt><trkpt lat="44.44761923087309" lon="-64.26756383630858"><time>2026-07-04T22:36:31Z</time></trkpt><trkpt lat="44.44759480143657" lon="-64.267552190733"><time>2026-07-04T22:36:32Z</time></trkpt><trkpt lat="44.44757008729011" lon="-64.26753864201869"><time>2026-07-04T22:36:33Z</time></trkpt><trkpt lat="44.447544031834084" lon="-64.26752846384872"><time>2026-07-04T22:36:34Z</time></trkpt><trkpt lat="44.447518527819554" lon="-64.26751948469223"><time>2026-07-04T22:36:35Z</time></trkpt><trkpt lat="44.447493308092994" lon="-64.2675090183575"><time>2026-07-04T22:36:36Z</time></trkpt><trkpt lat="44.447468081920604" lon="-64.26749904650892"><time>2026-07-04T22:36:37Z</time></trkpt><trkpt lat="44.44744211066374" lon="-64.26748981755672"><time>2026-07-04T22:36:38Z</time></trkpt><trkpt lat="44.447415605305515" lon="-64.26747854377403"><time>2026-07-04T22:36:39Z</time></trkpt><trkpt lat="44.44738948495518" lon="-64.2674668632188"><time>2026-07-04T22:36:40Z</time></trkpt><trkpt lat="44.44735682056787" lon="-64.26745522613585"><time>2026-07-04T22:36:41Z</time></trkpt><trkpt lat="44.44732968157736" lon="-64.26744930096493"><time>2026-07-04T22:36:42Z</time></trkpt><trkpt lat="44.447305221410254" lon="-64.26743915559311"><time>2026-07-04T22:36:43Z</time></trkpt><trkpt lat="44.44727394685537" lon="-64.26743799365272"><time>2026-07-04T22:36:44Z</time></trkpt><trkpt lat="44.44724947688297" lon="-64.26742632500597"><time>2026-07-04T22:36:45Z</time></trkpt><trkpt lat="44.44722324669651" lon="-64.26741827337379"><time>2026-07-04T22:36:46Z</time></trkpt><trkpt lat="44.44719690175486" lon="-64.26741436271078"><time>2026-07-04T22:36:47Z</time></trkpt><trkpt lat="44.44717215242597" lon="-64.26740471657628"><time>2026-07-04T22:36:48Z</time></trkpt><trkpt lat="44.44714486835556" lon="-64.26739481105655"><time>2026-07-04T22:36:49Z</time></trkpt><trkpt lat="44.44712101719774" lon="-64.26738559836011"><time>2026-07-04T22:36:50Z</time></trkpt><trkpt lat="44.44709410462924" lon="-64.26737845804924"><time>2026-07-04T22:36:51Z</time></trkpt><trkpt lat="44.44706614097996" lon="-64.26737033553901"><time>2026-07-04T22:36:52Z</time></trkpt><trkpt lat="44.44704015413379" lon="-64.26736373395872"><time>2026-07-04T22:36:53Z</time></trkpt><trkpt lat="44.44701422836454" lon="-64.26735760751399"><time>2026-07-04T22:36:54Z</time></trkpt><trkpt lat="44.44698762658308" lon="-64.26735027307222"><time>2026-07-04T22:36:55Z</time></trkpt><trkpt lat="44.446960073667995" lon="-64.26734558723942"><time>2026-07-04T22:36:56Z</time></trkpt><trkpt lat="44.44693540752451" lon="-64.26733235221818"><time>2026-07-04T22:36:57Z</time></trkpt><trkpt lat="44.44690928905003" lon="-64.2673198941425"><time>2026-07-04T22:36:58Z</time></trkpt><trkpt lat="44.44688312766261" lon="-64.26730784779251"><time>2026-07-04T22:36:59Z</time></trkpt><trkpt lat="44.44685499861117" lon="-64.26729887556665"><time>2026-07-04T22:37:00Z</time></trkpt><trkpt lat="44.44682968782894" lon="-64.26729300383953"><time>2026-07-04T22:37:01Z</time></trkpt><trkpt lat="44.446802364876866" lon="-64.26728787498251"><time>2026-07-04T22:37:02Z</time></trkpt><trkpt lat="44.446775904208934" lon="-64.26728277079873"><time>2026-07-04T22:37:03Z</time></trkpt><trkpt lat="44.44675027903295" lon="-64.26727550459728"><time>2026-07-04T22:37:04Z</time></trkpt><trkpt lat="44.44672338479941" lon="-64.2672673765625"><time>2026-07-04T22:37:05Z</time></trkpt><trkpt lat="44.44669886529043" lon="-64.26725909963969"><time>2026-07-04T22:37:06Z</time></trkpt><trkpt lat="44.44667548371118" lon="-64.26724733514541"><time>2026-07-04T22:37:07Z</time></trkpt><trkpt lat="44.446646728122225" lon="-64.26723968768935"><time>2026-07-04T22:37:08Z</time></trkpt><trkpt lat="44.44662371708789" lon="-64.26723040916825"><time>2026-07-04T22:37:09Z</time></trkpt><trkpt lat="44.44659717536355" lon="-64.2672269599168"><time>2026-07-04T22:37:10Z</time></trkpt><trkpt lat="44.446570747440674" lon="-64.2672182006321"><time>2026-07-04T22:37:11Z</time></trkpt><trkpt lat="44.4465460316715" lon="-64.26721222774397"><time>2026-07-04T22:37:12Z</time></trkpt><trkpt lat="44.44652106313099" lon="-64.26720461791939"><time>2026-07-04T22:37:13Z</time></trkpt><trkpt lat="44.44649750765001" lon="-64.26719134387814"><time>2026-07-04T22:37:14Z</time></trkpt><trkpt lat="44.446474118940316" lon="-64.26718308480334"><time>2026-07-04T22:37:15Z</time></trkpt><trkpt lat="44.44645028563612" lon="-64.26717380298778"><time>2026-07-04T22:37:16Z</time></trkpt><trkpt lat="44.4464276100541" lon="-64.26716344829379"><time>2026-07-04T22:37:17Z</time></trkpt><trkpt lat="44.446403401505826" lon="-64.26715191410506"><time>2026-07-04T22:37:18Z</time></trkpt><trkpt lat="44.44637994170887" lon="-64.26714239677332"><time>2026-07-04T22:37:19Z</time></trkpt><trkpt lat="44.44635699373809" lon="-64.26713316627708"><time>2026-07-04T22:37:20Z</time></trkpt><trkpt lat="44.44633424029578" lon="-64.26712504234223"><time>2026-07-04T22:37:21Z</time></trkpt><trkpt lat="44.44631278950032" lon="-64.26711897003243"><time>2026-07-04T22:37:22Z</time></trkpt><trkpt lat="44.446294165210546" lon="-64.26711498690446"><time>2026-07-04T22:37:23Z</time></trkpt><trkpt lat="44.44627216771047" lon="-64.26711278917743"><time>2026-07-04T22:37:24Z</time></trkpt><trkpt lat="44.44625074451149" lon="-64.26710842859586"><time>2026-07-04T22:37:25Z</time></trkpt><trkpt lat="44.446230012375274" lon="-64.26709871156685"><time>2026-07-04T22:37:26Z</time></trkpt><trkpt lat="44.44620720880518" lon="-64.2670898632995"><time>2026-07-04T22:37:27Z</time></trkpt><trkpt lat="44.4461855265523" lon="-64.26708073280403"><time>2026-07-04T22:37:28Z</time></trkpt><trkpt lat="44.44616308524957" lon="-64.26706909794339"><time>2026-07-04T22:37:29Z</time></trkpt><trkpt lat="44.44614051381381" lon="-64.26705882033168"><time>2026-07-04T22:37:30Z</time></trkpt><trkpt lat="44.44611889115799" lon="-64.26704636354404"><time>2026-07-04T22:37:31Z</time></trkpt><trkpt lat="44.446097493751175" lon="-64.26703232353901"><time>2026-07-04T22:37:32Z</time></trkpt><trkpt lat="44.44607613356062" lon="-64.26701655487109"><time>2026-07-04T22:37:33Z</time></trkpt><trkpt lat="44.446055000321934" lon="-64.26700004606863"><time>2026-07-04T22:37:34Z</time></trkpt><trkpt lat="44.446034204912486" lon="-64.26698363727847"><time>2026-07-04T22:37:35Z</time></trkpt><trkpt lat="44.44601359042894" lon="-64.2669660738025"><time>2026-07-04T22:37:36Z</time></trkpt><trkpt lat="44.44599265405338" lon="-64.26694721743038"><time>2026-07-04T22:37:37Z</time></trkpt><trkpt lat="44.44597174473586" lon="-64.26693101541919"><time>2026-07-04T22:37:38Z</time></trkpt><trkpt lat="44.44595059502783" lon="-64.26691683776771"><time>2026-07-04T22:37:39Z</time></trkpt><trkpt lat="44.445928675450425" lon="-64.26690151136799"><time>2026-07-04T22:37:40Z</time></trkpt><trkpt lat="44.4459077464481" lon="-64.26688382087552"><time>2026-07-04T22:37:41Z</time></trkpt><trkpt lat="44.44588623744014" lon="-64.26686782006777"><time>2026-07-04T22:37:42Z</time></trkpt><trkpt lat="44.445866064194504" lon="-64.26685033259652"><time>2026-07-04T22:37:43Z</time></trkpt><trkpt lat="44.44584229730296" lon="-64.26683408811729"><time>2026-07-04T22:37:44Z</time></trkpt><trkpt lat="44.44582125712043" lon="-64.26681793835425"><time>2026-07-04T22:37:45Z</time></trkpt><trkpt lat="44.445800075485415" lon="-64.26679861772284"><time>2026-07-04T22:37:46Z</time></trkpt><trkpt lat="44.44577933538549" lon="-64.26678221546919"><time>2026-07-04T22:37:47Z</time></trkpt><trkpt lat="44.44575707550544" lon="-64.26676596676717"><time>2026-07-04T22:37:48Z</time></trkpt><trkpt lat="44.445734375408115" lon="-64.26674890787969"><time>2026-07-04T22:37:49Z</time></trkpt><trkpt lat="44.44571190589469" lon="-64.26673479994707"><time>2026-07-04T22:37:50Z</time></trkpt><trkpt lat="44.44568918892077" lon="-64.26671618212318"><time>2026-07-04T22:37:51Z</time></trkpt><trkpt lat="44.44566634920867" lon="-64.26670157535021"><time>2026-07-04T22:37:52Z</time></trkpt><trkpt lat="44.44564372010981" lon="-64.26668480149931"><time>2026-07-04T22:37:53Z</time></trkpt><trkpt lat="44.44562050987094" lon="-64.26666892336871"><time>2026-07-04T22:37:54Z</time></trkpt><trkpt lat="44.44559738130957" lon="-64.26665352787845"><time>2026-07-04T22:37:55Z</time></trkpt><trkpt lat="44.44557552028215" lon="-64.26663840055177"><time>2026-07-04T22:37:56Z</time></trkpt><trkpt lat="44.44555205658548" lon="-64.26662469568518"><time>2026-07-04T22:37:57Z</time></trkpt><trkpt lat="44.445528253767016" lon="-64.26661058457039"><time>2026-07-04T22:37:58Z</time></trkpt><trkpt lat="44.445504799755774" lon="-64.26659655751688"><time>2026-07-04T22:37:59Z</time></trkpt><trkpt lat="44.44548361087675" lon="-64.26658019759256"><time>2026-07-04T22:38:00Z</time></trkpt><trkpt lat="44.44546029632255" lon="-64.26656612642569"><time>2026-07-04T22:38:01Z</time></trkpt><trkpt lat="44.44543856062254" lon="-64.26655183350469"><time>2026-07-04T22:38:02Z</time></trkpt><trkpt lat="44.445416300016525" lon="-64.2665383698063"><time>2026-07-04T22:38:03Z</time></trkpt><trkpt lat="44.445394396595596" lon="-64.26652289629828"><time>2026-07-04T22:38:04Z</time></trkpt><trkpt lat="44.44537163468549" lon="-64.26650853053931"><time>2026-07-04T22:38:05Z</time></trkpt><trkpt lat="44.44534885022304" lon="-64.26649214783953"><time>2026-07-04T22:38:06Z</time></trkpt><trkpt lat="44.445328332251506" lon="-64.26647432675175"><time>2026-07-04T22:38:07Z</time></trkpt><trkpt lat="44.445306288207135" lon="-64.26645817581351"><time>2026-07-04T22:38:08Z</time></trkpt><trkpt lat="44.44528369901543" lon="-64.26644348705605"><time>2026-07-04T22:38:09Z</time></trkpt><trkpt lat="44.44526225081372" lon="-64.26642711556985"><time>2026-07-04T22:38:10Z</time></trkpt><trkpt lat="44.4452400229779" lon="-64.26641244167779"><time>2026-07-04T22:38:11Z</time></trkpt><trkpt lat="44.44521733368338" lon="-64.2663964476544"><time>2026-07-04T22:38:12Z</time></trkpt><trkpt lat="44.44519663239171" lon="-64.26637870009404"><time>2026-07-04T22:38:13Z</time></trkpt><trkpt lat="44.44517497716576" lon="-64.26636062138115"><time>2026-07-04T22:38:14Z</time></trkpt><trkpt lat="44.445151978809655" lon="-64.2663464330861"><time>2026-07-04T22:38:15Z</time></trkpt><trkpt lat="44.44512928610581" lon="-64.26633117202975"><time>2026-07-04T22:38:16Z</time></trkpt><trkpt lat="44.44510699499767" lon="-64.26631439015466"><time>2026-07-04T22:38:17Z</time></trkpt><trkpt lat="44.44508533796837" lon="-64.26629665241599"><time>2026-07-04T22:38:18Z</time></trkpt><trkpt lat="44.44506189958091" lon="-64.26628215112137"><time>2026-07-04T22:38:19Z</time></trkpt><trkpt lat="44.4450401815029" lon="-64.26626350426729"><time>2026-07-04T22:38:20Z</time></trkpt><trkpt lat="44.44501724394076" lon="-64.26624779893949"><time>2026-07-04T22:38:21Z</time></trkpt><trkpt lat="44.4449938225773" lon="-64.26623211889785"><time>2026-07-04T22:38:22Z</time></trkpt><trkpt lat="44.44497212520922" lon="-64.26621629120466"><time>2026-07-04T22:38:23Z</time></trkpt><trkpt lat="44.44495063943035" lon="-64.26619999621472"><time>2026-07-04T22:38:24Z</time></trkpt><trkpt lat="44.44492912862609" lon="-64.26618390743907"><time>2026-07-04T22:38:25Z</time></trkpt><trkpt lat="44.44490621070221" lon="-64.26616655287941"><time>2026-07-04T22:38:26Z</time></trkpt><trkpt lat="44.44488443350588" lon="-64.26615119719159"><time>2026-07-04T22:38:27Z</time></trkpt><trkpt lat="44.44486250494967" lon="-64.26613543338063"><time>2026-07-04T22:38:28Z</time></trkpt><trkpt lat="44.44484122115167" lon="-64.26612008386896"><time>2026-07-04T22:38:29Z</time></trkpt><trkpt lat="44.44481946686711" lon="-64.26610430815431"><time>2026-07-04T22:38:30Z</time></trkpt><trkpt lat="44.4447975726531" lon="-64.26608925291548"><time>2026-07-04T22:38:31Z</time></trkpt><trkpt lat="44.444775821830476" lon="-64.26607472937123"><time>2026-07-04T22:38:32Z</time></trkpt><trkpt lat="44.44475404321321" lon="-64.26605807035497"><time>2026-07-04T22:38:33Z</time></trkpt><trkpt lat="44.444732879495" lon="-64.26604427751305"><time>2026-07-04T22:38:34Z</time></trkpt><trkpt lat="44.44471059558969" lon="-64.26602615381226"><time>2026-07-04T22:38:35Z</time></trkpt><trkpt lat="44.444689001066045" lon="-64.2660138710076"><time>2026-07-04T22:38:36Z</time></trkpt><trkpt lat="44.4446659681688" lon="-64.26599836063706"><time>2026-07-04T22:38:37Z</time></trkpt><trkpt lat="44.444644144443394" lon="-64.26598333906527"><time>2026-07-04T22:38:38Z</time></trkpt><trkpt lat="44.44462095329931" lon="-64.26597195147802"><time>2026-07-04T22:38:39Z</time></trkpt><trkpt lat="44.444598690482714" lon="-64.26595632221581"><time>2026-07-04T22:38:40Z</time></trkpt><trkpt lat="44.44457621713182" lon="-64.26594328222475"><time>2026-07-04T22:38:41Z</time></trkpt><trkpt lat="44.44455357892858" lon="-64.2659292358697"><time>2026-07-04T22:38:42Z</time></trkpt><trkpt lat="44.44453045793439" lon="-64.26591895103662"><time>2026-07-04T22:38:43Z</time></trkpt><trkpt lat="44.444508102240455" lon="-64.26590445748597"><time>2026-07-04T22:38:44Z</time></trkpt><trkpt lat="44.44448354095415" lon="-64.26589216104638"><time>2026-07-04T22:38:45Z</time></trkpt><trkpt lat="44.4444608091367" lon="-64.26587844170815"><time>2026-07-04T22:38:46Z</time></trkpt><trkpt lat="44.44443728603692" lon="-64.26586449791435"><time>2026-07-04T22:38:47Z</time></trkpt><trkpt lat="44.44441396860809" lon="-64.26585292869014"><time>2026-07-04T22:38:48Z</time></trkpt><trkpt lat="44.44438945328069" lon="-64.26584236631548"><time>2026-07-04T22:38:49Z</time></trkpt><trkpt lat="44.44436541841372" lon="-64.26583131977632"><time>2026-07-04T22:38:50Z</time></trkpt><trkpt lat="44.44434150861111" lon="-64.26582067979565"><time>2026-07-04T22:38:51Z</time></trkpt><trkpt lat="44.44431832478478" lon="-64.26580874407591"><time>2026-07-04T22:38:52Z</time></trkpt><trkpt lat="44.44429294755243" lon="-64.26579871761754"><time>2026-07-04T22:38:53Z</time></trkpt><trkpt lat="44.44426846018793" lon="-64.26578733084679"><time>2026-07-04T22:38:54Z</time></trkpt><trkpt lat="44.44424161319051" lon="-64.26577448699047"><time>2026-07-04T22:38:55Z</time></trkpt><trkpt lat="44.44421707995314" lon="-64.26576093250253"><time>2026-07-04T22:38:56Z</time></trkpt><trkpt lat="44.44419048238464" lon="-64.2657471804969"><time>2026-07-04T22:38:57Z</time></trkpt><trkpt lat="44.44416421108741" lon="-64.26573411492645"><time>2026-07-04T22:38:58Z</time></trkpt><trkpt lat="44.44413776619454" lon="-64.26572233757467"><time>2026-07-04T22:38:59Z</time></trkpt><trkpt lat="44.44411196263646" lon="-64.2657122415306"><time>2026-07-04T22:39:00Z</time></trkpt><trkpt lat="44.444086397783096" lon="-64.26570012035471"><time>2026-07-04T22:39:01Z</time></trkpt><trkpt lat="44.44406194370789" lon="-64.26568686971437"><time>2026-07-04T22:39:02Z</time></trkpt><trkpt lat="44.444035077680056" lon="-64.2656732286382"><time>2026-07-04T22:39:03Z</time></trkpt><trkpt lat="44.44400961673514" lon="-64.26565978962542"><time>2026-07-04T22:39:04Z</time></trkpt><trkpt lat="44.44398390792331" lon="-64.26564588932666"><time>2026-07-04T22:39:05Z</time></trkpt><trkpt lat="44.443958028685664" lon="-64.26563587596073"><time>2026-07-04T22:39:06Z</time></trkpt><trkpt lat="44.44393062943846" lon="-64.26562517790966"><time>2026-07-04T22:39:07Z</time></trkpt><trkpt lat="44.443905271408376" lon="-64.26561499411521"><time>2026-07-04T22:39:08Z</time></trkpt><trkpt lat="44.44387825752261" lon="-64.26560383187268"><time>2026-07-04T22:39:09Z</time></trkpt><trkpt lat="44.443852383455365" lon="-64.26559094402775"><time>2026-07-04T22:39:10Z</time></trkpt><trkpt lat="44.44383038961485" lon="-64.26557531424467"><time>2026-07-04T22:39:11Z</time></trkpt><trkpt lat="44.44380342191432" lon="-64.26556123933052"><time>2026-07-04T22:39:12Z</time></trkpt><trkpt lat="44.44377676144627" lon="-64.26554606064884"><time>2026-07-04T22:39:13Z</time></trkpt><trkpt lat="44.44375200032205" lon="-64.26553336807085"><time>2026-07-04T22:39:14Z</time></trkpt><trkpt lat="44.443724227641546" lon="-64.26551980641844"><time>2026-07-04T22:39:15Z</time></trkpt><trkpt lat="44.44369730997364" lon="-64.26550833526751"><time>2026-07-04T22:39:16Z</time></trkpt><trkpt lat="44.443670703234254" lon="-64.26549516703723"><time>2026-07-04T22:39:17Z</time></trkpt><trkpt lat="44.44364347123054" lon="-64.26548184982187"><time>2026-07-04T22:39:18Z</time></trkpt><trkpt lat="44.44361756031244" lon="-64.26546721249966"><time>2026-07-04T22:39:19Z</time></trkpt><trkpt lat="44.44359148400401" lon="-64.26545175812821"><time>2026-07-04T22:39:20Z</time></trkpt><trkpt lat="44.443565371387976" lon="-64.26543634301437"><time>2026-07-04T22:39:21Z</time></trkpt><trkpt lat="44.44353750360548" lon="-64.26542231260024"><time>2026-07-04T22:39:22Z</time></trkpt><trkpt lat="44.44350951877596" lon="-64.2654088127806"><time>2026-07-04T22:39:23Z</time></trkpt><trkpt lat="44.443481465107816" lon="-64.26539518207584"><time>2026-07-04T22:39:24Z</time></trkpt><trkpt lat="44.443454139423636" lon="-64.26538284736489"><time>2026-07-04T22:39:25Z</time></trkpt><trkpt lat="44.44342746017776" lon="-64.26536803454367"><time>2026-07-04T22:39:26Z</time></trkpt><trkpt lat="44.44340066767134" lon="-64.26535428126424"><time>2026-07-04T22:39:27Z</time></trkpt><trkpt lat="44.44337152039554" lon="-64.2653410573985"><time>2026-07-04T22:39:28Z</time></trkpt><trkpt lat="44.443343304581546" lon="-64.26532709544378"><time>2026-07-04T22:39:29Z</time></trkpt><trkpt lat="44.443315593062884" lon="-64.26531246283345"><time>2026-07-04T22:39:30Z</time></trkpt><trkpt lat="44.443288574634565" lon="-64.26529682066884"><time>2026-07-04T22:39:31Z</time></trkpt><trkpt lat="44.44326183224525" lon="-64.26527854290994"><time>2026-07-04T22:39:32Z</time></trkpt><trkpt lat="44.4432352887211" lon="-64.26526175808718"><time>2026-07-04T22:39:33Z</time></trkpt><trkpt lat="44.44320879404592" lon="-64.26524564541558"><time>2026-07-04T22:39:34Z</time></trkpt><trkpt lat="44.44318180220488" lon="-64.2652308000886"><time>2026-07-04T22:39:35Z</time></trkpt><trkpt lat="44.44315481923761" lon="-64.26521918109216"><time>2026-07-04T22:39:36Z</time></trkpt><trkpt lat="44.44312750877428" lon="-64.26520919974789"><time>2026-07-04T22:39:37Z</time></trkpt><trkpt lat="44.44309959806057" lon="-64.26519754571989"><time>2026-07-04T22:39:38Z</time></trkpt><trkpt lat="44.44307281570858" lon="-64.26518525321357"><time>2026-07-04T22:39:39Z</time></trkpt><trkpt lat="44.44304443749957" lon="-64.26517265561556"><time>2026-07-04T22:39:40Z</time></trkpt><trkpt lat="44.44301744608628" lon="-64.26515948559774"><time>2026-07-04T22:39:41Z</time></trkpt><trkpt lat="44.44298970350698" lon="-64.26514806906614"><time>2026-07-04T22:39:42Z</time></trkpt><trkpt lat="44.44296292454" lon="-64.26513535573567"><time>2026-07-04T22:39:43Z</time></trkpt><trkpt lat="44.44293516111247" lon="-64.26512141436216"><time>2026-07-04T22:39:44Z</time></trkpt><trkpt lat="44.442907835397584" lon="-64.26510933695594"><time>2026-07-04T22:39:45Z</time></trkpt><trkpt lat="44.442879950959444" lon="-64.26509647920143"><time>2026-07-04T22:39:46Z</time></trkpt><trkpt lat="44.44285291241647" lon="-64.26508240768082"><time>2026-07-04T22:39:47Z</time></trkpt><trkpt lat="44.442827467643376" lon="-64.26506791835921"><time>2026-07-04T22:39:48Z</time></trkpt><trkpt lat="44.442800096557654" lon="-64.265053440213"><time>2026-07-04T22:39:49Z</time></trkpt><trkpt lat="44.44277388478835" lon="-64.26503838331602"><time>2026-07-04T22:39:50Z</time></trkpt><trkpt lat="44.442749062210694" lon="-64.26502108946136"><time>2026-07-04T22:39:51Z</time></trkpt><trkpt lat="44.44272294614613" lon="-64.26500467101643"><time>2026-07-04T22:39:52Z</time></trkpt><trkpt lat="44.442696570551526" lon="-64.26498844299296"><time>2026-07-04T22:39:53Z</time></trkpt><trkpt lat="44.44267162486147" lon="-64.26497361106298"><time>2026-07-04T22:39:54Z</time></trkpt><trkpt lat="44.442637033045244" lon="-64.26495834562591"><time>2026-07-04T22:39:55Z</time></trkpt><trkpt lat="44.442611823420414" lon="-64.26494653581223"><time>2026-07-04T22:39:56Z</time></trkpt><trkpt lat="44.44258521601782" lon="-64.26493492317803"><time>2026-07-04T22:39:57Z</time></trkpt><trkpt lat="44.44255780792472" lon="-64.26492520001979"><time>2026-07-04T22:39:58Z</time></trkpt><trkpt lat="44.44253020455922" lon="-64.2649096712238"><time>2026-07-04T22:39:59Z</time></trkpt><trkpt lat="44.44250330947883" lon="-64.26488952663962"><time>2026-07-04T22:40:00Z</time></trkpt><trkpt lat="44.44247499457137" lon="-64.26486759216965"><time>2026-07-04T22:40:01Z</time></trkpt><trkpt lat="44.44245058815392" lon="-64.26484665242896"><time>2026-07-04T22:40:02Z</time></trkpt><trkpt lat="44.442427083527775" lon="-64.26482450878737"><time>2026-07-04T22:40:03Z</time></trkpt><trkpt lat="44.44240083101537" lon="-64.26480294672244"><time>2026-07-04T22:40:04Z</time></trkpt><trkpt lat="44.44237683149922" lon="-64.2647786911321"><time>2026-07-04T22:40:05Z</time></trkpt><trkpt lat="44.44234932688572" lon="-64.26475895227043"><time>2026-07-04T22:40:06Z</time></trkpt><trkpt lat="44.44232346656566" lon="-64.26474094991276"><time>2026-07-04T22:40:07Z</time></trkpt><trkpt lat="44.44229851303186" lon="-64.26472354421009"><time>2026-07-04T22:40:08Z</time></trkpt><trkpt lat="44.44227312513844" lon="-64.2647056938644"><time>2026-07-04T22:40:09Z</time></trkpt><trkpt lat="44.44224685245369" lon="-64.26468959339682"><time>2026-07-04T22:40:10Z</time></trkpt><trkpt lat="44.44222016425927" lon="-64.26467640023054"><time>2026-07-04T22:40:11Z</time></trkpt><trkpt lat="44.442192711627115" lon="-64.26466323582444"><time>2026-07-04T22:40:12Z</time></trkpt><trkpt lat="44.44216538259116" lon="-64.26464883512008"><time>2026-07-04T22:40:13Z</time></trkpt><trkpt lat="44.44213790618089" lon="-64.26463377467893"><time>2026-07-04T22:40:14Z</time></trkpt><trkpt lat="44.442112306276535" lon="-64.2646163317329"><time>2026-07-04T22:40:15Z</time></trkpt><trkpt lat="44.44208527289463" lon="-64.26459963404842"><time>2026-07-04T22:40:16Z</time></trkpt><trkpt lat="44.44205694382125" lon="-64.26458756083369"><time>2026-07-04T22:40:17Z</time></trkpt><trkpt lat="44.44202703356438" lon="-64.26457958288869"><time>2026-07-04T22:40:18Z</time></trkpt><trkpt lat="44.44199848009112" lon="-64.2645717910277"><time>2026-07-04T22:40:19Z</time></trkpt><trkpt lat="44.44196965294606" lon="-64.26456503126379"><time>2026-07-04T22:40:20Z</time></trkpt><trkpt lat="44.44194219610623" lon="-64.26455390194087"><time>2026-07-04T22:40:21Z</time></trkpt><trkpt lat="44.441914117036376" lon="-64.264544699421"><time>2026-07-04T22:40:22Z</time></trkpt><trkpt lat="44.44188624128911" lon="-64.26453601361611"><time>2026-07-04T22:40:23Z</time></trkpt><trkpt lat="44.44185815991416" lon="-64.26452933330131"><time>2026-07-04T22:40:24Z</time></trkpt><trkpt lat="44.4418308596163" lon="-64.26452061802705"><time>2026-07-04T22:40:25Z</time></trkpt><trkpt lat="44.44180353768344" lon="-64.26451065481027"><time>2026-07-04T22:40:26Z</time></trkpt><trkpt lat="44.44177645609859" lon="-64.26450216589156"><time>2026-07-04T22:40:27Z</time></trkpt><trkpt lat="44.441748818535636" lon="-64.26449241104727"><time>2026-07-04T22:40:28Z</time></trkpt><trkpt lat="44.44172148763589" lon="-64.26448183221375"><time>2026-07-04T22:40:29Z</time></trkpt><trkpt lat="44.44169303495977" lon="-64.26447347519743"><time>2026-07-04T22:40:30Z</time></trkpt><trkpt lat="44.44166479375323" lon="-64.26446513499154"><time>2026-07-04T22:40:31Z</time></trkpt><trkpt lat="44.4416366984334" lon="-64.26445734612099"><time>2026-07-04T22:40:32Z</time></trkpt><trkpt lat="44.44160859489478" lon="-64.26444667361753"><time>2026-07-04T22:40:33Z</time></trkpt><trkpt lat="44.441581539019275" lon="-64.2644360298993"><time>2026-07-04T22:40:34Z</time></trkpt><trkpt lat="44.44155323275879" lon="-64.26442607066953"><time>2026-07-04T22:40:35Z</time></trkpt><trkpt lat="44.44152536365422" lon="-64.26441503513242"><time>2026-07-04T22:40:36Z</time></trkpt><trkpt lat="44.44149743063857" lon="-64.26440458633353"><time>2026-07-04T22:40:37Z</time></trkpt><trkpt lat="44.44146970954507" lon="-64.26439420705269"><time>2026-07-04T22:40:38Z</time></trkpt><trkpt lat="44.441442582253444" lon="-64.26438596444973"><time>2026-07-04T22:40:39Z</time></trkpt><trkpt lat="44.44141356036686" lon="-64.26437711864962"><time>2026-07-04T22:40:40Z</time></trkpt><trkpt lat="44.4413863395646" lon="-64.26436961790311"><time>2026-07-04T22:40:41Z</time></trkpt><trkpt lat="44.44135954545516" lon="-64.26435549564204"><time>2026-07-04T22:40:42Z</time></trkpt><trkpt lat="44.44133322334353" lon="-64.26434343079707"><time>2026-07-04T22:40:43Z</time></trkpt><trkpt lat="44.44130615439922" lon="-64.26433022050789"><time>2026-07-04T22:40:44Z</time></trkpt><trkpt lat="44.44127772540704" lon="-64.26431780220314"><time>2026-07-04T22:40:45Z</time></trkpt><trkpt lat="44.44124960997107" lon="-64.26430688092196"><time>2026-07-04T22:40:46Z</time></trkpt><trkpt lat="44.441221041431234" lon="-64.26429895655238"><time>2026-07-04T22:40:47Z</time></trkpt><trkpt lat="44.44119268725873" lon="-64.26429285224954"><time>2026-07-04T22:40:48Z</time></trkpt><trkpt lat="44.44116509315407" lon="-64.2642869670943"><time>2026-07-04T22:40:49Z</time></trkpt><trkpt lat="44.4411377098277" lon="-64.26428082582345"><time>2026-07-04T22:40:50Z</time></trkpt><trkpt lat="44.441110720667616" lon="-64.26427692392859"><time>2026-07-04T22:40:51Z</time></trkpt><trkpt lat="44.44108176271316" lon="-64.26427044398719"><time>2026-07-04T22:40:52Z</time></trkpt><trkpt lat="44.441054662008604" lon="-64.26426143827362"><time>2026-07-04T22:40:53Z</time></trkpt><trkpt lat="44.44102689666474" lon="-64.26425307650922"><time>2026-07-04T22:40:54Z</time></trkpt><trkpt lat="44.44099921879276" lon="-64.26424039264428"><time>2026-07-04T22:40:55Z</time></trkpt><trkpt lat="44.44097305500286" lon="-64.26422691345526"><time>2026-07-04T22:40:56Z</time></trkpt><trkpt lat="44.44094521037984" lon="-64.26421698991362"><time>2026-07-04T22:40:57Z</time></trkpt><trkpt lat="44.4409151229814" lon="-64.26420507936776"><time>2026-07-04T22:40:58Z</time></trkpt><trkpt lat="44.440885174696184" lon="-64.26419318098282"><time>2026-07-04T22:40:59Z</time></trkpt><trkpt lat="44.44085746172253" lon="-64.26417885165061"><time>2026-07-04T22:41:00Z</time></trkpt><trkpt lat="44.44082923953733" lon="-64.26416604301026"><time>2026-07-04T22:41:01Z</time></trkpt><trkpt lat="44.440809531967886" lon="-64.26415596417233"><time>2026-07-04T22:41:02Z</time></trkpt><trkpt lat="44.4407733661957" lon="-64.26414231351468"><time>2026-07-04T22:41:03Z</time></trkpt><trkpt lat="44.44074525155012" lon="-64.26413453563221"><time>2026-07-04T22:41:04Z</time></trkpt><trkpt lat="44.44071527329374" lon="-64.2641261743798"><time>2026-07-04T22:41:05Z</time></trkpt><trkpt lat="44.44068821870233" lon="-64.26411553391148"><time>2026-07-04T22:41:06Z</time></trkpt><trkpt lat="44.44065993718443" lon="-64.26410517064473"><time>2026-07-04T22:41:07Z</time></trkpt><trkpt lat="44.440631848927" lon="-64.26409275641483"><time>2026-07-04T22:41:08Z</time></trkpt><trkpt lat="44.44060373091291" lon="-64.26407903712087"><time>2026-07-04T22:41:09Z</time></trkpt><trkpt lat="44.44057623651603" lon="-64.26406558909261"><time>2026-07-04T22:41:10Z</time></trkpt><trkpt lat="44.440547697931606" lon="-64.26405499031435"><time>2026-07-04T22:41:11Z</time></trkpt><trkpt lat="44.44051952229447" lon="-64.2640476073901"><time>2026-07-04T22:41:12Z</time></trkpt><trkpt lat="44.440493034394365" lon="-64.26404112259439"><time>2026-07-04T22:41:13Z</time></trkpt><trkpt lat="44.4404650147341" lon="-64.26403294686172"><time>2026-07-04T22:41:14Z</time></trkpt><trkpt lat="44.44043696520429" lon="-64.26402200163359"><time>2026-07-04T22:41:15Z</time></trkpt><trkpt lat="44.4404085454577" lon="-64.26400953787302"><time>2026-07-04T22:41:16Z</time></trkpt><trkpt lat="44.44037900115586" lon="-64.26399921780622"><time>2026-07-04T22:41:17Z</time></trkpt><trkpt lat="44.44035112465114" lon="-64.26398602552754"><time>2026-07-04T22:41:18Z</time></trkpt><trkpt lat="44.440321963638276" lon="-64.2639738551074"><time>2026-07-04T22:41:19Z</time></trkpt><trkpt lat="44.44029246637555" lon="-64.26396700993288"><time>2026-07-04T22:41:20Z</time></trkpt><trkpt lat="44.44026671035731" lon="-64.26396157868824"><time>2026-07-04T22:41:21Z</time></trkpt><trkpt lat="44.440240892441096" lon="-64.26395075730893"><time>2026-07-04T22:41:22Z</time></trkpt><trkpt lat="44.44021037825058" lon="-64.2639412412211"><time>2026-07-04T22:41:23Z</time></trkpt><trkpt lat="44.44018167669316" lon="-64.26392895799697"><time>2026-07-04T22:41:24Z</time></trkpt><trkpt lat="44.44015595581281" lon="-64.26392331110603"><time>2026-07-04T22:41:25Z</time></trkpt><trkpt lat="44.44012629124819" lon="-64.26391569279198"><time>2026-07-04T22:41:26Z</time></trkpt><trkpt lat="44.44009761562847" lon="-64.26391271428533"><time>2026-07-04T22:41:27Z</time></trkpt><trkpt lat="44.4400695737419" lon="-64.26391105028573"><time>2026-07-04T22:41:28Z</time></trkpt><trkpt lat="44.44003483840472" lon="-64.2639106119541"><time>2026-07-04T22:41:29Z</time></trkpt><trkpt lat="44.44000736836875" lon="-64.26391163990466"><time>2026-07-04T22:41:30Z</time></trkpt><trkpt lat="44.439980428127114" lon="-64.2639014729642"><time>2026-07-04T22:41:31Z</time></trkpt><trkpt lat="44.43995396568836" lon="-64.26389601494026"><time>2026-07-04T22:41:32Z</time></trkpt><trkpt lat="44.439926648614374" lon="-64.26388330932056"><time>2026-07-04T22:41:33Z</time></trkpt><trkpt lat="44.43990165555813" lon="-64.26386891184664"><time>2026-07-04T22:41:34Z</time></trkpt><trkpt lat="44.439872408098665" lon="-64.26385881641392"><time>2026-07-04T22:41:35Z</time></trkpt><trkpt lat="44.43984379427502" lon="-64.26384882833078"><time>2026-07-04T22:41:36Z</time></trkpt><trkpt lat="44.4398137983449" lon="-64.26384119395497"><time>2026-07-04T22:41:37Z</time></trkpt><trkpt lat="44.439785542640294" lon="-64.26383178804508"><time>2026-07-04T22:41:38Z</time></trkpt><trkpt lat="44.439755603547766" lon="-64.26382430513577"><time>2026-07-04T22:41:39Z</time></trkpt><trkpt lat="44.439724540689106" lon="-64.26381617138317"><time>2026-07-04T22:41:40Z</time></trkpt><trkpt lat="44.43969325444588" lon="-64.26380960757179"><time>2026-07-04T22:41:41Z</time></trkpt><trkpt lat="44.43966152583951" lon="-64.26380138306811"><time>2026-07-04T22:41:42Z</time></trkpt><trkpt lat="44.43962946990228" lon="-64.26379264438039"><time>2026-07-04T22:41:43Z</time></trkpt><trkpt lat="44.4395984707843" lon="-64.2637848135365"><time>2026-07-04T22:41:44Z</time></trkpt><trkpt lat="44.43956945210636" lon="-64.26377343252153"><time>2026-07-04T22:41:45Z</time></trkpt><trkpt lat="44.43953871822033" lon="-64.26376130677359"><time>2026-07-04T22:41:46Z</time></trkpt><trkpt lat="44.43951049886594" lon="-64.26375110831133"><time>2026-07-04T22:41:47Z</time></trkpt><trkpt lat="44.43947956803415" lon="-64.26374267809052"><time>2026-07-04T22:41:48Z</time></trkpt><trkpt lat="44.43944979411432" lon="-64.26373507568782"><time>2026-07-04T22:41:49Z</time></trkpt><trkpt lat="44.439420610992656" lon="-64.26372942846756"><time>2026-07-04T22:41:50Z</time></trkpt><trkpt lat="44.4393916361114" lon="-64.26372074091285"><time>2026-07-04T22:41:51Z</time></trkpt><trkpt lat="44.43936231722903" lon="-64.26371145562695"><time>2026-07-04T22:41:52Z</time></trkpt><trkpt lat="44.4393341199336" lon="-64.26369967621011"><time>2026-07-04T22:41:53Z</time></trkpt><trkpt lat="44.43930540579198" lon="-64.26369052287093"><time>2026-07-04T22:41:54Z</time></trkpt><trkpt lat="44.439276756091566" lon="-64.26368001919768"><time>2026-07-04T22:41:55Z</time></trkpt><trkpt lat="44.439247268235135" lon="-64.2636713292751"><time>2026-07-04T22:41:56Z</time></trkpt><trkpt lat="44.43921880824463" lon="-64.26366251556881"><time>2026-07-04T22:41:57Z</time></trkpt><trkpt lat="44.43918971087705" lon="-64.26365386641305"><time>2026-07-04T22:41:58Z</time></trkpt><trkpt lat="44.43916051935063" lon="-64.2636465307477"><time>2026-07-04T22:41:59Z</time></trkpt><trkpt lat="44.43913120046894" lon="-64.26363750771405"><time>2026-07-04T22:42:00Z</time></trkpt><trkpt lat="44.43910280119529" lon="-64.26362729692558"><time>2026-07-04T22:42:01Z</time></trkpt><trkpt lat="44.43907425155965" lon="-64.26361747465896"><time>2026-07-04T22:42:02Z</time></trkpt><trkpt lat="44.43904448045497" lon="-64.26360918444115"><time>2026-07-04T22:42:03Z</time></trkpt><trkpt lat="44.4390148922298" lon="-64.26360266512303"><time>2026-07-04T22:42:04Z</time></trkpt><trkpt lat="44.43898519971211" lon="-64.26359805307067"><time>2026-07-04T22:42:05Z</time></trkpt><trkpt lat="44.438956462280316" lon="-64.26359081481043"><time>2026-07-04T22:42:06Z</time></trkpt><trkpt lat="44.43891866820855" lon="-64.26357848272565"><time>2026-07-04T22:42:07Z</time></trkpt><trkpt lat="44.4388946422784" lon="-64.26357234017533"><time>2026-07-04T22:42:08Z</time></trkpt><trkpt lat="44.43886782649924" lon="-64.26356180114632"><time>2026-07-04T22:42:09Z</time></trkpt><trkpt lat="44.438838101470594" lon="-64.26354715353102"><time>2026-07-04T22:42:10Z</time></trkpt><trkpt lat="44.43880894761686" lon="-64.26353252320548"><time>2026-07-04T22:42:11Z</time></trkpt><trkpt lat="44.43878055613724" lon="-64.26351987368308"><time>2026-07-04T22:42:12Z</time></trkpt><trkpt lat="44.43875274359015" lon="-64.26350919781768"><time>2026-07-04T22:42:13Z</time></trkpt><trkpt lat="44.43872485952856" lon="-64.26350232278831"><time>2026-07-04T22:42:14Z</time></trkpt><trkpt lat="44.43869584897434" lon="-64.26349362353552"><time>2026-07-04T22:42:15Z</time></trkpt><trkpt lat="44.43866647750686" lon="-64.26348553766309"><time>2026-07-04T22:42:16Z</time></trkpt><trkpt lat="44.43863911698487" lon="-64.26347675150082"><time>2026-07-04T22:42:17Z</time></trkpt><trkpt lat="44.43861075257313" lon="-64.26346638954452"><time>2026-07-04T22:42:18Z</time></trkpt><trkpt lat="44.438582787670356" lon="-64.26345588562175"><time>2026-07-04T22:42:19Z</time></trkpt><trkpt lat="44.43855525700564" lon="-64.26344475210752"><time>2026-07-04T22:42:20Z</time></trkpt><trkpt lat="44.43852803280571" lon="-64.26343383978134"><time>2026-07-04T22:42:21Z</time></trkpt><trkpt lat="44.43849972405694" lon="-64.26342062073695"><time>2026-07-04T22:42:22Z</time></trkpt><trkpt lat="44.43847108888381" lon="-64.2634099816423"><time>2026-07-04T22:42:23Z</time></trkpt><trkpt lat="44.43844344701353" lon="-64.26339977508702"><time>2026-07-04T22:42:24Z</time></trkpt><trkpt lat="44.438416201732345" lon="-64.26338770718131"><time>2026-07-04T22:42:25Z</time></trkpt><trkpt lat="44.438387615599396" lon="-64.26337946864808"><time>2026-07-04T22:42:26Z</time></trkpt><trkpt lat="44.43836010581046" lon="-64.26336971622528"><time>2026-07-04T22:42:27Z</time></trkpt><trkpt lat="44.43833101114193" lon="-64.26336005577987"><time>2026-07-04T22:42:28Z</time></trkpt><trkpt lat="44.43830394875468" lon="-64.26335023964225"><time>2026-07-04T22:42:29Z</time></trkpt><trkpt lat="44.438276311046884" lon="-64.26334036977009"><time>2026-07-04T22:42:30Z</time></trkpt><trkpt lat="44.438249493284644" lon="-64.26332932824613"><time>2026-07-04T22:42:31Z</time></trkpt><trkpt lat="44.43822226750063" lon="-64.26331614031703"><time>2026-07-04T22:42:32Z</time></trkpt><trkpt lat="44.438195008538024" lon="-64.26330197316751"><time>2026-07-04T22:42:33Z</time></trkpt><trkpt lat="44.4381665729205" lon="-64.26329142280466"><time>2026-07-04T22:42:34Z</time></trkpt><trkpt lat="44.438139364201234" lon="-64.26327972491762"><time>2026-07-04T22:42:35Z</time></trkpt><trkpt lat="44.43811173814862" lon="-64.26326729698246"><time>2026-07-04T22:42:36Z</time></trkpt><trkpt lat="44.438084733647976" lon="-64.26325449096859"><time>2026-07-04T22:42:37Z</time></trkpt><trkpt lat="44.43805795651713" lon="-64.26324056419556"><time>2026-07-04T22:42:38Z</time></trkpt><trkpt lat="44.43802989602202" lon="-64.26322893228618"><time>2026-07-04T22:42:39Z</time></trkpt><trkpt lat="44.43800246407957" lon="-64.26321748058399"><time>2026-07-04T22:42:40Z</time></trkpt><trkpt lat="44.437974311531995" lon="-64.26320711665568"><time>2026-07-04T22:42:41Z</time></trkpt><trkpt lat="44.43794671291007" lon="-64.26319718991144"><time>2026-07-04T22:42:42Z</time></trkpt><trkpt lat="44.437918572124424" lon="-64.26318713186356"><time>2026-07-04T22:42:43Z</time></trkpt><trkpt lat="44.43789074219847" lon="-64.26317391181844"><time>2026-07-04T22:42:44Z</time></trkpt><trkpt lat="44.43786407858752" lon="-64.26315723896991"><time>2026-07-04T22:42:45Z</time></trkpt><trkpt lat="44.437837390481995" lon="-64.26314091896975"><time>2026-07-04T22:42:46Z</time></trkpt><trkpt lat="44.43781284330145" lon="-64.26311878328683"><time>2026-07-04T22:42:47Z</time></trkpt><trkpt lat="44.43778887090837" lon="-64.2630961893687"><time>2026-07-04T22:42:48Z</time></trkpt><trkpt lat="44.43776625936841" lon="-64.26307814025789"><time>2026-07-04T22:42:49Z</time></trkpt><trkpt lat="44.43774000779004" lon="-64.26306079148722"><time>2026-07-04T22:42:50Z</time></trkpt><trkpt lat="44.437717441241325" lon="-64.26305175725251"><time>2026-07-04T22:42:51Z</time></trkpt><trkpt lat="44.4376873773485" lon="-64.26304243799336"><time>2026-07-04T22:42:52Z</time></trkpt><trkpt lat="44.437659803287126" lon="-64.26303860931888"><time>2026-07-04T22:42:53Z</time></trkpt><trkpt lat="44.43763418499863" lon="-64.26303203971173"><time>2026-07-04T22:42:54Z</time></trkpt><trkpt lat="44.4376058447838" lon="-64.263024970439"><time>2026-07-04T22:42:55Z</time></trkpt><trkpt lat="44.43758633974531" lon="-64.26301736700647"><time>2026-07-04T22:42:56Z</time></trkpt><trkpt lat="44.437558232345566" lon="-64.26300501836722"><time>2026-07-04T22:42:57Z</time></trkpt><trkpt lat="44.43753035737094" lon="-64.26299159923006"><time>2026-07-04T22:42:58Z</time></trkpt><trkpt lat="44.43750897164904" lon="-64.26298013393594"><time>2026-07-04T22:42:59Z</time></trkpt><trkpt lat="44.43747768645905" lon="-64.2629678695954"><time>2026-07-04T22:43:00Z</time></trkpt><trkpt lat="44.43745577103393" lon="-64.26295672227494"><time>2026-07-04T22:43:01Z</time></trkpt><trkpt lat="44.43742277449374" lon="-64.26293387362416"><time>2026-07-04T22:43:02Z</time></trkpt><trkpt lat="44.43739809579755" lon="-64.26293119982998"><time>2026-07-04T22:43:03Z</time></trkpt><trkpt lat="44.43736994498594" lon="-64.2629203920959"><time>2026-07-04T22:43:04Z</time></trkpt><trkpt lat="44.437344589250706" lon="-64.26291138445048"><time>2026-07-04T22:43:05Z</time></trkpt><trkpt lat="44.4373173935065" lon="-64.26290562524923"><time>2026-07-04T22:43:06Z</time></trkpt><trkpt lat="44.437287240139774" lon="-64.26290328450199"><time>2026-07-04T22:43:07Z</time></trkpt><trkpt lat="44.43725643198082" lon="-64.262889520838"><time>2026-07-04T22:43:08Z</time></trkpt><trkpt lat="44.437232870514045" lon="-64.26288225256133"><time>2026-07-04T22:43:09Z</time></trkpt><trkpt lat="44.437213528489856" lon="-64.26287748401204"><time>2026-07-04T22:43:10Z</time></trkpt><trkpt lat="44.43718623551622" lon="-64.26286442553261"><time>2026-07-04T22:43:12Z</time></trkpt><trkpt lat="44.43715667478542" lon="-64.26284562952102"><time>2026-07-04T22:43:13Z</time></trkpt><trkpt lat="44.43713191063111" lon="-64.26282802921827"><time>2026-07-04T22:43:14Z</time></trkpt><trkpt lat="44.43710351757314" lon="-64.2628075443338"><time>2026-07-04T22:43:15Z</time></trkpt><trkpt lat="44.43708557942507" lon="-64.26281708793873"><time>2026-07-04T22:43:16Z</time></trkpt><trkpt lat="44.437063737967456" lon="-64.26281197426619"><time>2026-07-04T22:43:17Z</time></trkpt><trkpt lat="44.437039462926776" lon="-64.26281038920659"><time>2026-07-04T22:43:18Z</time></trkpt><trkpt lat="44.43701444258593" lon="-64.26281048665955"><time>2026-07-04T22:43:19Z</time></trkpt><trkpt lat="44.4369886472144" lon="-64.26280334158949"><time>2026-07-04T22:43:20Z</time></trkpt><trkpt lat="44.436965385692474" lon="-64.26279696955541"><time>2026-07-04T22:43:21Z</time></trkpt><trkpt lat="44.43694259980609" lon="-64.26278509067312"><time>2026-07-04T22:43:22Z</time></trkpt><trkpt lat="44.43692183777193" lon="-64.26277614796277"><time>2026-07-04T22:43:23Z</time></trkpt><trkpt lat="44.43690004869707" lon="-64.2627680478524"><time>2026-07-04T22:43:24Z</time></trkpt><trkpt lat="44.43687775888212" lon="-64.26275824681788"><time>2026-07-04T22:43:25Z</time></trkpt><trkpt lat="44.43685666035236" lon="-64.26275020140253"><time>2026-07-04T22:43:26Z</time></trkpt><trkpt lat="44.436833346932445" lon="-64.26274046970185"><time>2026-07-04T22:43:27Z</time></trkpt><trkpt lat="44.43681062223009" lon="-64.26272954668757"><time>2026-07-04T22:43:28Z</time></trkpt><trkpt lat="44.436788276268096" lon="-64.26272429775833"><time>2026-07-04T22:43:29Z</time></trkpt><trkpt lat="44.436765586740734" lon="-64.26272037141493"><time>2026-07-04T22:43:30Z</time></trkpt><trkpt lat="44.436743238893456" lon="-64.26271502275861"><time>2026-07-04T22:43:31Z</time></trkpt><trkpt lat="44.43672241313357" lon="-64.26271090958035"><time>2026-07-04T22:43:32Z</time></trkpt><trkpt lat="44.436700308311394" lon="-64.26270471081392"><time>2026-07-04T22:43:33Z</time></trkpt><trkpt lat="44.43667674771103" lon="-64.26269980561894"><time>2026-07-04T22:43:34Z</time></trkpt><trkpt lat="44.436657746226" lon="-64.26269039161186"><time>2026-07-04T22:43:35Z</time></trkpt><trkpt lat="44.43662570248213" lon="-64.26268457136348"><time>2026-07-04T22:43:36Z</time></trkpt><trkpt lat="44.436599745256245" lon="-64.26267178398608"><time>2026-07-04T22:43:37Z</time></trkpt><trkpt lat="44.43658119059855" lon="-64.2626666754255"><time>2026-07-04T22:43:38Z</time></trkpt><trkpt lat="44.43656011802168" lon="-64.26267148991406"><time>2026-07-04T22:43:39Z</time></trkpt><trkpt lat="44.43653695376847" lon="-64.2626669293412"><time>2026-07-04T22:43:40Z</time></trkpt><trkpt lat="44.436513241319055" lon="-64.26266365137212"><time>2026-07-04T22:43:41Z</time></trkpt><trkpt lat="44.43648927149842" lon="-64.262658373794"><time>2026-07-04T22:43:42Z</time></trkpt><trkpt lat="44.43646481708953" lon="-64.26265313432249"><time>2026-07-04T22:43:43Z</time></trkpt><trkpt lat="44.436440319821656" lon="-64.26264837444369"><time>2026-07-04T22:43:44Z</time></trkpt><trkpt lat="44.436418513837516" lon="-64.26264484205191"><time>2026-07-04T22:43:45Z</time></trkpt><trkpt lat="44.43639514285862" lon="-64.26264166695009"><time>2026-07-04T22:43:46Z</time></trkpt><trkpt lat="44.43637322194954" lon="-64.26263792936122"><time>2026-07-04T22:43:47Z</time></trkpt><trkpt lat="44.43634985766908" lon="-64.2626369468076"><time>2026-07-04T22:43:48Z</time></trkpt><trkpt lat="44.436326521346565" lon="-64.26263086444452"><time>2026-07-04T22:43:49Z</time></trkpt><trkpt lat="44.436304709073106" lon="-64.26262710557994"><time>2026-07-04T22:43:50Z</time></trkpt><trkpt lat="44.43628097285464" lon="-64.26262053312628"><time>2026-07-04T22:43:51Z</time></trkpt><trkpt lat="44.436258294220366" lon="-64.26261525880473"><time>2026-07-04T22:43:52Z</time></trkpt><trkpt lat="44.43623616633772" lon="-64.26261200499182"><time>2026-07-04T22:43:53Z</time></trkpt><trkpt lat="44.43621379781409" lon="-64.26260828542613"><time>2026-07-04T22:43:54Z</time></trkpt><trkpt lat="44.43619082596636" lon="-64.2626072124327"><time>2026-07-04T22:43:55Z</time></trkpt><trkpt lat="44.43616884512233" lon="-64.26260538233343"><time>2026-07-04T22:43:56Z</time></trkpt><trkpt lat="44.43614833480476" lon="-64.26260386698034"><time>2026-07-04T22:43:57Z</time></trkpt><trkpt lat="44.43612616266157" lon="-64.26260041724068"><time>2026-07-04T22:43:58Z</time></trkpt><trkpt lat="44.436104800896395" lon="-64.26259903302339"><time>2026-07-04T22:43:59Z</time></trkpt><trkpt lat="44.436083004374105" lon="-64.26259940645735"><time>2026-07-04T22:44:00Z</time></trkpt><trkpt lat="44.43606099492955" lon="-64.26259705537625"><time>2026-07-04T22:44:01Z</time></trkpt><trkpt lat="44.43603835856719" lon="-64.26259690515614"><time>2026-07-04T22:44:02Z</time></trkpt><trkpt lat="44.436015752084515" lon="-64.26259327662045"><time>2026-07-04T22:44:03Z</time></trkpt><trkpt lat="44.43599278548151" lon="-64.26259138718376"><time>2026-07-04T22:44:04Z</time></trkpt><trkpt lat="44.435970816289945" lon="-64.26258951555756"><time>2026-07-04T22:44:05Z</time></trkpt><trkpt lat="44.435948132901814" lon="-64.26258686880308"><time>2026-07-04T22:44:06Z</time></trkpt><trkpt lat="44.43592391332991" lon="-64.2625816758901"><time>2026-07-04T22:44:07Z</time></trkpt><trkpt lat="44.43590018325193" lon="-64.26257705899269"><time>2026-07-04T22:44:08Z</time></trkpt><trkpt lat="44.43587542219693" lon="-64.2625700345176"><time>2026-07-04T22:44:09Z</time></trkpt><trkpt lat="44.43585131353354" lon="-64.26256280439473"><time>2026-07-04T22:44:10Z</time></trkpt><trkpt lat="44.43582626295879" lon="-64.26255766122921"><time>2026-07-04T22:44:11Z</time></trkpt><trkpt lat="44.43580167809638" lon="-64.26254943900263"><time>2026-07-04T22:44:12Z</time></trkpt><trkpt lat="44.43577731365203" lon="-64.26254330449724"><time>2026-07-04T22:44:13Z</time></trkpt><trkpt lat="44.43575248225189" lon="-64.26253682528557"><time>2026-07-04T22:44:14Z</time></trkpt><trkpt lat="44.43572719569597" lon="-64.26252928102939"><time>2026-07-04T22:44:15Z</time></trkpt><trkpt lat="44.43570121308769" lon="-64.2625232744394"><time>2026-07-04T22:44:16Z</time></trkpt><trkpt lat="44.43567542268466" lon="-64.26251620417393"><time>2026-07-04T22:44:17Z</time></trkpt><trkpt lat="44.43564988371306" lon="-64.26251077350787"><time>2026-07-04T22:44:18Z</time></trkpt><trkpt lat="44.43562400798755" lon="-64.2625005827787"><time>2026-07-04T22:44:19Z</time></trkpt><trkpt lat="44.43559856864939" lon="-64.26249245030279"><time>2026-07-04T22:44:20Z</time></trkpt><trkpt lat="44.43557242342381" lon="-64.26248349191052"><time>2026-07-04T22:44:21Z</time></trkpt><trkpt lat="44.435546402028685" lon="-64.26247582935032"><time>2026-07-04T22:44:22Z</time></trkpt><trkpt lat="44.435520538011055" lon="-64.26246451692523"><time>2026-07-04T22:44:23Z</time></trkpt><trkpt lat="44.43549459919537" lon="-64.26245685575932"><time>2026-07-04T22:44:24Z</time></trkpt><trkpt lat="44.435468874617214" lon="-64.2624482651374"><time>2026-07-04T22:44:25Z</time></trkpt><trkpt lat="44.43544333472281" lon="-64.26244147324569"><time>2026-07-04T22:44:26Z</time></trkpt><trkpt lat="44.43541707085114" lon="-64.26243954610216"><time>2026-07-04T22:44:27Z</time></trkpt><trkpt lat="44.43539165489236" lon="-64.26243566650676"><time>2026-07-04T22:44:28Z</time></trkpt><trkpt lat="44.435366625937924" lon="-64.26243331080227"><time>2026-07-04T22:44:29Z</time></trkpt><trkpt lat="44.43534159091741" lon="-64.26242945610407"><time>2026-07-04T22:44:30Z</time></trkpt><trkpt lat="44.43531623732841" lon="-64.2624275158348"><time>2026-07-04T22:44:31Z</time></trkpt><trkpt lat="44.435291368882005" lon="-64.26242460328272"><time>2026-07-04T22:44:32Z</time></trkpt><trkpt lat="44.43526647972545" lon="-64.26241626257"><time>2026-07-04T22:44:33Z</time></trkpt><trkpt lat="44.43524160249222" lon="-64.26240641140153"><time>2026-07-04T22:44:34Z</time></trkpt><trkpt lat="44.4352171613792" lon="-64.2623912483598"><time>2026-07-04T22:44:35Z</time></trkpt><trkpt lat="44.43519340546371" lon="-64.26237574888678"><time>2026-07-04T22:44:36Z</time></trkpt><trkpt lat="44.43517083831104" lon="-64.2623571823764"><time>2026-07-04T22:44:37Z</time></trkpt><trkpt lat="44.43514877895566" lon="-64.26233805035048"><time>2026-07-04T22:44:38Z</time></trkpt><trkpt lat="44.43512605707735" lon="-64.26232092451214"><time>2026-07-04T22:44:39Z</time></trkpt><trkpt lat="44.43510159615475" lon="-64.26230775476282"><time>2026-07-04T22:44:40Z</time></trkpt><trkpt lat="44.43507730693577" lon="-64.26229662052612"><time>2026-07-04T22:44:41Z</time></trkpt><trkpt lat="44.4350532761211" lon="-64.26228368356925"><time>2026-07-04T22:44:42Z</time></trkpt><trkpt lat="44.43502879516212" lon="-64.26227346242196"><time>2026-07-04T22:44:43Z</time></trkpt><trkpt lat="44.435003940145464" lon="-64.26226472467549"><time>2026-07-04T22:44:44Z</time></trkpt><trkpt lat="44.434979507111876" lon="-64.26225853990941"><time>2026-07-04T22:44:45Z</time></trkpt><trkpt lat="44.434954955524844" lon="-64.26225172922281"><time>2026-07-04T22:44:46Z</time></trkpt><trkpt lat="44.43492967634746" lon="-64.26224654263969"><time>2026-07-04T22:44:47Z</time></trkpt><trkpt lat="44.434905522528176" lon="-64.2622395130631"><time>2026-07-04T22:44:48Z</time></trkpt><trkpt lat="44.43488104134083" lon="-64.26223517203587"><time>2026-07-04T22:44:49Z</time></trkpt><trkpt lat="44.43485679735907" lon="-64.26223133403539"><time>2026-07-04T22:44:50Z</time></trkpt><trkpt lat="44.434832641360174" lon="-64.26223015054939"><time>2026-07-04T22:44:51Z</time></trkpt><trkpt lat="44.43480873182938" lon="-64.2622272345688"><time>2026-07-04T22:44:52Z</time></trkpt><trkpt lat="44.43478406273299" lon="-64.2622252966656"><time>2026-07-04T22:44:53Z</time></trkpt><trkpt lat="44.4347593345324" lon="-64.26221745867934"><time>2026-07-04T22:44:54Z</time></trkpt><trkpt lat="44.434736149301315" lon="-64.2622127772446"><time>2026-07-04T22:44:55Z</time></trkpt><trkpt lat="44.434712227159615" lon="-64.26220260331203"><time>2026-07-04T22:44:56Z</time></trkpt><trkpt lat="44.434688338485444" lon="-64.26219573613851"><time>2026-07-04T22:44:57Z</time></trkpt><trkpt lat="44.43466378966814" lon="-64.26218551082006"><time>2026-07-04T22:44:58Z</time></trkpt><trkpt lat="44.43464097565644" lon="-64.26217677083693"><time>2026-07-04T22:44:59Z</time></trkpt><trkpt lat="44.4346173635184" lon="-64.26217158385296"><time>2026-07-04T22:45:00Z</time></trkpt><trkpt lat="44.43459443184393" lon="-64.26216586710486"><time>2026-07-04T22:45:01Z</time></trkpt><trkpt lat="44.43457135787865" lon="-64.26216250602694"><time>2026-07-04T22:45:02Z</time></trkpt><trkpt lat="44.434548305834" lon="-64.26215882123653"><time>2026-07-04T22:45:03Z</time></trkpt><trkpt lat="44.43452583576105" lon="-64.26215472875955"><time>2026-07-04T22:45:04Z</time></trkpt><trkpt lat="44.43450315351111" lon="-64.26214793655362"><time>2026-07-04T22:45:05Z</time></trkpt><trkpt lat="44.434480074034234" lon="-64.26214248736567"><time>2026-07-04T22:45:06Z</time></trkpt><trkpt lat="44.434457781200756" lon="-64.26213396867303"><time>2026-07-04T22:45:07Z</time></trkpt><trkpt lat="44.43443393015104" lon="-64.2621260158959"><time>2026-07-04T22:45:08Z</time></trkpt><trkpt lat="44.434411919129964" lon="-64.26211647152165"><time>2026-07-04T22:45:09Z</time></trkpt><trkpt lat="44.43438964055292" lon="-64.26210851258935"><time>2026-07-04T22:45:10Z</time></trkpt><trkpt lat="44.43436688020053" lon="-64.26209563411264"><time>2026-07-04T22:45:11Z</time></trkpt><trkpt lat="44.43434459472486" lon="-64.26208863462524"><time>2026-07-04T22:45:12Z</time></trkpt><trkpt lat="44.434322134654145" lon="-64.26207649700436"><time>2026-07-04T22:45:13Z</time></trkpt><trkpt lat="44.43429935728076" lon="-64.2620668196551"><time>2026-07-04T22:45:14Z</time></trkpt><trkpt lat="44.43427644099511" lon="-64.26206147504851"><time>2026-07-04T22:45:15Z</time></trkpt><trkpt lat="44.43425292967626" lon="-64.26205308984078"><time>2026-07-04T22:45:16Z</time></trkpt><trkpt lat="44.4342305242523" lon="-64.26204386210964"><time>2026-07-04T22:45:17Z</time></trkpt><trkpt lat="44.43420771486387" lon="-64.26203269570068"><time>2026-07-04T22:45:18Z</time></trkpt><trkpt lat="44.434184472061666" lon="-64.26202253143313"><time>2026-07-04T22:45:19Z</time></trkpt><trkpt lat="44.43416118171365" lon="-64.26201007435515"><time>2026-07-04T22:45:20Z</time></trkpt><trkpt lat="44.434136908442795" lon="-64.261997795974"><time>2026-07-04T22:45:21Z</time></trkpt><trkpt lat="44.43411346252809" lon="-64.26198595053943"><time>2026-07-04T22:45:22Z</time></trkpt><trkpt lat="44.434089604289774" lon="-64.26197514998103"><time>2026-07-04T22:45:23Z</time></trkpt><trkpt lat="44.434066021974466" lon="-64.26196008375463"><time>2026-07-04T22:45:24Z</time></trkpt><trkpt lat="44.43404151233366" lon="-64.26194555375771"><time>2026-07-04T22:45:25Z</time></trkpt><trkpt lat="44.43401718246745" lon="-64.26193157789831"><time>2026-07-04T22:45:26Z</time></trkpt><trkpt lat="44.43399200461459" lon="-64.26192209387435"><time>2026-07-04T22:45:27Z</time></trkpt><trkpt lat="44.43396725702367" lon="-64.26190967647189"><time>2026-07-04T22:45:28Z</time></trkpt><trkpt lat="44.433942003952644" lon="-64.26190350757106"><time>2026-07-04T22:45:29Z</time></trkpt><trkpt lat="44.43391638362895" lon="-64.26189840180153"><time>2026-07-04T22:45:30Z</time></trkpt><trkpt lat="44.433892890989426" lon="-64.2618918655058"><time>2026-07-04T22:45:31Z</time></trkpt><trkpt lat="44.43386740211492" lon="-64.26188704261064"><time>2026-07-04T22:45:32Z</time></trkpt><trkpt lat="44.4338428224415" lon="-64.26187970097816"><time>2026-07-04T22:45:33Z</time></trkpt><trkpt lat="44.43381837290411" lon="-64.26187221124337"><time>2026-07-04T22:45:34Z</time></trkpt><trkpt lat="44.43379531493862" lon="-64.26186193306049"><time>2026-07-04T22:45:35Z</time></trkpt><trkpt lat="44.43377098054504" lon="-64.26184483520996"><time>2026-07-04T22:45:36Z</time></trkpt><trkpt lat="44.43374735133152" lon="-64.2618297585492"><time>2026-07-04T22:45:37Z</time></trkpt><trkpt lat="44.4337236251652" lon="-64.26181034588971"><time>2026-07-04T22:45:38Z</time></trkpt><trkpt lat="44.43370170464453" lon="-64.26178779393929"><time>2026-07-04T22:45:39Z</time></trkpt><trkpt lat="44.4336806163979" lon="-64.26176399627566"><time>2026-07-04T22:45:40Z</time></trkpt><trkpt lat="44.433659303794364" lon="-64.26173956919001"><time>2026-07-04T22:45:41Z</time></trkpt><trkpt lat="44.43364044440803" lon="-64.26171610552494"><time>2026-07-04T22:45:42Z</time></trkpt><trkpt lat="44.433621372219" lon="-64.26169080832493"><time>2026-07-04T22:45:43Z</time></trkpt><trkpt lat="44.4336022259634" lon="-64.26166413691053"><time>2026-07-04T22:45:44Z</time></trkpt><trkpt lat="44.43358294837731" lon="-64.2616363155804"><time>2026-07-04T22:45:45Z</time></trkpt><trkpt lat="44.433561985127994" lon="-64.26161466061316"><time>2026-07-04T22:45:46Z</time></trkpt><trkpt lat="44.43354127957863" lon="-64.26159274665572"><time>2026-07-04T22:45:47Z</time></trkpt><trkpt lat="44.43352090168106" lon="-64.26156800373356"><time>2026-07-04T22:45:48Z</time></trkpt><trkpt lat="44.43349855037124" lon="-64.26154464247924"><time>2026-07-04T22:45:49Z</time></trkpt><trkpt lat="44.43347654821862" lon="-64.26152154521854"><time>2026-07-04T22:45:50Z</time></trkpt><trkpt lat="44.43345532755605" lon="-64.26149714633507"><time>2026-07-04T22:45:51Z</time></trkpt><trkpt lat="44.433435103013515" lon="-64.26147233021277"><time>2026-07-04T22:45:52Z</time></trkpt><trkpt lat="44.43341480634548" lon="-64.26145090050889"><time>2026-07-04T22:45:53Z</time></trkpt><trkpt lat="44.43339287525317" lon="-64.26142916422066"><time>2026-07-04T22:45:54Z</time></trkpt><trkpt lat="44.43337171083611" lon="-64.26140787855445"><time>2026-07-04T22:45:55Z</time></trkpt><trkpt lat="44.43334832414092" lon="-64.26138732902541"><time>2026-07-04T22:45:56Z</time></trkpt><trkpt lat="44.43332538832038" lon="-64.26136830653222"><time>2026-07-04T22:45:57Z</time></trkpt><trkpt lat="44.4333030655481" lon="-64.26135137395156"><time>2026-07-04T22:45:58Z</time></trkpt><trkpt lat="44.43328174362629" lon="-64.26132936563458"><time>2026-07-04T22:45:59Z</time></trkpt><trkpt lat="44.43326044296079" lon="-64.26130396962998"><time>2026-07-04T22:46:00Z</time></trkpt><trkpt lat="44.43323760072805" lon="-64.26128675457623"><time>2026-07-04T22:46:01Z</time></trkpt><trkpt lat="44.43321502984679" lon="-64.26126633046346"><time>2026-07-04T22:46:02Z</time></trkpt><trkpt lat="44.43319133205716" lon="-64.26125059193187"><time>2026-07-04T22:46:03Z</time></trkpt><trkpt lat="44.43316912143862" lon="-64.26123113784205"><time>2026-07-04T22:46:04Z</time></trkpt><trkpt lat="44.433146124849785" lon="-64.26121272812716"><time>2026-07-04T22:46:05Z</time></trkpt><trkpt lat="44.43312356081954" lon="-64.26119127734376"><time>2026-07-04T22:46:06Z</time></trkpt><trkpt lat="44.43310054404205" lon="-64.26117082183808"><time>2026-07-04T22:46:07Z</time></trkpt><trkpt lat="44.433078041263336" lon="-64.26115336728667"><time>2026-07-04T22:46:08Z</time></trkpt><trkpt lat="44.433055987015436" lon="-64.26113331647672"><time>2026-07-04T22:46:09Z</time></trkpt><trkpt lat="44.4330326879507" lon="-64.26111425823859"><time>2026-07-04T22:46:10Z</time></trkpt><trkpt lat="44.433009307453624" lon="-64.26109658609464"><time>2026-07-04T22:46:11Z</time></trkpt><trkpt lat="44.432987592146475" lon="-64.26107743024718"><time>2026-07-04T22:46:12Z</time></trkpt><trkpt lat="44.43296582503806" lon="-64.26105791803346"><time>2026-07-04T22:46:13Z</time></trkpt><trkpt lat="44.43294236530414" lon="-64.26104023414945"><time>2026-07-04T22:46:14Z</time></trkpt><trkpt lat="44.43291962962262" lon="-64.26101787164878"><time>2026-07-04T22:46:15Z</time></trkpt><trkpt lat="44.43289676717008" lon="-64.26100037761735"><time>2026-07-04T22:46:16Z</time></trkpt><trkpt lat="44.43287272703077" lon="-64.26098526291135"><time>2026-07-04T22:46:17Z</time></trkpt><trkpt lat="44.4328495155122" lon="-64.2609669478564"><time>2026-07-04T22:46:18Z</time></trkpt><trkpt lat="44.432826429447786" lon="-64.26095063703542"><time>2026-07-04T22:46:19Z</time></trkpt><trkpt lat="44.43280186076726" lon="-64.26093163290801"><time>2026-07-04T22:46:20Z</time></trkpt><trkpt lat="44.43277839879639" lon="-64.2609169439238"><time>2026-07-04T22:46:21Z</time></trkpt><trkpt lat="44.43275428496004" lon="-64.26090325709224"><time>2026-07-04T22:46:22Z</time></trkpt><trkpt lat="44.43272979092745" lon="-64.26089043845408"><time>2026-07-04T22:46:23Z</time></trkpt><trkpt lat="44.43270514156948" lon="-64.26087331005698"><time>2026-07-04T22:46:24Z</time></trkpt><trkpt lat="44.43268035514654" lon="-64.26085881752488"><time>2026-07-04T22:46:25Z</time></trkpt><trkpt lat="44.43265612044725" lon="-64.26084405218708"><time>2026-07-04T22:46:26Z</time></trkpt><trkpt lat="44.43263149855458" lon="-64.26082572159474"><time>2026-07-04T22:46:27Z</time></trkpt><trkpt lat="44.4326081566809" lon="-64.2608077908758"><time>2026-07-04T22:46:28Z</time></trkpt><trkpt lat="44.43258295180753" lon="-64.2607889510386"><time>2026-07-04T22:46:29Z</time></trkpt><trkpt lat="44.432559658738654" lon="-64.26077190646501"><time>2026-07-04T22:46:30Z</time></trkpt><trkpt lat="44.4325345745006" lon="-64.26075448499063"><time>2026-07-04T22:46:31Z</time></trkpt><trkpt lat="44.43250892142027" lon="-64.26073525300897"><time>2026-07-04T22:46:32Z</time></trkpt><trkpt lat="44.432486524083366" lon="-64.26072331158112"><time>2026-07-04T22:46:33Z</time></trkpt><trkpt lat="44.43246096125382" lon="-64.26070574719284"><time>2026-07-04T22:46:34Z</time></trkpt><trkpt lat="44.43243604209669" lon="-64.26069397547155"><time>2026-07-04T22:46:35Z</time></trkpt><trkpt lat="44.43240963269519" lon="-64.26068328585566"><time>2026-07-04T22:46:36Z</time></trkpt><trkpt lat="44.432384344306925" lon="-64.26067326608234"><time>2026-07-04T22:46:37Z</time></trkpt><trkpt lat="44.43235781830697" lon="-64.26066126722735"><time>2026-07-04T22:46:38Z</time></trkpt><trkpt lat="44.432332514980985" lon="-64.26064875195232"><time>2026-07-04T22:46:39Z</time></trkpt><trkpt lat="44.432306778600285" lon="-64.26063959494599"><time>2026-07-04T22:46:40Z</time></trkpt><trkpt lat="44.43228289595" lon="-64.26062316924309"><time>2026-07-04T22:46:41Z</time></trkpt><trkpt lat="44.43225835813602" lon="-64.26061033572132"><time>2026-07-04T22:46:42Z</time></trkpt><trkpt lat="44.43223435418276" lon="-64.26059050493123"><time>2026-07-04T22:46:43Z</time></trkpt><trkpt lat="44.43220945849793" lon="-64.26057181250256"><time>2026-07-04T22:46:44Z</time></trkpt><trkpt lat="44.43218508412232" lon="-64.26055831753469"><time>2026-07-04T22:46:45Z</time></trkpt><trkpt lat="44.432160166381664" lon="-64.26055100765304"><time>2026-07-04T22:46:46Z</time></trkpt><trkpt lat="44.43213527693215" lon="-64.2605450757338"><time>2026-07-04T22:46:47Z</time></trkpt><trkpt lat="44.43210924687088" lon="-64.26054021041124"><time>2026-07-04T22:46:48Z</time></trkpt><trkpt lat="44.432084506454906" lon="-64.26053666095392"><time>2026-07-04T22:46:49Z</time></trkpt><trkpt lat="44.43206035415079" lon="-64.26053473674853"><time>2026-07-04T22:46:50Z</time></trkpt><trkpt lat="44.43203632033338" lon="-64.26052897776864"><time>2026-07-04T22:46:51Z</time></trkpt><trkpt lat="44.43201190704105" lon="-64.26052284668296"><time>2026-07-04T22:46:52Z</time></trkpt><trkpt lat="44.43198771827507" lon="-64.2605127034684"><time>2026-07-04T22:46:53Z</time></trkpt><trkpt lat="44.431963770100374" lon="-64.26050574858637"><time>2026-07-04T22:46:54Z</time></trkpt><trkpt lat="44.43193966490167" lon="-64.2604940389411"><time>2026-07-04T22:46:55Z</time></trkpt><trkpt lat="44.43191560653187" lon="-64.2604829420566"><time>2026-07-04T22:46:56Z</time></trkpt><trkpt lat="44.431891731323965" lon="-64.26047181723084"><time>2026-07-04T22:46:57Z</time></trkpt><trkpt lat="44.43186588493335" lon="-64.26046607858754"><time>2026-07-04T22:46:58Z</time></trkpt><trkpt lat="44.43184166968563" lon="-64.26045890467798"><time>2026-07-04T22:46:59Z</time></trkpt><trkpt lat="44.431817674510526" lon="-64.26045132475974"><time>2026-07-04T22:47:00Z</time></trkpt><trkpt lat="44.43179233703345" lon="-64.26043828232295"><time>2026-07-04T22:47:01Z</time></trkpt><trkpt lat="44.43176934394772" lon="-64.26043122395033"><time>2026-07-04T22:47:02Z</time></trkpt><trkpt lat="44.431745368048105" lon="-64.26041910283"><time>2026-07-04T22:47:03Z</time></trkpt><trkpt lat="44.431721483898144" lon="-64.26040882129789"><time>2026-07-04T22:47:04Z</time></trkpt><trkpt lat="44.43169635766052" lon="-64.26039949645764"><time>2026-07-04T22:47:05Z</time></trkpt><trkpt lat="44.43167164816061" lon="-64.26039128632551"><time>2026-07-04T22:47:06Z</time></trkpt><trkpt lat="44.431647004122574" lon="-64.26038125792283"><time>2026-07-04T22:47:07Z</time></trkpt><trkpt lat="44.43162321965623" lon="-64.26036976172162"><time>2026-07-04T22:47:08Z</time></trkpt><trkpt lat="44.43159944973641" lon="-64.26036013508765"><time>2026-07-04T22:47:09Z</time></trkpt><trkpt lat="44.431574723851234" lon="-64.26034843599862"><time>2026-07-04T22:47:10Z</time></trkpt><trkpt lat="44.43155006800363" lon="-64.26033881883147"><time>2026-07-04T22:47:11Z</time></trkpt><trkpt lat="44.431525026802774" lon="-64.2603265081627"><time>2026-07-04T22:47:12Z</time></trkpt><trkpt lat="44.43150129886073" lon="-64.26031547311544"><time>2026-07-04T22:47:13Z</time></trkpt><trkpt lat="44.43146479105551" lon="-64.26030469617837"><time>2026-07-04T22:47:14Z</time></trkpt><trkpt lat="44.431449335167336" lon="-64.26028761753128"><time>2026-07-04T22:47:15Z</time></trkpt><trkpt lat="44.43142622157613" lon="-64.26027327173212"><time>2026-07-04T22:47:16Z</time></trkpt><trkpt lat="44.43140267588254" lon="-64.26025825623073"><time>2026-07-04T22:47:17Z</time></trkpt><trkpt lat="44.43137756682338" lon="-64.26024303881555"><time>2026-07-04T22:47:18Z</time></trkpt><trkpt lat="44.43135364387033" lon="-64.26023307217363"><time>2026-07-04T22:47:19Z</time></trkpt><trkpt lat="44.43132887664825" lon="-64.26021689726556"><time>2026-07-04T22:47:20Z</time></trkpt><trkpt lat="44.43130418869795" lon="-64.26020467405448"><time>2026-07-04T22:47:21Z</time></trkpt><trkpt lat="44.43127970525537" lon="-64.2601928266141"><time>2026-07-04T22:47:22Z</time></trkpt><trkpt lat="44.43125520344075" lon="-64.26017724342185"><time>2026-07-04T22:47:23Z</time></trkpt><trkpt lat="44.43122985552448" lon="-64.26016263305554"><time>2026-07-04T22:47:24Z</time></trkpt><trkpt lat="44.43120504681121" lon="-64.26014786580821"><time>2026-07-04T22:47:25Z</time></trkpt><trkpt lat="44.4311810431809" lon="-64.26013250738829"><time>2026-07-04T22:47:26Z</time></trkpt><trkpt lat="44.431156230975496" lon="-64.26011240759809"><time>2026-07-04T22:47:27Z</time></trkpt><trkpt lat="44.43113251215499" lon="-64.26009436870771"><time>2026-07-04T22:47:28Z</time></trkpt><trkpt lat="44.43110935696946" lon="-64.26007381082714"><time>2026-07-04T22:47:29Z</time></trkpt><trkpt lat="44.431086015227784" lon="-64.26005303816359"><time>2026-07-04T22:47:30Z</time></trkpt><trkpt lat="44.43106301610906" lon="-64.26003364439063"><time>2026-07-04T22:47:31Z</time></trkpt><trkpt lat="44.431039591037795" lon="-64.26001224206009"><time>2026-07-04T22:47:32Z</time></trkpt><trkpt lat="44.431016688301995" lon="-64.2599896488418"><time>2026-07-04T22:47:33Z</time></trkpt><trkpt lat="44.430993742829905" lon="-64.25996906525417"><time>2026-07-04T22:47:34Z</time></trkpt><trkpt lat="44.43097149236326" lon="-64.25994801963715"><time>2026-07-04T22:47:35Z</time></trkpt><trkpt lat="44.430948671572274" lon="-64.2599242934904"><time>2026-07-04T22:47:36Z</time></trkpt><trkpt lat="44.43092604551343" lon="-64.2599000572688"><time>2026-07-04T22:47:37Z</time></trkpt><trkpt lat="44.43090442267417" lon="-64.25987572453661"><time>2026-07-04T22:47:38Z</time></trkpt><trkpt lat="44.43088337181588" lon="-64.25985272817115"><time>2026-07-04T22:47:39Z</time></trkpt><trkpt lat="44.43086123047604" lon="-64.2598297479937"><time>2026-07-04T22:47:40Z</time></trkpt><trkpt lat="44.430839540840786" lon="-64.25980647743455"><time>2026-07-04T22:47:41Z</time></trkpt><trkpt lat="44.43081795896638" lon="-64.25978189001813"><time>2026-07-04T22:47:42Z</time></trkpt><trkpt lat="44.430796542954845" lon="-64.25975703194929"><time>2026-07-04T22:47:43Z</time></trkpt><trkpt lat="44.43077481226991" lon="-64.25973215413137"><time>2026-07-04T22:47:44Z</time></trkpt><trkpt lat="44.43075266605805" lon="-64.25971101631522"><time>2026-07-04T22:47:45Z</time></trkpt><trkpt lat="44.43073080590809" lon="-64.25968896697017"><time>2026-07-04T22:47:46Z</time></trkpt><trkpt lat="44.43070936106135" lon="-64.25966522002118"><time>2026-07-04T22:47:47Z</time></trkpt><trkpt lat="44.430687640541855" lon="-64.25964065998457"><time>2026-07-04T22:47:48Z</time></trkpt><trkpt lat="44.43066613446121" lon="-64.25961744921432"><time>2026-07-04T22:47:49Z</time></trkpt><trkpt lat="44.43064510034084" lon="-64.2595962078956"><time>2026-07-04T22:47:50Z</time></trkpt><trkpt lat="44.430625070307954" lon="-64.25957013778552"><time>2026-07-04T22:47:51Z</time></trkpt><trkpt lat="44.430606983261484" lon="-64.25954247811917"><time>2026-07-04T22:47:52Z</time></trkpt><trkpt lat="44.430588785165924" lon="-64.25951404937263"><time>2026-07-04T22:47:53Z</time></trkpt><trkpt lat="44.43056788543472" lon="-64.25948975637084"><time>2026-07-04T22:47:54Z</time></trkpt><trkpt lat="44.430548260070196" lon="-64.25946475662582"><time>2026-07-04T22:47:55Z</time></trkpt><trkpt lat="44.43052546897801" lon="-64.2594453051457"><time>2026-07-04T22:47:56Z</time></trkpt><trkpt lat="44.4305027256057" lon="-64.25942786342421"><time>2026-07-04T22:47:57Z</time></trkpt><trkpt lat="44.43048062500053" lon="-64.25940934131229"><time>2026-07-04T22:47:58Z</time></trkpt><trkpt lat="44.430456057910874" lon="-64.25939494300643"><time>2026-07-04T22:47:59Z</time></trkpt><trkpt lat="44.4304317366726" lon="-64.25937987263117"><time>2026-07-04T22:48:00Z</time></trkpt><trkpt lat="44.43040682947177" lon="-64.25936682938456"><time>2026-07-04T22:48:01Z</time></trkpt><trkpt lat="44.4303830799305" lon="-64.25934993632933"><time>2026-07-04T22:48:02Z</time></trkpt><trkpt lat="44.43036045953617" lon="-64.25933227628909"><time>2026-07-04T22:48:03Z</time></trkpt><trkpt lat="44.43033610030162" lon="-64.25931630952994"><time>2026-07-04T22:48:04Z</time></trkpt><trkpt lat="44.430312136103204" lon="-64.25930134106453"><time>2026-07-04T22:48:05Z</time></trkpt><trkpt lat="44.430288562356125" lon="-64.25928254171484"><time>2026-07-04T22:48:06Z</time></trkpt><trkpt lat="44.43026484469288" lon="-64.25926988592"><time>2026-07-04T22:48:07Z</time></trkpt><trkpt lat="44.43024196864707" lon="-64.25926164260251"><time>2026-07-04T22:48:08Z</time></trkpt><trkpt lat="44.43021849528552" lon="-64.25924670412797"><time>2026-07-04T22:48:09Z</time></trkpt><trkpt lat="44.43019411524282" lon="-64.2592364680011"><time>2026-07-04T22:48:10Z</time></trkpt><trkpt lat="44.43017059953408" lon="-64.25922830266084"><time>2026-07-04T22:48:11Z</time></trkpt><trkpt lat="44.43014636924017" lon="-64.25921957126964"><time>2026-07-04T22:48:12Z</time></trkpt><trkpt lat="44.43012133527096" lon="-64.25921382554219"><time>2026-07-04T22:48:13Z</time></trkpt><trkpt lat="44.43009755703307" lon="-64.25920334284832"><time>2026-07-04T22:48:14Z</time></trkpt><trkpt lat="44.430073879952694" lon="-64.25919256163247"><time>2026-07-04T22:48:15Z</time></trkpt><trkpt lat="44.43005124377987" lon="-64.25917613290663"><time>2026-07-04T22:48:16Z</time></trkpt><trkpt lat="44.43002829862447" lon="-64.25916255457817"><time>2026-07-04T22:48:17Z</time></trkpt><trkpt lat="44.43000451164403" lon="-64.25915048959784"><time>2026-07-04T22:48:18Z</time></trkpt><trkpt lat="44.4299803892531" lon="-64.25913556381408"><time>2026-07-04T22:48:19Z</time></trkpt><trkpt lat="44.42995619500478" lon="-64.25912367546755"><time>2026-07-04T22:48:20Z</time></trkpt><trkpt lat="44.42993192612046" lon="-64.25911299121707"><time>2026-07-04T22:48:21Z</time></trkpt><trkpt lat="44.42990882558752" lon="-64.25909907612268"><time>2026-07-04T22:48:22Z</time></trkpt><trkpt lat="44.429884594693156" lon="-64.25908813592554"><time>2026-07-04T22:48:23Z</time></trkpt><trkpt lat="44.4298616178279" lon="-64.25907865147497"><time>2026-07-04T22:48:24Z</time></trkpt><trkpt lat="44.42983709406387" lon="-64.25906838304063"><time>2026-07-04T22:48:25Z</time></trkpt><trkpt lat="44.42981347408379" lon="-64.25906061713226"><time>2026-07-04T22:48:26Z</time></trkpt><trkpt lat="44.42978830239238" lon="-64.25905207615276"><time>2026-07-04T22:48:27Z</time></trkpt><trkpt lat="44.429765543524454" lon="-64.25905221776503"><time>2026-07-04T22:48:28Z</time></trkpt><trkpt lat="44.42974129200997" lon="-64.25904870413787"><time>2026-07-04T22:48:29Z</time></trkpt><trkpt lat="44.42971760666263" lon="-64.25904581257393"><time>2026-07-04T22:48:30Z</time></trkpt><trkpt lat="44.42969479907078" lon="-64.25903906565124"><time>2026-07-04T22:48:31Z</time></trkpt><trkpt lat="44.429671303338175" lon="-64.25903092576819"><time>2026-07-04T22:48:32Z</time></trkpt><trkpt lat="44.429647343810124" lon="-64.25902088881031"><time>2026-07-04T22:48:33Z</time></trkpt><trkpt lat="44.42962474098159" lon="-64.25900929263507"><time>2026-07-04T22:48:34Z</time></trkpt><trkpt lat="44.429601668281464" lon="-64.25900195653307"><time>2026-07-04T22:48:35Z</time></trkpt><trkpt lat="44.42957759065532" lon="-64.25899014626626"><time>2026-07-04T22:48:36Z</time></trkpt><trkpt lat="44.42955398680183" lon="-64.25898370511318"><time>2026-07-04T22:48:37Z</time></trkpt><trkpt lat="44.42952887815485" lon="-64.25897158814584"><time>2026-07-04T22:48:38Z</time></trkpt><trkpt lat="44.42950486084584" lon="-64.25896185897844"><time>2026-07-04T22:48:39Z</time></trkpt><trkpt lat="44.429481397487365" lon="-64.25895150467208"><time>2026-07-04T22:48:40Z</time></trkpt><trkpt lat="44.429457410407544" lon="-64.25893774593322"><time>2026-07-04T22:48:41Z</time></trkpt><trkpt lat="44.42943335753072" lon="-64.25893038258026"><time>2026-07-04T22:48:42Z</time></trkpt><trkpt lat="44.42940818485416" lon="-64.25892348323971"><time>2026-07-04T22:48:43Z</time></trkpt><trkpt lat="44.429384400084146" lon="-64.25891733589103"><time>2026-07-04T22:48:44Z</time></trkpt><trkpt lat="44.42936064128244" lon="-64.25890592395666"><time>2026-07-04T22:48:45Z</time></trkpt><trkpt lat="44.429336160060664" lon="-64.2588948511598"><time>2026-07-04T22:48:46Z</time></trkpt><trkpt lat="44.42931237167374" lon="-64.25888600119663"><time>2026-07-04T22:48:47Z</time></trkpt><trkpt lat="44.42928969411309" lon="-64.25887237000542"><time>2026-07-04T22:48:48Z</time></trkpt><trkpt lat="44.4292672672372" lon="-64.25886255690286"><time>2026-07-04T22:48:49Z</time></trkpt><trkpt lat="44.42924439098778" lon="-64.25885080052335"><time>2026-07-04T22:48:50Z</time></trkpt><trkpt lat="44.42922183030343" lon="-64.25884094146308"><time>2026-07-04T22:48:51Z</time></trkpt><trkpt lat="44.429198688158856" lon="-64.25883489656059"><time>2026-07-04T22:48:52Z</time></trkpt><trkpt lat="44.429175377998355" lon="-64.25882707418297"><time>2026-07-04T22:48:53Z</time></trkpt><trkpt lat="44.42915212208818" lon="-64.258823543501"><time>2026-07-04T22:48:54Z</time></trkpt><trkpt lat="44.42912889046756" lon="-64.25881698126055"><time>2026-07-04T22:48:55Z</time></trkpt><trkpt lat="44.42910655290802" lon="-64.25880800689923"><time>2026-07-04T22:48:56Z</time></trkpt><trkpt lat="44.42908541439808" lon="-64.25880356100534"><time>2026-07-04T22:48:57Z</time></trkpt><trkpt lat="44.429061719999346" lon="-64.25879650661268"><time>2026-07-04T22:48:58Z</time></trkpt><trkpt lat="44.42903975405822" lon="-64.2587920188206"><time>2026-07-04T22:48:59Z</time></trkpt><trkpt lat="44.42901691736046" lon="-64.25878689869425"><time>2026-07-04T22:49:00Z</time></trkpt><trkpt lat="44.4289955256804" lon="-64.2587791841746"><time>2026-07-04T22:49:01Z</time></trkpt><trkpt lat="44.42897262154117" lon="-64.25877457195804"><time>2026-07-04T22:49:02Z</time></trkpt><trkpt lat="44.428951149827725" lon="-64.25876632102515"><time>2026-07-04T22:49:03Z</time></trkpt><trkpt lat="44.428928142556835" lon="-64.25875752202619"><time>2026-07-04T22:49:04Z</time></trkpt><trkpt lat="44.42890632443948" lon="-64.25874698547256"><time>2026-07-04T22:49:05Z</time></trkpt><trkpt lat="44.42888358032781" lon="-64.25873556512326"><time>2026-07-04T22:49:06Z</time></trkpt><trkpt lat="44.42886208904551" lon="-64.2587257289091"><time>2026-07-04T22:49:07Z</time></trkpt><trkpt lat="44.42881872667867" lon="-64.25870265575291"><time>2026-07-04T22:49:09Z</time></trkpt><trkpt lat="44.42879678071305" lon="-64.25869364964282"><time>2026-07-04T22:49:10Z</time></trkpt><trkpt lat="44.42877448189544" lon="-64.25868566183563"><time>2026-07-04T22:49:11Z</time></trkpt><trkpt lat="44.428752413469155" lon="-64.25867847811692"><time>2026-07-04T22:49:12Z</time></trkpt><trkpt lat="44.42872948151873" lon="-64.25867121229689"><time>2026-07-04T22:49:13Z</time></trkpt><trkpt lat="44.428705567287416" lon="-64.25866348643629"><time>2026-07-04T22:49:14Z</time></trkpt><trkpt lat="44.428682963580975" lon="-64.25865586632266"><time>2026-07-04T22:49:15Z</time></trkpt><trkpt lat="44.42865869860633" lon="-64.25864401775073"><time>2026-07-04T22:49:16Z</time></trkpt><trkpt lat="44.42863570226651" lon="-64.25863599639645"><time>2026-07-04T22:49:17Z</time></trkpt><trkpt lat="44.42861193447438" lon="-64.25862407745396"><time>2026-07-04T22:49:18Z</time></trkpt><trkpt lat="44.428587930426126" lon="-64.25861050029764"><time>2026-07-04T22:49:19Z</time></trkpt><trkpt lat="44.42856409135463" lon="-64.25860150996866"><time>2026-07-04T22:49:20Z</time></trkpt><trkpt lat="44.4285397100496" lon="-64.25859286550079"><time>2026-07-04T22:49:21Z</time></trkpt><trkpt lat="44.42851480774444" lon="-64.25858491892495"><time>2026-07-04T22:49:22Z</time></trkpt><trkpt lat="44.4284899445482" lon="-64.25857921131941"><time>2026-07-04T22:49:23Z</time></trkpt><trkpt lat="44.42846430455026" lon="-64.25857192932982"><time>2026-07-04T22:49:24Z</time></trkpt><trkpt lat="44.42843959656079" lon="-64.2585610299349"><time>2026-07-04T22:49:25Z</time></trkpt><trkpt lat="44.428414590527126" lon="-64.2585508057793"><time>2026-07-04T22:49:26Z</time></trkpt><trkpt lat="44.428387248959524" lon="-64.25854178079878"><time>2026-07-04T22:49:27Z</time></trkpt><trkpt lat="44.42836292235849" lon="-64.25853195626922"><time>2026-07-04T22:49:28Z</time></trkpt><trkpt lat="44.428336809889544" lon="-64.25852267456887"><time>2026-07-04T22:49:29Z</time></trkpt><trkpt lat="44.428310293452036" lon="-64.25851429891726"><time>2026-07-04T22:49:30Z</time></trkpt><trkpt lat="44.428284210516686" lon="-64.25850539129567"><time>2026-07-04T22:49:31Z</time></trkpt><trkpt lat="44.42825762272145" lon="-64.25849698189445"><time>2026-07-04T22:49:32Z</time></trkpt><trkpt lat="44.42823120648614" lon="-64.2584903426621"><time>2026-07-04T22:49:33Z</time></trkpt><trkpt lat="44.428204617672264" lon="-64.25848540998308"><time>2026-07-04T22:49:34Z</time></trkpt><trkpt lat="44.42817964722013" lon="-64.25847855365606"><time>2026-07-04T22:49:35Z</time></trkpt><trkpt lat="44.428152586310766" lon="-64.2584688013509"><time>2026-07-04T22:49:36Z</time></trkpt><trkpt lat="44.42812706028619" lon="-64.25846517025502"><time>2026-07-04T22:49:37Z</time></trkpt><trkpt lat="44.42810189072808" lon="-64.25846313130498"><time>2026-07-04T22:49:38Z</time></trkpt><trkpt lat="44.42807634509269" lon="-64.2584603117136"><time>2026-07-04T22:49:39Z</time></trkpt><trkpt lat="44.42805092774863" lon="-64.25845957672308"><time>2026-07-04T22:49:40Z</time></trkpt><trkpt lat="44.42802632338486" lon="-64.25845700929781"><time>2026-07-04T22:49:41Z</time></trkpt><trkpt lat="44.42800189504576" lon="-64.25845652895701"><time>2026-07-04T22:49:42Z</time></trkpt><trkpt lat="44.42797782911317" lon="-64.25845226863923"><time>2026-07-04T22:49:43Z</time></trkpt><trkpt lat="44.427954053180514" lon="-64.25844940973164"><time>2026-07-04T22:49:44Z</time></trkpt><trkpt lat="44.42793024893018" lon="-64.25844463525108"><time>2026-07-04T22:49:45Z</time></trkpt><trkpt lat="44.42790838334939" lon="-64.25844080252055"><time>2026-07-04T22:49:46Z</time></trkpt><trkpt lat="44.42788413307786" lon="-64.25843558838488"><time>2026-07-04T22:49:47Z</time></trkpt><trkpt lat="44.42786094330249" lon="-64.25843553272796"><time>2026-07-04T22:49:48Z</time></trkpt><trkpt lat="44.427839229442085" lon="-64.25843294015516"><time>2026-07-04T22:49:49Z</time></trkpt><trkpt lat="44.427817344497306" lon="-64.25843039605198"><time>2026-07-04T22:49:50Z</time></trkpt><trkpt lat="44.42779493929121" lon="-64.25843436479533"><time>2026-07-04T22:49:51Z</time></trkpt><trkpt lat="44.42777266535551" lon="-64.2584257975117"><time>2026-07-04T22:49:52Z</time></trkpt><trkpt lat="44.42775064141609" lon="-64.25841968151484"><time>2026-07-04T22:49:53Z</time></trkpt><trkpt lat="44.42772778330572" lon="-64.25841197016153"><time>2026-07-04T22:49:54Z</time></trkpt><trkpt lat="44.42770562496612" lon="-64.2584026397455"><time>2026-07-04T22:49:55Z</time></trkpt><trkpt lat="44.42768297375797" lon="-64.25839288315808"><time>2026-07-04T22:49:56Z</time></trkpt><trkpt lat="44.42766030830631" lon="-64.2583829651605"><time>2026-07-04T22:49:57Z</time></trkpt><trkpt lat="44.42763790176307" lon="-64.2583725422322"><time>2026-07-04T22:49:58Z</time></trkpt><trkpt lat="44.427614613852015" lon="-64.25836345368614"><time>2026-07-04T22:49:59Z</time></trkpt><trkpt lat="44.42759307124318" lon="-64.25835530145956"><time>2026-07-04T22:50:00Z</time></trkpt><trkpt lat="44.427575773697455" lon="-64.25834594097738"><time>2026-07-04T22:50:01Z</time></trkpt><trkpt lat="44.427550779132325" lon="-64.25833678263714"><time>2026-07-04T22:50:02Z</time></trkpt><trkpt lat="44.42752667040015" lon="-64.25833256709048"><time>2026-07-04T22:50:03Z</time></trkpt><trkpt lat="44.42750367933369" lon="-64.2583283041808"><time>2026-07-04T22:50:04Z</time></trkpt><trkpt lat="44.42747974152922" lon="-64.25832429943758"><time>2026-07-04T22:50:05Z</time></trkpt><trkpt lat="44.427455934442094" lon="-64.25831827941987"><time>2026-07-04T22:50:06Z</time></trkpt><trkpt lat="44.42743237748138" lon="-64.25831334880984"><time>2026-07-04T22:50:07Z</time></trkpt><trkpt lat="44.42740706966114" lon="-64.2583051437672"><time>2026-07-04T22:50:08Z</time></trkpt><trkpt lat="44.42738362523471" lon="-64.25829908686144"><time>2026-07-04T22:50:09Z</time></trkpt><trkpt lat="44.42735815239306" lon="-64.25829279498689"><time>2026-07-04T22:50:10Z</time></trkpt><trkpt lat="44.42733268900726" lon="-64.25828599146223"><time>2026-07-04T22:50:11Z</time></trkpt><trkpt lat="44.42730825514316" lon="-64.25828401879721"><time>2026-07-04T22:50:12Z</time></trkpt><trkpt lat="44.427283195589744" lon="-64.25827952643033"><time>2026-07-04T22:50:13Z</time></trkpt><trkpt lat="44.4272570852409" lon="-64.25827015360161"><time>2026-07-04T22:50:14Z</time></trkpt><trkpt lat="44.427230663765855" lon="-64.25826002445234"><time>2026-07-04T22:50:15Z</time></trkpt><trkpt lat="44.42720530080988" lon="-64.2582530327237"><time>2026-07-04T22:50:16Z</time></trkpt><trkpt lat="44.4271800671871" lon="-64.25824565929193"><time>2026-07-04T22:50:17Z</time></trkpt><trkpt lat="44.42715511486239" lon="-64.2582384728075"><time>2026-07-04T22:50:18Z</time></trkpt><trkpt lat="44.42713003091083" lon="-64.25823384261537"><time>2026-07-04T22:50:19Z</time></trkpt><trkpt lat="44.427106164270576" lon="-64.2582317306946"><time>2026-07-04T22:50:20Z</time></trkpt><trkpt lat="44.42708234596192" lon="-64.25823097189891"><time>2026-07-04T22:50:21Z</time></trkpt><trkpt lat="44.42705852480193" lon="-64.25822869235245"><time>2026-07-04T22:50:22Z</time></trkpt><trkpt lat="44.42703440151768" lon="-64.2582246366242"><time>2026-07-04T22:50:23Z</time></trkpt><trkpt lat="44.42701174454941" lon="-64.25821996833963"><time>2026-07-04T22:50:24Z</time></trkpt><trkpt lat="44.426988004176174" lon="-64.25821082177292"><time>2026-07-04T22:50:25Z</time></trkpt><trkpt lat="44.42696445543279" lon="-64.25819654042554"><time>2026-07-04T22:50:26Z</time></trkpt><trkpt lat="44.4269405041591" lon="-64.25818061214409"><time>2026-07-04T22:50:27Z</time></trkpt><trkpt lat="44.426916728301165" lon="-64.258165035718"><time>2026-07-04T22:50:28Z</time></trkpt><trkpt lat="44.42689201078607" lon="-64.25814594128538"><time>2026-07-04T22:50:29Z</time></trkpt><trkpt lat="44.426867297728045" lon="-64.25813128731494"><time>2026-07-04T22:50:30Z</time></trkpt><trkpt lat="44.42684009812" lon="-64.25811864573768"><time>2026-07-04T22:50:31Z</time></trkpt><trkpt lat="44.42681021083409" lon="-64.25810382416019"><time>2026-07-04T22:50:32Z</time></trkpt><trkpt lat="44.42678546904635" lon="-64.25808576747585"><time>2026-07-04T22:50:33Z</time></trkpt><trkpt lat="44.42675959764888" lon="-64.25806809275991"><time>2026-07-04T22:50:34Z</time></trkpt><trkpt lat="44.426733440113196" lon="-64.25805866272644"><time>2026-07-04T22:50:35Z</time></trkpt><trkpt lat="44.42670595291454" lon="-64.25804506530369"><time>2026-07-04T22:50:36Z</time></trkpt><trkpt lat="44.42667864105266" lon="-64.25803202049062"><time>2026-07-04T22:50:37Z</time></trkpt><trkpt lat="44.42665197841648" lon="-64.25801984946771"><time>2026-07-04T22:50:38Z</time></trkpt><trkpt lat="44.42662414445717" lon="-64.25800442860711"><time>2026-07-04T22:50:39Z</time></trkpt><trkpt lat="44.42659643471568" lon="-64.25798875533248"><time>2026-07-04T22:50:40Z</time></trkpt><trkpt lat="44.426569010045476" lon="-64.25797366273767"><time>2026-07-04T22:50:41Z</time></trkpt><trkpt lat="44.42654214557841" lon="-64.25795779235052"><time>2026-07-04T22:50:42Z</time></trkpt><trkpt lat="44.4265138274246" lon="-64.25793939470913"><time>2026-07-04T22:50:43Z</time></trkpt><trkpt lat="44.42648623217173" lon="-64.25792096021748"><time>2026-07-04T22:50:44Z</time></trkpt><trkpt lat="44.426458680311974" lon="-64.2579063145666"><time>2026-07-04T22:50:45Z</time></trkpt><trkpt lat="44.426431136535435" lon="-64.25789164147574"><time>2026-07-04T22:50:46Z</time></trkpt><trkpt lat="44.42640345251364" lon="-64.25787506942454"><time>2026-07-04T22:50:47Z</time></trkpt><trkpt lat="44.426376593295046" lon="-64.25786084305264"><time>2026-07-04T22:50:48Z</time></trkpt><trkpt lat="44.4263498239632" lon="-64.25784413173231"><time>2026-07-04T22:50:49Z</time></trkpt><trkpt lat="44.426322109797695" lon="-64.2578240224514"><time>2026-07-04T22:50:50Z</time></trkpt><trkpt lat="44.42629441990318" lon="-64.25780709349067"><time>2026-07-04T22:50:51Z</time></trkpt><trkpt lat="44.426266104483055" lon="-64.25779159794264"><time>2026-07-04T22:50:52Z</time></trkpt><trkpt lat="44.42623783894349" lon="-64.25777630059184"><time>2026-07-04T22:50:53Z</time></trkpt><trkpt lat="44.426211422826285" lon="-64.25775771520097"><time>2026-07-04T22:50:54Z</time></trkpt><trkpt lat="44.42618429272724" lon="-64.25773389320585"><time>2026-07-04T22:50:55Z</time></trkpt><trkpt lat="44.42615619347195" lon="-64.25771450155719"><time>2026-07-04T22:50:56Z</time></trkpt><trkpt lat="44.426127205082004" lon="-64.25770044805867"><time>2026-07-04T22:50:57Z</time></trkpt><trkpt lat="44.4260987505118" lon="-64.25768994977652"><time>2026-07-04T22:50:58Z</time></trkpt><trkpt lat="44.4260698554626" lon="-64.25767791570183"><time>2026-07-04T22:50:59Z</time></trkpt><trkpt lat="44.42604150632008" lon="-64.25766226149932"><time>2026-07-04T22:51:00Z</time></trkpt><trkpt lat="44.4260128104804" lon="-64.25764644036516"><time>2026-07-04T22:51:01Z</time></trkpt><trkpt lat="44.42598426196952" lon="-64.25763283449103"><time>2026-07-04T22:51:02Z</time></trkpt><trkpt lat="44.42595626580402" lon="-64.25762001438702"><time>2026-07-04T22:51:03Z</time></trkpt><trkpt lat="44.42592884137585" lon="-64.25760487279301"><time>2026-07-04T22:51:04Z</time></trkpt><trkpt lat="44.42590111136435" lon="-64.2575903956925"><time>2026-07-04T22:51:05Z</time></trkpt><trkpt lat="44.4258734173038" lon="-64.25757421002139"><time>2026-07-04T22:51:06Z</time></trkpt><trkpt lat="44.425845503374305" lon="-64.25755836682298"><time>2026-07-04T22:51:07Z</time></trkpt><trkpt lat="44.42581850511652" lon="-64.25754640558584"><time>2026-07-04T22:51:08Z</time></trkpt><trkpt lat="44.42579020108365" lon="-64.2575352452134"><time>2026-07-04T22:51:09Z</time></trkpt><trkpt lat="44.42576235529641" lon="-64.2575276638688"><time>2026-07-04T22:51:10Z</time></trkpt><trkpt lat="44.425735316992686" lon="-64.25752016020995"><time>2026-07-04T22:51:11Z</time></trkpt><trkpt lat="44.425708985882686" lon="-64.25751130025137"><time>2026-07-04T22:51:12Z</time></trkpt><trkpt lat="44.4256821731477" lon="-64.25749815271396"><time>2026-07-04T22:51:13Z</time></trkpt><trkpt lat="44.425655814249396" lon="-64.25748608595583"><time>2026-07-04T22:51:14Z</time></trkpt><trkpt lat="44.425630815196456" lon="-64.25747270676665"><time>2026-07-04T22:51:15Z</time></trkpt><trkpt lat="44.42560585777737" lon="-64.25745696775178"><time>2026-07-04T22:51:16Z</time></trkpt><trkpt lat="44.42558198222923" lon="-64.2574397355678"><time>2026-07-04T22:51:17Z</time></trkpt><trkpt lat="44.42555874983752" lon="-64.25742054605614"><time>2026-07-04T22:51:18Z</time></trkpt><trkpt lat="44.42553570964625" lon="-64.25739937528657"><time>2026-07-04T22:51:19Z</time></trkpt><trkpt lat="44.425513426799895" lon="-64.25737811918069"><time>2026-07-04T22:51:20Z</time></trkpt><trkpt lat="44.425491384673904" lon="-64.25735769920095"><time>2026-07-04T22:51:21Z</time></trkpt><trkpt lat="44.425470482511045" lon="-64.25733747757718"><time>2026-07-04T22:51:22Z</time></trkpt><trkpt lat="44.425449628228854" lon="-64.25731316064295"><time>2026-07-04T22:51:23Z</time></trkpt><trkpt lat="44.42542864995382" lon="-64.25728778361577"><time>2026-07-04T22:51:24Z</time></trkpt><trkpt lat="44.425407548330966" lon="-64.25726339118474"><time>2026-07-04T22:51:25Z</time></trkpt><trkpt lat="44.425386029880414" lon="-64.2572411417057"><time>2026-07-04T22:51:26Z</time></trkpt><trkpt lat="44.425364006463184" lon="-64.2572173339002"><time>2026-07-04T22:51:27Z</time></trkpt><trkpt lat="44.42534127414267" lon="-64.25719334335761"><time>2026-07-04T22:51:28Z</time></trkpt><trkpt lat="44.42531897053017" lon="-64.25717042887965"><time>2026-07-04T22:51:29Z</time></trkpt><trkpt lat="44.425296725236386" lon="-64.2571473798835"><time>2026-07-04T22:51:30Z</time></trkpt><trkpt lat="44.42527417398572" lon="-64.25712682912645"><time>2026-07-04T22:51:31Z</time></trkpt><trkpt lat="44.425250959181824" lon="-64.2571068641897"><time>2026-07-04T22:51:32Z</time></trkpt><trkpt lat="44.42522876317632" lon="-64.25708573744274"><time>2026-07-04T22:51:33Z</time></trkpt><trkpt lat="44.425205411565535" lon="-64.2570622908719"><time>2026-07-04T22:51:34Z</time></trkpt><trkpt lat="44.425183926739365" lon="-64.25703956503379"><time>2026-07-04T22:51:35Z</time></trkpt><trkpt lat="44.42516203426376" lon="-64.25701643087237"><time>2026-07-04T22:51:36Z</time></trkpt><trkpt lat="44.425139707173095" lon="-64.25699337829451"><time>2026-07-04T22:51:37Z</time></trkpt><trkpt lat="44.425117312162165" lon="-64.25697350283829"><time>2026-07-04T22:51:38Z</time></trkpt><trkpt lat="44.425092694972086" lon="-64.25695391617025"><time>2026-07-04T22:51:39Z</time></trkpt><trkpt lat="44.4250670857729" lon="-64.25693459644938"><time>2026-07-04T22:51:40Z</time></trkpt><trkpt lat="44.42504220746209" lon="-64.25691678888359"><time>2026-07-04T22:51:41Z</time></trkpt><trkpt lat="44.4250183976816" lon="-64.25689828721929"><time>2026-07-04T22:51:42Z</time></trkpt><trkpt lat="44.42499596796893" lon="-64.25687357737122"><time>2026-07-04T22:51:43Z</time></trkpt><trkpt lat="44.42497410907604" lon="-64.2568467755178"><time>2026-07-04T22:51:44Z</time></trkpt><trkpt lat="44.424951571803454" lon="-64.2568223281659"><time>2026-07-04T22:51:45Z</time></trkpt><trkpt lat="44.424927960427844" lon="-64.25680041793687"><time>2026-07-04T22:51:46Z</time></trkpt><trkpt lat="44.424902733118316" lon="-64.25677950603273"><time>2026-07-04T22:51:47Z</time></trkpt><trkpt lat="44.42487773679791" lon="-64.25676029113865"><time>2026-07-04T22:51:48Z</time></trkpt><trkpt lat="44.42485294651226" lon="-64.25674048213664"><time>2026-07-04T22:51:49Z</time></trkpt><trkpt lat="44.42482878188775" lon="-64.25672153839548"><time>2026-07-04T22:51:50Z</time></trkpt><trkpt lat="44.42480481536543" lon="-64.25670121013333"><time>2026-07-04T22:51:51Z</time></trkpt><trkpt lat="44.4247816689862" lon="-64.25668003554262"><time>2026-07-04T22:51:52Z</time></trkpt><trkpt lat="44.42475902688769" lon="-64.25665692595145"><time>2026-07-04T22:51:53Z</time></trkpt><trkpt lat="44.42473716167669" lon="-64.25663460963929"><time>2026-07-04T22:51:54Z</time></trkpt><trkpt lat="44.42471481830086" lon="-64.25661529669965"><time>2026-07-04T22:51:55Z</time></trkpt><trkpt lat="44.42469193459957" lon="-64.25659561765733"><time>2026-07-04T22:51:56Z</time></trkpt><trkpt lat="44.42466863993026" lon="-64.25657531570191"><time>2026-07-04T22:51:57Z</time></trkpt><trkpt lat="44.42464516417904" lon="-64.25655714688214"><time>2026-07-04T22:51:58Z</time></trkpt><trkpt lat="44.42462072415932" lon="-64.2565413412988"><time>2026-07-04T22:51:59Z</time></trkpt><trkpt lat="44.42459673944006" lon="-64.25652552438564"><time>2026-07-04T22:52:00Z</time></trkpt><trkpt lat="44.42457361414525" lon="-64.25650903483569"><time>2026-07-04T22:52:01Z</time></trkpt><trkpt lat="44.42454953115748" lon="-64.25648855965696"><time>2026-07-04T22:52:02Z</time></trkpt><trkpt lat="44.42452724395206" lon="-64.25646791193742"><time>2026-07-04T22:52:03Z</time></trkpt><trkpt lat="44.4245046934573" lon="-64.25645044148327"><time>2026-07-04T22:52:04Z</time></trkpt><trkpt lat="44.424481285733506" lon="-64.25643499830879"><time>2026-07-04T22:52:05Z</time></trkpt><trkpt lat="44.424456943884294" lon="-64.25642215619665"><time>2026-07-04T22:52:06Z</time></trkpt><trkpt lat="44.42443302089322" lon="-64.25641009256726"><time>2026-07-04T22:52:07Z</time></trkpt><trkpt lat="44.42440904129345" lon="-64.2563973934245"><time>2026-07-04T22:52:08Z</time></trkpt><trkpt lat="44.424386075293164" lon="-64.25638390261437"><time>2026-07-04T22:52:09Z</time></trkpt><trkpt lat="44.424362721763394" lon="-64.25637039941527"><time>2026-07-04T22:52:10Z</time></trkpt><trkpt lat="44.42433986060389" lon="-64.25635531688405"><time>2026-07-04T22:52:11Z</time></trkpt><trkpt lat="44.42431724279263" lon="-64.25633836979513"><time>2026-07-04T22:52:12Z</time></trkpt><trkpt lat="44.42429499318834" lon="-64.25632178196773"><time>2026-07-04T22:52:13Z</time></trkpt><trkpt lat="44.424272335459484" lon="-64.25630578933506"><time>2026-07-04T22:52:14Z</time></trkpt><trkpt lat="44.42424936484167" lon="-64.2562912053922"><time>2026-07-04T22:52:15Z</time></trkpt><trkpt lat="44.424226518781296" lon="-64.25627977125082"><time>2026-07-04T22:52:16Z</time></trkpt><trkpt lat="44.424203484774246" lon="-64.2562678218434"><time>2026-07-04T22:52:17Z</time></trkpt><trkpt lat="44.4241795893622" lon="-64.25625353606218"><time>2026-07-04T22:52:18Z</time></trkpt><trkpt lat="44.42415675130785" lon="-64.256238493515"><time>2026-07-04T22:52:19Z</time></trkpt><trkpt lat="44.424134667512696" lon="-64.25622723968054"><time>2026-07-04T22:52:20Z</time></trkpt><trkpt lat="44.42411147225589" lon="-64.25621494795053"><time>2026-07-04T22:52:21Z</time></trkpt><trkpt lat="44.424088729140095" lon="-64.25620123078025"><time>2026-07-04T22:52:22Z</time></trkpt><trkpt lat="44.42406586199171" lon="-64.25618637111498"><time>2026-07-04T22:52:23Z</time></trkpt><trkpt lat="44.42404337120588" lon="-64.25616809054647"><time>2026-07-04T22:52:24Z</time></trkpt><trkpt lat="44.42402254554681" lon="-64.25615195207948"><time>2026-07-04T22:52:25Z</time></trkpt><trkpt lat="44.42400087156889" lon="-64.25613910684588"><time>2026-07-04T22:52:26Z</time></trkpt><trkpt lat="44.42397806949343" lon="-64.25612576896816"><time>2026-07-04T22:52:27Z</time></trkpt><trkpt lat="44.42395615581611" lon="-64.25611649891408"><time>2026-07-04T22:52:28Z</time></trkpt><trkpt lat="44.42393385823901" lon="-64.25610772605546"><time>2026-07-04T22:52:29Z</time></trkpt><trkpt lat="44.42391039572336" lon="-64.25609692399324"><time>2026-07-04T22:52:30Z</time></trkpt><trkpt lat="44.42388954572824" lon="-64.25608679540805"><time>2026-07-04T22:52:31Z</time></trkpt><trkpt lat="44.42386774533633" lon="-64.25607232304134"><time>2026-07-04T22:52:32Z</time></trkpt><trkpt lat="44.42384620392198" lon="-64.25605975902347"><time>2026-07-04T22:52:33Z</time></trkpt><trkpt lat="44.423825406377716" lon="-64.25604732501802"><time>2026-07-04T22:52:34Z</time></trkpt><trkpt lat="44.42380455377415" lon="-64.25603606531199"><time>2026-07-04T22:52:35Z</time></trkpt><trkpt lat="44.42378258086354" lon="-64.25602540223771"><time>2026-07-04T22:52:36Z</time></trkpt><trkpt lat="44.423760915965" lon="-64.25601554363168"><time>2026-07-04T22:52:37Z</time></trkpt><trkpt lat="44.423738810152216" lon="-64.25600443423244"><time>2026-07-04T22:52:38Z</time></trkpt><trkpt lat="44.42371736093826" lon="-64.25599266928931"><time>2026-07-04T22:52:39Z</time></trkpt><trkpt lat="44.42369703357903" lon="-64.25598102594473"><time>2026-07-04T22:52:40Z</time></trkpt><trkpt lat="44.423676791364784" lon="-64.25597035243761"><time>2026-07-04T22:52:41Z</time></trkpt><trkpt lat="44.42365546186285" lon="-64.25595734054549"><time>2026-07-04T22:52:42Z</time></trkpt><trkpt lat="44.4236350855477" lon="-64.25594607971885"><time>2026-07-04T22:52:43Z</time></trkpt><trkpt lat="44.42361459830774" lon="-64.25593486054488"><time>2026-07-04T22:52:44Z</time></trkpt><trkpt lat="44.42359348103497" lon="-64.25592364827135"><time>2026-07-04T22:52:45Z</time></trkpt><trkpt lat="44.423573779274506" lon="-64.25591398662327"><time>2026-07-04T22:52:46Z</time></trkpt><trkpt lat="44.423553858991966" lon="-64.25590478583372"><time>2026-07-04T22:52:47Z</time></trkpt><trkpt lat="44.423533570640686" lon="-64.2558928460043"><time>2026-07-04T22:52:48Z</time></trkpt><trkpt lat="44.423513183855874" lon="-64.25588045990983"><time>2026-07-04T22:52:49Z</time></trkpt><trkpt lat="44.423493557305626" lon="-64.25586729937307"><time>2026-07-04T22:52:50Z</time></trkpt><trkpt lat="44.42347319308151" lon="-64.25585534037239"><time>2026-07-04T22:52:51Z</time></trkpt><trkpt lat="44.423453358907544" lon="-64.25584174084928"><time>2026-07-04T22:52:52Z</time></trkpt><trkpt lat="44.423432629291575" lon="-64.25582881753824"><time>2026-07-04T22:52:53Z</time></trkpt><trkpt lat="44.423411874459354" lon="-64.25581590578923"><time>2026-07-04T22:52:54Z</time></trkpt><trkpt lat="44.423391283490034" lon="-64.25580514203264"><time>2026-07-04T22:52:55Z</time></trkpt><trkpt lat="44.42337032964706" lon="-64.25579344621728"><time>2026-07-04T22:52:56Z</time></trkpt><trkpt lat="44.42334890231546" lon="-64.25578050659549"><time>2026-07-04T22:52:57Z</time></trkpt><trkpt lat="44.42332799741927" lon="-64.25576895983606"><time>2026-07-04T22:52:58Z</time></trkpt><trkpt lat="44.423307338190654" lon="-64.25575780018417"><time>2026-07-04T22:52:59Z</time></trkpt><trkpt lat="44.42328572760259" lon="-64.2557448719277"><time>2026-07-04T22:53:00Z</time></trkpt><trkpt lat="44.42326353304414" lon="-64.25573265172888"><time>2026-07-04T22:53:01Z</time></trkpt><trkpt lat="44.42324177822667" lon="-64.25572391446998"><time>2026-07-04T22:53:02Z</time></trkpt><trkpt lat="44.42321923449259" lon="-64.25571445560512"><time>2026-07-04T22:53:03Z</time></trkpt><trkpt lat="44.42319820769121" lon="-64.25570425225432"><time>2026-07-04T22:53:04Z</time></trkpt><trkpt lat="44.423176991478904" lon="-64.25569308996258"><time>2026-07-04T22:53:05Z</time></trkpt><trkpt lat="44.423154255841645" lon="-64.25568010520874"><time>2026-07-04T22:53:06Z</time></trkpt><trkpt lat="44.42313283238764" lon="-64.25566890678988"><time>2026-07-04T22:53:07Z</time></trkpt><trkpt lat="44.42311097326438" lon="-64.25565672013306"><time>2026-07-04T22:53:08Z</time></trkpt><trkpt lat="44.42308863674036" lon="-64.25564460901764"><time>2026-07-04T22:53:09Z</time></trkpt><trkpt lat="44.4230665372343" lon="-64.25563058921065"><time>2026-07-04T22:53:10Z</time></trkpt><trkpt lat="44.423044606258074" lon="-64.25561508421463"><time>2026-07-04T22:53:11Z</time></trkpt><trkpt lat="44.4230226177271" lon="-64.25559952661953"><time>2026-07-04T22:53:12Z</time></trkpt><trkpt lat="44.42300145777964" lon="-64.2555845952384"><time>2026-07-04T22:53:13Z</time></trkpt><trkpt lat="44.42297923822082" lon="-64.25556932918396"><time>2026-07-04T22:53:14Z</time></trkpt><trkpt lat="44.42295640412844" lon="-64.2555562701832"><time>2026-07-04T22:53:15Z</time></trkpt><trkpt lat="44.422933164715225" lon="-64.25554496226106"><time>2026-07-04T22:53:16Z</time></trkpt><trkpt lat="44.422911229647546" lon="-64.2555331232744"><time>2026-07-04T22:53:17Z</time></trkpt><trkpt lat="44.42288922803305" lon="-64.25551890691762"><time>2026-07-04T22:53:18Z</time></trkpt><trkpt lat="44.42286801415675" lon="-64.2555023037433"><time>2026-07-04T22:53:19Z</time></trkpt><trkpt lat="44.422847528899176" lon="-64.25548598070489"><time>2026-07-04T22:53:20Z</time></trkpt><trkpt lat="44.4228261636412" lon="-64.25546987752406"><time>2026-07-04T22:53:21Z</time></trkpt><trkpt lat="44.42280580902143" lon="-64.25545301539334"><time>2026-07-04T22:53:22Z</time></trkpt><trkpt lat="44.422785240383945" lon="-64.2554372526305"><time>2026-07-04T22:53:23Z</time></trkpt><trkpt lat="44.42276455845297" lon="-64.25542182587441"><time>2026-07-04T22:53:24Z</time></trkpt><trkpt lat="44.422743017864626" lon="-64.25540609175953"><time>2026-07-04T22:53:25Z</time></trkpt><trkpt lat="44.42272197302446" lon="-64.25539163640696"><time>2026-07-04T22:53:26Z</time></trkpt><trkpt lat="44.42270182485262" lon="-64.25537698053876"><time>2026-07-04T22:53:27Z</time></trkpt><trkpt lat="44.42268116118676" lon="-64.25536153701488"><time>2026-07-04T22:53:28Z</time></trkpt><trkpt lat="44.42266060732931" lon="-64.25534636235048"><time>2026-07-04T22:53:29Z</time></trkpt><trkpt lat="44.42264035148253" lon="-64.25533163852046"><time>2026-07-04T22:53:30Z</time></trkpt><trkpt lat="44.42261951687883" lon="-64.25531857593374"><time>2026-07-04T22:53:31Z</time></trkpt><trkpt lat="44.422598795192776" lon="-64.25530668616435"><time>2026-07-04T22:53:32Z</time></trkpt><trkpt lat="44.42257768950241" lon="-64.25529266828916"><time>2026-07-04T22:53:33Z</time></trkpt><trkpt lat="44.42255643992754" lon="-64.25527776999769"><time>2026-07-04T22:53:34Z</time></trkpt><trkpt lat="44.422535323760584" lon="-64.25526142204463"><time>2026-07-04T22:53:35Z</time></trkpt><trkpt lat="44.42251397219345" lon="-64.25524453097879"><time>2026-07-04T22:53:36Z</time></trkpt><trkpt lat="44.42249315046366" lon="-64.2552294533341"><time>2026-07-04T22:53:37Z</time></trkpt><trkpt lat="44.42247189019221" lon="-64.25521430831736"><time>2026-07-04T22:53:38Z</time></trkpt><trkpt lat="44.42245109533632" lon="-64.25519433304599"><time>2026-07-04T22:53:39Z</time></trkpt><trkpt lat="44.42243042047321" lon="-64.25517376651909"><time>2026-07-04T22:53:40Z</time></trkpt><trkpt lat="44.42241007319051" lon="-64.25515235431092"><time>2026-07-04T22:53:41Z</time></trkpt><trkpt lat="44.42238971815592" lon="-64.25513489711844"><time>2026-07-04T22:53:42Z</time></trkpt><trkpt lat="44.42236774055215" lon="-64.25511932360672"><time>2026-07-04T22:53:43Z</time></trkpt><trkpt lat="44.422345253046025" lon="-64.25510324388665"><time>2026-07-04T22:53:44Z</time></trkpt><trkpt lat="44.42232276253226" lon="-64.25508539777071"><time>2026-07-04T22:53:45Z</time></trkpt><trkpt lat="44.42230060420229" lon="-64.2550665305725"><time>2026-07-04T22:53:46Z</time></trkpt><trkpt lat="44.42227804994027" lon="-64.25504765729863"><time>2026-07-04T22:53:47Z</time></trkpt><trkpt lat="44.42225532749972" lon="-64.25503030364366"><time>2026-07-04T22:53:48Z</time></trkpt><trkpt lat="44.422232487156634" lon="-64.25501356837773"><time>2026-07-04T22:53:49Z</time></trkpt><trkpt lat="44.422209379659385" lon="-64.25499842419762"><time>2026-07-04T22:53:50Z</time></trkpt><trkpt lat="44.42218648870674" lon="-64.2549827554564"><time>2026-07-04T22:53:51Z</time></trkpt><trkpt lat="44.42216424450959" lon="-64.25496743618498"><time>2026-07-04T22:53:52Z</time></trkpt><trkpt lat="44.42214190975191" lon="-64.25495196367623"><time>2026-07-04T22:53:53Z</time></trkpt><trkpt lat="44.42212012163" lon="-64.25493607438288"><time>2026-07-04T22:53:54Z</time></trkpt><trkpt lat="44.42209837086069" lon="-64.25491926886691"><time>2026-07-04T22:53:55Z</time></trkpt><trkpt lat="44.42207673603294" lon="-64.25490146749803"><time>2026-07-04T22:53:56Z</time></trkpt><trkpt lat="44.42205549915175" lon="-64.25488505183326"><time>2026-07-04T22:53:57Z</time></trkpt><trkpt lat="44.42203441690714" lon="-64.25486792012615"><time>2026-07-04T22:53:58Z</time></trkpt><trkpt lat="44.42201389911508" lon="-64.25484895865247"><time>2026-07-04T22:53:59Z</time></trkpt><trkpt lat="44.4219962214355" lon="-64.25482442187493"><time>2026-07-04T22:54:00Z</time></trkpt><trkpt lat="44.421981509141084" lon="-64.25480228691805"><time>2026-07-04T22:54:01Z</time></trkpt><trkpt lat="44.42196465500941" lon="-64.2547745430565"><time>2026-07-04T22:54:02Z</time></trkpt><trkpt lat="44.42194623863907" lon="-64.25475258711141"><time>2026-07-04T22:54:03Z</time></trkpt><trkpt lat="44.42192477418328" lon="-64.25473594712973"><time>2026-07-04T22:54:04Z</time></trkpt><trkpt lat="44.42190477178894" lon="-64.25471587554681"><time>2026-07-04T22:54:05Z</time></trkpt><trkpt lat="44.42188695639155" lon="-64.25469139605498"><time>2026-07-04T22:54:06Z</time></trkpt><trkpt lat="44.42186951994691" lon="-64.25466712218272"><time>2026-07-04T22:54:07Z</time></trkpt><trkpt lat="44.42185216685726" lon="-64.25464286179431"><time>2026-07-04T22:54:08Z</time></trkpt><trkpt lat="44.42183329049476" lon="-64.25461867671987"><time>2026-07-04T22:54:09Z</time></trkpt><trkpt lat="44.42181366403402" lon="-64.25459533645041"><time>2026-07-04T22:54:10Z</time></trkpt><trkpt lat="44.42179307360043" lon="-64.25457367976765"><time>2026-07-04T22:54:11Z</time></trkpt><trkpt lat="44.42177310176868" lon="-64.25455446785386"><time>2026-07-04T22:54:12Z</time></trkpt><trkpt lat="44.42175318165998" lon="-64.25453949009773"><time>2026-07-04T22:54:13Z</time></trkpt><trkpt lat="44.42173518108732" lon="-64.25452076029369"><time>2026-07-04T22:54:14Z</time></trkpt><trkpt lat="44.421717224125935" lon="-64.25449481422807"><time>2026-07-04T22:54:15Z</time></trkpt><trkpt lat="44.42169853445495" lon="-64.2544692187441"><time>2026-07-04T22:54:16Z</time></trkpt><trkpt lat="44.42167979954981" lon="-64.25445059592775"><time>2026-07-04T22:54:17Z</time></trkpt><trkpt lat="44.421658788213485" lon="-64.25443610942682"><time>2026-07-04T22:54:18Z</time></trkpt><trkpt lat="44.42164067403812" lon="-64.25442221180208"><time>2026-07-04T22:54:19Z</time></trkpt><trkpt lat="44.4216236195943" lon="-64.25440182789976"><time>2026-07-04T22:54:20Z</time></trkpt><trkpt lat="44.421604688075064" lon="-64.25437649841157"><time>2026-07-04T22:54:21Z</time></trkpt><trkpt lat="44.42158841432046" lon="-64.25435139782061"><time>2026-07-04T22:54:22Z</time></trkpt><trkpt lat="44.42156932239894" lon="-64.25433265006367"><time>2026-07-04T22:54:23Z</time></trkpt><trkpt lat="44.42154963522102" lon="-64.25431661158629"><time>2026-07-04T22:54:24Z</time></trkpt><trkpt lat="44.421530740229" lon="-64.25429976217339"><time>2026-07-04T22:54:25Z</time></trkpt><trkpt lat="44.42151415736015" lon="-64.25427957888978"><time>2026-07-04T22:54:26Z</time></trkpt><trkpt lat="44.421495974422285" lon="-64.25425313196276"><time>2026-07-04T22:54:27Z</time></trkpt><trkpt lat="44.42147572079396" lon="-64.25423332182629"><time>2026-07-04T22:54:28Z</time></trkpt><trkpt lat="44.42145487641417" lon="-64.25421986797633"><time>2026-07-04T22:54:29Z</time></trkpt><trkpt lat="44.42143489901639" lon="-64.25420422599207"><time>2026-07-04T22:54:30Z</time></trkpt><trkpt lat="44.42141614530336" lon="-64.25418624746256"><time>2026-07-04T22:54:31Z</time></trkpt><trkpt lat="44.42139610816626" lon="-64.25416932351234"><time>2026-07-04T22:54:32Z</time></trkpt><trkpt lat="44.421376384335616" lon="-64.25415345093317"><time>2026-07-04T22:54:33Z</time></trkpt><trkpt lat="44.421357735459395" lon="-64.25413485009312"><time>2026-07-04T22:54:34Z</time></trkpt><trkpt lat="44.42133922964284" lon="-64.25411202787258"><time>2026-07-04T22:54:35Z</time></trkpt><trkpt lat="44.421320077613636" lon="-64.25408923555804"><time>2026-07-04T22:54:36Z</time></trkpt><trkpt lat="44.42130024629669" lon="-64.25406854739256"><time>2026-07-04T22:54:37Z</time></trkpt><trkpt lat="44.42127955278454" lon="-64.25404868406112"><time>2026-07-04T22:54:38Z</time></trkpt><trkpt lat="44.421258882510095" lon="-64.25402692122057"><time>2026-07-04T22:54:39Z</time></trkpt><trkpt lat="44.42123837597734" lon="-64.25400649942826"><time>2026-07-04T22:54:40Z</time></trkpt><trkpt lat="44.42121736599932" lon="-64.2539882955285"><time>2026-07-04T22:54:41Z</time></trkpt><trkpt lat="44.421195411647005" lon="-64.25396953643019"><time>2026-07-04T22:54:42Z</time></trkpt><trkpt lat="44.42117628420707" lon="-64.2539473443378"><time>2026-07-04T22:54:43Z</time></trkpt><trkpt lat="44.42115657529318" lon="-64.25392634674505"><time>2026-07-04T22:54:44Z</time></trkpt><trkpt lat="44.42113525302242" lon="-64.25390769101078"><time>2026-07-04T22:54:45Z</time></trkpt><trkpt lat="44.42111384688465" lon="-64.25389186090099"><time>2026-07-04T22:54:46Z</time></trkpt><trkpt lat="44.421092497474596" lon="-64.25387580339125"><time>2026-07-04T22:54:47Z</time></trkpt><trkpt lat="44.4210707750497" lon="-64.2538576150632"><time>2026-07-04T22:54:48Z</time></trkpt><trkpt lat="44.42104892610292" lon="-64.25383919285854"><time>2026-07-04T22:54:49Z</time></trkpt><trkpt lat="44.42102735635047" lon="-64.25382377511382"><time>2026-07-04T22:54:50Z</time></trkpt><trkpt lat="44.42100716029151" lon="-64.25381219186202"><time>2026-07-04T22:54:51Z</time></trkpt><trkpt lat="44.42098529434495" lon="-64.25380052867665"><time>2026-07-04T22:54:52Z</time></trkpt><trkpt lat="44.420964638658376" lon="-64.25378566908307"><time>2026-07-04T22:54:53Z</time></trkpt><trkpt lat="44.420943789251574" lon="-64.25376530439664"><time>2026-07-04T22:54:54Z</time></trkpt><trkpt lat="44.420923666808804" lon="-64.25374653932785"><time>2026-07-04T22:54:55Z</time></trkpt><trkpt lat="44.420902485571446" lon="-64.25372969519456"><time>2026-07-04T22:54:56Z</time></trkpt><trkpt lat="44.42088062376096" lon="-64.25371467078374"><time>2026-07-04T22:54:57Z</time></trkpt><trkpt lat="44.42085855696934" lon="-64.25369978338236"><time>2026-07-04T22:54:58Z</time></trkpt><trkpt lat="44.42083727028945" lon="-64.25368661018919"><time>2026-07-04T22:54:59Z</time></trkpt><trkpt lat="44.42081584236399" lon="-64.25367340997668"><time>2026-07-04T22:55:00Z</time></trkpt><trkpt lat="44.420793608572616" lon="-64.25366180373298"><time>2026-07-04T22:55:01Z</time></trkpt><trkpt lat="44.4207705559153" lon="-64.253648371867"><time>2026-07-04T22:55:02Z</time></trkpt><trkpt lat="44.42074914434043" lon="-64.25363443185229"><time>2026-07-04T22:55:03Z</time></trkpt><trkpt lat="44.42072828580178" lon="-64.25362006693756"><time>2026-07-04T22:55:04Z</time></trkpt><trkpt lat="44.42070729649219" lon="-64.25360699495457"><time>2026-07-04T22:55:05Z</time></trkpt><trkpt lat="44.42068493114872" lon="-64.25359651357024"><time>2026-07-04T22:55:06Z</time></trkpt><trkpt lat="44.42066391030977" lon="-64.25358285791599"><time>2026-07-04T22:55:07Z</time></trkpt><trkpt lat="44.42064028236779" lon="-64.25356592408012"><time>2026-07-04T22:55:08Z</time></trkpt><trkpt lat="44.42061893025634" lon="-64.25355098069676"><time>2026-07-04T22:55:09Z</time></trkpt><trkpt lat="44.42059567256501" lon="-64.25353820163805"><time>2026-07-04T22:55:10Z</time></trkpt><trkpt lat="44.42057212245167" lon="-64.25352402416142"><time>2026-07-04T22:55:11Z</time></trkpt><trkpt lat="44.4205481835964" lon="-64.25351031721806"><time>2026-07-04T22:55:12Z</time></trkpt><trkpt lat="44.420524439498294" lon="-64.25349692577298"><time>2026-07-04T22:55:13Z</time></trkpt><trkpt lat="44.42049851970049" lon="-64.25348255810663"><time>2026-07-04T22:55:14Z</time></trkpt><trkpt lat="44.420472618812596" lon="-64.25347182020404"><time>2026-07-04T22:55:15Z</time></trkpt><trkpt lat="44.42044542031327" lon="-64.2534624634194"><time>2026-07-04T22:55:16Z</time></trkpt><trkpt lat="44.4204175285859" lon="-64.25345279217716"><time>2026-07-04T22:55:17Z</time></trkpt><trkpt lat="44.42038821172229" lon="-64.25344064721948"><time>2026-07-04T22:55:18Z</time></trkpt><trkpt lat="44.42036222867606" lon="-64.25343339161849"><time>2026-07-04T22:55:19Z</time></trkpt><trkpt lat="44.420334083051095" lon="-64.25342370005724"><time>2026-07-04T22:55:20Z</time></trkpt><trkpt lat="44.42030344962385" lon="-64.25341412147803"><time>2026-07-04T22:55:21Z</time></trkpt><trkpt lat="44.420273096421965" lon="-64.25340622744345"><time>2026-07-04T22:55:22Z</time></trkpt><trkpt lat="44.42024324655706" lon="-64.25339957764668"><time>2026-07-04T22:55:23Z</time></trkpt><trkpt lat="44.42021325370476" lon="-64.25339146874883"><time>2026-07-04T22:55:24Z</time></trkpt><trkpt lat="44.420181754012646" lon="-64.25338192885954"><time>2026-07-04T22:55:25Z</time></trkpt><trkpt lat="44.420151491073554" lon="-64.25337313458739"><time>2026-07-04T22:55:26Z</time></trkpt><trkpt lat="44.42012014613315" lon="-64.25336480072131"><time>2026-07-04T22:55:27Z</time></trkpt><trkpt lat="44.42008882005806" lon="-64.25335368872146"><time>2026-07-04T22:55:28Z</time></trkpt><trkpt lat="44.42005984184563" lon="-64.25333568505059"><time>2026-07-04T22:55:29Z</time></trkpt><trkpt lat="44.42002851246491" lon="-64.25331525678232"><time>2026-07-04T22:55:30Z</time></trkpt><trkpt lat="44.41999774923156" lon="-64.25329806815157"><time>2026-07-04T22:55:31Z</time></trkpt><trkpt lat="44.41996530136798" lon="-64.25329004732544"><time>2026-07-04T22:55:32Z</time></trkpt><trkpt lat="44.41993362371337" lon="-64.25328463440955"><time>2026-07-04T22:55:33Z</time></trkpt><trkpt lat="44.419904504282975" lon="-64.25327764970048"><time>2026-07-04T22:55:34Z</time></trkpt><trkpt lat="44.41987322541628" lon="-64.25326843380968"><time>2026-07-04T22:55:35Z</time></trkpt><trkpt lat="44.419840881550584" lon="-64.25325837285281"><time>2026-07-04T22:55:36Z</time></trkpt><trkpt lat="44.41981029094318" lon="-64.25325035480424"><time>2026-07-04T22:55:37Z</time></trkpt><trkpt lat="44.41977897783747" lon="-64.25324672600884"><time>2026-07-04T22:55:38Z</time></trkpt><trkpt lat="44.41974779681352" lon="-64.25324049550356"><time>2026-07-04T22:55:39Z</time></trkpt><trkpt lat="44.41971628686747" lon="-64.2532364357056"><time>2026-07-04T22:55:40Z</time></trkpt><trkpt lat="44.41968411449552" lon="-64.2532293034923"><time>2026-07-04T22:55:41Z</time></trkpt><trkpt lat="44.41965128616688" lon="-64.25322263767406"><time>2026-07-04T22:55:42Z</time></trkpt><trkpt lat="44.41962251536982" lon="-64.25321895186745"><time>2026-07-04T22:55:43Z</time></trkpt><trkpt lat="44.41959188548811" lon="-64.25321314717598"><time>2026-07-04T22:55:44Z</time></trkpt><trkpt lat="44.41956103184149" lon="-64.2532058373164"><time>2026-07-04T22:55:45Z</time></trkpt><trkpt lat="44.419528980078056" lon="-64.2531915169895"><time>2026-07-04T22:55:46Z</time></trkpt><trkpt lat="44.41949983494889" lon="-64.25317127621959"><time>2026-07-04T22:55:47Z</time></trkpt><trkpt lat="44.41947779666884" lon="-64.25314803037084"><time>2026-07-04T22:55:48Z</time></trkpt><trkpt lat="44.419459338104005" lon="-64.25312151746844"><time>2026-07-04T22:55:49Z</time></trkpt><trkpt lat="44.419443834340825" lon="-64.25308933730442"><time>2026-07-04T22:55:50Z</time></trkpt><trkpt lat="44.41943611304558" lon="-64.25305622519332"><time>2026-07-04T22:55:51Z</time></trkpt><trkpt lat="44.41942721102951" lon="-64.25302389106095"><time>2026-07-04T22:55:52Z</time></trkpt><trkpt lat="44.419420843359376" lon="-64.25297249087691"><time>2026-07-04T22:55:53Z</time></trkpt><trkpt lat="44.41942203226249" lon="-64.2529250187702"><time>2026-07-04T22:55:54Z</time></trkpt><trkpt lat="44.41942776246867" lon="-64.2528839590254"><time>2026-07-04T22:55:55Z</time></trkpt><trkpt lat="44.41943403307784" lon="-64.25284465276465"><time>2026-07-04T22:55:56Z</time></trkpt><trkpt lat="44.41944301639374" lon="-64.25280889177922"><time>2026-07-04T22:55:57Z</time></trkpt><trkpt lat="44.41945906685128" lon="-64.25277822909607"><time>2026-07-04T22:55:58Z</time></trkpt><trkpt lat="44.41948363433064" lon="-64.25275184596886"><time>2026-07-04T22:55:59Z</time></trkpt><trkpt lat="44.419503458205995" lon="-64.25272456638605"><time>2026-07-04T22:56:00Z</time></trkpt><trkpt lat="44.41952492857583" lon="-64.25269602044054"><time>2026-07-04T22:56:01Z</time></trkpt><trkpt lat="44.41954604780499" lon="-64.2526673287662"><time>2026-07-04T22:56:02Z</time></trkpt><trkpt lat="44.41956073569767" lon="-64.25263936562432"><time>2026-07-04T22:56:03Z</time></trkpt><trkpt lat="44.419576947892665" lon="-64.2526044611792"><time>2026-07-04T22:56:04Z</time></trkpt><trkpt lat="44.41959032247904" lon="-64.2525663870059"><time>2026-07-04T22:56:05Z</time></trkpt><trkpt lat="44.419601556935" lon="-64.25252762908325"><time>2026-07-04T22:56:06Z</time></trkpt><trkpt lat="44.4196078927829" lon="-64.25248742629397"><time>2026-07-04T22:56:07Z</time></trkpt><trkpt lat="44.41961226224774" lon="-64.25245238845461"><time>2026-07-04T22:56:08Z</time></trkpt><trkpt lat="44.41961435044553" lon="-64.25241686844562"><time>2026-07-04T22:56:09Z</time></trkpt><trkpt lat="44.41961400416398" lon="-64.25238160821837"><time>2026-07-04T22:56:10Z</time></trkpt><trkpt lat="44.419610665541114" lon="-64.25234598723901"><time>2026-07-04T22:56:11Z</time></trkpt><trkpt lat="44.419610687072755" lon="-64.2523085400797"><time>2026-07-04T22:56:12Z</time></trkpt><trkpt lat="44.4196132422965" lon="-64.25227325912569"><time>2026-07-04T22:56:13Z</time></trkpt><trkpt lat="44.41962413055559" lon="-64.2522373828847"><time>2026-07-04T22:56:14Z</time></trkpt><trkpt lat="44.41963743437731" lon="-64.25220240232095"><time>2026-07-04T22:56:15Z</time></trkpt><trkpt lat="44.419648810512975" lon="-64.25216504317804"><time>2026-07-04T22:56:16Z</time></trkpt><trkpt lat="44.41966211298159" lon="-64.25213624411676"><time>2026-07-04T22:56:17Z</time></trkpt><trkpt lat="44.4196742479292" lon="-64.25210748533436"><time>2026-07-04T22:56:18Z</time></trkpt><trkpt lat="44.4196849393811" lon="-64.25207297030265"><time>2026-07-04T22:56:19Z</time></trkpt><trkpt lat="44.419692936514274" lon="-64.25203114003835"><time>2026-07-04T22:56:20Z</time></trkpt><trkpt lat="44.41969823798745" lon="-64.25199334072393"><time>2026-07-04T22:56:21Z</time></trkpt><trkpt lat="44.41970060660574" lon="-64.25195361177742"><time>2026-07-04T22:56:22Z</time></trkpt><trkpt lat="44.41970363826667" lon="-64.25191653127948"><time>2026-07-04T22:56:23Z</time></trkpt><trkpt lat="44.419708961222156" lon="-64.25188116597646"><time>2026-07-04T22:56:24Z</time></trkpt><trkpt lat="44.41971592737905" lon="-64.25184761237387"><time>2026-07-04T22:56:25Z</time></trkpt><trkpt lat="44.41972423084248" lon="-64.25181548679248"><time>2026-07-04T22:56:26Z</time></trkpt><trkpt lat="44.419735107992416" lon="-64.25178286885614"><time>2026-07-04T22:56:27Z</time></trkpt><trkpt lat="44.419746894111626" lon="-64.25174896630766"><time>2026-07-04T22:56:28Z</time></trkpt><trkpt lat="44.4197591991243" lon="-64.251714411311"><time>2026-07-04T22:56:29Z</time></trkpt><trkpt lat="44.419771337424145" lon="-64.25168124625162"><time>2026-07-04T22:56:30Z</time></trkpt><trkpt lat="44.41978628257028" lon="-64.25165006663796"><time>2026-07-04T22:56:31Z</time></trkpt><trkpt lat="44.41980118065055" lon="-64.25161839246132"><time>2026-07-04T22:56:32Z</time></trkpt><trkpt lat="44.4198159223278" lon="-64.2515850020481"><time>2026-07-04T22:56:33Z</time></trkpt><trkpt lat="44.419830558242445" lon="-64.25155030080957"><time>2026-07-04T22:56:34Z</time></trkpt><trkpt lat="44.41983987615581" lon="-64.2515182089308"><time>2026-07-04T22:56:35Z</time></trkpt><trkpt lat="44.41984758019464" lon="-64.25148362150655"><time>2026-07-04T22:56:36Z</time></trkpt><trkpt lat="44.419853832830945" lon="-64.25144991837486"><time>2026-07-04T22:56:37Z</time></trkpt><trkpt lat="44.41985721523539" lon="-64.2514144847742"><time>2026-07-04T22:56:38Z</time></trkpt><trkpt lat="44.4198593657036" lon="-64.25138134146307"><time>2026-07-04T22:56:39Z</time></trkpt><trkpt lat="44.41986167161899" lon="-64.25134636301475"><time>2026-07-04T22:56:40Z</time></trkpt><trkpt lat="44.419865121235695" lon="-64.2513117816581"><time>2026-07-04T22:56:41Z</time></trkpt><trkpt lat="44.41986861565904" lon="-64.25127750704861"><time>2026-07-04T22:56:42Z</time></trkpt><trkpt lat="44.41987190007882" lon="-64.251243439575"><time>2026-07-04T22:56:43Z</time></trkpt><trkpt lat="44.41987386324981" lon="-64.25120763814847"><time>2026-07-04T22:56:44Z</time></trkpt><trkpt lat="44.41987396855391" lon="-64.25117409193989"><time>2026-07-04T22:56:45Z</time></trkpt><trkpt lat="44.41987390436633" lon="-64.25113965439432"><time>2026-07-04T22:56:46Z</time></trkpt><trkpt lat="44.41987143858459" lon="-64.25110601244134"><time>2026-07-04T22:56:47Z</time></trkpt><trkpt lat="44.41986785419848" lon="-64.25107273141546"><time>2026-07-04T22:56:48Z</time></trkpt><trkpt lat="44.4198618152863" lon="-64.25104324163013"><time>2026-07-04T22:56:49Z</time></trkpt><trkpt lat="44.419852658941466" lon="-64.25101106160918"><time>2026-07-04T22:56:50Z</time></trkpt><trkpt lat="44.41984404666033" lon="-64.25098015389649"><time>2026-07-04T22:56:51Z</time></trkpt><trkpt lat="44.41984082668831" lon="-64.25094795874604"><time>2026-07-04T22:56:52Z</time></trkpt><trkpt lat="44.41984291854067" lon="-64.25091703966135"><time>2026-07-04T22:56:53Z</time></trkpt><trkpt lat="44.4198492967382" lon="-64.25088599467665"><time>2026-07-04T22:56:54Z</time></trkpt><trkpt lat="44.41985718551319" lon="-64.25085492686318"><time>2026-07-04T22:56:55Z</time></trkpt><trkpt lat="44.41986647150053" lon="-64.25082211635086"><time>2026-07-04T22:56:56Z</time></trkpt><trkpt lat="44.41987732148448" lon="-64.25079039786525"><time>2026-07-04T22:56:57Z</time></trkpt><trkpt lat="44.419888439082094" lon="-64.25076079077148"><time>2026-07-04T22:56:58Z</time></trkpt><trkpt lat="44.419899232187745" lon="-64.2507303043439"><time>2026-07-04T22:56:59Z</time></trkpt><trkpt lat="44.41990848366868" lon="-64.2506970405086"><time>2026-07-04T22:57:00Z</time></trkpt><trkpt lat="44.419915013564236" lon="-64.25066184560578"><time>2026-07-04T22:57:01Z</time></trkpt><trkpt lat="44.41992008432411" lon="-64.25062925950176"><time>2026-07-04T22:57:02Z</time></trkpt><trkpt lat="44.41992393846569" lon="-64.25059712655623"><time>2026-07-04T22:57:03Z</time></trkpt><trkpt lat="44.41992575458237" lon="-64.2505656386936"><time>2026-07-04T22:57:04Z</time></trkpt><trkpt lat="44.419923660677014" lon="-64.25053252298068"><time>2026-07-04T22:57:05Z</time></trkpt><trkpt lat="44.419923215292165" lon="-64.25049822113199"><time>2026-07-04T22:57:06Z</time></trkpt><trkpt lat="44.41993194957572" lon="-64.25046759362422"><time>2026-07-04T22:57:07Z</time></trkpt><trkpt lat="44.4199451104369" lon="-64.25043944744083"><time>2026-07-04T22:57:08Z</time></trkpt><trkpt lat="44.41995892888716" lon="-64.25040902187651"><time>2026-07-04T22:57:09Z</time></trkpt><trkpt lat="44.41997179290385" lon="-64.25037604568695"><time>2026-07-04T22:57:10Z</time></trkpt><trkpt lat="44.419984918569995" lon="-64.25034559365234"><time>2026-07-04T22:57:11Z</time></trkpt><trkpt lat="44.41999921609778" lon="-64.25031420899487"><time>2026-07-04T22:57:12Z</time></trkpt><trkpt lat="44.42001427053486" lon="-64.25028466038187"><time>2026-07-04T22:57:13Z</time></trkpt><trkpt lat="44.42002716918192" lon="-64.25025209541343"><time>2026-07-04T22:57:14Z</time></trkpt><trkpt lat="44.42003680719671" lon="-64.25021601584906"><time>2026-07-04T22:57:15Z</time></trkpt><trkpt lat="44.42004371611735" lon="-64.25018130926419"><time>2026-07-04T22:57:16Z</time></trkpt><trkpt lat="44.42005141388945" lon="-64.25015281790984"><time>2026-07-04T22:57:17Z</time></trkpt><trkpt lat="44.42005859732725" lon="-64.2501171858949"><time>2026-07-04T22:57:18Z</time></trkpt><trkpt lat="44.42006440951077" lon="-64.2500852930822"><time>2026-07-04T22:57:19Z</time></trkpt><trkpt lat="44.42007141791427" lon="-64.2500524892961"><time>2026-07-04T22:57:20Z</time></trkpt><trkpt lat="44.4200817002976" lon="-64.250022429597"><time>2026-07-04T22:57:21Z</time></trkpt><trkpt lat="44.42009531342288" lon="-64.24999229106845"><time>2026-07-04T22:57:22Z</time></trkpt><trkpt lat="44.420111201992455" lon="-64.24996468927608"><time>2026-07-04T22:57:23Z</time></trkpt><trkpt lat="44.420127255953005" lon="-64.24993561562154"><time>2026-07-04T22:57:24Z</time></trkpt><trkpt lat="44.420142173204106" lon="-64.24990632750495"><time>2026-07-04T22:57:25Z</time></trkpt><trkpt lat="44.42015659303945" lon="-64.24987526155269"><time>2026-07-04T22:57:26Z</time></trkpt><trkpt lat="44.420170424716" lon="-64.24984290059041"><time>2026-07-04T22:57:27Z</time></trkpt><trkpt lat="44.420182232598016" lon="-64.2498094417862"><time>2026-07-04T22:57:28Z</time></trkpt><trkpt lat="44.42019322470135" lon="-64.24977414496682"><time>2026-07-04T22:57:29Z</time></trkpt><trkpt lat="44.42020310736952" lon="-64.24973752867463"><time>2026-07-04T22:57:30Z</time></trkpt><trkpt lat="44.42020798653378" lon="-64.24970454606746"><time>2026-07-04T22:57:31Z</time></trkpt><trkpt lat="44.420211181401655" lon="-64.24966680606009"><time>2026-07-04T22:57:32Z</time></trkpt><trkpt lat="44.420213271817886" lon="-64.24963215075692"><time>2026-07-04T22:57:33Z</time></trkpt><trkpt lat="44.420214471027556" lon="-64.2495964157105"><time>2026-07-04T22:57:34Z</time></trkpt><trkpt lat="44.42021603047049" lon="-64.24956011124875"><time>2026-07-04T22:57:35Z</time></trkpt><trkpt lat="44.420220481274676" lon="-64.24952549534606"><time>2026-07-04T22:57:36Z</time></trkpt><trkpt lat="44.42022765685679" lon="-64.24948943642718"><time>2026-07-04T22:57:37Z</time></trkpt><trkpt lat="44.420234883432755" lon="-64.2494523948103"><time>2026-07-04T22:57:38Z</time></trkpt><trkpt lat="44.42024426801783" lon="-64.24941688542049"><time>2026-07-04T22:57:39Z</time></trkpt><trkpt lat="44.420253892026835" lon="-64.24938098349263"><time>2026-07-04T22:57:40Z</time></trkpt><trkpt lat="44.420262122120896" lon="-64.249348126207"><time>2026-07-04T22:57:41Z</time></trkpt><trkpt lat="44.420267542737015" lon="-64.24931547733348"><time>2026-07-04T22:57:42Z</time></trkpt><trkpt lat="44.42026992752605" lon="-64.24927560505463"><time>2026-07-04T22:57:43Z</time></trkpt><trkpt lat="44.420273382788075" lon="-64.24924046235348"><time>2026-07-04T22:57:44Z</time></trkpt><trkpt lat="44.420280062708244" lon="-64.24920783891103"><time>2026-07-04T22:57:45Z</time></trkpt><trkpt lat="44.420287720857225" lon="-64.24917771011641"><time>2026-07-04T22:57:46Z</time></trkpt><trkpt lat="44.42029287249532" lon="-64.24914257211626"><time>2026-07-04T22:57:47Z</time></trkpt><trkpt lat="44.420296513860364" lon="-64.2491078758273"><time>2026-07-04T22:57:48Z</time></trkpt><trkpt lat="44.420304751680206" lon="-64.24907649825073"><time>2026-07-04T22:57:49Z</time></trkpt><trkpt lat="44.42031640298531" lon="-64.2490469883088"><time>2026-07-04T22:57:50Z</time></trkpt><trkpt lat="44.42032931034007" lon="-64.24901566799328"><time>2026-07-04T22:57:51Z</time></trkpt><trkpt lat="44.42034106870197" lon="-64.24898431701072"><time>2026-07-04T22:57:52Z</time></trkpt><trkpt lat="44.420355427560345" lon="-64.24895593245004"><time>2026-07-04T22:57:53Z</time></trkpt><trkpt lat="44.420372167231676" lon="-64.24892718835977"><time>2026-07-04T22:57:54Z</time></trkpt><trkpt lat="44.42039108305456" lon="-64.24890289544528"><time>2026-07-04T22:57:55Z</time></trkpt><trkpt lat="44.420412336503105" lon="-64.24887829733166"><time>2026-07-04T22:57:56Z</time></trkpt><trkpt lat="44.420432958060104" lon="-64.24885606663612"><time>2026-07-04T22:57:57Z</time></trkpt><trkpt lat="44.420452931036216" lon="-64.24883290372425"><time>2026-07-04T22:57:58Z</time></trkpt><trkpt lat="44.42047087391033" lon="-64.24880703799145"><time>2026-07-04T22:57:59Z</time></trkpt><trkpt lat="44.42048830154189" lon="-64.24877771141563"><time>2026-07-04T22:58:00Z</time></trkpt><trkpt lat="44.420504142702" lon="-64.24874735921786"><time>2026-07-04T22:58:01Z</time></trkpt><trkpt lat="44.42051872439663" lon="-64.24871242415426"><time>2026-07-04T22:58:02Z</time></trkpt><trkpt lat="44.420531772320174" lon="-64.24867754662402"><time>2026-07-04T22:58:03Z</time></trkpt><trkpt lat="44.420540768810355" lon="-64.24864424491714"><time>2026-07-04T22:58:04Z</time></trkpt><trkpt lat="44.42053772247529" lon="-64.24860349738104"><time>2026-07-04T22:58:05Z</time></trkpt><trkpt lat="44.42054585692342" lon="-64.24856420306017"><time>2026-07-04T22:58:06Z</time></trkpt><trkpt lat="44.42055566448457" lon="-64.24853363310214"><time>2026-07-04T22:58:07Z</time></trkpt><trkpt lat="44.420559783972685" lon="-64.2484991940539"><time>2026-07-04T22:58:08Z</time></trkpt><trkpt lat="44.4205623519377" lon="-64.24846263873872"><time>2026-07-04T22:58:09Z</time></trkpt><trkpt lat="44.42056251000404" lon="-64.24842767019881"><time>2026-07-04T22:58:10Z</time></trkpt><trkpt lat="44.42056315402855" lon="-64.2483925808496"><time>2026-07-04T22:58:11Z</time></trkpt><trkpt lat="44.42056650727117" lon="-64.24835878317994"><time>2026-07-04T22:58:12Z</time></trkpt><trkpt lat="44.42057071907786" lon="-64.24832515653387"><time>2026-07-04T22:58:13Z</time></trkpt><trkpt lat="44.42057419710779" lon="-64.24829092529815"><time>2026-07-04T22:58:14Z</time></trkpt><trkpt lat="44.42057398112021" lon="-64.24825546557807"><time>2026-07-04T22:58:15Z</time></trkpt><trkpt lat="44.42057173539837" lon="-64.24821780534056"><time>2026-07-04T22:58:16Z</time></trkpt><trkpt lat="44.4205675407602" lon="-64.2481809143082"><time>2026-07-04T22:58:17Z</time></trkpt><trkpt lat="44.42056306810781" lon="-64.24815200795514"><time>2026-07-04T22:58:18Z</time></trkpt><trkpt lat="44.42055519583822" lon="-64.24812188333908"><time>2026-07-04T22:58:19Z</time></trkpt><trkpt lat="44.42054617874958" lon="-64.24809262512422"><time>2026-07-04T22:58:20Z</time></trkpt><trkpt lat="44.42053668002321" lon="-64.2480628438034"><time>2026-07-04T22:58:21Z</time></trkpt><trkpt lat="44.42052950981191" lon="-64.24803242550355"><time>2026-07-04T22:58:22Z</time></trkpt><trkpt lat="44.42052547589517" lon="-64.24799836852043"><time>2026-07-04T22:58:23Z</time></trkpt><trkpt lat="44.42052146514709" lon="-64.24796816537791"><time>2026-07-04T22:58:24Z</time></trkpt><trkpt lat="44.42050578143125" lon="-64.24791172029849"><time>2026-07-04T22:58:26Z</time></trkpt><trkpt lat="44.42048420595377" lon="-64.24785065826983"><time>2026-07-04T22:58:28Z</time></trkpt><trkpt lat="44.420471200858465" lon="-64.24782469370048"><time>2026-07-04T22:58:29Z</time></trkpt><trkpt lat="44.42045701255711" lon="-64.24779762214442"><time>2026-07-04T22:58:30Z</time></trkpt><trkpt lat="44.42044246834525" lon="-64.2477714098912"><time>2026-07-04T22:58:31Z</time></trkpt><trkpt lat="44.42042615985002" lon="-64.24774625821227"><time>2026-07-04T22:58:32Z</time></trkpt><trkpt lat="44.42040998331662" lon="-64.24772364867285"><time>2026-07-04T22:58:33Z</time></trkpt><trkpt lat="44.42039320227516" lon="-64.24770214038972"><time>2026-07-04T22:58:34Z</time></trkpt><trkpt lat="44.42037412422285" lon="-64.24767977417915"><time>2026-07-04T22:58:35Z</time></trkpt><trkpt lat="44.42035380279908" lon="-64.24765853218743"><time>2026-07-04T22:58:36Z</time></trkpt><trkpt lat="44.420333374554204" lon="-64.24764210970933"><time>2026-07-04T22:58:37Z</time></trkpt><trkpt lat="44.42031142771124" lon="-64.24762765204062"><time>2026-07-04T22:58:38Z</time></trkpt><trkpt lat="44.42028923317714" lon="-64.24761295406225"><time>2026-07-04T22:58:39Z</time></trkpt><trkpt lat="44.420266322646185" lon="-64.2475975561065"><time>2026-07-04T22:58:40Z</time></trkpt><trkpt lat="44.420243041891915" lon="-64.24758149740927"><time>2026-07-04T22:58:41Z</time></trkpt><trkpt lat="44.420219539029546" lon="-64.2475659947661"><time>2026-07-04T22:58:42Z</time></trkpt><trkpt lat="44.42019614478519" lon="-64.24754976934042"><time>2026-07-04T22:58:43Z</time></trkpt><trkpt lat="44.420175256555915" lon="-64.24753888887516"><time>2026-07-04T22:58:44Z</time></trkpt><trkpt lat="44.42014716043538" lon="-64.2475313666234"><time>2026-07-04T22:58:45Z</time></trkpt><trkpt lat="44.4201282361364" lon="-64.24751474512323"><time>2026-07-04T22:58:46Z</time></trkpt><trkpt lat="44.42010336909241" lon="-64.24750465441676"><time>2026-07-04T22:58:47Z</time></trkpt><trkpt lat="44.42007679841645" lon="-64.24749385448104"><time>2026-07-04T22:58:48Z</time></trkpt><trkpt lat="44.42005089745987" lon="-64.24748377332082"><time>2026-07-04T22:58:49Z</time></trkpt><trkpt lat="44.42002550038767" lon="-64.24747420068059"><time>2026-07-04T22:58:50Z</time></trkpt><trkpt lat="44.42000112768491" lon="-64.24746615465045"><time>2026-07-04T22:58:51Z</time></trkpt><trkpt lat="44.41997449772619" lon="-64.24745775106669"><time>2026-07-04T22:58:52Z</time></trkpt><trkpt lat="44.41994736803643" lon="-64.24744725781642"><time>2026-07-04T22:58:53Z</time></trkpt><trkpt lat="44.41991901785879" lon="-64.24743827920472"><time>2026-07-04T22:58:54Z</time></trkpt><trkpt lat="44.419889741693375" lon="-64.24743172280661"><time>2026-07-04T22:58:55Z</time></trkpt><trkpt lat="44.419862243723294" lon="-64.24742765617054"><time>2026-07-04T22:58:56Z</time></trkpt><trkpt lat="44.419832735122" lon="-64.24741902316194"><time>2026-07-04T22:58:57Z</time></trkpt><trkpt lat="44.41980357807811" lon="-64.24741127195065"><time>2026-07-04T22:58:58Z</time></trkpt><trkpt lat="44.419774395103175" lon="-64.24740312131802"><time>2026-07-04T22:58:59Z</time></trkpt><trkpt lat="44.419746882754644" lon="-64.24739706938556"><time>2026-07-04T22:59:00Z</time></trkpt><trkpt lat="44.419716288389026" lon="-64.24739326932712"><time>2026-07-04T22:59:01Z</time></trkpt><trkpt lat="44.41968600663009" lon="-64.24738699883926"><time>2026-07-04T22:59:02Z</time></trkpt><trkpt lat="44.41965579812349" lon="-64.24738613811105"><time>2026-07-04T22:59:03Z</time></trkpt><trkpt lat="44.41962501754234" lon="-64.24738957298935"><time>2026-07-04T22:59:04Z</time></trkpt><trkpt lat="44.419596803032356" lon="-64.2473958911592"><time>2026-07-04T22:59:05Z</time></trkpt><trkpt lat="44.41956886617949" lon="-64.2474043802754"><time>2026-07-04T22:59:06Z</time></trkpt><trkpt lat="44.419539895904734" lon="-64.24741217861175"><time>2026-07-04T22:59:07Z</time></trkpt><trkpt lat="44.41951097774545" lon="-64.24742406798536"><time>2026-07-04T22:59:08Z</time></trkpt><trkpt lat="44.41948194317774" lon="-64.24743806694234"><time>2026-07-04T22:59:09Z</time></trkpt><trkpt lat="44.419452029098935" lon="-64.2474465094184"><time>2026-07-04T22:59:10Z</time></trkpt><trkpt lat="44.4194220137245" lon="-64.2474530789391"><time>2026-07-04T22:59:11Z</time></trkpt><trkpt lat="44.419391137911205" lon="-64.24745869691432"><time>2026-07-04T22:59:12Z</time></trkpt><trkpt lat="44.41935935236434" lon="-64.24746116924635"><time>2026-07-04T22:59:13Z</time></trkpt><trkpt lat="44.41932850179403" lon="-64.2474624530527"><time>2026-07-04T22:59:14Z</time></trkpt><trkpt lat="44.419298700031185" lon="-64.24746544548145"><time>2026-07-04T22:59:15Z</time></trkpt><trkpt lat="44.419269794474914" lon="-64.24746297287665"><time>2026-07-04T22:59:16Z</time></trkpt><trkpt lat="44.419238598334786" lon="-64.24744970083752"><time>2026-07-04T22:59:17Z</time></trkpt><trkpt lat="44.41920857035786" lon="-64.24743612375791"><time>2026-07-04T22:59:18Z</time></trkpt><trkpt lat="44.41917955544109" lon="-64.24742713017658"><time>2026-07-04T22:59:19Z</time></trkpt><trkpt lat="44.419149918863056" lon="-64.2474188558676"><time>2026-07-04T22:59:20Z</time></trkpt><trkpt lat="44.41911982221179" lon="-64.24741328427531"><time>2026-07-04T22:59:21Z</time></trkpt><trkpt lat="44.419089199647345" lon="-64.24740870389694"><time>2026-07-04T22:59:22Z</time></trkpt><trkpt lat="44.41905812742273" lon="-64.24740563525633"><time>2026-07-04T22:59:23Z</time></trkpt><trkpt lat="44.41902807479702" lon="-64.24740378757855"><time>2026-07-04T22:59:24Z</time></trkpt><trkpt lat="44.418998358349555" lon="-64.24740048617764"><time>2026-07-04T22:59:25Z</time></trkpt><trkpt lat="44.41897019001081" lon="-64.24739320917098"><time>2026-07-04T22:59:26Z</time></trkpt><trkpt lat="44.41894058474737" lon="-64.24738291517727"><time>2026-07-04T22:59:27Z</time></trkpt><trkpt lat="44.418911749912056" lon="-64.24737309861007"><time>2026-07-04T22:59:28Z</time></trkpt><trkpt lat="44.418883202412374" lon="-64.24736772156339"><time>2026-07-04T22:59:29Z</time></trkpt><trkpt lat="44.41885345503629" lon="-64.24736764162543"><time>2026-07-04T22:59:30Z</time></trkpt><trkpt lat="44.418824180763174" lon="-64.24737148966493"><time>2026-07-04T22:59:31Z</time></trkpt><trkpt lat="44.418795354343644" lon="-64.24737808615382"><time>2026-07-04T22:59:32Z</time></trkpt><trkpt lat="44.41876780902199" lon="-64.2473822263794"><time>2026-07-04T22:59:33Z</time></trkpt><trkpt lat="44.41873869840083" lon="-64.24738319516777"><time>2026-07-04T22:59:34Z</time></trkpt><trkpt lat="44.418709520855344" lon="-64.2473805847296"><time>2026-07-04T22:59:35Z</time></trkpt><trkpt lat="44.41868071947759" lon="-64.24737771375277"><time>2026-07-04T22:59:36Z</time></trkpt><trkpt lat="44.41865213894247" lon="-64.24737776130193"><time>2026-07-04T22:59:37Z</time></trkpt><trkpt lat="44.418623656993525" lon="-64.24738244808745"><time>2026-07-04T22:59:38Z</time></trkpt><trkpt lat="44.418594249746235" lon="-64.2473911259504"><time>2026-07-04T22:59:39Z</time></trkpt><trkpt lat="44.418566104160455" lon="-64.24739813095638"><time>2026-07-04T22:59:40Z</time></trkpt><trkpt lat="44.418538924832234" lon="-64.24740145410112"><time>2026-07-04T22:59:41Z</time></trkpt><trkpt lat="44.41851225141034" lon="-64.24740328257141"><time>2026-07-04T22:59:42Z</time></trkpt><trkpt lat="44.41848282430984" lon="-64.24740199233074"><time>2026-07-04T22:59:43Z</time></trkpt><trkpt lat="44.41845351726896" lon="-64.24739918364371"><time>2026-07-04T22:59:44Z</time></trkpt><trkpt lat="44.41842621407239" lon="-64.24740692891613"><time>2026-07-04T22:59:45Z</time></trkpt><trkpt lat="44.41839924511297" lon="-64.24741482405065"><time>2026-07-04T22:59:46Z</time></trkpt><trkpt lat="44.4183729306721" lon="-64.24742306370243"><time>2026-07-04T22:59:47Z</time></trkpt><trkpt lat="44.41834446711886" lon="-64.24742819305123"><time>2026-07-04T22:59:48Z</time></trkpt><trkpt lat="44.418317110873176" lon="-64.24743382693559"><time>2026-07-04T22:59:49Z</time></trkpt><trkpt lat="44.4182894859973" lon="-64.24744048543633"><time>2026-07-04T22:59:50Z</time></trkpt><trkpt lat="44.41826236114211" lon="-64.24744547804146"><time>2026-07-04T22:59:51Z</time></trkpt><trkpt lat="44.41823414368255" lon="-64.24744942953895"><time>2026-07-04T22:59:52Z</time></trkpt><trkpt lat="44.418205341388045" lon="-64.2474514586399"><time>2026-07-04T22:59:53Z</time></trkpt><trkpt lat="44.41817622619185" lon="-64.24745148106939"><time>2026-07-04T22:59:54Z</time></trkpt><trkpt lat="44.4181478803405" lon="-64.24745253503177"><time>2026-07-04T22:59:55Z</time></trkpt><trkpt lat="44.418120165522225" lon="-64.24745858099664"><time>2026-07-04T22:59:56Z</time></trkpt><trkpt lat="44.41809281978515" lon="-64.24746618838338"><time>2026-07-04T22:59:57Z</time></trkpt><trkpt lat="44.41806674626224" lon="-64.24747372575726"><time>2026-07-04T22:59:58Z</time></trkpt><trkpt lat="44.41803905498154" lon="-64.24748006311641"><time>2026-07-04T22:59:59Z</time></trkpt><trkpt lat="44.41800897884507" lon="-64.2474804036116"><time>2026-07-04T23:00:00Z</time></trkpt><trkpt lat="44.41797876609781" lon="-64.24747568589581"><time>2026-07-04T23:00:01Z</time></trkpt><trkpt lat="44.41794862676992" lon="-64.24747179494474"><time>2026-07-04T23:00:02Z</time></trkpt><trkpt lat="44.417919338160736" lon="-64.24747042627993"><time>2026-07-04T23:00:03Z</time></trkpt><trkpt lat="44.41788885646887" lon="-64.24746872199898"><time>2026-07-04T23:00:04Z</time></trkpt><trkpt lat="44.41785813293814" lon="-64.24746721237467"><time>2026-07-04T23:00:05Z</time></trkpt><trkpt lat="44.417830011681055" lon="-64.24746992039245"><time>2026-07-04T23:00:06Z</time></trkpt><trkpt lat="44.41780346500998" lon="-64.24747403114277"><time>2026-07-04T23:00:07Z</time></trkpt><trkpt lat="44.417773203950034" lon="-64.24746802132712"><time>2026-07-04T23:00:08Z</time></trkpt><trkpt lat="44.41774302130932" lon="-64.2474564844104"><time>2026-07-04T23:00:09Z</time></trkpt><trkpt lat="44.41771586663633" lon="-64.24744584893114"><time>2026-07-04T23:00:10Z</time></trkpt><trkpt lat="44.41768454391436" lon="-64.247438059254"><time>2026-07-04T23:00:11Z</time></trkpt><trkpt lat="44.41765635318449" lon="-64.24743092693842"><time>2026-07-04T23:00:12Z</time></trkpt><trkpt lat="44.417627213844106" lon="-64.24741762301241"><time>2026-07-04T23:00:13Z</time></trkpt><trkpt lat="44.41760016975253" lon="-64.24740765083881"><time>2026-07-04T23:00:14Z</time></trkpt><trkpt lat="44.41757185628437" lon="-64.24740392069602"><time>2026-07-04T23:00:15Z</time></trkpt><trkpt lat="44.41754337199863" lon="-64.24739924116741"><time>2026-07-04T23:00:16Z</time></trkpt><trkpt lat="44.41751419506687" lon="-64.24739411404354"><time>2026-07-04T23:00:17Z</time></trkpt><trkpt lat="44.41748625874775" lon="-64.24739015326774"><time>2026-07-04T23:00:18Z</time></trkpt><trkpt lat="44.41745835942946" lon="-64.24738570132392"><time>2026-07-04T23:00:19Z</time></trkpt><trkpt lat="44.41743054150506" lon="-64.24737672869287"><time>2026-07-04T23:00:20Z</time></trkpt><trkpt lat="44.41740193869998" lon="-64.24736574607773"><time>2026-07-04T23:00:21Z</time></trkpt><trkpt lat="44.41737161073065" lon="-64.24735695296947"><time>2026-07-04T23:00:22Z</time></trkpt><trkpt lat="44.417340981897695" lon="-64.24735001147509"><time>2026-07-04T23:00:23Z</time></trkpt><trkpt lat="44.41730951418695" lon="-64.24734383528212"><time>2026-07-04T23:00:24Z</time></trkpt><trkpt lat="44.41727984212425" lon="-64.24733786959189"><time>2026-07-04T23:00:25Z</time></trkpt><trkpt lat="44.41725028165332" lon="-64.24733059085078"><time>2026-07-04T23:00:26Z</time></trkpt><trkpt lat="44.41721911746111" lon="-64.2473226489436"><time>2026-07-04T23:00:27Z</time></trkpt><trkpt lat="44.41718976074218" lon="-64.24731494890663"><time>2026-07-04T23:00:28Z</time></trkpt><trkpt lat="44.41715999225909" lon="-64.24730636067363"><time>2026-07-04T23:00:29Z</time></trkpt><trkpt lat="44.41712993965693" lon="-64.24729280782766"><time>2026-07-04T23:00:30Z</time></trkpt><trkpt lat="44.417100060886526" lon="-64.24727732984566"><time>2026-07-04T23:00:31Z</time></trkpt><trkpt lat="44.41706973923372" lon="-64.24726533492213"><time>2026-07-04T23:00:32Z</time></trkpt><trkpt lat="44.4170379344087" lon="-64.247257638111"><time>2026-07-04T23:00:33Z</time></trkpt><trkpt lat="44.41700730347732" lon="-64.24725005539379"><time>2026-07-04T23:00:34Z</time></trkpt><trkpt lat="44.41697555350147" lon="-64.24724288148842"><time>2026-07-04T23:00:35Z</time></trkpt><trkpt lat="44.4169438906654" lon="-64.24723552814191"><time>2026-07-04T23:00:36Z</time></trkpt><trkpt lat="44.41691368630533" lon="-64.2472323457924"><time>2026-07-04T23:00:37Z</time></trkpt><trkpt lat="44.41688143623037" lon="-64.24722390719005"><time>2026-07-04T23:00:38Z</time></trkpt><trkpt lat="44.41685039734564" lon="-64.24721514657506"><time>2026-07-04T23:00:39Z</time></trkpt><trkpt lat="44.41682095670152" lon="-64.24721176977145"><time>2026-07-04T23:00:40Z</time></trkpt><trkpt lat="44.41678680874789" lon="-64.2472056759268"><time>2026-07-04T23:00:41Z</time></trkpt><trkpt lat="44.416756972132255" lon="-64.24720107123596"><time>2026-07-04T23:00:42Z</time></trkpt><trkpt lat="44.41672478537271" lon="-64.2471978354847"><time>2026-07-04T23:00:43Z</time></trkpt><trkpt lat="44.416694615520285" lon="-64.24718801231917"><time>2026-07-04T23:00:44Z</time></trkpt><trkpt lat="44.41666441768367" lon="-64.24718125094148"><time>2026-07-04T23:00:45Z</time></trkpt><trkpt lat="44.41663365997797" lon="-64.24717213607627"><time>2026-07-04T23:00:46Z</time></trkpt><trkpt lat="44.416602763503256" lon="-64.24716034009981"><time>2026-07-04T23:00:47Z</time></trkpt><trkpt lat="44.41657185846964" lon="-64.24715275029074"><time>2026-07-04T23:00:48Z</time></trkpt><trkpt lat="44.41653988182685" lon="-64.2471530006543"><time>2026-07-04T23:00:49Z</time></trkpt><trkpt lat="44.416509090908754" lon="-64.2471579204629"><time>2026-07-04T23:00:50Z</time></trkpt><trkpt lat="44.41647814979098" lon="-64.24716310361092"><time>2026-07-04T23:00:51Z</time></trkpt><trkpt lat="44.416446819991954" lon="-64.24716671760302"><time>2026-07-04T23:00:52Z</time></trkpt><trkpt lat="44.416415113974345" lon="-64.24716782154019"><time>2026-07-04T23:00:53Z</time></trkpt><trkpt lat="44.416384428203244" lon="-64.24716873891497"><time>2026-07-04T23:00:54Z</time></trkpt><trkpt lat="44.416353128830124" lon="-64.24716744498615"><time>2026-07-04T23:00:55Z</time></trkpt><trkpt lat="44.41632222936232" lon="-64.24716258190875"><time>2026-07-04T23:00:56Z</time></trkpt><trkpt lat="44.416290331252185" lon="-64.24715840587746"><time>2026-07-04T23:00:57Z</time></trkpt><trkpt lat="44.41625783379149" lon="-64.24715223885329"><time>2026-07-04T23:00:58Z</time></trkpt><trkpt lat="44.41622620678831" lon="-64.24714548826941"><time>2026-07-04T23:00:59Z</time></trkpt><trkpt lat="44.416194829959124" lon="-64.24713834402058"><time>2026-07-04T23:01:00Z</time></trkpt><trkpt lat="44.41616180928823" lon="-64.24713018648448"><time>2026-07-04T23:01:01Z</time></trkpt><trkpt lat="44.41612954793069" lon="-64.24712153218553"><time>2026-07-04T23:01:02Z</time></trkpt><trkpt lat="44.416097786827066" lon="-64.24712060451571"><time>2026-07-04T23:01:03Z</time></trkpt><trkpt lat="44.416066873287214" lon="-64.24712015925606"><time>2026-07-04T23:01:04Z</time></trkpt><trkpt lat="44.41603577039661" lon="-64.24712053122403"><time>2026-07-04T23:01:05Z</time></trkpt><trkpt lat="44.41600455449603" lon="-64.2471219732321"><time>2026-07-04T23:01:06Z</time></trkpt><trkpt lat="44.415972986888136" lon="-64.24712422350747"><time>2026-07-04T23:01:07Z</time></trkpt><trkpt lat="44.41594258479958" lon="-64.24712496310185"><time>2026-07-04T23:01:08Z</time></trkpt><trkpt lat="44.41591163116024" lon="-64.2471248207891"><time>2026-07-04T23:01:09Z</time></trkpt><trkpt lat="44.41588130637355" lon="-64.24712377396335"><time>2026-07-04T23:01:10Z</time></trkpt><trkpt lat="44.415853365070284" lon="-64.24712529842755"><time>2026-07-04T23:01:11Z</time></trkpt><trkpt lat="44.415824683644686" lon="-64.24712901215955"><time>2026-07-04T23:01:12Z</time></trkpt><trkpt lat="44.41579412681125" lon="-64.24713131625641"><time>2026-07-04T23:01:13Z</time></trkpt><trkpt lat="44.41576527223288" lon="-64.24713447613352"><time>2026-07-04T23:01:14Z</time></trkpt><trkpt lat="44.415739544912526" lon="-64.24714229406149"><time>2026-07-04T23:01:15Z</time></trkpt><trkpt lat="44.41571217345798" lon="-64.24715053679355"><time>2026-07-04T23:01:16Z</time></trkpt><trkpt lat="44.41568568574708" lon="-64.24715732326332"><time>2026-07-04T23:01:17Z</time></trkpt><trkpt lat="44.41566016154904" lon="-64.24715922393307"><time>2026-07-04T23:01:18Z</time></trkpt><trkpt lat="44.41563131382837" lon="-64.24715619303512"><time>2026-07-04T23:01:19Z</time></trkpt><trkpt lat="44.415601340632186" lon="-64.24715302652706"><time>2026-07-04T23:01:20Z</time></trkpt><trkpt lat="44.41557278237121" lon="-64.24715282971053"><time>2026-07-04T23:01:21Z</time></trkpt><trkpt lat="44.41554451836548" lon="-64.24715212774804"><time>2026-07-04T23:01:22Z</time></trkpt><trkpt lat="44.41551654962889" lon="-64.24715157377486"><time>2026-07-04T23:01:23Z</time></trkpt><trkpt lat="44.415486428164606" lon="-64.24715185262426"><time>2026-07-04T23:01:24Z</time></trkpt><trkpt lat="44.41545791047223" lon="-64.24715453614999"><time>2026-07-04T23:01:25Z</time></trkpt><trkpt lat="44.41543106784414" lon="-64.24716249664687"><time>2026-07-04T23:01:26Z</time></trkpt><trkpt lat="44.41540497538972" lon="-64.24717247939307"><time>2026-07-04T23:01:27Z</time></trkpt><trkpt lat="44.41537913955057" lon="-64.24718029077735"><time>2026-07-04T23:01:28Z</time></trkpt><trkpt lat="44.415352483689475" lon="-64.24718637128463"><time>2026-07-04T23:01:29Z</time></trkpt><trkpt lat="44.41532560594568" lon="-64.2471907794461"><time>2026-07-04T23:01:30Z</time></trkpt><trkpt lat="44.415297703034646" lon="-64.2471919188447"><time>2026-07-04T23:01:31Z</time></trkpt><trkpt lat="44.41527070923877" lon="-64.24719432229489"><time>2026-07-04T23:01:32Z</time></trkpt><trkpt lat="44.41524200903107" lon="-64.24719665607991"><time>2026-07-04T23:01:33Z</time></trkpt><trkpt lat="44.415213306369004" lon="-64.24719640801908"><time>2026-07-04T23:01:34Z</time></trkpt><trkpt lat="44.41518452551307" lon="-64.24719983809466"><time>2026-07-04T23:01:35Z</time></trkpt><trkpt lat="44.41515581998295" lon="-64.24720421639677"><time>2026-07-04T23:01:36Z</time></trkpt><trkpt lat="44.41512825857978" lon="-64.24720602689906"><time>2026-07-04T23:01:37Z</time></trkpt><trkpt lat="44.41510054290682" lon="-64.24720797178237"><time>2026-07-04T23:01:38Z</time></trkpt><trkpt lat="44.415071770046644" lon="-64.24720794049533"><time>2026-07-04T23:01:39Z</time></trkpt><trkpt lat="44.415043146193" lon="-64.24720247784877"><time>2026-07-04T23:01:40Z</time></trkpt><trkpt lat="44.41501373509891" lon="-64.24719633536982"><time>2026-07-04T23:01:41Z</time></trkpt><trkpt lat="44.41498133654527" lon="-64.24719421805774"><time>2026-07-04T23:01:42Z</time></trkpt><trkpt lat="44.41495059971162" lon="-64.2471910143174"><time>2026-07-04T23:01:43Z</time></trkpt><trkpt lat="44.414922609373605" lon="-64.24719276782041"><time>2026-07-04T23:01:44Z</time></trkpt><trkpt lat="44.414895009412206" lon="-64.24719365181743"><time>2026-07-04T23:01:45Z</time></trkpt><trkpt lat="44.41486612430754" lon="-64.24719016688854"><time>2026-07-04T23:01:46Z</time></trkpt><trkpt lat="44.41483542284684" lon="-64.24718252266233"><time>2026-07-04T23:01:47Z</time></trkpt><trkpt lat="44.414805397623994" lon="-64.24717572385632"><time>2026-07-04T23:01:48Z</time></trkpt><trkpt lat="44.414775475543095" lon="-64.24716798464313"><time>2026-07-04T23:01:49Z</time></trkpt><trkpt lat="44.41474588537929" lon="-64.24716079720226"><time>2026-07-04T23:01:50Z</time></trkpt><trkpt lat="44.414716576257234" lon="-64.24715590488327"><time>2026-07-04T23:01:51Z</time></trkpt><trkpt lat="44.41468689808667" lon="-64.24715047244153"><time>2026-07-04T23:01:52Z</time></trkpt><trkpt lat="44.414656880439836" lon="-64.24714661065236"><time>2026-07-04T23:01:53Z</time></trkpt><trkpt lat="44.414627163998716" lon="-64.24714416285322"><time>2026-07-04T23:01:54Z</time></trkpt><trkpt lat="44.41459614381528" lon="-64.2471409312721"><time>2026-07-04T23:01:55Z</time></trkpt><trkpt lat="44.41456425773645" lon="-64.24713439858587"><time>2026-07-04T23:01:56Z</time></trkpt><trkpt lat="44.414532746863635" lon="-64.24712646445556"><time>2026-07-04T23:01:57Z</time></trkpt><trkpt lat="44.41450057692911" lon="-64.24712016026135"><time>2026-07-04T23:01:58Z</time></trkpt><trkpt lat="44.414467524048156" lon="-64.24711340263887"><time>2026-07-04T23:01:59Z</time></trkpt><trkpt lat="44.41443417676169" lon="-64.24710750180496"><time>2026-07-04T23:02:00Z</time></trkpt><trkpt lat="44.414401343556314" lon="-64.24710167001881"><time>2026-07-04T23:02:01Z</time></trkpt><trkpt lat="44.414367920649724" lon="-64.24709639842204"><time>2026-07-04T23:02:02Z</time></trkpt><trkpt lat="44.414333568403045" lon="-64.24709037367204"><time>2026-07-04T23:02:03Z</time></trkpt><trkpt lat="44.41429891318108" lon="-64.24708481658708"><time>2026-07-04T23:02:04Z</time></trkpt><trkpt lat="44.41426432960524" lon="-64.24708128429151"><time>2026-07-04T23:02:05Z</time></trkpt><trkpt lat="44.41423100257681" lon="-64.24708053279146"><time>2026-07-04T23:02:06Z</time></trkpt><trkpt lat="44.41419888721897" lon="-64.24708331199255"><time>2026-07-04T23:02:07Z</time></trkpt><trkpt lat="44.414166203218244" lon="-64.24708657370877"><time>2026-07-04T23:02:08Z</time></trkpt><trkpt lat="44.4141339849334" lon="-64.24708683470625"><time>2026-07-04T23:02:09Z</time></trkpt><trkpt lat="44.41410213963234" lon="-64.24708447588571"><time>2026-07-04T23:02:10Z</time></trkpt><trkpt lat="44.41406954665119" lon="-64.2470796346593"><time>2026-07-04T23:02:11Z</time></trkpt><trkpt lat="44.41403591217638" lon="-64.24707546699511"><time>2026-07-04T23:02:12Z</time></trkpt><trkpt lat="44.414001523533535" lon="-64.2470717723186"><time>2026-07-04T23:02:13Z</time></trkpt><trkpt lat="44.413968329534974" lon="-64.24706947211963"><time>2026-07-04T23:02:14Z</time></trkpt><trkpt lat="44.41393674258694" lon="-64.24706998625878"><time>2026-07-04T23:02:15Z</time></trkpt><trkpt lat="44.413906016033145" lon="-64.24706960904463"><time>2026-07-04T23:02:16Z</time></trkpt><trkpt lat="44.41387490394153" lon="-64.24706541337177"><time>2026-07-04T23:02:17Z</time></trkpt><trkpt lat="44.413843583026136" lon="-64.24705669580517"><time>2026-07-04T23:02:18Z</time></trkpt><trkpt lat="44.41381035906536" lon="-64.24704588400631"><time>2026-07-04T23:02:19Z</time></trkpt><trkpt lat="44.4137775249612" lon="-64.24703620832074"><time>2026-07-04T23:02:20Z</time></trkpt><trkpt lat="44.413746343132416" lon="-64.24703252174986"><time>2026-07-04T23:02:21Z</time></trkpt><trkpt lat="44.41371569216545" lon="-64.24702952470699"><time>2026-07-04T23:02:22Z</time></trkpt><trkpt lat="44.413684830296134" lon="-64.24702353453858"><time>2026-07-04T23:02:23Z</time></trkpt><trkpt lat="44.413653139560296" lon="-64.24701263633901"><time>2026-07-04T23:02:24Z</time></trkpt><trkpt lat="44.4136208622788" lon="-64.24699957317485"><time>2026-07-04T23:02:25Z</time></trkpt><trkpt lat="44.41359008728495" lon="-64.24698791523906"><time>2026-07-04T23:02:26Z</time></trkpt><trkpt lat="44.41355889753277" lon="-64.24697801011277"><time>2026-07-04T23:02:27Z</time></trkpt><trkpt lat="44.41352801852943" lon="-64.246969174959"><time>2026-07-04T23:02:28Z</time></trkpt><trkpt lat="44.413497242078506" lon="-64.24695899358177"><time>2026-07-04T23:02:29Z</time></trkpt><trkpt lat="44.41346701907891" lon="-64.2469458884407"><time>2026-07-04T23:02:30Z</time></trkpt><trkpt lat="44.413437697405726" lon="-64.24692899405423"><time>2026-07-04T23:02:31Z</time></trkpt><trkpt lat="44.413408534028754" lon="-64.24691107599595"><time>2026-07-04T23:02:32Z</time></trkpt><trkpt lat="44.41337900227031" lon="-64.24689256961716"><time>2026-07-04T23:02:33Z</time></trkpt><trkpt lat="44.41335096058826" lon="-64.24687698103658"><time>2026-07-04T23:02:34Z</time></trkpt><trkpt lat="44.413321922093225" lon="-64.24686435560967"><time>2026-07-04T23:02:35Z</time></trkpt><trkpt lat="44.413291147660715" lon="-64.24685228215935"><time>2026-07-04T23:02:36Z</time></trkpt><trkpt lat="44.41326076376141" lon="-64.2468401712014"><time>2026-07-04T23:02:37Z</time></trkpt><trkpt lat="44.41323068574596" lon="-64.24682896942375"><time>2026-07-04T23:02:38Z</time></trkpt><trkpt lat="44.41320108431611" lon="-64.24681845467549"><time>2026-07-04T23:02:39Z</time></trkpt><trkpt lat="44.41317287704759" lon="-64.24680752097052"><time>2026-07-04T23:02:40Z</time></trkpt><trkpt lat="44.41314295255513" lon="-64.24679388033903"><time>2026-07-04T23:02:41Z</time></trkpt><trkpt lat="44.41311347090654" lon="-64.2467786397706"><time>2026-07-04T23:02:42Z</time></trkpt><trkpt lat="44.41308494848766" lon="-64.24676500550636"><time>2026-07-04T23:02:43Z</time></trkpt><trkpt lat="44.413055098637926" lon="-64.24675313342404"><time>2026-07-04T23:02:44Z</time></trkpt><trkpt lat="44.41302423383977" lon="-64.24674243995969"><time>2026-07-04T23:02:45Z</time></trkpt><trkpt lat="44.412994752501525" lon="-64.24673483066451"><time>2026-07-04T23:02:46Z</time></trkpt><trkpt lat="44.41296567758273" lon="-64.24672704994522"><time>2026-07-04T23:02:47Z</time></trkpt><trkpt lat="44.41293562015828" lon="-64.24671893699026"><time>2026-07-04T23:02:48Z</time></trkpt><trkpt lat="44.41290526904409" lon="-64.2467088196641"><time>2026-07-04T23:02:49Z</time></trkpt><trkpt lat="44.412874138817735" lon="-64.24669686164543"><time>2026-07-04T23:02:50Z</time></trkpt><trkpt lat="44.41284587214542" lon="-64.24668749070793"><time>2026-07-04T23:02:51Z</time></trkpt><trkpt lat="44.41281684303281" lon="-64.24668004705991"><time>2026-07-04T23:02:52Z</time></trkpt><trkpt lat="44.41278676808092" lon="-64.24667254177511"><time>2026-07-04T23:02:53Z</time></trkpt><trkpt lat="44.4127564536678" lon="-64.24666429209114"><time>2026-07-04T23:02:54Z</time></trkpt><trkpt lat="44.41272697992137" lon="-64.24665584493366"><time>2026-07-04T23:02:55Z</time></trkpt><trkpt lat="44.41269831071837" lon="-64.24664662432865"><time>2026-07-04T23:02:56Z</time></trkpt><trkpt lat="44.4126687257208" lon="-64.24663639649911"><time>2026-07-04T23:02:57Z</time></trkpt><trkpt lat="44.41263928240668" lon="-64.24662614726"><time>2026-07-04T23:02:58Z</time></trkpt><trkpt lat="44.41260865597142" lon="-64.2466151675151"><time>2026-07-04T23:02:59Z</time></trkpt><trkpt lat="44.41257820903987" lon="-64.24660430497083"><time>2026-07-04T23:03:00Z</time></trkpt><trkpt lat="44.41254831704432" lon="-64.24659411088281"><time>2026-07-04T23:03:01Z</time></trkpt><trkpt lat="44.41251744968452" lon="-64.24658313246253"><time>2026-07-04T23:03:02Z</time></trkpt><trkpt lat="44.41248768342999" lon="-64.24657308757924"><time>2026-07-04T23:03:03Z</time></trkpt><trkpt lat="44.41245762359" lon="-64.24656156000898"><time>2026-07-04T23:03:04Z</time></trkpt><trkpt lat="44.41242620035486" lon="-64.24654806889238"><time>2026-07-04T23:03:05Z</time></trkpt><trkpt lat="44.41239406327789" lon="-64.24653481027175"><time>2026-07-04T23:03:06Z</time></trkpt><trkpt lat="44.41236296225488" lon="-64.24652450917826"><time>2026-07-04T23:03:07Z</time></trkpt><trkpt lat="44.412331333737505" lon="-64.24651658056392"><time>2026-07-04T23:03:08Z</time></trkpt><trkpt lat="44.41229874051445" lon="-64.24650907697948"><time>2026-07-04T23:03:09Z</time></trkpt><trkpt lat="44.41226616727146" lon="-64.24650165002942"><time>2026-07-04T23:03:10Z</time></trkpt><trkpt lat="44.41223458905202" lon="-64.2464934119782"><time>2026-07-04T23:03:11Z</time></trkpt><trkpt lat="44.412202538959235" lon="-64.24648209798731"><time>2026-07-04T23:03:12Z</time></trkpt><trkpt lat="44.41217052222505" lon="-64.24646339440875"><time>2026-07-04T23:03:13Z</time></trkpt><trkpt lat="44.41213735188855" lon="-64.24644097719046"><time>2026-07-04T23:03:14Z</time></trkpt><trkpt lat="44.412104342267575" lon="-64.24642100096251"><time>2026-07-04T23:03:15Z</time></trkpt><trkpt lat="44.41207362431176" lon="-64.24640821542735"><time>2026-07-04T23:03:16Z</time></trkpt><trkpt lat="44.412040193312784" lon="-64.24639980995154"><time>2026-07-04T23:03:17Z</time></trkpt><trkpt lat="44.41200713233474" lon="-64.24639207012618"><time>2026-07-04T23:03:18Z</time></trkpt><trkpt lat="44.41197576734739" lon="-64.24638308667723"><time>2026-07-04T23:03:19Z</time></trkpt><trkpt lat="44.41194264706222" lon="-64.24637138742246"><time>2026-07-04T23:03:20Z</time></trkpt><trkpt lat="44.41191173380114" lon="-64.24635633166257"><time>2026-07-04T23:03:21Z</time></trkpt><trkpt lat="44.4118808988794" lon="-64.24633853881465"><time>2026-07-04T23:03:22Z</time></trkpt><trkpt lat="44.41185034987816" lon="-64.24631823448188"><time>2026-07-04T23:03:23Z</time></trkpt><trkpt lat="44.41182005615587" lon="-64.24630042295198"><time>2026-07-04T23:03:24Z</time></trkpt><trkpt lat="44.411789368072434" lon="-64.24628848186732"><time>2026-07-04T23:03:25Z</time></trkpt><trkpt lat="44.411757531565534" lon="-64.24628097395096"><time>2026-07-04T23:03:26Z</time></trkpt><trkpt lat="44.411725588892615" lon="-64.24627864697304"><time>2026-07-04T23:03:27Z</time></trkpt><trkpt lat="44.41169218552199" lon="-64.24627961205351"><time>2026-07-04T23:03:28Z</time></trkpt><trkpt lat="44.41166078588574" lon="-64.24628464889544"><time>2026-07-04T23:03:29Z</time></trkpt><trkpt lat="44.411630828858236" lon="-64.24629216747763"><time>2026-07-04T23:03:30Z</time></trkpt><trkpt lat="44.41160182711722" lon="-64.2463001909224"><time>2026-07-04T23:03:31Z</time></trkpt><trkpt lat="44.41157336580992" lon="-64.24630700238149"><time>2026-07-04T23:03:32Z</time></trkpt><trkpt lat="44.41154396556261" lon="-64.24631195933065"><time>2026-07-04T23:03:33Z</time></trkpt><trkpt lat="44.41151314078825" lon="-64.24631530551446"><time>2026-07-04T23:03:34Z</time></trkpt><trkpt lat="44.41148347895258" lon="-64.24631757226324"><time>2026-07-04T23:03:35Z</time></trkpt><trkpt lat="44.411453846346944" lon="-64.24632100962592"><time>2026-07-04T23:03:36Z</time></trkpt><trkpt lat="44.411424342898535" lon="-64.2463228943836"><time>2026-07-04T23:03:37Z</time></trkpt><trkpt lat="44.411394188072215" lon="-64.24632416779338"><time>2026-07-04T23:03:38Z</time></trkpt><trkpt lat="44.41136396844314" lon="-64.24632505225702"><time>2026-07-04T23:03:39Z</time></trkpt><trkpt lat="44.41133382877384" lon="-64.2463265445713"><time>2026-07-04T23:03:40Z</time></trkpt><trkpt lat="44.411305358776815" lon="-64.24632998664286"><time>2026-07-04T23:03:41Z</time></trkpt><trkpt lat="44.41127740483969" lon="-64.24633368683904"><time>2026-07-04T23:03:42Z</time></trkpt><trkpt lat="44.41125033754801" lon="-64.24633765940793"><time>2026-07-04T23:03:43Z</time></trkpt><trkpt lat="44.411223419418505" lon="-64.24634041172077"><time>2026-07-04T23:03:44Z</time></trkpt><trkpt lat="44.411195718569985" lon="-64.24634264116773"><time>2026-07-04T23:03:45Z</time></trkpt><trkpt lat="44.41116882810381" lon="-64.2463440437376"><time>2026-07-04T23:03:46Z</time></trkpt><trkpt lat="44.411141844857276" lon="-64.24634556047673"><time>2026-07-04T23:03:47Z</time></trkpt><trkpt lat="44.411115679910374" lon="-64.24634570250866"><time>2026-07-04T23:03:48Z</time></trkpt><trkpt lat="44.411091092764195" lon="-64.24634575821298"><time>2026-07-04T23:03:49Z</time></trkpt><trkpt lat="44.411066720408236" lon="-64.24634587812142"><time>2026-07-04T23:03:50Z</time></trkpt><trkpt lat="44.41104306309653" lon="-64.24634416516064"><time>2026-07-04T23:03:51Z</time></trkpt><trkpt lat="44.41101937060215" lon="-64.24634090142914"><time>2026-07-04T23:03:52Z</time></trkpt><trkpt lat="44.41099524426704" lon="-64.24633594429706"><time>2026-07-04T23:03:53Z</time></trkpt><trkpt lat="44.410973030551816" lon="-64.24633108884704"><time>2026-07-04T23:03:54Z</time></trkpt><trkpt lat="44.41095080805341" lon="-64.24632620914163"><time>2026-07-04T23:03:55Z</time></trkpt><trkpt lat="44.410927988429854" lon="-64.24631902893162"><time>2026-07-04T23:03:56Z</time></trkpt><trkpt lat="44.41090657981736" lon="-64.24631109122474"><time>2026-07-04T23:03:57Z</time></trkpt><trkpt lat="44.41088466178746" lon="-64.2463052160909"><time>2026-07-04T23:03:58Z</time></trkpt><trkpt lat="44.41086161130723" lon="-64.24629858893421"><time>2026-07-04T23:03:59Z</time></trkpt><trkpt lat="44.410837047815534" lon="-64.2462912314478"><time>2026-07-04T23:04:00Z</time></trkpt><trkpt lat="44.41081212318449" lon="-64.24628469132678"><time>2026-07-04T23:04:01Z</time></trkpt><trkpt lat="44.41078706332956" lon="-64.24628126368471"><time>2026-07-04T23:04:02Z</time></trkpt><trkpt lat="44.4107635085871" lon="-64.24628018528001"><time>2026-07-04T23:04:03Z</time></trkpt><trkpt lat="44.410738587168666" lon="-64.24627887376658"><time>2026-07-04T23:04:04Z</time></trkpt><trkpt lat="44.41071361622745" lon="-64.24627439427518"><time>2026-07-04T23:04:05Z</time></trkpt><trkpt lat="44.4106873313633" lon="-64.24626660578892"><time>2026-07-04T23:04:06Z</time></trkpt><trkpt lat="44.410659440089" lon="-64.24625690343915"><time>2026-07-04T23:04:07Z</time></trkpt><trkpt lat="44.41063145776705" lon="-64.24624588480614"><time>2026-07-04T23:04:08Z</time></trkpt><trkpt lat="44.41060287435299" lon="-64.24623522700679"><time>2026-07-04T23:04:09Z</time></trkpt><trkpt lat="44.41057266918774" lon="-64.24622539157131"><time>2026-07-04T23:04:10Z</time></trkpt><trkpt lat="44.4105416267023" lon="-64.24621753491918"><time>2026-07-04T23:04:11Z</time></trkpt><trkpt lat="44.41051042489609" lon="-64.24621028596427"><time>2026-07-04T23:04:12Z</time></trkpt><trkpt lat="44.41047943671528" lon="-64.24620467837298"><time>2026-07-04T23:04:13Z</time></trkpt><trkpt lat="44.410447978609795" lon="-64.2461987825826"><time>2026-07-04T23:04:14Z</time></trkpt><trkpt lat="44.41041598437687" lon="-64.2461927489419"><time>2026-07-04T23:04:15Z</time></trkpt><trkpt lat="44.4103837050296" lon="-64.24618647779954"><time>2026-07-04T23:04:16Z</time></trkpt><trkpt lat="44.41035090214849" lon="-64.24617907079943"><time>2026-07-04T23:04:17Z</time></trkpt><trkpt lat="44.41031862759194" lon="-64.24617127798612"><time>2026-07-04T23:04:18Z</time></trkpt><trkpt lat="44.41028754460846" lon="-64.24616509000742"><time>2026-07-04T23:04:19Z</time></trkpt><trkpt lat="44.410257314326685" lon="-64.24615994503449"><time>2026-07-04T23:04:20Z</time></trkpt><trkpt lat="44.41022782967935" lon="-64.2461538727985"><time>2026-07-04T23:04:21Z</time></trkpt><trkpt lat="44.410198263400815" lon="-64.24614598693296"><time>2026-07-04T23:04:22Z</time></trkpt><trkpt lat="44.41016868201851" lon="-64.24613671909923"><time>2026-07-04T23:04:23Z</time></trkpt><trkpt lat="44.410139726718505" lon="-64.24612684287574"><time>2026-07-04T23:04:24Z</time></trkpt><trkpt lat="44.4101108000625" lon="-64.24611842059724"><time>2026-07-04T23:04:25Z</time></trkpt><trkpt lat="44.4100810004353" lon="-64.24611227977003"><time>2026-07-04T23:04:26Z</time></trkpt><trkpt lat="44.41005190222865" lon="-64.24610718912507"><time>2026-07-04T23:04:27Z</time></trkpt><trkpt lat="44.41002255611244" lon="-64.24610130761087"><time>2026-07-04T23:04:28Z</time></trkpt><trkpt lat="44.40999296799006" lon="-64.24609396157894"><time>2026-07-04T23:04:29Z</time></trkpt><trkpt lat="44.409963363883904" lon="-64.24608722249218"><time>2026-07-04T23:04:30Z</time></trkpt><trkpt lat="44.4099339300327" lon="-64.24608080464965"><time>2026-07-04T23:04:31Z</time></trkpt><trkpt lat="44.40990581325217" lon="-64.2460773348659"><time>2026-07-04T23:04:32Z</time></trkpt><trkpt lat="44.409877182118684" lon="-64.24607515384305"><time>2026-07-04T23:04:33Z</time></trkpt><trkpt lat="44.409847804370536" lon="-64.24607261544487"><time>2026-07-04T23:04:34Z</time></trkpt><trkpt lat="44.40981973551654" lon="-64.24607003226866"><time>2026-07-04T23:04:35Z</time></trkpt><trkpt lat="44.409792203079896" lon="-64.24606825210927"><time>2026-07-04T23:04:36Z</time></trkpt><trkpt lat="44.409764557289016" lon="-64.24606551581509"><time>2026-07-04T23:04:37Z</time></trkpt><trkpt lat="44.40973703237783" lon="-64.24606059611581"><time>2026-07-04T23:04:38Z</time></trkpt><trkpt lat="44.409709744003756" lon="-64.24605551533352"><time>2026-07-04T23:04:39Z</time></trkpt><trkpt lat="44.4096819472257" lon="-64.24605104380724"><time>2026-07-04T23:04:40Z</time></trkpt><trkpt lat="44.40965321955887" lon="-64.24604639224364"><time>2026-07-04T23:04:41Z</time></trkpt><trkpt lat="44.40962473685913" lon="-64.24604319379966"><time>2026-07-04T23:04:42Z</time></trkpt><trkpt lat="44.40959639423542" lon="-64.24604053966999"><time>2026-07-04T23:04:43Z</time></trkpt><trkpt lat="44.409567332104544" lon="-64.24603847639015"><time>2026-07-04T23:04:44Z</time></trkpt><trkpt lat="44.4095379560528" lon="-64.24603682556246"><time>2026-07-04T23:04:45Z</time></trkpt><trkpt lat="44.409508692932555" lon="-64.24603456166197"><time>2026-07-04T23:04:46Z</time></trkpt><trkpt lat="44.4094792325916" lon="-64.24603216470821"><time>2026-07-04T23:04:47Z</time></trkpt><trkpt lat="44.40944847444046" lon="-64.24602904363348"><time>2026-07-04T23:04:48Z</time></trkpt><trkpt lat="44.409417024096655" lon="-64.24602671037688"><time>2026-07-04T23:04:49Z</time></trkpt><trkpt lat="44.409386245679705" lon="-64.24602624763372"><time>2026-07-04T23:04:50Z</time></trkpt><trkpt lat="44.40935609105095" lon="-64.24602822257083"><time>2026-07-04T23:04:51Z</time></trkpt><trkpt lat="44.40932640385991" lon="-64.24603024564384"><time>2026-07-04T23:04:52Z</time></trkpt><trkpt lat="44.409296927305135" lon="-64.24603192053894"><time>2026-07-04T23:04:53Z</time></trkpt><trkpt lat="44.40926674556353" lon="-64.24603278218564"><time>2026-07-04T23:04:54Z</time></trkpt><trkpt lat="44.409236706111166" lon="-64.24603306679246"><time>2026-07-04T23:04:55Z</time></trkpt><trkpt lat="44.40920659204723" lon="-64.24603325818643"><time>2026-07-04T23:04:56Z</time></trkpt><trkpt lat="44.40917813557739" lon="-64.24603326304079"><time>2026-07-04T23:04:57Z</time></trkpt><trkpt lat="44.409149755847906" lon="-64.24603530864847"><time>2026-07-04T23:04:58Z</time></trkpt><trkpt lat="44.409122025434186" lon="-64.24603853478771"><time>2026-07-04T23:04:59Z</time></trkpt><trkpt lat="44.40909423010209" lon="-64.24604203652109"><time>2026-07-04T23:05:00Z</time></trkpt><trkpt lat="44.409066766861386" lon="-64.24604519061951"><time>2026-07-04T23:05:01Z</time></trkpt><trkpt lat="44.40903956501804" lon="-64.24604790033084"><time>2026-07-04T23:05:02Z</time></trkpt><trkpt lat="44.409012247500854" lon="-64.24604981815368"><time>2026-07-04T23:05:03Z</time></trkpt><trkpt lat="44.40898557955215" lon="-64.24605180082118"><time>2026-07-04T23:05:04Z</time></trkpt><trkpt lat="44.408959895716215" lon="-64.24605281764406"><time>2026-07-04T23:05:05Z</time></trkpt><trkpt lat="44.408934668304035" lon="-64.24605322476792"><time>2026-07-04T23:05:06Z</time></trkpt><trkpt lat="44.408909809163156" lon="-64.24605297838623"><time>2026-07-04T23:05:07Z</time></trkpt><trkpt lat="44.408885248733995" lon="-64.24605199323324"><time>2026-07-04T23:05:08Z</time></trkpt><trkpt lat="44.408861397218416" lon="-64.24605084628513"><time>2026-07-04T23:05:09Z</time></trkpt><trkpt lat="44.40883848399823" lon="-64.2460506056741"><time>2026-07-04T23:05:10Z</time></trkpt><trkpt lat="44.40881615954069" lon="-64.24605152264635"><time>2026-07-04T23:05:11Z</time></trkpt><trkpt lat="44.40879318632823" lon="-64.24605147813885"><time>2026-07-04T23:05:12Z</time></trkpt><trkpt lat="44.40876936676848" lon="-64.24604940338233"><time>2026-07-04T23:05:13Z</time></trkpt><trkpt lat="44.40874552561121" lon="-64.24604664571186"><time>2026-07-04T23:05:14Z</time></trkpt><trkpt lat="44.4087218288958" lon="-64.24604297649724"><time>2026-07-04T23:05:15Z</time></trkpt><trkpt lat="44.40869824291881" lon="-64.24603979535229"><time>2026-07-04T23:05:16Z</time></trkpt><trkpt lat="44.40867362732746" lon="-64.24603604515583"><time>2026-07-04T23:05:17Z</time></trkpt><trkpt lat="44.40864877219711" lon="-64.24603283381963"><time>2026-07-04T23:05:18Z</time></trkpt><trkpt lat="44.408624396111534" lon="-64.2460306488651"><time>2026-07-04T23:05:19Z</time></trkpt><trkpt lat="44.40859947900966" lon="-64.2460286445743"><time>2026-07-04T23:05:20Z</time></trkpt><trkpt lat="44.408574084250446" lon="-64.24602767337156"><time>2026-07-04T23:05:21Z</time></trkpt><trkpt lat="44.408548244898114" lon="-64.24602586266272"><time>2026-07-04T23:05:22Z</time></trkpt><trkpt lat="44.40852284049954" lon="-64.24602266174657"><time>2026-07-04T23:05:23Z</time></trkpt><trkpt lat="44.40849628954783" lon="-64.24601811407973"><time>2026-07-04T23:05:24Z</time></trkpt><trkpt lat="44.40846972390657" lon="-64.24601284501634"><time>2026-07-04T23:05:25Z</time></trkpt><trkpt lat="44.40844418219022" lon="-64.24600720716046"><time>2026-07-04T23:05:26Z</time></trkpt><trkpt lat="44.40841814161197" lon="-64.24600203571853"><time>2026-07-04T23:05:27Z</time></trkpt><trkpt lat="44.40839237729786" lon="-64.24599681472817"><time>2026-07-04T23:05:28Z</time></trkpt><trkpt lat="44.40836655790121" lon="-64.24599223951091"><time>2026-07-04T23:05:29Z</time></trkpt><trkpt lat="44.408339683528425" lon="-64.24598739454133"><time>2026-07-04T23:05:30Z</time></trkpt><trkpt lat="44.40831239486803" lon="-64.2459810111306"><time>2026-07-04T23:05:31Z</time></trkpt><trkpt lat="44.408285664692905" lon="-64.24597337187372"><time>2026-07-04T23:05:32Z</time></trkpt><trkpt lat="44.40825944336502" lon="-64.24596624705897"><time>2026-07-04T23:05:33Z</time></trkpt><trkpt lat="44.40823258963386" lon="-64.24596011360234"><time>2026-07-04T23:05:34Z</time></trkpt><trkpt lat="44.4082055572009" lon="-64.24595431117709"><time>2026-07-04T23:05:35Z</time></trkpt><trkpt lat="44.40817807807003" lon="-64.24594829232828"><time>2026-07-04T23:05:36Z</time></trkpt><trkpt lat="44.40815066488112" lon="-64.2459421319962"><time>2026-07-04T23:05:37Z</time></trkpt><trkpt lat="44.408123160345724" lon="-64.24593514755306"><time>2026-07-04T23:05:38Z</time></trkpt><trkpt lat="44.40809614352833" lon="-64.24592795408402"><time>2026-07-04T23:05:39Z</time></trkpt><trkpt lat="44.40806944331328" lon="-64.24592173233196"><time>2026-07-04T23:05:40Z</time></trkpt><trkpt lat="44.40804343634686" lon="-64.24591441123755"><time>2026-07-04T23:05:41Z</time></trkpt><trkpt lat="44.408018005247165" lon="-64.24590782510171"><time>2026-07-04T23:05:42Z</time></trkpt><trkpt lat="44.40799201912988" lon="-64.24589989042691"><time>2026-07-04T23:05:43Z</time></trkpt><trkpt lat="44.407966623482515" lon="-64.24588944477726"><time>2026-07-04T23:05:44Z</time></trkpt><trkpt lat="44.40794053399014" lon="-64.24587845638912"><time>2026-07-04T23:05:45Z</time></trkpt><trkpt lat="44.40791425364841" lon="-64.245866419654"><time>2026-07-04T23:05:46Z</time></trkpt><trkpt lat="44.407887268896246" lon="-64.24585419571078"><time>2026-07-04T23:05:47Z</time></trkpt><trkpt lat="44.407860256585245" lon="-64.2458427565811"><time>2026-07-04T23:05:48Z</time></trkpt><trkpt lat="44.407833005822866" lon="-64.24583345263011"><time>2026-07-04T23:05:49Z</time></trkpt><trkpt lat="44.40780494600791" lon="-64.2458250845263"><time>2026-07-04T23:05:50Z</time></trkpt><trkpt lat="44.40777654200563" lon="-64.2458180055695"><time>2026-07-04T23:05:51Z</time></trkpt><trkpt lat="44.40774722364747" lon="-64.2458097701239"><time>2026-07-04T23:05:52Z</time></trkpt><trkpt lat="44.40771794667463" lon="-64.24580026798947"><time>2026-07-04T23:05:53Z</time></trkpt><trkpt lat="44.40768883911278" lon="-64.24578848759188"><time>2026-07-04T23:05:54Z</time></trkpt><trkpt lat="44.40766021356644" lon="-64.24577607234012"><time>2026-07-04T23:05:55Z</time></trkpt><trkpt lat="44.407631021648264" lon="-64.2457633908447"><time>2026-07-04T23:05:56Z</time></trkpt><trkpt lat="44.407601776936886" lon="-64.24574941352707"><time>2026-07-04T23:05:57Z</time></trkpt><trkpt lat="44.40757200514308" lon="-64.2457345905104"><time>2026-07-04T23:05:58Z</time></trkpt><trkpt lat="44.40754267921357" lon="-64.24572070653743"><time>2026-07-04T23:05:59Z</time></trkpt><trkpt lat="44.40751248782327" lon="-64.24570671013811"><time>2026-07-04T23:06:00Z</time></trkpt><trkpt lat="44.4074834591304" lon="-64.24569417759797"><time>2026-07-04T23:06:01Z</time></trkpt><trkpt lat="44.407454148516166" lon="-64.2456814978289"><time>2026-07-04T23:06:02Z</time></trkpt><trkpt lat="44.407424995937106" lon="-64.24566884041721"><time>2026-07-04T23:06:03Z</time></trkpt><trkpt lat="44.4073953679212" lon="-64.2456564003159"><time>2026-07-04T23:06:04Z</time></trkpt><trkpt lat="44.40736585032576" lon="-64.24564487549299"><time>2026-07-04T23:06:05Z</time></trkpt><trkpt lat="44.40733642724804" lon="-64.24563468729575"><time>2026-07-04T23:06:06Z</time></trkpt><trkpt lat="44.40730691052987" lon="-64.24562669274421"><time>2026-07-04T23:06:07Z</time></trkpt><trkpt lat="44.407277027346055" lon="-64.24562130222522"><time>2026-07-04T23:06:08Z</time></trkpt><trkpt lat="44.40724746427867" lon="-64.24561625279424"><time>2026-07-04T23:06:09Z</time></trkpt><trkpt lat="44.40721865655878" lon="-64.24561128103225"><time>2026-07-04T23:06:10Z</time></trkpt><trkpt lat="44.4071900562549" lon="-64.24560536772628"><time>2026-07-04T23:06:11Z</time></trkpt><trkpt lat="44.4071621246014" lon="-64.24559896049115"><time>2026-07-04T23:06:12Z</time></trkpt><trkpt lat="44.40713395643888" lon="-64.24559235888768"><time>2026-07-04T23:06:13Z</time></trkpt><trkpt lat="44.40710648180533" lon="-64.24558563832007"><time>2026-07-04T23:06:14Z</time></trkpt><trkpt lat="44.40707946950008" lon="-64.2455793376575"><time>2026-07-04T23:06:15Z</time></trkpt><trkpt lat="44.40705250078711" lon="-64.2455727488293"><time>2026-07-04T23:06:16Z</time></trkpt><trkpt lat="44.407026104442274" lon="-64.2455669430401"><time>2026-07-04T23:06:17Z</time></trkpt><trkpt lat="44.406999635192506" lon="-64.24556171616916"><time>2026-07-04T23:06:18Z</time></trkpt><trkpt lat="44.40697276482687" lon="-64.24555745136264"><time>2026-07-04T23:06:19Z</time></trkpt><trkpt lat="44.40694663154132" lon="-64.24555455327653"><time>2026-07-04T23:06:20Z</time></trkpt><trkpt lat="44.40692117413496" lon="-64.2455523954391"><time>2026-07-04T23:06:21Z</time></trkpt><trkpt lat="44.40689675895439" lon="-64.24555016690535"><time>2026-07-04T23:06:22Z</time></trkpt><trkpt lat="44.40687254566482" lon="-64.24554841179946"><time>2026-07-04T23:06:23Z</time></trkpt><trkpt lat="44.406849109596834" lon="-64.24554627965153"><time>2026-07-04T23:06:24Z</time></trkpt><trkpt lat="44.40682485268224" lon="-64.24554126741963"><time>2026-07-04T23:06:25Z</time></trkpt><trkpt lat="44.406801704669014" lon="-64.24553401805719"><time>2026-07-04T23:06:26Z</time></trkpt><trkpt lat="44.40677769651539" lon="-64.2455231915776"><time>2026-07-04T23:06:27Z</time></trkpt><trkpt lat="44.40675380266427" lon="-64.24551017386476"><time>2026-07-04T23:06:28Z</time></trkpt><trkpt lat="44.40672959868307" lon="-64.24549532928265"><time>2026-07-04T23:06:29Z</time></trkpt><trkpt lat="44.4067041001506" lon="-64.24547985569522"><time>2026-07-04T23:06:30Z</time></trkpt><trkpt lat="44.406679731803536" lon="-64.24546482259865"><time>2026-07-04T23:06:31Z</time></trkpt><trkpt lat="44.406655562494265" lon="-64.24545499134229"><time>2026-07-04T23:06:32Z</time></trkpt><trkpt lat="44.406629561527005" lon="-64.24544876600712"><time>2026-07-04T23:06:33Z</time></trkpt><trkpt lat="44.40660316219379" lon="-64.24544503390977"><time>2026-07-04T23:06:34Z</time></trkpt><trkpt lat="44.40657693342427" lon="-64.24544183203479"><time>2026-07-04T23:06:35Z</time></trkpt><trkpt lat="44.4065515427926" lon="-64.24543809546685"><time>2026-07-04T23:06:36Z</time></trkpt><trkpt lat="44.406526597930096" lon="-64.2454342611751"><time>2026-07-04T23:06:37Z</time></trkpt><trkpt lat="44.406502608871186" lon="-64.24543004885938"><time>2026-07-04T23:06:38Z</time></trkpt><trkpt lat="44.406478450467944" lon="-64.24542489175663"><time>2026-07-04T23:06:39Z</time></trkpt><trkpt lat="44.40645420280578" lon="-64.24541916879402"><time>2026-07-04T23:06:40Z</time></trkpt><trkpt lat="44.40643052178495" lon="-64.24541205044144"><time>2026-07-04T23:06:41Z</time></trkpt><trkpt lat="44.406407075429705" lon="-64.24540368494144"><time>2026-07-04T23:06:42Z</time></trkpt><trkpt lat="44.406383957197725" lon="-64.24539557857635"><time>2026-07-04T23:06:43Z</time></trkpt><trkpt lat="44.40636078829769" lon="-64.24538787716449"><time>2026-07-04T23:06:44Z</time></trkpt><trkpt lat="44.40633829054476" lon="-64.24538160913782"><time>2026-07-04T23:06:45Z</time></trkpt><trkpt lat="44.40631661563114" lon="-64.24537764369752"><time>2026-07-04T23:06:46Z</time></trkpt><trkpt lat="44.40629467680635" lon="-64.24537517281163"><time>2026-07-04T23:06:47Z</time></trkpt><trkpt lat="44.40627218668718" lon="-64.24537300756323"><time>2026-07-04T23:06:48Z</time></trkpt><trkpt lat="44.406249415218724" lon="-64.24536980376948"><time>2026-07-04T23:06:49Z</time></trkpt><trkpt lat="44.406226356517834" lon="-64.24536428707793"><time>2026-07-04T23:06:50Z</time></trkpt><trkpt lat="44.40620312515152" lon="-64.24535780766136"><time>2026-07-04T23:06:51Z</time></trkpt><trkpt lat="44.40617972538278" lon="-64.24535138176918"><time>2026-07-04T23:06:52Z</time></trkpt><trkpt lat="44.40615609073218" lon="-64.2453455256211"><time>2026-07-04T23:06:53Z</time></trkpt><trkpt lat="44.406132501737886" lon="-64.24534085782633"><time>2026-07-04T23:06:54Z</time></trkpt><trkpt lat="44.40610826349737" lon="-64.24533735046776"><time>2026-07-04T23:06:55Z</time></trkpt><trkpt lat="44.40608453642859" lon="-64.24533306551554"><time>2026-07-04T23:06:56Z</time></trkpt><trkpt lat="44.40605970005576" lon="-64.24532838632577"><time>2026-07-04T23:06:57Z</time></trkpt><trkpt lat="44.40603465530964" lon="-64.24532273471587"><time>2026-07-04T23:06:58Z</time></trkpt><trkpt lat="44.406009186462335" lon="-64.24531724000738"><time>2026-07-04T23:06:59Z</time></trkpt><trkpt lat="44.40598402505964" lon="-64.2453120342839"><time>2026-07-04T23:07:00Z</time></trkpt><trkpt lat="44.40595886082341" lon="-64.24530687182629"><time>2026-07-04T23:07:01Z</time></trkpt><trkpt lat="44.405933708165854" lon="-64.24530093019675"><time>2026-07-04T23:07:02Z</time></trkpt><trkpt lat="44.40590890208333" lon="-64.24529345078946"><time>2026-07-04T23:07:03Z</time></trkpt><trkpt lat="44.405884078958316" lon="-64.24528501589211"><time>2026-07-04T23:07:04Z</time></trkpt><trkpt lat="44.40585846614947" lon="-64.24527636702807"><time>2026-07-04T23:07:05Z</time></trkpt><trkpt lat="44.405832540524756" lon="-64.24526792812631"><time>2026-07-04T23:07:06Z</time></trkpt><trkpt lat="44.40580651608516" lon="-64.24525930095842"><time>2026-07-04T23:07:07Z</time></trkpt><trkpt lat="44.40578114524108" lon="-64.24525188924848"><time>2026-07-04T23:07:08Z</time></trkpt><trkpt lat="44.40575539726166" lon="-64.24524714276387"><time>2026-07-04T23:07:09Z</time></trkpt><trkpt lat="44.40572906932296" lon="-64.24524383968992"><time>2026-07-04T23:07:10Z</time></trkpt><trkpt lat="44.40570320900223" lon="-64.2452411987106"><time>2026-07-04T23:07:11Z</time></trkpt><trkpt lat="44.40567801855155" lon="-64.24523800027956"><time>2026-07-04T23:07:12Z</time></trkpt><trkpt lat="44.40565349034145" lon="-64.24523282042843"><time>2026-07-04T23:07:13Z</time></trkpt><trkpt lat="44.4056281458583" lon="-64.24522519647844"><time>2026-07-04T23:07:14Z</time></trkpt><trkpt lat="44.40560229786915" lon="-64.2452151358617"><time>2026-07-04T23:07:15Z</time></trkpt><trkpt lat="44.40557651914271" lon="-64.2452053659721"><time>2026-07-04T23:07:16Z</time></trkpt><trkpt lat="44.40555137859771" lon="-64.24519771298606"><time>2026-07-04T23:07:17Z</time></trkpt><trkpt lat="44.40552669343376" lon="-64.24519236202663"><time>2026-07-04T23:07:18Z</time></trkpt><trkpt lat="44.4055016375255" lon="-64.24518933935433"><time>2026-07-04T23:07:19Z</time></trkpt><trkpt lat="44.405477400639384" lon="-64.24518720305814"><time>2026-07-04T23:07:20Z</time></trkpt><trkpt lat="44.40545262413559" lon="-64.2451849913524"><time>2026-07-04T23:07:21Z</time></trkpt><trkpt lat="44.40542857796815" lon="-64.2451826433195"><time>2026-07-04T23:07:22Z</time></trkpt><trkpt lat="44.405404776266366" lon="-64.24517927744574"><time>2026-07-04T23:07:23Z</time></trkpt><trkpt lat="44.40538203314745" lon="-64.24517535646018"><time>2026-07-04T23:07:24Z</time></trkpt><trkpt lat="44.405359203926494" lon="-64.24517086623389"><time>2026-07-04T23:07:25Z</time></trkpt><trkpt lat="44.40533716640708" lon="-64.245165963277"><time>2026-07-04T23:07:26Z</time></trkpt><trkpt lat="44.405315401975066" lon="-64.24516149836064"><time>2026-07-04T23:07:27Z</time></trkpt><trkpt lat="44.40529352900915" lon="-64.24515703907427"><time>2026-07-04T23:07:28Z</time></trkpt><trkpt lat="44.40527221955599" lon="-64.24515304783387"><time>2026-07-04T23:07:29Z</time></trkpt><trkpt lat="44.40525166087639" lon="-64.24514950782876"><time>2026-07-04T23:07:30Z</time></trkpt><trkpt lat="44.40523156503086" lon="-64.24514583464746"><time>2026-07-04T23:07:31Z</time></trkpt><trkpt lat="44.40521173557085" lon="-64.24514232847189"><time>2026-07-04T23:07:32Z</time></trkpt><trkpt lat="44.40519127533793" lon="-64.24513809816354"><time>2026-07-04T23:07:33Z</time></trkpt><trkpt lat="44.40517130114801" lon="-64.24513488927818"><time>2026-07-04T23:07:34Z</time></trkpt><trkpt lat="44.40515123049585" lon="-64.24513127530308"><time>2026-07-04T23:07:35Z</time></trkpt><trkpt lat="44.40513151379241" lon="-64.24512714752422"><time>2026-07-04T23:07:36Z</time></trkpt><trkpt lat="44.40511238791904" lon="-64.24512337009742"><time>2026-07-04T23:07:37Z</time></trkpt><trkpt lat="44.40509329433874" lon="-64.24511953906807"><time>2026-07-04T23:07:38Z</time></trkpt><trkpt lat="44.40507442622248" lon="-64.24511618174205"><time>2026-07-04T23:07:39Z</time></trkpt><trkpt lat="44.40505529767883" lon="-64.24511228074309"><time>2026-07-04T23:07:40Z</time></trkpt><trkpt lat="44.405036425167204" lon="-64.24510869007264"><time>2026-07-04T23:07:41Z</time></trkpt><trkpt lat="44.40501760484961" lon="-64.24510437720669"><time>2026-07-04T23:07:42Z</time></trkpt><trkpt lat="44.40499924585021" lon="-64.24510045805636"><time>2026-07-04T23:07:43Z</time></trkpt><trkpt lat="44.4049808996376" lon="-64.24509657810734"><time>2026-07-04T23:07:44Z</time></trkpt><trkpt lat="44.40494516793409" lon="-64.24509196248849"><time>2026-07-04T23:07:46Z</time></trkpt><trkpt lat="44.40492671090188" lon="-64.24508946785826"><time>2026-07-04T23:07:47Z</time></trkpt><trkpt lat="44.40490806504297" lon="-64.24508677280772"><time>2026-07-04T23:07:48Z</time></trkpt><trkpt lat="44.404888832445295" lon="-64.24508431170526"><time>2026-07-04T23:07:49Z</time></trkpt><trkpt lat="44.40487005967852" lon="-64.24508174156364"><time>2026-07-04T23:07:50Z</time></trkpt><trkpt lat="44.404851082583214" lon="-64.24507778634276"><time>2026-07-04T23:07:51Z</time></trkpt><trkpt lat="44.40483103913423" lon="-64.24507214585267"><time>2026-07-04T23:07:52Z</time></trkpt><trkpt lat="44.40481062279922" lon="-64.24506483191453"><time>2026-07-04T23:07:53Z</time></trkpt><trkpt lat="44.40479048804779" lon="-64.24505667165815"><time>2026-07-04T23:07:54Z</time></trkpt><trkpt lat="44.404770136159605" lon="-64.24504822515274"><time>2026-07-04T23:07:55Z</time></trkpt><trkpt lat="44.40475009208892" lon="-64.24503960329557"><time>2026-07-04T23:07:56Z</time></trkpt><trkpt lat="44.404728445625686" lon="-64.24503087937315"><time>2026-07-04T23:07:57Z</time></trkpt><trkpt lat="44.40470688467577" lon="-64.24502318478467"><time>2026-07-04T23:07:58Z</time></trkpt><trkpt lat="44.40468532246929" lon="-64.24501743249556"><time>2026-07-04T23:07:59Z</time></trkpt><trkpt lat="44.404664188716104" lon="-64.24501412616272"><time>2026-07-04T23:08:00Z</time></trkpt><trkpt lat="44.40464433727077" lon="-64.24501352337337"><time>2026-07-04T23:08:01Z</time></trkpt><trkpt lat="44.40462438680964" lon="-64.24501605665456"><time>2026-07-04T23:08:02Z</time></trkpt><trkpt lat="44.40460515009704" lon="-64.24502058845543"><time>2026-07-04T23:08:03Z</time></trkpt><trkpt lat="44.404586309037484" lon="-64.24502587597081"><time>2026-07-04T23:08:04Z</time></trkpt><trkpt lat="44.40456754666037" lon="-64.2450293428901"><time>2026-07-04T23:08:05Z</time></trkpt><trkpt lat="44.4045490474329" lon="-64.24503014990763"><time>2026-07-04T23:08:06Z</time></trkpt><trkpt lat="44.404529557252985" lon="-64.24502835979231"><time>2026-07-04T23:08:07Z</time></trkpt><trkpt lat="44.40450997367465" lon="-64.24502302601857"><time>2026-07-04T23:08:08Z</time></trkpt><trkpt lat="44.404490863663455" lon="-64.24501709942095"><time>2026-07-04T23:08:09Z</time></trkpt><trkpt lat="44.404470949217405" lon="-64.24500892498551"><time>2026-07-04T23:08:10Z</time></trkpt><trkpt lat="44.40445174491707" lon="-64.24500020494693"><time>2026-07-04T23:08:11Z</time></trkpt><trkpt lat="44.4044321130783" lon="-64.24499160611047"><time>2026-07-04T23:08:12Z</time></trkpt><trkpt lat="44.40441288216612" lon="-64.24498307074599"><time>2026-07-04T23:08:13Z</time></trkpt><trkpt lat="44.40439412584228" lon="-64.24497385247122"><time>2026-07-04T23:08:14Z</time></trkpt><trkpt lat="44.40437488578375" lon="-64.24496481359417"><time>2026-07-04T23:08:15Z</time></trkpt><trkpt lat="44.404355791492705" lon="-64.2449553959294"><time>2026-07-04T23:08:16Z</time></trkpt><trkpt lat="44.404336106187785" lon="-64.24494485896213"><time>2026-07-04T23:08:17Z</time></trkpt><trkpt lat="44.40431676343745" lon="-64.2449324292006"><time>2026-07-04T23:08:18Z</time></trkpt><trkpt lat="44.4042975723775" lon="-64.24491916266336"><time>2026-07-04T23:08:19Z</time></trkpt><trkpt lat="44.40427836805451" lon="-64.24490604356056"><time>2026-07-04T23:08:20Z</time></trkpt><trkpt lat="44.40425892223628" lon="-64.24489382176955"><time>2026-07-04T23:08:21Z</time></trkpt><trkpt lat="44.40423921418366" lon="-64.24488249005324"><time>2026-07-04T23:08:22Z</time></trkpt><trkpt lat="44.40421986206709" lon="-64.24487319617641"><time>2026-07-04T23:08:23Z</time></trkpt><trkpt lat="44.4042005426722" lon="-64.24486406544688"><time>2026-07-04T23:08:24Z</time></trkpt><trkpt lat="44.40418103228945" lon="-64.24485610763509"><time>2026-07-04T23:08:25Z</time></trkpt><trkpt lat="44.40416144818965" lon="-64.24484878261522"><time>2026-07-04T23:08:26Z</time></trkpt><trkpt lat="44.40414175327158" lon="-64.24484232584862"><time>2026-07-04T23:08:27Z</time></trkpt><trkpt lat="44.40412239341391" lon="-64.24483680299856"><time>2026-07-04T23:08:28Z</time></trkpt><trkpt lat="44.404102165473056" lon="-64.24483108250628"><time>2026-07-04T23:08:29Z</time></trkpt><trkpt lat="44.404079829813234" lon="-64.24482423976838"><time>2026-07-04T23:08:30Z</time></trkpt><trkpt lat="44.40405971821744" lon="-64.2448161598024"><time>2026-07-04T23:08:31Z</time></trkpt><trkpt lat="44.40403972928395" lon="-64.24480625531123"><time>2026-07-04T23:08:32Z</time></trkpt><trkpt lat="44.40401806025351" lon="-64.24479755178146"><time>2026-07-04T23:08:33Z</time></trkpt><trkpt lat="44.40399838413294" lon="-64.24478212614486"><time>2026-07-04T23:08:34Z</time></trkpt><trkpt lat="44.403978380659446" lon="-64.2447686730175"><time>2026-07-04T23:08:35Z</time></trkpt><trkpt lat="44.40395744355062" lon="-64.24475506985125"><time>2026-07-04T23:08:36Z</time></trkpt><trkpt lat="44.40393635095236" lon="-64.24474186452537"><time>2026-07-04T23:08:37Z</time></trkpt><trkpt lat="44.40391422520606" lon="-64.24472805476321"><time>2026-07-04T23:08:38Z</time></trkpt><trkpt lat="44.403892429335954" lon="-64.24471460920947"><time>2026-07-04T23:08:39Z</time></trkpt><trkpt lat="44.403869905105566" lon="-64.24470225861452"><time>2026-07-04T23:08:40Z</time></trkpt><trkpt lat="44.40384741567076" lon="-64.24469119547014"><time>2026-07-04T23:08:41Z</time></trkpt><trkpt lat="44.4038252481829" lon="-64.24468118722763"><time>2026-07-04T23:08:42Z</time></trkpt><trkpt lat="44.40380290478017" lon="-64.24467245818016"><time>2026-07-04T23:08:43Z</time></trkpt><trkpt lat="44.40378141882208" lon="-64.24466311672627"><time>2026-07-04T23:08:44Z</time></trkpt><trkpt lat="44.40376033828101" lon="-64.24465264087925"><time>2026-07-04T23:08:45Z</time></trkpt><trkpt lat="44.40373930964509" lon="-64.24464068230064"><time>2026-07-04T23:08:46Z</time></trkpt><trkpt lat="44.40371817348784" lon="-64.24462755270761"><time>2026-07-04T23:08:47Z</time></trkpt><trkpt lat="44.403697674689326" lon="-64.24461416755997"><time>2026-07-04T23:08:48Z</time></trkpt><trkpt lat="44.40367728989623" lon="-64.24459969147172"><time>2026-07-04T23:08:49Z</time></trkpt><trkpt lat="44.40365723597175" lon="-64.2445839747461"><time>2026-07-04T23:08:50Z</time></trkpt><trkpt lat="44.40363700255823" lon="-64.24456801164735"><time>2026-07-04T23:08:51Z</time></trkpt><trkpt lat="44.40361648512628" lon="-64.2445515276965"><time>2026-07-04T23:08:52Z</time></trkpt><trkpt lat="44.403595311118984" lon="-64.24453535787936"><time>2026-07-04T23:08:53Z</time></trkpt><trkpt lat="44.4035741487491" lon="-64.24451857104128"><time>2026-07-04T23:08:54Z</time></trkpt><trkpt lat="44.403552899758225" lon="-64.24450267755799"><time>2026-07-04T23:08:55Z</time></trkpt><trkpt lat="44.40353162179741" lon="-64.24448754971822"><time>2026-07-04T23:08:56Z</time></trkpt><trkpt lat="44.40351017415334" lon="-64.24447410988202"><time>2026-07-04T23:08:57Z</time></trkpt><trkpt lat="44.403489173027815" lon="-64.24446141699714"><time>2026-07-04T23:08:58Z</time></trkpt><trkpt lat="44.403468044084214" lon="-64.24445097207962"><time>2026-07-04T23:08:59Z</time></trkpt><trkpt lat="44.403446870275395" lon="-64.24444176469046"><time>2026-07-04T23:09:00Z</time></trkpt><trkpt lat="44.40342632138772" lon="-64.24443592581082"><time>2026-07-04T23:09:01Z</time></trkpt><trkpt lat="44.40340557911933" lon="-64.2444319667112"><time>2026-07-04T23:09:02Z</time></trkpt><trkpt lat="44.40338510633745" lon="-64.2444293383258"><time>2026-07-04T23:09:03Z</time></trkpt><trkpt lat="44.403364297386965" lon="-64.24442816717834"><time>2026-07-04T23:09:04Z</time></trkpt><trkpt lat="44.403343436234735" lon="-64.24442609728871"><time>2026-07-04T23:09:05Z</time></trkpt><trkpt lat="44.40332306991284" lon="-64.244424319943"><time>2026-07-04T23:09:06Z</time></trkpt><trkpt lat="44.40330281483946" lon="-64.2444222129375"><time>2026-07-04T23:09:07Z</time></trkpt><trkpt lat="44.403283191449354" lon="-64.24441973967132"><time>2026-07-04T23:09:08Z</time></trkpt><trkpt lat="44.40326320635866" lon="-64.24441708782537"><time>2026-07-04T23:09:09Z</time></trkpt><trkpt lat="44.403242265379255" lon="-64.24441489364816"><time>2026-07-04T23:09:10Z</time></trkpt><trkpt lat="44.40322158244691" lon="-64.24441239592588"><time>2026-07-04T23:09:11Z</time></trkpt><trkpt lat="44.40320104695604" lon="-64.244409619117"><time>2026-07-04T23:09:12Z</time></trkpt><trkpt lat="44.40318077031285" lon="-64.24440757753419"><time>2026-07-04T23:09:13Z</time></trkpt><trkpt lat="44.403161287942275" lon="-64.24440693827555"><time>2026-07-04T23:09:14Z</time></trkpt><trkpt lat="44.40314113097457" lon="-64.2444063679107"><time>2026-07-04T23:09:15Z</time></trkpt><trkpt lat="44.40312046319409" lon="-64.24440641304946"><time>2026-07-04T23:09:16Z</time></trkpt><trkpt lat="44.40310007052768" lon="-64.24440625970925"><time>2026-07-04T23:09:17Z</time></trkpt><trkpt lat="44.403080258473885" lon="-64.24440653381131"><time>2026-07-04T23:09:18Z</time></trkpt><trkpt lat="44.403060352877496" lon="-64.24440726289305"><time>2026-07-04T23:09:19Z</time></trkpt><trkpt lat="44.40304016590503" lon="-64.24440745691957"><time>2026-07-04T23:09:20Z</time></trkpt><trkpt lat="44.4030207266855" lon="-64.24440853714556"><time>2026-07-04T23:09:21Z</time></trkpt><trkpt lat="44.40300026865967" lon="-64.24440923698006"><time>2026-07-04T23:09:22Z</time></trkpt><trkpt lat="44.4029798359068" lon="-64.2444089494518"><time>2026-07-04T23:09:23Z</time></trkpt><trkpt lat="44.4029580681128" lon="-64.2444086453516"><time>2026-07-04T23:09:24Z</time></trkpt><trkpt lat="44.40293555683447" lon="-64.24440782780415"><time>2026-07-04T23:09:25Z</time></trkpt><trkpt lat="44.40291373087268" lon="-64.2444084591047"><time>2026-07-04T23:09:26Z</time></trkpt><trkpt lat="44.402892628212406" lon="-64.24441176372399"><time>2026-07-04T23:09:27Z</time></trkpt><trkpt lat="44.40287151866083" lon="-64.24441682714307"><time>2026-07-04T23:09:28Z</time></trkpt><trkpt lat="44.40284973186055" lon="-64.24442288686282"><time>2026-07-04T23:09:29Z</time></trkpt><trkpt lat="44.40282841905028" lon="-64.244428986437"><time>2026-07-04T23:09:30Z</time></trkpt><trkpt lat="44.40280704078612" lon="-64.24443377305073"><time>2026-07-04T23:09:31Z</time></trkpt><trkpt lat="44.402784976397726" lon="-64.24443665860083"><time>2026-07-04T23:09:32Z</time></trkpt><trkpt lat="44.402761820607154" lon="-64.24443777898941"><time>2026-07-04T23:09:33Z</time></trkpt><trkpt lat="44.40273833779172" lon="-64.24443667392693"><time>2026-07-04T23:09:34Z</time></trkpt><trkpt lat="44.402714973891015" lon="-64.24443545384023"><time>2026-07-04T23:09:35Z</time></trkpt><trkpt lat="44.40269118123461" lon="-64.24443444824227"><time>2026-07-04T23:09:36Z</time></trkpt><trkpt lat="44.402667473447096" lon="-64.24443332372377"><time>2026-07-04T23:09:37Z</time></trkpt><trkpt lat="44.40264372072053" lon="-64.24443248377808"><time>2026-07-04T23:09:38Z</time></trkpt><trkpt lat="44.40261936855962" lon="-64.24443295968143"><time>2026-07-04T23:09:39Z</time></trkpt><trkpt lat="44.40259588810501" lon="-64.24443400883231"><time>2026-07-04T23:09:40Z</time></trkpt><trkpt lat="44.402572318157034" lon="-64.24443746179809"><time>2026-07-04T23:09:41Z</time></trkpt><trkpt lat="44.40254873043382" lon="-64.24444283391239"><time>2026-07-04T23:09:42Z</time></trkpt><trkpt lat="44.40252709721941" lon="-64.24445118742386"><time>2026-07-04T23:09:43Z</time></trkpt><trkpt lat="44.40250535454683" lon="-64.24446220099489"><time>2026-07-04T23:09:44Z</time></trkpt><trkpt lat="44.402484919881395" lon="-64.2444735339998"><time>2026-07-04T23:09:45Z</time></trkpt><trkpt lat="44.40246660970336" lon="-64.24448515375767"><time>2026-07-04T23:09:46Z</time></trkpt><trkpt lat="44.402448075894526" lon="-64.24449486979914"><time>2026-07-04T23:09:47Z</time></trkpt><trkpt lat="44.40242965120778" lon="-64.24450090445364"><time>2026-07-04T23:09:48Z</time></trkpt><trkpt lat="44.40240961056982" lon="-64.2445041063023"><time>2026-07-04T23:09:49Z</time></trkpt><trkpt lat="44.4023890425091" lon="-64.2445027094169"><time>2026-07-04T23:09:50Z</time></trkpt><trkpt lat="44.40236767655645" lon="-64.24449969838082"><time>2026-07-04T23:09:51Z</time></trkpt><trkpt lat="44.40234635133826" lon="-64.24449477088265"><time>2026-07-04T23:09:52Z</time></trkpt><trkpt lat="44.40232473228959" lon="-64.2444880252746"><time>2026-07-04T23:09:53Z</time></trkpt><trkpt lat="44.40230214253316" lon="-64.2444805010949"><time>2026-07-04T23:09:54Z</time></trkpt><trkpt lat="44.40227967357197" lon="-64.24447351004639"><time>2026-07-04T23:09:55Z</time></trkpt><trkpt lat="44.40225672953014" lon="-64.24446689700858"><time>2026-07-04T23:09:56Z</time></trkpt><trkpt lat="44.40223362193187" lon="-64.24446026326588"><time>2026-07-04T23:09:57Z</time></trkpt><trkpt lat="44.402210342672845" lon="-64.24445398148325"><time>2026-07-04T23:09:58Z</time></trkpt><trkpt lat="44.402186790751465" lon="-64.24444754998646"><time>2026-07-04T23:09:59Z</time></trkpt><trkpt lat="44.40216340154389" lon="-64.24444113602213"><time>2026-07-04T23:10:00Z</time></trkpt><trkpt lat="44.402140003869924" lon="-64.244435735275"><time>2026-07-04T23:10:01Z</time></trkpt><trkpt lat="44.40211702166601" lon="-64.24443109555294"><time>2026-07-04T23:10:02Z</time></trkpt><trkpt lat="44.40209349088338" lon="-64.24442590536957"><time>2026-07-04T23:10:03Z</time></trkpt><trkpt lat="44.40207035709775" lon="-64.24442027268992"><time>2026-07-04T23:10:04Z</time></trkpt><trkpt lat="44.4020476860165" lon="-64.24441401273369"><time>2026-07-04T23:10:05Z</time></trkpt><trkpt lat="44.40202495686848" lon="-64.24440848393725"><time>2026-07-04T23:10:06Z</time></trkpt><trkpt lat="44.402002485756675" lon="-64.24440310093003"><time>2026-07-04T23:10:07Z</time></trkpt><trkpt lat="44.4019796782359" lon="-64.24439826853691"><time>2026-07-04T23:10:08Z</time></trkpt><trkpt lat="44.40195805507938" lon="-64.24439266784923"><time>2026-07-04T23:10:09Z</time></trkpt><trkpt lat="44.40193583659371" lon="-64.24438584914617"><time>2026-07-04T23:10:10Z</time></trkpt><trkpt lat="44.40191378050216" lon="-64.24437818645573"><time>2026-07-04T23:10:11Z</time></trkpt><trkpt lat="44.40189163590424" lon="-64.2443695081817"><time>2026-07-04T23:10:12Z</time></trkpt><trkpt lat="44.40187003605048" lon="-64.24436214775392"><time>2026-07-04T23:10:13Z</time></trkpt><trkpt lat="44.40184789388022" lon="-64.24435447552794"><time>2026-07-04T23:10:14Z</time></trkpt><trkpt lat="44.40182663552435" lon="-64.24434804444485"><time>2026-07-04T23:10:15Z</time></trkpt><trkpt lat="44.40180453240053" lon="-64.24434334341143"><time>2026-07-04T23:10:16Z</time></trkpt><trkpt lat="44.40178243167194" lon="-64.2443402294059"><time>2026-07-04T23:10:17Z</time></trkpt><trkpt lat="44.4017607815229" lon="-64.24433762551458"><time>2026-07-04T23:10:18Z</time></trkpt><trkpt lat="44.40173874501793" lon="-64.24433694060058"><time>2026-07-04T23:10:19Z</time></trkpt><trkpt lat="44.40171609459396" lon="-64.24433834255406"><time>2026-07-04T23:10:20Z</time></trkpt><trkpt lat="44.40169362561841" lon="-64.24433947083266"><time>2026-07-04T23:10:21Z</time></trkpt><trkpt lat="44.40167170038659" lon="-64.2443408636748"><time>2026-07-04T23:10:22Z</time></trkpt><trkpt lat="44.401649900451716" lon="-64.2443415355102"><time>2026-07-04T23:10:23Z</time></trkpt><trkpt lat="44.401628499528016" lon="-64.24434157815526"><time>2026-07-04T23:10:24Z</time></trkpt><trkpt lat="44.401607377904256" lon="-64.2443409119684"><time>2026-07-04T23:10:25Z</time></trkpt><trkpt lat="44.40158634747884" lon="-64.24433910093113"><time>2026-07-04T23:10:26Z</time></trkpt><trkpt lat="44.40156481393223" lon="-64.24433692849475"><time>2026-07-04T23:10:27Z</time></trkpt><trkpt lat="44.40154393724164" lon="-64.24433366128447"><time>2026-07-04T23:10:28Z</time></trkpt><trkpt lat="44.401523523837426" lon="-64.24432998066005"><time>2026-07-04T23:10:29Z</time></trkpt><trkpt lat="44.401503131691086" lon="-64.24432666273012"><time>2026-07-04T23:10:30Z</time></trkpt><trkpt lat="44.401482667196326" lon="-64.24432265516926"><time>2026-07-04T23:10:31Z</time></trkpt><trkpt lat="44.401461805309765" lon="-64.24431855209671"><time>2026-07-04T23:10:32Z</time></trkpt><trkpt lat="44.40144135466936" lon="-64.24431446041432"><time>2026-07-04T23:10:33Z</time></trkpt><trkpt lat="44.40142065250703" lon="-64.2443095913727"><time>2026-07-04T23:10:34Z</time></trkpt><trkpt lat="44.40139973042933" lon="-64.244305101886"><time>2026-07-04T23:10:35Z</time></trkpt><trkpt lat="44.401378436738604" lon="-64.24430039744607"><time>2026-07-04T23:10:36Z</time></trkpt><trkpt lat="44.40135753267755" lon="-64.24429530177733"><time>2026-07-04T23:10:37Z</time></trkpt><trkpt lat="44.40133577461751" lon="-64.24428986883628"><time>2026-07-04T23:10:38Z</time></trkpt><trkpt lat="44.401313497971884" lon="-64.24428429761869"><time>2026-07-04T23:10:39Z</time></trkpt><trkpt lat="44.40129092885697" lon="-64.24427950401792"><time>2026-07-04T23:10:40Z</time></trkpt><trkpt lat="44.40126853051652" lon="-64.24427614056407"><time>2026-07-04T23:10:41Z</time></trkpt><trkpt lat="44.40124582982823" lon="-64.24427386935642"><time>2026-07-04T23:10:42Z</time></trkpt><trkpt lat="44.401223167873326" lon="-64.24427193959865"><time>2026-07-04T23:10:43Z</time></trkpt><trkpt lat="44.40120040315298" lon="-64.24426983937579"><time>2026-07-04T23:10:44Z</time></trkpt><trkpt lat="44.401178235935554" lon="-64.24426775396083"><time>2026-07-04T23:10:45Z</time></trkpt><trkpt lat="44.40115496736791" lon="-64.24426529587637"><time>2026-07-04T23:10:46Z</time></trkpt><trkpt lat="44.40113173268259" lon="-64.24426286909198"><time>2026-07-04T23:10:47Z</time></trkpt><trkpt lat="44.40110923860594" lon="-64.24426141190469"><time>2026-07-04T23:10:48Z</time></trkpt><trkpt lat="44.40108651980811" lon="-64.24426040742601"><time>2026-07-04T23:10:49Z</time></trkpt><trkpt lat="44.40106411813548" lon="-64.24426015353595"><time>2026-07-04T23:10:50Z</time></trkpt><trkpt lat="44.401041154560154" lon="-64.24426056970422"><time>2026-07-04T23:10:51Z</time></trkpt><trkpt lat="44.401018413618885" lon="-64.24426243520648"><time>2026-07-04T23:10:52Z</time></trkpt><trkpt lat="44.40099622876185" lon="-64.2442650115393"><time>2026-07-04T23:10:53Z</time></trkpt><trkpt lat="44.40097433536796" lon="-64.24426833923107"><time>2026-07-04T23:10:54Z</time></trkpt><trkpt lat="44.40095215342276" lon="-64.24427160589957"><time>2026-07-04T23:10:55Z</time></trkpt><trkpt lat="44.400930013367166" lon="-64.24427574867936"><time>2026-07-04T23:10:56Z</time></trkpt><trkpt lat="44.400907715054124" lon="-64.2442798092269"><time>2026-07-04T23:10:57Z</time></trkpt><trkpt lat="44.40088496138343" lon="-64.24428466009863"><time>2026-07-04T23:10:58Z</time></trkpt><trkpt lat="44.400863092552584" lon="-64.24428912404882"><time>2026-07-04T23:10:59Z</time></trkpt><trkpt lat="44.40084135190532" lon="-64.24429375644135"><time>2026-07-04T23:11:00Z</time></trkpt><trkpt lat="44.40082027663527" lon="-64.24429922626811"><time>2026-07-04T23:11:01Z</time></trkpt><trkpt lat="44.400799207126134" lon="-64.24430501357288"><time>2026-07-04T23:11:02Z</time></trkpt><trkpt lat="44.4007777067965" lon="-64.24431006029712"><time>2026-07-04T23:11:03Z</time></trkpt><trkpt lat="44.4007555874485" lon="-64.24431473780594"><time>2026-07-04T23:11:04Z</time></trkpt><trkpt lat="44.40073409438718" lon="-64.24431880836723"><time>2026-07-04T23:11:05Z</time></trkpt><trkpt lat="44.40071275445689" lon="-64.24432317887069"><time>2026-07-04T23:11:06Z</time></trkpt><trkpt lat="44.40069176454563" lon="-64.24432837584312"><time>2026-07-04T23:11:07Z</time></trkpt><trkpt lat="44.40067086526637" lon="-64.24433290659037"><time>2026-07-04T23:11:08Z</time></trkpt><trkpt lat="44.40064993850285" lon="-64.24433750923832"><time>2026-07-04T23:11:09Z</time></trkpt><trkpt lat="44.40062940232128" lon="-64.24434191055596"><time>2026-07-04T23:11:10Z</time></trkpt><trkpt lat="44.40060874047027" lon="-64.24434567259635"><time>2026-07-04T23:11:11Z</time></trkpt><trkpt lat="44.400588430051144" lon="-64.24434921518164"><time>2026-07-04T23:11:12Z</time></trkpt><trkpt lat="44.40056802497635" lon="-64.2443528046792"><time>2026-07-04T23:11:13Z</time></trkpt><trkpt lat="44.40054768696683" lon="-64.24435542410502"><time>2026-07-04T23:11:14Z</time></trkpt><trkpt lat="44.400527271586014" lon="-64.24435745721912"><time>2026-07-04T23:11:15Z</time></trkpt><trkpt lat="44.40050700282492" lon="-64.24435961849275"><time>2026-07-04T23:11:16Z</time></trkpt><trkpt lat="44.40048704829155" lon="-64.24436154181005"><time>2026-07-04T23:11:17Z</time></trkpt><trkpt lat="44.40046670650945" lon="-64.24436308498555"><time>2026-07-04T23:11:18Z</time></trkpt><trkpt lat="44.400446779637996" lon="-64.2443643063287"><time>2026-07-04T23:11:19Z</time></trkpt><trkpt lat="44.40042663955377" lon="-64.24436606248535"><time>2026-07-04T23:11:20Z</time></trkpt><trkpt lat="44.40040658162388" lon="-64.24436868918757"><time>2026-07-04T23:11:21Z</time></trkpt><trkpt lat="44.400386944760506" lon="-64.24437116766703"><time>2026-07-04T23:11:22Z</time></trkpt><trkpt lat="44.40036656707339" lon="-64.24437392993978"><time>2026-07-04T23:11:23Z</time></trkpt><trkpt lat="44.4003466867309" lon="-64.24437690431672"><time>2026-07-04T23:11:24Z</time></trkpt><trkpt lat="44.40032672209484" lon="-64.2443801786136"><time>2026-07-04T23:11:25Z</time></trkpt><trkpt lat="44.40030701296491" lon="-64.24438283878946"><time>2026-07-04T23:11:26Z</time></trkpt><trkpt lat="44.40028786408899" lon="-64.24438618322243"><time>2026-07-04T23:11:27Z</time></trkpt><trkpt lat="44.40026900288754" lon="-64.24438941215344"><time>2026-07-04T23:11:28Z</time></trkpt><trkpt lat="44.4002500044381" lon="-64.24439271003982"><time>2026-07-04T23:11:29Z</time></trkpt><trkpt lat="44.40023134802079" lon="-64.2443963722585"><time>2026-07-04T23:11:30Z</time></trkpt><trkpt lat="44.40021272469067" lon="-64.24440027611983"><time>2026-07-04T23:11:31Z</time></trkpt><trkpt lat="44.40019444830385" lon="-64.24440402688788"><time>2026-07-04T23:11:32Z</time></trkpt><trkpt lat="44.40017636311423" lon="-64.24440703394448"><time>2026-07-04T23:11:33Z</time></trkpt><trkpt lat="44.40015748632205" lon="-64.24440973122486"><time>2026-07-04T23:11:34Z</time></trkpt><trkpt lat="44.4001384115255" lon="-64.2444130946838"><time>2026-07-04T23:11:35Z</time></trkpt><trkpt lat="44.40011951029117" lon="-64.24441587645377"><time>2026-07-04T23:11:36Z</time></trkpt><trkpt lat="44.4001007587855" lon="-64.24441839585299"><time>2026-07-04T23:11:37Z</time></trkpt><trkpt lat="44.40008225701331" lon="-64.24442100300413"><time>2026-07-04T23:11:38Z</time></trkpt><trkpt lat="44.400063759237746" lon="-64.24442382727898"><time>2026-07-04T23:11:39Z</time></trkpt><trkpt lat="44.40004506594395" lon="-64.24442675710235"><time>2026-07-04T23:11:40Z</time></trkpt><trkpt lat="44.400025971778966" lon="-64.24442981142413"><time>2026-07-04T23:11:41Z</time></trkpt><trkpt lat="44.40000745407077" lon="-64.24443245455822"><time>2026-07-04T23:11:42Z</time></trkpt><trkpt lat="44.399989273042465" lon="-64.24443522903414"><time>2026-07-04T23:11:43Z</time></trkpt><trkpt lat="44.39997091352551" lon="-64.24443805757824"><time>2026-07-04T23:11:44Z</time></trkpt><trkpt lat="44.399952310154376" lon="-64.24444044892057"><time>2026-07-04T23:11:45Z</time></trkpt><trkpt lat="44.399916706950755" lon="-64.24444554509277"><time>2026-07-04T23:11:47Z</time></trkpt><trkpt lat="44.399898734470845" lon="-64.24444805896088"><time>2026-07-04T23:11:48Z</time></trkpt><trkpt lat="44.399864335717275" lon="-64.24445246712274"><time>2026-07-04T23:11:50Z</time></trkpt><trkpt lat="44.39983019835146" lon="-64.2444565001898"><time>2026-07-04T23:11:52Z</time></trkpt><trkpt lat="44.399796217960926" lon="-64.24446006605754"><time>2026-07-04T23:11:54Z</time></trkpt><trkpt lat="44.399761615832865" lon="-64.2444621502172"><time>2026-07-04T23:11:56Z</time></trkpt><trkpt lat="44.39972755645033" lon="-64.24446427184841"><time>2026-07-04T23:11:58Z</time></trkpt><trkpt lat="44.399692671523205" lon="-64.24446811339779"><time>2026-07-04T23:12:00Z</time></trkpt><trkpt lat="44.39965840370657" lon="-64.24447340689288"><time>2026-07-04T23:12:02Z</time></trkpt><trkpt lat="44.39962468009737" lon="-64.24448036928032"><time>2026-07-04T23:12:04Z</time></trkpt><trkpt lat="44.3995935484665" lon="-64.24448965809226"><time>2026-07-04T23:12:06Z</time></trkpt><trkpt lat="44.399563177912945" lon="-64.2444990970425"><time>2026-07-04T23:12:08Z</time></trkpt><trkpt lat="44.39953272540054" lon="-64.24450732756827"><time>2026-07-04T23:12:10Z</time></trkpt><trkpt lat="44.39949990412834" lon="-64.24451080469181"><time>2026-07-04T23:12:12Z</time></trkpt><trkpt lat="44.399465202228704" lon="-64.24451124556653"><time>2026-07-04T23:12:14Z</time></trkpt><trkpt lat="44.39944680751241" lon="-64.24451109024484"><time>2026-07-04T23:12:15Z</time></trkpt><trkpt lat="44.39942823003532" lon="-64.24451070179755"><time>2026-07-04T23:12:16Z</time></trkpt><trkpt lat="44.399409410911616" lon="-64.24451009790643"><time>2026-07-04T23:12:17Z</time></trkpt><trkpt lat="44.39939093030673" lon="-64.24451052481439"><time>2026-07-04T23:12:18Z</time></trkpt><trkpt lat="44.39937207700054" lon="-64.2445129696642"><time>2026-07-04T23:12:19Z</time></trkpt><trkpt lat="44.3993542340922" lon="-64.2445166621951"><time>2026-07-04T23:12:20Z</time></trkpt><trkpt lat="44.39933602282312" lon="-64.24452284117096"><time>2026-07-04T23:12:21Z</time></trkpt><trkpt lat="44.39931855436209" lon="-64.24453067344076"><time>2026-07-04T23:12:22Z</time></trkpt><trkpt lat="44.39930125321019" lon="-64.24453899786657"><time>2026-07-04T23:12:23Z</time></trkpt><trkpt lat="44.3992841019292" lon="-64.24454730703347"><time>2026-07-04T23:12:24Z</time></trkpt><trkpt lat="44.39926602750067" lon="-64.24455559484964"><time>2026-07-04T23:12:25Z</time></trkpt><trkpt lat="44.3992484279224" lon="-64.24456279635743"><time>2026-07-04T23:12:26Z</time></trkpt><trkpt lat="44.399230088087094" lon="-64.24456900506641"><time>2026-07-04T23:12:27Z</time></trkpt><trkpt lat="44.399211307795476" lon="-64.24457495242893"><time>2026-07-04T23:12:28Z</time></trkpt><trkpt lat="44.399191786379504" lon="-64.24458048245125"><time>2026-07-04T23:12:29Z</time></trkpt><trkpt lat="44.39917160421486" lon="-64.24458610760819"><time>2026-07-04T23:12:30Z</time></trkpt><trkpt lat="44.39915184853457" lon="-64.24459302177165"><time>2026-07-04T23:12:31Z</time></trkpt><trkpt lat="44.39913233065163" lon="-64.24460102641461"><time>2026-07-04T23:12:32Z</time></trkpt><trkpt lat="44.399113998390426" lon="-64.24461017711131"><time>2026-07-04T23:12:33Z</time></trkpt><trkpt lat="44.39909619335803" lon="-64.2446205516484"><time>2026-07-04T23:12:34Z</time></trkpt><trkpt lat="44.39907850066837" lon="-64.24463046442375"><time>2026-07-04T23:12:35Z</time></trkpt><trkpt lat="44.39906091206969" lon="-64.24464012578832"><time>2026-07-04T23:12:36Z</time></trkpt><trkpt lat="44.39904286962818" lon="-64.24464931341453"><time>2026-07-04T23:12:37Z</time></trkpt><trkpt lat="44.399024847482835" lon="-64.24465857970903"><time>2026-07-04T23:12:38Z</time></trkpt><trkpt lat="44.39900697030848" lon="-64.24466762225461"><time>2026-07-04T23:12:39Z</time></trkpt><trkpt lat="44.39898929428851" lon="-64.24467732043328"><time>2026-07-04T23:12:40Z</time></trkpt><trkpt lat="44.39897073732544" lon="-64.24468660147527"><time>2026-07-04T23:12:41Z</time></trkpt><trkpt lat="44.39895310546027" lon="-64.24469555868608"><time>2026-07-04T23:12:42Z</time></trkpt><trkpt lat="44.398935321689166" lon="-64.24470313174491"><time>2026-07-04T23:12:43Z</time></trkpt><trkpt lat="44.398901217288504" lon="-64.24472322877632"><time>2026-07-04T23:12:45Z</time></trkpt><trkpt lat="44.39888336838947" lon="-64.24473462037015"><time>2026-07-04T23:12:46Z</time></trkpt><trkpt lat="44.39886336797867" lon="-64.24474584974082"><time>2026-07-04T23:12:47Z</time></trkpt><trkpt lat="44.39884103199611" lon="-64.24475541153514"><time>2026-07-04T23:12:48Z</time></trkpt><trkpt lat="44.39881733620437" lon="-64.24476372890146"><time>2026-07-04T23:12:49Z</time></trkpt><trkpt lat="44.398793859204716" lon="-64.24477165686642"><time>2026-07-04T23:12:50Z</time></trkpt><trkpt lat="44.398769968090924" lon="-64.24478049288614"><time>2026-07-04T23:12:51Z</time></trkpt><trkpt lat="44.39874657292545" lon="-64.24478918374324"><time>2026-07-04T23:12:52Z</time></trkpt><trkpt lat="44.39872380474629" lon="-64.24479840230113"><time>2026-07-04T23:12:53Z</time></trkpt><trkpt lat="44.398701223482014" lon="-64.2448090726621"><time>2026-07-04T23:12:54Z</time></trkpt><trkpt lat="44.39867876623094" lon="-64.24482020875578"><time>2026-07-04T23:12:55Z</time></trkpt><trkpt lat="44.3986566962829" lon="-64.24483088404587"><time>2026-07-04T23:12:56Z</time></trkpt><trkpt lat="44.39863478662056" lon="-64.24484205356622"><time>2026-07-04T23:12:57Z</time></trkpt><trkpt lat="44.39861291063203" lon="-64.24485377045272"><time>2026-07-04T23:12:58Z</time></trkpt><trkpt lat="44.39859170135418" lon="-64.24486518207149"><time>2026-07-04T23:12:59Z</time></trkpt><trkpt lat="44.398570340348456" lon="-64.24487616879931"><time>2026-07-04T23:13:00Z</time></trkpt><trkpt lat="44.398547897800356" lon="-64.24488557063675"><time>2026-07-04T23:13:01Z</time></trkpt><trkpt lat="44.39852503474197" lon="-64.24489389550737"><time>2026-07-04T23:13:02Z</time></trkpt><trkpt lat="44.39850232795077" lon="-64.24490153297641"><time>2026-07-04T23:13:03Z</time></trkpt><trkpt lat="44.398480211379805" lon="-64.24491034175534"><time>2026-07-04T23:13:04Z</time></trkpt><trkpt lat="44.39846099606354" lon="-64.24492117555727"><time>2026-07-04T23:13:05Z</time></trkpt><trkpt lat="44.39844286383608" lon="-64.2449349464593"><time>2026-07-04T23:13:06Z</time></trkpt><trkpt lat="44.3984245473004" lon="-64.24495063414098"><time>2026-07-04T23:13:07Z</time></trkpt><trkpt lat="44.39840738394777" lon="-64.24496615817125"><time>2026-07-04T23:13:08Z</time></trkpt><trkpt lat="44.39838920707577" lon="-64.24497941087414"><time>2026-07-04T23:13:09Z</time></trkpt><trkpt lat="44.39836984690202" lon="-64.24499014642355"><time>2026-07-04T23:13:10Z</time></trkpt><trkpt lat="44.398348645958755" lon="-64.24499762872372"><time>2026-07-04T23:13:11Z</time></trkpt><trkpt lat="44.398325349013135" lon="-64.24500329274721"><time>2026-07-04T23:13:12Z</time></trkpt><trkpt lat="44.39830036619183" lon="-64.24500644891815"><time>2026-07-04T23:13:13Z</time></trkpt><trkpt lat="44.39827439195885" lon="-64.24500900947504"><time>2026-07-04T23:13:14Z</time></trkpt><trkpt lat="44.398249407063744" lon="-64.24501261594217"><time>2026-07-04T23:13:15Z</time></trkpt><trkpt lat="44.398223779259006" lon="-64.24501864263361"><time>2026-07-04T23:13:16Z</time></trkpt><trkpt lat="44.398197906695486" lon="-64.24502848871427"><time>2026-07-04T23:13:17Z</time></trkpt><trkpt lat="44.398173540065414" lon="-64.2450406860619"><time>2026-07-04T23:13:18Z</time></trkpt><trkpt lat="44.39815036863357" lon="-64.2450546135565"><time>2026-07-04T23:13:19Z</time></trkpt><trkpt lat="44.39812675491155" lon="-64.24506863342265"><time>2026-07-04T23:13:20Z</time></trkpt><trkpt lat="44.398103225244924" lon="-64.24508247930535"><time>2026-07-04T23:13:21Z</time></trkpt><trkpt lat="44.39807885907851" lon="-64.24509540025655"><time>2026-07-04T23:13:22Z</time></trkpt><trkpt lat="44.398053885795804" lon="-64.24510722386636"><time>2026-07-04T23:13:23Z</time></trkpt><trkpt lat="44.39802898267753" lon="-64.24511835587506"><time>2026-07-04T23:13:24Z</time></trkpt><trkpt lat="44.39800458416357" lon="-64.24513022589466"><time>2026-07-04T23:13:25Z</time></trkpt><trkpt lat="44.39798066200659" lon="-64.24514418439874"><time>2026-07-04T23:13:26Z</time></trkpt><trkpt lat="44.39795674365242" lon="-64.2451599043702"><time>2026-07-04T23:13:27Z</time></trkpt><trkpt lat="44.397933643280865" lon="-64.24517595121897"><time>2026-07-04T23:13:28Z</time></trkpt><trkpt lat="44.39791147725236" lon="-64.24519193726869"><time>2026-07-04T23:13:29Z</time></trkpt><trkpt lat="44.39788924983204" lon="-64.24520714895651"><time>2026-07-04T23:13:30Z</time></trkpt><trkpt lat="44.397867417319745" lon="-64.24522104897822"><time>2026-07-04T23:13:31Z</time></trkpt><trkpt lat="44.39784675402048" lon="-64.2452353925884"><time>2026-07-04T23:13:32Z</time></trkpt><trkpt lat="44.39782642983874" lon="-64.24525019578653"><time>2026-07-04T23:13:33Z</time></trkpt><trkpt lat="44.39780626888017" lon="-64.24526397357971"><time>2026-07-04T23:13:34Z</time></trkpt><trkpt lat="44.39778331697521" lon="-64.24527495486835"><time>2026-07-04T23:13:35Z</time></trkpt><trkpt lat="44.39775926194383" lon="-64.24528449729915"><time>2026-07-04T23:13:36Z</time></trkpt><trkpt lat="44.397734869253966" lon="-64.24529207413882"><time>2026-07-04T23:13:37Z</time></trkpt><trkpt lat="44.3977111727081" lon="-64.24530003810051"><time>2026-07-04T23:13:38Z</time></trkpt><trkpt lat="44.397687964833025" lon="-64.24531162334463"><time>2026-07-04T23:13:39Z</time></trkpt><trkpt lat="44.3976657896396" lon="-64.24532648014957"><time>2026-07-04T23:13:40Z</time></trkpt><trkpt lat="44.3976443529419" lon="-64.2453440065953"><time>2026-07-04T23:13:41Z</time></trkpt><trkpt lat="44.39762390972336" lon="-64.24536267220863"><time>2026-07-04T23:13:42Z</time></trkpt><trkpt lat="44.39760318340335" lon="-64.24538053822565"><time>2026-07-04T23:13:43Z</time></trkpt><trkpt lat="44.39758297794394" lon="-64.24539742977089"><time>2026-07-04T23:13:44Z</time></trkpt><trkpt lat="44.397562418986944" lon="-64.24541463356469"><time>2026-07-04T23:13:45Z</time></trkpt><trkpt lat="44.39754245722542" lon="-64.24543193648152"><time>2026-07-04T23:13:46Z</time></trkpt><trkpt lat="44.39752189948362" lon="-64.24544891647626"><time>2026-07-04T23:13:47Z</time></trkpt><trkpt lat="44.39750272562767" lon="-64.24546527410827"><time>2026-07-04T23:13:48Z</time></trkpt><trkpt lat="44.3974836508261" lon="-64.24548266247501"><time>2026-07-04T23:13:49Z</time></trkpt><trkpt lat="44.39746462447765" lon="-64.2454999790837"><time>2026-07-04T23:13:50Z</time></trkpt><trkpt lat="44.397446972222966" lon="-64.24551760754922"><time>2026-07-04T23:13:51Z</time></trkpt><trkpt lat="44.397429789778805" lon="-64.24553558486087"><time>2026-07-04T23:13:52Z</time></trkpt><trkpt lat="44.397412302609" lon="-64.24555273119904"><time>2026-07-04T23:13:53Z</time></trkpt><trkpt lat="44.39739430931687" lon="-64.24556939655909"><time>2026-07-04T23:13:54Z</time></trkpt><trkpt lat="44.397376010435" lon="-64.24558565975958"><time>2026-07-04T23:13:55Z</time></trkpt><trkpt lat="44.3973573983235" lon="-64.24560205888828"><time>2026-07-04T23:13:56Z</time></trkpt><trkpt lat="44.39733914650785" lon="-64.24561781646973"><time>2026-07-04T23:13:57Z</time></trkpt><trkpt lat="44.39732077169394" lon="-64.24563437434111"><time>2026-07-04T23:13:58Z</time></trkpt><trkpt lat="44.397302165867224" lon="-64.24565006365485"><time>2026-07-04T23:13:59Z</time></trkpt><trkpt lat="44.39728397306454" lon="-64.2456665278113"><time>2026-07-04T23:14:00Z</time></trkpt><trkpt lat="44.39726593216317" lon="-64.24568367803413"><time>2026-07-04T23:14:01Z</time></trkpt><trkpt lat="44.397248609364844" lon="-64.2457011571825"><time>2026-07-04T23:14:02Z</time></trkpt><trkpt lat="44.39723128536812" lon="-64.2457203947817"><time>2026-07-04T23:14:03Z</time></trkpt><trkpt lat="44.39721472971016" lon="-64.24573894428599"><time>2026-07-04T23:14:04Z</time></trkpt><trkpt lat="44.3971982339251" lon="-64.24575744713809"><time>2026-07-04T23:14:05Z</time></trkpt><trkpt lat="44.39718218174316" lon="-64.24577594325639"><time>2026-07-04T23:14:06Z</time></trkpt><trkpt lat="44.39716545788276" lon="-64.24579450184928"><time>2026-07-04T23:14:07Z</time></trkpt><trkpt lat="44.39714908314097" lon="-64.24581263816096"><time>2026-07-04T23:14:08Z</time></trkpt><trkpt lat="44.397117077793176" lon="-64.24584878487363"><time>2026-07-04T23:14:10Z</time></trkpt><trkpt lat="44.39710102348115" lon="-64.24586688788919"><time>2026-07-04T23:14:11Z</time></trkpt><trkpt lat="44.39708589055504" lon="-64.2458846985551"><time>2026-07-04T23:14:12Z</time></trkpt><trkpt lat="44.39707022206924" lon="-64.24590290923472"><time>2026-07-04T23:14:13Z</time></trkpt><trkpt lat="44.397054479866696" lon="-64.24592154595632"><time>2026-07-04T23:14:14Z</time></trkpt><trkpt lat="44.397038603533076" lon="-64.2459396117603"><time>2026-07-04T23:14:15Z</time></trkpt><trkpt lat="44.39702316265705" lon="-64.24595768101764"><time>2026-07-04T23:14:16Z</time></trkpt><trkpt lat="44.397007936414475" lon="-64.24597598217096"><time>2026-07-04T23:14:17Z</time></trkpt><trkpt lat="44.39699304637142" lon="-64.24599457510448"><time>2026-07-04T23:14:18Z</time></trkpt><trkpt lat="44.39697850853485" lon="-64.24601340227485"><time>2026-07-04T23:14:19Z</time></trkpt><trkpt lat="44.39696421964436" lon="-64.24603266105558"><time>2026-07-04T23:14:20Z</time></trkpt><trkpt lat="44.396950756073565" lon="-64.24605250495307"><time>2026-07-04T23:14:21Z</time></trkpt><trkpt lat="44.39693762971823" lon="-64.24607244151527"><time>2026-07-04T23:14:22Z</time></trkpt><trkpt lat="44.3969237547403" lon="-64.2460918532705"><time>2026-07-04T23:14:23Z</time></trkpt><trkpt lat="44.396908195442975" lon="-64.24610960115122"><time>2026-07-04T23:14:24Z</time></trkpt><trkpt lat="44.39689254485574" lon="-64.24612586473992"><time>2026-07-04T23:14:25Z</time></trkpt><trkpt lat="44.39687670823128" lon="-64.2461416235806"><time>2026-07-04T23:14:26Z</time></trkpt><trkpt lat="44.396858968765315" lon="-64.24615756318155"><time>2026-07-04T23:14:27Z</time></trkpt><trkpt lat="44.39683979036282" lon="-64.24617303183575"><time>2026-07-04T23:14:28Z</time></trkpt><trkpt lat="44.396821372437735" lon="-64.24618872404952"><time>2026-07-04T23:14:29Z</time></trkpt><trkpt lat="44.39680330491638" lon="-64.24620502035982"><time>2026-07-04T23:14:30Z</time></trkpt><trkpt lat="44.396786450946145" lon="-64.24622353295896"><time>2026-07-04T23:14:31Z</time></trkpt><trkpt lat="44.396771258355706" lon="-64.2462436005752"><time>2026-07-04T23:14:32Z</time></trkpt><trkpt lat="44.39675594457595" lon="-64.246263914529"><time>2026-07-04T23:14:33Z</time></trkpt><trkpt lat="44.396741442094225" lon="-64.24628358753084"><time>2026-07-04T23:14:34Z</time></trkpt><trkpt lat="44.39672813380409" lon="-64.24630311874772"><time>2026-07-04T23:14:35Z</time></trkpt><trkpt lat="44.39671486255594" lon="-64.2463233105396"><time>2026-07-04T23:14:36Z</time></trkpt><trkpt lat="44.39670169097201" lon="-64.24634364196118"><time>2026-07-04T23:14:37Z</time></trkpt><trkpt lat="44.39668849661702" lon="-64.24636267032483"><time>2026-07-04T23:14:38Z</time></trkpt><trkpt lat="44.39667442952212" lon="-64.24637998632961"><time>2026-07-04T23:14:39Z</time></trkpt><trkpt lat="44.39665973749456" lon="-64.24639608553248"><time>2026-07-04T23:14:40Z</time></trkpt><trkpt lat="44.39664465809849" lon="-64.24641173818891"><time>2026-07-04T23:14:41Z</time></trkpt><trkpt lat="44.39662949339646" lon="-64.24642755413296"><time>2026-07-04T23:14:42Z</time></trkpt><trkpt lat="44.39661537957211" lon="-64.24644340675724"><time>2026-07-04T23:14:43Z</time></trkpt><trkpt lat="44.39658829944786" lon="-64.24647611775096"><time>2026-07-04T23:14:45Z</time></trkpt><trkpt lat="44.396562943854605" lon="-64.24650909303503"><time>2026-07-04T23:14:47Z</time></trkpt><trkpt lat="44.396540994227536" lon="-64.24654218673709"><time>2026-07-04T23:14:49Z</time></trkpt><trkpt lat="44.39652012657833" lon="-64.24657587037402"><time>2026-07-04T23:14:51Z</time></trkpt><trkpt lat="44.39649984528088" lon="-64.24660782325874"><time>2026-07-04T23:14:53Z</time></trkpt><trkpt lat="44.39647964828916" lon="-64.2466353885571"><time>2026-07-04T23:14:55Z</time></trkpt><trkpt lat="44.39645805677155" lon="-64.24666182095031"><time>2026-07-04T23:14:57Z</time></trkpt><trkpt lat="44.39643508647571" lon="-64.24668835128854"><time>2026-07-04T23:14:59Z</time></trkpt><trkpt lat="44.39641494587052" lon="-64.24671314184786"><time>2026-07-04T23:15:01Z</time></trkpt><trkpt lat="44.39639926181361" lon="-64.24673990636079"><time>2026-07-04T23:15:03Z</time></trkpt><trkpt lat="44.3963852625984" lon="-64.2467670606935"><time>2026-07-04T23:15:05Z</time></trkpt><trkpt lat="44.396371623957954" lon="-64.24679119422173"><time>2026-07-04T23:15:07Z</time></trkpt><trkpt lat="44.39635388198629" lon="-64.246811977582"><time>2026-07-04T23:15:09Z</time></trkpt><trkpt lat="44.39633492292118" lon="-64.24683250156254"><time>2026-07-04T23:15:11Z</time></trkpt><trkpt lat="44.396313864996046" lon="-64.24685131948203"><time>2026-07-04T23:15:13Z</time></trkpt><trkpt lat="44.39628981461049" lon="-64.24687018113757"><time>2026-07-04T23:15:15Z</time></trkpt><trkpt lat="44.39626279091923" lon="-64.24689044067782"><time>2026-07-04T23:15:17Z</time></trkpt><trkpt lat="44.39623374206603" lon="-64.2469119914865"><time>2026-07-04T23:15:19Z</time></trkpt><trkpt lat="44.39620391534812" lon="-64.24693672964861"><time>2026-07-04T23:15:21Z</time></trkpt><trkpt lat="44.39617323530267" lon="-64.24696215112863"><time>2026-07-04T23:15:23Z</time></trkpt><trkpt lat="44.39615788845766" lon="-64.24697760700403"><time>2026-07-04T23:15:24Z</time></trkpt><trkpt lat="44.39614288992619" lon="-64.24699253201648"><time>2026-07-04T23:15:25Z</time></trkpt><trkpt lat="44.39612761557511" lon="-64.24700771041857"><time>2026-07-04T23:15:26Z</time></trkpt><trkpt lat="44.396111820222806" lon="-64.24702275283259"><time>2026-07-04T23:15:27Z</time></trkpt><trkpt lat="44.39609601897973" lon="-64.24703814876584"><time>2026-07-04T23:15:28Z</time></trkpt><trkpt lat="44.39608008306401" lon="-64.2470529735917"><time>2026-07-04T23:15:29Z</time></trkpt><trkpt lat="44.396064652815284" lon="-64.24706921318844"><time>2026-07-04T23:15:30Z</time></trkpt><trkpt lat="44.39604926957503" lon="-64.24708609858062"><time>2026-07-04T23:15:31Z</time></trkpt><trkpt lat="44.39603540185509" lon="-64.24710388526258"><time>2026-07-04T23:15:32Z</time></trkpt><trkpt lat="44.39602211693968" lon="-64.24712171823978"><time>2026-07-04T23:15:33Z</time></trkpt><trkpt lat="44.39600873356693" lon="-64.24714027215622"><time>2026-07-04T23:15:34Z</time></trkpt><trkpt lat="44.395995695626354" lon="-64.247159000052"><time>2026-07-04T23:15:35Z</time></trkpt><trkpt lat="44.39598277431957" lon="-64.24717748622099"><time>2026-07-04T23:15:36Z</time></trkpt><trkpt lat="44.39596043660102" lon="-64.24721483444542"><time>2026-07-04T23:15:38Z</time></trkpt><trkpt lat="44.39594032653842" lon="-64.24725204038921"><time>2026-07-04T23:15:40Z</time></trkpt><trkpt lat="44.39592187918754" lon="-64.24728827941313"><time>2026-07-04T23:15:42Z</time></trkpt><trkpt lat="44.39590768857602" lon="-64.24732211772704"><time>2026-07-04T23:15:44Z</time></trkpt><trkpt lat="44.39589760266151" lon="-64.247353167112"><time>2026-07-04T23:15:46Z</time></trkpt><trkpt lat="44.395891270870536" lon="-64.2473837430034"><time>2026-07-04T23:15:48Z</time></trkpt><trkpt lat="44.39588274617176" lon="-64.24740899923091"><time>2026-07-04T23:15:50Z</time></trkpt><trkpt lat="44.395874306887734" lon="-64.24743226625277"><time>2026-07-04T23:15:52Z</time></trkpt><trkpt lat="44.39586529948535" lon="-64.24745445639212"><time>2026-07-04T23:15:54Z</time></trkpt><trkpt lat="44.395854045690164" lon="-64.24748512989424"><time>2026-07-04T23:15:57Z</time></trkpt><trkpt lat="44.39584450581039" lon="-64.247513309221"><time>2026-07-04T23:16:00Z</time></trkpt><trkpt lat="44.39583648661382" lon="-64.24754529762241"><time>2026-07-04T23:16:03Z</time></trkpt><trkpt lat="44.39583184727117" lon="-64.24758147721958"><time>2026-07-04T23:16:06Z</time></trkpt><trkpt lat="44.39582939679346" lon="-64.24760957920809"><time>2026-07-04T23:16:08Z</time></trkpt><trkpt lat="44.395826075840844" lon="-64.24764340414309"><time>2026-07-04T23:16:10Z</time></trkpt><trkpt lat="44.39582395157223" lon="-64.2476797451669"><time>2026-07-04T23:16:12Z</time></trkpt><trkpt lat="44.395824316007705" lon="-64.24771937270037"><time>2026-07-04T23:16:14Z</time></trkpt><trkpt lat="44.39582436859524" lon="-64.24776318716685"><time>2026-07-04T23:16:16Z</time></trkpt><trkpt lat="44.395820334158216" lon="-64.24781034236221"><time>2026-07-04T23:16:18Z</time></trkpt><trkpt lat="44.39581112968622" lon="-64.24785793374271"><time>2026-07-04T23:16:20Z</time></trkpt><trkpt lat="44.3957981823116" lon="-64.24789889720459"><time>2026-07-04T23:16:22Z</time></trkpt><trkpt lat="44.39578411910042" lon="-64.24793910294564"><time>2026-07-04T23:16:24Z</time></trkpt><trkpt lat="44.395765942935164" lon="-64.24797794959596"><time>2026-07-04T23:16:26Z</time></trkpt><trkpt lat="44.39574992082957" lon="-64.24801663216545"><time>2026-07-04T23:16:28Z</time></trkpt><trkpt lat="44.39574005878618" lon="-64.2480553302289"><time>2026-07-04T23:16:30Z</time></trkpt><trkpt lat="44.39573625303557" lon="-64.24809391182801"><time>2026-07-04T23:16:32Z</time></trkpt><trkpt lat="44.395737388334084" lon="-64.24813039920122"><time>2026-07-04T23:16:34Z</time></trkpt><trkpt lat="44.39574452081147" lon="-64.2481642057614"><time>2026-07-04T23:16:36Z</time></trkpt><trkpt lat="44.395759651435256" lon="-64.24819836861386"><time>2026-07-04T23:16:38Z</time></trkpt><trkpt lat="44.39578449726274" lon="-64.24822022582204"><time>2026-07-04T23:16:40Z</time></trkpt><trkpt lat="44.39581277792547" lon="-64.24823463216718"><time>2026-07-04T23:16:42Z</time></trkpt><trkpt lat="44.39584127443574" lon="-64.24824758281412"><time>2026-07-04T23:16:44Z</time></trkpt><trkpt lat="44.39586977436047" lon="-64.24826043342631"><time>2026-07-04T23:16:46Z</time></trkpt><trkpt lat="44.39589739870693" lon="-64.24827657685793"><time>2026-07-04T23:16:48Z</time></trkpt><trkpt lat="44.3959251586944" lon="-64.24829306662254"><time>2026-07-04T23:16:50Z</time></trkpt><trkpt lat="44.39595368162134" lon="-64.2483067363052"><time>2026-07-04T23:16:52Z</time></trkpt><trkpt lat="44.39598154727007" lon="-64.24832148769774"><time>2026-07-04T23:16:54Z</time></trkpt><trkpt lat="44.39600777211387" lon="-64.24833790685534"><time>2026-07-04T23:16:56Z</time></trkpt><trkpt lat="44.39603294982728" lon="-64.24835675214845"><time>2026-07-04T23:16:58Z</time></trkpt><trkpt lat="44.396056750251965" lon="-64.24837667968359"><time>2026-07-04T23:17:00Z</time></trkpt><trkpt lat="44.39608012701045" lon="-64.24839926446339"><time>2026-07-04T23:17:02Z</time></trkpt><trkpt lat="44.39610446944204" lon="-64.24842145994936"><time>2026-07-04T23:17:04Z</time></trkpt><trkpt lat="44.39613006159144" lon="-64.24844269028054"><time>2026-07-04T23:17:06Z</time></trkpt><trkpt lat="44.39615495101077" lon="-64.24846615139282"><time>2026-07-04T23:17:08Z</time></trkpt><trkpt lat="44.396182240571335" lon="-64.24848863368165"><time>2026-07-04T23:17:10Z</time></trkpt><trkpt lat="44.396208542339075" lon="-64.24851277182971"><time>2026-07-04T23:17:12Z</time></trkpt><trkpt lat="44.39623423338999" lon="-64.24853887843295"><time>2026-07-04T23:17:14Z</time></trkpt><trkpt lat="44.39625913314634" lon="-64.24856701494998"><time>2026-07-04T23:17:16Z</time></trkpt><trkpt lat="44.39628456658411" lon="-64.24859466348937"><time>2026-07-04T23:17:18Z</time></trkpt><trkpt lat="44.396307989443116" lon="-64.24862433347722"><time>2026-07-04T23:17:20Z</time></trkpt><trkpt lat="44.39633159877363" lon="-64.24865399249447"><time>2026-07-04T23:17:22Z</time></trkpt><trkpt lat="44.39635439574783" lon="-64.2486838861741"><time>2026-07-04T23:17:24Z</time></trkpt><trkpt lat="44.396378394539454" lon="-64.2487125923288"><time>2026-07-04T23:17:26Z</time></trkpt><trkpt lat="44.396406107402754" lon="-64.2487398139588"><time>2026-07-04T23:17:28Z</time></trkpt><trkpt lat="44.39642167422641" lon="-64.24875260841682"><time>2026-07-04T23:17:29Z</time></trkpt><trkpt lat="44.396451405146806" lon="-64.24877468425358"><time>2026-07-04T23:17:31Z</time></trkpt><trkpt lat="44.3964825148444" lon="-64.24879196121483"><time>2026-07-04T23:17:33Z</time></trkpt><trkpt lat="44.396512383510434" lon="-64.24881300197688"><time>2026-07-04T23:17:35Z</time></trkpt><trkpt lat="44.396538418436954" lon="-64.2488374223016"><time>2026-07-04T23:17:37Z</time></trkpt><trkpt lat="44.396561314744986" lon="-64.24886416993368"><time>2026-07-04T23:17:39Z</time></trkpt><trkpt lat="44.39657994465046" lon="-64.24889339390715"><time>2026-07-04T23:17:41Z</time></trkpt><trkpt lat="44.39659444094064" lon="-64.24892228440191"><time>2026-07-04T23:17:43Z</time></trkpt><trkpt lat="44.396604137191716" lon="-64.24895267304225"><time>2026-07-04T23:17:45Z</time></trkpt><trkpt lat="44.39660988711946" lon="-64.24898390243088"><time>2026-07-04T23:17:47Z</time></trkpt><trkpt lat="44.39661067529349" lon="-64.24901619683452"><time>2026-07-04T23:17:49Z</time></trkpt><trkpt lat="44.39660732161733" lon="-64.24904661785108"><time>2026-07-04T23:17:51Z</time></trkpt><trkpt lat="44.39660067055551" lon="-64.24907684618765"><time>2026-07-04T23:17:53Z</time></trkpt><trkpt lat="44.39659053720911" lon="-64.24910318814426"><time>2026-07-04T23:17:55Z</time></trkpt><trkpt lat="44.396577124358075" lon="-64.24912561974028"><time>2026-07-04T23:17:57Z</time></trkpt><trkpt lat="44.396558467264306" lon="-64.24914292885849"><time>2026-07-04T23:17:59Z</time></trkpt><trkpt lat="44.39653759391202" lon="-64.24915643466812"><time>2026-07-04T23:18:01Z</time></trkpt><trkpt lat="44.39651380172604" lon="-64.2491648363773"><time>2026-07-04T23:18:03Z</time></trkpt><trkpt lat="44.39648672766375" lon="-64.24916989597153"><time>2026-07-04T23:18:05Z</time></trkpt><trkpt lat="44.39645892898262" lon="-64.24917456007256"><time>2026-07-04T23:18:07Z</time></trkpt><trkpt lat="44.39643074884492" lon="-64.24918244024457"><time>2026-07-04T23:18:09Z</time></trkpt><trkpt lat="44.39640335860976" lon="-64.24919639403666"><time>2026-07-04T23:18:11Z</time></trkpt><trkpt lat="44.396381769423606" lon="-64.24922122048851"><time>2026-07-04T23:18:13Z</time></trkpt><trkpt lat="44.396367296503044" lon="-64.24924968129076"><time>2026-07-04T23:18:15Z</time></trkpt><trkpt lat="44.396363503835275" lon="-64.24928236611782"><time>2026-07-04T23:18:17Z</time></trkpt><trkpt lat="44.396366011399" lon="-64.24931336511736"><time>2026-07-04T23:18:19Z</time></trkpt><trkpt lat="44.3963742137323" lon="-64.24934220333184"><time>2026-07-04T23:18:21Z</time></trkpt><trkpt lat="44.39638879710726" lon="-64.24936651000631"><time>2026-07-04T23:18:23Z</time></trkpt><trkpt lat="44.39641089295334" lon="-64.24937942238931"><time>2026-07-04T23:18:25Z</time></trkpt><trkpt lat="44.39643495298691" lon="-64.24938319790463"><time>2026-07-04T23:18:27Z</time></trkpt><trkpt lat="44.396459149697044" lon="-64.24938136228889"><time>2026-07-04T23:18:29Z</time></trkpt><trkpt lat="44.39648422597056" lon="-64.24937293190361"><time>2026-07-04T23:18:31Z</time></trkpt><trkpt lat="44.396509238663604" lon="-64.24936072239345"><time>2026-07-04T23:18:33Z</time></trkpt><trkpt lat="44.3965343703202" lon="-64.24934524404804"><time>2026-07-04T23:18:35Z</time></trkpt><trkpt lat="44.39655964039983" lon="-64.24932848194713"><time>2026-07-04T23:18:37Z</time></trkpt><trkpt lat="44.39658609152348" lon="-64.2493128100337"><time>2026-07-04T23:18:39Z</time></trkpt><trkpt lat="44.39661369559938" lon="-64.24929891616704"><time>2026-07-04T23:18:41Z</time></trkpt><trkpt lat="44.39664170637536" lon="-64.24928599686925"><time>2026-07-04T23:18:43Z</time></trkpt><trkpt lat="44.39666967203298" lon="-64.24927435607297"><time>2026-07-04T23:18:45Z</time></trkpt><trkpt lat="44.39669873724271" lon="-64.24926291968411"><time>2026-07-04T23:18:47Z</time></trkpt><trkpt lat="44.396727706061824" lon="-64.24925293623093"><time>2026-07-04T23:18:49Z</time></trkpt><trkpt lat="44.39675745130072" lon="-64.24924756350724"><time>2026-07-04T23:18:51Z</time></trkpt><trkpt lat="44.396787506126344" lon="-64.24924780690935"><time>2026-07-04T23:18:53Z</time></trkpt><trkpt lat="44.39681749360802" lon="-64.24925022091213"><time>2026-07-04T23:18:55Z</time></trkpt><trkpt lat="44.396846999999994" lon="-64.24925642274232"><time>2026-07-04T23:18:57Z</time></trkpt><trkpt lat="44.3968748541608" lon="-64.24926606711662"><time>2026-07-04T23:18:59Z</time></trkpt><trkpt lat="44.39690215859096" lon="-64.24927993474036"><time>2026-07-04T23:19:01Z</time></trkpt><trkpt lat="44.39693003572294" lon="-64.24929585141334"><time>2026-07-04T23:19:03Z</time></trkpt><trkpt lat="44.39695596706915" lon="-64.24931291578478"><time>2026-07-04T23:19:05Z</time></trkpt><trkpt lat="44.39698015312428" lon="-64.2493322417317"><time>2026-07-04T23:19:07Z</time></trkpt><trkpt lat="44.39700414907697" lon="-64.24935420096014"><time>2026-07-04T23:19:09Z</time></trkpt><trkpt lat="44.39702599948345" lon="-64.24937756402356"><time>2026-07-04T23:19:11Z</time></trkpt><trkpt lat="44.3970460421695" lon="-64.24940183732384"><time>2026-07-04T23:19:13Z</time></trkpt><trkpt lat="44.397065307127164" lon="-64.24942798539539"><time>2026-07-04T23:19:15Z</time></trkpt><trkpt lat="44.3970830849701" lon="-64.24945616262525"><time>2026-07-04T23:19:17Z</time></trkpt><trkpt lat="44.39709895837269" lon="-64.24948442420813"><time>2026-07-04T23:19:19Z</time></trkpt><trkpt lat="44.39711459039921" lon="-64.24951461851668"><time>2026-07-04T23:19:21Z</time></trkpt><trkpt lat="44.39712946480956" lon="-64.2495461149573"><time>2026-07-04T23:19:23Z</time></trkpt><trkpt lat="44.39714247468571" lon="-64.24957895946312"><time>2026-07-04T23:19:25Z</time></trkpt><trkpt lat="44.39715705056453" lon="-64.24960972315758"><time>2026-07-04T23:19:27Z</time></trkpt><trkpt lat="44.39717103244344" lon="-64.24964005435707"><time>2026-07-04T23:19:29Z</time></trkpt><trkpt lat="44.39718845333161" lon="-64.24966843464544"><time>2026-07-04T23:19:31Z</time></trkpt><trkpt lat="44.39720892636127" lon="-64.24969212131208"><time>2026-07-04T23:19:33Z</time></trkpt><trkpt lat="44.39723123439127" lon="-64.24971177950934"><time>2026-07-04T23:19:35Z</time></trkpt><trkpt lat="44.39725526143922" lon="-64.24972751534793"><time>2026-07-04T23:19:37Z</time></trkpt><trkpt lat="44.39727946554047" lon="-64.24974099736534"><time>2026-07-04T23:19:39Z</time></trkpt><trkpt lat="44.39730488646475" lon="-64.24975269976402"><time>2026-07-04T23:19:41Z</time></trkpt><trkpt lat="44.39733032411347" lon="-64.24976347681621"><time>2026-07-04T23:19:43Z</time></trkpt><trkpt lat="44.39735643638828" lon="-64.24977349284725"><time>2026-07-04T23:19:45Z</time></trkpt><trkpt lat="44.397382416909316" lon="-64.24978387601891"><time>2026-07-04T23:19:47Z</time></trkpt><trkpt lat="44.397408913703" lon="-64.24979367814453"><time>2026-07-04T23:19:49Z</time></trkpt><trkpt lat="44.3974344654609" lon="-64.24980592076075"><time>2026-07-04T23:19:51Z</time></trkpt><trkpt lat="44.39745948770744" lon="-64.24982053697946"><time>2026-07-04T23:19:53Z</time></trkpt><trkpt lat="44.397485009200054" lon="-64.24983707485838"><time>2026-07-04T23:19:55Z</time></trkpt><trkpt lat="44.39751043682523" lon="-64.24985181293351"><time>2026-07-04T23:19:57Z</time></trkpt><trkpt lat="44.397535902297385" lon="-64.24986572185385"><time>2026-07-04T23:19:59Z</time></trkpt><trkpt lat="44.397561854755615" lon="-64.24987736771132"><time>2026-07-04T23:20:01Z</time></trkpt><trkpt lat="44.397588136488196" lon="-64.24988689186188"><time>2026-07-04T23:20:03Z</time></trkpt><trkpt lat="44.39761469567713" lon="-64.24989645001672"><time>2026-07-04T23:20:05Z</time></trkpt><trkpt lat="44.39764059995588" lon="-64.24990893960654"><time>2026-07-04T23:20:07Z</time></trkpt><trkpt lat="44.39766647056278" lon="-64.24992083011702"><time>2026-07-04T23:20:09Z</time></trkpt><trkpt lat="44.39769217130162" lon="-64.24993424884815"><time>2026-07-04T23:20:11Z</time></trkpt><trkpt lat="44.39771799670354" lon="-64.2499476676615"><time>2026-07-04T23:20:13Z</time></trkpt><trkpt lat="44.39774377019022" lon="-64.2499620646872"><time>2026-07-04T23:20:15Z</time></trkpt><trkpt lat="44.397769899227825" lon="-64.24997614148569"><time>2026-07-04T23:20:17Z</time></trkpt><trkpt lat="44.397795564852274" lon="-64.24998930795464"><time>2026-07-04T23:20:19Z</time></trkpt><trkpt lat="44.39782246068348" lon="-64.2500013878976"><time>2026-07-04T23:20:21Z</time></trkpt><trkpt lat="44.397848846709884" lon="-64.2500141840413"><time>2026-07-04T23:20:23Z</time></trkpt><trkpt lat="44.39787582274588" lon="-64.25002645503251"><time>2026-07-04T23:20:25Z</time></trkpt><trkpt lat="44.39790273195361" lon="-64.25003933038194"><time>2026-07-04T23:20:27Z</time></trkpt><trkpt lat="44.39792950538561" lon="-64.25005278010093"><time>2026-07-04T23:20:29Z</time></trkpt><trkpt lat="44.397956451339866" lon="-64.25006582069554"><time>2026-07-04T23:20:31Z</time></trkpt><trkpt lat="44.397983598788414" lon="-64.25007994412562"><time>2026-07-04T23:20:33Z</time></trkpt><trkpt lat="44.39801188139852" lon="-64.25009212710714"><time>2026-07-04T23:20:35Z</time></trkpt><trkpt lat="44.39804102690067" lon="-64.25009899293016"><time>2026-07-04T23:20:37Z</time></trkpt><trkpt lat="44.398070527313635" lon="-64.25009983720774"><time>2026-07-04T23:20:39Z</time></trkpt><trkpt lat="44.39809930729851" lon="-64.25008993356658"><time>2026-07-04T23:20:41Z</time></trkpt><trkpt lat="44.39812467038865" lon="-64.2500673819345"><time>2026-07-04T23:20:43Z</time></trkpt><trkpt lat="44.398142883382654" lon="-64.25003519191385"><time>2026-07-04T23:20:45Z</time></trkpt><trkpt lat="44.398149528824746" lon="-64.24999730231087"><time>2026-07-04T23:20:47Z</time></trkpt><trkpt lat="44.39814423060468" lon="-64.24995886949324"><time>2026-07-04T23:20:49Z</time></trkpt><trkpt lat="44.39812704593729" lon="-64.24992781431403"><time>2026-07-04T23:20:51Z</time></trkpt><trkpt lat="44.39810340535241" lon="-64.24990752812232"><time>2026-07-04T23:20:53Z</time></trkpt><trkpt lat="44.39807569682061" lon="-64.24989650016283"><time>2026-07-04T23:20:55Z</time></trkpt><trkpt lat="44.39804399074756" lon="-64.24989274333151"><time>2026-07-04T23:20:57Z</time></trkpt><trkpt lat="44.39802587449032" lon="-64.24989376711595"><time>2026-07-04T23:20:58Z</time></trkpt><trkpt lat="44.398006449808484" lon="-64.24989788355279"><time>2026-07-04T23:20:59Z</time></trkpt><trkpt lat="44.39798549158993" lon="-64.24990433948054"><time>2026-07-04T23:21:00Z</time></trkpt><trkpt lat="44.39795796739648" lon="-64.24990859057068"><time>2026-07-04T23:21:01Z</time></trkpt><trkpt lat="44.39793620265808" lon="-64.24991952066134"><time>2026-07-04T23:21:02Z</time></trkpt><trkpt lat="44.39791389994127" lon="-64.24993356873809"><time>2026-07-04T23:21:03Z</time></trkpt><trkpt lat="44.39789195695112" lon="-64.24994893852691"><time>2026-07-04T23:21:04Z</time></trkpt><trkpt lat="44.39786908881989" lon="-64.24996609961309"><time>2026-07-04T23:21:05Z</time></trkpt><trkpt lat="44.397846730457914" lon="-64.24998431498462"><time>2026-07-04T23:21:06Z</time></trkpt><trkpt lat="44.39782399729066" lon="-64.25000403345712"><time>2026-07-04T23:21:07Z</time></trkpt><trkpt lat="44.397800600359695" lon="-64.25002301321577"><time>2026-07-04T23:21:08Z</time></trkpt><trkpt lat="44.39777660352902" lon="-64.25004044581954"><time>2026-07-04T23:21:09Z</time></trkpt><trkpt lat="44.39775145507883" lon="-64.2500563807209"><time>2026-07-04T23:21:10Z</time></trkpt><trkpt lat="44.397725465927785" lon="-64.2500694068275"><time>2026-07-04T23:21:11Z</time></trkpt><trkpt lat="44.397698300477494" lon="-64.25007915559472"><time>2026-07-04T23:21:12Z</time></trkpt><trkpt lat="44.39767009525545" lon="-64.2500842823822"><time>2026-07-04T23:21:13Z</time></trkpt><trkpt lat="44.397641476626326" lon="-64.25008681765608"><time>2026-07-04T23:21:14Z</time></trkpt><trkpt lat="44.39761244306731" lon="-64.2500871618181"><time>2026-07-04T23:21:15Z</time></trkpt><trkpt lat="44.39758339344901" lon="-64.2500872068945"><time>2026-07-04T23:21:16Z</time></trkpt><trkpt lat="44.39755531294881" lon="-64.25008824830401"><time>2026-07-04T23:21:17Z</time></trkpt><trkpt lat="44.39752648446682" lon="-64.25009065172402"><time>2026-07-04T23:21:18Z</time></trkpt><trkpt lat="44.397498165538316" lon="-64.25009387477598"><time>2026-07-04T23:21:19Z</time></trkpt><trkpt lat="44.397469970246384" lon="-64.25009790474753"><time>2026-07-04T23:21:20Z</time></trkpt><trkpt lat="44.39744132676042" lon="-64.25010078180718"><time>2026-07-04T23:21:21Z</time></trkpt><trkpt lat="44.39741244876726" lon="-64.25010261002384"><time>2026-07-04T23:21:22Z</time></trkpt><trkpt lat="44.39738378704605" lon="-64.25010419789294"><time>2026-07-04T23:21:23Z</time></trkpt><trkpt lat="44.397355210458" lon="-64.25010694886065"><time>2026-07-04T23:21:24Z</time></trkpt><trkpt lat="44.397327362346545" lon="-64.25011183614917"><time>2026-07-04T23:21:25Z</time></trkpt><trkpt lat="44.39730003867084" lon="-64.2501197118966"><time>2026-07-04T23:21:26Z</time></trkpt><trkpt lat="44.39727280214344" lon="-64.25012822047921"><time>2026-07-04T23:21:27Z</time></trkpt><trkpt lat="44.39724502611776" lon="-64.2501344330172"><time>2026-07-04T23:21:28Z</time></trkpt><trkpt lat="44.397217492415805" lon="-64.25013735274277"><time>2026-07-04T23:21:29Z</time></trkpt><trkpt lat="44.39719006119006" lon="-64.25013645605566"><time>2026-07-04T23:21:30Z</time></trkpt><trkpt lat="44.39716148114286" lon="-64.25013208542087"><time>2026-07-04T23:21:31Z</time></trkpt><trkpt lat="44.397132530691835" lon="-64.250126948796"><time>2026-07-04T23:21:32Z</time></trkpt><trkpt lat="44.397104328199035" lon="-64.25012192854338"><time>2026-07-04T23:21:33Z</time></trkpt><trkpt lat="44.39707666235599" lon="-64.25011671040056"><time>2026-07-04T23:21:34Z</time></trkpt><trkpt lat="44.39704957603401" lon="-64.25011345307547"><time>2026-07-04T23:21:35Z</time></trkpt><trkpt lat="44.39702251932914" lon="-64.25011045815668"><time>2026-07-04T23:21:36Z</time></trkpt><trkpt lat="44.39699496116366" lon="-64.25010590486103"><time>2026-07-04T23:21:37Z</time></trkpt><trkpt lat="44.39696795162441" lon="-64.25009824203407"><time>2026-07-04T23:21:38Z</time></trkpt><trkpt lat="44.3969405022205" lon="-64.25008777607039"><time>2026-07-04T23:21:39Z</time></trkpt><trkpt lat="44.39691375851352" lon="-64.25007802215188"><time>2026-07-04T23:21:40Z</time></trkpt><trkpt lat="44.39688625917733" lon="-64.25006980435838"><time>2026-07-04T23:21:41Z</time></trkpt><trkpt lat="44.39685879106608" lon="-64.25006101003089"><time>2026-07-04T23:21:42Z</time></trkpt><trkpt lat="44.396831441309395" lon="-64.25005143426004"><time>2026-07-04T23:21:43Z</time></trkpt><trkpt lat="44.39680556520709" lon="-64.25004027620137"><time>2026-07-04T23:21:44Z</time></trkpt><trkpt lat="44.39677938713831" lon="-64.25002748602955"><time>2026-07-04T23:21:45Z</time></trkpt><trkpt lat="44.39675268790824" lon="-64.25001451678703"><time>2026-07-04T23:21:46Z</time></trkpt><trkpt lat="44.39672606501691" lon="-64.25000218251174"><time>2026-07-04T23:21:47Z</time></trkpt><trkpt lat="44.39669923669247" lon="-64.24999095303431"><time>2026-07-04T23:21:48Z</time></trkpt><trkpt lat="44.39667230431578" lon="-64.24998058724478"><time>2026-07-04T23:21:49Z</time></trkpt><trkpt lat="44.396645775074994" lon="-64.24997091050327"><time>2026-07-04T23:21:50Z</time></trkpt><trkpt lat="44.39661879153737" lon="-64.24996060781874"><time>2026-07-04T23:21:51Z</time></trkpt><trkpt lat="44.39659253190733" lon="-64.24994803832024"><time>2026-07-04T23:21:52Z</time></trkpt><trkpt lat="44.39656707415112" lon="-64.24993335962436"><time>2026-07-04T23:21:53Z</time></trkpt><trkpt lat="44.39654159782855" lon="-64.24991822439637"><time>2026-07-04T23:21:54Z</time></trkpt><trkpt lat="44.39651536589835" lon="-64.24990277621153"><time>2026-07-04T23:21:55Z</time></trkpt><trkpt lat="44.39648899567374" lon="-64.24988784524041"><time>2026-07-04T23:21:56Z</time></trkpt><trkpt lat="44.39646245614308" lon="-64.24987474011922"><time>2026-07-04T23:21:57Z</time></trkpt><trkpt lat="44.396436251730044" lon="-64.24986156601399"><time>2026-07-04T23:21:58Z</time></trkpt><trkpt lat="44.39641016962398" lon="-64.24984814889199"><time>2026-07-04T23:21:59Z</time></trkpt><trkpt lat="44.39638394397957" lon="-64.24983443667384"><time>2026-07-04T23:22:00Z</time></trkpt><trkpt lat="44.39635751389285" lon="-64.24982172652965"><time>2026-07-04T23:22:01Z</time></trkpt><trkpt lat="44.39633040115712" lon="-64.24981007319928"><time>2026-07-04T23:22:02Z</time></trkpt><trkpt lat="44.39630368070179" lon="-64.2498003919752"><time>2026-07-04T23:22:03Z</time></trkpt><trkpt lat="44.396277487197956" lon="-64.24979194239963"><time>2026-07-04T23:22:04Z</time></trkpt><trkpt lat="44.3962506956765" lon="-64.24978412971964"><time>2026-07-04T23:22:05Z</time></trkpt><trkpt lat="44.396224222962076" lon="-64.2497755616089"><time>2026-07-04T23:22:06Z</time></trkpt><trkpt lat="44.39619762279888" lon="-64.2497652961385"><time>2026-07-04T23:22:07Z</time></trkpt><trkpt lat="44.396171706057444" lon="-64.24975274403396"><time>2026-07-04T23:22:08Z</time></trkpt><trkpt lat="44.39614552319585" lon="-64.24973897222075"><time>2026-07-04T23:22:09Z</time></trkpt><trkpt lat="44.39611943447104" lon="-64.2497243534226"><time>2026-07-04T23:22:10Z</time></trkpt><trkpt lat="44.3960943826435" lon="-64.24971068081607"><time>2026-07-04T23:22:11Z</time></trkpt><trkpt lat="44.396068424412604" lon="-64.24969750620839"><time>2026-07-04T23:22:12Z</time></trkpt><trkpt lat="44.396042632595524" lon="-64.24968358264223"><time>2026-07-04T23:22:13Z</time></trkpt><trkpt lat="44.396016048356486" lon="-64.24966985393532"><time>2026-07-04T23:22:14Z</time></trkpt><trkpt lat="44.39598993819715" lon="-64.24965602584713"><time>2026-07-04T23:22:15Z</time></trkpt><trkpt lat="44.395964046368604" lon="-64.24964297825902"><time>2026-07-04T23:22:16Z</time></trkpt><trkpt lat="44.39593772585997" lon="-64.24963120167389"><time>2026-07-04T23:22:17Z</time></trkpt><trkpt lat="44.395911445315015" lon="-64.24962105364561"><time>2026-07-04T23:22:18Z</time></trkpt><trkpt lat="44.39588496452583" lon="-64.24961162481077"><time>2026-07-04T23:22:19Z</time></trkpt><trkpt lat="44.395858037738456" lon="-64.24960153724662"><time>2026-07-04T23:22:20Z</time></trkpt><trkpt lat="44.3958312333777" lon="-64.2495916008906"><time>2026-07-04T23:22:21Z</time></trkpt><trkpt lat="44.39580495126449" lon="-64.24958013003764"><time>2026-07-04T23:22:22Z</time></trkpt><trkpt lat="44.39577888862542" lon="-64.24956794871753"><time>2026-07-04T23:22:23Z</time></trkpt><trkpt lat="44.39575326041688" lon="-64.24955521927967"><time>2026-07-04T23:22:24Z</time></trkpt><trkpt lat="44.39572731039991" lon="-64.24954225404643"><time>2026-07-04T23:22:25Z</time></trkpt><trkpt lat="44.39570113395036" lon="-64.24952873905828"><time>2026-07-04T23:22:26Z</time></trkpt><trkpt lat="44.395675199863625" lon="-64.24951469361723"><time>2026-07-04T23:22:27Z</time></trkpt><trkpt lat="44.39564912406905" lon="-64.24950075430942"><time>2026-07-04T23:22:28Z</time></trkpt><trkpt lat="44.39562336101994" lon="-64.24948760910695"><time>2026-07-04T23:22:29Z</time></trkpt><trkpt lat="44.39559752495001" lon="-64.24947517416844"><time>2026-07-04T23:22:30Z</time></trkpt><trkpt lat="44.39557147026011" lon="-64.24946343626975"><time>2026-07-04T23:22:31Z</time></trkpt><trkpt lat="44.39554696961915" lon="-64.24945205047077"><time>2026-07-04T23:22:32Z</time></trkpt><trkpt lat="44.39552206529741" lon="-64.24944021022509"><time>2026-07-04T23:22:33Z</time></trkpt><trkpt lat="44.39549766021184" lon="-64.24942891349247"><time>2026-07-04T23:22:34Z</time></trkpt><trkpt lat="44.395473204123455" lon="-64.24941767850972"><time>2026-07-04T23:22:35Z</time></trkpt><trkpt lat="44.39544984608977" lon="-64.24940711971752"><time>2026-07-04T23:22:36Z</time></trkpt><trkpt lat="44.39542682413074" lon="-64.24939669529778"><time>2026-07-04T23:22:37Z</time></trkpt><trkpt lat="44.39540416810386" lon="-64.24938619815904"><time>2026-07-04T23:22:38Z</time></trkpt><trkpt lat="44.39538171240927" lon="-64.24937592433324"><time>2026-07-04T23:22:39Z</time></trkpt><trkpt lat="44.395359551471635" lon="-64.2493659394073"><time>2026-07-04T23:22:40Z</time></trkpt><trkpt lat="44.39533779612825" lon="-64.24935542097984"><time>2026-07-04T23:22:41Z</time></trkpt><trkpt lat="44.395316614989355" lon="-64.24934363689623"><time>2026-07-04T23:22:42Z</time></trkpt><trkpt lat="44.395295306673574" lon="-64.24933058841812"><time>2026-07-04T23:22:43Z</time></trkpt><trkpt lat="44.39527495353212" lon="-64.2493176040924"><time>2026-07-04T23:22:44Z</time></trkpt><trkpt lat="44.3952546734591" lon="-64.24930696889965"><time>2026-07-04T23:22:45Z</time></trkpt><trkpt lat="44.395233779543986" lon="-64.2492974712188"><time>2026-07-04T23:22:46Z</time></trkpt><trkpt lat="44.39521275092157" lon="-64.24928887948235"><time>2026-07-04T23:22:47Z</time></trkpt><trkpt lat="44.39519218056345" lon="-64.24927987883284"><time>2026-07-04T23:22:48Z</time></trkpt><trkpt lat="44.395172077330294" lon="-64.24927042734551"><time>2026-07-04T23:22:49Z</time></trkpt><trkpt lat="44.39515210787931" lon="-64.24926157332791"><time>2026-07-04T23:22:50Z</time></trkpt><trkpt lat="44.39513177959286" lon="-64.24925233062143"><time>2026-07-04T23:22:51Z</time></trkpt><trkpt lat="44.39511161528694" lon="-64.24924300447337"><time>2026-07-04T23:22:52Z</time></trkpt><trkpt lat="44.39509244702104" lon="-64.2492331006198"><time>2026-07-04T23:22:53Z</time></trkpt><trkpt lat="44.39507288008981" lon="-64.24922211453581"><time>2026-07-04T23:22:54Z</time></trkpt><trkpt lat="44.395053206845624" lon="-64.24921076391328"><time>2026-07-04T23:22:55Z</time></trkpt><trkpt lat="44.395033483837615" lon="-64.24920010150345"><time>2026-07-04T23:22:56Z</time></trkpt><trkpt lat="44.39501357204087" lon="-64.24919106909805"><time>2026-07-04T23:22:57Z</time></trkpt><trkpt lat="44.39499374527494" lon="-64.2491830280833"><time>2026-07-04T23:22:58Z</time></trkpt><trkpt lat="44.39497426563438" lon="-64.24917516301409"><time>2026-07-04T23:22:59Z</time></trkpt><trkpt lat="44.394955109694585" lon="-64.24916703126415"><time>2026-07-04T23:23:00Z</time></trkpt><trkpt lat="44.394936491984936" lon="-64.24915951052445"><time>2026-07-04T23:23:01Z</time></trkpt><trkpt lat="44.39491718765841" lon="-64.24915214313093"><time>2026-07-04T23:23:02Z</time></trkpt><trkpt lat="44.39489812281656" lon="-64.24914510922486"><time>2026-07-04T23:23:03Z</time></trkpt><trkpt lat="44.39487919453799" lon="-64.24913788880033"><time>2026-07-04T23:23:04Z</time></trkpt><trkpt lat="44.394860428310665" lon="-64.24913074488848"><time>2026-07-04T23:23:05Z</time></trkpt><trkpt lat="44.3948422950566" lon="-64.24912396789502"><time>2026-07-04T23:23:06Z</time></trkpt><trkpt lat="44.39482398957082" lon="-64.24911674007431"><time>2026-07-04T23:23:07Z</time></trkpt><trkpt lat="44.394805615216654" lon="-64.24910969583438"><time>2026-07-04T23:23:08Z</time></trkpt><trkpt lat="44.394788101126515" lon="-64.24910273842909"><time>2026-07-04T23:23:09Z</time></trkpt><trkpt lat="44.394770322616374" lon="-64.24909558663161"><time>2026-07-04T23:23:10Z</time></trkpt><trkpt lat="44.394752678174015" lon="-64.2490882735691"><time>2026-07-04T23:23:11Z</time></trkpt><trkpt lat="44.39471836193434" lon="-64.24907741793982"><time>2026-07-04T23:23:13Z</time></trkpt><trkpt lat="44.39468346668891" lon="-64.24906795136071"><time>2026-07-04T23:23:15Z</time></trkpt><trkpt lat="44.39464944283437" lon="-64.24905958804246"><time>2026-07-04T23:23:17Z</time></trkpt><trkpt lat="44.394615624760824" lon="-64.24905066790018"><time>2026-07-04T23:23:19Z</time></trkpt><trkpt lat="44.394581181413976" lon="-64.24904170843794"><time>2026-07-04T23:23:21Z</time></trkpt><trkpt lat="44.3945475727717" lon="-64.24903348678973"><time>2026-07-04T23:23:23Z</time></trkpt><trkpt lat="44.39451415325694" lon="-64.24902757006883"><time>2026-07-04T23:23:25Z</time></trkpt><trkpt lat="44.39448135492857" lon="-64.24902380551391"><time>2026-07-04T23:23:27Z</time></trkpt><trkpt lat="44.394448515423754" lon="-64.24902165784852"><time>2026-07-04T23:23:29Z</time></trkpt><trkpt lat="44.3944158608321" lon="-64.2490202282423"><time>2026-07-04T23:23:31Z</time></trkpt><trkpt lat="44.394383174354886" lon="-64.24901874280455"><time>2026-07-04T23:23:33Z</time></trkpt><trkpt lat="44.39435068206224" lon="-64.24901733418092"><time>2026-07-04T23:23:35Z</time></trkpt><trkpt lat="44.394317902099566" lon="-64.24901386575958"><time>2026-07-04T23:23:37Z</time></trkpt><trkpt lat="44.39428630311543" lon="-64.24901129081564"><time>2026-07-04T23:23:39Z</time></trkpt><trkpt lat="44.39425489756899" lon="-64.24901222772442"><time>2026-07-04T23:23:41Z</time></trkpt><trkpt lat="44.394224351816995" lon="-64.24901728887573"><time>2026-07-04T23:23:43Z</time></trkpt><trkpt lat="44.39419752695981" lon="-64.24902419944576"><time>2026-07-04T23:23:45Z</time></trkpt><trkpt lat="44.39417476475274" lon="-64.2490314431301"><time>2026-07-04T23:23:47Z</time></trkpt><trkpt lat="44.39415375761707" lon="-64.24903898296728"><time>2026-07-04T23:23:49Z</time></trkpt><trkpt lat="44.39413577940999" lon="-64.24904551189131"><time>2026-07-04T23:23:51Z</time></trkpt><trkpt lat="44.394117643709144" lon="-64.2490559708403"><time>2026-07-04T23:23:54Z</time></trkpt><trkpt lat="44.39412414719947" lon="-64.24903013044108"><time>2026-07-04T23:24:07Z</time></trkpt><trkpt lat="44.39414257512941" lon="-64.24900784162881"><time>2026-07-04T23:24:10Z</time></trkpt><trkpt lat="44.394158646407874" lon="-64.24899028838288"><time>2026-07-04T23:24:12Z</time></trkpt><trkpt lat="44.39417623228183" lon="-64.24897093847693"><time>2026-07-04T23:24:14Z</time></trkpt><trkpt lat="44.39419662701556" lon="-64.2489518048646"><time>2026-07-04T23:24:16Z</time></trkpt><trkpt lat="44.394221059007506" lon="-64.2489343206306"><time>2026-07-04T23:24:18Z</time></trkpt><trkpt lat="44.39424805961908" lon="-64.24892020510822"><time>2026-07-04T23:24:20Z</time></trkpt><trkpt lat="44.39427643550725" lon="-64.24891393619372"><time>2026-07-04T23:24:22Z</time></trkpt><trkpt lat="44.394303540327904" lon="-64.24891582373473"><time>2026-07-04T23:24:24Z</time></trkpt><trkpt lat="44.3943270172449" lon="-64.24892545485979"><time>2026-07-04T23:24:26Z</time></trkpt><trkpt lat="44.394347899961105" lon="-64.24894142807153"><time>2026-07-04T23:24:28Z</time></trkpt><trkpt lat="44.394365660337236" lon="-64.24895730662809"><time>2026-07-04T23:24:30Z</time></trkpt><trkpt lat="44.394382217391" lon="-64.24897187817366"><time>2026-07-04T23:24:32Z</time></trkpt><trkpt lat="44.394396997370926" lon="-64.24898771845699"><time>2026-07-04T23:24:34Z</time></trkpt><trkpt lat="44.39441793871204" lon="-64.24900995967464"><time>2026-07-04T23:24:37Z</time></trkpt><trkpt lat="44.394438976738265" lon="-64.2490288878138"><time>2026-07-04T23:24:40Z</time></trkpt><trkpt lat="44.394460723993404" lon="-64.24904698956635"><time>2026-07-04T23:24:43Z</time></trkpt><trkpt lat="44.3944818073014" lon="-64.24906307195617"><time>2026-07-04T23:24:46Z</time></trkpt><trkpt lat="44.39450096448556" lon="-64.24908029398959"><time>2026-07-04T23:24:49Z</time></trkpt><trkpt lat="44.39451861272381" lon="-64.24909971898005"><time>2026-07-04T23:24:52Z</time></trkpt><trkpt lat="44.39453377500341" lon="-64.24911977569417"><time>2026-07-04T23:24:55Z</time></trkpt><trkpt lat="44.39454962723847" lon="-64.24914145759539"><time>2026-07-04T23:24:59Z</time></trkpt><trkpt lat="44.39456467771615" lon="-64.2491602704571"><time>2026-07-04T23:25:05Z</time></trkpt><trkpt lat="44.39458295504197" lon="-64.24914771242007"><time>2026-07-04T23:25:38Z</time></trkpt><trkpt lat="44.3946045035275" lon="-64.24915857778156"><time>2026-07-04T23:25:42Z</time></trkpt><trkpt lat="44.3946215823368" lon="-64.24917012622873"><time>2026-07-04T23:25:45Z</time></trkpt><trkpt lat="44.394640455481394" lon="-64.24918531218013"><time>2026-07-04T23:25:48Z</time></trkpt><trkpt lat="44.394660500715354" lon="-64.24920248343076"><time>2026-07-04T23:25:51Z</time></trkpt><trkpt lat="44.39468303400301" lon="-64.24922058737685"><time>2026-07-04T23:25:54Z</time></trkpt><trkpt lat="44.39470631385563" lon="-64.24923776381462"><time>2026-07-04T23:25:57Z</time></trkpt><trkpt lat="44.394730221024425" lon="-64.24925348554918"><time>2026-07-04T23:26:00Z</time></trkpt><trkpt lat="44.39474689655148" lon="-64.24926341221212"><time>2026-07-04T23:26:02Z</time></trkpt><trkpt lat="44.39476368460444" lon="-64.24927503679375"><time>2026-07-04T23:26:04Z</time></trkpt><trkpt lat="44.39478099027875" lon="-64.24928771674811"><time>2026-07-04T23:26:06Z</time></trkpt><trkpt lat="44.39479720056123" lon="-64.24930117998706"><time>2026-07-04T23:26:08Z</time></trkpt><trkpt lat="44.39481480038752" lon="-64.24931264417773"><time>2026-07-04T23:26:10Z</time></trkpt><trkpt lat="44.394833407110774" lon="-64.2493225746223"><time>2026-07-04T23:26:12Z</time></trkpt><trkpt lat="44.39485148596977" lon="-64.24933204846151"><time>2026-07-04T23:26:14Z</time></trkpt><trkpt lat="44.39487019061054" lon="-64.24934090825626"><time>2026-07-04T23:26:16Z</time></trkpt><trkpt lat="44.39488969488265" lon="-64.24935006239156"><time>2026-07-04T23:26:18Z</time></trkpt><trkpt lat="44.394909429336785" lon="-64.24935997795382"><time>2026-07-04T23:26:20Z</time></trkpt><trkpt lat="44.39492830817615" lon="-64.24936888368333"><time>2026-07-04T23:26:22Z</time></trkpt><trkpt lat="44.39495011534076" lon="-64.24938199928015"><time>2026-07-04T23:26:25Z</time></trkpt><trkpt lat="44.39497124163357" lon="-64.24939352722785"><time>2026-07-04T23:26:29Z</time></trkpt><trkpt lat="44.3949908970682" lon="-64.24940459892561"><time>2026-07-04T23:26:34Z</time></trkpt><trkpt lat="44.394999514463045" lon="-64.24938234310464"><time>2026-07-04T23:26:54Z</time></trkpt><trkpt lat="44.39498561519881" lon="-64.24936481024531"><time>2026-07-04T23:27:00Z</time></trkpt><trkpt lat="44.39496671986832" lon="-64.24935031513652"><time>2026-07-04T23:27:06Z</time></trkpt><trkpt lat="44.39494793440646" lon="-64.24933946740911"><time>2026-07-04T23:27:11Z</time></trkpt><trkpt lat="44.394930264760916" lon="-64.24933197367206"><time>2026-07-04T23:27:15Z</time></trkpt><trkpt lat="44.3949111709798" lon="-64.24932420660821"><time>2026-07-04T23:27:19Z</time></trkpt><trkpt lat="44.394891725847586" lon="-64.24931454982928"><time>2026-07-04T23:27:23Z</time></trkpt><trkpt lat="44.39487417429169" lon="-64.24930675884244"><time>2026-07-04T23:27:27Z</time></trkpt><trkpt lat="44.394855404737065" lon="-64.24929771669655"><time>2026-07-04T23:27:33Z</time></trkpt><trkpt lat="44.394838494650116" lon="-64.24928403088978"><time>2026-07-04T23:27:41Z</time></trkpt><trkpt lat="44.39485145412929" lon="-64.2492658342305"><time>2026-07-04T23:28:09Z</time></trkpt><trkpt lat="44.394872035545376" lon="-64.24927249386835"><time>2026-07-04T23:28:16Z</time></trkpt><trkpt lat="44.3948906747916" lon="-64.24928819538319"><time>2026-07-04T23:28:22Z</time></trkpt><trkpt lat="44.3949033516876" lon="-64.24930655674305"><time>2026-07-04T23:28:27Z</time></trkpt><trkpt lat="44.39491369669752" lon="-64.24932725179144"><time>2026-07-04T23:28:32Z</time></trkpt><trkpt lat="44.39491723080792" lon="-64.24935349674304"><time>2026-07-04T23:28:37Z</time></trkpt><trkpt lat="44.39492303388516" lon="-64.24937946790983"><time>2026-07-04T23:28:42Z</time></trkpt><trkpt lat="44.39492947746501" lon="-64.24940641783581"><time>2026-07-04T23:28:47Z</time></trkpt><trkpt lat="44.39493717772451" lon="-64.24943522598414"><time>2026-07-04T23:28:52Z</time></trkpt><trkpt lat="44.39495178234554" lon="-64.24945409632284"><time>2026-07-04T23:28:58Z</time></trkpt><trkpt lat="44.39496765584412" lon="-64.2494410459552"><time>2026-07-04T23:29:20Z</time></trkpt><trkpt lat="44.39497988863759" lon="-64.24942135244636"><time>2026-07-04T23:29:37Z</time></trkpt><trkpt lat="44.39500145309932" lon="-64.24942370086939"><time>2026-07-04T23:29:44Z</time></trkpt><trkpt lat="44.394994939736485" lon="-64.24939996073188"><time>2026-07-04T23:30:07Z</time></trkpt><trkpt lat="44.39498207424985" lon="-64.24938008131956"><time>2026-07-04T23:30:15Z</time></trkpt><trkpt lat="44.39496817191387" lon="-64.24936388110844"><time>2026-07-04T23:30:22Z</time></trkpt><trkpt lat="44.394953079228074" lon="-64.2493468965121"><time>2026-07-04T23:30:29Z</time></trkpt><trkpt lat="44.39493792684621" lon="-64.24933104113123"><time>2026-07-04T23:30:36Z</time></trkpt><trkpt lat="44.39492317423185" lon="-64.249310509438"><time>2026-07-04T23:30:43Z</time></trkpt><trkpt lat="44.39490952123994" lon="-64.24929187966848"><time>2026-07-04T23:30:49Z</time></trkpt><trkpt lat="44.39489504928655" lon="-64.24927183528648"><time>2026-07-04T23:30:55Z</time></trkpt><trkpt lat="44.39485670893689" lon="-64.24922544574564"><time>2026-07-04T23:31:12Z</time></trkpt><trkpt lat="44.39483772783934" lon="-64.24921193337357"><time>2026-07-04T23:31:17Z</time></trkpt><trkpt lat="44.39481891322911" lon="-64.249200023669"><time>2026-07-04T23:31:22Z</time></trkpt><trkpt lat="44.394801036425406" lon="-64.24918826836134"><time>2026-07-04T23:31:27Z</time></trkpt><trkpt lat="44.39478387733352" lon="-64.24917545598255"><time>2026-07-04T23:31:32Z</time></trkpt><trkpt lat="44.39476660294884" lon="-64.24916321287206"><time>2026-07-04T23:31:38Z</time></trkpt><trkpt lat="44.394741495094635" lon="-64.24916741786511"><time>2026-07-04T23:31:45Z</time></trkpt><trkpt lat="44.39472417697876" lon="-64.24919158366477"><time>2026-07-04T23:31:48Z</time></trkpt><trkpt lat="44.39473274130639" lon="-64.24914939905254"><time>2026-07-04T23:31:58Z</time></trkpt><trkpt lat="44.39470797366883" lon="-64.24914302888455"><time>2026-07-04T23:32:23Z</time></trkpt><trkpt lat="44.394690746132945" lon="-64.24913266075875"><time>2026-07-04T23:32:52Z</time></trkpt><trkpt lat="44.39468796737059" lon="-64.24910783589785"><time>2026-07-04T23:33:19Z</time></trkpt><trkpt lat="44.39468762708006" lon="-64.2490812755262"><time>2026-07-04T23:33:40Z</time></trkpt><trkpt lat="44.394679172620656" lon="-64.24905842722141"><time>2026-07-04T23:34:02Z</time></trkpt><trkpt lat="44.39469791486605" lon="-64.24905850199292"><time>2026-07-04T23:34:46Z</time></trkpt><trkpt lat="44.39471631233687" lon="-64.24906189169006"><time>2026-07-04T23:35:03Z</time></trkpt><trkpt lat="44.39473437439822" lon="-64.24906059414865"><time>2026-07-04T23:35:22Z</time></trkpt><trkpt lat="44.39475207723483" lon="-64.2490556312447"><time>2026-07-04T23:35:41Z</time></trkpt><trkpt lat="44.39477002676725" lon="-64.24904806052409"><time>2026-07-04T23:36:04Z</time></trkpt><trkpt lat="44.39478750466725" lon="-64.24904145173491"><time>2026-07-04T23:36:33Z</time></trkpt><trkpt lat="44.39480311153851" lon="-64.24902543884633"><time>2026-07-04T23:37:25Z</time></trkpt><trkpt lat="44.39481837123273" lon="-64.24901142010916"><time>2026-07-04T23:38:00Z</time></trkpt><trkpt lat="44.39483623312404" lon="-64.24900226129758"><time>2026-07-04T23:38:26Z</time></trkpt><trkpt lat="44.39483118780767" lon="-64.24903186176903"><time>2026-07-04T23:38:38Z</time></trkpt><trkpt lat="44.39483164377783" lon="-64.24907300645482"><time>2026-07-04T23:38:40Z</time></trkpt><trkpt lat="44.3948395059196" lon="-64.24904497816331"><time>2026-07-04T23:38:41Z</time></trkpt><trkpt lat="44.394849046326385" lon="-64.24907060886493"><time>2026-07-04T23:38:43Z</time></trkpt><trkpt lat="44.39485072245973" lon="-64.24912498343458"><time>2026-07-04T23:38:44Z</time></trkpt><trkpt lat="44.39484687628445" lon="-64.24919250183454"><time>2026-07-04T23:38:45Z</time></trkpt><trkpt lat="44.39484395444199" lon="-64.24906272102652"><time>2026-07-04T23:38:46Z</time></trkpt><trkpt lat="44.394852757288184" lon="-64.24903528459986"><time>2026-07-04T23:39:22Z</time></trkpt><trkpt lat="44.39486911273616" lon="-64.24902213045787"><time>2026-07-04T23:39:59Z</time></trkpt><trkpt lat="44.39485766763928" lon="-64.24905162099925"><time>2026-07-04T23:40:40Z</time></trkpt><trkpt lat="44.3948782827089" lon="-64.24906734508865"><time>2026-07-04T23:41:08Z</time></trkpt><trkpt lat="44.394886305760195" lon="-64.24904363457297"><time>2026-07-04T23:41:27Z</time></trkpt><trkpt lat="44.394889754905954" lon="-64.24903291453116"><time>2026-07-04T23:41:58Z</time></trkpt><trkpt lat="44.39490615503078" lon="-64.24901594392578"><time>2026-07-04T23:42:41Z</time></trkpt><trkpt lat="44.3949189614649" lon="-64.24899582175229"><time>2026-07-04T23:43:01Z</time></trkpt><trkpt lat="44.39491890060578" lon="-64.2489928123802"><time>2026-07-04T23:43:12Z</time></trkpt><trkpt lat="44.394910484452964" lon="-64.24900082767147"><time>2026-07-04T23:43:20Z</time></trkpt><trkpt lat="44.394902015787444" lon="-64.24900873651575"><time>2026-07-04T23:43:32Z</time></trkpt><trkpt lat="44.39488357913406" lon="-64.24900458357806"><time>2026-07-04T23:43:39Z</time></trkpt><trkpt lat="44.394864966260144" lon="-64.2490045337488"><time>2026-07-04T23:43:51Z</time></trkpt><trkpt lat="44.39484743294227" lon="-64.24899328389634"><time>2026-07-04T23:44:05Z</time></trkpt><trkpt lat="44.39482941245731" lon="-64.24899670400043"><time>2026-07-04T23:44:13Z</time></trkpt><trkpt lat="44.39481148996824" lon="-64.248999638481"><time>2026-07-04T23:44:28Z</time></trkpt><trkpt lat="44.39479330330724" lon="-64.2489919451154"><time>2026-07-04T23:45:03Z</time></trkpt><trkpt lat="44.39480522750741" lon="-64.24897868833916"><time>2026-07-04T23:46:25Z</time></trkpt><trkpt lat="44.39481835804108" lon="-64.24900110947351"><time>2026-07-04T23:46:39Z</time></trkpt><trkpt lat="44.39483604027584" lon="-64.24901854069017"><time>2026-07-04T23:46:55Z</time></trkpt><trkpt lat="44.394824487267314" lon="-64.2489943251069"><time>2026-07-04T23:46:59Z</time></trkpt><trkpt lat="44.39484332000859" lon="-64.24900248829539"><time>2026-07-04T23:47:08Z</time></trkpt><trkpt lat="44.39486018894449" lon="-64.24901344886051"><time>2026-07-04T23:47:36Z</time></trkpt><trkpt lat="44.3948784541115" lon="-64.24901385610902"><time>2026-07-04T23:47:58Z</time></trkpt><trkpt lat="44.39489224861638" lon="-64.24899351801261"><time>2026-07-04T23:48:19Z</time></trkpt><trkpt lat="44.39490304612076" lon="-64.24901646492827"><time>2026-07-04T23:48:36Z</time></trkpt><trkpt lat="44.394888560425436" lon="-64.24899100682502"><time>2026-07-04T23:50:23Z</time></trkpt><trkpt lat="44.39486492564893" lon="-64.24899028459106"><time>2026-07-04T23:50:38Z</time></trkpt><trkpt lat="44.39484790545626" lon="-64.24898018971177"><time>2026-07-04T23:50:48Z</time></trkpt><trkpt lat="44.39482898138905" lon="-64.24899016564734"><time>2026-07-04T23:51:04Z</time></trkpt><trkpt lat="44.39481264288626" lon="-64.24897866405945"><time>2026-07-04T23:51:28Z</time></trkpt><trkpt lat="44.39480770346312" lon="-64.24896595720251"><time>2026-07-04T23:51:52Z</time></trkpt><trkpt lat="44.39482689423197" lon="-64.24897429816872"><time>2026-07-04T23:52:24Z</time></trkpt><trkpt lat="44.39484384079215" lon="-64.24898337214397"><time>2026-07-04T23:52:41Z</time></trkpt><trkpt lat="44.394862236398666" lon="-64.24898554635463"><time>2026-07-04T23:53:05Z</time></trkpt><trkpt lat="44.39488449982032" lon="-64.24897583188324"><time>2026-07-04T23:53:20Z</time></trkpt><trkpt lat="44.39486582248565" lon="-64.24896004430884"><time>2026-07-04T23:53:39Z</time></trkpt><trkpt lat="44.39484838590901" lon="-64.24895016578522"><time>2026-07-04T23:53:48Z</time></trkpt><trkpt lat="44.39483313472962" lon="-64.24893400354762"><time>2026-07-04T23:53:53Z</time></trkpt><trkpt lat="44.39481647641931" lon="-64.24891919461056"><time>2026-07-04T23:53:58Z</time></trkpt><trkpt lat="44.39479868823468" lon="-64.24890952608149"><time>2026-07-04T23:54:15Z</time></trkpt><trkpt lat="44.39477833612092" lon="-64.24890903302476"><time>2026-07-04T23:54:24Z</time></trkpt><trkpt lat="44.394762371090025" lon="-64.24889593503406"><time>2026-07-04T23:54:53Z</time></trkpt><trkpt lat="44.394745016696355" lon="-64.2488882557259"><time>2026-07-04T23:54:57Z</time></trkpt><trkpt lat="44.3947348004378" lon="-64.24886360970667"><time>2026-07-04T23:55:36Z</time></trkpt><trkpt lat="44.39471657110596" lon="-64.24886054592795"><time>2026-07-04T23:55:41Z</time></trkpt><trkpt lat="44.394696921087665" lon="-64.24885920548328"><time>2026-07-04T23:55:50Z</time></trkpt><trkpt lat="44.39467831424972" lon="-64.24886989282713"><time>2026-07-04T23:55:56Z</time></trkpt><trkpt lat="44.39466054628808" lon="-64.24889946306378"><time>2026-07-04T23:56:04Z</time></trkpt><trkpt lat="44.39465374223008" lon="-64.24892573761466"><time>2026-07-04T23:56:10Z</time></trkpt><trkpt lat="44.3946497435505" lon="-64.2489538791079"><time>2026-07-04T23:56:16Z</time></trkpt><trkpt lat="44.394655449346985" lon="-64.24897777483466"><time>2026-07-04T23:56:22Z</time></trkpt><trkpt lat="44.39466224079418" lon="-64.24900216889664"><time>2026-07-04T23:56:32Z</time></trkpt><trkpt lat="44.39466545160385" lon="-64.24897511397441"><time>2026-07-04T23:56:47Z</time></trkpt><trkpt lat="44.39466638243187" lon="-64.24894932047518"><time>2026-07-04T23:56:54Z</time></trkpt><trkpt lat="44.39466344600738" lon="-64.24892284453898"><time>2026-07-04T23:57:01Z</time></trkpt><trkpt lat="44.394658111552154" lon="-64.24889475278805"><time>2026-07-04T23:57:15Z</time></trkpt><trkpt lat="44.39467110834367" lon="-64.24887248839482"><time>2026-07-04T23:57:20Z</time></trkpt><trkpt lat="44.39466182157948" lon="-64.2488472328953"><time>2026-07-04T23:57:28Z</time></trkpt><trkpt lat="44.394644552563584" lon="-64.24883567266644"><time>2026-07-04T23:57:32Z</time></trkpt><trkpt lat="44.39462380336907" lon="-64.24882478811205"><time>2026-07-04T23:57:37Z</time></trkpt><trkpt lat="44.39460380831691" lon="-64.24882522403465"><time>2026-07-04T23:57:42Z</time></trkpt><trkpt lat="44.39458086788048" lon="-64.24884013324768"><time>2026-07-04T23:57:48Z</time></trkpt><trkpt lat="44.39456777538264" lon="-64.24886425196199"><time>2026-07-04T23:57:53Z</time></trkpt><trkpt lat="44.39454890910259" lon="-64.24887893869713"><time>2026-07-04T23:57:57Z</time></trkpt><trkpt lat="44.39454179416347" lon="-64.24890857141607"><time>2026-07-04T23:58:03Z</time></trkpt><trkpt lat="44.394540801930546" lon="-64.2489371421696"><time>2026-07-04T23:58:08Z</time></trkpt><trkpt lat="44.394539028354686" lon="-64.24896753279431"><time>2026-07-04T23:58:12Z</time></trkpt><trkpt lat="44.39452097641273" lon="-64.24897937550767"><time>2026-07-04T23:58:18Z</time></trkpt><trkpt lat="44.39450234114295" lon="-64.24898719524539"><time>2026-07-04T23:58:21Z</time></trkpt><trkpt lat="44.394483487027834" lon="-64.24898739715432"><time>2026-07-04T23:58:24Z</time></trkpt><trkpt lat="44.39446517738358" lon="-64.24898473534937"><time>2026-07-04T23:58:27Z</time></trkpt><trkpt lat="44.39444491906608" lon="-64.24898642095619"><time>2026-07-04T23:58:30Z</time></trkpt><trkpt lat="44.394428431352" lon="-64.24899843885184"><time>2026-07-04T23:58:33Z</time></trkpt><trkpt lat="44.394412689678575" lon="-64.2490151049789"><time>2026-07-04T23:58:36Z</time></trkpt><trkpt lat="44.39439364214933" lon="-64.24903739171859"><time>2026-07-04T23:58:39Z</time></trkpt><trkpt lat="44.39436867878764" lon="-64.24905537448694"><time>2026-07-04T23:58:43Z</time></trkpt><trkpt lat="44.394343713845224" lon="-64.24906716180153"><time>2026-07-04T23:58:45Z</time></trkpt><trkpt lat="44.39432495192678" lon="-64.24907631729852"><time>2026-07-04T23:58:49Z</time></trkpt><trkpt lat="44.39430427888539" lon="-64.2490817981005"><time>2026-07-04T23:58:53Z</time></trkpt><trkpt lat="44.39428558495796" lon="-64.24909151012942"><time>2026-07-04T23:58:57Z</time></trkpt><trkpt lat="44.394265545643336" lon="-64.24909988330622"><time>2026-07-04T23:59:02Z</time></trkpt><trkpt lat="44.39425000008759" lon="-64.24911644354755"><time>2026-07-04T23:59:06Z</time></trkpt><trkpt lat="44.39423368012834" lon="-64.24913262223546"><time>2026-07-04T23:59:10Z</time></trkpt><trkpt lat="44.394217557702774" lon="-64.24914842571964"><time>2026-07-04T23:59:14Z</time></trkpt><trkpt lat="44.39419630534235" lon="-64.24916172337844"><time>2026-07-04T23:59:17Z</time></trkpt><trkpt lat="44.39418391194843" lon="-64.24918593770855"><time>2026-07-04T23:59:21Z</time></trkpt><trkpt lat="44.394169477451705" lon="-64.24920477051984"><time>2026-07-04T23:59:25Z</time></trkpt><trkpt lat="44.3941617533858" lon="-64.2492299228035"><time>2026-07-04T23:59:29Z</time></trkpt><trkpt lat="44.39414634816882" lon="-64.24925266869982"><time>2026-07-04T23:59:33Z</time></trkpt><trkpt lat="44.394134444554844" lon="-64.24927794941213"><time>2026-07-04T23:59:36Z</time></trkpt><trkpt lat="44.39411462305579" lon="-64.24929186441307"><time>2026-07-04T23:59:40Z</time></trkpt><trkpt lat="44.39409272483797" lon="-64.24929627970243"><time>2026-07-04T23:59:44Z</time></trkpt><trkpt lat="44.394073831522384" lon="-64.24930227855572"><time>2026-07-04T23:59:47Z</time></trkpt><trkpt lat="44.39405232471277" lon="-64.24931034324547"><time>2026-07-04T23:59:50Z</time></trkpt><trkpt lat="44.39402941416488" lon="-64.24931499348891"><time>2026-07-04T23:59:53Z</time></trkpt><trkpt lat="44.39400747760151" lon="-64.24931838612406"><time>2026-07-04T23:59:56Z</time></trkpt><trkpt lat="44.39398746091163" lon="-64.24932154175734"><time>2026-07-04T23:59:59Z</time></trkpt><trkpt lat="44.393965241245425" lon="-64.24932655229878"><time>2026-07-05T00:00:03Z</time></trkpt><trkpt lat="44.39394542735584" lon="-64.24933698778192"><time>2026-07-05T00:00:07Z</time></trkpt><trkpt lat="44.39393086476221" lon="-64.24936111135092"><time>2026-07-05T00:00:11Z</time></trkpt><trkpt lat="44.393912216840356" lon="-64.24937900701251"><time>2026-07-05T00:00:12Z</time></trkpt><trkpt lat="44.39388610913086" lon="-64.24938076520668"><time>2026-07-05T00:00:17Z</time></trkpt><trkpt lat="44.393862839637094" lon="-64.24938941338785"><time>2026-07-05T00:00:20Z</time></trkpt><trkpt lat="44.393842768708055" lon="-64.24939029035797"><time>2026-07-05T00:00:22Z</time></trkpt><trkpt lat="44.39382593501931" lon="-64.24940278306195"><time>2026-07-05T00:00:24Z</time></trkpt><trkpt lat="44.39380994055648" lon="-64.2494220149067"><time>2026-07-05T00:00:28Z</time></trkpt><trkpt lat="44.39379813867788" lon="-64.24944578484651"><time>2026-07-05T00:00:32Z</time></trkpt><trkpt lat="44.393792488913476" lon="-64.24947464376832"><time>2026-07-05T00:00:36Z</time></trkpt><trkpt lat="44.39378678325994" lon="-64.24950321847935"><time>2026-07-05T00:00:39Z</time></trkpt><trkpt lat="44.39376936405062" lon="-64.24951226312798"><time>2026-07-05T00:00:43Z</time></trkpt><trkpt lat="44.393754692274634" lon="-64.24952697517676"><time>2026-07-05T00:00:47Z</time></trkpt><trkpt lat="44.39373426276985" lon="-64.24954763059453"><time>2026-07-05T00:00:50Z</time></trkpt><trkpt lat="44.39371739761507" lon="-64.24956566452659"><time>2026-07-05T00:00:53Z</time></trkpt><trkpt lat="44.393697433048686" lon="-64.2495762836388"><time>2026-07-05T00:00:56Z</time></trkpt><trkpt lat="44.393681023429586" lon="-64.24958871230635"><time>2026-07-05T00:00:58Z</time></trkpt><trkpt lat="44.39365953166364" lon="-64.24960111727569"><time>2026-07-05T00:01:01Z</time></trkpt><trkpt lat="44.393640512718925" lon="-64.24961191406433"><time>2026-07-05T00:01:04Z</time></trkpt><trkpt lat="44.39362125676161" lon="-64.24962099583868"><time>2026-07-05T00:01:07Z</time></trkpt><trkpt lat="44.39360548253925" lon="-64.24963447437027"><time>2026-07-05T00:01:10Z</time></trkpt><trkpt lat="44.39358726866941" lon="-64.24964688723043"><time>2026-07-05T00:01:15Z</time></trkpt><trkpt lat="44.39356730024542" lon="-64.24963953449031"><time>2026-07-05T00:01:27Z</time></trkpt><trkpt lat="44.39354529110119" lon="-64.24964682967774"><time>2026-07-05T00:01:40Z</time></trkpt><trkpt lat="44.39352924006679" lon="-64.24966517928173"><time>2026-07-05T00:01:43Z</time></trkpt><trkpt lat="44.39351599456952" lon="-64.24969280743035"><time>2026-07-05T00:01:45Z</time></trkpt><trkpt lat="44.39351371225058" lon="-64.24971852037511"><time>2026-07-05T00:01:47Z</time></trkpt><trkpt lat="44.39349456317434" lon="-64.24970770836843"><time>2026-07-05T00:01:50Z</time></trkpt><trkpt lat="44.39349511603953" lon="-64.24967256527351"><time>2026-07-05T00:01:52Z</time></trkpt><trkpt lat="44.39349088149992" lon="-64.24964071335428"><time>2026-07-05T00:01:55Z</time></trkpt><trkpt lat="44.39348565624983" lon="-64.24960694353219"><time>2026-07-05T00:01:58Z</time></trkpt><trkpt lat="44.39348846336597" lon="-64.24957939079933"><time>2026-07-05T00:02:00Z</time></trkpt><trkpt lat="44.39348606748014" lon="-64.24954527263357"><time>2026-07-05T00:02:03Z</time></trkpt><trkpt lat="44.393479030823926" lon="-64.24952092201187"><time>2026-07-05T00:02:05Z</time></trkpt><trkpt lat="44.39347690822214" lon="-64.24948802123069"><time>2026-07-05T00:02:07Z</time></trkpt><trkpt lat="44.393474047649754" lon="-64.24945603965317"><time>2026-07-05T00:02:09Z</time></trkpt><trkpt lat="44.393466259631246" lon="-64.24942818773592"><time>2026-07-05T00:02:11Z</time></trkpt><trkpt lat="44.393454479717114" lon="-64.24940828775148"><time>2026-07-05T00:02:13Z</time></trkpt><trkpt lat="44.393435685345366" lon="-64.24938891152993"><time>2026-07-05T00:02:16Z</time></trkpt><trkpt lat="44.39341825548757" lon="-64.24940034086906"><time>2026-07-05T00:02:20Z</time></trkpt><trkpt lat="44.393403542089686" lon="-64.24941824566525"><time>2026-07-05T00:02:36Z</time></trkpt><trkpt lat="44.39338459003498" lon="-64.24940050053524"><time>2026-07-05T00:02:39Z</time></trkpt><trkpt lat="44.39337269803276" lon="-64.24937553970207"><time>2026-07-05T00:02:42Z</time></trkpt><trkpt lat="44.39336117647098" lon="-64.24934334400918"><time>2026-07-05T00:02:45Z</time></trkpt><trkpt lat="44.39335481390383" lon="-64.24931110989338"><time>2026-07-05T00:02:52Z</time></trkpt><trkpt lat="44.39335227556826" lon="-64.24927591132338"><time>2026-07-05T00:02:55Z</time></trkpt><trkpt lat="44.393350998041235" lon="-64.24924952192983"><time>2026-07-05T00:02:57Z</time></trkpt><trkpt lat="44.39334901692561" lon="-64.24921927601467"><time>2026-07-05T00:02:59Z</time></trkpt><trkpt lat="44.3933447773273" lon="-64.24919331638124"><time>2026-07-05T00:03:02Z</time></trkpt><trkpt lat="44.39333725337768" lon="-64.24916352483801"><time>2026-07-05T00:03:06Z</time></trkpt></trkseg></trk></gpx>
