<?xml version="1.0" encoding="UTF-8"?>
<gpx creator="StravaGPX" version="1.1" schemaLocation="http://www.topografix.com/GPX/1/1 http://www.topografix.com/GPX/1/1/gpx.xsd http://www.garmin.com/xmlschemas/GpxExtensions/v3 http://www.garmin.com/xmlschemas/GpxExtensionsv3.xsd http://www.garmin.com/xmlschemas/TrackPointExtension/v1 http://www.garmin.com/xmlschemas/TrackPointExtensionv1.xsd" xmlns="http://www.topografix.com/GPX/1/1" xmlns:xsi="http://www.w3.org/2001/XMLSchema-instance" xsi:schemaLocation="http://www.topografix.com/GPX/1/1 http://www.topografix.com/GPX/1/1/gpx.xsd http://www.garmin.com/xmlschemas/GpxExtensions/v3 http://www.garmin.com/xmlschemas/GpxExtensionsv3.xsd http://www.garmin.com/xmlschemas/TrackPointExtension/v1 http://www.garmin.com/xmlschemas/TrackPointExtensionv1.xsd http://www.garmin.com/xmlschemas/PowerExtension/v1 http://www.garmin.com/xmlschemas/PowerExtensionv1.xsd http://www.topografix.com/GPX/gpx_style/0/2 http://www.topografix.com/GPX/gpx_style/0/2/gpx_style.xsd" xmlns:gpxtpx="http://www.garmin.com/xmlschemas/TrackPointExtension/v1" xmlns:gpxx="http://www.garmin.com/xmlschemas/GpxExtensions/v3" xmlns:gpxpx="http://www.garmin.com/xmlschemas/PowerExtension/v1" xmlns:gpx_style="http://www.topografix.com/GPX/gpx_style/0/2">
  <metadata>
    <name>Afternoon_Ride (2)</name>
    <author>
      <name>gpx.studio</name>
      <link href="https://gpx.studio"/>
    </author>
    <time>2026-04-01T18:53:19.000Z</time>
  </metadata>
  <trk>
    <name>Afternoon Ride</name>
    <type>cycling</type>
    <trkseg>
      <trkpt lat="40.651536" lon="-73.971755">
        <ele>19.4</ele>
        <time>2026-04-01T19:03:48.000Z</time>
      </trkpt>
      <trkpt lat="40.651583" lon="-73.971756">
        <ele>19.4</ele>
        <time>2026-04-01T19:03:49.000Z</time>
      </trkpt>
      <trkpt lat="40.651629" lon="-73.97174">
        <ele>19.4</ele>
        <time>2026-04-01T19:03:50.000Z</time>
      </trkpt>
      <trkpt lat="40.651669" lon="-73.971711">
        <ele>19.4</ele>
        <time>2026-04-01T19:03:51.000Z</time>
      </trkpt>
      <trkpt lat="40.651706" lon="-73.971675">
        <ele>19.4</ele>
        <time>2026-04-01T19:03:52.000Z</time>
      </trkpt>
      <trkpt lat="40.651741" lon="-73.971635">
        <ele>19.4</ele>
        <time>2026-04-01T19:03:53.000Z</time>
      </trkpt>
      <trkpt lat="40.651774" lon="-73.971595">
        <ele>19.4</ele>
        <time>2026-04-01T19:03:54.000Z</time>
      </trkpt>
      <trkpt lat="40.651806" lon="-73.971554">
        <ele>19.6</ele>
        <time>2026-04-01T19:03:55.000Z</time>
      </trkpt>
      <trkpt lat="40.651837" lon="-73.971512">
        <ele>19.6</ele>
        <time>2026-04-01T19:03:56.000Z</time>
      </trkpt>
      <trkpt lat="40.651865" lon="-73.971467">
        <ele>19.6</ele>
        <time>2026-04-01T19:03:57.000Z</time>
      </trkpt>
      <trkpt lat="40.651888" lon="-73.971418">
        <ele>19.6</ele>
        <time>2026-04-01T19:03:58.000Z</time>
      </trkpt>
      <trkpt lat="40.651906" lon="-73.971368">
        <ele>19.6</ele>
        <time>2026-04-01T19:03:59.000Z</time>
      </trkpt>
      <trkpt lat="40.651921" lon="-73.971316">
        <ele>19.8</ele>
        <time>2026-04-01T19:04:00.000Z</time>
      </trkpt>
      <trkpt lat="40.651934" lon="-73.971265">
        <ele>19.8</ele>
        <time>2026-04-01T19:04:01.000Z</time>
      </trkpt>
      <trkpt lat="40.651947" lon="-73.971214">
        <ele>19.8</ele>
        <time>2026-04-01T19:04:02.000Z</time>
      </trkpt>
      <trkpt lat="40.651958" lon="-73.971164">
        <ele>19.8</ele>
        <time>2026-04-01T19:04:03.000Z</time>
      </trkpt>
      <trkpt lat="40.651968" lon="-73.971113">
        <ele>19.8</ele>
        <time>2026-04-01T19:04:04.000Z</time>
      </trkpt>
      <trkpt lat="40.651975" lon="-73.971063">
        <ele>19.8</ele>
        <time>2026-04-01T19:04:05.000Z</time>
      </trkpt>
      <trkpt lat="40.651981" lon="-73.971013">
        <ele>19.8</ele>
        <time>2026-04-01T19:04:06.000Z</time>
      </trkpt>
      <trkpt lat="40.651986" lon="-73.970965">
        <ele>19.8</ele>
        <time>2026-04-01T19:04:07.000Z</time>
      </trkpt>
      <trkpt lat="40.651989" lon="-73.970916">
        <ele>20</ele>
        <time>2026-04-01T19:04:08.000Z</time>
      </trkpt>
      <trkpt lat="40.651991" lon="-73.970867">
        <ele>20</ele>
        <time>2026-04-01T19:04:09.000Z</time>
      </trkpt>
      <trkpt lat="40.651992" lon="-73.970817">
        <ele>20</ele>
        <time>2026-04-01T19:04:10.000Z</time>
      </trkpt>
      <trkpt lat="40.651992" lon="-73.970768">
        <ele>20</ele>
        <time>2026-04-01T19:04:11.000Z</time>
      </trkpt>
      <trkpt lat="40.651994" lon="-73.970718">
        <ele>20</ele>
        <time>2026-04-01T19:04:12.000Z</time>
      </trkpt>
      <trkpt lat="40.651995" lon="-73.970668">
        <ele>20.2</ele>
        <time>2026-04-01T19:04:13.000Z</time>
      </trkpt>
      <trkpt lat="40.651997" lon="-73.970618">
        <ele>20.2</ele>
        <time>2026-04-01T19:04:14.000Z</time>
      </trkpt>
      <trkpt lat="40.651999" lon="-73.970567">
        <ele>20.2</ele>
        <time>2026-04-01T19:04:15.000Z</time>
      </trkpt>
      <trkpt lat="40.652003" lon="-73.970517">
        <ele>20.2</ele>
        <time>2026-04-01T19:04:16.000Z</time>
      </trkpt>
      <trkpt lat="40.652008" lon="-73.970466">
        <ele>20.2</ele>
        <time>2026-04-01T19:04:17.000Z</time>
      </trkpt>
      <trkpt lat="40.652015" lon="-73.970414">
        <ele>20.4</ele>
        <time>2026-04-01T19:04:18.000Z</time>
      </trkpt>
      <trkpt lat="40.652023" lon="-73.970363">
        <ele>20.4</ele>
        <time>2026-04-01T19:04:19.000Z</time>
      </trkpt>
      <trkpt lat="40.652032" lon="-73.970312">
        <ele>20.4</ele>
        <time>2026-04-01T19:04:20.000Z</time>
      </trkpt>
      <trkpt lat="40.652041" lon="-73.970261">
        <ele>20.4</ele>
        <time>2026-04-01T19:04:21.000Z</time>
      </trkpt>
      <trkpt lat="40.652051" lon="-73.970209">
        <ele>20.4</ele>
        <time>2026-04-01T19:04:22.000Z</time>
      </trkpt>
      <trkpt lat="40.65206" lon="-73.970156">
        <ele>20.6</ele>
        <time>2026-04-01T19:04:23.000Z</time>
      </trkpt>
      <trkpt lat="40.65207" lon="-73.970104">
        <ele>20.6</ele>
        <time>2026-04-01T19:04:24.000Z</time>
      </trkpt>
      <trkpt lat="40.652082" lon="-73.970051">
        <ele>20.6</ele>
        <time>2026-04-01T19:04:25.000Z</time>
      </trkpt>
      <trkpt lat="40.652096" lon="-73.969998">
        <ele>20.6</ele>
        <time>2026-04-01T19:04:26.000Z</time>
      </trkpt>
      <trkpt lat="40.652111" lon="-73.969946">
        <ele>20.6</ele>
        <time>2026-04-01T19:04:27.000Z</time>
      </trkpt>
      <trkpt lat="40.652126" lon="-73.969894">
        <ele>20.8</ele>
        <time>2026-04-01T19:04:28.000Z</time>
      </trkpt>
      <trkpt lat="40.652143" lon="-73.969843">
        <ele>20.8</ele>
        <time>2026-04-01T19:04:29.000Z</time>
      </trkpt>
      <trkpt lat="40.652159" lon="-73.969792">
        <ele>20.8</ele>
        <time>2026-04-01T19:04:30.000Z</time>
      </trkpt>
      <trkpt lat="40.652177" lon="-73.96974">
        <ele>20.8</ele>
        <time>2026-04-01T19:04:31.000Z</time>
      </trkpt>
      <trkpt lat="40.652195" lon="-73.969689">
        <ele>20.8</ele>
        <time>2026-04-01T19:04:32.000Z</time>
      </trkpt>
      <trkpt lat="40.652214" lon="-73.969638">
        <ele>21</ele>
        <time>2026-04-01T19:04:33.000Z</time>
      </trkpt>
      <trkpt lat="40.652234" lon="-73.969587">
        <ele>21</ele>
        <time>2026-04-01T19:04:34.000Z</time>
      </trkpt>
      <trkpt lat="40.652256" lon="-73.969537">
        <ele>21</ele>
        <time>2026-04-01T19:04:35.000Z</time>
      </trkpt>
      <trkpt lat="40.652278" lon="-73.969487">
        <ele>21</ele>
        <time>2026-04-01T19:04:36.000Z</time>
      </trkpt>
      <trkpt lat="40.652302" lon="-73.969438">
        <ele>21</ele>
        <time>2026-04-01T19:04:37.000Z</time>
      </trkpt>
      <trkpt lat="40.652327" lon="-73.96939">
        <ele>21.2</ele>
        <time>2026-04-01T19:04:38.000Z</time>
      </trkpt>
      <trkpt lat="40.652353" lon="-73.969342">
        <ele>21.2</ele>
        <time>2026-04-01T19:04:39.000Z</time>
      </trkpt>
      <trkpt lat="40.652379" lon="-73.969293">
        <ele>21.2</ele>
        <time>2026-04-01T19:04:40.000Z</time>
      </trkpt>
      <trkpt lat="40.652406" lon="-73.969244">
        <ele>21.4</ele>
        <time>2026-04-01T19:04:41.000Z</time>
      </trkpt>
      <trkpt lat="40.652435" lon="-73.969196">
        <ele>21.4</ele>
        <time>2026-04-01T19:04:42.000Z</time>
      </trkpt>
      <trkpt lat="40.652467" lon="-73.969149">
        <ele>21.6</ele>
        <time>2026-04-01T19:04:43.000Z</time>
      </trkpt>
      <trkpt lat="40.6525" lon="-73.9691">
        <ele>21.8</ele>
        <time>2026-04-01T19:04:44.000Z</time>
      </trkpt>
      <trkpt lat="40.652533" lon="-73.969051">
        <ele>21.8</ele>
        <time>2026-04-01T19:04:45.000Z</time>
      </trkpt>
      <trkpt lat="40.652569" lon="-73.969">
        <ele>22</ele>
        <time>2026-04-01T19:04:46.000Z</time>
      </trkpt>
      <trkpt lat="40.652606" lon="-73.968948">
        <ele>22.2</ele>
        <time>2026-04-01T19:04:47.000Z</time>
      </trkpt>
      <trkpt lat="40.652644" lon="-73.968896">
        <ele>22.2</ele>
        <time>2026-04-01T19:04:48.000Z</time>
      </trkpt>
      <trkpt lat="40.652683" lon="-73.968843">
        <ele>22.4</ele>
        <time>2026-04-01T19:04:49.000Z</time>
      </trkpt>
      <trkpt lat="40.652723" lon="-73.968789">
        <ele>22.6</ele>
        <time>2026-04-01T19:04:50.000Z</time>
      </trkpt>
      <trkpt lat="40.652763" lon="-73.968735">
        <ele>22.6</ele>
        <time>2026-04-01T19:04:51.000Z</time>
      </trkpt>
      <trkpt lat="40.652805" lon="-73.968679">
        <ele>22.8</ele>
        <time>2026-04-01T19:04:52.000Z</time>
      </trkpt>
      <trkpt lat="40.652847" lon="-73.968624">
        <ele>22.8</ele>
        <time>2026-04-01T19:04:53.000Z</time>
      </trkpt>
      <trkpt lat="40.65289" lon="-73.968569">
        <ele>23</ele>
        <time>2026-04-01T19:04:54.000Z</time>
      </trkpt>
      <trkpt lat="40.652933" lon="-73.968514">
        <ele>23</ele>
        <time>2026-04-01T19:04:55.000Z</time>
      </trkpt>
      <trkpt lat="40.652976" lon="-73.96846">
        <ele>23</ele>
        <time>2026-04-01T19:04:56.000Z</time>
      </trkpt>
      <trkpt lat="40.653019" lon="-73.968404">
        <ele>23.2</ele>
        <time>2026-04-01T19:04:57.000Z</time>
      </trkpt>
      <trkpt lat="40.653061" lon="-73.968344">
        <ele>23.2</ele>
        <time>2026-04-01T19:04:58.000Z</time>
      </trkpt>
      <trkpt lat="40.653102" lon="-73.968282">
        <ele>23.2</ele>
        <time>2026-04-01T19:04:59.000Z</time>
      </trkpt>
      <trkpt lat="40.653141" lon="-73.968215">
        <ele>23.2</ele>
        <time>2026-04-01T19:05:00.000Z</time>
      </trkpt>
      <trkpt lat="40.653178" lon="-73.968142">
        <ele>23.2</ele>
        <time>2026-04-01T19:05:01.000Z</time>
      </trkpt>
      <trkpt lat="40.653215" lon="-73.968067">
        <ele>23.2</ele>
        <time>2026-04-01T19:05:02.000Z</time>
      </trkpt>
      <trkpt lat="40.653252" lon="-73.967991">
        <ele>23.2</ele>
        <time>2026-04-01T19:05:03.000Z</time>
      </trkpt>
      <trkpt lat="40.653289" lon="-73.967914">
        <ele>23.4</ele>
        <time>2026-04-01T19:05:04.000Z</time>
      </trkpt>
      <trkpt lat="40.653324" lon="-73.967834">
        <ele>23.4</ele>
        <time>2026-04-01T19:05:05.000Z</time>
      </trkpt>
      <trkpt lat="40.653357" lon="-73.967753">
        <ele>23.4</ele>
        <time>2026-04-01T19:05:06.000Z</time>
      </trkpt>
      <trkpt lat="40.65339" lon="-73.967669">
        <ele>23.4</ele>
        <time>2026-04-01T19:05:07.000Z</time>
      </trkpt>
      <trkpt lat="40.653421" lon="-73.967583">
        <ele>23.6</ele>
        <time>2026-04-01T19:05:08.000Z</time>
      </trkpt>
      <trkpt lat="40.653451" lon="-73.967496">
        <ele>23.6</ele>
        <time>2026-04-01T19:05:09.000Z</time>
      </trkpt>
      <trkpt lat="40.653479" lon="-73.96741">
        <ele>23.6</ele>
        <time>2026-04-01T19:05:10.000Z</time>
      </trkpt>
      <trkpt lat="40.653504" lon="-73.967323">
        <ele>23.8</ele>
        <time>2026-04-01T19:05:11.000Z</time>
      </trkpt>
      <trkpt lat="40.653527" lon="-73.967234">
        <ele>23.8</ele>
        <time>2026-04-01T19:05:12.000Z</time>
      </trkpt>
      <trkpt lat="40.653548" lon="-73.967146">
        <ele>23.8</ele>
        <time>2026-04-01T19:05:13.000Z</time>
      </trkpt>
      <trkpt lat="40.653568" lon="-73.967057">
        <ele>24</ele>
        <time>2026-04-01T19:05:14.000Z</time>
      </trkpt>
      <trkpt lat="40.653587" lon="-73.966967">
        <ele>24</ele>
        <time>2026-04-01T19:05:15.000Z</time>
      </trkpt>
      <trkpt lat="40.653604" lon="-73.966875">
        <ele>24</ele>
        <time>2026-04-01T19:05:16.000Z</time>
      </trkpt>
      <trkpt lat="40.653618" lon="-73.966782">
        <ele>24</ele>
        <time>2026-04-01T19:05:17.000Z</time>
      </trkpt>
      <trkpt lat="40.653631" lon="-73.966686">
        <ele>24</ele>
        <time>2026-04-01T19:05:18.000Z</time>
      </trkpt>
      <trkpt lat="40.653647" lon="-73.966589">
        <ele>24</ele>
        <time>2026-04-01T19:05:19.000Z</time>
      </trkpt>
      <trkpt lat="40.653663" lon="-73.966491">
        <ele>24</ele>
        <time>2026-04-01T19:05:20.000Z</time>
      </trkpt>
      <trkpt lat="40.653681" lon="-73.966392">
        <ele>24</ele>
        <time>2026-04-01T19:05:21.000Z</time>
      </trkpt>
      <trkpt lat="40.653699" lon="-73.966293">
        <ele>24</ele>
        <time>2026-04-01T19:05:22.000Z</time>
      </trkpt>
      <trkpt lat="40.65372" lon="-73.966193">
        <ele>24</ele>
        <time>2026-04-01T19:05:23.000Z</time>
      </trkpt>
      <trkpt lat="40.653741" lon="-73.966093">
        <ele>23.8</ele>
        <time>2026-04-01T19:05:24.000Z</time>
      </trkpt>
      <trkpt lat="40.653763" lon="-73.965993">
        <ele>23.8</ele>
        <time>2026-04-01T19:05:25.000Z</time>
      </trkpt>
      <trkpt lat="40.653787" lon="-73.965894">
        <ele>23.8</ele>
        <time>2026-04-01T19:05:26.000Z</time>
      </trkpt>
      <trkpt lat="40.653811" lon="-73.965795">
        <ele>23.8</ele>
        <time>2026-04-01T19:05:27.000Z</time>
      </trkpt>
      <trkpt lat="40.653836" lon="-73.965694">
        <ele>23.8</ele>
        <time>2026-04-01T19:05:28.000Z</time>
      </trkpt>
      <trkpt lat="40.653861" lon="-73.965593">
        <ele>23.6</ele>
        <time>2026-04-01T19:05:29.000Z</time>
      </trkpt>
      <trkpt lat="40.653888" lon="-73.965491">
        <ele>23.6</ele>
        <time>2026-04-01T19:05:30.000Z</time>
      </trkpt>
      <trkpt lat="40.653918" lon="-73.965391">
        <ele>23.6</ele>
        <time>2026-04-01T19:05:31.000Z</time>
      </trkpt>
      <trkpt lat="40.653951" lon="-73.965291">
        <ele>23.6</ele>
        <time>2026-04-01T19:05:32.000Z</time>
      </trkpt>
      <trkpt lat="40.653988" lon="-73.965194">
        <ele>23.6</ele>
        <time>2026-04-01T19:05:33.000Z</time>
      </trkpt>
      <trkpt lat="40.654026" lon="-73.965098">
        <ele>23.4</ele>
        <time>2026-04-01T19:05:34.000Z</time>
      </trkpt>
      <trkpt lat="40.654067" lon="-73.965002">
        <ele>23.4</ele>
        <time>2026-04-01T19:05:35.000Z</time>
      </trkpt>
      <trkpt lat="40.654108" lon="-73.964908">
        <ele>23.4</ele>
        <time>2026-04-01T19:05:36.000Z</time>
      </trkpt>
      <trkpt lat="40.654151" lon="-73.964814">
        <ele>23.4</ele>
        <time>2026-04-01T19:05:37.000Z</time>
      </trkpt>
      <trkpt lat="40.654195" lon="-73.964722">
        <ele>23.4</ele>
        <time>2026-04-01T19:05:38.000Z</time>
      </trkpt>
      <trkpt lat="40.65424" lon="-73.964632">
        <ele>23.4</ele>
        <time>2026-04-01T19:05:39.000Z</time>
      </trkpt>
      <trkpt lat="40.654288" lon="-73.964545">
        <ele>23.4</ele>
        <time>2026-04-01T19:05:40.000Z</time>
      </trkpt>
      <trkpt lat="40.654338" lon="-73.964461">
        <ele>23.4</ele>
        <time>2026-04-01T19:05:41.000Z</time>
      </trkpt>
      <trkpt lat="40.654391" lon="-73.964379">
        <ele>23.4</ele>
        <time>2026-04-01T19:05:42.000Z</time>
      </trkpt>
      <trkpt lat="40.654445" lon="-73.964298">
        <ele>23.4</ele>
        <time>2026-04-01T19:05:43.000Z</time>
      </trkpt>
      <trkpt lat="40.6545" lon="-73.964219">
        <ele>23.4</ele>
        <time>2026-04-01T19:05:44.000Z</time>
      </trkpt>
      <trkpt lat="40.654556" lon="-73.964142">
        <ele>23.4</ele>
        <time>2026-04-01T19:05:45.000Z</time>
      </trkpt>
      <trkpt lat="40.654615" lon="-73.964066">
        <ele>23.4</ele>
        <time>2026-04-01T19:05:46.000Z</time>
      </trkpt>
      <trkpt lat="40.654674" lon="-73.963991">
        <ele>23.4</ele>
        <time>2026-04-01T19:05:47.000Z</time>
      </trkpt>
      <trkpt lat="40.654735" lon="-73.963916">
        <ele>23.4</ele>
        <time>2026-04-01T19:05:48.000Z</time>
      </trkpt>
      <trkpt lat="40.654798" lon="-73.963843">
        <ele>23.4</ele>
        <time>2026-04-01T19:05:49.000Z</time>
      </trkpt>
      <trkpt lat="40.654862" lon="-73.963774">
        <ele>23.4</ele>
        <time>2026-04-01T19:05:50.000Z</time>
      </trkpt>
      <trkpt lat="40.65493" lon="-73.96371">
        <ele>23.4</ele>
        <time>2026-04-01T19:05:51.000Z</time>
      </trkpt>
      <trkpt lat="40.655" lon="-73.963652">
        <ele>23.4</ele>
        <time>2026-04-01T19:05:52.000Z</time>
      </trkpt>
      <trkpt lat="40.655073" lon="-73.963597">
        <ele>23.4</ele>
        <time>2026-04-01T19:05:53.000Z</time>
      </trkpt>
      <trkpt lat="40.655148" lon="-73.963542">
        <ele>23.4</ele>
        <time>2026-04-01T19:05:54.000Z</time>
      </trkpt>
      <trkpt lat="40.655223" lon="-73.963488">
        <ele>23.4</ele>
        <time>2026-04-01T19:05:55.000Z</time>
      </trkpt>
      <trkpt lat="40.655299" lon="-73.963432">
        <ele>23.4</ele>
        <time>2026-04-01T19:05:56.000Z</time>
      </trkpt>
      <trkpt lat="40.655375" lon="-73.963376">
        <ele>23.4</ele>
        <time>2026-04-01T19:05:57.000Z</time>
      </trkpt>
      <trkpt lat="40.655453" lon="-73.963321">
        <ele>23.2</ele>
        <time>2026-04-01T19:05:58.000Z</time>
      </trkpt>
      <trkpt lat="40.655534" lon="-73.963267">
        <ele>23.2</ele>
        <time>2026-04-01T19:05:59.000Z</time>
      </trkpt>
      <trkpt lat="40.655619" lon="-73.963213">
        <ele>23.2</ele>
        <time>2026-04-01T19:06:00.000Z</time>
      </trkpt>
      <trkpt lat="40.655704" lon="-73.96316">
        <ele>23.2</ele>
        <time>2026-04-01T19:06:01.000Z</time>
      </trkpt>
      <trkpt lat="40.655874" lon="-73.963064">
        <ele>23.2</ele>
        <time>2026-04-01T19:06:02.000Z</time>
      </trkpt>
      <trkpt lat="40.655958" lon="-73.963023">
        <ele>23.2</ele>
        <time>2026-04-01T19:06:03.000Z</time>
      </trkpt>
      <trkpt lat="40.656042" lon="-73.962986">
        <ele>23.2</ele>
        <time>2026-04-01T19:06:04.000Z</time>
      </trkpt>
      <trkpt lat="40.656127" lon="-73.962953">
        <ele>23.2</ele>
        <time>2026-04-01T19:06:05.000Z</time>
      </trkpt>
      <trkpt lat="40.656211" lon="-73.96292">
        <ele>23.2</ele>
        <time>2026-04-01T19:06:06.000Z</time>
      </trkpt>
      <trkpt lat="40.656296" lon="-73.962892">
        <ele>23.4</ele>
        <time>2026-04-01T19:06:07.000Z</time>
      </trkpt>
      <trkpt lat="40.656379" lon="-73.962868">
        <ele>23.6</ele>
        <time>2026-04-01T19:06:08.000Z</time>
      </trkpt>
      <trkpt lat="40.656462" lon="-73.962848">
        <ele>23.6</ele>
        <time>2026-04-01T19:06:09.000Z</time>
      </trkpt>
      <trkpt lat="40.656544" lon="-73.962832">
        <ele>23.8</ele>
        <time>2026-04-01T19:06:10.000Z</time>
      </trkpt>
      <trkpt lat="40.656627" lon="-73.962821">
        <ele>23.8</ele>
        <time>2026-04-01T19:06:11.000Z</time>
      </trkpt>
      <trkpt lat="40.656709" lon="-73.962813">
        <ele>24</ele>
        <time>2026-04-01T19:06:12.000Z</time>
      </trkpt>
      <trkpt lat="40.656792" lon="-73.962808">
        <ele>24</ele>
        <time>2026-04-01T19:06:13.000Z</time>
      </trkpt>
      <trkpt lat="40.656874" lon="-73.962805">
        <ele>24.2</ele>
        <time>2026-04-01T19:06:14.000Z</time>
      </trkpt>
      <trkpt lat="40.656955" lon="-73.962804">
        <ele>24.2</ele>
        <time>2026-04-01T19:06:15.000Z</time>
      </trkpt>
      <trkpt lat="40.657036" lon="-73.962808">
        <ele>24.2</ele>
        <time>2026-04-01T19:06:16.000Z</time>
      </trkpt>
      <trkpt lat="40.657117" lon="-73.962816">
        <ele>24.2</ele>
        <time>2026-04-01T19:06:17.000Z</time>
      </trkpt>
      <trkpt lat="40.657197" lon="-73.962828">
        <ele>24.2</ele>
        <time>2026-04-01T19:06:18.000Z</time>
      </trkpt>
      <trkpt lat="40.657275" lon="-73.962845">
        <ele>24.4</ele>
        <time>2026-04-01T19:06:19.000Z</time>
      </trkpt>
      <trkpt lat="40.657352" lon="-73.962869">
        <ele>24.4</ele>
        <time>2026-04-01T19:06:20.000Z</time>
      </trkpt>
      <trkpt lat="40.657428" lon="-73.962898">
        <ele>24.4</ele>
        <time>2026-04-01T19:06:21.000Z</time>
      </trkpt>
      <trkpt lat="40.657504" lon="-73.962932">
        <ele>24.4</ele>
        <time>2026-04-01T19:06:22.000Z</time>
      </trkpt>
      <trkpt lat="40.657578" lon="-73.96297">
        <ele>24.4</ele>
        <time>2026-04-01T19:06:23.000Z</time>
      </trkpt>
      <trkpt lat="40.657651" lon="-73.96301">
        <ele>24.4</ele>
        <time>2026-04-01T19:06:24.000Z</time>
      </trkpt>
      <trkpt lat="40.657723" lon="-73.96305">
        <ele>24.4</ele>
        <time>2026-04-01T19:06:25.000Z</time>
      </trkpt>
      <trkpt lat="40.657795" lon="-73.963091">
        <ele>24.4</ele>
        <time>2026-04-01T19:06:26.000Z</time>
      </trkpt>
      <trkpt lat="40.657866" lon="-73.963131">
        <ele>24.6</ele>
        <time>2026-04-01T19:06:27.000Z</time>
      </trkpt>
      <trkpt lat="40.657938" lon="-73.963169">
        <ele>24.6</ele>
        <time>2026-04-01T19:06:28.000Z</time>
      </trkpt>
      <trkpt lat="40.65801" lon="-73.963205">
        <ele>24.6</ele>
        <time>2026-04-01T19:06:29.000Z</time>
      </trkpt>
      <trkpt lat="40.658082" lon="-73.963239">
        <ele>24.4</ele>
        <time>2026-04-01T19:06:30.000Z</time>
      </trkpt>
      <trkpt lat="40.658152" lon="-73.963274">
        <ele>24.4</ele>
        <time>2026-04-01T19:06:31.000Z</time>
      </trkpt>
      <trkpt lat="40.65822" lon="-73.963311">
        <ele>24.4</ele>
        <time>2026-04-01T19:06:32.000Z</time>
      </trkpt>
      <trkpt lat="40.658286" lon="-73.963348">
        <ele>24.4</ele>
        <time>2026-04-01T19:06:33.000Z</time>
      </trkpt>
      <trkpt lat="40.658352" lon="-73.963385">
        <ele>24.4</ele>
        <time>2026-04-01T19:06:34.000Z</time>
      </trkpt>
      <trkpt lat="40.658416" lon="-73.963419">
        <ele>24.2</ele>
        <time>2026-04-01T19:06:35.000Z</time>
      </trkpt>
      <trkpt lat="40.65848" lon="-73.96345">
        <ele>24.2</ele>
        <time>2026-04-01T19:06:36.000Z</time>
      </trkpt>
      <trkpt lat="40.658545" lon="-73.963476">
        <ele>24.2</ele>
        <time>2026-04-01T19:06:37.000Z</time>
      </trkpt>
      <trkpt lat="40.65861" lon="-73.9635">
        <ele>24.2</ele>
        <time>2026-04-01T19:06:38.000Z</time>
      </trkpt>
      <trkpt lat="40.658675" lon="-73.963517">
        <ele>24.2</ele>
        <time>2026-04-01T19:06:39.000Z</time>
      </trkpt>
      <trkpt lat="40.658739" lon="-73.963529">
        <ele>24.2</ele>
        <time>2026-04-01T19:06:40.000Z</time>
      </trkpt>
      <trkpt lat="40.658804" lon="-73.963538">
        <ele>24.2</ele>
        <time>2026-04-01T19:06:41.000Z</time>
      </trkpt>
      <trkpt lat="40.658868" lon="-73.963544">
        <ele>24.2</ele>
        <time>2026-04-01T19:06:42.000Z</time>
      </trkpt>
      <trkpt lat="40.658932" lon="-73.96355">
        <ele>24.2</ele>
        <time>2026-04-01T19:06:43.000Z</time>
      </trkpt>
      <trkpt lat="40.658998" lon="-73.963555">
        <ele>24.2</ele>
        <time>2026-04-01T19:06:44.000Z</time>
      </trkpt>
      <trkpt lat="40.659065" lon="-73.963554">
        <ele>24.2</ele>
        <time>2026-04-01T19:06:45.000Z</time>
      </trkpt>
      <trkpt lat="40.65913" lon="-73.963544">
        <ele>24.2</ele>
        <time>2026-04-01T19:06:46.000Z</time>
      </trkpt>
      <trkpt lat="40.659194" lon="-73.96353">
        <ele>24.2</ele>
        <time>2026-04-01T19:06:47.000Z</time>
      </trkpt>
      <trkpt lat="40.659256" lon="-73.963525">
        <ele>24.2</ele>
        <time>2026-04-01T19:06:48.000Z</time>
      </trkpt>
      <trkpt lat="40.659317" lon="-73.96353">
        <ele>24.2</ele>
        <time>2026-04-01T19:06:49.000Z</time>
      </trkpt>
      <trkpt lat="40.659376" lon="-73.96354">
        <ele>24.2</ele>
        <time>2026-04-01T19:06:50.000Z</time>
      </trkpt>
      <trkpt lat="40.659434" lon="-73.963559">
        <ele>24.2</ele>
        <time>2026-04-01T19:06:51.000Z</time>
      </trkpt>
      <trkpt lat="40.659493" lon="-73.963582">
        <ele>24.4</ele>
        <time>2026-04-01T19:06:52.000Z</time>
      </trkpt>
      <trkpt lat="40.659553" lon="-73.963606">
        <ele>24.4</ele>
        <time>2026-04-01T19:06:53.000Z</time>
      </trkpt>
      <trkpt lat="40.659611" lon="-73.963636">
        <ele>24.4</ele>
        <time>2026-04-01T19:06:54.000Z</time>
      </trkpt>
      <trkpt lat="40.659667" lon="-73.963673">
        <ele>24.6</ele>
        <time>2026-04-01T19:06:55.000Z</time>
      </trkpt>
      <trkpt lat="40.659725" lon="-73.963713">
        <ele>24.6</ele>
        <time>2026-04-01T19:06:56.000Z</time>
      </trkpt>
      <trkpt lat="40.659786" lon="-73.963752">
        <ele>24.8</ele>
        <time>2026-04-01T19:06:57.000Z</time>
      </trkpt>
      <trkpt lat="40.659847" lon="-73.96379">
        <ele>24.8</ele>
        <time>2026-04-01T19:06:58.000Z</time>
      </trkpt>
      <trkpt lat="40.659908" lon="-73.963829">
        <ele>25</ele>
        <time>2026-04-01T19:06:59.000Z</time>
      </trkpt>
      <trkpt lat="40.65997" lon="-73.963866">
        <ele>25.2</ele>
        <time>2026-04-01T19:07:00.000Z</time>
      </trkpt>
      <trkpt lat="40.660033" lon="-73.963902">
        <ele>25.4</ele>
        <time>2026-04-01T19:07:01.000Z</time>
      </trkpt>
      <trkpt lat="40.660096" lon="-73.963938">
        <ele>25.6</ele>
        <time>2026-04-01T19:07:02.000Z</time>
      </trkpt>
      <trkpt lat="40.660159" lon="-73.963974">
        <ele>25.8</ele>
        <time>2026-04-01T19:07:03.000Z</time>
      </trkpt>
      <trkpt lat="40.660222" lon="-73.96401">
        <ele>26</ele>
        <time>2026-04-01T19:07:04.000Z</time>
      </trkpt>
      <trkpt lat="40.660284" lon="-73.964046">
        <ele>26.2</ele>
        <time>2026-04-01T19:07:05.000Z</time>
      </trkpt>
      <trkpt lat="40.660346" lon="-73.964083">
        <ele>26.4</ele>
        <time>2026-04-01T19:07:06.000Z</time>
      </trkpt>
      <trkpt lat="40.660408" lon="-73.964119">
        <ele>26.6</ele>
        <time>2026-04-01T19:07:07.000Z</time>
      </trkpt>
      <trkpt lat="40.66047" lon="-73.964154">
        <ele>26.8</ele>
        <time>2026-04-01T19:07:08.000Z</time>
      </trkpt>
      <trkpt lat="40.660531" lon="-73.964189">
        <ele>27</ele>
        <time>2026-04-01T19:07:09.000Z</time>
      </trkpt>
      <trkpt lat="40.660592" lon="-73.964224">
        <ele>27.2</ele>
        <time>2026-04-01T19:07:10.000Z</time>
      </trkpt>
      <trkpt lat="40.660653" lon="-73.964259">
        <ele>27.4</ele>
        <time>2026-04-01T19:07:11.000Z</time>
      </trkpt>
      <trkpt lat="40.660714" lon="-73.964293">
        <ele>27.6</ele>
        <time>2026-04-01T19:07:12.000Z</time>
      </trkpt>
      <trkpt lat="40.660776" lon="-73.964326">
        <ele>27.8</ele>
        <time>2026-04-01T19:07:13.000Z</time>
      </trkpt>
      <trkpt lat="40.660837" lon="-73.964358">
        <ele>28</ele>
        <time>2026-04-01T19:07:14.000Z</time>
      </trkpt>
      <trkpt lat="40.660897" lon="-73.964391">
        <ele>28.2</ele>
        <time>2026-04-01T19:07:15.000Z</time>
      </trkpt>
      <trkpt lat="40.660957" lon="-73.964422">
        <ele>28.2</ele>
        <time>2026-04-01T19:07:16.000Z</time>
      </trkpt>
      <trkpt lat="40.661017" lon="-73.964452">
        <ele>28.4</ele>
        <time>2026-04-01T19:07:17.000Z</time>
      </trkpt>
      <trkpt lat="40.661077" lon="-73.96448">
        <ele>28.6</ele>
        <time>2026-04-01T19:07:18.000Z</time>
      </trkpt>
      <trkpt lat="40.661137" lon="-73.964509">
        <ele>28.6</ele>
        <time>2026-04-01T19:07:19.000Z</time>
      </trkpt>
      <trkpt lat="40.661197" lon="-73.964538">
        <ele>28.8</ele>
        <time>2026-04-01T19:07:20.000Z</time>
      </trkpt>
      <trkpt lat="40.661257" lon="-73.964567">
        <ele>29</ele>
        <time>2026-04-01T19:07:21.000Z</time>
      </trkpt>
      <trkpt lat="40.661317" lon="-73.964593">
        <ele>29</ele>
        <time>2026-04-01T19:07:22.000Z</time>
      </trkpt>
      <trkpt lat="40.661377" lon="-73.964617">
        <ele>29.2</ele>
        <time>2026-04-01T19:07:23.000Z</time>
      </trkpt>
      <trkpt lat="40.661437" lon="-73.964642">
        <ele>29.2</ele>
        <time>2026-04-01T19:07:24.000Z</time>
      </trkpt>
      <trkpt lat="40.661497" lon="-73.964672">
        <ele>29.2</ele>
        <time>2026-04-01T19:07:25.000Z</time>
      </trkpt>
      <trkpt lat="40.661557" lon="-73.964705">
        <ele>29.4</ele>
        <time>2026-04-01T19:07:26.000Z</time>
      </trkpt>
      <trkpt lat="40.661618" lon="-73.964738">
        <ele>29.4</ele>
        <time>2026-04-01T19:07:27.000Z</time>
      </trkpt>
      <trkpt lat="40.66168" lon="-73.964772">
        <ele>29.4</ele>
        <time>2026-04-01T19:07:28.000Z</time>
      </trkpt>
      <trkpt lat="40.661744" lon="-73.964806">
        <ele>29.6</ele>
        <time>2026-04-01T19:07:29.000Z</time>
      </trkpt>
      <trkpt lat="40.661808" lon="-73.964841">
        <ele>29.6</ele>
        <time>2026-04-01T19:07:30.000Z</time>
      </trkpt>
      <trkpt lat="40.661873" lon="-73.964876">
        <ele>29.6</ele>
        <time>2026-04-01T19:07:31.000Z</time>
      </trkpt>
      <trkpt lat="40.661937" lon="-73.964912">
        <ele>29.6</ele>
        <time>2026-04-01T19:07:32.000Z</time>
      </trkpt>
      <trkpt lat="40.662" lon="-73.964948">
        <ele>29.6</ele>
        <time>2026-04-01T19:07:33.000Z</time>
      </trkpt>
      <trkpt lat="40.662064" lon="-73.964982">
        <ele>29.6</ele>
        <time>2026-04-01T19:07:34.000Z</time>
      </trkpt>
      <trkpt lat="40.662128" lon="-73.965014">
        <ele>29.6</ele>
        <time>2026-04-01T19:07:35.000Z</time>
      </trkpt>
      <trkpt lat="40.662192" lon="-73.965047">
        <ele>29.6</ele>
        <time>2026-04-01T19:07:36.000Z</time>
      </trkpt>
      <trkpt lat="40.662255" lon="-73.965081">
        <ele>29.6</ele>
        <time>2026-04-01T19:07:37.000Z</time>
      </trkpt>
      <trkpt lat="40.662319" lon="-73.965116">
        <ele>29.6</ele>
        <time>2026-04-01T19:07:38.000Z</time>
      </trkpt>
      <trkpt lat="40.662383" lon="-73.96515">
        <ele>29.6</ele>
        <time>2026-04-01T19:07:39.000Z</time>
      </trkpt>
      <trkpt lat="40.662448" lon="-73.965181">
        <ele>29.6</ele>
        <time>2026-04-01T19:07:40.000Z</time>
      </trkpt>
      <trkpt lat="40.662514" lon="-73.965209">
        <ele>29.4</ele>
        <time>2026-04-01T19:07:41.000Z</time>
      </trkpt>
      <trkpt lat="40.662583" lon="-73.965232">
        <ele>29.4</ele>
        <time>2026-04-01T19:07:42.000Z</time>
      </trkpt>
      <trkpt lat="40.662653" lon="-73.965252">
        <ele>29.4</ele>
        <time>2026-04-01T19:07:43.000Z</time>
      </trkpt>
      <trkpt lat="40.662724" lon="-73.965266">
        <ele>29.4</ele>
        <time>2026-04-01T19:07:44.000Z</time>
      </trkpt>
      <trkpt lat="40.662794" lon="-73.965274">
        <ele>29.4</ele>
        <time>2026-04-01T19:07:45.000Z</time>
      </trkpt>
      <trkpt lat="40.662863" lon="-73.965276">
        <ele>29.4</ele>
        <time>2026-04-01T19:07:46.000Z</time>
      </trkpt>
      <trkpt lat="40.662931" lon="-73.965277">
        <ele>29.6</ele>
        <time>2026-04-01T19:07:47.000Z</time>
      </trkpt>
      <trkpt lat="40.662999" lon="-73.965278">
        <ele>29.6</ele>
        <time>2026-04-01T19:07:48.000Z</time>
      </trkpt>
      <trkpt lat="40.663067" lon="-73.965279">
        <ele>29.6</ele>
        <time>2026-04-01T19:07:49.000Z</time>
      </trkpt>
      <trkpt lat="40.663136" lon="-73.965279">
        <ele>29.8</ele>
        <time>2026-04-01T19:07:50.000Z</time>
      </trkpt>
      <trkpt lat="40.663204" lon="-73.96528">
        <ele>29.8</ele>
        <time>2026-04-01T19:07:51.000Z</time>
      </trkpt>
      <trkpt lat="40.663274" lon="-73.965283">
        <ele>29.8</ele>
        <time>2026-04-01T19:07:52.000Z</time>
      </trkpt>
      <trkpt lat="40.663345" lon="-73.965287">
        <ele>30</ele>
        <time>2026-04-01T19:07:53.000Z</time>
      </trkpt>
      <trkpt lat="40.663416" lon="-73.965293">
        <ele>30</ele>
        <time>2026-04-01T19:07:54.000Z</time>
      </trkpt>
      <trkpt lat="40.663486" lon="-73.965303">
        <ele>30</ele>
        <time>2026-04-01T19:07:55.000Z</time>
      </trkpt>
      <trkpt lat="40.663556" lon="-73.965322">
        <ele>30.2</ele>
        <time>2026-04-01T19:07:56.000Z</time>
      </trkpt>
      <trkpt lat="40.663625" lon="-73.965346">
        <ele>30.2</ele>
        <time>2026-04-01T19:07:57.000Z</time>
      </trkpt>
      <trkpt lat="40.663694" lon="-73.965375">
        <ele>30.4</ele>
        <time>2026-04-01T19:07:58.000Z</time>
      </trkpt>
      <trkpt lat="40.663762" lon="-73.96541">
        <ele>30.4</ele>
        <time>2026-04-01T19:07:59.000Z</time>
      </trkpt>
      <trkpt lat="40.663829" lon="-73.96545">
        <ele>30.6</ele>
        <time>2026-04-01T19:08:00.000Z</time>
      </trkpt>
      <trkpt lat="40.663895" lon="-73.965491">
        <ele>30.6</ele>
        <time>2026-04-01T19:08:01.000Z</time>
      </trkpt>
      <trkpt lat="40.663961" lon="-73.965532">
        <ele>30.8</ele>
        <time>2026-04-01T19:08:02.000Z</time>
      </trkpt>
      <trkpt lat="40.664027" lon="-73.965569">
        <ele>31</ele>
        <time>2026-04-01T19:08:03.000Z</time>
      </trkpt>
      <trkpt lat="40.664095" lon="-73.965601">
        <ele>31.2</ele>
        <time>2026-04-01T19:08:04.000Z</time>
      </trkpt>
      <trkpt lat="40.664166" lon="-73.965631">
        <ele>31.2</ele>
        <time>2026-04-01T19:08:05.000Z</time>
      </trkpt>
      <trkpt lat="40.664236" lon="-73.96566">
        <ele>31.4</ele>
        <time>2026-04-01T19:08:06.000Z</time>
      </trkpt>
      <trkpt lat="40.664305" lon="-73.965692">
        <ele>31.4</ele>
        <time>2026-04-01T19:08:07.000Z</time>
      </trkpt>
      <trkpt lat="40.664373" lon="-73.965724">
        <ele>31.6</ele>
        <time>2026-04-01T19:08:08.000Z</time>
      </trkpt>
      <trkpt lat="40.664441" lon="-73.965757">
        <ele>31.6</ele>
        <time>2026-04-01T19:08:09.000Z</time>
      </trkpt>
      <trkpt lat="40.66451" lon="-73.965788">
        <ele>31.8</ele>
        <time>2026-04-01T19:08:10.000Z</time>
      </trkpt>
      <trkpt lat="40.664579" lon="-73.965819">
        <ele>31.8</ele>
        <time>2026-04-01T19:08:11.000Z</time>
      </trkpt>
      <trkpt lat="40.664648" lon="-73.965851">
        <ele>31.8</ele>
        <time>2026-04-01T19:08:12.000Z</time>
      </trkpt>
      <trkpt lat="40.664717" lon="-73.965883">
        <ele>31.8</ele>
        <time>2026-04-01T19:08:13.000Z</time>
      </trkpt>
      <trkpt lat="40.664788" lon="-73.965915">
        <ele>31.8</ele>
        <time>2026-04-01T19:08:14.000Z</time>
      </trkpt>
      <trkpt lat="40.66486" lon="-73.965943">
        <ele>31.8</ele>
        <time>2026-04-01T19:08:15.000Z</time>
      </trkpt>
      <trkpt lat="40.664933" lon="-73.965971">
        <ele>31.8</ele>
        <time>2026-04-01T19:08:16.000Z</time>
      </trkpt>
      <trkpt lat="40.665005" lon="-73.966005">
        <ele>31.8</ele>
        <time>2026-04-01T19:08:17.000Z</time>
      </trkpt>
      <trkpt lat="40.665076" lon="-73.966042">
        <ele>31.6</ele>
        <time>2026-04-01T19:08:18.000Z</time>
      </trkpt>
      <trkpt lat="40.665149" lon="-73.966079">
        <ele>31.6</ele>
        <time>2026-04-01T19:08:19.000Z</time>
      </trkpt>
      <trkpt lat="40.665221" lon="-73.966113">
        <ele>31.6</ele>
        <time>2026-04-01T19:08:20.000Z</time>
      </trkpt>
      <trkpt lat="40.665294" lon="-73.966149">
        <ele>31.4</ele>
        <time>2026-04-01T19:08:21.000Z</time>
      </trkpt>
      <trkpt lat="40.665365" lon="-73.966186">
        <ele>31.4</ele>
        <time>2026-04-01T19:08:22.000Z</time>
      </trkpt>
      <trkpt lat="40.665436" lon="-73.966223">
        <ele>31.4</ele>
        <time>2026-04-01T19:08:23.000Z</time>
      </trkpt>
      <trkpt lat="40.665505" lon="-73.966261">
        <ele>31.2</ele>
        <time>2026-04-01T19:08:24.000Z</time>
      </trkpt>
      <trkpt lat="40.665573" lon="-73.966299">
        <ele>31.2</ele>
        <time>2026-04-01T19:08:25.000Z</time>
      </trkpt>
      <trkpt lat="40.665639" lon="-73.966339">
        <ele>31.2</ele>
        <time>2026-04-01T19:08:26.000Z</time>
      </trkpt>
      <trkpt lat="40.665704" lon="-73.966379">
        <ele>31.2</ele>
        <time>2026-04-01T19:08:27.000Z</time>
      </trkpt>
      <trkpt lat="40.665769" lon="-73.966421">
        <ele>31.4</ele>
        <time>2026-04-01T19:08:28.000Z</time>
      </trkpt>
      <trkpt lat="40.665833" lon="-73.966465">
        <ele>31.4</ele>
        <time>2026-04-01T19:08:29.000Z</time>
      </trkpt>
      <trkpt lat="40.665894" lon="-73.966511">
        <ele>31.4</ele>
        <time>2026-04-01T19:08:30.000Z</time>
      </trkpt>
      <trkpt lat="40.665951" lon="-73.966561">
        <ele>31.6</ele>
        <time>2026-04-01T19:08:31.000Z</time>
      </trkpt>
      <trkpt lat="40.666006" lon="-73.966617">
        <ele>31.6</ele>
        <time>2026-04-01T19:08:32.000Z</time>
      </trkpt>
      <trkpt lat="40.666058" lon="-73.966675">
        <ele>31.8</ele>
        <time>2026-04-01T19:08:33.000Z</time>
      </trkpt>
      <trkpt lat="40.666107" lon="-73.966734">
        <ele>32</ele>
        <time>2026-04-01T19:08:34.000Z</time>
      </trkpt>
      <trkpt lat="40.666154" lon="-73.966791">
        <ele>32</ele>
        <time>2026-04-01T19:08:35.000Z</time>
      </trkpt>
      <trkpt lat="40.666198" lon="-73.966847">
        <ele>32.2</ele>
        <time>2026-04-01T19:08:36.000Z</time>
      </trkpt>
      <trkpt lat="40.666241" lon="-73.9669">
        <ele>32.4</ele>
        <time>2026-04-01T19:08:37.000Z</time>
      </trkpt>
      <trkpt lat="40.666282" lon="-73.966953">
        <ele>32.6</ele>
        <time>2026-04-01T19:08:38.000Z</time>
      </trkpt>
      <trkpt lat="40.666322" lon="-73.967005">
        <ele>32.6</ele>
        <time>2026-04-01T19:08:39.000Z</time>
      </trkpt>
      <trkpt lat="40.666361" lon="-73.967056">
        <ele>32.8</ele>
        <time>2026-04-01T19:08:40.000Z</time>
      </trkpt>
      <trkpt lat="40.666399" lon="-73.967108">
        <ele>33</ele>
        <time>2026-04-01T19:08:41.000Z</time>
      </trkpt>
      <trkpt lat="40.666437" lon="-73.967162">
        <ele>33.2</ele>
        <time>2026-04-01T19:08:42.000Z</time>
      </trkpt>
      <trkpt lat="40.666473" lon="-73.967216">
        <ele>33.4</ele>
        <time>2026-04-01T19:08:43.000Z</time>
      </trkpt>
      <trkpt lat="40.666509" lon="-73.967272">
        <ele>33.6</ele>
        <time>2026-04-01T19:08:44.000Z</time>
      </trkpt>
      <trkpt lat="40.666545" lon="-73.967329">
        <ele>34</ele>
        <time>2026-04-01T19:08:45.000Z</time>
      </trkpt>
      <trkpt lat="40.66658" lon="-73.967387">
        <ele>34.2</ele>
        <time>2026-04-01T19:08:46.000Z</time>
      </trkpt>
      <trkpt lat="40.666614" lon="-73.967445">
        <ele>34.4</ele>
        <time>2026-04-01T19:08:47.000Z</time>
      </trkpt>
      <trkpt lat="40.666648" lon="-73.967503">
        <ele>34.6</ele>
        <time>2026-04-01T19:08:48.000Z</time>
      </trkpt>
      <trkpt lat="40.66668" lon="-73.967562">
        <ele>34.8</ele>
        <time>2026-04-01T19:08:49.000Z</time>
      </trkpt>
      <trkpt lat="40.666711" lon="-73.967621">
        <ele>35</ele>
        <time>2026-04-01T19:08:50.000Z</time>
      </trkpt>
      <trkpt lat="40.66674" lon="-73.96768">
        <ele>35.4</ele>
        <time>2026-04-01T19:08:51.000Z</time>
      </trkpt>
      <trkpt lat="40.666768" lon="-73.967738">
        <ele>35.6</ele>
        <time>2026-04-01T19:08:52.000Z</time>
      </trkpt>
      <trkpt lat="40.666794" lon="-73.967796">
        <ele>35.8</ele>
        <time>2026-04-01T19:08:53.000Z</time>
      </trkpt>
      <trkpt lat="40.666818" lon="-73.967854">
        <ele>36.2</ele>
        <time>2026-04-01T19:08:54.000Z</time>
      </trkpt>
      <trkpt lat="40.666842" lon="-73.96791">
        <ele>36.4</ele>
        <time>2026-04-01T19:08:55.000Z</time>
      </trkpt>
      <trkpt lat="40.666864" lon="-73.967966">
        <ele>36.6</ele>
        <time>2026-04-01T19:08:56.000Z</time>
      </trkpt>
      <trkpt lat="40.666887" lon="-73.968021">
        <ele>36.8</ele>
        <time>2026-04-01T19:08:57.000Z</time>
      </trkpt>
      <trkpt lat="40.666908" lon="-73.968075">
        <ele>37</ele>
        <time>2026-04-01T19:08:58.000Z</time>
      </trkpt>
      <trkpt lat="40.666931" lon="-73.968128">
        <ele>37.2</ele>
        <time>2026-04-01T19:08:59.000Z</time>
      </trkpt>
      <trkpt lat="40.666954" lon="-73.96818">
        <ele>37.2</ele>
        <time>2026-04-01T19:09:00.000Z</time>
      </trkpt>
      <trkpt lat="40.66698" lon="-73.968232">
        <ele>37.4</ele>
        <time>2026-04-01T19:09:01.000Z</time>
      </trkpt>
      <trkpt lat="40.667008" lon="-73.968282">
        <ele>37.6</ele>
        <time>2026-04-01T19:09:02.000Z</time>
      </trkpt>
      <trkpt lat="40.667038" lon="-73.968332">
        <ele>37.6</ele>
        <time>2026-04-01T19:09:03.000Z</time>
      </trkpt>
      <trkpt lat="40.66707" lon="-73.968381">
        <ele>37.8</ele>
        <time>2026-04-01T19:09:04.000Z</time>
      </trkpt>
      <trkpt lat="40.667102" lon="-73.968428">
        <ele>38</ele>
        <time>2026-04-01T19:09:05.000Z</time>
      </trkpt>
      <trkpt lat="40.667136" lon="-73.968472">
        <ele>38.2</ele>
        <time>2026-04-01T19:09:06.000Z</time>
      </trkpt>
      <trkpt lat="40.667171" lon="-73.968514">
        <ele>38.4</ele>
        <time>2026-04-01T19:09:07.000Z</time>
      </trkpt>
      <trkpt lat="40.667208" lon="-73.968552">
        <ele>38.4</ele>
        <time>2026-04-01T19:09:08.000Z</time>
      </trkpt>
      <trkpt lat="40.667246" lon="-73.968586">
        <ele>38.6</ele>
        <time>2026-04-01T19:09:09.000Z</time>
      </trkpt>
      <trkpt lat="40.667284" lon="-73.968618">
        <ele>38.8</ele>
        <time>2026-04-01T19:09:10.000Z</time>
      </trkpt>
      <trkpt lat="40.667323" lon="-73.968647">
        <ele>39</ele>
        <time>2026-04-01T19:09:11.000Z</time>
      </trkpt>
      <trkpt lat="40.667363" lon="-73.968673">
        <ele>39.2</ele>
        <time>2026-04-01T19:09:12.000Z</time>
      </trkpt>
      <trkpt lat="40.667404" lon="-73.968696">
        <ele>39.4</ele>
        <time>2026-04-01T19:09:13.000Z</time>
      </trkpt>
      <trkpt lat="40.667446" lon="-73.968717">
        <ele>39.6</ele>
        <time>2026-04-01T19:09:14.000Z</time>
      </trkpt>
      <trkpt lat="40.667488" lon="-73.968734">
        <ele>39.8</ele>
        <time>2026-04-01T19:09:15.000Z</time>
      </trkpt>
      <trkpt lat="40.667531" lon="-73.968747">
        <ele>40</ele>
        <time>2026-04-01T19:09:16.000Z</time>
      </trkpt>
      <trkpt lat="40.667575" lon="-73.968757">
        <ele>40</ele>
        <time>2026-04-01T19:09:17.000Z</time>
      </trkpt>
      <trkpt lat="40.667619" lon="-73.968764">
        <ele>40.2</ele>
        <time>2026-04-01T19:09:18.000Z</time>
      </trkpt>
      <trkpt lat="40.667663" lon="-73.96877">
        <ele>40.4</ele>
        <time>2026-04-01T19:09:19.000Z</time>
      </trkpt>
      <trkpt lat="40.667706" lon="-73.968774">
        <ele>40.6</ele>
        <time>2026-04-01T19:09:20.000Z</time>
      </trkpt>
      <trkpt lat="40.667749" lon="-73.968776">
        <ele>40.6</ele>
        <time>2026-04-01T19:09:21.000Z</time>
      </trkpt>
      <trkpt lat="40.667793" lon="-73.968778">
        <ele>40.8</ele>
        <time>2026-04-01T19:09:22.000Z</time>
      </trkpt>
      <trkpt lat="40.667836" lon="-73.968779">
        <ele>41</ele>
        <time>2026-04-01T19:09:23.000Z</time>
      </trkpt>
      <trkpt lat="40.667877" lon="-73.968781">
        <ele>41.2</ele>
        <time>2026-04-01T19:09:24.000Z</time>
      </trkpt>
      <trkpt lat="40.667918" lon="-73.968782">
        <ele>41.2</ele>
        <time>2026-04-01T19:09:25.000Z</time>
      </trkpt>
      <trkpt lat="40.667958" lon="-73.968783">
        <ele>41.4</ele>
        <time>2026-04-01T19:09:26.000Z</time>
      </trkpt>
      <trkpt lat="40.667997" lon="-73.968785">
        <ele>41.6</ele>
        <time>2026-04-01T19:09:27.000Z</time>
      </trkpt>
      <trkpt lat="40.668037" lon="-73.968788">
        <ele>41.8</ele>
        <time>2026-04-01T19:09:28.000Z</time>
      </trkpt>
      <trkpt lat="40.668076" lon="-73.968791">
        <ele>41.8</ele>
        <time>2026-04-01T19:09:29.000Z</time>
      </trkpt>
      <trkpt lat="40.668114" lon="-73.968795">
        <ele>42</ele>
        <time>2026-04-01T19:09:30.000Z</time>
      </trkpt>
      <trkpt lat="40.668152" lon="-73.968803">
        <ele>42.2</ele>
        <time>2026-04-01T19:09:31.000Z</time>
      </trkpt>
      <trkpt lat="40.668189" lon="-73.968812">
        <ele>42.2</ele>
        <time>2026-04-01T19:09:32.000Z</time>
      </trkpt>
      <trkpt lat="40.668226" lon="-73.968823">
        <ele>42.4</ele>
        <time>2026-04-01T19:09:33.000Z</time>
      </trkpt>
      <trkpt lat="40.668264" lon="-73.968836">
        <ele>42.6</ele>
        <time>2026-04-01T19:09:34.000Z</time>
      </trkpt>
      <trkpt lat="40.6683" lon="-73.968852">
        <ele>42.6</ele>
        <time>2026-04-01T19:09:35.000Z</time>
      </trkpt>
      <trkpt lat="40.668337" lon="-73.96887">
        <ele>42.8</ele>
        <time>2026-04-01T19:09:36.000Z</time>
      </trkpt>
      <trkpt lat="40.668372" lon="-73.968888">
        <ele>43</ele>
        <time>2026-04-01T19:09:37.000Z</time>
      </trkpt>
      <trkpt lat="40.668406" lon="-73.968904">
        <ele>43.2</ele>
        <time>2026-04-01T19:09:38.000Z</time>
      </trkpt>
      <trkpt lat="40.668439" lon="-73.96892">
        <ele>43.4</ele>
        <time>2026-04-01T19:09:39.000Z</time>
      </trkpt>
      <trkpt lat="40.66847" lon="-73.968938">
        <ele>43.6</ele>
        <time>2026-04-01T19:09:40.000Z</time>
      </trkpt>
      <trkpt lat="40.6685" lon="-73.968959">
        <ele>43.8</ele>
        <time>2026-04-01T19:09:41.000Z</time>
      </trkpt>
      <trkpt lat="40.668529" lon="-73.968981">
        <ele>44</ele>
        <time>2026-04-01T19:09:42.000Z</time>
      </trkpt>
      <trkpt lat="40.668558" lon="-73.969003">
        <ele>44.2</ele>
        <time>2026-04-01T19:09:43.000Z</time>
      </trkpt>
      <trkpt lat="40.668587" lon="-73.969024">
        <ele>44.4</ele>
        <time>2026-04-01T19:09:44.000Z</time>
      </trkpt>
      <trkpt lat="40.668617" lon="-73.969044">
        <ele>44.4</ele>
        <time>2026-04-01T19:09:45.000Z</time>
      </trkpt>
      <trkpt lat="40.668649" lon="-73.969062">
        <ele>44.6</ele>
        <time>2026-04-01T19:09:46.000Z</time>
      </trkpt>
      <trkpt lat="40.66868" lon="-73.969077">
        <ele>44.8</ele>
        <time>2026-04-01T19:09:47.000Z</time>
      </trkpt>
      <trkpt lat="40.668713" lon="-73.969092">
        <ele>45</ele>
        <time>2026-04-01T19:09:48.000Z</time>
      </trkpt>
      <trkpt lat="40.668745" lon="-73.969105">
        <ele>45.2</ele>
        <time>2026-04-01T19:09:49.000Z</time>
      </trkpt>
      <trkpt lat="40.668779" lon="-73.969118">
        <ele>45.2</ele>
        <time>2026-04-01T19:09:50.000Z</time>
      </trkpt>
      <trkpt lat="40.668813" lon="-73.969131">
        <ele>45.4</ele>
        <time>2026-04-01T19:09:51.000Z</time>
      </trkpt>
      <trkpt lat="40.668848" lon="-73.969142">
        <ele>45.6</ele>
        <time>2026-04-01T19:09:52.000Z</time>
      </trkpt>
      <trkpt lat="40.668884" lon="-73.969151">
        <ele>45.8</ele>
        <time>2026-04-01T19:09:53.000Z</time>
      </trkpt>
      <trkpt lat="40.66892" lon="-73.969158">
        <ele>45.8</ele>
        <time>2026-04-01T19:09:54.000Z</time>
      </trkpt>
      <trkpt lat="40.668956" lon="-73.969161">
        <ele>46</ele>
        <time>2026-04-01T19:09:55.000Z</time>
      </trkpt>
      <trkpt lat="40.668993" lon="-73.969161">
        <ele>46.2</ele>
        <time>2026-04-01T19:09:56.000Z</time>
      </trkpt>
      <trkpt lat="40.669031" lon="-73.969158">
        <ele>46.4</ele>
        <time>2026-04-01T19:09:57.000Z</time>
      </trkpt>
      <trkpt lat="40.66907" lon="-73.969152">
        <ele>46.4</ele>
        <time>2026-04-01T19:09:58.000Z</time>
      </trkpt>
      <trkpt lat="40.66911" lon="-73.969144">
        <ele>46.6</ele>
        <time>2026-04-01T19:09:59.000Z</time>
      </trkpt>
      <trkpt lat="40.66913" lon="-73.969139">
        <ele>46.6</ele>
        <time>2026-04-01T19:10:00.000Z</time>
      </trkpt>
      <trkpt lat="40.66915" lon="-73.969133">
        <ele>46.8</ele>
        <time>2026-04-01T19:10:01.000Z</time>
      </trkpt>
      <trkpt lat="40.66919" lon="-73.969121">
        <ele>47</ele>
        <time>2026-04-01T19:10:02.000Z</time>
      </trkpt>
      <trkpt lat="40.66923" lon="-73.969105">
        <ele>47</ele>
        <time>2026-04-01T19:10:03.000Z</time>
      </trkpt>
      <trkpt lat="40.669269" lon="-73.969088">
        <ele>47.2</ele>
        <time>2026-04-01T19:10:04.000Z</time>
      </trkpt>
      <trkpt lat="40.669308" lon="-73.969069">
        <ele>47.4</ele>
        <time>2026-04-01T19:10:05.000Z</time>
      </trkpt>
      <trkpt lat="40.669347" lon="-73.969048">
        <ele>47.4</ele>
        <time>2026-04-01T19:10:06.000Z</time>
      </trkpt>
      <trkpt lat="40.669386" lon="-73.969026">
        <ele>47.6</ele>
        <time>2026-04-01T19:10:07.000Z</time>
      </trkpt>
      <trkpt lat="40.669425" lon="-73.969002">
        <ele>47.8</ele>
        <time>2026-04-01T19:10:08.000Z</time>
      </trkpt>
      <trkpt lat="40.669464" lon="-73.968977">
        <ele>48</ele>
        <time>2026-04-01T19:10:09.000Z</time>
      </trkpt>
      <trkpt lat="40.669503" lon="-73.968952">
        <ele>48</ele>
        <time>2026-04-01T19:10:10.000Z</time>
      </trkpt>
      <trkpt lat="40.669542" lon="-73.968925">
        <ele>48.2</ele>
        <time>2026-04-01T19:10:11.000Z</time>
      </trkpt>
      <trkpt lat="40.669582" lon="-73.968898">
        <ele>48.4</ele>
        <time>2026-04-01T19:10:12.000Z</time>
      </trkpt>
      <trkpt lat="40.669621" lon="-73.968869">
        <ele>48.4</ele>
        <time>2026-04-01T19:10:13.000Z</time>
      </trkpt>
      <trkpt lat="40.669698" lon="-73.96881">
        <ele>48.6</ele>
        <time>2026-04-01T19:10:14.000Z</time>
      </trkpt>
      <trkpt lat="40.669737" lon="-73.96878">
        <ele>48.8</ele>
        <time>2026-04-01T19:10:15.000Z</time>
      </trkpt>
      <trkpt lat="40.669776" lon="-73.968751">
        <ele>48.8</ele>
        <time>2026-04-01T19:10:16.000Z</time>
      </trkpt>
      <trkpt lat="40.669815" lon="-73.968721">
        <ele>49</ele>
        <time>2026-04-01T19:10:17.000Z</time>
      </trkpt>
      <trkpt lat="40.669854" lon="-73.968692">
        <ele>49</ele>
        <time>2026-04-01T19:10:18.000Z</time>
      </trkpt>
      <trkpt lat="40.669893" lon="-73.968664">
        <ele>49.2</ele>
        <time>2026-04-01T19:10:19.000Z</time>
      </trkpt>
      <trkpt lat="40.669934" lon="-73.968637">
        <ele>49.2</ele>
        <time>2026-04-01T19:10:20.000Z</time>
      </trkpt>
      <trkpt lat="40.669976" lon="-73.968613">
        <ele>49.4</ele>
        <time>2026-04-01T19:10:21.000Z</time>
      </trkpt>
      <trkpt lat="40.670019" lon="-73.968591">
        <ele>49.4</ele>
        <time>2026-04-01T19:10:22.000Z</time>
      </trkpt>
      <trkpt lat="40.670064" lon="-73.968571">
        <ele>49.6</ele>
        <time>2026-04-01T19:10:23.000Z</time>
      </trkpt>
      <trkpt lat="40.670109" lon="-73.968554">
        <ele>49.6</ele>
        <time>2026-04-01T19:10:24.000Z</time>
      </trkpt>
      <trkpt lat="40.670155" lon="-73.968539">
        <ele>49.8</ele>
        <time>2026-04-01T19:10:25.000Z</time>
      </trkpt>
      <trkpt lat="40.670201" lon="-73.968527">
        <ele>49.8</ele>
        <time>2026-04-01T19:10:26.000Z</time>
      </trkpt>
      <trkpt lat="40.670248" lon="-73.968518">
        <ele>50</ele>
        <time>2026-04-01T19:10:27.000Z</time>
      </trkpt>
      <trkpt lat="40.670295" lon="-73.968512">
        <ele>50</ele>
        <time>2026-04-01T19:10:28.000Z</time>
      </trkpt>
      <trkpt lat="40.670342" lon="-73.96851">
        <ele>50.2</ele>
        <time>2026-04-01T19:10:29.000Z</time>
      </trkpt>
      <trkpt lat="40.670389" lon="-73.96851">
        <ele>50.4</ele>
        <time>2026-04-01T19:10:30.000Z</time>
      </trkpt>
      <trkpt lat="40.670435" lon="-73.968514">
        <ele>50.4</ele>
        <time>2026-04-01T19:10:31.000Z</time>
      </trkpt>
      <trkpt lat="40.670482" lon="-73.968522">
        <ele>50.6</ele>
        <time>2026-04-01T19:10:32.000Z</time>
      </trkpt>
      <trkpt lat="40.670529" lon="-73.968533">
        <ele>50.6</ele>
        <time>2026-04-01T19:10:33.000Z</time>
      </trkpt>
      <trkpt lat="40.670576" lon="-73.968546">
        <ele>50.8</ele>
        <time>2026-04-01T19:10:34.000Z</time>
      </trkpt>
      <trkpt lat="40.670622" lon="-73.968562">
        <ele>51</ele>
        <time>2026-04-01T19:10:35.000Z</time>
      </trkpt>
      <trkpt lat="40.670668" lon="-73.968582">
        <ele>51</ele>
        <time>2026-04-01T19:10:36.000Z</time>
      </trkpt>
      <trkpt lat="40.670714" lon="-73.968605">
        <ele>51.2</ele>
        <time>2026-04-01T19:10:37.000Z</time>
      </trkpt>
      <trkpt lat="40.670759" lon="-73.968632">
        <ele>51.2</ele>
        <time>2026-04-01T19:10:38.000Z</time>
      </trkpt>
      <trkpt lat="40.670803" lon="-73.968663">
        <ele>51.4</ele>
        <time>2026-04-01T19:10:39.000Z</time>
      </trkpt>
      <trkpt lat="40.670845" lon="-73.968701">
        <ele>51.4</ele>
        <time>2026-04-01T19:10:40.000Z</time>
      </trkpt>
      <trkpt lat="40.670887" lon="-73.968743">
        <ele>51.4</ele>
        <time>2026-04-01T19:10:41.000Z</time>
      </trkpt>
      <trkpt lat="40.670929" lon="-73.96879">
        <ele>51.4</ele>
        <time>2026-04-01T19:10:42.000Z</time>
      </trkpt>
      <trkpt lat="40.67097" lon="-73.968842">
        <ele>51.6</ele>
        <time>2026-04-01T19:10:43.000Z</time>
      </trkpt>
      <trkpt lat="40.67101" lon="-73.968897">
        <ele>51.4</ele>
        <time>2026-04-01T19:10:44.000Z</time>
      </trkpt>
      <trkpt lat="40.67105" lon="-73.968956">
        <ele>51.4</ele>
        <time>2026-04-01T19:10:45.000Z</time>
      </trkpt>
      <trkpt lat="40.671085" lon="-73.969024">
        <ele>51.4</ele>
        <time>2026-04-01T19:10:46.000Z</time>
      </trkpt>
      <trkpt lat="40.671114" lon="-73.969103">
        <ele>51.4</ele>
        <time>2026-04-01T19:10:47.000Z</time>
      </trkpt>
      <trkpt lat="40.67114" lon="-73.969186">
        <ele>51.2</ele>
        <time>2026-04-01T19:10:48.000Z</time>
      </trkpt>
      <trkpt lat="40.671162" lon="-73.96927">
        <ele>51</ele>
        <time>2026-04-01T19:10:49.000Z</time>
      </trkpt>
      <trkpt lat="40.671182" lon="-73.969357">
        <ele>51</ele>
        <time>2026-04-01T19:10:50.000Z</time>
      </trkpt>
      <trkpt lat="40.671197" lon="-73.969447">
        <ele>50.8</ele>
        <time>2026-04-01T19:10:51.000Z</time>
      </trkpt>
      <trkpt lat="40.671208" lon="-73.969543">
        <ele>50.6</ele>
        <time>2026-04-01T19:10:52.000Z</time>
      </trkpt>
      <trkpt lat="40.671213" lon="-73.969642">
        <ele>50.4</ele>
        <time>2026-04-01T19:10:53.000Z</time>
      </trkpt>
      <trkpt lat="40.671209" lon="-73.969742">
        <ele>50.2</ele>
        <time>2026-04-01T19:10:54.000Z</time>
      </trkpt>
      <trkpt lat="40.671199" lon="-73.969841">
        <ele>50</ele>
        <time>2026-04-01T19:10:55.000Z</time>
      </trkpt>
      <trkpt lat="40.671182" lon="-73.969939">
        <ele>50</ele>
        <time>2026-04-01T19:10:56.000Z</time>
      </trkpt>
      <trkpt lat="40.671159" lon="-73.970034">
        <ele>49.8</ele>
        <time>2026-04-01T19:10:57.000Z</time>
      </trkpt>
      <trkpt lat="40.671133" lon="-73.970125">
        <ele>49.6</ele>
        <time>2026-04-01T19:10:58.000Z</time>
      </trkpt>
      <trkpt lat="40.671105" lon="-73.970212">
        <ele>49.6</ele>
        <time>2026-04-01T19:10:59.000Z</time>
      </trkpt>
      <trkpt lat="40.671073" lon="-73.970294">
        <ele>49.6</ele>
        <time>2026-04-01T19:11:00.000Z</time>
      </trkpt>
      <trkpt lat="40.671035" lon="-73.97037">
        <ele>49.6</ele>
        <time>2026-04-01T19:11:01.000Z</time>
      </trkpt>
      <trkpt lat="40.670991" lon="-73.97044">
        <ele>49.4</ele>
        <time>2026-04-01T19:11:02.000Z</time>
      </trkpt>
      <trkpt lat="40.670941" lon="-73.970501">
        <ele>49.6</ele>
        <time>2026-04-01T19:11:03.000Z</time>
      </trkpt>
      <trkpt lat="40.670887" lon="-73.970555">
        <ele>49.6</ele>
        <time>2026-04-01T19:11:04.000Z</time>
      </trkpt>
      <trkpt lat="40.670832" lon="-73.970607">
        <ele>49.6</ele>
        <time>2026-04-01T19:11:05.000Z</time>
      </trkpt>
      <trkpt lat="40.670775" lon="-73.970656">
        <ele>49.6</ele>
        <time>2026-04-01T19:11:06.000Z</time>
      </trkpt>
      <trkpt lat="40.670717" lon="-73.970702">
        <ele>49.8</ele>
        <time>2026-04-01T19:11:07.000Z</time>
      </trkpt>
      <trkpt lat="40.670657" lon="-73.970744">
        <ele>49.8</ele>
        <time>2026-04-01T19:11:08.000Z</time>
      </trkpt>
      <trkpt lat="40.670597" lon="-73.970784">
        <ele>50</ele>
        <time>2026-04-01T19:11:09.000Z</time>
      </trkpt>
      <trkpt lat="40.670534" lon="-73.97082">
        <ele>50</ele>
        <time>2026-04-01T19:11:10.000Z</time>
      </trkpt>
      <trkpt lat="40.670471" lon="-73.970856">
        <ele>50.2</ele>
        <time>2026-04-01T19:11:11.000Z</time>
      </trkpt>
      <trkpt lat="40.670409" lon="-73.970895">
        <ele>50.2</ele>
        <time>2026-04-01T19:11:12.000Z</time>
      </trkpt>
      <trkpt lat="40.670346" lon="-73.970935">
        <ele>50.2</ele>
        <time>2026-04-01T19:11:13.000Z</time>
      </trkpt>
      <trkpt lat="40.670283" lon="-73.970976">
        <ele>50.4</ele>
        <time>2026-04-01T19:11:14.000Z</time>
      </trkpt>
      <trkpt lat="40.67022" lon="-73.971019">
        <ele>50.4</ele>
        <time>2026-04-01T19:11:15.000Z</time>
      </trkpt>
      <trkpt lat="40.670157" lon="-73.971065">
        <ele>50.4</ele>
        <time>2026-04-01T19:11:16.000Z</time>
      </trkpt>
      <trkpt lat="40.670093" lon="-73.971113">
        <ele>50.4</ele>
        <time>2026-04-01T19:11:17.000Z</time>
      </trkpt>
      <trkpt lat="40.670028" lon="-73.971164">
        <ele>50.2</ele>
        <time>2026-04-01T19:11:18.000Z</time>
      </trkpt>
      <trkpt lat="40.669965" lon="-73.97122">
        <ele>50.2</ele>
        <time>2026-04-01T19:11:19.000Z</time>
      </trkpt>
      <trkpt lat="40.669903" lon="-73.971283">
        <ele>50.2</ele>
        <time>2026-04-01T19:11:20.000Z</time>
      </trkpt>
      <trkpt lat="40.669843" lon="-73.97135">
        <ele>50</ele>
        <time>2026-04-01T19:11:21.000Z</time>
      </trkpt>
      <trkpt lat="40.669781" lon="-73.971415">
        <ele>50</ele>
        <time>2026-04-01T19:11:22.000Z</time>
      </trkpt>
      <trkpt lat="40.669719" lon="-73.971484">
        <ele>49.8</ele>
        <time>2026-04-01T19:11:23.000Z</time>
      </trkpt>
      <trkpt lat="40.66966" lon="-73.971559">
        <ele>49.6</ele>
        <time>2026-04-01T19:11:24.000Z</time>
      </trkpt>
      <trkpt lat="40.669599" lon="-73.971634">
        <ele>49.4</ele>
        <time>2026-04-01T19:11:25.000Z</time>
      </trkpt>
      <trkpt lat="40.669536" lon="-73.971707">
        <ele>49.2</ele>
        <time>2026-04-01T19:11:26.000Z</time>
      </trkpt>
      <trkpt lat="40.669472" lon="-73.97178">
        <ele>49</ele>
        <time>2026-04-01T19:11:27.000Z</time>
      </trkpt>
      <trkpt lat="40.669404" lon="-73.97185">
        <ele>48.8</ele>
        <time>2026-04-01T19:11:28.000Z</time>
      </trkpt>
      <trkpt lat="40.669332" lon="-73.971918">
        <ele>48.6</ele>
        <time>2026-04-01T19:11:29.000Z</time>
      </trkpt>
      <trkpt lat="40.669251" lon="-73.971981">
        <ele>48.4</ele>
        <time>2026-04-01T19:11:30.000Z</time>
      </trkpt>
      <trkpt lat="40.669162" lon="-73.972038">
        <ele>48.2</ele>
        <time>2026-04-01T19:11:31.000Z</time>
      </trkpt>
      <trkpt lat="40.669069" lon="-73.972087">
        <ele>48</ele>
        <time>2026-04-01T19:11:32.000Z</time>
      </trkpt>
      <trkpt lat="40.668976" lon="-73.972132">
        <ele>48</ele>
        <time>2026-04-01T19:11:33.000Z</time>
      </trkpt>
      <trkpt lat="40.668885" lon="-73.972174">
        <ele>47.8</ele>
        <time>2026-04-01T19:11:34.000Z</time>
      </trkpt>
      <trkpt lat="40.668796" lon="-73.97221">
        <ele>47.8</ele>
        <time>2026-04-01T19:11:35.000Z</time>
      </trkpt>
      <trkpt lat="40.668708" lon="-73.972239">
        <ele>47.8</ele>
        <time>2026-04-01T19:11:36.000Z</time>
      </trkpt>
      <trkpt lat="40.668621" lon="-73.972262">
        <ele>47.8</ele>
        <time>2026-04-01T19:11:37.000Z</time>
      </trkpt>
      <trkpt lat="40.668535" lon="-73.972281">
        <ele>47.8</ele>
        <time>2026-04-01T19:11:38.000Z</time>
      </trkpt>
      <trkpt lat="40.668449" lon="-73.972297">
        <ele>47.8</ele>
        <time>2026-04-01T19:11:39.000Z</time>
      </trkpt>
      <trkpt lat="40.668364" lon="-73.972313">
        <ele>47.8</ele>
        <time>2026-04-01T19:11:40.000Z</time>
      </trkpt>
      <trkpt lat="40.668278" lon="-73.972327">
        <ele>47.8</ele>
        <time>2026-04-01T19:11:41.000Z</time>
      </trkpt>
      <trkpt lat="40.668191" lon="-73.97234">
        <ele>47.8</ele>
        <time>2026-04-01T19:11:42.000Z</time>
      </trkpt>
      <trkpt lat="40.668103" lon="-73.972352">
        <ele>48</ele>
        <time>2026-04-01T19:11:43.000Z</time>
      </trkpt>
      <trkpt lat="40.668016" lon="-73.97236">
        <ele>48</ele>
        <time>2026-04-01T19:11:44.000Z</time>
      </trkpt>
      <trkpt lat="40.667929" lon="-73.972364">
        <ele>48</ele>
        <time>2026-04-01T19:11:45.000Z</time>
      </trkpt>
      <trkpt lat="40.667842" lon="-73.972363">
        <ele>48.2</ele>
        <time>2026-04-01T19:11:46.000Z</time>
      </trkpt>
      <trkpt lat="40.667757" lon="-73.972359">
        <ele>48.2</ele>
        <time>2026-04-01T19:11:47.000Z</time>
      </trkpt>
      <trkpt lat="40.667674" lon="-73.972353">
        <ele>48.2</ele>
        <time>2026-04-01T19:11:48.000Z</time>
      </trkpt>
      <trkpt lat="40.667591" lon="-73.972345">
        <ele>48.4</ele>
        <time>2026-04-01T19:11:49.000Z</time>
      </trkpt>
      <trkpt lat="40.667507" lon="-73.972332">
        <ele>48.4</ele>
        <time>2026-04-01T19:11:50.000Z</time>
      </trkpt>
      <trkpt lat="40.667423" lon="-73.972318">
        <ele>48.6</ele>
        <time>2026-04-01T19:11:51.000Z</time>
      </trkpt>
      <trkpt lat="40.667339" lon="-73.972305">
        <ele>48.6</ele>
        <time>2026-04-01T19:11:52.000Z</time>
      </trkpt>
      <trkpt lat="40.667255" lon="-73.972292">
        <ele>48.6</ele>
        <time>2026-04-01T19:11:53.000Z</time>
      </trkpt>
      <trkpt lat="40.667171" lon="-73.972278">
        <ele>48.6</ele>
        <time>2026-04-01T19:11:54.000Z</time>
      </trkpt>
      <trkpt lat="40.667087" lon="-73.972262">
        <ele>48.6</ele>
        <time>2026-04-01T19:11:55.000Z</time>
      </trkpt>
      <trkpt lat="40.667003" lon="-73.972244">
        <ele>48.6</ele>
        <time>2026-04-01T19:11:56.000Z</time>
      </trkpt>
      <trkpt lat="40.666917" lon="-73.972227">
        <ele>48.6</ele>
        <time>2026-04-01T19:11:57.000Z</time>
      </trkpt>
      <trkpt lat="40.66683" lon="-73.972216">
        <ele>48.4</ele>
        <time>2026-04-01T19:11:58.000Z</time>
      </trkpt>
      <trkpt lat="40.666743" lon="-73.972214">
        <ele>48.4</ele>
        <time>2026-04-01T19:11:59.000Z</time>
      </trkpt>
      <trkpt lat="40.666655" lon="-73.972215">
        <ele>48.4</ele>
        <time>2026-04-01T19:12:00.000Z</time>
      </trkpt>
      <trkpt lat="40.666569" lon="-73.972221">
        <ele>48.2</ele>
        <time>2026-04-01T19:12:01.000Z</time>
      </trkpt>
      <trkpt lat="40.666484" lon="-73.97223">
        <ele>48.2</ele>
        <time>2026-04-01T19:12:02.000Z</time>
      </trkpt>
      <trkpt lat="40.666401" lon="-73.972242">
        <ele>48</ele>
        <time>2026-04-01T19:12:03.000Z</time>
      </trkpt>
      <trkpt lat="40.66632" lon="-73.972257">
        <ele>48</ele>
        <time>2026-04-01T19:12:04.000Z</time>
      </trkpt>
      <trkpt lat="40.666242" lon="-73.972279">
        <ele>48</ele>
        <time>2026-04-01T19:12:05.000Z</time>
      </trkpt>
      <trkpt lat="40.666167" lon="-73.972307">
        <ele>48</ele>
        <time>2026-04-01T19:12:06.000Z</time>
      </trkpt>
      <trkpt lat="40.666096" lon="-73.97234">
        <ele>48</ele>
        <time>2026-04-01T19:12:07.000Z</time>
      </trkpt>
      <trkpt lat="40.666028" lon="-73.972377">
        <ele>48.2</ele>
        <time>2026-04-01T19:12:08.000Z</time>
      </trkpt>
      <trkpt lat="40.665962" lon="-73.972417">
        <ele>48.2</ele>
        <time>2026-04-01T19:12:09.000Z</time>
      </trkpt>
      <trkpt lat="40.665898" lon="-73.972461">
        <ele>48.2</ele>
        <time>2026-04-01T19:12:10.000Z</time>
      </trkpt>
      <trkpt lat="40.665836" lon="-73.972509">
        <ele>48.4</ele>
        <time>2026-04-01T19:12:11.000Z</time>
      </trkpt>
      <trkpt lat="40.665777" lon="-73.972561">
        <ele>48.6</ele>
        <time>2026-04-01T19:12:12.000Z</time>
      </trkpt>
      <trkpt lat="40.66572" lon="-73.972618">
        <ele>48.6</ele>
        <time>2026-04-01T19:12:13.000Z</time>
      </trkpt>
      <trkpt lat="40.665665" lon="-73.972677">
        <ele>48.8</ele>
        <time>2026-04-01T19:12:14.000Z</time>
      </trkpt>
      <trkpt lat="40.665613" lon="-73.972737">
        <ele>49</ele>
        <time>2026-04-01T19:12:15.000Z</time>
      </trkpt>
      <trkpt lat="40.665561" lon="-73.972796">
        <ele>49</ele>
        <time>2026-04-01T19:12:16.000Z</time>
      </trkpt>
      <trkpt lat="40.665509" lon="-73.972856">
        <ele>49.2</ele>
        <time>2026-04-01T19:12:17.000Z</time>
      </trkpt>
      <trkpt lat="40.665458" lon="-73.972917">
        <ele>49.2</ele>
        <time>2026-04-01T19:12:18.000Z</time>
      </trkpt>
      <trkpt lat="40.665407" lon="-73.972979">
        <ele>49.4</ele>
        <time>2026-04-01T19:12:19.000Z</time>
      </trkpt>
      <trkpt lat="40.665354" lon="-73.973043">
        <ele>49.4</ele>
        <time>2026-04-01T19:12:20.000Z</time>
      </trkpt>
      <trkpt lat="40.665299" lon="-73.973107">
        <ele>49.6</ele>
        <time>2026-04-01T19:12:21.000Z</time>
      </trkpt>
      <trkpt lat="40.665241" lon="-73.973165">
        <ele>49.6</ele>
        <time>2026-04-01T19:12:22.000Z</time>
      </trkpt>
      <trkpt lat="40.665181" lon="-73.973216">
        <ele>49.8</ele>
        <time>2026-04-01T19:12:23.000Z</time>
      </trkpt>
      <trkpt lat="40.66512" lon="-73.973262">
        <ele>49.8</ele>
        <time>2026-04-01T19:12:24.000Z</time>
      </trkpt>
      <trkpt lat="40.665058" lon="-73.973304">
        <ele>49.8</ele>
        <time>2026-04-01T19:12:25.000Z</time>
      </trkpt>
      <trkpt lat="40.664997" lon="-73.973345">
        <ele>50</ele>
        <time>2026-04-01T19:12:26.000Z</time>
      </trkpt>
      <trkpt lat="40.664937" lon="-73.973385">
        <ele>50</ele>
        <time>2026-04-01T19:12:27.000Z</time>
      </trkpt>
      <trkpt lat="40.664877" lon="-73.973424">
        <ele>50</ele>
        <time>2026-04-01T19:12:28.000Z</time>
      </trkpt>
      <trkpt lat="40.664817" lon="-73.973461">
        <ele>50</ele>
        <time>2026-04-01T19:12:29.000Z</time>
      </trkpt>
      <trkpt lat="40.664757" lon="-73.973498">
        <ele>50</ele>
        <time>2026-04-01T19:12:30.000Z</time>
      </trkpt>
      <trkpt lat="40.664696" lon="-73.973534">
        <ele>50</ele>
        <time>2026-04-01T19:12:31.000Z</time>
      </trkpt>
      <trkpt lat="40.664634" lon="-73.97357">
        <ele>50</ele>
        <time>2026-04-01T19:12:32.000Z</time>
      </trkpt>
      <trkpt lat="40.664572" lon="-73.973608">
        <ele>50</ele>
        <time>2026-04-01T19:12:33.000Z</time>
      </trkpt>
      <trkpt lat="40.664511" lon="-73.973651">
        <ele>50</ele>
        <time>2026-04-01T19:12:34.000Z</time>
      </trkpt>
      <trkpt lat="40.664452" lon="-73.973698">
        <ele>50</ele>
        <time>2026-04-01T19:12:35.000Z</time>
      </trkpt>
      <trkpt lat="40.664394" lon="-73.973749">
        <ele>50</ele>
        <time>2026-04-01T19:12:36.000Z</time>
      </trkpt>
      <trkpt lat="40.664336" lon="-73.973804">
        <ele>50</ele>
        <time>2026-04-01T19:12:37.000Z</time>
      </trkpt>
      <trkpt lat="40.664278" lon="-73.97386">
        <ele>49.8</ele>
        <time>2026-04-01T19:12:38.000Z</time>
      </trkpt>
      <trkpt lat="40.664218" lon="-73.973915">
        <ele>49.8</ele>
        <time>2026-04-01T19:12:39.000Z</time>
      </trkpt>
      <trkpt lat="40.664157" lon="-73.973969">
        <ele>49.8</ele>
        <time>2026-04-01T19:12:40.000Z</time>
      </trkpt>
      <trkpt lat="40.664097" lon="-73.974024">
        <ele>49.6</ele>
        <time>2026-04-01T19:12:41.000Z</time>
      </trkpt>
      <trkpt lat="40.664037" lon="-73.97408">
        <ele>49.4</ele>
        <time>2026-04-01T19:12:42.000Z</time>
      </trkpt>
      <trkpt lat="40.663979" lon="-73.974137">
        <ele>49.4</ele>
        <time>2026-04-01T19:12:43.000Z</time>
      </trkpt>
      <trkpt lat="40.66392" lon="-73.974191">
        <ele>49.4</ele>
        <time>2026-04-01T19:12:44.000Z</time>
      </trkpt>
      <trkpt lat="40.663864" lon="-73.974248">
        <ele>49.2</ele>
        <time>2026-04-01T19:12:45.000Z</time>
      </trkpt>
      <trkpt lat="40.663809" lon="-73.974306">
        <ele>49.2</ele>
        <time>2026-04-01T19:12:46.000Z</time>
      </trkpt>
      <trkpt lat="40.663755" lon="-73.974365">
        <ele>49</ele>
        <time>2026-04-01T19:12:47.000Z</time>
      </trkpt>
      <trkpt lat="40.663703" lon="-73.974425">
        <ele>49</ele>
        <time>2026-04-01T19:12:48.000Z</time>
      </trkpt>
      <trkpt lat="40.66365" lon="-73.974485">
        <ele>49</ele>
        <time>2026-04-01T19:12:49.000Z</time>
      </trkpt>
      <trkpt lat="40.663597" lon="-73.974546">
        <ele>49</ele>
        <time>2026-04-01T19:12:50.000Z</time>
      </trkpt>
      <trkpt lat="40.663548" lon="-73.974609">
        <ele>48.8</ele>
        <time>2026-04-01T19:12:51.000Z</time>
      </trkpt>
      <trkpt lat="40.663501" lon="-73.974673">
        <ele>48.8</ele>
        <time>2026-04-01T19:12:52.000Z</time>
      </trkpt>
      <trkpt lat="40.663456" lon="-73.974737">
        <ele>48.8</ele>
        <time>2026-04-01T19:12:53.000Z</time>
      </trkpt>
      <trkpt lat="40.663414" lon="-73.974803">
        <ele>48.8</ele>
        <time>2026-04-01T19:12:54.000Z</time>
      </trkpt>
      <trkpt lat="40.663371" lon="-73.97487">
        <ele>48.8</ele>
        <time>2026-04-01T19:12:55.000Z</time>
      </trkpt>
      <trkpt lat="40.663328" lon="-73.974937">
        <ele>48.8</ele>
        <time>2026-04-01T19:12:56.000Z</time>
      </trkpt>
      <trkpt lat="40.663287" lon="-73.975005">
        <ele>48.8</ele>
        <time>2026-04-01T19:12:57.000Z</time>
      </trkpt>
      <trkpt lat="40.663248" lon="-73.975073">
        <ele>48.8</ele>
        <time>2026-04-01T19:12:58.000Z</time>
      </trkpt>
      <trkpt lat="40.663211" lon="-73.975142">
        <ele>48.8</ele>
        <time>2026-04-01T19:12:59.000Z</time>
      </trkpt>
      <trkpt lat="40.663175" lon="-73.975211">
        <ele>48.8</ele>
        <time>2026-04-01T19:13:00.000Z</time>
      </trkpt>
      <trkpt lat="40.66314" lon="-73.97528">
        <ele>48.8</ele>
        <time>2026-04-01T19:13:01.000Z</time>
      </trkpt>
      <trkpt lat="40.663106" lon="-73.975347">
        <ele>49</ele>
        <time>2026-04-01T19:13:02.000Z</time>
      </trkpt>
      <trkpt lat="40.663073" lon="-73.975416">
        <ele>49</ele>
        <time>2026-04-01T19:13:03.000Z</time>
      </trkpt>
      <trkpt lat="40.663044" lon="-73.975488">
        <ele>49</ele>
        <time>2026-04-01T19:13:04.000Z</time>
      </trkpt>
      <trkpt lat="40.663017" lon="-73.97556">
        <ele>49</ele>
        <time>2026-04-01T19:13:05.000Z</time>
      </trkpt>
      <trkpt lat="40.662988" lon="-73.975632">
        <ele>49.2</ele>
        <time>2026-04-01T19:13:06.000Z</time>
      </trkpt>
      <trkpt lat="40.662957" lon="-73.975702">
        <ele>49.2</ele>
        <time>2026-04-01T19:13:07.000Z</time>
      </trkpt>
      <trkpt lat="40.662925" lon="-73.975772">
        <ele>49.4</ele>
        <time>2026-04-01T19:13:08.000Z</time>
      </trkpt>
      <trkpt lat="40.662895" lon="-73.975842">
        <ele>49.4</ele>
        <time>2026-04-01T19:13:09.000Z</time>
      </trkpt>
      <trkpt lat="40.662865" lon="-73.975912">
        <ele>49.4</ele>
        <time>2026-04-01T19:13:10.000Z</time>
      </trkpt>
      <trkpt lat="40.662836" lon="-73.975982">
        <ele>49.6</ele>
        <time>2026-04-01T19:13:11.000Z</time>
      </trkpt>
      <trkpt lat="40.662806" lon="-73.976052">
        <ele>49.6</ele>
        <time>2026-04-01T19:13:12.000Z</time>
      </trkpt>
      <trkpt lat="40.662775" lon="-73.976123">
        <ele>49.8</ele>
        <time>2026-04-01T19:13:13.000Z</time>
      </trkpt>
      <trkpt lat="40.662743" lon="-73.976196">
        <ele>49.8</ele>
        <time>2026-04-01T19:13:14.000Z</time>
      </trkpt>
      <trkpt lat="40.662708" lon="-73.976269">
        <ele>50</ele>
        <time>2026-04-01T19:13:15.000Z</time>
      </trkpt>
      <trkpt lat="40.662671" lon="-73.976341">
        <ele>50</ele>
        <time>2026-04-01T19:13:16.000Z</time>
      </trkpt>
      <trkpt lat="40.662632" lon="-73.976413">
        <ele>50.2</ele>
        <time>2026-04-01T19:13:17.000Z</time>
      </trkpt>
      <trkpt lat="40.662593" lon="-73.976485">
        <ele>50.2</ele>
        <time>2026-04-01T19:13:18.000Z</time>
      </trkpt>
      <trkpt lat="40.662553" lon="-73.976557">
        <ele>50.2</ele>
        <time>2026-04-01T19:13:19.000Z</time>
      </trkpt>
      <trkpt lat="40.662514" lon="-73.97663">
        <ele>50.4</ele>
        <time>2026-04-01T19:13:20.000Z</time>
      </trkpt>
      <trkpt lat="40.662474" lon="-73.976702">
        <ele>50.4</ele>
        <time>2026-04-01T19:13:21.000Z</time>
      </trkpt>
      <trkpt lat="40.662431" lon="-73.976772">
        <ele>50.4</ele>
        <time>2026-04-01T19:13:22.000Z</time>
      </trkpt>
      <trkpt lat="40.662385" lon="-73.976839">
        <ele>50.4</ele>
        <time>2026-04-01T19:13:23.000Z</time>
      </trkpt>
      <trkpt lat="40.662337" lon="-73.976906">
        <ele>50.4</ele>
        <time>2026-04-01T19:13:24.000Z</time>
      </trkpt>
      <trkpt lat="40.662285" lon="-73.976974">
        <ele>50.4</ele>
        <time>2026-04-01T19:13:25.000Z</time>
      </trkpt>
      <trkpt lat="40.66223" lon="-73.977039">
        <ele>50.4</ele>
        <time>2026-04-01T19:13:26.000Z</time>
      </trkpt>
      <trkpt lat="40.66217" lon="-73.977103">
        <ele>50.4</ele>
        <time>2026-04-01T19:13:27.000Z</time>
      </trkpt>
      <trkpt lat="40.662108" lon="-73.977165">
        <ele>50.2</ele>
        <time>2026-04-01T19:13:28.000Z</time>
      </trkpt>
      <trkpt lat="40.662045" lon="-73.977226">
        <ele>50.2</ele>
        <time>2026-04-01T19:13:29.000Z</time>
      </trkpt>
      <trkpt lat="40.66198" lon="-73.977286">
        <ele>50.2</ele>
        <time>2026-04-01T19:13:30.000Z</time>
      </trkpt>
      <trkpt lat="40.661913" lon="-73.977343">
        <ele>50</ele>
        <time>2026-04-01T19:13:31.000Z</time>
      </trkpt>
      <trkpt lat="40.661845" lon="-73.977398">
        <ele>49.8</ele>
        <time>2026-04-01T19:13:32.000Z</time>
      </trkpt>
      <trkpt lat="40.661775" lon="-73.97745">
        <ele>49.6</ele>
        <time>2026-04-01T19:13:33.000Z</time>
      </trkpt>
      <trkpt lat="40.661703" lon="-73.977497">
        <ele>49.4</ele>
        <time>2026-04-01T19:13:34.000Z</time>
      </trkpt>
      <trkpt lat="40.661628" lon="-73.977536">
        <ele>49</ele>
        <time>2026-04-01T19:13:35.000Z</time>
      </trkpt>
      <trkpt lat="40.661551" lon="-73.977567">
        <ele>48.8</ele>
        <time>2026-04-01T19:13:36.000Z</time>
      </trkpt>
      <trkpt lat="40.661473" lon="-73.977591">
        <ele>48.4</ele>
        <time>2026-04-01T19:13:37.000Z</time>
      </trkpt>
      <trkpt lat="40.661394" lon="-73.977604">
        <ele>48.2</ele>
        <time>2026-04-01T19:13:38.000Z</time>
      </trkpt>
      <trkpt lat="40.661316" lon="-73.977609">
        <ele>47.8</ele>
        <time>2026-04-01T19:13:39.000Z</time>
      </trkpt>
      <trkpt lat="40.661239" lon="-73.977607">
        <ele>47.6</ele>
        <time>2026-04-01T19:13:40.000Z</time>
      </trkpt>
      <trkpt lat="40.661163" lon="-73.9776">
        <ele>47.4</ele>
        <time>2026-04-01T19:13:41.000Z</time>
      </trkpt>
      <trkpt lat="40.661089" lon="-73.977588">
        <ele>47.4</ele>
        <time>2026-04-01T19:13:42.000Z</time>
      </trkpt>
      <trkpt lat="40.661017" lon="-73.97757">
        <ele>47.2</ele>
        <time>2026-04-01T19:13:43.000Z</time>
      </trkpt>
      <trkpt lat="40.660947" lon="-73.977548">
        <ele>47.2</ele>
        <time>2026-04-01T19:13:44.000Z</time>
      </trkpt>
      <trkpt lat="40.660878" lon="-73.977522">
        <ele>47.2</ele>
        <time>2026-04-01T19:13:45.000Z</time>
      </trkpt>
      <trkpt lat="40.66081" lon="-73.977489">
        <ele>47.2</ele>
        <time>2026-04-01T19:13:46.000Z</time>
      </trkpt>
      <trkpt lat="40.660747" lon="-73.977443">
        <ele>47.2</ele>
        <time>2026-04-01T19:13:47.000Z</time>
      </trkpt>
      <trkpt lat="40.660688" lon="-73.977387">
        <ele>47.2</ele>
        <time>2026-04-01T19:13:48.000Z</time>
      </trkpt>
      <trkpt lat="40.660632" lon="-73.977324">
        <ele>47.2</ele>
        <time>2026-04-01T19:13:49.000Z</time>
      </trkpt>
      <trkpt lat="40.660579" lon="-73.977256">
        <ele>47.2</ele>
        <time>2026-04-01T19:13:50.000Z</time>
      </trkpt>
      <trkpt lat="40.660528" lon="-73.977185">
        <ele>47.2</ele>
        <time>2026-04-01T19:13:51.000Z</time>
      </trkpt>
      <trkpt lat="40.660481" lon="-73.97711">
        <ele>47.2</ele>
        <time>2026-04-01T19:13:52.000Z</time>
      </trkpt>
      <trkpt lat="40.660436" lon="-73.977031">
        <ele>47.2</ele>
        <time>2026-04-01T19:13:53.000Z</time>
      </trkpt>
      <trkpt lat="40.660392" lon="-73.97695">
        <ele>47</ele>
        <time>2026-04-01T19:13:54.000Z</time>
      </trkpt>
      <trkpt lat="40.660351" lon="-73.976864">
        <ele>47</ele>
        <time>2026-04-01T19:13:55.000Z</time>
      </trkpt>
      <trkpt lat="40.660313" lon="-73.976774">
        <ele>46.8</ele>
        <time>2026-04-01T19:13:56.000Z</time>
      </trkpt>
      <trkpt lat="40.660279" lon="-73.976678">
        <ele>46.8</ele>
        <time>2026-04-01T19:13:57.000Z</time>
      </trkpt>
      <trkpt lat="40.660246" lon="-73.97658">
        <ele>46.6</ele>
        <time>2026-04-01T19:13:58.000Z</time>
      </trkpt>
      <trkpt lat="40.660218" lon="-73.976477">
        <ele>46.6</ele>
        <time>2026-04-01T19:13:59.000Z</time>
      </trkpt>
      <trkpt lat="40.660195" lon="-73.976371">
        <ele>46.4</ele>
        <time>2026-04-01T19:14:00.000Z</time>
      </trkpt>
      <trkpt lat="40.660177" lon="-73.976262">
        <ele>46.2</ele>
        <time>2026-04-01T19:14:01.000Z</time>
      </trkpt>
      <trkpt lat="40.660163" lon="-73.97615">
        <ele>46</ele>
        <time>2026-04-01T19:14:02.000Z</time>
      </trkpt>
      <trkpt lat="40.660151" lon="-73.976036">
        <ele>45.8</ele>
        <time>2026-04-01T19:14:03.000Z</time>
      </trkpt>
      <trkpt lat="40.660137" lon="-73.975922">
        <ele>45.6</ele>
        <time>2026-04-01T19:14:04.000Z</time>
      </trkpt>
      <trkpt lat="40.66012" lon="-73.975806">
        <ele>45.4</ele>
        <time>2026-04-01T19:14:05.000Z</time>
      </trkpt>
      <trkpt lat="40.660095" lon="-73.975693">
        <ele>45.2</ele>
        <time>2026-04-01T19:14:06.000Z</time>
      </trkpt>
      <trkpt lat="40.66006" lon="-73.975582">
        <ele>45</ele>
        <time>2026-04-01T19:14:07.000Z</time>
      </trkpt>
      <trkpt lat="40.660017" lon="-73.975474">
        <ele>44.8</ele>
        <time>2026-04-01T19:14:08.000Z</time>
      </trkpt>
      <trkpt lat="40.659968" lon="-73.975369">
        <ele>44.6</ele>
        <time>2026-04-01T19:14:09.000Z</time>
      </trkpt>
      <trkpt lat="40.659916" lon="-73.975267">
        <ele>44.4</ele>
        <time>2026-04-01T19:14:10.000Z</time>
      </trkpt>
      <trkpt lat="40.659861" lon="-73.975167">
        <ele>44.2</ele>
        <time>2026-04-01T19:14:11.000Z</time>
      </trkpt>
      <trkpt lat="40.6598" lon="-73.975073">
        <ele>44</ele>
        <time>2026-04-01T19:14:12.000Z</time>
      </trkpt>
      <trkpt lat="40.659734" lon="-73.974985">
        <ele>43.8</ele>
        <time>2026-04-01T19:14:13.000Z</time>
      </trkpt>
      <trkpt lat="40.659663" lon="-73.974903">
        <ele>43.8</ele>
        <time>2026-04-01T19:14:14.000Z</time>
      </trkpt>
      <trkpt lat="40.659592" lon="-73.974826">
        <ele>43.6</ele>
        <time>2026-04-01T19:14:15.000Z</time>
      </trkpt>
      <trkpt lat="40.659523" lon="-73.97475">
        <ele>43.4</ele>
        <time>2026-04-01T19:14:16.000Z</time>
      </trkpt>
      <trkpt lat="40.659456" lon="-73.974675">
        <ele>43.4</ele>
        <time>2026-04-01T19:14:17.000Z</time>
      </trkpt>
      <trkpt lat="40.659392" lon="-73.974601">
        <ele>43.2</ele>
        <time>2026-04-01T19:14:18.000Z</time>
      </trkpt>
      <trkpt lat="40.659333" lon="-73.974523">
        <ele>43.2</ele>
        <time>2026-04-01T19:14:19.000Z</time>
      </trkpt>
      <trkpt lat="40.659282" lon="-73.97444">
        <ele>43.2</ele>
        <time>2026-04-01T19:14:20.000Z</time>
      </trkpt>
      <trkpt lat="40.659238" lon="-73.97435">
        <ele>43.2</ele>
        <time>2026-04-01T19:14:21.000Z</time>
      </trkpt>
      <trkpt lat="40.659195" lon="-73.974259">
        <ele>43.2</ele>
        <time>2026-04-01T19:14:22.000Z</time>
      </trkpt>
      <trkpt lat="40.659147" lon="-73.974171">
        <ele>43.2</ele>
        <time>2026-04-01T19:14:23.000Z</time>
      </trkpt>
      <trkpt lat="40.659095" lon="-73.974084">
        <ele>43.2</ele>
        <time>2026-04-01T19:14:24.000Z</time>
      </trkpt>
      <trkpt lat="40.659045" lon="-73.973994">
        <ele>43.2</ele>
        <time>2026-04-01T19:14:25.000Z</time>
      </trkpt>
      <trkpt lat="40.658998" lon="-73.973896">
        <ele>43.2</ele>
        <time>2026-04-01T19:14:26.000Z</time>
      </trkpt>
      <trkpt lat="40.658951" lon="-73.973796">
        <ele>43</ele>
        <time>2026-04-01T19:14:27.000Z</time>
      </trkpt>
      <trkpt lat="40.6589" lon="-73.973696">
        <ele>43</ele>
        <time>2026-04-01T19:14:28.000Z</time>
      </trkpt>
      <trkpt lat="40.658843" lon="-73.973601">
        <ele>42.8</ele>
        <time>2026-04-01T19:14:29.000Z</time>
      </trkpt>
      <trkpt lat="40.658777" lon="-73.973514">
        <ele>42.6</ele>
        <time>2026-04-01T19:14:30.000Z</time>
      </trkpt>
      <trkpt lat="40.658703" lon="-73.973433">
        <ele>42.4</ele>
        <time>2026-04-01T19:14:31.000Z</time>
      </trkpt>
      <trkpt lat="40.658624" lon="-73.973358">
        <ele>42.2</ele>
        <time>2026-04-01T19:14:32.000Z</time>
      </trkpt>
      <trkpt lat="40.658541" lon="-73.973288">
        <ele>42</ele>
        <time>2026-04-01T19:14:33.000Z</time>
      </trkpt>
      <trkpt lat="40.658454" lon="-73.973223">
        <ele>41.8</ele>
        <time>2026-04-01T19:14:34.000Z</time>
      </trkpt>
      <trkpt lat="40.658363" lon="-73.973165">
        <ele>41.6</ele>
        <time>2026-04-01T19:14:35.000Z</time>
      </trkpt>
      <trkpt lat="40.658268" lon="-73.973118">
        <ele>41.4</ele>
        <time>2026-04-01T19:14:36.000Z</time>
      </trkpt>
      <trkpt lat="40.658168" lon="-73.973085">
        <ele>41</ele>
        <time>2026-04-01T19:14:37.000Z</time>
      </trkpt>
      <trkpt lat="40.658065" lon="-73.973071">
        <ele>40.8</ele>
        <time>2026-04-01T19:14:38.000Z</time>
      </trkpt>
      <trkpt lat="40.657961" lon="-73.973074">
        <ele>40.6</ele>
        <time>2026-04-01T19:14:39.000Z</time>
      </trkpt>
      <trkpt lat="40.657858" lon="-73.973085">
        <ele>40.4</ele>
        <time>2026-04-01T19:14:40.000Z</time>
      </trkpt>
      <trkpt lat="40.657754" lon="-73.973097">
        <ele>40.2</ele>
        <time>2026-04-01T19:14:41.000Z</time>
      </trkpt>
      <trkpt lat="40.657649" lon="-73.973109">
        <ele>39.8</ele>
        <time>2026-04-01T19:14:42.000Z</time>
      </trkpt>
      <trkpt lat="40.657542" lon="-73.97312">
        <ele>39.6</ele>
        <time>2026-04-01T19:14:43.000Z</time>
      </trkpt>
      <trkpt lat="40.657434" lon="-73.973131">
        <ele>39.2</ele>
        <time>2026-04-01T19:14:44.000Z</time>
      </trkpt>
      <trkpt lat="40.657324" lon="-73.973141">
        <ele>38.8</ele>
        <time>2026-04-01T19:14:45.000Z</time>
      </trkpt>
      <trkpt lat="40.657214" lon="-73.973151">
        <ele>38.4</ele>
        <time>2026-04-01T19:14:46.000Z</time>
      </trkpt>
      <trkpt lat="40.657101" lon="-73.973159">
        <ele>38</ele>
        <time>2026-04-01T19:14:47.000Z</time>
      </trkpt>
      <trkpt lat="40.656987" lon="-73.973166">
        <ele>37.6</ele>
        <time>2026-04-01T19:14:48.000Z</time>
      </trkpt>
      <trkpt lat="40.656871" lon="-73.97317">
        <ele>37.2</ele>
        <time>2026-04-01T19:14:49.000Z</time>
      </trkpt>
      <trkpt lat="40.656754" lon="-73.973171">
        <ele>36.6</ele>
        <time>2026-04-01T19:14:50.000Z</time>
      </trkpt>
      <trkpt lat="40.656637" lon="-73.973164">
        <ele>36.2</ele>
        <time>2026-04-01T19:14:51.000Z</time>
      </trkpt>
      <trkpt lat="40.656519" lon="-73.973148">
        <ele>35.8</ele>
        <time>2026-04-01T19:14:52.000Z</time>
      </trkpt>
      <trkpt lat="40.656404" lon="-73.973122">
        <ele>35.4</ele>
        <time>2026-04-01T19:14:53.000Z</time>
      </trkpt>
      <trkpt lat="40.656291" lon="-73.973085">
        <ele>35</ele>
        <time>2026-04-01T19:14:54.000Z</time>
      </trkpt>
      <trkpt lat="40.65618" lon="-73.97304">
        <ele>34.6</ele>
        <time>2026-04-01T19:14:55.000Z</time>
      </trkpt>
      <trkpt lat="40.656071" lon="-73.972986">
        <ele>34</ele>
        <time>2026-04-01T19:14:56.000Z</time>
      </trkpt>
      <trkpt lat="40.655965" lon="-73.972918">
        <ele>33.6</ele>
        <time>2026-04-01T19:14:57.000Z</time>
      </trkpt>
      <trkpt lat="40.655866" lon="-73.972837">
        <ele>33.2</ele>
        <time>2026-04-01T19:14:58.000Z</time>
      </trkpt>
      <trkpt lat="40.655771" lon="-73.972745">
        <ele>32.8</ele>
        <time>2026-04-01T19:14:59.000Z</time>
      </trkpt>
      <trkpt lat="40.655681" lon="-73.972647">
        <ele>32.4</ele>
        <time>2026-04-01T19:15:00.000Z</time>
      </trkpt>
      <trkpt lat="40.655594" lon="-73.972542">
        <ele>32</ele>
        <time>2026-04-01T19:15:01.000Z</time>
      </trkpt>
      <trkpt lat="40.655508" lon="-73.972436">
        <ele>31.6</ele>
        <time>2026-04-01T19:15:02.000Z</time>
      </trkpt>
      <trkpt lat="40.655422" lon="-73.972331">
        <ele>31.2</ele>
        <time>2026-04-01T19:15:03.000Z</time>
      </trkpt>
      <trkpt lat="40.655333" lon="-73.972232">
        <ele>30.8</ele>
        <time>2026-04-01T19:15:04.000Z</time>
      </trkpt>
      <trkpt lat="40.655238" lon="-73.972143">
        <ele>30.4</ele>
        <time>2026-04-01T19:15:05.000Z</time>
      </trkpt>
      <trkpt lat="40.655136" lon="-73.972067">
        <ele>30</ele>
        <time>2026-04-01T19:15:06.000Z</time>
      </trkpt>
      <trkpt lat="40.655033" lon="-73.971998">
        <ele>29.6</ele>
        <time>2026-04-01T19:15:07.000Z</time>
      </trkpt>
      <trkpt lat="40.654929" lon="-73.971934">
        <ele>29.2</ele>
        <time>2026-04-01T19:15:08.000Z</time>
      </trkpt>
      <trkpt lat="40.654822" lon="-73.971882">
        <ele>28.8</ele>
        <time>2026-04-01T19:15:09.000Z</time>
      </trkpt>
      <trkpt lat="40.654713" lon="-73.971843">
        <ele>28.4</ele>
        <time>2026-04-01T19:15:10.000Z</time>
      </trkpt>
      <trkpt lat="40.654603" lon="-73.971817">
        <ele>28</ele>
        <time>2026-04-01T19:15:11.000Z</time>
      </trkpt>
      <trkpt lat="40.654497" lon="-73.971803">
        <ele>27.8</ele>
        <time>2026-04-01T19:15:12.000Z</time>
      </trkpt>
      <trkpt lat="40.654393" lon="-73.9718">
        <ele>27.4</ele>
        <time>2026-04-01T19:15:13.000Z</time>
      </trkpt>
      <trkpt lat="40.654291" lon="-73.971808">
        <ele>27.2</ele>
        <time>2026-04-01T19:15:14.000Z</time>
      </trkpt>
      <trkpt lat="40.654191" lon="-73.971826">
        <ele>26.8</ele>
        <time>2026-04-01T19:15:15.000Z</time>
      </trkpt>
      <trkpt lat="40.654092" lon="-73.971854">
        <ele>26.4</ele>
        <time>2026-04-01T19:15:16.000Z</time>
      </trkpt>
      <trkpt lat="40.653996" lon="-73.971886">
        <ele>26.2</ele>
        <time>2026-04-01T19:15:17.000Z</time>
      </trkpt>
      <trkpt lat="40.653901" lon="-73.97192">
        <ele>25.8</ele>
        <time>2026-04-01T19:15:18.000Z</time>
      </trkpt>
      <trkpt lat="40.653805" lon="-73.97195">
        <ele>25.6</ele>
        <time>2026-04-01T19:15:19.000Z</time>
      </trkpt>
      <trkpt lat="40.65371" lon="-73.971975">
        <ele>25.4</ele>
        <time>2026-04-01T19:15:20.000Z</time>
      </trkpt>
      <trkpt lat="40.653616" lon="-73.971996">
        <ele>25</ele>
        <time>2026-04-01T19:15:21.000Z</time>
      </trkpt>
      <trkpt lat="40.653523" lon="-73.972013">
        <ele>24.8</ele>
        <time>2026-04-01T19:15:22.000Z</time>
      </trkpt>
      <trkpt lat="40.653431" lon="-73.972024">
        <ele>24.8</ele>
        <time>2026-04-01T19:15:23.000Z</time>
      </trkpt>
      <trkpt lat="40.653339" lon="-73.972025">
        <ele>24.6</ele>
        <time>2026-04-01T19:15:24.000Z</time>
      </trkpt>
      <trkpt lat="40.653247" lon="-73.972016">
        <ele>24.4</ele>
        <time>2026-04-01T19:15:25.000Z</time>
      </trkpt>
      <trkpt lat="40.653157" lon="-73.972">
        <ele>24.4</ele>
        <time>2026-04-01T19:15:26.000Z</time>
      </trkpt>
      <trkpt lat="40.653068" lon="-73.971978">
        <ele>24.2</ele>
        <time>2026-04-01T19:15:27.000Z</time>
      </trkpt>
      <trkpt lat="40.65298" lon="-73.97195">
        <ele>24.2</ele>
        <time>2026-04-01T19:15:28.000Z</time>
      </trkpt>
      <trkpt lat="40.652894" lon="-73.971916">
        <ele>24</ele>
        <time>2026-04-01T19:15:29.000Z</time>
      </trkpt>
      <trkpt lat="40.652811" lon="-73.971876">
        <ele>24</ele>
        <time>2026-04-01T19:15:30.000Z</time>
      </trkpt>
      <trkpt lat="40.65273" lon="-73.971831">
        <ele>23.8</ele>
        <time>2026-04-01T19:15:31.000Z</time>
      </trkpt>
      <trkpt lat="40.652649" lon="-73.971781">
        <ele>23.6</ele>
        <time>2026-04-01T19:15:32.000Z</time>
      </trkpt>
      <trkpt lat="40.652571" lon="-73.971727">
        <ele>23.6</ele>
        <time>2026-04-01T19:15:33.000Z</time>
      </trkpt>
      <trkpt lat="40.652496" lon="-73.971667">
        <ele>23.4</ele>
        <time>2026-04-01T19:15:34.000Z</time>
      </trkpt>
      <trkpt lat="40.652425" lon="-73.971601">
        <ele>23.2</ele>
        <time>2026-04-01T19:15:35.000Z</time>
      </trkpt>
      <trkpt lat="40.652361" lon="-73.971529">
        <ele>23</ele>
        <time>2026-04-01T19:15:36.000Z</time>
      </trkpt>
      <trkpt lat="40.652303" lon="-73.971448">
        <ele>23</ele>
        <time>2026-04-01T19:15:37.000Z</time>
      </trkpt>
      <trkpt lat="40.652249" lon="-73.971364">
        <ele>22.8</ele>
        <time>2026-04-01T19:15:38.000Z</time>
      </trkpt>
      <trkpt lat="40.652199" lon="-73.971278">
        <ele>22.8</ele>
        <time>2026-04-01T19:15:39.000Z</time>
      </trkpt>
      <trkpt lat="40.652153" lon="-73.971189">
        <ele>22.6</ele>
        <time>2026-04-01T19:15:40.000Z</time>
      </trkpt>
      <trkpt lat="40.652112" lon="-73.971095">
        <ele>22.6</ele>
        <time>2026-04-01T19:15:41.000Z</time>
      </trkpt>
      <trkpt lat="40.652081" lon="-73.970996">
        <ele>22.4</ele>
        <time>2026-04-01T19:15:42.000Z</time>
      </trkpt>
      <trkpt lat="40.652061" lon="-73.970892">
        <ele>22.4</ele>
        <time>2026-04-01T19:15:43.000Z</time>
      </trkpt>
      <trkpt lat="40.652049" lon="-73.970788">
        <ele>22.4</ele>
        <time>2026-04-01T19:15:44.000Z</time>
      </trkpt>
      <trkpt lat="40.652041" lon="-73.970684">
        <ele>22.4</ele>
        <time>2026-04-01T19:15:45.000Z</time>
      </trkpt>
      <trkpt lat="40.652038" lon="-73.970581">
        <ele>22.4</ele>
        <time>2026-04-01T19:15:46.000Z</time>
      </trkpt>
      <trkpt lat="40.652041" lon="-73.97048">
        <ele>22.4</ele>
        <time>2026-04-01T19:15:47.000Z</time>
      </trkpt>
      <trkpt lat="40.652048" lon="-73.97038">
        <ele>22.4</ele>
        <time>2026-04-01T19:15:48.000Z</time>
      </trkpt>
      <trkpt lat="40.652059" lon="-73.970281">
        <ele>22.6</ele>
        <time>2026-04-01T19:15:49.000Z</time>
      </trkpt>
      <trkpt lat="40.652073" lon="-73.970185">
        <ele>22.6</ele>
        <time>2026-04-01T19:15:50.000Z</time>
      </trkpt>
      <trkpt lat="40.652091" lon="-73.970091">
        <ele>22.6</ele>
        <time>2026-04-01T19:15:51.000Z</time>
      </trkpt>
      <trkpt lat="40.652114" lon="-73.97">
        <ele>22.6</ele>
        <time>2026-04-01T19:15:52.000Z</time>
      </trkpt>
      <trkpt lat="40.652142" lon="-73.969912">
        <ele>22.6</ele>
        <time>2026-04-01T19:15:53.000Z</time>
      </trkpt>
      <trkpt lat="40.652172" lon="-73.969825">
        <ele>22.6</ele>
        <time>2026-04-01T19:15:54.000Z</time>
      </trkpt>
      <trkpt lat="40.652202" lon="-73.969739">
        <ele>22.8</ele>
        <time>2026-04-01T19:15:55.000Z</time>
      </trkpt>
      <trkpt lat="40.652233" lon="-73.969654">
        <ele>22.8</ele>
        <time>2026-04-01T19:15:56.000Z</time>
      </trkpt>
      <trkpt lat="40.652266" lon="-73.969571">
        <ele>22.8</ele>
        <time>2026-04-01T19:15:57.000Z</time>
      </trkpt>
      <trkpt lat="40.652301" lon="-73.969489">
        <ele>22.8</ele>
        <time>2026-04-01T19:15:58.000Z</time>
      </trkpt>
      <trkpt lat="40.652338" lon="-73.969408">
        <ele>22.8</ele>
        <time>2026-04-01T19:15:59.000Z</time>
      </trkpt>
      <trkpt lat="40.652377" lon="-73.969326">
        <ele>23</ele>
        <time>2026-04-01T19:16:00.000Z</time>
      </trkpt>
      <trkpt lat="40.652418" lon="-73.969245">
        <ele>23</ele>
        <time>2026-04-01T19:16:01.000Z</time>
      </trkpt>
      <trkpt lat="40.652463" lon="-73.969165">
        <ele>23</ele>
        <time>2026-04-01T19:16:02.000Z</time>
      </trkpt>
      <trkpt lat="40.65251" lon="-73.969087">
        <ele>23.2</ele>
        <time>2026-04-01T19:16:03.000Z</time>
      </trkpt>
      <trkpt lat="40.652562" lon="-73.969013">
        <ele>23.2</ele>
        <time>2026-04-01T19:16:04.000Z</time>
      </trkpt>
      <trkpt lat="40.652617" lon="-73.968944">
        <ele>23.4</ele>
        <time>2026-04-01T19:16:05.000Z</time>
      </trkpt>
      <trkpt lat="40.652673" lon="-73.968877">
        <ele>23.4</ele>
        <time>2026-04-01T19:16:06.000Z</time>
      </trkpt>
      <trkpt lat="40.652728" lon="-73.968812">
        <ele>23.6</ele>
        <time>2026-04-01T19:16:07.000Z</time>
      </trkpt>
      <trkpt lat="40.652783" lon="-73.968746">
        <ele>23.6</ele>
        <time>2026-04-01T19:16:08.000Z</time>
      </trkpt>
      <trkpt lat="40.652836" lon="-73.96868">
        <ele>23.6</ele>
        <time>2026-04-01T19:16:09.000Z</time>
      </trkpt>
      <trkpt lat="40.652888" lon="-73.968612">
        <ele>23.8</ele>
        <time>2026-04-01T19:16:10.000Z</time>
      </trkpt>
      <trkpt lat="40.652939" lon="-73.968544">
        <ele>23.8</ele>
        <time>2026-04-01T19:16:11.000Z</time>
      </trkpt>
      <trkpt lat="40.65299" lon="-73.968474">
        <ele>24</ele>
        <time>2026-04-01T19:16:12.000Z</time>
      </trkpt>
      <trkpt lat="40.653085" lon="-73.96833">
        <ele>24</ele>
        <time>2026-04-01T19:16:14.000Z</time>
      </trkpt>
      <trkpt lat="40.653129" lon="-73.968253">
        <ele>24</ele>
        <time>2026-04-01T19:16:15.000Z</time>
      </trkpt>
      <trkpt lat="40.653172" lon="-73.968175">
        <ele>24.2</ele>
        <time>2026-04-01T19:16:16.000Z</time>
      </trkpt>
      <trkpt lat="40.653209" lon="-73.968091">
        <ele>24.2</ele>
        <time>2026-04-01T19:16:17.000Z</time>
      </trkpt>
      <trkpt lat="40.653243" lon="-73.968006">
        <ele>24.2</ele>
        <time>2026-04-01T19:16:19.000Z</time>
      </trkpt>
      <trkpt lat="40.653281" lon="-73.967922">
        <ele>24.2</ele>
        <time>2026-04-01T19:16:20.000Z</time>
      </trkpt>
      <trkpt lat="40.65332" lon="-73.967839">
        <ele>24.2</ele>
        <time>2026-04-01T19:16:21.000Z</time>
      </trkpt>
      <trkpt lat="40.653359" lon="-73.967754">
        <ele>24.4</ele>
        <time>2026-04-01T19:16:22.000Z</time>
      </trkpt>
      <trkpt lat="40.653397" lon="-73.967667">
        <ele>24.4</ele>
        <time>2026-04-01T19:16:23.000Z</time>
      </trkpt>
      <trkpt lat="40.653433" lon="-73.967578">
        <ele>24.4</ele>
        <time>2026-04-01T19:16:24.000Z</time>
      </trkpt>
      <trkpt lat="40.653469" lon="-73.967487">
        <ele>24.4</ele>
        <time>2026-04-01T19:16:25.000Z</time>
      </trkpt>
      <trkpt lat="40.653502" lon="-73.967394">
        <ele>24.4</ele>
        <time>2026-04-01T19:16:26.000Z</time>
      </trkpt>
      <trkpt lat="40.653531" lon="-73.967299">
        <ele>24.4</ele>
        <time>2026-04-01T19:16:27.000Z</time>
      </trkpt>
      <trkpt lat="40.653559" lon="-73.967202">
        <ele>24.4</ele>
        <time>2026-04-01T19:16:28.000Z</time>
      </trkpt>
      <trkpt lat="40.653585" lon="-73.967103">
        <ele>24.6</ele>
        <time>2026-04-01T19:16:29.000Z</time>
      </trkpt>
      <trkpt lat="40.65361" lon="-73.967004">
        <ele>24.6</ele>
        <time>2026-04-01T19:16:30.000Z</time>
      </trkpt>
      <trkpt lat="40.653631" lon="-73.966904">
        <ele>24.6</ele>
        <time>2026-04-01T19:16:31.000Z</time>
      </trkpt>
      <trkpt lat="40.653649" lon="-73.966802">
        <ele>24.6</ele>
        <time>2026-04-01T19:16:32.000Z</time>
      </trkpt>
      <trkpt lat="40.653665" lon="-73.9667">
        <ele>24.6</ele>
        <time>2026-04-01T19:16:33.000Z</time>
      </trkpt>
      <trkpt lat="40.653681" lon="-73.966597">
        <ele>24.6</ele>
        <time>2026-04-01T19:16:34.000Z</time>
      </trkpt>
      <trkpt lat="40.653697" lon="-73.966495">
        <ele>24.8</ele>
        <time>2026-04-01T19:16:35.000Z</time>
      </trkpt>
      <trkpt lat="40.653715" lon="-73.966393">
        <ele>24.8</ele>
        <time>2026-04-01T19:16:36.000Z</time>
      </trkpt>
      <trkpt lat="40.653735" lon="-73.96629">
        <ele>24.8</ele>
        <time>2026-04-01T19:16:37.000Z</time>
      </trkpt>
      <trkpt lat="40.653756" lon="-73.966186">
        <ele>24.8</ele>
        <time>2026-04-01T19:16:38.000Z</time>
      </trkpt>
      <trkpt lat="40.653779" lon="-73.966084">
        <ele>24.8</ele>
        <time>2026-04-01T19:16:39.000Z</time>
      </trkpt>
      <trkpt lat="40.653824" lon="-73.965887">
        <ele>24.6</ele>
        <time>2026-04-01T19:16:40.000Z</time>
      </trkpt>
      <trkpt lat="40.653846" lon="-73.965787">
        <ele>24.6</ele>
        <time>2026-04-01T19:16:41.000Z</time>
      </trkpt>
      <trkpt lat="40.65387" lon="-73.965684">
        <ele>24.4</ele>
        <time>2026-04-01T19:16:42.000Z</time>
      </trkpt>
      <trkpt lat="40.653895" lon="-73.96558">
        <ele>24.4</ele>
        <time>2026-04-01T19:16:43.000Z</time>
      </trkpt>
      <trkpt lat="40.653919" lon="-73.965475">
        <ele>24.4</ele>
        <time>2026-04-01T19:16:44.000Z</time>
      </trkpt>
      <trkpt lat="40.653945" lon="-73.965368">
        <ele>24.4</ele>
        <time>2026-04-01T19:16:45.000Z</time>
      </trkpt>
      <trkpt lat="40.653971" lon="-73.965263">
        <ele>24.2</ele>
        <time>2026-04-01T19:16:46.000Z</time>
      </trkpt>
      <trkpt lat="40.654002" lon="-73.965157">
        <ele>24.2</ele>
        <time>2026-04-01T19:16:47.000Z</time>
      </trkpt>
      <trkpt lat="40.654038" lon="-73.965053">
        <ele>24.2</ele>
        <time>2026-04-01T19:16:48.000Z</time>
      </trkpt>
      <trkpt lat="40.654079" lon="-73.964953">
        <ele>24.2</ele>
        <time>2026-04-01T19:16:49.000Z</time>
      </trkpt>
      <trkpt lat="40.654125" lon="-73.964856">
        <ele>24.2</ele>
        <time>2026-04-01T19:16:51.000Z</time>
      </trkpt>
      <trkpt lat="40.654173" lon="-73.964762">
        <ele>24.2</ele>
        <time>2026-04-01T19:16:52.000Z</time>
      </trkpt>
      <trkpt lat="40.654223" lon="-73.964669">
        <ele>24.2</ele>
        <time>2026-04-01T19:16:53.000Z</time>
      </trkpt>
      <trkpt lat="40.654274" lon="-73.964576">
        <ele>24.2</ele>
        <time>2026-04-01T19:16:54.000Z</time>
      </trkpt>
      <trkpt lat="40.654327" lon="-73.964483">
        <ele>24.2</ele>
        <time>2026-04-01T19:16:55.000Z</time>
      </trkpt>
      <trkpt lat="40.654382" lon="-73.964394">
        <ele>24.2</ele>
        <time>2026-04-01T19:16:56.000Z</time>
      </trkpt>
      <trkpt lat="40.654439" lon="-73.964308">
        <ele>24.2</ele>
        <time>2026-04-01T19:16:57.000Z</time>
      </trkpt>
      <trkpt lat="40.654497" lon="-73.964225">
        <ele>24.2</ele>
        <time>2026-04-01T19:16:58.000Z</time>
      </trkpt>
      <trkpt lat="40.654557" lon="-73.964144">
        <ele>24.2</ele>
        <time>2026-04-01T19:16:59.000Z</time>
      </trkpt>
      <trkpt lat="40.654619" lon="-73.964066">
        <ele>24.2</ele>
        <time>2026-04-01T19:17:00.000Z</time>
      </trkpt>
      <trkpt lat="40.654682" lon="-73.963991">
        <ele>24.2</ele>
        <time>2026-04-01T19:17:01.000Z</time>
      </trkpt>
      <trkpt lat="40.654746" lon="-73.963919">
        <ele>24.2</ele>
        <time>2026-04-01T19:17:02.000Z</time>
      </trkpt>
      <trkpt lat="40.654811" lon="-73.96385">
        <ele>24.2</ele>
        <time>2026-04-01T19:17:03.000Z</time>
      </trkpt>
      <trkpt lat="40.654877" lon="-73.963783">
        <ele>24</ele>
        <time>2026-04-01T19:17:04.000Z</time>
      </trkpt>
      <trkpt lat="40.654943" lon="-73.96372">
        <ele>24</ele>
        <time>2026-04-01T19:17:05.000Z</time>
      </trkpt>
      <trkpt lat="40.655009" lon="-73.963657">
        <ele>24</ele>
        <time>2026-04-01T19:17:06.000Z</time>
      </trkpt>
      <trkpt lat="40.655074" lon="-73.963592">
        <ele>24</ele>
        <time>2026-04-01T19:17:07.000Z</time>
      </trkpt>
      <trkpt lat="40.655142" lon="-73.963529">
        <ele>24</ele>
        <time>2026-04-01T19:17:08.000Z</time>
      </trkpt>
      <trkpt lat="40.655211" lon="-73.963471">
        <ele>23.8</ele>
        <time>2026-04-01T19:17:09.000Z</time>
      </trkpt>
      <trkpt lat="40.655282" lon="-73.963416">
        <ele>23.8</ele>
        <time>2026-04-01T19:17:10.000Z</time>
      </trkpt>
      <trkpt lat="40.655354" lon="-73.963363">
        <ele>23.8</ele>
        <time>2026-04-01T19:17:11.000Z</time>
      </trkpt>
      <trkpt lat="40.655426" lon="-73.963314">
        <ele>23.6</ele>
        <time>2026-04-01T19:17:12.000Z</time>
      </trkpt>
      <trkpt lat="40.655499" lon="-73.963266">
        <ele>23.6</ele>
        <time>2026-04-01T19:17:13.000Z</time>
      </trkpt>
      <trkpt lat="40.655572" lon="-73.963219">
        <ele>23.6</ele>
        <time>2026-04-01T19:17:14.000Z</time>
      </trkpt>
      <trkpt lat="40.655646" lon="-73.963176">
        <ele>23.6</ele>
        <time>2026-04-01T19:17:15.000Z</time>
      </trkpt>
      <trkpt lat="40.65572" lon="-73.963135">
        <ele>23.6</ele>
        <time>2026-04-01T19:17:16.000Z</time>
      </trkpt>
      <trkpt lat="40.655796" lon="-73.963095">
        <ele>23.6</ele>
        <time>2026-04-01T19:17:17.000Z</time>
      </trkpt>
      <trkpt lat="40.65587" lon="-73.963057">
        <ele>23.8</ele>
        <time>2026-04-01T19:17:18.000Z</time>
      </trkpt>
      <trkpt lat="40.655945" lon="-73.963021">
        <ele>23.8</ele>
        <time>2026-04-01T19:17:19.000Z</time>
      </trkpt>
      <trkpt lat="40.656018" lon="-73.962987">
        <ele>24</ele>
        <time>2026-04-01T19:17:20.000Z</time>
      </trkpt>
      <trkpt lat="40.65609" lon="-73.962954">
        <ele>24</ele>
        <time>2026-04-01T19:17:21.000Z</time>
      </trkpt>
      <trkpt lat="40.656163" lon="-73.962923">
        <ele>24.2</ele>
        <time>2026-04-01T19:17:22.000Z</time>
      </trkpt>
      <trkpt lat="40.656235" lon="-73.962895">
        <ele>24.2</ele>
        <time>2026-04-01T19:17:23.000Z</time>
      </trkpt>
      <trkpt lat="40.656306" lon="-73.962872">
        <ele>24.4</ele>
        <time>2026-04-01T19:17:24.000Z</time>
      </trkpt>
      <trkpt lat="40.656379" lon="-73.962856">
        <ele>24.4</ele>
        <time>2026-04-01T19:17:25.000Z</time>
      </trkpt>
      <trkpt lat="40.65645" lon="-73.962843">
        <ele>24.6</ele>
        <time>2026-04-01T19:17:26.000Z</time>
      </trkpt>
      <trkpt lat="40.656521" lon="-73.962832">
        <ele>24.6</ele>
        <time>2026-04-01T19:17:27.000Z</time>
      </trkpt>
      <trkpt lat="40.656591" lon="-73.962823">
        <ele>24.8</ele>
        <time>2026-04-01T19:17:28.000Z</time>
      </trkpt>
      <trkpt lat="40.656661" lon="-73.962816">
        <ele>24.8</ele>
        <time>2026-04-01T19:17:29.000Z</time>
      </trkpt>
      <trkpt lat="40.65673" lon="-73.962814">
        <ele>24.8</ele>
        <time>2026-04-01T19:17:30.000Z</time>
      </trkpt>
      <trkpt lat="40.656797" lon="-73.962814">
        <ele>24.8</ele>
        <time>2026-04-01T19:17:31.000Z</time>
      </trkpt>
      <trkpt lat="40.656865" lon="-73.962816">
        <ele>24.8</ele>
        <time>2026-04-01T19:17:32.000Z</time>
      </trkpt>
      <trkpt lat="40.656931" lon="-73.962817">
        <ele>24.8</ele>
        <time>2026-04-01T19:17:33.000Z</time>
      </trkpt>
      <trkpt lat="40.656997" lon="-73.962821">
        <ele>24.8</ele>
        <time>2026-04-01T19:17:34.000Z</time>
      </trkpt>
      <trkpt lat="40.657064" lon="-73.962829">
        <ele>24.8</ele>
        <time>2026-04-01T19:17:35.000Z</time>
      </trkpt>
      <trkpt lat="40.657132" lon="-73.962842">
        <ele>24.8</ele>
        <time>2026-04-01T19:17:36.000Z</time>
      </trkpt>
      <trkpt lat="40.657199" lon="-73.962857">
        <ele>24.8</ele>
        <time>2026-04-01T19:17:37.000Z</time>
      </trkpt>
      <trkpt lat="40.657267" lon="-73.962873">
        <ele>24.8</ele>
        <time>2026-04-01T19:17:38.000Z</time>
      </trkpt>
      <trkpt lat="40.657333" lon="-73.962892">
        <ele>24.6</ele>
        <time>2026-04-01T19:17:39.000Z</time>
      </trkpt>
      <trkpt lat="40.657399" lon="-73.962915">
        <ele>24.6</ele>
        <time>2026-04-01T19:17:40.000Z</time>
      </trkpt>
      <trkpt lat="40.657464" lon="-73.962941">
        <ele>24.6</ele>
        <time>2026-04-01T19:17:41.000Z</time>
      </trkpt>
      <trkpt lat="40.657529" lon="-73.962969">
        <ele>24.6</ele>
        <time>2026-04-01T19:17:42.000Z</time>
      </trkpt>
      <trkpt lat="40.657594" lon="-73.962999">
        <ele>24.6</ele>
        <time>2026-04-01T19:17:43.000Z</time>
      </trkpt>
      <trkpt lat="40.657658" lon="-73.963031">
        <ele>24.8</ele>
        <time>2026-04-01T19:17:44.000Z</time>
      </trkpt>
      <trkpt lat="40.657722" lon="-73.963064">
        <ele>24.8</ele>
        <time>2026-04-01T19:17:45.000Z</time>
      </trkpt>
      <trkpt lat="40.657786" lon="-73.963098">
        <ele>24.8</ele>
        <time>2026-04-01T19:17:46.000Z</time>
      </trkpt>
      <trkpt lat="40.65785" lon="-73.963133">
        <ele>24.8</ele>
        <time>2026-04-01T19:17:47.000Z</time>
      </trkpt>
      <trkpt lat="40.657914" lon="-73.963168">
        <ele>24.8</ele>
        <time>2026-04-01T19:17:48.000Z</time>
      </trkpt>
      <trkpt lat="40.657979" lon="-73.963203">
        <ele>24.8</ele>
        <time>2026-04-01T19:17:49.000Z</time>
      </trkpt>
      <trkpt lat="40.658044" lon="-73.963237">
        <ele>24.8</ele>
        <time>2026-04-01T19:17:50.000Z</time>
      </trkpt>
      <trkpt lat="40.658108" lon="-73.963272">
        <ele>24.8</ele>
        <time>2026-04-01T19:17:51.000Z</time>
      </trkpt>
      <trkpt lat="40.658171" lon="-73.963307">
        <ele>24.8</ele>
        <time>2026-04-01T19:17:52.000Z</time>
      </trkpt>
      <trkpt lat="40.658234" lon="-73.96334">
        <ele>24.8</ele>
        <time>2026-04-01T19:17:53.000Z</time>
      </trkpt>
      <trkpt lat="40.658297" lon="-73.963372">
        <ele>24.8</ele>
        <time>2026-04-01T19:17:54.000Z</time>
      </trkpt>
      <trkpt lat="40.65836" lon="-73.963404">
        <ele>24.8</ele>
        <time>2026-04-01T19:17:55.000Z</time>
      </trkpt>
      <trkpt lat="40.658422" lon="-73.963436">
        <ele>24.8</ele>
        <time>2026-04-01T19:17:56.000Z</time>
      </trkpt>
      <trkpt lat="40.658483" lon="-73.963467">
        <ele>24.8</ele>
        <time>2026-04-01T19:17:57.000Z</time>
      </trkpt>
      <trkpt lat="40.658544" lon="-73.963494">
        <ele>24.6</ele>
        <time>2026-04-01T19:17:58.000Z</time>
      </trkpt>
      <trkpt lat="40.658606" lon="-73.963514">
        <ele>24.6</ele>
        <time>2026-04-01T19:17:59.000Z</time>
      </trkpt>
      <trkpt lat="40.658668" lon="-73.963525">
        <ele>24.6</ele>
        <time>2026-04-01T19:18:00.000Z</time>
      </trkpt>
      <trkpt lat="40.65873" lon="-73.963531">
        <ele>24.6</ele>
        <time>2026-04-01T19:18:01.000Z</time>
      </trkpt>
      <trkpt lat="40.658791" lon="-73.96353">
        <ele>24.6</ele>
        <time>2026-04-01T19:18:02.000Z</time>
      </trkpt>
      <trkpt lat="40.658852" lon="-73.963527">
        <ele>24.6</ele>
        <time>2026-04-01T19:18:03.000Z</time>
      </trkpt>
      <trkpt lat="40.658912" lon="-73.963523">
        <ele>24.8</ele>
        <time>2026-04-01T19:18:04.000Z</time>
      </trkpt>
      <trkpt lat="40.65897" lon="-73.963516">
        <ele>24.8</ele>
        <time>2026-04-01T19:18:05.000Z</time>
      </trkpt>
      <trkpt lat="40.659029" lon="-73.963506">
        <ele>24.8</ele>
        <time>2026-04-01T19:18:06.000Z</time>
      </trkpt>
      <trkpt lat="40.659087" lon="-73.963495">
        <ele>24.8</ele>
        <time>2026-04-01T19:18:07.000Z</time>
      </trkpt>
      <trkpt lat="40.659145" lon="-73.963485">
        <ele>24.8</ele>
        <time>2026-04-01T19:18:08.000Z</time>
      </trkpt>
      <trkpt lat="40.659203" lon="-73.963478">
        <ele>25</ele>
        <time>2026-04-01T19:18:09.000Z</time>
      </trkpt>
      <trkpt lat="40.659263" lon="-73.963478">
        <ele>25</ele>
        <time>2026-04-01T19:18:10.000Z</time>
      </trkpt>
      <trkpt lat="40.659324" lon="-73.963488">
        <ele>25</ele>
        <time>2026-04-01T19:18:11.000Z</time>
      </trkpt>
      <trkpt lat="40.659383" lon="-73.963505">
        <ele>25.2</ele>
        <time>2026-04-01T19:18:12.000Z</time>
      </trkpt>
      <trkpt lat="40.65944" lon="-73.963523">
        <ele>25.2</ele>
        <time>2026-04-01T19:18:13.000Z</time>
      </trkpt>
      <trkpt lat="40.659497" lon="-73.963544">
        <ele>25.4</ele>
        <time>2026-04-01T19:18:14.000Z</time>
      </trkpt>
      <trkpt lat="40.659553" lon="-73.963567">
        <ele>25.4</ele>
        <time>2026-04-01T19:18:15.000Z</time>
      </trkpt>
      <trkpt lat="40.659609" lon="-73.963594">
        <ele>25.6</ele>
        <time>2026-04-01T19:18:16.000Z</time>
      </trkpt>
      <trkpt lat="40.659665" lon="-73.963625">
        <ele>25.8</ele>
        <time>2026-04-01T19:18:17.000Z</time>
      </trkpt>
      <trkpt lat="40.65972" lon="-73.963658">
        <ele>25.8</ele>
        <time>2026-04-01T19:18:18.000Z</time>
      </trkpt>
      <trkpt lat="40.659775" lon="-73.963694">
        <ele>26</ele>
        <time>2026-04-01T19:18:19.000Z</time>
      </trkpt>
      <trkpt lat="40.659829" lon="-73.96373">
        <ele>26.2</ele>
        <time>2026-04-01T19:18:20.000Z</time>
      </trkpt>
      <trkpt lat="40.659885" lon="-73.963765">
        <ele>26.4</ele>
        <time>2026-04-01T19:18:21.000Z</time>
      </trkpt>
      <trkpt lat="40.65994" lon="-73.963799">
        <ele>26.6</ele>
        <time>2026-04-01T19:18:22.000Z</time>
      </trkpt>
      <trkpt lat="40.659994" lon="-73.963832">
        <ele>26.8</ele>
        <time>2026-04-01T19:18:23.000Z</time>
      </trkpt>
      <trkpt lat="40.660048" lon="-73.963864">
        <ele>27</ele>
        <time>2026-04-01T19:18:24.000Z</time>
      </trkpt>
      <trkpt lat="40.660102" lon="-73.963897">
        <ele>27.2</ele>
        <time>2026-04-01T19:18:25.000Z</time>
      </trkpt>
      <trkpt lat="40.660155" lon="-73.96393">
        <ele>27.4</ele>
        <time>2026-04-01T19:18:26.000Z</time>
      </trkpt>
      <trkpt lat="40.660208" lon="-73.963963">
        <ele>27.4</ele>
        <time>2026-04-01T19:18:27.000Z</time>
      </trkpt>
      <trkpt lat="40.66026" lon="-73.963996">
        <ele>27.6</ele>
        <time>2026-04-01T19:18:28.000Z</time>
      </trkpt>
      <trkpt lat="40.660313" lon="-73.964029">
        <ele>27.8</ele>
        <time>2026-04-01T19:18:29.000Z</time>
      </trkpt>
      <trkpt lat="40.660366" lon="-73.964063">
        <ele>28</ele>
        <time>2026-04-01T19:18:30.000Z</time>
      </trkpt>
      <trkpt lat="40.660419" lon="-73.964097">
        <ele>28.2</ele>
        <time>2026-04-01T19:18:31.000Z</time>
      </trkpt>
      <trkpt lat="40.660472" lon="-73.96413">
        <ele>28.2</ele>
        <time>2026-04-01T19:18:32.000Z</time>
      </trkpt>
      <trkpt lat="40.660524" lon="-73.964163">
        <ele>28.4</ele>
        <time>2026-04-01T19:18:33.000Z</time>
      </trkpt>
      <trkpt lat="40.660576" lon="-73.964196">
        <ele>28.6</ele>
        <time>2026-04-01T19:18:34.000Z</time>
      </trkpt>
      <trkpt lat="40.660628" lon="-73.964228">
        <ele>28.6</ele>
        <time>2026-04-01T19:18:35.000Z</time>
      </trkpt>
      <trkpt lat="40.66068" lon="-73.964259">
        <ele>28.8</ele>
        <time>2026-04-01T19:18:36.000Z</time>
      </trkpt>
      <trkpt lat="40.660733" lon="-73.96429">
        <ele>28.8</ele>
        <time>2026-04-01T19:18:37.000Z</time>
      </trkpt>
      <trkpt lat="40.660785" lon="-73.96432">
        <ele>28.8</ele>
        <time>2026-04-01T19:18:38.000Z</time>
      </trkpt>
      <trkpt lat="40.660838" lon="-73.964349">
        <ele>29</ele>
        <time>2026-04-01T19:18:39.000Z</time>
      </trkpt>
      <trkpt lat="40.660891" lon="-73.964377">
        <ele>29</ele>
        <time>2026-04-01T19:18:40.000Z</time>
      </trkpt>
      <trkpt lat="40.660944" lon="-73.964404">
        <ele>29.2</ele>
        <time>2026-04-01T19:18:41.000Z</time>
      </trkpt>
      <trkpt lat="40.660998" lon="-73.964431">
        <ele>29.2</ele>
        <time>2026-04-01T19:18:42.000Z</time>
      </trkpt>
      <trkpt lat="40.661051" lon="-73.964457">
        <ele>29.4</ele>
        <time>2026-04-01T19:18:43.000Z</time>
      </trkpt>
      <trkpt lat="40.661104" lon="-73.964484">
        <ele>29.6</ele>
        <time>2026-04-01T19:18:44.000Z</time>
      </trkpt>
      <trkpt lat="40.661158" lon="-73.964511">
        <ele>29.6</ele>
        <time>2026-04-01T19:18:45.000Z</time>
      </trkpt>
      <trkpt lat="40.661212" lon="-73.964538">
        <ele>29.8</ele>
        <time>2026-04-01T19:18:46.000Z</time>
      </trkpt>
      <trkpt lat="40.661266" lon="-73.964565">
        <ele>29.8</ele>
        <time>2026-04-01T19:18:47.000Z</time>
      </trkpt>
      <trkpt lat="40.661321" lon="-73.964592">
        <ele>30</ele>
        <time>2026-04-01T19:18:48.000Z</time>
      </trkpt>
      <trkpt lat="40.661376" lon="-73.96462">
        <ele>30</ele>
        <time>2026-04-01T19:18:49.000Z</time>
      </trkpt>
      <trkpt lat="40.661432" lon="-73.964647">
        <ele>30</ele>
        <time>2026-04-01T19:18:50.000Z</time>
      </trkpt>
      <trkpt lat="40.661488" lon="-73.964677">
        <ele>30</ele>
        <time>2026-04-01T19:18:51.000Z</time>
      </trkpt>
      <trkpt lat="40.661545" lon="-73.964708">
        <ele>30</ele>
        <time>2026-04-01T19:18:52.000Z</time>
      </trkpt>
      <trkpt lat="40.661603" lon="-73.96474">
        <ele>30</ele>
        <time>2026-04-01T19:18:53.000Z</time>
      </trkpt>
      <trkpt lat="40.66166" lon="-73.964772">
        <ele>30</ele>
        <time>2026-04-01T19:18:54.000Z</time>
      </trkpt>
      <trkpt lat="40.66172" lon="-73.964805">
        <ele>30</ele>
        <time>2026-04-01T19:18:55.000Z</time>
      </trkpt>
      <trkpt lat="40.661781" lon="-73.964837">
        <ele>30</ele>
        <time>2026-04-01T19:18:56.000Z</time>
      </trkpt>
      <trkpt lat="40.661843" lon="-73.964868">
        <ele>30</ele>
        <time>2026-04-01T19:18:57.000Z</time>
      </trkpt>
      <trkpt lat="40.661905" lon="-73.9649">
        <ele>30</ele>
        <time>2026-04-01T19:18:58.000Z</time>
      </trkpt>
      <trkpt lat="40.661968" lon="-73.964933">
        <ele>30</ele>
        <time>2026-04-01T19:18:59.000Z</time>
      </trkpt>
      <trkpt lat="40.66203" lon="-73.964966">
        <ele>29.8</ele>
        <time>2026-04-01T19:19:00.000Z</time>
      </trkpt>
      <trkpt lat="40.662091" lon="-73.964999">
        <ele>29.8</ele>
        <time>2026-04-01T19:19:01.000Z</time>
      </trkpt>
      <trkpt lat="40.662153" lon="-73.965032">
        <ele>29.8</ele>
        <time>2026-04-01T19:19:02.000Z</time>
      </trkpt>
      <trkpt lat="40.662214" lon="-73.965066">
        <ele>29.8</ele>
        <time>2026-04-01T19:19:03.000Z</time>
      </trkpt>
      <trkpt lat="40.662275" lon="-73.965099">
        <ele>29.8</ele>
        <time>2026-04-01T19:19:04.000Z</time>
      </trkpt>
      <trkpt lat="40.662336" lon="-73.965131">
        <ele>29.8</ele>
        <time>2026-04-01T19:19:05.000Z</time>
      </trkpt>
      <trkpt lat="40.662399" lon="-73.96516">
        <ele>29.6</ele>
        <time>2026-04-01T19:19:06.000Z</time>
      </trkpt>
      <trkpt lat="40.662462" lon="-73.965186">
        <ele>29.6</ele>
        <time>2026-04-01T19:19:07.000Z</time>
      </trkpt>
      <trkpt lat="40.662525" lon="-73.965208">
        <ele>29.6</ele>
        <time>2026-04-01T19:19:08.000Z</time>
      </trkpt>
      <trkpt lat="40.662589" lon="-73.965229">
        <ele>29.6</ele>
        <time>2026-04-01T19:19:09.000Z</time>
      </trkpt>
      <trkpt lat="40.662652" lon="-73.965246">
        <ele>29.6</ele>
        <time>2026-04-01T19:19:10.000Z</time>
      </trkpt>
      <trkpt lat="40.662716" lon="-73.965258">
        <ele>29.6</ele>
        <time>2026-04-01T19:19:11.000Z</time>
      </trkpt>
      <trkpt lat="40.66278" lon="-73.965268">
        <ele>29.6</ele>
        <time>2026-04-01T19:19:12.000Z</time>
      </trkpt>
      <trkpt lat="40.662842" lon="-73.965271">
        <ele>29.6</ele>
        <time>2026-04-01T19:19:13.000Z</time>
      </trkpt>
      <trkpt lat="40.662903" lon="-73.965267">
        <ele>29.6</ele>
        <time>2026-04-01T19:19:14.000Z</time>
      </trkpt>
      <trkpt lat="40.662963" lon="-73.965265">
        <ele>29.8</ele>
        <time>2026-04-01T19:19:15.000Z</time>
      </trkpt>
      <trkpt lat="40.663023" lon="-73.965263">
        <ele>29.8</ele>
        <time>2026-04-01T19:19:16.000Z</time>
      </trkpt>
      <trkpt lat="40.663084" lon="-73.965263">
        <ele>30</ele>
        <time>2026-04-01T19:19:17.000Z</time>
      </trkpt>
      <trkpt lat="40.663145" lon="-73.965264">
        <ele>30</ele>
        <time>2026-04-01T19:19:18.000Z</time>
      </trkpt>
      <trkpt lat="40.663206" lon="-73.965269">
        <ele>30.2</ele>
        <time>2026-04-01T19:19:19.000Z</time>
      </trkpt>
      <trkpt lat="40.663266" lon="-73.965274">
        <ele>30.2</ele>
        <time>2026-04-01T19:19:20.000Z</time>
      </trkpt>
      <trkpt lat="40.663327" lon="-73.965279">
        <ele>30.4</ele>
        <time>2026-04-01T19:19:21.000Z</time>
      </trkpt>
      <trkpt lat="40.663388" lon="-73.965286">
        <ele>30.6</ele>
        <time>2026-04-01T19:19:22.000Z</time>
      </trkpt>
      <trkpt lat="40.663449" lon="-73.965296">
        <ele>30.8</ele>
        <time>2026-04-01T19:19:23.000Z</time>
      </trkpt>
      <trkpt lat="40.66351" lon="-73.965311">
        <ele>30.8</ele>
        <time>2026-04-01T19:19:24.000Z</time>
      </trkpt>
      <trkpt lat="40.663569" lon="-73.965333">
        <ele>31</ele>
        <time>2026-04-01T19:19:25.000Z</time>
      </trkpt>
      <trkpt lat="40.663626" lon="-73.965359">
        <ele>31.2</ele>
        <time>2026-04-01T19:19:26.000Z</time>
      </trkpt>
      <trkpt lat="40.663682" lon="-73.965388">
        <ele>31.2</ele>
        <time>2026-04-01T19:19:27.000Z</time>
      </trkpt>
      <trkpt lat="40.663738" lon="-73.96542">
        <ele>31.4</ele>
        <time>2026-04-01T19:19:28.000Z</time>
      </trkpt>
      <trkpt lat="40.663794" lon="-73.96545">
        <ele>31.4</ele>
        <time>2026-04-01T19:19:29.000Z</time>
      </trkpt>
      <trkpt lat="40.66385" lon="-73.96548">
        <ele>31.6</ele>
        <time>2026-04-01T19:19:30.000Z</time>
      </trkpt>
      <trkpt lat="40.663907" lon="-73.965508">
        <ele>31.6</ele>
        <time>2026-04-01T19:19:31.000Z</time>
      </trkpt>
      <trkpt lat="40.663963" lon="-73.965537">
        <ele>31.6</ele>
        <time>2026-04-01T19:19:32.000Z</time>
      </trkpt>
      <trkpt lat="40.664019" lon="-73.965565">
        <ele>31.6</ele>
        <time>2026-04-01T19:19:33.000Z</time>
      </trkpt>
      <trkpt lat="40.664076" lon="-73.965594">
        <ele>31.8</ele>
        <time>2026-04-01T19:19:34.000Z</time>
      </trkpt>
      <trkpt lat="40.664132" lon="-73.965622">
        <ele>31.8</ele>
        <time>2026-04-01T19:19:35.000Z</time>
      </trkpt>
      <trkpt lat="40.664189" lon="-73.965649">
        <ele>31.8</ele>
        <time>2026-04-01T19:19:36.000Z</time>
      </trkpt>
      <trkpt lat="40.664246" lon="-73.965676">
        <ele>31.8</ele>
        <time>2026-04-01T19:19:37.000Z</time>
      </trkpt>
      <trkpt lat="40.664305" lon="-73.965702">
        <ele>31.8</ele>
        <time>2026-04-01T19:19:38.000Z</time>
      </trkpt>
      <trkpt lat="40.664365" lon="-73.965729">
        <ele>32</ele>
        <time>2026-04-01T19:19:39.000Z</time>
      </trkpt>
      <trkpt lat="40.664425" lon="-73.965756">
        <ele>32</ele>
        <time>2026-04-01T19:19:40.000Z</time>
      </trkpt>
      <trkpt lat="40.664486" lon="-73.965784">
        <ele>32</ele>
        <time>2026-04-01T19:19:41.000Z</time>
      </trkpt>
      <trkpt lat="40.664547" lon="-73.965813">
        <ele>32</ele>
        <time>2026-04-01T19:19:42.000Z</time>
      </trkpt>
      <trkpt lat="40.664608" lon="-73.965843">
        <ele>32</ele>
        <time>2026-04-01T19:19:43.000Z</time>
      </trkpt>
      <trkpt lat="40.66467" lon="-73.965875">
        <ele>32</ele>
        <time>2026-04-01T19:19:44.000Z</time>
      </trkpt>
      <trkpt lat="40.664733" lon="-73.965908">
        <ele>32</ele>
        <time>2026-04-01T19:19:45.000Z</time>
      </trkpt>
      <trkpt lat="40.664798" lon="-73.965938">
        <ele>32</ele>
        <time>2026-04-01T19:19:46.000Z</time>
      </trkpt>
      <trkpt lat="40.664864" lon="-73.965966">
        <ele>32</ele>
        <time>2026-04-01T19:19:47.000Z</time>
      </trkpt>
      <trkpt lat="40.664931" lon="-73.965991">
        <ele>32</ele>
        <time>2026-04-01T19:19:48.000Z</time>
      </trkpt>
      <trkpt lat="40.664995" lon="-73.966018">
        <ele>32</ele>
        <time>2026-04-01T19:19:49.000Z</time>
      </trkpt>
      <trkpt lat="40.665059" lon="-73.966051">
        <ele>32</ele>
        <time>2026-04-01T19:19:50.000Z</time>
      </trkpt>
      <trkpt lat="40.665126" lon="-73.966087">
        <ele>32</ele>
        <time>2026-04-01T19:19:51.000Z</time>
      </trkpt>
      <trkpt lat="40.665194" lon="-73.966121">
        <ele>32</ele>
        <time>2026-04-01T19:19:52.000Z</time>
      </trkpt>
      <trkpt lat="40.665264" lon="-73.966152">
        <ele>32</ele>
        <time>2026-04-01T19:19:53.000Z</time>
      </trkpt>
      <trkpt lat="40.665334" lon="-73.966182">
        <ele>32</ele>
        <time>2026-04-01T19:19:54.000Z</time>
      </trkpt>
      <trkpt lat="40.665402" lon="-73.966213">
        <ele>32</ele>
        <time>2026-04-01T19:19:55.000Z</time>
      </trkpt>
      <trkpt lat="40.665469" lon="-73.966247">
        <ele>32</ele>
        <time>2026-04-01T19:19:56.000Z</time>
      </trkpt>
      <trkpt lat="40.665534" lon="-73.966283">
        <ele>32</ele>
        <time>2026-04-01T19:19:57.000Z</time>
      </trkpt>
      <trkpt lat="40.665598" lon="-73.966319">
        <ele>32</ele>
        <time>2026-04-01T19:19:58.000Z</time>
      </trkpt>
      <trkpt lat="40.66566" lon="-73.966354">
        <ele>32</ele>
        <time>2026-04-01T19:19:59.000Z</time>
      </trkpt>
      <trkpt lat="40.665719" lon="-73.966388">
        <ele>32.2</ele>
        <time>2026-04-01T19:20:00.000Z</time>
      </trkpt>
      <trkpt lat="40.665777" lon="-73.966425">
        <ele>32.2</ele>
        <time>2026-04-01T19:20:01.000Z</time>
      </trkpt>
      <trkpt lat="40.665832" lon="-73.966465">
        <ele>32.2</ele>
        <time>2026-04-01T19:20:02.000Z</time>
      </trkpt>
      <trkpt lat="40.665883" lon="-73.966511">
        <ele>32.4</ele>
        <time>2026-04-01T19:20:03.000Z</time>
      </trkpt>
      <trkpt lat="40.665932" lon="-73.966557">
        <ele>32.4</ele>
        <time>2026-04-01T19:20:04.000Z</time>
      </trkpt>
      <trkpt lat="40.665979" lon="-73.966604">
        <ele>32.4</ele>
        <time>2026-04-01T19:20:05.000Z</time>
      </trkpt>
      <trkpt lat="40.666024" lon="-73.966652">
        <ele>32.6</ele>
        <time>2026-04-01T19:20:06.000Z</time>
      </trkpt>
      <trkpt lat="40.666069" lon="-73.9667">
        <ele>32.6</ele>
        <time>2026-04-01T19:20:07.000Z</time>
      </trkpt>
      <trkpt lat="40.666113" lon="-73.966749">
        <ele>32.8</ele>
        <time>2026-04-01T19:20:08.000Z</time>
      </trkpt>
      <trkpt lat="40.666154" lon="-73.966797">
        <ele>32.8</ele>
        <time>2026-04-01T19:20:09.000Z</time>
      </trkpt>
      <trkpt lat="40.666192" lon="-73.966846">
        <ele>33</ele>
        <time>2026-04-01T19:20:10.000Z</time>
      </trkpt>
      <trkpt lat="40.666229" lon="-73.966894">
        <ele>33</ele>
        <time>2026-04-01T19:20:11.000Z</time>
      </trkpt>
      <trkpt lat="40.666263" lon="-73.966942">
        <ele>33.2</ele>
        <time>2026-04-01T19:20:12.000Z</time>
      </trkpt>
      <trkpt lat="40.666297" lon="-73.966988">
        <ele>33.4</ele>
        <time>2026-04-01T19:20:13.000Z</time>
      </trkpt>
      <trkpt lat="40.666329" lon="-73.967034">
        <ele>33.4</ele>
        <time>2026-04-01T19:20:14.000Z</time>
      </trkpt>
      <trkpt lat="40.66636" lon="-73.967078">
        <ele>33.6</ele>
        <time>2026-04-01T19:20:15.000Z</time>
      </trkpt>
      <trkpt lat="40.666391" lon="-73.967121">
        <ele>33.8</ele>
        <time>2026-04-01T19:20:16.000Z</time>
      </trkpt>
      <trkpt lat="40.66642" lon="-73.967164">
        <ele>34</ele>
        <time>2026-04-01T19:20:17.000Z</time>
      </trkpt>
      <trkpt lat="40.666447" lon="-73.967208">
        <ele>34.2</ele>
        <time>2026-04-01T19:20:18.000Z</time>
      </trkpt>
      <trkpt lat="40.666474" lon="-73.967253">
        <ele>34.6</ele>
        <time>2026-04-01T19:20:19.000Z</time>
      </trkpt>
      <trkpt lat="40.666499" lon="-73.967298">
        <ele>34.8</ele>
        <time>2026-04-01T19:20:20.000Z</time>
      </trkpt>
      <trkpt lat="40.666525" lon="-73.967343">
        <ele>35</ele>
        <time>2026-04-01T19:20:21.000Z</time>
      </trkpt>
      <trkpt lat="40.666551" lon="-73.967387">
        <ele>35.2</ele>
        <time>2026-04-01T19:20:22.000Z</time>
      </trkpt>
      <trkpt lat="40.666579" lon="-73.967431">
        <ele>35.4</ele>
        <time>2026-04-01T19:20:23.000Z</time>
      </trkpt>
      <trkpt lat="40.666607" lon="-73.967476">
        <ele>35.6</ele>
        <time>2026-04-01T19:20:24.000Z</time>
      </trkpt>
      <trkpt lat="40.666635" lon="-73.967522">
        <ele>35.8</ele>
        <time>2026-04-01T19:20:25.000Z</time>
      </trkpt>
      <trkpt lat="40.666662" lon="-73.967571">
        <ele>36</ele>
        <time>2026-04-01T19:20:26.000Z</time>
      </trkpt>
      <trkpt lat="40.666688" lon="-73.96762">
        <ele>36.2</ele>
        <time>2026-04-01T19:20:27.000Z</time>
      </trkpt>
      <trkpt lat="40.666713" lon="-73.96767">
        <ele>36.4</ele>
        <time>2026-04-01T19:20:28.000Z</time>
      </trkpt>
      <trkpt lat="40.666737" lon="-73.967719">
        <ele>36.4</ele>
        <time>2026-04-01T19:20:29.000Z</time>
      </trkpt>
      <trkpt lat="40.666761" lon="-73.967767">
        <ele>36.6</ele>
        <time>2026-04-01T19:20:30.000Z</time>
      </trkpt>
      <trkpt lat="40.666784" lon="-73.967813">
        <ele>36.8</ele>
        <time>2026-04-01T19:20:31.000Z</time>
      </trkpt>
      <trkpt lat="40.666808" lon="-73.967857">
        <ele>37</ele>
        <time>2026-04-01T19:20:32.000Z</time>
      </trkpt>
      <trkpt lat="40.666831" lon="-73.967901">
        <ele>37.2</ele>
        <time>2026-04-01T19:20:33.000Z</time>
      </trkpt>
      <trkpt lat="40.666856" lon="-73.967945">
        <ele>37.4</ele>
        <time>2026-04-01T19:20:34.000Z</time>
      </trkpt>
      <trkpt lat="40.666882" lon="-73.967988">
        <ele>37.6</ele>
        <time>2026-04-01T19:20:35.000Z</time>
      </trkpt>
      <trkpt lat="40.666905" lon="-73.96803">
        <ele>37.8</ele>
        <time>2026-04-01T19:20:36.000Z</time>
      </trkpt>
      <trkpt lat="40.666927" lon="-73.968071">
        <ele>38</ele>
        <time>2026-04-01T19:20:37.000Z</time>
      </trkpt>
      <trkpt lat="40.666949" lon="-73.968113">
        <ele>38.2</ele>
        <time>2026-04-01T19:20:38.000Z</time>
      </trkpt>
      <trkpt lat="40.666971" lon="-73.968156">
        <ele>38.4</ele>
        <time>2026-04-01T19:20:39.000Z</time>
      </trkpt>
      <trkpt lat="40.666994" lon="-73.9682">
        <ele>38.6</ele>
        <time>2026-04-01T19:20:40.000Z</time>
      </trkpt>
      <trkpt lat="40.667019" lon="-73.968245">
        <ele>38.8</ele>
        <time>2026-04-01T19:20:41.000Z</time>
      </trkpt>
      <trkpt lat="40.667044" lon="-73.96829">
        <ele>39</ele>
        <time>2026-04-01T19:20:42.000Z</time>
      </trkpt>
      <trkpt lat="40.667072" lon="-73.968336">
        <ele>39.2</ele>
        <time>2026-04-01T19:20:43.000Z</time>
      </trkpt>
      <trkpt lat="40.667101" lon="-73.968381">
        <ele>39.4</ele>
        <time>2026-04-01T19:20:44.000Z</time>
      </trkpt>
      <trkpt lat="40.667132" lon="-73.968424">
        <ele>39.6</ele>
        <time>2026-04-01T19:20:45.000Z</time>
      </trkpt>
      <trkpt lat="40.667163" lon="-73.968465">
        <ele>39.6</ele>
        <time>2026-04-01T19:20:46.000Z</time>
      </trkpt>
      <trkpt lat="40.667196" lon="-73.968503">
        <ele>39.8</ele>
        <time>2026-04-01T19:20:47.000Z</time>
      </trkpt>
      <trkpt lat="40.66723" lon="-73.968538">
        <ele>40</ele>
        <time>2026-04-01T19:20:48.000Z</time>
      </trkpt>
      <trkpt lat="40.667264" lon="-73.968569">
        <ele>40</ele>
        <time>2026-04-01T19:20:49.000Z</time>
      </trkpt>
      <trkpt lat="40.6673" lon="-73.968598">
        <ele>40.2</ele>
        <time>2026-04-01T19:20:50.000Z</time>
      </trkpt>
      <trkpt lat="40.667336" lon="-73.968625">
        <ele>40.4</ele>
        <time>2026-04-01T19:20:51.000Z</time>
      </trkpt>
      <trkpt lat="40.667372" lon="-73.968649">
        <ele>40.4</ele>
        <time>2026-04-01T19:20:52.000Z</time>
      </trkpt>
      <trkpt lat="40.667409" lon="-73.968669">
        <ele>40.6</ele>
        <time>2026-04-01T19:20:53.000Z</time>
      </trkpt>
      <trkpt lat="40.667447" lon="-73.968687">
        <ele>40.8</ele>
        <time>2026-04-01T19:20:54.000Z</time>
      </trkpt>
      <trkpt lat="40.667484" lon="-73.968702">
        <ele>40.8</ele>
        <time>2026-04-01T19:20:55.000Z</time>
      </trkpt>
      <trkpt lat="40.667521" lon="-73.968715">
        <ele>41</ele>
        <time>2026-04-01T19:20:56.000Z</time>
      </trkpt>
      <trkpt lat="40.667558" lon="-73.968725">
        <ele>41.2</ele>
        <time>2026-04-01T19:20:57.000Z</time>
      </trkpt>
      <trkpt lat="40.667595" lon="-73.968734">
        <ele>41.2</ele>
        <time>2026-04-01T19:20:58.000Z</time>
      </trkpt>
      <trkpt lat="40.667633" lon="-73.96874">
        <ele>41.4</ele>
        <time>2026-04-01T19:20:59.000Z</time>
      </trkpt>
      <trkpt lat="40.667671" lon="-73.968745">
        <ele>41.6</ele>
        <time>2026-04-01T19:21:00.000Z</time>
      </trkpt>
      <trkpt lat="40.66771" lon="-73.96875">
        <ele>41.6</ele>
        <time>2026-04-01T19:21:01.000Z</time>
      </trkpt>
      <trkpt lat="40.667749" lon="-73.968756">
        <ele>41.8</ele>
        <time>2026-04-01T19:21:02.000Z</time>
      </trkpt>
      <trkpt lat="40.667789" lon="-73.968761">
        <ele>41.8</ele>
        <time>2026-04-01T19:21:03.000Z</time>
      </trkpt>
      <trkpt lat="40.667828" lon="-73.968766">
        <ele>42</ele>
        <time>2026-04-01T19:21:04.000Z</time>
      </trkpt>
      <trkpt lat="40.667867" lon="-73.968769">
        <ele>42</ele>
        <time>2026-04-01T19:21:05.000Z</time>
      </trkpt>
      <trkpt lat="40.667906" lon="-73.968771">
        <ele>42.2</ele>
        <time>2026-04-01T19:21:06.000Z</time>
      </trkpt>
      <trkpt lat="40.667945" lon="-73.968772">
        <ele>42.4</ele>
        <time>2026-04-01T19:21:07.000Z</time>
      </trkpt>
      <trkpt lat="40.667985" lon="-73.968772">
        <ele>42.4</ele>
        <time>2026-04-01T19:21:08.000Z</time>
      </trkpt>
      <trkpt lat="40.668024" lon="-73.968773">
        <ele>42.6</ele>
        <time>2026-04-01T19:21:09.000Z</time>
      </trkpt>
      <trkpt lat="40.668063" lon="-73.968776">
        <ele>42.8</ele>
        <time>2026-04-01T19:21:10.000Z</time>
      </trkpt>
      <trkpt lat="40.668103" lon="-73.968782">
        <ele>43</ele>
        <time>2026-04-01T19:21:11.000Z</time>
      </trkpt>
      <trkpt lat="40.668143" lon="-73.96879">
        <ele>43</ele>
        <time>2026-04-01T19:21:12.000Z</time>
      </trkpt>
      <trkpt lat="40.668184" lon="-73.968799">
        <ele>43.2</ele>
        <time>2026-04-01T19:21:13.000Z</time>
      </trkpt>
      <trkpt lat="40.668226" lon="-73.96881">
        <ele>43.4</ele>
        <time>2026-04-01T19:21:14.000Z</time>
      </trkpt>
      <trkpt lat="40.668267" lon="-73.968823">
        <ele>43.6</ele>
        <time>2026-04-01T19:21:15.000Z</time>
      </trkpt>
      <trkpt lat="40.668308" lon="-73.968838">
        <ele>43.6</ele>
        <time>2026-04-01T19:21:16.000Z</time>
      </trkpt>
      <trkpt lat="40.668348" lon="-73.968856">
        <ele>43.8</ele>
        <time>2026-04-01T19:21:17.000Z</time>
      </trkpt>
      <trkpt lat="40.668386" lon="-73.968876">
        <ele>44</ele>
        <time>2026-04-01T19:21:18.000Z</time>
      </trkpt>
      <trkpt lat="40.668423" lon="-73.968897">
        <ele>44.2</ele>
        <time>2026-04-01T19:21:19.000Z</time>
      </trkpt>
      <trkpt lat="40.66846" lon="-73.968918">
        <ele>44.4</ele>
        <time>2026-04-01T19:21:20.000Z</time>
      </trkpt>
      <trkpt lat="40.668498" lon="-73.96894">
        <ele>44.6</ele>
        <time>2026-04-01T19:21:21.000Z</time>
      </trkpt>
      <trkpt lat="40.668536" lon="-73.968962">
        <ele>44.8</ele>
        <time>2026-04-01T19:21:22.000Z</time>
      </trkpt>
      <trkpt lat="40.668576" lon="-73.968985">
        <ele>45</ele>
        <time>2026-04-01T19:21:23.000Z</time>
      </trkpt>
      <trkpt lat="40.668616" lon="-73.969008">
        <ele>45.2</ele>
        <time>2026-04-01T19:21:24.000Z</time>
      </trkpt>
      <trkpt lat="40.668655" lon="-73.96903">
        <ele>45.4</ele>
        <time>2026-04-01T19:21:25.000Z</time>
      </trkpt>
      <trkpt lat="40.668696" lon="-73.969052">
        <ele>45.4</ele>
        <time>2026-04-01T19:21:26.000Z</time>
      </trkpt>
      <trkpt lat="40.668736" lon="-73.969071">
        <ele>45.6</ele>
        <time>2026-04-01T19:21:27.000Z</time>
      </trkpt>
      <trkpt lat="40.668777" lon="-73.969089">
        <ele>45.8</ele>
        <time>2026-04-01T19:21:28.000Z</time>
      </trkpt>
      <trkpt lat="40.668816" lon="-73.969103">
        <ele>46</ele>
        <time>2026-04-01T19:21:29.000Z</time>
      </trkpt>
      <trkpt lat="40.668856" lon="-73.969114">
        <ele>46.2</ele>
        <time>2026-04-01T19:21:30.000Z</time>
      </trkpt>
      <trkpt lat="40.668897" lon="-73.96912">
        <ele>46.4</ele>
        <time>2026-04-01T19:21:31.000Z</time>
      </trkpt>
      <trkpt lat="40.668937" lon="-73.969123">
        <ele>46.4</ele>
        <time>2026-04-01T19:21:32.000Z</time>
      </trkpt>
      <trkpt lat="40.668978" lon="-73.969125">
        <ele>46.6</ele>
        <time>2026-04-01T19:21:33.000Z</time>
      </trkpt>
      <trkpt lat="40.669017" lon="-73.969124">
        <ele>46.8</ele>
        <time>2026-04-01T19:21:34.000Z</time>
      </trkpt>
      <trkpt lat="40.669057" lon="-73.969122">
        <ele>47</ele>
        <time>2026-04-01T19:21:35.000Z</time>
      </trkpt>
      <trkpt lat="40.669096" lon="-73.969117">
        <ele>47</ele>
        <time>2026-04-01T19:21:36.000Z</time>
      </trkpt>
      <trkpt lat="40.669135" lon="-73.969109">
        <ele>47.2</ele>
        <time>2026-04-01T19:21:37.000Z</time>
      </trkpt>
      <trkpt lat="40.669174" lon="-73.969098">
        <ele>47.4</ele>
        <time>2026-04-01T19:21:38.000Z</time>
      </trkpt>
      <trkpt lat="40.669213" lon="-73.969084">
        <ele>47.4</ele>
        <time>2026-04-01T19:21:39.000Z</time>
      </trkpt>
      <trkpt lat="40.669251" lon="-73.969069">
        <ele>47.6</ele>
        <time>2026-04-01T19:21:40.000Z</time>
      </trkpt>
      <trkpt lat="40.669289" lon="-73.969054">
        <ele>47.8</ele>
        <time>2026-04-01T19:21:41.000Z</time>
      </trkpt>
      <trkpt lat="40.669328" lon="-73.969038">
        <ele>47.8</ele>
        <time>2026-04-01T19:21:42.000Z</time>
      </trkpt>
      <trkpt lat="40.669366" lon="-73.969022">
        <ele>48</ele>
        <time>2026-04-01T19:21:43.000Z</time>
      </trkpt>
      <trkpt lat="40.669405" lon="-73.969004">
        <ele>48.2</ele>
        <time>2026-04-01T19:21:44.000Z</time>
      </trkpt>
      <trkpt lat="40.669444" lon="-73.968985">
        <ele>48.4</ele>
        <time>2026-04-01T19:21:45.000Z</time>
      </trkpt>
      <trkpt lat="40.669482" lon="-73.968964">
        <ele>48.4</ele>
        <time>2026-04-01T19:21:46.000Z</time>
      </trkpt>
      <trkpt lat="40.66952" lon="-73.968941">
        <ele>48.6</ele>
        <time>2026-04-01T19:21:47.000Z</time>
      </trkpt>
      <trkpt lat="40.669558" lon="-73.968916">
        <ele>48.8</ele>
        <time>2026-04-01T19:21:48.000Z</time>
      </trkpt>
      <trkpt lat="40.669595" lon="-73.968892">
        <ele>48.8</ele>
        <time>2026-04-01T19:21:49.000Z</time>
      </trkpt>
      <trkpt lat="40.669631" lon="-73.968867">
        <ele>49</ele>
        <time>2026-04-01T19:21:50.000Z</time>
      </trkpt>
      <trkpt lat="40.669667" lon="-73.968841">
        <ele>49.2</ele>
        <time>2026-04-01T19:21:51.000Z</time>
      </trkpt>
      <trkpt lat="40.669703" lon="-73.968816">
        <ele>49.2</ele>
        <time>2026-04-01T19:21:52.000Z</time>
      </trkpt>
      <trkpt lat="40.669739" lon="-73.968791">
        <ele>49.4</ele>
        <time>2026-04-01T19:21:53.000Z</time>
      </trkpt>
      <trkpt lat="40.669775" lon="-73.968767">
        <ele>49.6</ele>
        <time>2026-04-01T19:21:54.000Z</time>
      </trkpt>
      <trkpt lat="40.669811" lon="-73.968743">
        <ele>49.6</ele>
        <time>2026-04-01T19:21:55.000Z</time>
      </trkpt>
      <trkpt lat="40.669848" lon="-73.968721">
        <ele>49.8</ele>
        <time>2026-04-01T19:21:56.000Z</time>
      </trkpt>
      <trkpt lat="40.669885" lon="-73.968699">
        <ele>49.8</ele>
        <time>2026-04-01T19:21:57.000Z</time>
      </trkpt>
      <trkpt lat="40.669923" lon="-73.968678">
        <ele>50</ele>
        <time>2026-04-01T19:21:58.000Z</time>
      </trkpt>
      <trkpt lat="40.669961" lon="-73.968658">
        <ele>50</ele>
        <time>2026-04-01T19:21:59.000Z</time>
      </trkpt>
      <trkpt lat="40.669999" lon="-73.968639">
        <ele>50.2</ele>
        <time>2026-04-01T19:22:00.000Z</time>
      </trkpt>
      <trkpt lat="40.670037" lon="-73.968621">
        <ele>50.2</ele>
        <time>2026-04-01T19:22:01.000Z</time>
      </trkpt>
      <trkpt lat="40.670076" lon="-73.968605">
        <ele>50.2</ele>
        <time>2026-04-01T19:22:02.000Z</time>
      </trkpt>
      <trkpt lat="40.670115" lon="-73.968592">
        <ele>50.4</ele>
        <time>2026-04-01T19:22:03.000Z</time>
      </trkpt>
      <trkpt lat="40.670154" lon="-73.968581">
        <ele>50.4</ele>
        <time>2026-04-01T19:22:04.000Z</time>
      </trkpt>
      <trkpt lat="40.670193" lon="-73.968572">
        <ele>50.6</ele>
        <time>2026-04-01T19:22:05.000Z</time>
      </trkpt>
      <trkpt lat="40.670233" lon="-73.968566">
        <ele>50.8</ele>
        <time>2026-04-01T19:22:06.000Z</time>
      </trkpt>
      <trkpt lat="40.670272" lon="-73.968562">
        <ele>50.8</ele>
        <time>2026-04-01T19:22:07.000Z</time>
      </trkpt>
      <trkpt lat="40.670311" lon="-73.96856">
        <ele>51</ele>
        <time>2026-04-01T19:22:08.000Z</time>
      </trkpt>
      <trkpt lat="40.670351" lon="-73.96856">
        <ele>51</ele>
        <time>2026-04-01T19:22:09.000Z</time>
      </trkpt>
      <trkpt lat="40.670391" lon="-73.968563">
        <ele>51.2</ele>
        <time>2026-04-01T19:22:10.000Z</time>
      </trkpt>
      <trkpt lat="40.670432" lon="-73.968569">
        <ele>51.2</ele>
        <time>2026-04-01T19:22:11.000Z</time>
      </trkpt>
      <trkpt lat="40.670473" lon="-73.968579">
        <ele>51.4</ele>
        <time>2026-04-01T19:22:12.000Z</time>
      </trkpt>
      <trkpt lat="40.670515" lon="-73.968593">
        <ele>51.4</ele>
        <time>2026-04-01T19:22:13.000Z</time>
      </trkpt>
      <trkpt lat="40.670557" lon="-73.968609">
        <ele>51.4</ele>
        <time>2026-04-01T19:22:14.000Z</time>
      </trkpt>
      <trkpt lat="40.670598" lon="-73.968626">
        <ele>51.6</ele>
        <time>2026-04-01T19:22:15.000Z</time>
      </trkpt>
      <trkpt lat="40.670638" lon="-73.968644">
        <ele>51.6</ele>
        <time>2026-04-01T19:22:16.000Z</time>
      </trkpt>
      <trkpt lat="40.670677" lon="-73.968664">
        <ele>51.6</ele>
        <time>2026-04-01T19:22:17.000Z</time>
      </trkpt>
      <trkpt lat="40.670714" lon="-73.968687">
        <ele>51.6</ele>
        <time>2026-04-01T19:22:18.000Z</time>
      </trkpt>
      <trkpt lat="40.67075" lon="-73.968712">
        <ele>51.6</ele>
        <time>2026-04-01T19:22:19.000Z</time>
      </trkpt>
      <trkpt lat="40.670785" lon="-73.96874">
        <ele>51.6</ele>
        <time>2026-04-01T19:22:20.000Z</time>
      </trkpt>
      <trkpt lat="40.67082" lon="-73.968769">
        <ele>51.6</ele>
        <time>2026-04-01T19:22:21.000Z</time>
      </trkpt>
      <trkpt lat="40.670854" lon="-73.968802">
        <ele>51.6</ele>
        <time>2026-04-01T19:22:22.000Z</time>
      </trkpt>
      <trkpt lat="40.670887" lon="-73.968837">
        <ele>51.6</ele>
        <time>2026-04-01T19:22:23.000Z</time>
      </trkpt>
      <trkpt lat="40.67092" lon="-73.968877">
        <ele>51.4</ele>
        <time>2026-04-01T19:22:24.000Z</time>
      </trkpt>
      <trkpt lat="40.670952" lon="-73.968922">
        <ele>51.4</ele>
        <time>2026-04-01T19:22:25.000Z</time>
      </trkpt>
      <trkpt lat="40.670985" lon="-73.968971">
        <ele>51.4</ele>
        <time>2026-04-01T19:22:26.000Z</time>
      </trkpt>
      <trkpt lat="40.671017" lon="-73.969023">
        <ele>51.2</ele>
        <time>2026-04-01T19:22:27.000Z</time>
      </trkpt>
      <trkpt lat="40.671048" lon="-73.96908">
        <ele>51</ele>
        <time>2026-04-01T19:22:28.000Z</time>
      </trkpt>
      <trkpt lat="40.671077" lon="-73.969141">
        <ele>51</ele>
        <time>2026-04-01T19:22:29.000Z</time>
      </trkpt>
      <trkpt lat="40.671103" lon="-73.969206">
        <ele>50.8</ele>
        <time>2026-04-01T19:22:30.000Z</time>
      </trkpt>
      <trkpt lat="40.671127" lon="-73.969274">
        <ele>50.8</ele>
        <time>2026-04-01T19:22:31.000Z</time>
      </trkpt>
      <trkpt lat="40.671147" lon="-73.969344">
        <ele>50.6</ele>
        <time>2026-04-01T19:22:32.000Z</time>
      </trkpt>
      <trkpt lat="40.671166" lon="-73.969416">
        <ele>50.4</ele>
        <time>2026-04-01T19:22:33.000Z</time>
      </trkpt>
      <trkpt lat="40.671183" lon="-73.96949">
        <ele>50.4</ele>
        <time>2026-04-01T19:22:34.000Z</time>
      </trkpt>
      <trkpt lat="40.671194" lon="-73.96957">
        <ele>50.2</ele>
        <time>2026-04-01T19:22:35.000Z</time>
      </trkpt>
      <trkpt lat="40.671196" lon="-73.969655">
        <ele>50.2</ele>
        <time>2026-04-01T19:22:36.000Z</time>
      </trkpt>
      <trkpt lat="40.671191" lon="-73.96974">
        <ele>50.2</ele>
        <time>2026-04-01T19:22:37.000Z</time>
      </trkpt>
      <trkpt lat="40.671181" lon="-73.969824">
        <ele>50</ele>
        <time>2026-04-01T19:22:38.000Z</time>
      </trkpt>
      <trkpt lat="40.67117" lon="-73.969905">
        <ele>50</ele>
        <time>2026-04-01T19:22:39.000Z</time>
      </trkpt>
      <trkpt lat="40.671155" lon="-73.969985">
        <ele>49.8</ele>
        <time>2026-04-01T19:22:40.000Z</time>
      </trkpt>
      <trkpt lat="40.671135" lon="-73.970061">
        <ele>49.8</ele>
        <time>2026-04-01T19:22:41.000Z</time>
      </trkpt>
      <trkpt lat="40.671113" lon="-73.970133">
        <ele>49.8</ele>
        <time>2026-04-01T19:22:42.000Z</time>
      </trkpt>
      <trkpt lat="40.671091" lon="-73.970204">
        <ele>49.8</ele>
        <time>2026-04-01T19:22:43.000Z</time>
      </trkpt>
      <trkpt lat="40.671068" lon="-73.970271">
        <ele>49.6</ele>
        <time>2026-04-01T19:22:44.000Z</time>
      </trkpt>
      <trkpt lat="40.671042" lon="-73.970335">
        <ele>49.6</ele>
        <time>2026-04-01T19:22:45.000Z</time>
      </trkpt>
      <trkpt lat="40.671012" lon="-73.970394">
        <ele>49.6</ele>
        <time>2026-04-01T19:22:46.000Z</time>
      </trkpt>
      <trkpt lat="40.670978" lon="-73.970449">
        <ele>49.6</ele>
        <time>2026-04-01T19:22:47.000Z</time>
      </trkpt>
      <trkpt lat="40.670941" lon="-73.970501">
        <ele>49.8</ele>
        <time>2026-04-01T19:22:48.000Z</time>
      </trkpt>
      <trkpt lat="40.670901" lon="-73.970549">
        <ele>49.8</ele>
        <time>2026-04-01T19:22:49.000Z</time>
      </trkpt>
      <trkpt lat="40.670859" lon="-73.970595">
        <ele>49.8</ele>
        <time>2026-04-01T19:22:50.000Z</time>
      </trkpt>
      <trkpt lat="40.670814" lon="-73.970637">
        <ele>49.8</ele>
        <time>2026-04-01T19:22:51.000Z</time>
      </trkpt>
      <trkpt lat="40.670767" lon="-73.970676">
        <ele>50</ele>
        <time>2026-04-01T19:22:52.000Z</time>
      </trkpt>
      <trkpt lat="40.670719" lon="-73.970713">
        <ele>50</ele>
        <time>2026-04-01T19:22:53.000Z</time>
      </trkpt>
      <trkpt lat="40.670668" lon="-73.970749">
        <ele>50.2</ele>
        <time>2026-04-01T19:22:54.000Z</time>
      </trkpt>
      <trkpt lat="40.670617" lon="-73.970783">
        <ele>50.2</ele>
        <time>2026-04-01T19:22:55.000Z</time>
      </trkpt>
      <trkpt lat="40.670564" lon="-73.970818">
        <ele>50.2</ele>
        <time>2026-04-01T19:22:56.000Z</time>
      </trkpt>
      <trkpt lat="40.67051" lon="-73.970852">
        <ele>50.4</ele>
        <time>2026-04-01T19:22:57.000Z</time>
      </trkpt>
      <trkpt lat="40.670454" lon="-73.970887">
        <ele>50.4</ele>
        <time>2026-04-01T19:22:58.000Z</time>
      </trkpt>
      <trkpt lat="40.670396" lon="-73.970921">
        <ele>50.4</ele>
        <time>2026-04-01T19:22:59.000Z</time>
      </trkpt>
      <trkpt lat="40.670337" lon="-73.970956">
        <ele>50.6</ele>
        <time>2026-04-01T19:23:00.000Z</time>
      </trkpt>
      <trkpt lat="40.670278" lon="-73.970993">
        <ele>50.6</ele>
        <time>2026-04-01T19:23:01.000Z</time>
      </trkpt>
      <trkpt lat="40.670219" lon="-73.971031">
        <ele>50.6</ele>
        <time>2026-04-01T19:23:02.000Z</time>
      </trkpt>
      <trkpt lat="40.670159" lon="-73.971071">
        <ele>50.6</ele>
        <time>2026-04-01T19:23:03.000Z</time>
      </trkpt>
      <trkpt lat="40.670099" lon="-73.971114">
        <ele>50.6</ele>
        <time>2026-04-01T19:23:04.000Z</time>
      </trkpt>
      <trkpt lat="40.670039" lon="-73.971163">
        <ele>50.6</ele>
        <time>2026-04-01T19:23:05.000Z</time>
      </trkpt>
      <trkpt lat="40.669978" lon="-73.971215">
        <ele>50.6</ele>
        <time>2026-04-01T19:23:06.000Z</time>
      </trkpt>
      <trkpt lat="40.669919" lon="-73.971271">
        <ele>50.4</ele>
        <time>2026-04-01T19:23:07.000Z</time>
      </trkpt>
      <trkpt lat="40.669861" lon="-73.97133">
        <ele>50.4</ele>
        <time>2026-04-01T19:23:08.000Z</time>
      </trkpt>
      <trkpt lat="40.669804" lon="-73.971394">
        <ele>50.2</ele>
        <time>2026-04-01T19:23:09.000Z</time>
      </trkpt>
      <trkpt lat="40.669748" lon="-73.971459">
        <ele>50.2</ele>
        <time>2026-04-01T19:23:10.000Z</time>
      </trkpt>
      <trkpt lat="40.669691" lon="-73.971526">
        <ele>50</ele>
        <time>2026-04-01T19:23:11.000Z</time>
      </trkpt>
      <trkpt lat="40.669632" lon="-73.971594">
        <ele>49.8</ele>
        <time>2026-04-01T19:23:12.000Z</time>
      </trkpt>
      <trkpt lat="40.669573" lon="-73.971661">
        <ele>49.6</ele>
        <time>2026-04-01T19:23:13.000Z</time>
      </trkpt>
      <trkpt lat="40.669511" lon="-73.971727">
        <ele>49.4</ele>
        <time>2026-04-01T19:23:14.000Z</time>
      </trkpt>
      <trkpt lat="40.669448" lon="-73.971792">
        <ele>49.2</ele>
        <time>2026-04-01T19:23:15.000Z</time>
      </trkpt>
      <trkpt lat="40.669383" lon="-73.971855">
        <ele>49</ele>
        <time>2026-04-01T19:23:16.000Z</time>
      </trkpt>
      <trkpt lat="40.669316" lon="-73.971913">
        <ele>48.8</ele>
        <time>2026-04-01T19:23:17.000Z</time>
      </trkpt>
      <trkpt lat="40.669246" lon="-73.971966">
        <ele>48.6</ele>
        <time>2026-04-01T19:23:18.000Z</time>
      </trkpt>
      <trkpt lat="40.669173" lon="-73.972012">
        <ele>48.4</ele>
        <time>2026-04-01T19:23:19.000Z</time>
      </trkpt>
      <trkpt lat="40.669099" lon="-73.972052">
        <ele>48.4</ele>
        <time>2026-04-01T19:23:20.000Z</time>
      </trkpt>
      <trkpt lat="40.669024" lon="-73.972087">
        <ele>48.2</ele>
        <time>2026-04-01T19:23:21.000Z</time>
      </trkpt>
      <trkpt lat="40.66895" lon="-73.972119">
        <ele>48</ele>
        <time>2026-04-01T19:23:22.000Z</time>
      </trkpt>
      <trkpt lat="40.668878" lon="-73.97215">
        <ele>48</ele>
        <time>2026-04-01T19:23:23.000Z</time>
      </trkpt>
      <trkpt lat="40.668806" lon="-73.972177">
        <ele>47.8</ele>
        <time>2026-04-01T19:23:24.000Z</time>
      </trkpt>
      <trkpt lat="40.668737" lon="-73.9722">
        <ele>47.8</ele>
        <time>2026-04-01T19:23:25.000Z</time>
      </trkpt>
      <trkpt lat="40.668668" lon="-73.97222">
        <ele>47.8</ele>
        <time>2026-04-01T19:23:26.000Z</time>
      </trkpt>
      <trkpt lat="40.668602" lon="-73.97224">
        <ele>47.8</ele>
        <time>2026-04-01T19:23:27.000Z</time>
      </trkpt>
      <trkpt lat="40.668538" lon="-73.972258">
        <ele>47.8</ele>
        <time>2026-04-01T19:23:28.000Z</time>
      </trkpt>
      <trkpt lat="40.668473" lon="-73.972274">
        <ele>47.8</ele>
        <time>2026-04-01T19:23:29.000Z</time>
      </trkpt>
      <trkpt lat="40.668409" lon="-73.972288">
        <ele>47.8</ele>
        <time>2026-04-01T19:23:30.000Z</time>
      </trkpt>
      <trkpt lat="40.668345" lon="-73.972302">
        <ele>47.8</ele>
        <time>2026-04-01T19:23:31.000Z</time>
      </trkpt>
      <trkpt lat="40.66828" lon="-73.972315">
        <ele>47.8</ele>
        <time>2026-04-01T19:23:32.000Z</time>
      </trkpt>
      <trkpt lat="40.668211" lon="-73.972326">
        <ele>47.8</ele>
        <time>2026-04-01T19:23:33.000Z</time>
      </trkpt>
      <trkpt lat="40.668142" lon="-73.972335">
        <ele>47.8</ele>
        <time>2026-04-01T19:23:34.000Z</time>
      </trkpt>
      <trkpt lat="40.668073" lon="-73.972342">
        <ele>47.8</ele>
        <time>2026-04-01T19:23:35.000Z</time>
      </trkpt>
      <trkpt lat="40.668003" lon="-73.972348">
        <ele>47.8</ele>
        <time>2026-04-01T19:23:36.000Z</time>
      </trkpt>
      <trkpt lat="40.667934" lon="-73.972351">
        <ele>47.8</ele>
        <time>2026-04-01T19:23:37.000Z</time>
      </trkpt>
      <trkpt lat="40.667862" lon="-73.972351">
        <ele>47.8</ele>
        <time>2026-04-01T19:23:38.000Z</time>
      </trkpt>
      <trkpt lat="40.66779" lon="-73.972346">
        <ele>47.8</ele>
        <time>2026-04-01T19:23:39.000Z</time>
      </trkpt>
      <trkpt lat="40.667717" lon="-73.972339">
        <ele>48</ele>
        <time>2026-04-01T19:23:40.000Z</time>
      </trkpt>
      <trkpt lat="40.667643" lon="-73.972333">
        <ele>48</ele>
        <time>2026-04-01T19:23:41.000Z</time>
      </trkpt>
      <trkpt lat="40.667568" lon="-73.972327">
        <ele>48</ele>
        <time>2026-04-01T19:23:42.000Z</time>
      </trkpt>
      <trkpt lat="40.667491" lon="-73.97232">
        <ele>48</ele>
        <time>2026-04-01T19:23:43.000Z</time>
      </trkpt>
      <trkpt lat="40.667413" lon="-73.972309">
        <ele>48.2</ele>
        <time>2026-04-01T19:23:44.000Z</time>
      </trkpt>
      <trkpt lat="40.667333" lon="-73.972297">
        <ele>48.2</ele>
        <time>2026-04-01T19:23:45.000Z</time>
      </trkpt>
      <trkpt lat="40.667254" lon="-73.972283">
        <ele>48.4</ele>
        <time>2026-04-01T19:23:46.000Z</time>
      </trkpt>
      <trkpt lat="40.667174" lon="-73.972268">
        <ele>48.4</ele>
        <time>2026-04-01T19:23:47.000Z</time>
      </trkpt>
      <trkpt lat="40.667095" lon="-73.972251">
        <ele>48.4</ele>
        <time>2026-04-01T19:23:48.000Z</time>
      </trkpt>
      <trkpt lat="40.667015" lon="-73.972235">
        <ele>48.4</ele>
        <time>2026-04-01T19:23:49.000Z</time>
      </trkpt>
      <trkpt lat="40.666933" lon="-73.972219">
        <ele>48.6</ele>
        <time>2026-04-01T19:23:50.000Z</time>
      </trkpt>
      <trkpt lat="40.66685" lon="-73.972205">
        <ele>48.6</ele>
        <time>2026-04-01T19:23:51.000Z</time>
      </trkpt>
      <trkpt lat="40.666767" lon="-73.972197">
        <ele>48.6</ele>
        <time>2026-04-01T19:23:52.000Z</time>
      </trkpt>
      <trkpt lat="40.666683" lon="-73.972196">
        <ele>48.6</ele>
        <time>2026-04-01T19:23:53.000Z</time>
      </trkpt>
      <trkpt lat="40.666602" lon="-73.972203">
        <ele>48.6</ele>
        <time>2026-04-01T19:23:54.000Z</time>
      </trkpt>
      <trkpt lat="40.666521" lon="-73.972213">
        <ele>48.6</ele>
        <time>2026-04-01T19:23:55.000Z</time>
      </trkpt>
      <trkpt lat="40.66644" lon="-73.972224">
        <ele>48.6</ele>
        <time>2026-04-01T19:23:56.000Z</time>
      </trkpt>
      <trkpt lat="40.666362" lon="-73.972236">
        <ele>48.6</ele>
        <time>2026-04-01T19:23:57.000Z</time>
      </trkpt>
      <trkpt lat="40.666286" lon="-73.972252">
        <ele>48.6</ele>
        <time>2026-04-01T19:23:58.000Z</time>
      </trkpt>
      <trkpt lat="40.666213" lon="-73.972275">
        <ele>48.6</ele>
        <time>2026-04-01T19:23:59.000Z</time>
      </trkpt>
      <trkpt lat="40.666141" lon="-73.972305">
        <ele>48.6</ele>
        <time>2026-04-01T19:24:00.000Z</time>
      </trkpt>
      <trkpt lat="40.666072" lon="-73.972339">
        <ele>48.8</ele>
        <time>2026-04-01T19:24:01.000Z</time>
      </trkpt>
      <trkpt lat="40.666003" lon="-73.972377">
        <ele>48.8</ele>
        <time>2026-04-01T19:24:02.000Z</time>
      </trkpt>
      <trkpt lat="40.665934" lon="-73.972419">
        <ele>49</ele>
        <time>2026-04-01T19:24:03.000Z</time>
      </trkpt>
      <trkpt lat="40.665867" lon="-73.972467">
        <ele>49</ele>
        <time>2026-04-01T19:24:04.000Z</time>
      </trkpt>
      <trkpt lat="40.665803" lon="-73.972525">
        <ele>49.2</ele>
        <time>2026-04-01T19:24:05.000Z</time>
      </trkpt>
      <trkpt lat="40.665741" lon="-73.972588">
        <ele>49.4</ele>
        <time>2026-04-01T19:24:06.000Z</time>
      </trkpt>
      <trkpt lat="40.665682" lon="-73.972652">
        <ele>49.4</ele>
        <time>2026-04-01T19:24:07.000Z</time>
      </trkpt>
      <trkpt lat="40.665625" lon="-73.972716">
        <ele>49.6</ele>
        <time>2026-04-01T19:24:08.000Z</time>
      </trkpt>
      <trkpt lat="40.66557" lon="-73.97278">
        <ele>49.6</ele>
        <time>2026-04-01T19:24:09.000Z</time>
      </trkpt>
      <trkpt lat="40.665515" lon="-73.972846">
        <ele>49.6</ele>
        <time>2026-04-01T19:24:10.000Z</time>
      </trkpt>
      <trkpt lat="40.66546" lon="-73.972913">
        <ele>49.6</ele>
        <time>2026-04-01T19:24:11.000Z</time>
      </trkpt>
      <trkpt lat="40.665403" lon="-73.972979">
        <ele>49.8</ele>
        <time>2026-04-01T19:24:12.000Z</time>
      </trkpt>
      <trkpt lat="40.665345" lon="-73.973044">
        <ele>49.8</ele>
        <time>2026-04-01T19:24:13.000Z</time>
      </trkpt>
      <trkpt lat="40.665287" lon="-73.973107">
        <ele>49.8</ele>
        <time>2026-04-01T19:24:14.000Z</time>
      </trkpt>
      <trkpt lat="40.665226" lon="-73.973169">
        <ele>49.8</ele>
        <time>2026-04-01T19:24:15.000Z</time>
      </trkpt>
      <trkpt lat="40.665162" lon="-73.973228">
        <ele>49.8</ele>
        <time>2026-04-01T19:24:16.000Z</time>
      </trkpt>
      <trkpt lat="40.665094" lon="-73.973281">
        <ele>49.8</ele>
        <time>2026-04-01T19:24:17.000Z</time>
      </trkpt>
      <trkpt lat="40.665024" lon="-73.97333">
        <ele>50</ele>
        <time>2026-04-01T19:24:18.000Z</time>
      </trkpt>
      <trkpt lat="40.664951" lon="-73.973378">
        <ele>50</ele>
        <time>2026-04-01T19:24:19.000Z</time>
      </trkpt>
      <trkpt lat="40.664878" lon="-73.973424">
        <ele>50</ele>
        <time>2026-04-01T19:24:20.000Z</time>
      </trkpt>
      <trkpt lat="40.664805" lon="-73.973468">
        <ele>50.2</ele>
        <time>2026-04-01T19:24:21.000Z</time>
      </trkpt>
      <trkpt lat="40.664732" lon="-73.973509">
        <ele>50.2</ele>
        <time>2026-04-01T19:24:22.000Z</time>
      </trkpt>
      <trkpt lat="40.66466" lon="-73.97355">
        <ele>50.2</ele>
        <time>2026-04-01T19:24:23.000Z</time>
      </trkpt>
      <trkpt lat="40.66459" lon="-73.973593">
        <ele>50.2</ele>
        <time>2026-04-01T19:24:24.000Z</time>
      </trkpt>
      <trkpt lat="40.66452" lon="-73.973637">
        <ele>50.2</ele>
        <time>2026-04-01T19:24:25.000Z</time>
      </trkpt>
      <trkpt lat="40.664452" lon="-73.973684">
        <ele>50.2</ele>
        <time>2026-04-01T19:24:26.000Z</time>
      </trkpt>
      <trkpt lat="40.664386" lon="-73.973734">
        <ele>50.2</ele>
        <time>2026-04-01T19:24:27.000Z</time>
      </trkpt>
      <trkpt lat="40.664321" lon="-73.973789">
        <ele>50.2</ele>
        <time>2026-04-01T19:24:28.000Z</time>
      </trkpt>
      <trkpt lat="40.664257" lon="-73.973846">
        <ele>50.2</ele>
        <time>2026-04-01T19:24:29.000Z</time>
      </trkpt>
      <trkpt lat="40.664194" lon="-73.973905">
        <ele>50.2</ele>
        <time>2026-04-01T19:24:30.000Z</time>
      </trkpt>
      <trkpt lat="40.664132" lon="-73.973968">
        <ele>50.2</ele>
        <time>2026-04-01T19:24:31.000Z</time>
      </trkpt>
      <trkpt lat="40.66407" lon="-73.974031">
        <ele>50.2</ele>
        <time>2026-04-01T19:24:32.000Z</time>
      </trkpt>
      <trkpt lat="40.664008" lon="-73.974093">
        <ele>50.2</ele>
        <time>2026-04-01T19:24:33.000Z</time>
      </trkpt>
      <trkpt lat="40.663946" lon="-73.974154">
        <ele>50</ele>
        <time>2026-04-01T19:24:34.000Z</time>
      </trkpt>
      <trkpt lat="40.663885" lon="-73.974215">
        <ele>50</ele>
        <time>2026-04-01T19:24:35.000Z</time>
      </trkpt>
      <trkpt lat="40.663824" lon="-73.974276">
        <ele>50</ele>
        <time>2026-04-01T19:24:36.000Z</time>
      </trkpt>
      <trkpt lat="40.663765" lon="-73.97434">
        <ele>49.8</ele>
        <time>2026-04-01T19:24:37.000Z</time>
      </trkpt>
      <trkpt lat="40.663707" lon="-73.974403">
        <ele>49.8</ele>
        <time>2026-04-01T19:24:38.000Z</time>
      </trkpt>
      <trkpt lat="40.66365" lon="-73.974467">
        <ele>49.8</ele>
        <time>2026-04-01T19:24:39.000Z</time>
      </trkpt>
      <trkpt lat="40.663595" lon="-73.974533">
        <ele>49.8</ele>
        <time>2026-04-01T19:24:40.000Z</time>
      </trkpt>
      <trkpt lat="40.663542" lon="-73.9746">
        <ele>49.6</ele>
        <time>2026-04-01T19:24:41.000Z</time>
      </trkpt>
      <trkpt lat="40.66349" lon="-73.974668">
        <ele>49.6</ele>
        <time>2026-04-01T19:24:42.000Z</time>
      </trkpt>
      <trkpt lat="40.66344" lon="-73.974737">
        <ele>49.6</ele>
        <time>2026-04-01T19:24:43.000Z</time>
      </trkpt>
      <trkpt lat="40.663393" lon="-73.974808">
        <ele>49.6</ele>
        <time>2026-04-01T19:24:44.000Z</time>
      </trkpt>
      <trkpt lat="40.663348" lon="-73.974881">
        <ele>49.6</ele>
        <time>2026-04-01T19:24:45.000Z</time>
      </trkpt>
      <trkpt lat="40.663303" lon="-73.974952">
        <ele>49.6</ele>
        <time>2026-04-01T19:24:46.000Z</time>
      </trkpt>
      <trkpt lat="40.66326" lon="-73.975023">
        <ele>49.6</ele>
        <time>2026-04-01T19:24:47.000Z</time>
      </trkpt>
      <trkpt lat="40.66322" lon="-73.975096">
        <ele>49.6</ele>
        <time>2026-04-01T19:24:48.000Z</time>
      </trkpt>
      <trkpt lat="40.663183" lon="-73.97517">
        <ele>49.6</ele>
        <time>2026-04-01T19:24:49.000Z</time>
      </trkpt>
      <trkpt lat="40.663147" lon="-73.975244">
        <ele>49.6</ele>
        <time>2026-04-01T19:24:50.000Z</time>
      </trkpt>
      <trkpt lat="40.663111" lon="-73.975318">
        <ele>49.6</ele>
        <time>2026-04-01T19:24:51.000Z</time>
      </trkpt>
      <trkpt lat="40.663075" lon="-73.975392">
        <ele>49.6</ele>
        <time>2026-04-01T19:24:52.000Z</time>
      </trkpt>
      <trkpt lat="40.66304" lon="-73.975466">
        <ele>49.6</ele>
        <time>2026-04-01T19:24:53.000Z</time>
      </trkpt>
      <trkpt lat="40.663008" lon="-73.975541">
        <ele>49.8</ele>
        <time>2026-04-01T19:24:54.000Z</time>
      </trkpt>
      <trkpt lat="40.662978" lon="-73.975617">
        <ele>49.8</ele>
        <time>2026-04-01T19:24:55.000Z</time>
      </trkpt>
      <trkpt lat="40.662948" lon="-73.975698">
        <ele>49.8</ele>
        <time>2026-04-01T19:24:56.000Z</time>
      </trkpt>
      <trkpt lat="40.662917" lon="-73.97578">
        <ele>50</ele>
        <time>2026-04-01T19:24:57.000Z</time>
      </trkpt>
      <trkpt lat="40.662887" lon="-73.975859">
        <ele>50</ele>
        <time>2026-04-01T19:24:58.000Z</time>
      </trkpt>
      <trkpt lat="40.662854" lon="-73.975938">
        <ele>50.2</ele>
        <time>2026-04-01T19:24:59.000Z</time>
      </trkpt>
      <trkpt lat="40.662822" lon="-73.976016">
        <ele>50.2</ele>
        <time>2026-04-01T19:25:00.000Z</time>
      </trkpt>
      <trkpt lat="40.66279" lon="-73.976092">
        <ele>50.2</ele>
        <time>2026-04-01T19:25:01.000Z</time>
      </trkpt>
      <trkpt lat="40.662756" lon="-73.976167">
        <ele>50.4</ele>
        <time>2026-04-01T19:25:02.000Z</time>
      </trkpt>
      <trkpt lat="40.66272" lon="-73.97624">
        <ele>50.4</ele>
        <time>2026-04-01T19:25:03.000Z</time>
      </trkpt>
      <trkpt lat="40.662682" lon="-73.976313">
        <ele>50.6</ele>
        <time>2026-04-01T19:25:04.000Z</time>
      </trkpt>
      <trkpt lat="40.662642" lon="-73.976385">
        <ele>50.6</ele>
        <time>2026-04-01T19:25:05.000Z</time>
      </trkpt>
      <trkpt lat="40.662602" lon="-73.976458">
        <ele>50.6</ele>
        <time>2026-04-01T19:25:06.000Z</time>
      </trkpt>
      <trkpt lat="40.662562" lon="-73.976531">
        <ele>50.6</ele>
        <time>2026-04-01T19:25:07.000Z</time>
      </trkpt>
      <trkpt lat="40.662523" lon="-73.976602">
        <ele>50.6</ele>
        <time>2026-04-01T19:25:08.000Z</time>
      </trkpt>
      <trkpt lat="40.662484" lon="-73.97667">
        <ele>50.6</ele>
        <time>2026-04-01T19:25:09.000Z</time>
      </trkpt>
      <trkpt lat="40.662442" lon="-73.97674">
        <ele>50.6</ele>
        <time>2026-04-01T19:25:10.000Z</time>
      </trkpt>
      <trkpt lat="40.662397" lon="-73.97681">
        <ele>50.6</ele>
        <time>2026-04-01T19:25:11.000Z</time>
      </trkpt>
      <trkpt lat="40.662351" lon="-73.976881">
        <ele>50.4</ele>
        <time>2026-04-01T19:25:12.000Z</time>
      </trkpt>
      <trkpt lat="40.6623" lon="-73.976951">
        <ele>50.4</ele>
        <time>2026-04-01T19:25:13.000Z</time>
      </trkpt>
      <trkpt lat="40.662246" lon="-73.977018">
        <ele>50.2</ele>
        <time>2026-04-01T19:25:14.000Z</time>
      </trkpt>
      <trkpt lat="40.662188" lon="-73.977083">
        <ele>50.2</ele>
        <time>2026-04-01T19:25:15.000Z</time>
      </trkpt>
      <trkpt lat="40.662126" lon="-73.977147">
        <ele>50</ele>
        <time>2026-04-01T19:25:16.000Z</time>
      </trkpt>
      <trkpt lat="40.662062" lon="-73.977211">
        <ele>49.8</ele>
        <time>2026-04-01T19:25:17.000Z</time>
      </trkpt>
      <trkpt lat="40.661996" lon="-73.977273">
        <ele>49.6</ele>
        <time>2026-04-01T19:25:18.000Z</time>
      </trkpt>
      <trkpt lat="40.661928" lon="-73.977334">
        <ele>49.4</ele>
        <time>2026-04-01T19:25:19.000Z</time>
      </trkpt>
      <trkpt lat="40.661857" lon="-73.977391">
        <ele>49.2</ele>
        <time>2026-04-01T19:25:20.000Z</time>
      </trkpt>
      <trkpt lat="40.661783" lon="-73.977443">
        <ele>48.8</ele>
        <time>2026-04-01T19:25:21.000Z</time>
      </trkpt>
      <trkpt lat="40.661707" lon="-73.977489">
        <ele>48.6</ele>
        <time>2026-04-01T19:25:22.000Z</time>
      </trkpt>
      <trkpt lat="40.661629" lon="-73.977529">
        <ele>48.4</ele>
        <time>2026-04-01T19:25:23.000Z</time>
      </trkpt>
      <trkpt lat="40.66155" lon="-73.977562">
        <ele>48.2</ele>
        <time>2026-04-01T19:25:24.000Z</time>
      </trkpt>
      <trkpt lat="40.66147" lon="-73.977586">
        <ele>48</ele>
        <time>2026-04-01T19:25:25.000Z</time>
      </trkpt>
      <trkpt lat="40.66139" lon="-73.9776">
        <ele>47.8</ele>
        <time>2026-04-01T19:25:26.000Z</time>
      </trkpt>
      <trkpt lat="40.661311" lon="-73.977602">
        <ele>47.6</ele>
        <time>2026-04-01T19:25:27.000Z</time>
      </trkpt>
      <trkpt lat="40.661233" lon="-73.977596">
        <ele>47.6</ele>
        <time>2026-04-01T19:25:28.000Z</time>
      </trkpt>
      <trkpt lat="40.661155" lon="-73.977585">
        <ele>47.4</ele>
        <time>2026-04-01T19:25:29.000Z</time>
      </trkpt>
      <trkpt lat="40.661079" lon="-73.97757">
        <ele>47.4</ele>
        <time>2026-04-01T19:25:30.000Z</time>
      </trkpt>
      <trkpt lat="40.661006" lon="-73.97755">
        <ele>47.2</ele>
        <time>2026-04-01T19:25:31.000Z</time>
      </trkpt>
      <trkpt lat="40.660934" lon="-73.977524">
        <ele>47.2</ele>
        <time>2026-04-01T19:25:32.000Z</time>
      </trkpt>
      <trkpt lat="40.660864" lon="-73.977491">
        <ele>47.2</ele>
        <time>2026-04-01T19:25:33.000Z</time>
      </trkpt>
      <trkpt lat="40.660796" lon="-73.977452">
        <ele>47.2</ele>
        <time>2026-04-01T19:25:34.000Z</time>
      </trkpt>
      <trkpt lat="40.660731" lon="-73.977407">
        <ele>47.2</ele>
        <time>2026-04-01T19:25:35.000Z</time>
      </trkpt>
      <trkpt lat="40.660671" lon="-73.977353">
        <ele>47.2</ele>
        <time>2026-04-01T19:25:36.000Z</time>
      </trkpt>
      <trkpt lat="40.660614" lon="-73.977293">
        <ele>47.2</ele>
        <time>2026-04-01T19:25:37.000Z</time>
      </trkpt>
      <trkpt lat="40.660557" lon="-73.97723">
        <ele>47.2</ele>
        <time>2026-04-01T19:25:38.000Z</time>
      </trkpt>
      <trkpt lat="40.660502" lon="-73.977164">
        <ele>47.2</ele>
        <time>2026-04-01T19:25:39.000Z</time>
      </trkpt>
      <trkpt lat="40.66045" lon="-73.97709">
        <ele>47.2</ele>
        <time>2026-04-01T19:25:40.000Z</time>
      </trkpt>
      <trkpt lat="40.660402" lon="-73.977011">
        <ele>47.2</ele>
        <time>2026-04-01T19:25:41.000Z</time>
      </trkpt>
      <trkpt lat="40.660356" lon="-73.976928">
        <ele>47.2</ele>
        <time>2026-04-01T19:25:42.000Z</time>
      </trkpt>
      <trkpt lat="40.660314" lon="-73.97684">
        <ele>47.2</ele>
        <time>2026-04-01T19:25:43.000Z</time>
      </trkpt>
      <trkpt lat="40.660276" lon="-73.976747">
        <ele>47.2</ele>
        <time>2026-04-01T19:25:44.000Z</time>
      </trkpt>
      <trkpt lat="40.660242" lon="-73.976651">
        <ele>47</ele>
        <time>2026-04-01T19:25:45.000Z</time>
      </trkpt>
      <trkpt lat="40.660211" lon="-73.976549">
        <ele>47</ele>
        <time>2026-04-01T19:25:46.000Z</time>
      </trkpt>
      <trkpt lat="40.660182" lon="-73.976445">
        <ele>46.8</ele>
        <time>2026-04-01T19:25:47.000Z</time>
      </trkpt>
      <trkpt lat="40.660158" lon="-73.976339">
        <ele>46.8</ele>
        <time>2026-04-01T19:25:48.000Z</time>
      </trkpt>
      <trkpt lat="40.660139" lon="-73.976229">
        <ele>46.6</ele>
        <time>2026-04-01T19:25:49.000Z</time>
      </trkpt>
      <trkpt lat="40.660123" lon="-73.976115">
        <ele>46.4</ele>
        <time>2026-04-01T19:25:50.000Z</time>
      </trkpt>
      <trkpt lat="40.660108" lon="-73.975996">
        <ele>46.2</ele>
        <time>2026-04-01T19:25:51.000Z</time>
      </trkpt>
      <trkpt lat="40.660091" lon="-73.975873">
        <ele>46</ele>
        <time>2026-04-01T19:25:52.000Z</time>
      </trkpt>
      <trkpt lat="40.660067" lon="-73.97575">
        <ele>45.8</ele>
        <time>2026-04-01T19:25:53.000Z</time>
      </trkpt>
      <trkpt lat="40.660034" lon="-73.975629">
        <ele>45.6</ele>
        <time>2026-04-01T19:25:54.000Z</time>
      </trkpt>
      <trkpt lat="40.659991" lon="-73.975512">
        <ele>45.6</ele>
        <time>2026-04-01T19:25:55.000Z</time>
      </trkpt>
      <trkpt lat="40.659941" lon="-73.975397">
        <ele>45.4</ele>
        <time>2026-04-01T19:25:56.000Z</time>
      </trkpt>
      <trkpt lat="40.659884" lon="-73.975286">
        <ele>45.2</ele>
        <time>2026-04-01T19:25:57.000Z</time>
      </trkpt>
      <trkpt lat="40.659821" lon="-73.975179">
        <ele>45.2</ele>
        <time>2026-04-01T19:25:58.000Z</time>
      </trkpt>
      <trkpt lat="40.659751" lon="-73.975076">
        <ele>45</ele>
        <time>2026-04-01T19:25:59.000Z</time>
      </trkpt>
      <trkpt lat="40.659676" lon="-73.974974">
        <ele>45</ele>
        <time>2026-04-01T19:26:00.000Z</time>
      </trkpt>
      <trkpt lat="40.659594" lon="-73.974875">
        <ele>45</ele>
        <time>2026-04-01T19:26:01.000Z</time>
      </trkpt>
      <trkpt lat="40.65951" lon="-73.97478">
        <ele>45</ele>
        <time>2026-04-01T19:26:02.000Z</time>
      </trkpt>
      <trkpt lat="40.659426" lon="-73.974685">
        <ele>45</ele>
        <time>2026-04-01T19:26:03.000Z</time>
      </trkpt>
      <trkpt lat="40.659346" lon="-73.974585">
        <ele>45</ele>
        <time>2026-04-01T19:26:04.000Z</time>
      </trkpt>
      <trkpt lat="40.659273" lon="-73.974477">
        <ele>44.8</ele>
        <time>2026-04-01T19:26:05.000Z</time>
      </trkpt>
      <trkpt lat="40.659208" lon="-73.974361">
        <ele>44.8</ele>
        <time>2026-04-01T19:26:06.000Z</time>
      </trkpt>
      <trkpt lat="40.659151" lon="-73.974238">
        <ele>44.8</ele>
        <time>2026-04-01T19:26:07.000Z</time>
      </trkpt>
      <trkpt lat="40.659098" lon="-73.974112">
        <ele>44.8</ele>
        <time>2026-04-01T19:26:08.000Z</time>
      </trkpt>
      <trkpt lat="40.659042" lon="-73.973987">
        <ele>44.8</ele>
        <time>2026-04-01T19:26:09.000Z</time>
      </trkpt>
      <trkpt lat="40.65898" lon="-73.973867">
        <ele>44.8</ele>
        <time>2026-04-01T19:26:10.000Z</time>
      </trkpt>
      <trkpt lat="40.658914" lon="-73.973751">
        <ele>44.8</ele>
        <time>2026-04-01T19:26:11.000Z</time>
      </trkpt>
      <trkpt lat="40.658841" lon="-73.973638">
        <ele>44.6</ele>
        <time>2026-04-01T19:26:12.000Z</time>
      </trkpt>
      <trkpt lat="40.658763" lon="-73.973533">
        <ele>44.6</ele>
        <time>2026-04-01T19:26:13.000Z</time>
      </trkpt>
      <trkpt lat="40.658678" lon="-73.973437">
        <ele>44.4</ele>
        <time>2026-04-01T19:26:14.000Z</time>
      </trkpt>
      <trkpt lat="40.658587" lon="-73.973349">
        <ele>44.2</ele>
        <time>2026-04-01T19:26:15.000Z</time>
      </trkpt>
      <trkpt lat="40.658494" lon="-73.973269">
        <ele>43.8</ele>
        <time>2026-04-01T19:26:16.000Z</time>
      </trkpt>
      <trkpt lat="40.6584" lon="-73.973201">
        <ele>43.6</ele>
        <time>2026-04-01T19:26:17.000Z</time>
      </trkpt>
      <trkpt lat="40.658294" lon="-73.973148">
        <ele>43.4</ele>
        <time>2026-04-01T19:26:18.000Z</time>
      </trkpt>
      <trkpt lat="40.65818" lon="-73.973107">
        <ele>43</ele>
        <time>2026-04-01T19:26:19.000Z</time>
      </trkpt>
      <trkpt lat="40.658064" lon="-73.973079">
        <ele>42.6</ele>
        <time>2026-04-01T19:26:20.000Z</time>
      </trkpt>
      <trkpt lat="40.657948" lon="-73.973069">
        <ele>42.2</ele>
        <time>2026-04-01T19:26:21.000Z</time>
      </trkpt>
      <trkpt lat="40.657834" lon="-73.973078">
        <ele>42</ele>
        <time>2026-04-01T19:26:22.000Z</time>
      </trkpt>
      <trkpt lat="40.657721" lon="-73.973095">
        <ele>41.6</ele>
        <time>2026-04-01T19:26:23.000Z</time>
      </trkpt>
      <trkpt lat="40.657608" lon="-73.97311">
        <ele>41.2</ele>
        <time>2026-04-01T19:26:24.000Z</time>
      </trkpt>
      <trkpt lat="40.657496" lon="-73.973124">
        <ele>40.8</ele>
        <time>2026-04-01T19:26:25.000Z</time>
      </trkpt>
      <trkpt lat="40.657383" lon="-73.973139">
        <ele>40.4</ele>
        <time>2026-04-01T19:26:26.000Z</time>
      </trkpt>
      <trkpt lat="40.65727" lon="-73.973154">
        <ele>40</ele>
        <time>2026-04-01T19:26:27.000Z</time>
      </trkpt>
      <trkpt lat="40.657156" lon="-73.973165">
        <ele>39.6</ele>
        <time>2026-04-01T19:26:28.000Z</time>
      </trkpt>
      <trkpt lat="40.657042" lon="-73.973174">
        <ele>39.2</ele>
        <time>2026-04-01T19:26:29.000Z</time>
      </trkpt>
      <trkpt lat="40.656927" lon="-73.97318">
        <ele>38.8</ele>
        <time>2026-04-01T19:26:30.000Z</time>
      </trkpt>
      <trkpt lat="40.65681" lon="-73.973183">
        <ele>38.2</ele>
        <time>2026-04-01T19:26:31.000Z</time>
      </trkpt>
      <trkpt lat="40.656692" lon="-73.973182">
        <ele>37.8</ele>
        <time>2026-04-01T19:26:32.000Z</time>
      </trkpt>
      <trkpt lat="40.656573" lon="-73.973173">
        <ele>37.2</ele>
        <time>2026-04-01T19:26:33.000Z</time>
      </trkpt>
      <trkpt lat="40.656452" lon="-73.973156">
        <ele>36.8</ele>
        <time>2026-04-01T19:26:34.000Z</time>
      </trkpt>
      <trkpt lat="40.65633" lon="-73.973126">
        <ele>36.2</ele>
        <time>2026-04-01T19:26:35.000Z</time>
      </trkpt>
      <trkpt lat="40.656208" lon="-73.973079">
        <ele>35.8</ele>
        <time>2026-04-01T19:26:36.000Z</time>
      </trkpt>
      <trkpt lat="40.656088" lon="-73.973014">
        <ele>35.2</ele>
        <time>2026-04-01T19:26:37.000Z</time>
      </trkpt>
      <trkpt lat="40.655974" lon="-73.972936">
        <ele>34.8</ele>
        <time>2026-04-01T19:26:38.000Z</time>
      </trkpt>
      <trkpt lat="40.655863" lon="-73.972849">
        <ele>34.4</ele>
        <time>2026-04-01T19:26:39.000Z</time>
      </trkpt>
      <trkpt lat="40.655758" lon="-73.972751">
        <ele>34</ele>
        <time>2026-04-01T19:26:40.000Z</time>
      </trkpt>
      <trkpt lat="40.655658" lon="-73.972643">
        <ele>33.4</ele>
        <time>2026-04-01T19:26:41.000Z</time>
      </trkpt>
      <trkpt lat="40.655564" lon="-73.972526">
        <ele>33</ele>
        <time>2026-04-01T19:26:42.000Z</time>
      </trkpt>
      <trkpt lat="40.655471" lon="-73.972406">
        <ele>32.6</ele>
        <time>2026-04-01T19:26:43.000Z</time>
      </trkpt>
      <trkpt lat="40.655377" lon="-73.972289">
        <ele>32.2</ele>
        <time>2026-04-01T19:26:44.000Z</time>
      </trkpt>
      <trkpt lat="40.655276" lon="-73.972182">
        <ele>31.6</ele>
        <time>2026-04-01T19:26:45.000Z</time>
      </trkpt>
      <trkpt lat="40.65517" lon="-73.972086">
        <ele>31.2</ele>
        <time>2026-04-01T19:26:46.000Z</time>
      </trkpt>
      <trkpt lat="40.655061" lon="-73.972001">
        <ele>30.8</ele>
        <time>2026-04-01T19:26:47.000Z</time>
      </trkpt>
      <trkpt lat="40.654947" lon="-73.971926">
        <ele>30.4</ele>
        <time>2026-04-01T19:26:48.000Z</time>
      </trkpt>
      <trkpt lat="40.654829" lon="-73.971866">
        <ele>30</ele>
        <time>2026-04-01T19:26:49.000Z</time>
      </trkpt>
      <trkpt lat="40.654706" lon="-73.971828">
        <ele>29.6</ele>
        <time>2026-04-01T19:26:50.000Z</time>
      </trkpt>
      <trkpt lat="40.65458" lon="-73.971812">
        <ele>29.2</ele>
        <time>2026-04-01T19:26:51.000Z</time>
      </trkpt>
      <trkpt lat="40.654454" lon="-73.971806">
        <ele>28.8</ele>
        <time>2026-04-01T19:26:52.000Z</time>
      </trkpt>
      <trkpt lat="40.654329" lon="-73.971806">
        <ele>28.6</ele>
        <time>2026-04-01T19:26:53.000Z</time>
      </trkpt>
      <trkpt lat="40.654206" lon="-73.971818">
        <ele>28.2</ele>
        <time>2026-04-01T19:26:54.000Z</time>
      </trkpt>
      <trkpt lat="40.654084" lon="-73.971845">
        <ele>28</ele>
        <time>2026-04-01T19:26:55.000Z</time>
      </trkpt>
      <trkpt lat="40.653963" lon="-73.971887">
        <ele>27.6</ele>
        <time>2026-04-01T19:26:56.000Z</time>
      </trkpt>
      <trkpt lat="40.653845" lon="-73.971934">
        <ele>27.4</ele>
        <time>2026-04-01T19:26:57.000Z</time>
      </trkpt>
      <trkpt lat="40.653728" lon="-73.971974">
        <ele>27.2</ele>
        <time>2026-04-01T19:26:58.000Z</time>
      </trkpt>
      <trkpt lat="40.653612" lon="-73.972002">
        <ele>27</ele>
        <time>2026-04-01T19:26:59.000Z</time>
      </trkpt>
      <trkpt lat="40.653496" lon="-73.972017">
        <ele>26.8</ele>
        <time>2026-04-01T19:27:00.000Z</time>
      </trkpt>
      <trkpt lat="40.653382" lon="-73.972019">
        <ele>26.6</ele>
        <time>2026-04-01T19:27:01.000Z</time>
      </trkpt>
      <trkpt lat="40.653269" lon="-73.972012">
        <ele>26.4</ele>
        <time>2026-04-01T19:27:02.000Z</time>
      </trkpt>
      <trkpt lat="40.653156" lon="-73.971997">
        <ele>26.2</ele>
        <time>2026-04-01T19:27:03.000Z</time>
      </trkpt>
      <trkpt lat="40.653047" lon="-73.971972">
        <ele>26</ele>
        <time>2026-04-01T19:27:04.000Z</time>
      </trkpt>
      <trkpt lat="40.652939" lon="-73.971939">
        <ele>25.8</ele>
        <time>2026-04-01T19:27:05.000Z</time>
      </trkpt>
      <trkpt lat="40.652836" lon="-73.971897">
        <ele>25.6</ele>
        <time>2026-04-01T19:27:06.000Z</time>
      </trkpt>
      <trkpt lat="40.652736" lon="-73.971844">
        <ele>25.4</ele>
        <time>2026-04-01T19:27:07.000Z</time>
      </trkpt>
      <trkpt lat="40.652639" lon="-73.971783">
        <ele>25.2</ele>
        <time>2026-04-01T19:27:08.000Z</time>
      </trkpt>
      <trkpt lat="40.652546" lon="-73.971715">
        <ele>25</ele>
        <time>2026-04-01T19:27:09.000Z</time>
      </trkpt>
      <trkpt lat="40.652458" lon="-73.97164">
        <ele>24.8</ele>
        <time>2026-04-01T19:27:10.000Z</time>
      </trkpt>
      <trkpt lat="40.652376" lon="-73.971555">
        <ele>24.6</ele>
        <time>2026-04-01T19:27:11.000Z</time>
      </trkpt>
      <trkpt lat="40.652301" lon="-73.971462">
        <ele>24.4</ele>
        <time>2026-04-01T19:27:12.000Z</time>
      </trkpt>
      <trkpt lat="40.652233" lon="-73.971362">
        <ele>24.2</ele>
        <time>2026-04-01T19:27:13.000Z</time>
      </trkpt>
      <trkpt lat="40.652169" lon="-73.971254">
        <ele>24</ele>
        <time>2026-04-01T19:27:14.000Z</time>
      </trkpt>
      <trkpt lat="40.652117" lon="-73.971135">
        <ele>23.8</ele>
        <time>2026-04-01T19:27:15.000Z</time>
      </trkpt>
      <trkpt lat="40.652078" lon="-73.971011">
        <ele>23.6</ele>
        <time>2026-04-01T19:27:16.000Z</time>
      </trkpt>
      <trkpt lat="40.65205" lon="-73.970887">
        <ele>23.4</ele>
        <time>2026-04-01T19:27:17.000Z</time>
      </trkpt>
      <trkpt lat="40.652032" lon="-73.970763">
        <ele>23.4</ele>
        <time>2026-04-01T19:27:18.000Z</time>
      </trkpt>
      <trkpt lat="40.652024" lon="-73.970639">
        <ele>23.2</ele>
        <time>2026-04-01T19:27:19.000Z</time>
      </trkpt>
      <trkpt lat="40.652026" lon="-73.970519">
        <ele>23</ele>
        <time>2026-04-01T19:27:20.000Z</time>
      </trkpt>
      <trkpt lat="40.652034" lon="-73.970402">
        <ele>23</ele>
        <time>2026-04-01T19:27:21.000Z</time>
      </trkpt>
      <trkpt lat="40.652046" lon="-73.970289">
        <ele>22.8</ele>
        <time>2026-04-01T19:27:22.000Z</time>
      </trkpt>
      <trkpt lat="40.652063" lon="-73.970175">
        <ele>22.8</ele>
        <time>2026-04-01T19:27:23.000Z</time>
      </trkpt>
      <trkpt lat="40.652084" lon="-73.970063">
        <ele>22.8</ele>
        <time>2026-04-01T19:27:24.000Z</time>
      </trkpt>
      <trkpt lat="40.652109" lon="-73.969954">
        <ele>22.8</ele>
        <time>2026-04-01T19:27:25.000Z</time>
      </trkpt>
      <trkpt lat="40.65214" lon="-73.96985">
        <ele>22.8</ele>
        <time>2026-04-01T19:27:26.000Z</time>
      </trkpt>
      <trkpt lat="40.652175" lon="-73.969749">
        <ele>22.8</ele>
        <time>2026-04-01T19:27:27.000Z</time>
      </trkpt>
      <trkpt lat="40.652212" lon="-73.969651">
        <ele>23</ele>
        <time>2026-04-01T19:27:28.000Z</time>
      </trkpt>
      <trkpt lat="40.652251" lon="-73.969557">
        <ele>23</ele>
        <time>2026-04-01T19:27:29.000Z</time>
      </trkpt>
      <trkpt lat="40.652293" lon="-73.969467">
        <ele>23</ele>
        <time>2026-04-01T19:27:30.000Z</time>
      </trkpt>
      <trkpt lat="40.652339" lon="-73.96938">
        <ele>23.2</ele>
        <time>2026-04-01T19:27:31.000Z</time>
      </trkpt>
      <trkpt lat="40.652385" lon="-73.969297">
        <ele>23.2</ele>
        <time>2026-04-01T19:27:32.000Z</time>
      </trkpt>
      <trkpt lat="40.652433" lon="-73.969217">
        <ele>23.2</ele>
        <time>2026-04-01T19:27:33.000Z</time>
      </trkpt>
      <trkpt lat="40.652482" lon="-73.969138">
        <ele>23.4</ele>
        <time>2026-04-01T19:27:34.000Z</time>
      </trkpt>
      <trkpt lat="40.652532" lon="-73.969062">
        <ele>23.4</ele>
        <time>2026-04-01T19:27:35.000Z</time>
      </trkpt>
      <trkpt lat="40.652583" lon="-73.968987">
        <ele>23.4</ele>
        <time>2026-04-01T19:27:36.000Z</time>
      </trkpt>
      <trkpt lat="40.652635" lon="-73.968912">
        <ele>23.6</ele>
        <time>2026-04-01T19:27:37.000Z</time>
      </trkpt>
      <trkpt lat="40.652689" lon="-73.968839">
        <ele>23.6</ele>
        <time>2026-04-01T19:27:38.000Z</time>
      </trkpt>
      <trkpt lat="40.652742" lon="-73.968766">
        <ele>23.8</ele>
        <time>2026-04-01T19:27:39.000Z</time>
      </trkpt>
      <trkpt lat="40.652795" lon="-73.968691">
        <ele>23.8</ele>
        <time>2026-04-01T19:27:40.000Z</time>
      </trkpt>
      <trkpt lat="40.652846" lon="-73.968616">
        <ele>24</ele>
        <time>2026-04-01T19:27:41.000Z</time>
      </trkpt>
      <trkpt lat="40.652898" lon="-73.968543">
        <ele>24</ele>
        <time>2026-04-01T19:27:42.000Z</time>
      </trkpt>
      <trkpt lat="40.652952" lon="-73.968472">
        <ele>24</ele>
        <time>2026-04-01T19:27:43.000Z</time>
      </trkpt>
      <trkpt lat="40.653007" lon="-73.968401">
        <ele>24.2</ele>
        <time>2026-04-01T19:27:44.000Z</time>
      </trkpt>
      <trkpt lat="40.653058" lon="-73.968327">
        <ele>24.2</ele>
        <time>2026-04-01T19:27:45.000Z</time>
      </trkpt>
      <trkpt lat="40.653108" lon="-73.968249">
        <ele>24.2</ele>
        <time>2026-04-01T19:27:46.000Z</time>
      </trkpt>
      <trkpt lat="40.653156" lon="-73.968168">
        <ele>24.2</ele>
        <time>2026-04-01T19:27:47.000Z</time>
      </trkpt>
      <trkpt lat="40.653205" lon="-73.968084">
        <ele>24.4</ele>
        <time>2026-04-01T19:27:48.000Z</time>
      </trkpt>
      <trkpt lat="40.653253" lon="-73.967998">
        <ele>24.4</ele>
        <time>2026-04-01T19:27:49.000Z</time>
      </trkpt>
      <trkpt lat="40.653297" lon="-73.967912">
        <ele>24.4</ele>
        <time>2026-04-01T19:27:50.000Z</time>
      </trkpt>
      <trkpt lat="40.65334" lon="-73.967825">
        <ele>24.4</ele>
        <time>2026-04-01T19:27:51.000Z</time>
      </trkpt>
      <trkpt lat="40.653381" lon="-73.967735">
        <ele>24.4</ele>
        <time>2026-04-01T19:27:52.000Z</time>
      </trkpt>
      <trkpt lat="40.653418" lon="-73.967642">
        <ele>24.4</ele>
        <time>2026-04-01T19:27:53.000Z</time>
      </trkpt>
      <trkpt lat="40.653451" lon="-73.967547">
        <ele>24.4</ele>
        <time>2026-04-01T19:27:54.000Z</time>
      </trkpt>
      <trkpt lat="40.653481" lon="-73.967452">
        <ele>24.4</ele>
        <time>2026-04-01T19:27:55.000Z</time>
      </trkpt>
      <trkpt lat="40.653509" lon="-73.967357">
        <ele>24.4</ele>
        <time>2026-04-01T19:27:56.000Z</time>
      </trkpt>
      <trkpt lat="40.653537" lon="-73.967262">
        <ele>24.4</ele>
        <time>2026-04-01T19:27:57.000Z</time>
      </trkpt>
      <trkpt lat="40.653564" lon="-73.967166">
        <ele>24.4</ele>
        <time>2026-04-01T19:27:58.000Z</time>
      </trkpt>
      <trkpt lat="40.653593" lon="-73.967071">
        <ele>24.4</ele>
        <time>2026-04-01T19:27:59.000Z</time>
      </trkpt>
      <trkpt lat="40.653624" lon="-73.966976">
        <ele>24.4</ele>
        <time>2026-04-01T19:28:00.000Z</time>
      </trkpt>
      <trkpt lat="40.653655" lon="-73.96688">
        <ele>24.4</ele>
        <time>2026-04-01T19:28:01.000Z</time>
      </trkpt>
      <trkpt lat="40.653679" lon="-73.966781">
        <ele>24.4</ele>
        <time>2026-04-01T19:28:02.000Z</time>
      </trkpt>
      <trkpt lat="40.653699" lon="-73.966681">
        <ele>24.4</ele>
        <time>2026-04-01T19:28:03.000Z</time>
      </trkpt>
      <trkpt lat="40.653719" lon="-73.966581">
        <ele>24.4</ele>
        <time>2026-04-01T19:28:04.000Z</time>
      </trkpt>
      <trkpt lat="40.65374" lon="-73.966481">
        <ele>24.6</ele>
        <time>2026-04-01T19:28:05.000Z</time>
      </trkpt>
      <trkpt lat="40.653759" lon="-73.96638">
        <ele>24.6</ele>
        <time>2026-04-01T19:28:06.000Z</time>
      </trkpt>
      <trkpt lat="40.653775" lon="-73.966279">
        <ele>24.6</ele>
        <time>2026-04-01T19:28:07.000Z</time>
      </trkpt>
      <trkpt lat="40.65379" lon="-73.966179">
        <ele>24.6</ele>
        <time>2026-04-01T19:28:08.000Z</time>
      </trkpt>
      <trkpt lat="40.653806" lon="-73.966081">
        <ele>24.6</ele>
        <time>2026-04-01T19:28:09.000Z</time>
      </trkpt>
      <trkpt lat="40.653825" lon="-73.965984">
        <ele>24.6</ele>
        <time>2026-04-01T19:28:10.000Z</time>
      </trkpt>
      <trkpt lat="40.653845" lon="-73.965891">
        <ele>24.6</ele>
        <time>2026-04-01T19:28:11.000Z</time>
      </trkpt>
      <trkpt lat="40.653866" lon="-73.965798">
        <ele>24.6</ele>
        <time>2026-04-01T19:28:12.000Z</time>
      </trkpt>
      <trkpt lat="40.653888" lon="-73.965705">
        <ele>24.6</ele>
        <time>2026-04-01T19:28:13.000Z</time>
      </trkpt>
      <trkpt lat="40.653909" lon="-73.965611">
        <ele>24.6</ele>
        <time>2026-04-01T19:28:14.000Z</time>
      </trkpt>
      <trkpt lat="40.653932" lon="-73.965518">
        <ele>24.4</ele>
        <time>2026-04-01T19:28:15.000Z</time>
      </trkpt>
      <trkpt lat="40.653957" lon="-73.965426">
        <ele>24.4</ele>
        <time>2026-04-01T19:28:16.000Z</time>
      </trkpt>
      <trkpt lat="40.653984" lon="-73.965337">
        <ele>24.4</ele>
        <time>2026-04-01T19:28:17.000Z</time>
      </trkpt>
      <trkpt lat="40.654013" lon="-73.965248">
        <ele>24.4</ele>
        <time>2026-04-01T19:28:18.000Z</time>
      </trkpt>
      <trkpt lat="40.654044" lon="-73.965162">
        <ele>24.2</ele>
        <time>2026-04-01T19:28:19.000Z</time>
      </trkpt>
      <trkpt lat="40.654078" lon="-73.965077">
        <ele>24.2</ele>
        <time>2026-04-01T19:28:20.000Z</time>
      </trkpt>
      <trkpt lat="40.654113" lon="-73.964993">
        <ele>24.2</ele>
        <time>2026-04-01T19:28:21.000Z</time>
      </trkpt>
      <trkpt lat="40.654149" lon="-73.964909">
        <ele>24.2</ele>
        <time>2026-04-01T19:28:22.000Z</time>
      </trkpt>
      <trkpt lat="40.654187" lon="-73.964827">
        <ele>24</ele>
        <time>2026-04-01T19:28:23.000Z</time>
      </trkpt>
      <trkpt lat="40.654225" lon="-73.964748">
        <ele>24</ele>
        <time>2026-04-01T19:28:24.000Z</time>
      </trkpt>
      <trkpt lat="40.654262" lon="-73.96467">
        <ele>24</ele>
        <time>2026-04-01T19:28:25.000Z</time>
      </trkpt>
      <trkpt lat="40.654302" lon="-73.964593">
        <ele>24</ele>
        <time>2026-04-01T19:28:26.000Z</time>
      </trkpt>
      <trkpt lat="40.654346" lon="-73.964518">
        <ele>23.8</ele>
        <time>2026-04-01T19:28:27.000Z</time>
      </trkpt>
      <trkpt lat="40.654394" lon="-73.964447">
        <ele>23.8</ele>
        <time>2026-04-01T19:28:28.000Z</time>
      </trkpt>
      <trkpt lat="40.654442" lon="-73.964378">
        <ele>23.8</ele>
        <time>2026-04-01T19:28:29.000Z</time>
      </trkpt>
      <trkpt lat="40.65449" lon="-73.964307">
        <ele>23.8</ele>
        <time>2026-04-01T19:28:30.000Z</time>
      </trkpt>
      <trkpt lat="40.654537" lon="-73.964236">
        <ele>23.8</ele>
        <time>2026-04-01T19:28:31.000Z</time>
      </trkpt>
      <trkpt lat="40.654586" lon="-73.964167">
        <ele>23.8</ele>
        <time>2026-04-01T19:28:32.000Z</time>
      </trkpt>
      <trkpt lat="40.654638" lon="-73.964103">
        <ele>23.6</ele>
        <time>2026-04-01T19:28:33.000Z</time>
      </trkpt>
      <trkpt lat="40.654692" lon="-73.96404">
        <ele>23.6</ele>
        <time>2026-04-01T19:28:34.000Z</time>
      </trkpt>
      <trkpt lat="40.654745" lon="-73.963977">
        <ele>23.6</ele>
        <time>2026-04-01T19:28:35.000Z</time>
      </trkpt>
      <trkpt lat="40.654799" lon="-73.963916">
        <ele>23.6</ele>
        <time>2026-04-01T19:28:36.000Z</time>
      </trkpt>
      <trkpt lat="40.654853" lon="-73.963856">
        <ele>23.4</ele>
        <time>2026-04-01T19:28:37.000Z</time>
      </trkpt>
      <trkpt lat="40.654908" lon="-73.963799">
        <ele>23.4</ele>
        <time>2026-04-01T19:28:38.000Z</time>
      </trkpt>
      <trkpt lat="40.654965" lon="-73.963745">
        <ele>23.4</ele>
        <time>2026-04-01T19:28:39.000Z</time>
      </trkpt>
      <trkpt lat="40.655023" lon="-73.963694">
        <ele>23.4</ele>
        <time>2026-04-01T19:28:40.000Z</time>
      </trkpt>
      <trkpt lat="40.655082" lon="-73.963647">
        <ele>23.4</ele>
        <time>2026-04-01T19:28:41.000Z</time>
      </trkpt>
      <trkpt lat="40.655139" lon="-73.963605">
        <ele>23.4</ele>
        <time>2026-04-01T19:28:42.000Z</time>
      </trkpt>
      <trkpt lat="40.65519" lon="-73.963566">
        <ele>23.2</ele>
        <time>2026-04-01T19:28:43.000Z</time>
      </trkpt>
      <trkpt lat="40.655241" lon="-73.963517">
        <ele>23.2</ele>
        <time>2026-04-01T19:28:44.000Z</time>
      </trkpt>
      <trkpt lat="40.655297" lon="-73.963457">
        <ele>23.2</ele>
        <time>2026-04-01T19:28:45.000Z</time>
      </trkpt>
      <trkpt lat="40.655354" lon="-73.963398">
        <ele>23.2</ele>
        <time>2026-04-01T19:28:46.000Z</time>
      </trkpt>
      <trkpt lat="40.655412" lon="-73.963347">
        <ele>23.2</ele>
        <time>2026-04-01T19:28:47.000Z</time>
      </trkpt>
      <trkpt lat="40.655474" lon="-73.963303">
        <ele>23.2</ele>
        <time>2026-04-01T19:28:48.000Z</time>
      </trkpt>
      <trkpt lat="40.65554" lon="-73.963263">
        <ele>23.2</ele>
        <time>2026-04-01T19:28:49.000Z</time>
      </trkpt>
      <trkpt lat="40.655607" lon="-73.963225">
        <ele>23.2</ele>
        <time>2026-04-01T19:28:50.000Z</time>
      </trkpt>
      <trkpt lat="40.655675" lon="-73.963188">
        <ele>23.2</ele>
        <time>2026-04-01T19:28:51.000Z</time>
      </trkpt>
      <trkpt lat="40.655744" lon="-73.963154">
        <ele>23.2</ele>
        <time>2026-04-01T19:28:52.000Z</time>
      </trkpt>
      <trkpt lat="40.655813" lon="-73.963123">
        <ele>23.2</ele>
        <time>2026-04-01T19:28:53.000Z</time>
      </trkpt>
      <trkpt lat="40.655882" lon="-73.963095">
        <ele>23.2</ele>
        <time>2026-04-01T19:28:54.000Z</time>
      </trkpt>
      <trkpt lat="40.655952" lon="-73.963068">
        <ele>23.4</ele>
        <time>2026-04-01T19:28:55.000Z</time>
      </trkpt>
      <trkpt lat="40.656022" lon="-73.96304">
        <ele>23.4</ele>
        <time>2026-04-01T19:28:56.000Z</time>
      </trkpt>
      <trkpt lat="40.656092" lon="-73.96301">
        <ele>23.4</ele>
        <time>2026-04-01T19:28:57.000Z</time>
      </trkpt>
      <trkpt lat="40.656161" lon="-73.96298">
        <ele>23.4</ele>
        <time>2026-04-01T19:28:58.000Z</time>
      </trkpt>
      <trkpt lat="40.656229" lon="-73.96295">
        <ele>23.6</ele>
        <time>2026-04-01T19:28:59.000Z</time>
      </trkpt>
      <trkpt lat="40.656299" lon="-73.962921">
        <ele>23.6</ele>
        <time>2026-04-01T19:29:00.000Z</time>
      </trkpt>
      <trkpt lat="40.656369" lon="-73.962893">
        <ele>23.6</ele>
        <time>2026-04-01T19:29:01.000Z</time>
      </trkpt>
      <trkpt lat="40.656441" lon="-73.96287">
        <ele>23.8</ele>
        <time>2026-04-01T19:29:02.000Z</time>
      </trkpt>
      <trkpt lat="40.656514" lon="-73.962851">
        <ele>23.8</ele>
        <time>2026-04-01T19:29:03.000Z</time>
      </trkpt>
      <trkpt lat="40.656588" lon="-73.962838">
        <ele>23.8</ele>
        <time>2026-04-01T19:29:04.000Z</time>
      </trkpt>
      <trkpt lat="40.656663" lon="-73.962829">
        <ele>24</ele>
        <time>2026-04-01T19:29:05.000Z</time>
      </trkpt>
      <trkpt lat="40.656737" lon="-73.962826">
        <ele>24</ele>
        <time>2026-04-01T19:29:06.000Z</time>
      </trkpt>
      <trkpt lat="40.656812" lon="-73.962827">
        <ele>24.2</ele>
        <time>2026-04-01T19:29:07.000Z</time>
      </trkpt>
      <trkpt lat="40.656885" lon="-73.96283">
        <ele>24.2</ele>
        <time>2026-04-01T19:29:08.000Z</time>
      </trkpt>
      <trkpt lat="40.656958" lon="-73.962836">
        <ele>24.4</ele>
        <time>2026-04-01T19:29:09.000Z</time>
      </trkpt>
      <trkpt lat="40.657029" lon="-73.962845">
        <ele>24.4</ele>
        <time>2026-04-01T19:29:10.000Z</time>
      </trkpt>
      <trkpt lat="40.6571" lon="-73.962859">
        <ele>24.6</ele>
        <time>2026-04-01T19:29:11.000Z</time>
      </trkpt>
      <trkpt lat="40.657169" lon="-73.962877">
        <ele>24.6</ele>
        <time>2026-04-01T19:29:12.000Z</time>
      </trkpt>
      <trkpt lat="40.657238" lon="-73.962896">
        <ele>24.6</ele>
        <time>2026-04-01T19:29:13.000Z</time>
      </trkpt>
      <trkpt lat="40.657306" lon="-73.962917">
        <ele>24.6</ele>
        <time>2026-04-01T19:29:14.000Z</time>
      </trkpt>
      <trkpt lat="40.657374" lon="-73.96294">
        <ele>24.6</ele>
        <time>2026-04-01T19:29:15.000Z</time>
      </trkpt>
      <trkpt lat="40.657442" lon="-73.962962">
        <ele>24.6</ele>
        <time>2026-04-01T19:29:16.000Z</time>
      </trkpt>
      <trkpt lat="40.65751" lon="-73.962985">
        <ele>24.6</ele>
        <time>2026-04-01T19:29:17.000Z</time>
      </trkpt>
      <trkpt lat="40.657579" lon="-73.963007">
        <ele>24.6</ele>
        <time>2026-04-01T19:29:18.000Z</time>
      </trkpt>
      <trkpt lat="40.657648" lon="-73.963028">
        <ele>24.6</ele>
        <time>2026-04-01T19:29:19.000Z</time>
      </trkpt>
      <trkpt lat="40.657716" lon="-73.963051">
        <ele>24.6</ele>
        <time>2026-04-01T19:29:20.000Z</time>
      </trkpt>
      <trkpt lat="40.657784" lon="-73.963081">
        <ele>24.6</ele>
        <time>2026-04-01T19:29:21.000Z</time>
      </trkpt>
      <trkpt lat="40.657852" lon="-73.963117">
        <ele>24.4</ele>
        <time>2026-04-01T19:29:22.000Z</time>
      </trkpt>
      <trkpt lat="40.65792" lon="-73.963155">
        <ele>24.4</ele>
        <time>2026-04-01T19:29:23.000Z</time>
      </trkpt>
      <trkpt lat="40.657988" lon="-73.963192">
        <ele>24.4</ele>
        <time>2026-04-01T19:29:24.000Z</time>
      </trkpt>
      <trkpt lat="40.658058" lon="-73.963228">
        <ele>24.2</ele>
        <time>2026-04-01T19:29:25.000Z</time>
      </trkpt>
      <trkpt lat="40.658128" lon="-73.963263">
        <ele>24.2</ele>
        <time>2026-04-01T19:29:26.000Z</time>
      </trkpt>
      <trkpt lat="40.658198" lon="-73.963298">
        <ele>24.2</ele>
        <time>2026-04-01T19:29:27.000Z</time>
      </trkpt>
      <trkpt lat="40.658268" lon="-73.963334">
        <ele>24.2</ele>
        <time>2026-04-01T19:29:28.000Z</time>
      </trkpt>
      <trkpt lat="40.658336" lon="-73.963369">
        <ele>24.2</ele>
        <time>2026-04-01T19:29:29.000Z</time>
      </trkpt>
      <trkpt lat="40.658402" lon="-73.963401">
        <ele>24.2</ele>
        <time>2026-04-01T19:29:30.000Z</time>
      </trkpt>
      <trkpt lat="40.658468" lon="-73.963431">
        <ele>24.2</ele>
        <time>2026-04-01T19:29:31.000Z</time>
      </trkpt>
      <trkpt lat="40.658533" lon="-73.963459">
        <ele>24.2</ele>
        <time>2026-04-01T19:29:32.000Z</time>
      </trkpt>
      <trkpt lat="40.658597" lon="-73.963483">
        <ele>24.4</ele>
        <time>2026-04-01T19:29:33.000Z</time>
      </trkpt>
      <trkpt lat="40.658661" lon="-73.963501">
        <ele>24.4</ele>
        <time>2026-04-01T19:29:34.000Z</time>
      </trkpt>
      <trkpt lat="40.658725" lon="-73.963513">
        <ele>24.4</ele>
        <time>2026-04-01T19:29:35.000Z</time>
      </trkpt>
      <trkpt lat="40.658789" lon="-73.963518">
        <ele>24.4</ele>
        <time>2026-04-01T19:29:36.000Z</time>
      </trkpt>
      <trkpt lat="40.658851" lon="-73.963519">
        <ele>24.4</ele>
        <time>2026-04-01T19:29:37.000Z</time>
      </trkpt>
      <trkpt lat="40.658912" lon="-73.963517">
        <ele>24.6</ele>
        <time>2026-04-01T19:29:38.000Z</time>
      </trkpt>
      <trkpt lat="40.658974" lon="-73.963502">
        <ele>24.6</ele>
        <time>2026-04-01T19:29:39.000Z</time>
      </trkpt>
      <trkpt lat="40.659039" lon="-73.963476">
        <ele>24.6</ele>
        <time>2026-04-01T19:29:40.000Z</time>
      </trkpt>
      <trkpt lat="40.659106" lon="-73.963455">
        <ele>24.6</ele>
        <time>2026-04-01T19:29:41.000Z</time>
      </trkpt>
      <trkpt lat="40.659174" lon="-73.963447">
        <ele>24.6</ele>
        <time>2026-04-01T19:29:42.000Z</time>
      </trkpt>
      <trkpt lat="40.659243" lon="-73.963449">
        <ele>24.8</ele>
        <time>2026-04-01T19:29:43.000Z</time>
      </trkpt>
      <trkpt lat="40.659312" lon="-73.963458">
        <ele>24.8</ele>
        <time>2026-04-01T19:29:44.000Z</time>
      </trkpt>
      <trkpt lat="40.659382" lon="-73.96347">
        <ele>25</ele>
        <time>2026-04-01T19:29:45.000Z</time>
      </trkpt>
      <trkpt lat="40.659449" lon="-73.963494">
        <ele>25</ele>
        <time>2026-04-01T19:29:46.000Z</time>
      </trkpt>
      <trkpt lat="40.659512" lon="-73.96353">
        <ele>25.2</ele>
        <time>2026-04-01T19:29:47.000Z</time>
      </trkpt>
      <trkpt lat="40.659571" lon="-73.963574">
        <ele>25.2</ele>
        <time>2026-04-01T19:29:48.000Z</time>
      </trkpt>
      <trkpt lat="40.659629" lon="-73.963613">
        <ele>25.4</ele>
        <time>2026-04-01T19:29:49.000Z</time>
      </trkpt>
      <trkpt lat="40.659685" lon="-73.963641">
        <ele>25.4</ele>
        <time>2026-04-01T19:29:50.000Z</time>
      </trkpt>
      <trkpt lat="40.65974" lon="-73.963664">
        <ele>25.6</ele>
        <time>2026-04-01T19:29:51.000Z</time>
      </trkpt>
      <trkpt lat="40.659795" lon="-73.963683">
        <ele>25.6</ele>
        <time>2026-04-01T19:29:52.000Z</time>
      </trkpt>
      <trkpt lat="40.659846" lon="-73.963704">
        <ele>25.8</ele>
        <time>2026-04-01T19:29:53.000Z</time>
      </trkpt>
      <trkpt lat="40.659894" lon="-73.963727">
        <ele>26</ele>
        <time>2026-04-01T19:29:54.000Z</time>
      </trkpt>
      <trkpt lat="40.65994" lon="-73.963751">
        <ele>26</ele>
        <time>2026-04-01T19:29:55.000Z</time>
      </trkpt>
      <trkpt lat="40.659985" lon="-73.963776">
        <ele>26.2</ele>
        <time>2026-04-01T19:29:56.000Z</time>
      </trkpt>
      <trkpt lat="40.660031" lon="-73.963805">
        <ele>26.4</ele>
        <time>2026-04-01T19:29:57.000Z</time>
      </trkpt>
      <trkpt lat="40.660077" lon="-73.963839">
        <ele>26.4</ele>
        <time>2026-04-01T19:29:58.000Z</time>
      </trkpt>
      <trkpt lat="40.660127" lon="-73.963879">
        <ele>26.6</ele>
        <time>2026-04-01T19:29:59.000Z</time>
      </trkpt>
      <trkpt lat="40.66018" lon="-73.963921">
        <ele>26.8</ele>
        <time>2026-04-01T19:30:00.000Z</time>
      </trkpt>
      <trkpt lat="40.660238" lon="-73.963961">
        <ele>27</ele>
        <time>2026-04-01T19:30:01.000Z</time>
      </trkpt>
      <trkpt lat="40.660299" lon="-73.963999">
        <ele>27</ele>
        <time>2026-04-01T19:30:02.000Z</time>
      </trkpt>
      <trkpt lat="40.660363" lon="-73.964034">
        <ele>27.2</ele>
        <time>2026-04-01T19:30:03.000Z</time>
      </trkpt>
      <trkpt lat="40.660427" lon="-73.964069">
        <ele>27.4</ele>
        <time>2026-04-01T19:30:04.000Z</time>
      </trkpt>
      <trkpt lat="40.660487" lon="-73.964108">
        <ele>27.6</ele>
        <time>2026-04-01T19:30:05.000Z</time>
      </trkpt>
      <trkpt lat="40.660544" lon="-73.964146">
        <ele>27.8</ele>
        <time>2026-04-01T19:30:06.000Z</time>
      </trkpt>
      <trkpt lat="40.6606" lon="-73.964182">
        <ele>27.8</ele>
        <time>2026-04-01T19:30:07.000Z</time>
      </trkpt>
      <trkpt lat="40.660656" lon="-73.964214">
        <ele>28</ele>
        <time>2026-04-01T19:30:08.000Z</time>
      </trkpt>
      <trkpt lat="40.66071" lon="-73.964246">
        <ele>28.2</ele>
        <time>2026-04-01T19:30:09.000Z</time>
      </trkpt>
      <trkpt lat="40.660764" lon="-73.964278">
        <ele>28.4</ele>
        <time>2026-04-01T19:30:10.000Z</time>
      </trkpt>
      <trkpt lat="40.660817" lon="-73.964309">
        <ele>28.4</ele>
        <time>2026-04-01T19:30:11.000Z</time>
      </trkpt>
      <trkpt lat="40.66087" lon="-73.96434">
        <ele>28.6</ele>
        <time>2026-04-01T19:30:12.000Z</time>
      </trkpt>
      <trkpt lat="40.660922" lon="-73.96437">
        <ele>28.6</ele>
        <time>2026-04-01T19:30:13.000Z</time>
      </trkpt>
      <trkpt lat="40.660973" lon="-73.9644">
        <ele>28.8</ele>
        <time>2026-04-01T19:30:14.000Z</time>
      </trkpt>
      <trkpt lat="40.661023" lon="-73.964428">
        <ele>28.8</ele>
        <time>2026-04-01T19:30:15.000Z</time>
      </trkpt>
      <trkpt lat="40.661073" lon="-73.964455">
        <ele>29</ele>
        <time>2026-04-01T19:30:16.000Z</time>
      </trkpt>
      <trkpt lat="40.661123" lon="-73.964482">
        <ele>29</ele>
        <time>2026-04-01T19:30:17.000Z</time>
      </trkpt>
      <trkpt lat="40.661173" lon="-73.964508">
        <ele>29.2</ele>
        <time>2026-04-01T19:30:18.000Z</time>
      </trkpt>
      <trkpt lat="40.661223" lon="-73.964533">
        <ele>29.2</ele>
        <time>2026-04-01T19:30:19.000Z</time>
      </trkpt>
      <trkpt lat="40.661274" lon="-73.964557">
        <ele>29.2</ele>
        <time>2026-04-01T19:30:20.000Z</time>
      </trkpt>
      <trkpt lat="40.661324" lon="-73.96458">
        <ele>29.2</ele>
        <time>2026-04-01T19:30:21.000Z</time>
      </trkpt>
      <trkpt lat="40.661375" lon="-73.964603">
        <ele>29.4</ele>
        <time>2026-04-01T19:30:22.000Z</time>
      </trkpt>
      <trkpt lat="40.661424" lon="-73.964627">
        <ele>29.4</ele>
        <time>2026-04-01T19:30:23.000Z</time>
      </trkpt>
      <trkpt lat="40.661474" lon="-73.964651">
        <ele>29.4</ele>
        <time>2026-04-01T19:30:24.000Z</time>
      </trkpt>
      <trkpt lat="40.661527" lon="-73.964678">
        <ele>29.4</ele>
        <time>2026-04-01T19:30:25.000Z</time>
      </trkpt>
      <trkpt lat="40.661582" lon="-73.964704">
        <ele>29.2</ele>
        <time>2026-04-01T19:30:26.000Z</time>
      </trkpt>
      <trkpt lat="40.661638" lon="-73.964731">
        <ele>29.2</ele>
        <time>2026-04-01T19:30:27.000Z</time>
      </trkpt>
      <trkpt lat="40.661694" lon="-73.964758">
        <ele>29.2</ele>
        <time>2026-04-01T19:30:28.000Z</time>
      </trkpt>
      <trkpt lat="40.66175" lon="-73.964785">
        <ele>29.2</ele>
        <time>2026-04-01T19:30:29.000Z</time>
      </trkpt>
      <trkpt lat="40.661804" lon="-73.964811">
        <ele>29</ele>
        <time>2026-04-01T19:30:30.000Z</time>
      </trkpt>
      <trkpt lat="40.661859" lon="-73.964838">
        <ele>29</ele>
        <time>2026-04-01T19:30:31.000Z</time>
      </trkpt>
      <trkpt lat="40.661913" lon="-73.964867">
        <ele>29</ele>
        <time>2026-04-01T19:30:32.000Z</time>
      </trkpt>
      <trkpt lat="40.661965" lon="-73.964898">
        <ele>28.8</ele>
        <time>2026-04-01T19:30:33.000Z</time>
      </trkpt>
      <trkpt lat="40.662015" lon="-73.964929">
        <ele>28.8</ele>
        <time>2026-04-01T19:30:34.000Z</time>
      </trkpt>
      <trkpt lat="40.662066" lon="-73.96496">
        <ele>28.8</ele>
        <time>2026-04-01T19:30:35.000Z</time>
      </trkpt>
      <trkpt lat="40.662116" lon="-73.964988">
        <ele>28.6</ele>
        <time>2026-04-01T19:30:36.000Z</time>
      </trkpt>
      <trkpt lat="40.662169" lon="-73.965016">
        <ele>28.6</ele>
        <time>2026-04-01T19:30:37.000Z</time>
      </trkpt>
      <trkpt lat="40.662221" lon="-73.965044">
        <ele>28.6</ele>
        <time>2026-04-01T19:30:38.000Z</time>
      </trkpt>
      <trkpt lat="40.662275" lon="-73.965072">
        <ele>28.6</ele>
        <time>2026-04-01T19:30:39.000Z</time>
      </trkpt>
      <trkpt lat="40.662329" lon="-73.9651">
        <ele>28.6</ele>
        <time>2026-04-01T19:30:40.000Z</time>
      </trkpt>
      <trkpt lat="40.662383" lon="-73.965127">
        <ele>28.6</ele>
        <time>2026-04-01T19:30:41.000Z</time>
      </trkpt>
      <trkpt lat="40.662439" lon="-73.965152">
        <ele>28.6</ele>
        <time>2026-04-01T19:30:42.000Z</time>
      </trkpt>
      <trkpt lat="40.662495" lon="-73.965174">
        <ele>28.6</ele>
        <time>2026-04-01T19:30:43.000Z</time>
      </trkpt>
      <trkpt lat="40.662552" lon="-73.965192">
        <ele>28.6</ele>
        <time>2026-04-01T19:30:44.000Z</time>
      </trkpt>
      <trkpt lat="40.66261" lon="-73.965208">
        <ele>28.8</ele>
        <time>2026-04-01T19:30:45.000Z</time>
      </trkpt>
      <trkpt lat="40.662668" lon="-73.965221">
        <ele>28.8</ele>
        <time>2026-04-01T19:30:46.000Z</time>
      </trkpt>
      <trkpt lat="40.662725" lon="-73.965232">
        <ele>28.8</ele>
        <time>2026-04-01T19:30:47.000Z</time>
      </trkpt>
      <trkpt lat="40.662782" lon="-73.965241">
        <ele>28.8</ele>
        <time>2026-04-01T19:30:48.000Z</time>
      </trkpt>
      <trkpt lat="40.662837" lon="-73.965245">
        <ele>29</ele>
        <time>2026-04-01T19:30:49.000Z</time>
      </trkpt>
      <trkpt lat="40.662891" lon="-73.965244">
        <ele>29</ele>
        <time>2026-04-01T19:30:50.000Z</time>
      </trkpt>
      <trkpt lat="40.662945" lon="-73.965242">
        <ele>29</ele>
        <time>2026-04-01T19:30:51.000Z</time>
      </trkpt>
      <trkpt lat="40.662999" lon="-73.965239">
        <ele>29.2</ele>
        <time>2026-04-01T19:30:52.000Z</time>
      </trkpt>
      <trkpt lat="40.663052" lon="-73.965237">
        <ele>29.4</ele>
        <time>2026-04-01T19:30:53.000Z</time>
      </trkpt>
      <trkpt lat="40.663104" lon="-73.965236">
        <ele>29.4</ele>
        <time>2026-04-01T19:30:54.000Z</time>
      </trkpt>
      <trkpt lat="40.663157" lon="-73.965238">
        <ele>29.6</ele>
        <time>2026-04-01T19:30:55.000Z</time>
      </trkpt>
      <trkpt lat="40.663212" lon="-73.965241">
        <ele>29.8</ele>
        <time>2026-04-01T19:30:56.000Z</time>
      </trkpt>
      <trkpt lat="40.663268" lon="-73.965243">
        <ele>30</ele>
        <time>2026-04-01T19:30:57.000Z</time>
      </trkpt>
      <trkpt lat="40.663324" lon="-73.965247">
        <ele>30.2</ele>
        <time>2026-04-01T19:30:58.000Z</time>
      </trkpt>
      <trkpt lat="40.663379" lon="-73.965254">
        <ele>30.4</ele>
        <time>2026-04-01T19:30:59.000Z</time>
      </trkpt>
      <trkpt lat="40.663435" lon="-73.965262">
        <ele>30.4</ele>
        <time>2026-04-01T19:31:00.000Z</time>
      </trkpt>
      <trkpt lat="40.66349" lon="-73.965273">
        <ele>30.6</ele>
        <time>2026-04-01T19:31:01.000Z</time>
      </trkpt>
      <trkpt lat="40.663545" lon="-73.965287">
        <ele>30.8</ele>
        <time>2026-04-01T19:31:02.000Z</time>
      </trkpt>
      <trkpt lat="40.6636" lon="-73.965303">
        <ele>30.8</ele>
        <time>2026-04-01T19:31:03.000Z</time>
      </trkpt>
      <trkpt lat="40.663654" lon="-73.965322">
        <ele>31</ele>
        <time>2026-04-01T19:31:04.000Z</time>
      </trkpt>
      <trkpt lat="40.663707" lon="-73.965343">
        <ele>31</ele>
        <time>2026-04-01T19:31:05.000Z</time>
      </trkpt>
      <trkpt lat="40.66376" lon="-73.965368">
        <ele>31.2</ele>
        <time>2026-04-01T19:31:06.000Z</time>
      </trkpt>
      <trkpt lat="40.663812" lon="-73.965395">
        <ele>31.2</ele>
        <time>2026-04-01T19:31:07.000Z</time>
      </trkpt>
      <trkpt lat="40.663864" lon="-73.965424">
        <ele>31.2</ele>
        <time>2026-04-01T19:31:08.000Z</time>
      </trkpt>
      <trkpt lat="40.663916" lon="-73.965455">
        <ele>31.4</ele>
        <time>2026-04-01T19:31:09.000Z</time>
      </trkpt>
      <trkpt lat="40.663968" lon="-73.965486">
        <ele>31.4</ele>
        <time>2026-04-01T19:31:10.000Z</time>
      </trkpt>
      <trkpt lat="40.66402" lon="-73.965516">
        <ele>31.4</ele>
        <time>2026-04-01T19:31:11.000Z</time>
      </trkpt>
      <trkpt lat="40.664072" lon="-73.965545">
        <ele>31.6</ele>
        <time>2026-04-01T19:31:12.000Z</time>
      </trkpt>
      <trkpt lat="40.664125" lon="-73.965573">
        <ele>31.6</ele>
        <time>2026-04-01T19:31:13.000Z</time>
      </trkpt>
      <trkpt lat="40.664178" lon="-73.9656">
        <ele>31.6</ele>
        <time>2026-04-01T19:31:14.000Z</time>
      </trkpt>
      <trkpt lat="40.664231" lon="-73.965626">
        <ele>31.8</ele>
        <time>2026-04-01T19:31:15.000Z</time>
      </trkpt>
      <trkpt lat="40.664284" lon="-73.965653">
        <ele>31.8</ele>
        <time>2026-04-01T19:31:16.000Z</time>
      </trkpt>
      <trkpt lat="40.664339" lon="-73.965679">
        <ele>31.8</ele>
        <time>2026-04-01T19:31:17.000Z</time>
      </trkpt>
      <trkpt lat="40.664395" lon="-73.965704">
        <ele>32</ele>
        <time>2026-04-01T19:31:18.000Z</time>
      </trkpt>
      <trkpt lat="40.664454" lon="-73.965728">
        <ele>32</ele>
        <time>2026-04-01T19:31:19.000Z</time>
      </trkpt>
      <trkpt lat="40.664514" lon="-73.965753">
        <ele>32</ele>
        <time>2026-04-01T19:31:20.000Z</time>
      </trkpt>
      <trkpt lat="40.664573" lon="-73.965785">
        <ele>32</ele>
        <time>2026-04-01T19:31:21.000Z</time>
      </trkpt>
      <trkpt lat="40.664632" lon="-73.965819">
        <ele>32.2</ele>
        <time>2026-04-01T19:31:22.000Z</time>
      </trkpt>
      <trkpt lat="40.664692" lon="-73.965853">
        <ele>32.2</ele>
        <time>2026-04-01T19:31:23.000Z</time>
      </trkpt>
      <trkpt lat="40.664753" lon="-73.965885">
        <ele>32.2</ele>
        <time>2026-04-01T19:31:24.000Z</time>
      </trkpt>
      <trkpt lat="40.664814" lon="-73.965915">
        <ele>32.2</ele>
        <time>2026-04-01T19:31:25.000Z</time>
      </trkpt>
      <trkpt lat="40.664877" lon="-73.965944">
        <ele>32.2</ele>
        <time>2026-04-01T19:31:26.000Z</time>
      </trkpt>
      <trkpt lat="40.664941" lon="-73.965974">
        <ele>32.2</ele>
        <time>2026-04-01T19:31:27.000Z</time>
      </trkpt>
      <trkpt lat="40.665006" lon="-73.966004">
        <ele>32</ele>
        <time>2026-04-01T19:31:28.000Z</time>
      </trkpt>
      <trkpt lat="40.665069" lon="-73.966035">
        <ele>32</ele>
        <time>2026-04-01T19:31:29.000Z</time>
      </trkpt>
      <trkpt lat="40.665133" lon="-73.966068">
        <ele>32</ele>
        <time>2026-04-01T19:31:30.000Z</time>
      </trkpt>
      <trkpt lat="40.665196" lon="-73.966101">
        <ele>32</ele>
        <time>2026-04-01T19:31:31.000Z</time>
      </trkpt>
      <trkpt lat="40.665261" lon="-73.966134">
        <ele>31.8</ele>
        <time>2026-04-01T19:31:32.000Z</time>
      </trkpt>
      <trkpt lat="40.665325" lon="-73.966168">
        <ele>31.8</ele>
        <time>2026-04-01T19:31:33.000Z</time>
      </trkpt>
      <trkpt lat="40.665388" lon="-73.966202">
        <ele>31.8</ele>
        <time>2026-04-01T19:31:34.000Z</time>
      </trkpt>
      <trkpt lat="40.665451" lon="-73.966234">
        <ele>31.6</ele>
        <time>2026-04-01T19:31:35.000Z</time>
      </trkpt>
      <trkpt lat="40.665513" lon="-73.966263">
        <ele>31.6</ele>
        <time>2026-04-01T19:31:36.000Z</time>
      </trkpt>
      <trkpt lat="40.665574" lon="-73.966292">
        <ele>31.6</ele>
        <time>2026-04-01T19:31:37.000Z</time>
      </trkpt>
      <trkpt lat="40.665633" lon="-73.966322">
        <ele>31.4</ele>
        <time>2026-04-01T19:31:38.000Z</time>
      </trkpt>
      <trkpt lat="40.66569" lon="-73.966354">
        <ele>31.4</ele>
        <time>2026-04-01T19:31:39.000Z</time>
      </trkpt>
      <trkpt lat="40.665746" lon="-73.96639">
        <ele>31.4</ele>
        <time>2026-04-01T19:31:40.000Z</time>
      </trkpt>
      <trkpt lat="40.665799" lon="-73.966428">
        <ele>31.4</ele>
        <time>2026-04-01T19:31:41.000Z</time>
      </trkpt>
      <trkpt lat="40.665849" lon="-73.966469">
        <ele>31.4</ele>
        <time>2026-04-01T19:31:42.000Z</time>
      </trkpt>
      <trkpt lat="40.665897" lon="-73.966511">
        <ele>31.6</ele>
        <time>2026-04-01T19:31:43.000Z</time>
      </trkpt>
      <trkpt lat="40.665944" lon="-73.966553">
        <ele>31.6</ele>
        <time>2026-04-01T19:31:44.000Z</time>
      </trkpt>
      <trkpt lat="40.665987" lon="-73.966596">
        <ele>31.6</ele>
        <time>2026-04-01T19:31:45.000Z</time>
      </trkpt>
      <trkpt lat="40.666026" lon="-73.96664">
        <ele>31.8</ele>
        <time>2026-04-01T19:31:46.000Z</time>
      </trkpt>
      <trkpt lat="40.666064" lon="-73.966683">
        <ele>31.8</ele>
        <time>2026-04-01T19:31:47.000Z</time>
      </trkpt>
      <trkpt lat="40.666098" lon="-73.966725">
        <ele>31.8</ele>
        <time>2026-04-01T19:31:48.000Z</time>
      </trkpt>
      <trkpt lat="40.666131" lon="-73.966764">
        <ele>32</ele>
        <time>2026-04-01T19:31:49.000Z</time>
      </trkpt>
      <trkpt lat="40.666161" lon="-73.966802">
        <ele>32.2</ele>
        <time>2026-04-01T19:31:50.000Z</time>
      </trkpt>
      <trkpt lat="40.666189" lon="-73.966838">
        <ele>32.2</ele>
        <time>2026-04-01T19:31:51.000Z</time>
      </trkpt>
      <trkpt lat="40.666214" lon="-73.966872">
        <ele>32.4</ele>
        <time>2026-04-01T19:31:52.000Z</time>
      </trkpt>
      <trkpt lat="40.666238" lon="-73.966906">
        <ele>32.4</ele>
        <time>2026-04-01T19:31:53.000Z</time>
      </trkpt>
      <trkpt lat="40.66626" lon="-73.966938">
        <ele>32.6</ele>
        <time>2026-04-01T19:31:54.000Z</time>
      </trkpt>
      <trkpt lat="40.666282" lon="-73.96697">
        <ele>32.8</ele>
        <time>2026-04-01T19:31:55.000Z</time>
      </trkpt>
      <trkpt lat="40.666303" lon="-73.967001">
        <ele>32.8</ele>
        <time>2026-04-01T19:31:56.000Z</time>
      </trkpt>
      <trkpt lat="40.666325" lon="-73.967031">
        <ele>33</ele>
        <time>2026-04-01T19:31:57.000Z</time>
      </trkpt>
      <trkpt lat="40.666346" lon="-73.967062">
        <ele>33.2</ele>
        <time>2026-04-01T19:31:58.000Z</time>
      </trkpt>
      <trkpt lat="40.666368" lon="-73.967096">
        <ele>33.2</ele>
        <time>2026-04-01T19:31:59.000Z</time>
      </trkpt>
      <trkpt lat="40.666391" lon="-73.967132">
        <ele>33.4</ele>
        <time>2026-04-01T19:32:00.000Z</time>
      </trkpt>
      <trkpt lat="40.666414" lon="-73.96717">
        <ele>33.6</ele>
        <time>2026-04-01T19:32:01.000Z</time>
      </trkpt>
      <trkpt lat="40.666436" lon="-73.967208">
        <ele>33.6</ele>
        <time>2026-04-01T19:32:02.000Z</time>
      </trkpt>
      <trkpt lat="40.666459" lon="-73.967246">
        <ele>33.8</ele>
        <time>2026-04-01T19:32:03.000Z</time>
      </trkpt>
      <trkpt lat="40.666482" lon="-73.967284">
        <ele>34</ele>
        <time>2026-04-01T19:32:04.000Z</time>
      </trkpt>
      <trkpt lat="40.666506" lon="-73.967323">
        <ele>34.2</ele>
        <time>2026-04-01T19:32:05.000Z</time>
      </trkpt>
      <trkpt lat="40.666532" lon="-73.967362">
        <ele>34.2</ele>
        <time>2026-04-01T19:32:06.000Z</time>
      </trkpt>
      <trkpt lat="40.666558" lon="-73.9674">
        <ele>34.4</ele>
        <time>2026-04-01T19:32:07.000Z</time>
      </trkpt>
      <trkpt lat="40.666584" lon="-73.967438">
        <ele>34.6</ele>
        <time>2026-04-01T19:32:08.000Z</time>
      </trkpt>
      <trkpt lat="40.66661" lon="-73.967476">
        <ele>34.8</ele>
        <time>2026-04-01T19:32:09.000Z</time>
      </trkpt>
      <trkpt lat="40.666637" lon="-73.967515">
        <ele>34.8</ele>
        <time>2026-04-01T19:32:10.000Z</time>
      </trkpt>
      <trkpt lat="40.666664" lon="-73.967555">
        <ele>35</ele>
        <time>2026-04-01T19:32:11.000Z</time>
      </trkpt>
      <trkpt lat="40.666689" lon="-73.967597">
        <ele>35.2</ele>
        <time>2026-04-01T19:32:12.000Z</time>
      </trkpt>
      <trkpt lat="40.666712" lon="-73.967639">
        <ele>35.4</ele>
        <time>2026-04-01T19:32:13.000Z</time>
      </trkpt>
      <trkpt lat="40.666733" lon="-73.967682">
        <ele>35.6</ele>
        <time>2026-04-01T19:32:14.000Z</time>
      </trkpt>
      <trkpt lat="40.666755" lon="-73.967727">
        <ele>35.6</ele>
        <time>2026-04-01T19:32:15.000Z</time>
      </trkpt>
      <trkpt lat="40.666778" lon="-73.967775">
        <ele>35.8</ele>
        <time>2026-04-01T19:32:16.000Z</time>
      </trkpt>
      <trkpt lat="40.666801" lon="-73.967823">
        <ele>36</ele>
        <time>2026-04-01T19:32:17.000Z</time>
      </trkpt>
      <trkpt lat="40.666824" lon="-73.967868">
        <ele>36.2</ele>
        <time>2026-04-01T19:32:18.000Z</time>
      </trkpt>
      <trkpt lat="40.666846" lon="-73.967911">
        <ele>36.2</ele>
        <time>2026-04-01T19:32:19.000Z</time>
      </trkpt>
      <trkpt lat="40.666867" lon="-73.967953">
        <ele>36.4</ele>
        <time>2026-04-01T19:32:20.000Z</time>
      </trkpt>
      <trkpt lat="40.666887" lon="-73.967994">
        <ele>36.4</ele>
        <time>2026-04-01T19:32:21.000Z</time>
      </trkpt>
      <trkpt lat="40.666906" lon="-73.968035">
        <ele>36.6</ele>
        <time>2026-04-01T19:32:22.000Z</time>
      </trkpt>
      <trkpt lat="40.666924" lon="-73.968076">
        <ele>36.8</ele>
        <time>2026-04-01T19:32:23.000Z</time>
      </trkpt>
      <trkpt lat="40.666942" lon="-73.968116">
        <ele>36.8</ele>
        <time>2026-04-01T19:32:24.000Z</time>
      </trkpt>
      <trkpt lat="40.66696" lon="-73.968156">
        <ele>37</ele>
        <time>2026-04-01T19:32:25.000Z</time>
      </trkpt>
      <trkpt lat="40.666978" lon="-73.968195">
        <ele>37.2</ele>
        <time>2026-04-01T19:32:26.000Z</time>
      </trkpt>
      <trkpt lat="40.666996" lon="-73.968233">
        <ele>37.2</ele>
        <time>2026-04-01T19:32:27.000Z</time>
      </trkpt>
      <trkpt lat="40.667015" lon="-73.96827">
        <ele>37.4</ele>
        <time>2026-04-01T19:32:28.000Z</time>
      </trkpt>
      <trkpt lat="40.667036" lon="-73.968306">
        <ele>37.6</ele>
        <time>2026-04-01T19:32:29.000Z</time>
      </trkpt>
      <trkpt lat="40.667059" lon="-73.968342">
        <ele>37.8</ele>
        <time>2026-04-01T19:32:30.000Z</time>
      </trkpt>
      <trkpt lat="40.667082" lon="-73.968377">
        <ele>38</ele>
        <time>2026-04-01T19:32:31.000Z</time>
      </trkpt>
      <trkpt lat="40.667106" lon="-73.968412">
        <ele>38</ele>
        <time>2026-04-01T19:32:32.000Z</time>
      </trkpt>
      <trkpt lat="40.66713" lon="-73.968446">
        <ele>38.2</ele>
        <time>2026-04-01T19:32:33.000Z</time>
      </trkpt>
      <trkpt lat="40.667154" lon="-73.968479">
        <ele>38.4</ele>
        <time>2026-04-01T19:32:34.000Z</time>
      </trkpt>
      <trkpt lat="40.667179" lon="-73.968511">
        <ele>38.6</ele>
        <time>2026-04-01T19:32:35.000Z</time>
      </trkpt>
      <trkpt lat="40.667207" lon="-73.968543">
        <ele>38.8</ele>
        <time>2026-04-01T19:32:36.000Z</time>
      </trkpt>
      <trkpt lat="40.667239" lon="-73.968574">
        <ele>39</ele>
        <time>2026-04-01T19:32:37.000Z</time>
      </trkpt>
      <trkpt lat="40.66731" lon="-73.968625">
        <ele>39.4</ele>
        <time>2026-04-01T19:32:38.000Z</time>
      </trkpt>
      <trkpt lat="40.66735" lon="-73.968648">
        <ele>39.6</ele>
        <time>2026-04-01T19:32:39.000Z</time>
      </trkpt>
      <trkpt lat="40.667393" lon="-73.968669">
        <ele>39.8</ele>
        <time>2026-04-01T19:32:40.000Z</time>
      </trkpt>
      <trkpt lat="40.667437" lon="-73.96869">
        <ele>39.8</ele>
        <time>2026-04-01T19:32:41.000Z</time>
      </trkpt>
      <trkpt lat="40.667482" lon="-73.968708">
        <ele>40</ele>
        <time>2026-04-01T19:32:42.000Z</time>
      </trkpt>
      <trkpt lat="40.667527" lon="-73.968724">
        <ele>40.2</ele>
        <time>2026-04-01T19:32:43.000Z</time>
      </trkpt>
      <trkpt lat="40.667572" lon="-73.968738">
        <ele>40.4</ele>
        <time>2026-04-01T19:32:44.000Z</time>
      </trkpt>
      <trkpt lat="40.667617" lon="-73.96875">
        <ele>40.6</ele>
        <time>2026-04-01T19:32:45.000Z</time>
      </trkpt>
      <trkpt lat="40.667663" lon="-73.968758">
        <ele>40.8</ele>
        <time>2026-04-01T19:32:46.000Z</time>
      </trkpt>
      <trkpt lat="40.667709" lon="-73.968764">
        <ele>41</ele>
        <time>2026-04-01T19:32:47.000Z</time>
      </trkpt>
      <trkpt lat="40.667755" lon="-73.968768">
        <ele>41.2</ele>
        <time>2026-04-01T19:32:48.000Z</time>
      </trkpt>
      <trkpt lat="40.667801" lon="-73.968771">
        <ele>41.4</ele>
        <time>2026-04-01T19:32:49.000Z</time>
      </trkpt>
      <trkpt lat="40.667847" lon="-73.968772">
        <ele>41.6</ele>
        <time>2026-04-01T19:32:50.000Z</time>
      </trkpt>
      <trkpt lat="40.667892" lon="-73.968773">
        <ele>41.8</ele>
        <time>2026-04-01T19:32:51.000Z</time>
      </trkpt>
      <trkpt lat="40.667937" lon="-73.968773">
        <ele>42</ele>
        <time>2026-04-01T19:32:52.000Z</time>
      </trkpt>
      <trkpt lat="40.667981" lon="-73.968775">
        <ele>42.2</ele>
        <time>2026-04-01T19:32:53.000Z</time>
      </trkpt>
      <trkpt lat="40.668024" lon="-73.968778">
        <ele>42.4</ele>
        <time>2026-04-01T19:32:54.000Z</time>
      </trkpt>
      <trkpt lat="40.668066" lon="-73.968782">
        <ele>42.4</ele>
        <time>2026-04-01T19:32:55.000Z</time>
      </trkpt>
      <trkpt lat="40.668108" lon="-73.968788">
        <ele>42.6</ele>
        <time>2026-04-01T19:32:56.000Z</time>
      </trkpt>
      <trkpt lat="40.668149" lon="-73.968795">
        <ele>42.8</ele>
        <time>2026-04-01T19:32:57.000Z</time>
      </trkpt>
      <trkpt lat="40.668192" lon="-73.968804">
        <ele>43</ele>
        <time>2026-04-01T19:32:58.000Z</time>
      </trkpt>
      <trkpt lat="40.668237" lon="-73.968815">
        <ele>43.2</ele>
        <time>2026-04-01T19:32:59.000Z</time>
      </trkpt>
      <trkpt lat="40.668282" lon="-73.968828">
        <ele>43.4</ele>
        <time>2026-04-01T19:33:00.000Z</time>
      </trkpt>
      <trkpt lat="40.668327" lon="-73.968844">
        <ele>43.4</ele>
        <time>2026-04-01T19:33:01.000Z</time>
      </trkpt>
      <trkpt lat="40.668371" lon="-73.968862">
        <ele>43.6</ele>
        <time>2026-04-01T19:33:02.000Z</time>
      </trkpt>
      <trkpt lat="40.668414" lon="-73.968883">
        <ele>43.8</ele>
        <time>2026-04-01T19:33:03.000Z</time>
      </trkpt>
      <trkpt lat="40.668456" lon="-73.968908">
        <ele>44</ele>
        <time>2026-04-01T19:33:04.000Z</time>
      </trkpt>
      <trkpt lat="40.668495" lon="-73.968936">
        <ele>44.2</ele>
        <time>2026-04-01T19:33:05.000Z</time>
      </trkpt>
      <trkpt lat="40.668533" lon="-73.968966">
        <ele>44.4</ele>
        <time>2026-04-01T19:33:06.000Z</time>
      </trkpt>
      <trkpt lat="40.668574" lon="-73.968996">
        <ele>44.6</ele>
        <time>2026-04-01T19:33:07.000Z</time>
      </trkpt>
      <trkpt lat="40.668616" lon="-73.969024">
        <ele>44.8</ele>
        <time>2026-04-01T19:33:08.000Z</time>
      </trkpt>
      <trkpt lat="40.668658" lon="-73.969051">
        <ele>45</ele>
        <time>2026-04-01T19:33:09.000Z</time>
      </trkpt>
      <trkpt lat="40.6687" lon="-73.969076">
        <ele>45.2</ele>
        <time>2026-04-01T19:33:10.000Z</time>
      </trkpt>
      <trkpt lat="40.668741" lon="-73.969099">
        <ele>45.4</ele>
        <time>2026-04-01T19:33:11.000Z</time>
      </trkpt>
      <trkpt lat="40.668783" lon="-73.96912">
        <ele>45.6</ele>
        <time>2026-04-01T19:33:12.000Z</time>
      </trkpt>
      <trkpt lat="40.668825" lon="-73.969137">
        <ele>45.8</ele>
        <time>2026-04-01T19:33:13.000Z</time>
      </trkpt>
      <trkpt lat="40.668867" lon="-73.96915">
        <ele>46</ele>
        <time>2026-04-01T19:33:14.000Z</time>
      </trkpt>
      <trkpt lat="40.66891" lon="-73.969159">
        <ele>46.2</ele>
        <time>2026-04-01T19:33:15.000Z</time>
      </trkpt>
      <trkpt lat="40.668954" lon="-73.969163">
        <ele>46.4</ele>
        <time>2026-04-01T19:33:16.000Z</time>
      </trkpt>
      <trkpt lat="40.668999" lon="-73.969163">
        <ele>46.8</ele>
        <time>2026-04-01T19:33:17.000Z</time>
      </trkpt>
      <trkpt lat="40.669043" lon="-73.969159">
        <ele>47</ele>
        <time>2026-04-01T19:33:18.000Z</time>
      </trkpt>
      <trkpt lat="40.669086" lon="-73.969153">
        <ele>47.2</ele>
        <time>2026-04-01T19:33:19.000Z</time>
      </trkpt>
      <trkpt lat="40.669129" lon="-73.969144">
        <ele>47.4</ele>
        <time>2026-04-01T19:33:20.000Z</time>
      </trkpt>
      <trkpt lat="40.669172" lon="-73.969133">
        <ele>47.6</ele>
        <time>2026-04-01T19:33:21.000Z</time>
      </trkpt>
      <trkpt lat="40.669214" lon="-73.969118">
        <ele>47.8</ele>
        <time>2026-04-01T19:33:22.000Z</time>
      </trkpt>
      <trkpt lat="40.669255" lon="-73.969101">
        <ele>48</ele>
        <time>2026-04-01T19:33:23.000Z</time>
      </trkpt>
      <trkpt lat="40.669297" lon="-73.969081">
        <ele>48</ele>
        <time>2026-04-01T19:33:24.000Z</time>
      </trkpt>
      <trkpt lat="40.669338" lon="-73.969058">
        <ele>48.2</ele>
        <time>2026-04-01T19:33:25.000Z</time>
      </trkpt>
      <trkpt lat="40.66938" lon="-73.969033">
        <ele>48.4</ele>
        <time>2026-04-01T19:33:26.000Z</time>
      </trkpt>
      <trkpt lat="40.669424" lon="-73.969008">
        <ele>48.6</ele>
        <time>2026-04-01T19:33:27.000Z</time>
      </trkpt>
      <trkpt lat="40.669469" lon="-73.968983">
        <ele>48.6</ele>
        <time>2026-04-01T19:33:28.000Z</time>
      </trkpt>
      <trkpt lat="40.669514" lon="-73.968957">
        <ele>48.8</ele>
        <time>2026-04-01T19:33:29.000Z</time>
      </trkpt>
      <trkpt lat="40.66956" lon="-73.968928">
        <ele>49</ele>
        <time>2026-04-01T19:33:30.000Z</time>
      </trkpt>
      <trkpt lat="40.669606" lon="-73.968898">
        <ele>49</ele>
        <time>2026-04-01T19:33:31.000Z</time>
      </trkpt>
      <trkpt lat="40.669652" lon="-73.968867">
        <ele>49.2</ele>
        <time>2026-04-01T19:33:32.000Z</time>
      </trkpt>
      <trkpt lat="40.669697" lon="-73.968836">
        <ele>49.2</ele>
        <time>2026-04-01T19:33:33.000Z</time>
      </trkpt>
      <trkpt lat="40.669743" lon="-73.968804">
        <ele>49.4</ele>
        <time>2026-04-01T19:33:34.000Z</time>
      </trkpt>
      <trkpt lat="40.669788" lon="-73.968773">
        <ele>49.4</ele>
        <time>2026-04-01T19:33:35.000Z</time>
      </trkpt>
      <trkpt lat="40.669833" lon="-73.968743">
        <ele>49.6</ele>
        <time>2026-04-01T19:33:36.000Z</time>
      </trkpt>
      <trkpt lat="40.669879" lon="-73.968713">
        <ele>49.8</ele>
        <time>2026-04-01T19:33:37.000Z</time>
      </trkpt>
      <trkpt lat="40.669926" lon="-73.968685">
        <ele>49.8</ele>
        <time>2026-04-01T19:33:38.000Z</time>
      </trkpt>
      <trkpt lat="40.669974" lon="-73.96866">
        <ele>50</ele>
        <time>2026-04-01T19:33:39.000Z</time>
      </trkpt>
      <trkpt lat="40.670024" lon="-73.968638">
        <ele>50</ele>
        <time>2026-04-01T19:33:40.000Z</time>
      </trkpt>
      <trkpt lat="40.670074" lon="-73.968617">
        <ele>50.2</ele>
        <time>2026-04-01T19:33:41.000Z</time>
      </trkpt>
      <trkpt lat="40.670125" lon="-73.968599">
        <ele>50.2</ele>
        <time>2026-04-01T19:33:42.000Z</time>
      </trkpt>
      <trkpt lat="40.670176" lon="-73.968584">
        <ele>50.4</ele>
        <time>2026-04-01T19:33:43.000Z</time>
      </trkpt>
      <trkpt lat="40.670228" lon="-73.968573">
        <ele>50.6</ele>
        <time>2026-04-01T19:33:44.000Z</time>
      </trkpt>
      <trkpt lat="40.670281" lon="-73.968565">
        <ele>50.6</ele>
        <time>2026-04-01T19:33:45.000Z</time>
      </trkpt>
      <trkpt lat="40.670334" lon="-73.968561">
        <ele>50.8</ele>
        <time>2026-04-01T19:33:46.000Z</time>
      </trkpt>
      <trkpt lat="40.670386" lon="-73.968562">
        <ele>51</ele>
        <time>2026-04-01T19:33:47.000Z</time>
      </trkpt>
      <trkpt lat="40.670438" lon="-73.968567">
        <ele>51</ele>
        <time>2026-04-01T19:33:48.000Z</time>
      </trkpt>
      <trkpt lat="40.67049" lon="-73.968575">
        <ele>51.2</ele>
        <time>2026-04-01T19:33:49.000Z</time>
      </trkpt>
      <trkpt lat="40.670541" lon="-73.968587">
        <ele>51.2</ele>
        <time>2026-04-01T19:33:50.000Z</time>
      </trkpt>
      <trkpt lat="40.670591" lon="-73.968602">
        <ele>51.4</ele>
        <time>2026-04-01T19:33:51.000Z</time>
      </trkpt>
      <trkpt lat="40.67064" lon="-73.968622">
        <ele>51.4</ele>
        <time>2026-04-01T19:33:52.000Z</time>
      </trkpt>
      <trkpt lat="40.670687" lon="-73.968649">
        <ele>51.6</ele>
        <time>2026-04-01T19:33:53.000Z</time>
      </trkpt>
      <trkpt lat="40.670734" lon="-73.96868">
        <ele>51.6</ele>
        <time>2026-04-01T19:33:54.000Z</time>
      </trkpt>
      <trkpt lat="40.67078" lon="-73.968716">
        <ele>51.8</ele>
        <time>2026-04-01T19:33:55.000Z</time>
      </trkpt>
      <trkpt lat="40.670825" lon="-73.968756">
        <ele>51.8</ele>
        <time>2026-04-01T19:33:56.000Z</time>
      </trkpt>
      <trkpt lat="40.67087" lon="-73.9688">
        <ele>51.8</ele>
        <time>2026-04-01T19:33:57.000Z</time>
      </trkpt>
      <trkpt lat="40.670915" lon="-73.968847">
        <ele>52</ele>
        <time>2026-04-01T19:33:58.000Z</time>
      </trkpt>
      <trkpt lat="40.670959" lon="-73.968901">
        <ele>52</ele>
        <time>2026-04-01T19:33:59.000Z</time>
      </trkpt>
      <trkpt lat="40.671" lon="-73.968965">
        <ele>52</ele>
        <time>2026-04-01T19:34:00.000Z</time>
      </trkpt>
      <trkpt lat="40.67104" lon="-73.969035">
        <ele>52</ele>
        <time>2026-04-01T19:34:01.000Z</time>
      </trkpt>
      <trkpt lat="40.671077" lon="-73.969113">
        <ele>51.8</ele>
        <time>2026-04-01T19:34:02.000Z</time>
      </trkpt>
      <trkpt lat="40.671109" lon="-73.969196">
        <ele>51.8</ele>
        <time>2026-04-01T19:34:03.000Z</time>
      </trkpt>
      <trkpt lat="40.671135" lon="-73.969285">
        <ele>51.6</ele>
        <time>2026-04-01T19:34:04.000Z</time>
      </trkpt>
      <trkpt lat="40.671156" lon="-73.969376">
        <ele>51.6</ele>
        <time>2026-04-01T19:34:05.000Z</time>
      </trkpt>
      <trkpt lat="40.671173" lon="-73.969471">
        <ele>51.4</ele>
        <time>2026-04-01T19:34:06.000Z</time>
      </trkpt>
      <trkpt lat="40.671184" lon="-73.969569">
        <ele>51.4</ele>
        <time>2026-04-01T19:34:07.000Z</time>
      </trkpt>
      <trkpt lat="40.671188" lon="-73.969669">
        <ele>51.2</ele>
        <time>2026-04-01T19:34:08.000Z</time>
      </trkpt>
      <trkpt lat="40.671185" lon="-73.969771">
        <ele>51</ele>
        <time>2026-04-01T19:34:09.000Z</time>
      </trkpt>
      <trkpt lat="40.671177" lon="-73.96987">
        <ele>50.8</ele>
        <time>2026-04-01T19:34:10.000Z</time>
      </trkpt>
      <trkpt lat="40.671162" lon="-73.969966">
        <ele>50.6</ele>
        <time>2026-04-01T19:34:11.000Z</time>
      </trkpt>
      <trkpt lat="40.671142" lon="-73.970062">
        <ele>50.6</ele>
        <time>2026-04-01T19:34:12.000Z</time>
      </trkpt>
      <trkpt lat="40.671115" lon="-73.970156">
        <ele>50.4</ele>
        <time>2026-04-01T19:34:13.000Z</time>
      </trkpt>
      <trkpt lat="40.671083" lon="-73.970245">
        <ele>50.4</ele>
        <time>2026-04-01T19:34:14.000Z</time>
      </trkpt>
      <trkpt lat="40.671045" lon="-73.970327">
        <ele>50.2</ele>
        <time>2026-04-01T19:34:15.000Z</time>
      </trkpt>
      <trkpt lat="40.671003" lon="-73.970402">
        <ele>50.2</ele>
        <time>2026-04-01T19:34:16.000Z</time>
      </trkpt>
      <trkpt lat="40.670957" lon="-73.97047">
        <ele>50.2</ele>
        <time>2026-04-01T19:34:17.000Z</time>
      </trkpt>
      <trkpt lat="40.67091" lon="-73.970529">
        <ele>50.2</ele>
        <time>2026-04-01T19:34:18.000Z</time>
      </trkpt>
      <trkpt lat="40.670859" lon="-73.970581">
        <ele>50.2</ele>
        <time>2026-04-01T19:34:19.000Z</time>
      </trkpt>
      <trkpt lat="40.670805" lon="-73.970629">
        <ele>50.2</ele>
        <time>2026-04-01T19:34:20.000Z</time>
      </trkpt>
      <trkpt lat="40.670749" lon="-73.970674">
        <ele>50.2</ele>
        <time>2026-04-01T19:34:21.000Z</time>
      </trkpt>
      <trkpt lat="40.67069" lon="-73.970718">
        <ele>50.4</ele>
        <time>2026-04-01T19:34:22.000Z</time>
      </trkpt>
      <trkpt lat="40.670629" lon="-73.970759">
        <ele>50.4</ele>
        <time>2026-04-01T19:34:23.000Z</time>
      </trkpt>
      <trkpt lat="40.670566" lon="-73.970804">
        <ele>50.4</ele>
        <time>2026-04-01T19:34:24.000Z</time>
      </trkpt>
      <trkpt lat="40.670502" lon="-73.970847">
        <ele>50.6</ele>
        <time>2026-04-01T19:34:25.000Z</time>
      </trkpt>
      <trkpt lat="40.670437" lon="-73.970885">
        <ele>50.6</ele>
        <time>2026-04-01T19:34:26.000Z</time>
      </trkpt>
      <trkpt lat="40.670374" lon="-73.970925">
        <ele>50.6</ele>
        <time>2026-04-01T19:34:27.000Z</time>
      </trkpt>
      <trkpt lat="40.670311" lon="-73.970967">
        <ele>50.6</ele>
        <time>2026-04-01T19:34:28.000Z</time>
      </trkpt>
      <trkpt lat="40.670247" lon="-73.971008">
        <ele>50.6</ele>
        <time>2026-04-01T19:34:29.000Z</time>
      </trkpt>
      <trkpt lat="40.670183" lon="-73.97105">
        <ele>50.6</ele>
        <time>2026-04-01T19:34:30.000Z</time>
      </trkpt>
      <trkpt lat="40.670119" lon="-73.971093">
        <ele>50.6</ele>
        <time>2026-04-01T19:34:31.000Z</time>
      </trkpt>
      <trkpt lat="40.670057" lon="-73.971141">
        <ele>50.6</ele>
        <time>2026-04-01T19:34:32.000Z</time>
      </trkpt>
      <trkpt lat="40.669995" lon="-73.971193">
        <ele>50.6</ele>
        <time>2026-04-01T19:34:33.000Z</time>
      </trkpt>
      <trkpt lat="40.669935" lon="-73.971249">
        <ele>50.4</ele>
        <time>2026-04-01T19:34:34.000Z</time>
      </trkpt>
      <trkpt lat="40.669876" lon="-73.97131">
        <ele>50.4</ele>
        <time>2026-04-01T19:34:35.000Z</time>
      </trkpt>
      <trkpt lat="40.669818" lon="-73.971374">
        <ele>50.4</ele>
        <time>2026-04-01T19:34:36.000Z</time>
      </trkpt>
      <trkpt lat="40.66976" lon="-73.971439">
        <ele>50.2</ele>
        <time>2026-04-01T19:34:37.000Z</time>
      </trkpt>
      <trkpt lat="40.669701" lon="-73.971504">
        <ele>50</ele>
        <time>2026-04-01T19:34:38.000Z</time>
      </trkpt>
      <trkpt lat="40.669641" lon="-73.971571">
        <ele>50</ele>
        <time>2026-04-01T19:34:39.000Z</time>
      </trkpt>
      <trkpt lat="40.669581" lon="-73.971639">
        <ele>49.8</ele>
        <time>2026-04-01T19:34:40.000Z</time>
      </trkpt>
      <trkpt lat="40.66952" lon="-73.971707">
        <ele>49.6</ele>
        <time>2026-04-01T19:34:41.000Z</time>
      </trkpt>
      <trkpt lat="40.669458" lon="-73.971774">
        <ele>49.4</ele>
        <time>2026-04-01T19:34:42.000Z</time>
      </trkpt>
      <trkpt lat="40.669394" lon="-73.971839">
        <ele>49.2</ele>
        <time>2026-04-01T19:34:43.000Z</time>
      </trkpt>
      <trkpt lat="40.669327" lon="-73.9719">
        <ele>49</ele>
        <time>2026-04-01T19:34:44.000Z</time>
      </trkpt>
      <trkpt lat="40.66926" lon="-73.971963">
        <ele>48.8</ele>
        <time>2026-04-01T19:34:45.000Z</time>
      </trkpt>
      <trkpt lat="40.669191" lon="-73.972022">
        <ele>48.6</ele>
        <time>2026-04-01T19:34:46.000Z</time>
      </trkpt>
      <trkpt lat="40.669117" lon="-73.972069">
        <ele>48.4</ele>
        <time>2026-04-01T19:34:47.000Z</time>
      </trkpt>
      <trkpt lat="40.669039" lon="-73.972107">
        <ele>48.4</ele>
        <time>2026-04-01T19:34:48.000Z</time>
      </trkpt>
      <trkpt lat="40.668961" lon="-73.972142">
        <ele>48.2</ele>
        <time>2026-04-01T19:34:49.000Z</time>
      </trkpt>
      <trkpt lat="40.668886" lon="-73.972176">
        <ele>48</ele>
        <time>2026-04-01T19:34:50.000Z</time>
      </trkpt>
      <trkpt lat="40.66881" lon="-73.972205">
        <ele>48</ele>
        <time>2026-04-01T19:34:51.000Z</time>
      </trkpt>
      <trkpt lat="40.668736" lon="-73.972228">
        <ele>48</ele>
        <time>2026-04-01T19:34:52.000Z</time>
      </trkpt>
      <trkpt lat="40.668665" lon="-73.972248">
        <ele>47.8</ele>
        <time>2026-04-01T19:34:53.000Z</time>
      </trkpt>
      <trkpt lat="40.668594" lon="-73.972266">
        <ele>47.8</ele>
        <time>2026-04-01T19:34:54.000Z</time>
      </trkpt>
      <trkpt lat="40.668523" lon="-73.972281">
        <ele>47.8</ele>
        <time>2026-04-01T19:34:55.000Z</time>
      </trkpt>
      <trkpt lat="40.668453" lon="-73.972296">
        <ele>47.8</ele>
        <time>2026-04-01T19:34:56.000Z</time>
      </trkpt>
      <trkpt lat="40.668383" lon="-73.972312">
        <ele>48</ele>
        <time>2026-04-01T19:34:57.000Z</time>
      </trkpt>
      <trkpt lat="40.668312" lon="-73.972329">
        <ele>48</ele>
        <time>2026-04-01T19:34:58.000Z</time>
      </trkpt>
      <trkpt lat="40.668241" lon="-73.972344">
        <ele>48</ele>
        <time>2026-04-01T19:34:59.000Z</time>
      </trkpt>
      <trkpt lat="40.668169" lon="-73.972356">
        <ele>48</ele>
        <time>2026-04-01T19:35:00.000Z</time>
      </trkpt>
      <trkpt lat="40.668097" lon="-73.972365">
        <ele>48</ele>
        <time>2026-04-01T19:35:01.000Z</time>
      </trkpt>
      <trkpt lat="40.668026" lon="-73.972373">
        <ele>48</ele>
        <time>2026-04-01T19:35:02.000Z</time>
      </trkpt>
      <trkpt lat="40.667956" lon="-73.972377">
        <ele>48.2</ele>
        <time>2026-04-01T19:35:03.000Z</time>
      </trkpt>
      <trkpt lat="40.667888" lon="-73.972377">
        <ele>48.2</ele>
        <time>2026-04-01T19:35:04.000Z</time>
      </trkpt>
      <trkpt lat="40.667822" lon="-73.972374">
        <ele>48.2</ele>
        <time>2026-04-01T19:35:05.000Z</time>
      </trkpt>
      <trkpt lat="40.667756" lon="-73.972371">
        <ele>48.4</ele>
        <time>2026-04-01T19:35:06.000Z</time>
      </trkpt>
      <trkpt lat="40.667691" lon="-73.972366">
        <ele>48.4</ele>
        <time>2026-04-01T19:35:07.000Z</time>
      </trkpt>
      <trkpt lat="40.667627" lon="-73.972358">
        <ele>48.4</ele>
        <time>2026-04-01T19:35:08.000Z</time>
      </trkpt>
      <trkpt lat="40.667564" lon="-73.972349">
        <ele>48.6</ele>
        <time>2026-04-01T19:35:09.000Z</time>
      </trkpt>
      <trkpt lat="40.667502" lon="-73.972341">
        <ele>48.6</ele>
        <time>2026-04-01T19:35:10.000Z</time>
      </trkpt>
      <trkpt lat="40.667441" lon="-73.972332">
        <ele>48.6</ele>
        <time>2026-04-01T19:35:11.000Z</time>
      </trkpt>
      <trkpt lat="40.66738" lon="-73.972323">
        <ele>48.6</ele>
        <time>2026-04-01T19:35:12.000Z</time>
      </trkpt>
      <trkpt lat="40.667319" lon="-73.972313">
        <ele>48.8</ele>
        <time>2026-04-01T19:35:13.000Z</time>
      </trkpt>
      <trkpt lat="40.667258" lon="-73.972301">
        <ele>48.8</ele>
        <time>2026-04-01T19:35:14.000Z</time>
      </trkpt>
      <trkpt lat="40.667196" lon="-73.972288">
        <ele>48.6</ele>
        <time>2026-04-01T19:35:15.000Z</time>
      </trkpt>
      <trkpt lat="40.667133" lon="-73.972274">
        <ele>48.6</ele>
        <time>2026-04-01T19:35:16.000Z</time>
      </trkpt>
      <trkpt lat="40.667068" lon="-73.972259">
        <ele>48.6</ele>
        <time>2026-04-01T19:35:17.000Z</time>
      </trkpt>
      <trkpt lat="40.667001" lon="-73.972245">
        <ele>48.6</ele>
        <time>2026-04-01T19:35:18.000Z</time>
      </trkpt>
      <trkpt lat="40.666934" lon="-73.97223">
        <ele>48.4</ele>
        <time>2026-04-01T19:35:19.000Z</time>
      </trkpt>
      <trkpt lat="40.666865" lon="-73.972216">
        <ele>48.4</ele>
        <time>2026-04-01T19:35:20.000Z</time>
      </trkpt>
      <trkpt lat="40.666793" lon="-73.972208">
        <ele>48.4</ele>
        <time>2026-04-01T19:35:21.000Z</time>
      </trkpt>
      <trkpt lat="40.66672" lon="-73.972207">
        <ele>48.2</ele>
        <time>2026-04-01T19:35:22.000Z</time>
      </trkpt>
      <trkpt lat="40.666647" lon="-73.972211">
        <ele>48.2</ele>
        <time>2026-04-01T19:35:23.000Z</time>
      </trkpt>
      <trkpt lat="40.666574" lon="-73.97222">
        <ele>48.2</ele>
        <time>2026-04-01T19:35:24.000Z</time>
      </trkpt>
      <trkpt lat="40.666501" lon="-73.972231">
        <ele>48</ele>
        <time>2026-04-01T19:35:25.000Z</time>
      </trkpt>
      <trkpt lat="40.666429" lon="-73.972242">
        <ele>48</ele>
        <time>2026-04-01T19:35:26.000Z</time>
      </trkpt>
      <trkpt lat="40.666357" lon="-73.972252">
        <ele>48</ele>
        <time>2026-04-01T19:35:27.000Z</time>
      </trkpt>
      <trkpt lat="40.666288" lon="-73.972268">
        <ele>48</ele>
        <time>2026-04-01T19:35:28.000Z</time>
      </trkpt>
      <trkpt lat="40.666221" lon="-73.972291">
        <ele>48</ele>
        <time>2026-04-01T19:35:29.000Z</time>
      </trkpt>
      <trkpt lat="40.666156" lon="-73.972319">
        <ele>48</ele>
        <time>2026-04-01T19:35:30.000Z</time>
      </trkpt>
      <trkpt lat="40.666094" lon="-73.972348">
        <ele>48.2</ele>
        <time>2026-04-01T19:35:31.000Z</time>
      </trkpt>
      <trkpt lat="40.666035" lon="-73.972379">
        <ele>48.2</ele>
        <time>2026-04-01T19:35:32.000Z</time>
      </trkpt>
      <trkpt lat="40.665975" lon="-73.972415">
        <ele>48.4</ele>
        <time>2026-04-01T19:35:33.000Z</time>
      </trkpt>
      <trkpt lat="40.665912" lon="-73.972457">
        <ele>48.4</ele>
        <time>2026-04-01T19:35:34.000Z</time>
      </trkpt>
      <trkpt lat="40.665851" lon="-73.972506">
        <ele>48.6</ele>
        <time>2026-04-01T19:35:35.000Z</time>
      </trkpt>
      <trkpt lat="40.665791" lon="-73.972559">
        <ele>48.8</ele>
        <time>2026-04-01T19:35:36.000Z</time>
      </trkpt>
      <trkpt lat="40.66573" lon="-73.972613">
        <ele>49</ele>
        <time>2026-04-01T19:35:37.000Z</time>
      </trkpt>
      <trkpt lat="40.665667" lon="-73.972669">
        <ele>49.2</ele>
        <time>2026-04-01T19:35:38.000Z</time>
      </trkpt>
      <trkpt lat="40.665604" lon="-73.972726">
        <ele>49.4</ele>
        <time>2026-04-01T19:35:39.000Z</time>
      </trkpt>
      <trkpt lat="40.665541" lon="-73.972789">
        <ele>49.4</ele>
        <time>2026-04-01T19:35:40.000Z</time>
      </trkpt>
      <trkpt lat="40.665479" lon="-73.972857">
        <ele>49.6</ele>
        <time>2026-04-01T19:35:41.000Z</time>
      </trkpt>
      <trkpt lat="40.665418" lon="-73.97293">
        <ele>49.8</ele>
        <time>2026-04-01T19:35:42.000Z</time>
      </trkpt>
      <trkpt lat="40.665357" lon="-73.973005">
        <ele>49.8</ele>
        <time>2026-04-01T19:35:43.000Z</time>
      </trkpt>
      <trkpt lat="40.665296" lon="-73.973082">
        <ele>50</ele>
        <time>2026-04-01T19:35:44.000Z</time>
      </trkpt>
      <trkpt lat="40.665232" lon="-73.973157">
        <ele>50</ele>
        <time>2026-04-01T19:35:45.000Z</time>
      </trkpt>
      <trkpt lat="40.665166" lon="-73.973225">
        <ele>50.2</ele>
        <time>2026-04-01T19:35:46.000Z</time>
      </trkpt>
      <trkpt lat="40.665099" lon="-73.973283">
        <ele>50.2</ele>
        <time>2026-04-01T19:35:47.000Z</time>
      </trkpt>
      <trkpt lat="40.665031" lon="-73.973333">
        <ele>50.2</ele>
        <time>2026-04-01T19:35:48.000Z</time>
      </trkpt>
      <trkpt lat="40.664962" lon="-73.973377">
        <ele>50.4</ele>
        <time>2026-04-01T19:35:49.000Z</time>
      </trkpt>
      <trkpt lat="40.664893" lon="-73.973416">
        <ele>50.4</ele>
        <time>2026-04-01T19:35:50.000Z</time>
      </trkpt>
      <trkpt lat="40.664826" lon="-73.973453">
        <ele>50.4</ele>
        <time>2026-04-01T19:35:51.000Z</time>
      </trkpt>
      <trkpt lat="40.66476" lon="-73.973489">
        <ele>50.4</ele>
        <time>2026-04-01T19:35:52.000Z</time>
      </trkpt>
      <trkpt lat="40.664694" lon="-73.973524">
        <ele>50.4</ele>
        <time>2026-04-01T19:35:53.000Z</time>
      </trkpt>
      <trkpt lat="40.664625" lon="-73.973554">
        <ele>50.4</ele>
        <time>2026-04-01T19:35:54.000Z</time>
      </trkpt>
      <trkpt lat="40.664555" lon="-73.973581">
        <ele>50.4</ele>
        <time>2026-04-01T19:35:55.000Z</time>
      </trkpt>
      <trkpt lat="40.664484" lon="-73.973616">
        <ele>50.4</ele>
        <time>2026-04-01T19:35:56.000Z</time>
      </trkpt>
      <trkpt lat="40.664419" lon="-73.973669">
        <ele>50.4</ele>
        <time>2026-04-01T19:35:57.000Z</time>
      </trkpt>
      <trkpt lat="40.664356" lon="-73.973734">
        <ele>50.4</ele>
        <time>2026-04-01T19:35:58.000Z</time>
      </trkpt>
      <trkpt lat="40.664293" lon="-73.973798">
        <ele>50.4</ele>
        <time>2026-04-01T19:35:59.000Z</time>
      </trkpt>
      <trkpt lat="40.664227" lon="-73.973859">
        <ele>50.6</ele>
        <time>2026-04-01T19:36:00.000Z</time>
      </trkpt>
      <trkpt lat="40.664159" lon="-73.973919">
        <ele>50.6</ele>
        <time>2026-04-01T19:36:01.000Z</time>
      </trkpt>
      <trkpt lat="40.664092" lon="-73.973983">
        <ele>50.6</ele>
        <time>2026-04-01T19:36:02.000Z</time>
      </trkpt>
      <trkpt lat="40.664026" lon="-73.97405">
        <ele>50.4</ele>
        <time>2026-04-01T19:36:03.000Z</time>
      </trkpt>
      <trkpt lat="40.663963" lon="-73.974119">
        <ele>50.4</ele>
        <time>2026-04-01T19:36:04.000Z</time>
      </trkpt>
      <trkpt lat="40.663899" lon="-73.974189">
        <ele>50.4</ele>
        <time>2026-04-01T19:36:05.000Z</time>
      </trkpt>
      <trkpt lat="40.663838" lon="-73.974258">
        <ele>50.2</ele>
        <time>2026-04-01T19:36:06.000Z</time>
      </trkpt>
      <trkpt lat="40.663777" lon="-73.974328">
        <ele>50.2</ele>
        <time>2026-04-01T19:36:07.000Z</time>
      </trkpt>
      <trkpt lat="40.663718" lon="-73.974398">
        <ele>50</ele>
        <time>2026-04-01T19:36:08.000Z</time>
      </trkpt>
      <trkpt lat="40.663659" lon="-73.97447">
        <ele>50</ele>
        <time>2026-04-01T19:36:09.000Z</time>
      </trkpt>
      <trkpt lat="40.663602" lon="-73.974543">
        <ele>49.8</ele>
        <time>2026-04-01T19:36:10.000Z</time>
      </trkpt>
      <trkpt lat="40.663546" lon="-73.974616">
        <ele>49.8</ele>
        <time>2026-04-01T19:36:11.000Z</time>
      </trkpt>
      <trkpt lat="40.663492" lon="-73.974688">
        <ele>49.8</ele>
        <time>2026-04-01T19:36:12.000Z</time>
      </trkpt>
      <trkpt lat="40.66344" lon="-73.97476">
        <ele>49.8</ele>
        <time>2026-04-01T19:36:13.000Z</time>
      </trkpt>
      <trkpt lat="40.663388" lon="-73.97483">
        <ele>49.8</ele>
        <time>2026-04-01T19:36:14.000Z</time>
      </trkpt>
      <trkpt lat="40.663339" lon="-73.974899">
        <ele>49.8</ele>
        <time>2026-04-01T19:36:15.000Z</time>
      </trkpt>
      <trkpt lat="40.663293" lon="-73.974971">
        <ele>49.8</ele>
        <time>2026-04-01T19:36:16.000Z</time>
      </trkpt>
      <trkpt lat="40.663251" lon="-73.975049">
        <ele>49.8</ele>
        <time>2026-04-01T19:36:17.000Z</time>
      </trkpt>
      <trkpt lat="40.663215" lon="-73.975131">
        <ele>49.8</ele>
        <time>2026-04-01T19:36:18.000Z</time>
      </trkpt>
      <trkpt lat="40.663181" lon="-73.975214">
        <ele>50</ele>
        <time>2026-04-01T19:36:19.000Z</time>
      </trkpt>
      <trkpt lat="40.663147" lon="-73.975298">
        <ele>50</ele>
        <time>2026-04-01T19:36:20.000Z</time>
      </trkpt>
      <trkpt lat="40.663111" lon="-73.975382">
        <ele>50</ele>
        <time>2026-04-01T19:36:21.000Z</time>
      </trkpt>
      <trkpt lat="40.663076" lon="-73.975461">
        <ele>50</ele>
        <time>2026-04-01T19:36:22.000Z</time>
      </trkpt>
      <trkpt lat="40.663041" lon="-73.975539">
        <ele>50</ele>
        <time>2026-04-01T19:36:23.000Z</time>
      </trkpt>
      <trkpt lat="40.663006" lon="-73.975618">
        <ele>50.2</ele>
        <time>2026-04-01T19:36:24.000Z</time>
      </trkpt>
      <trkpt lat="40.662971" lon="-73.975696">
        <ele>50.2</ele>
        <time>2026-04-01T19:36:25.000Z</time>
      </trkpt>
      <trkpt lat="40.662934" lon="-73.975774">
        <ele>50.2</ele>
        <time>2026-04-01T19:36:26.000Z</time>
      </trkpt>
      <trkpt lat="40.662897" lon="-73.975851">
        <ele>50.2</ele>
        <time>2026-04-01T19:36:27.000Z</time>
      </trkpt>
      <trkpt lat="40.662861" lon="-73.975928">
        <ele>50.2</ele>
        <time>2026-04-01T19:36:28.000Z</time>
      </trkpt>
      <trkpt lat="40.662826" lon="-73.976005">
        <ele>50.2</ele>
        <time>2026-04-01T19:36:29.000Z</time>
      </trkpt>
      <trkpt lat="40.66279" lon="-73.976081">
        <ele>50.2</ele>
        <time>2026-04-01T19:36:30.000Z</time>
      </trkpt>
      <trkpt lat="40.662754" lon="-73.976156">
        <ele>50.4</ele>
        <time>2026-04-01T19:36:31.000Z</time>
      </trkpt>
      <trkpt lat="40.662719" lon="-73.97623">
        <ele>50.4</ele>
        <time>2026-04-01T19:36:32.000Z</time>
      </trkpt>
      <trkpt lat="40.662686" lon="-73.976308">
        <ele>50.6</ele>
        <time>2026-04-01T19:36:33.000Z</time>
      </trkpt>
      <trkpt lat="40.662651" lon="-73.976386">
        <ele>50.6</ele>
        <time>2026-04-01T19:36:34.000Z</time>
      </trkpt>
      <trkpt lat="40.662612" lon="-73.976463">
        <ele>50.6</ele>
        <time>2026-04-01T19:36:35.000Z</time>
      </trkpt>
      <trkpt lat="40.662571" lon="-73.976538">
        <ele>50.6</ele>
        <time>2026-04-01T19:36:36.000Z</time>
      </trkpt>
      <trkpt lat="40.66253" lon="-73.976613">
        <ele>50.8</ele>
        <time>2026-04-01T19:36:37.000Z</time>
      </trkpt>
      <trkpt lat="40.662486" lon="-73.976686">
        <ele>50.8</ele>
        <time>2026-04-01T19:36:38.000Z</time>
      </trkpt>
      <trkpt lat="40.66244" lon="-73.976757">
        <ele>50.6</ele>
        <time>2026-04-01T19:36:39.000Z</time>
      </trkpt>
      <trkpt lat="40.662392" lon="-73.976824">
        <ele>50.6</ele>
        <time>2026-04-01T19:36:40.000Z</time>
      </trkpt>
      <trkpt lat="40.662343" lon="-73.976892">
        <ele>50.6</ele>
        <time>2026-04-01T19:36:41.000Z</time>
      </trkpt>
      <trkpt lat="40.662293" lon="-73.976962">
        <ele>50.6</ele>
        <time>2026-04-01T19:36:42.000Z</time>
      </trkpt>
      <trkpt lat="40.66224" lon="-73.977033">
        <ele>50.4</ele>
        <time>2026-04-01T19:36:43.000Z</time>
      </trkpt>
      <trkpt lat="40.662182" lon="-73.977099">
        <ele>50.4</ele>
        <time>2026-04-01T19:36:44.000Z</time>
      </trkpt>
      <trkpt lat="40.662118" lon="-73.97716">
        <ele>50.2</ele>
        <time>2026-04-01T19:36:45.000Z</time>
      </trkpt>
      <trkpt lat="40.662052" lon="-73.977219">
        <ele>50</ele>
        <time>2026-04-01T19:36:46.000Z</time>
      </trkpt>
      <trkpt lat="40.661984" lon="-73.977278">
        <ele>49.8</ele>
        <time>2026-04-01T19:36:47.000Z</time>
      </trkpt>
      <trkpt lat="40.661915" lon="-73.977338">
        <ele>49.6</ele>
        <time>2026-04-01T19:36:48.000Z</time>
      </trkpt>
      <trkpt lat="40.661842" lon="-73.977398">
        <ele>49.4</ele>
        <time>2026-04-01T19:36:49.000Z</time>
      </trkpt>
      <trkpt lat="40.661767" lon="-73.977454">
        <ele>49.2</ele>
        <time>2026-04-01T19:36:50.000Z</time>
      </trkpt>
      <trkpt lat="40.661691" lon="-73.977504">
        <ele>49</ele>
        <time>2026-04-01T19:36:51.000Z</time>
      </trkpt>
      <trkpt lat="40.661614" lon="-73.977545">
        <ele>48.6</ele>
        <time>2026-04-01T19:36:52.000Z</time>
      </trkpt>
      <trkpt lat="40.661535" lon="-73.97758">
        <ele>48.4</ele>
        <time>2026-04-01T19:36:53.000Z</time>
      </trkpt>
      <trkpt lat="40.661457" lon="-73.977606">
        <ele>48.2</ele>
        <time>2026-04-01T19:36:54.000Z</time>
      </trkpt>
      <trkpt lat="40.661378" lon="-73.977623">
        <ele>48</ele>
        <time>2026-04-01T19:36:55.000Z</time>
      </trkpt>
      <trkpt lat="40.661301" lon="-73.97763">
        <ele>47.8</ele>
        <time>2026-04-01T19:36:56.000Z</time>
      </trkpt>
      <trkpt lat="40.661224" lon="-73.97763">
        <ele>47.6</ele>
        <time>2026-04-01T19:36:57.000Z</time>
      </trkpt>
      <trkpt lat="40.661148" lon="-73.977623">
        <ele>47.6</ele>
        <time>2026-04-01T19:36:58.000Z</time>
      </trkpt>
      <trkpt lat="40.661076" lon="-73.97761">
        <ele>47.4</ele>
        <time>2026-04-01T19:36:59.000Z</time>
      </trkpt>
      <trkpt lat="40.661005" lon="-73.977591">
        <ele>47.4</ele>
        <time>2026-04-01T19:37:00.000Z</time>
      </trkpt>
      <trkpt lat="40.660937" lon="-73.977566">
        <ele>47.2</ele>
        <time>2026-04-01T19:37:01.000Z</time>
      </trkpt>
      <trkpt lat="40.660871" lon="-73.977536">
        <ele>47.2</ele>
        <time>2026-04-01T19:37:02.000Z</time>
      </trkpt>
      <trkpt lat="40.660808" lon="-73.977497">
        <ele>47.2</ele>
        <time>2026-04-01T19:37:03.000Z</time>
      </trkpt>
      <trkpt lat="40.660749" lon="-73.977451">
        <ele>47.2</ele>
        <time>2026-04-01T19:37:04.000Z</time>
      </trkpt>
      <trkpt lat="40.660694" lon="-73.977397">
        <ele>47.2</ele>
        <time>2026-04-01T19:37:05.000Z</time>
      </trkpt>
      <trkpt lat="40.660641" lon="-73.977339">
        <ele>47.4</ele>
        <time>2026-04-01T19:37:06.000Z</time>
      </trkpt>
      <trkpt lat="40.660589" lon="-73.977277">
        <ele>47.4</ele>
        <time>2026-04-01T19:37:07.000Z</time>
      </trkpt>
      <trkpt lat="40.660538" lon="-73.977213">
        <ele>47.4</ele>
        <time>2026-04-01T19:37:08.000Z</time>
      </trkpt>
      <trkpt lat="40.66049" lon="-73.977145">
        <ele>47.4</ele>
        <time>2026-04-01T19:37:09.000Z</time>
      </trkpt>
      <trkpt lat="40.660445" lon="-73.977071">
        <ele>47.2</ele>
        <time>2026-04-01T19:37:10.000Z</time>
      </trkpt>
      <trkpt lat="40.660402" lon="-73.976993">
        <ele>47.2</ele>
        <time>2026-04-01T19:37:11.000Z</time>
      </trkpt>
      <trkpt lat="40.660359" lon="-73.976911">
        <ele>47.2</ele>
        <time>2026-04-01T19:37:12.000Z</time>
      </trkpt>
      <trkpt lat="40.660318" lon="-73.976825">
        <ele>47</ele>
        <time>2026-04-01T19:37:13.000Z</time>
      </trkpt>
      <trkpt lat="40.660281" lon="-73.976735">
        <ele>47</ele>
        <time>2026-04-01T19:37:14.000Z</time>
      </trkpt>
      <trkpt lat="40.660247" lon="-73.976639">
        <ele>46.8</ele>
        <time>2026-04-01T19:37:15.000Z</time>
      </trkpt>
      <trkpt lat="40.660217" lon="-73.97654">
        <ele>46.8</ele>
        <time>2026-04-01T19:37:16.000Z</time>
      </trkpt>
      <trkpt lat="40.660191" lon="-73.976437">
        <ele>46.6</ele>
        <time>2026-04-01T19:37:17.000Z</time>
      </trkpt>
      <trkpt lat="40.660168" lon="-73.976331">
        <ele>46.4</ele>
        <time>2026-04-01T19:37:18.000Z</time>
      </trkpt>
      <trkpt lat="40.660149" lon="-73.976222">
        <ele>46.2</ele>
        <time>2026-04-01T19:37:19.000Z</time>
      </trkpt>
      <trkpt lat="40.660132" lon="-73.97611">
        <ele>46.2</ele>
        <time>2026-04-01T19:37:20.000Z</time>
      </trkpt>
      <trkpt lat="40.660113" lon="-73.975997">
        <ele>46</ele>
        <time>2026-04-01T19:37:21.000Z</time>
      </trkpt>
      <trkpt lat="40.660091" lon="-73.975881">
        <ele>45.8</ele>
        <time>2026-04-01T19:37:22.000Z</time>
      </trkpt>
      <trkpt lat="40.660063" lon="-73.975762">
        <ele>45.6</ele>
        <time>2026-04-01T19:37:23.000Z</time>
      </trkpt>
      <trkpt lat="40.660027" lon="-73.975648">
        <ele>45.4</ele>
        <time>2026-04-01T19:37:24.000Z</time>
      </trkpt>
      <trkpt lat="40.659983" lon="-73.975536">
        <ele>45.2</ele>
        <time>2026-04-01T19:37:25.000Z</time>
      </trkpt>
      <trkpt lat="40.659935" lon="-73.975426">
        <ele>45</ele>
        <time>2026-04-01T19:37:26.000Z</time>
      </trkpt>
      <trkpt lat="40.659884" lon="-73.975317">
        <ele>44.8</ele>
        <time>2026-04-01T19:37:27.000Z</time>
      </trkpt>
      <trkpt lat="40.659831" lon="-73.975212">
        <ele>44.6</ele>
        <time>2026-04-01T19:37:28.000Z</time>
      </trkpt>
      <trkpt lat="40.659774" lon="-73.975112">
        <ele>44.4</ele>
        <time>2026-04-01T19:37:29.000Z</time>
      </trkpt>
      <trkpt lat="40.659712" lon="-73.975019">
        <ele>44.4</ele>
        <time>2026-04-01T19:37:30.000Z</time>
      </trkpt>
      <trkpt lat="40.659645" lon="-73.974935">
        <ele>44.2</ele>
        <time>2026-04-01T19:37:31.000Z</time>
      </trkpt>
      <trkpt lat="40.659577" lon="-73.974858">
        <ele>44</ele>
        <time>2026-04-01T19:37:32.000Z</time>
      </trkpt>
      <trkpt lat="40.65951" lon="-73.974784">
        <ele>44</ele>
        <time>2026-04-01T19:37:33.000Z</time>
      </trkpt>
      <trkpt lat="40.659446" lon="-73.974711">
        <ele>44</ele>
        <time>2026-04-01T19:37:34.000Z</time>
      </trkpt>
      <trkpt lat="40.659385" lon="-73.974638">
        <ele>43.8</ele>
        <time>2026-04-01T19:37:35.000Z</time>
      </trkpt>
      <trkpt lat="40.659329" lon="-73.974562">
        <ele>43.8</ele>
        <time>2026-04-01T19:37:36.000Z</time>
      </trkpt>
      <trkpt lat="40.659279" lon="-73.97448">
        <ele>43.8</ele>
        <time>2026-04-01T19:37:37.000Z</time>
      </trkpt>
      <trkpt lat="40.659236" lon="-73.974395">
        <ele>43.8</ele>
        <time>2026-04-01T19:37:38.000Z</time>
      </trkpt>
      <trkpt lat="40.659195" lon="-73.974306">
        <ele>43.8</ele>
        <time>2026-04-01T19:37:39.000Z</time>
      </trkpt>
      <trkpt lat="40.659155" lon="-73.974217">
        <ele>43.8</ele>
        <time>2026-04-01T19:37:40.000Z</time>
      </trkpt>
      <trkpt lat="40.659115" lon="-73.974128">
        <ele>43.8</ele>
        <time>2026-04-01T19:37:41.000Z</time>
      </trkpt>
      <trkpt lat="40.659075" lon="-73.974038">
        <ele>43.6</ele>
        <time>2026-04-01T19:37:42.000Z</time>
      </trkpt>
      <trkpt lat="40.659034" lon="-73.973948">
        <ele>43.6</ele>
        <time>2026-04-01T19:37:43.000Z</time>
      </trkpt>
      <trkpt lat="40.65899" lon="-73.973858">
        <ele>43.6</ele>
        <time>2026-04-01T19:37:44.000Z</time>
      </trkpt>
      <trkpt lat="40.658944" lon="-73.97377">
        <ele>43.6</ele>
        <time>2026-04-01T19:37:45.000Z</time>
      </trkpt>
      <trkpt lat="40.658894" lon="-73.973684">
        <ele>43.4</ele>
        <time>2026-04-01T19:37:46.000Z</time>
      </trkpt>
      <trkpt lat="40.658838" lon="-73.973601">
        <ele>43.4</ele>
        <time>2026-04-01T19:37:47.000Z</time>
      </trkpt>
      <trkpt lat="40.658779" lon="-73.973522">
        <ele>43.2</ele>
        <time>2026-04-01T19:37:48.000Z</time>
      </trkpt>
      <trkpt lat="40.658715" lon="-73.973448">
        <ele>43</ele>
        <time>2026-04-01T19:37:49.000Z</time>
      </trkpt>
      <trkpt lat="40.658647" lon="-73.97338">
        <ele>42.8</ele>
        <time>2026-04-01T19:37:50.000Z</time>
      </trkpt>
      <trkpt lat="40.658577" lon="-73.973319">
        <ele>42.6</ele>
        <time>2026-04-01T19:37:51.000Z</time>
      </trkpt>
      <trkpt lat="40.658503" lon="-73.973266">
        <ele>42.4</ele>
        <time>2026-04-01T19:37:52.000Z</time>
      </trkpt>
      <trkpt lat="40.658424" lon="-73.973218">
        <ele>42</ele>
        <time>2026-04-01T19:37:53.000Z</time>
      </trkpt>
      <trkpt lat="40.658342" lon="-73.973176">
        <ele>41.8</ele>
        <time>2026-04-01T19:37:54.000Z</time>
      </trkpt>
      <trkpt lat="40.658258" lon="-73.973139">
        <ele>41.6</ele>
        <time>2026-04-01T19:37:55.000Z</time>
      </trkpt>
      <trkpt lat="40.658172" lon="-73.97311">
        <ele>41.4</ele>
        <time>2026-04-01T19:37:56.000Z</time>
      </trkpt>
      <trkpt lat="40.658084" lon="-73.973095">
        <ele>41.2</ele>
        <time>2026-04-01T19:37:57.000Z</time>
      </trkpt>
      <trkpt lat="40.657997" lon="-73.97309">
        <ele>41</ele>
        <time>2026-04-01T19:37:58.000Z</time>
      </trkpt>
      <trkpt lat="40.65791" lon="-73.973089">
        <ele>40.8</ele>
        <time>2026-04-01T19:37:59.000Z</time>
      </trkpt>
      <trkpt lat="40.657824" lon="-73.97309">
        <ele>40.6</ele>
        <time>2026-04-01T19:38:00.000Z</time>
      </trkpt>
      <trkpt lat="40.657737" lon="-73.973093">
        <ele>40.2</ele>
        <time>2026-04-01T19:38:01.000Z</time>
      </trkpt>
      <trkpt lat="40.65765" lon="-73.9731">
        <ele>40</ele>
        <time>2026-04-01T19:38:02.000Z</time>
      </trkpt>
      <trkpt lat="40.657562" lon="-73.973108">
        <ele>39.8</ele>
        <time>2026-04-01T19:38:03.000Z</time>
      </trkpt>
      <trkpt lat="40.657469" lon="-73.973118">
        <ele>39.4</ele>
        <time>2026-04-01T19:38:04.000Z</time>
      </trkpt>
      <trkpt lat="40.657373" lon="-73.973128">
        <ele>39.2</ele>
        <time>2026-04-01T19:38:05.000Z</time>
      </trkpt>
      <trkpt lat="40.657276" lon="-73.973138">
        <ele>38.8</ele>
        <time>2026-04-01T19:38:06.000Z</time>
      </trkpt>
      <trkpt lat="40.657177" lon="-73.973149">
        <ele>38.4</ele>
        <time>2026-04-01T19:38:07.000Z</time>
      </trkpt>
      <trkpt lat="40.657077" lon="-73.973158">
        <ele>38</ele>
        <time>2026-04-01T19:38:08.000Z</time>
      </trkpt>
      <trkpt lat="40.656976" lon="-73.973166">
        <ele>37.6</ele>
        <time>2026-04-01T19:38:09.000Z</time>
      </trkpt>
      <trkpt lat="40.656874" lon="-73.973172">
        <ele>37.2</ele>
        <time>2026-04-01T19:38:10.000Z</time>
      </trkpt>
      <trkpt lat="40.656772" lon="-73.973173">
        <ele>36.8</ele>
        <time>2026-04-01T19:38:11.000Z</time>
      </trkpt>
      <trkpt lat="40.656668" lon="-73.973165">
        <ele>36.2</ele>
        <time>2026-04-01T19:38:12.000Z</time>
      </trkpt>
      <trkpt lat="40.656565" lon="-73.97315">
        <ele>35.8</ele>
        <time>2026-04-01T19:38:13.000Z</time>
      </trkpt>
      <trkpt lat="40.656462" lon="-73.97313">
        <ele>35.4</ele>
        <time>2026-04-01T19:38:14.000Z</time>
      </trkpt>
      <trkpt lat="40.656359" lon="-73.973105">
        <ele>34.8</ele>
        <time>2026-04-01T19:38:15.000Z</time>
      </trkpt>
      <trkpt lat="40.656257" lon="-73.973068">
        <ele>34.4</ele>
        <time>2026-04-01T19:38:16.000Z</time>
      </trkpt>
      <trkpt lat="40.656156" lon="-73.973023">
        <ele>34</ele>
        <time>2026-04-01T19:38:17.000Z</time>
      </trkpt>
      <trkpt lat="40.656056" lon="-73.972971">
        <ele>33.6</ele>
        <time>2026-04-01T19:38:18.000Z</time>
      </trkpt>
      <trkpt lat="40.655957" lon="-73.97291">
        <ele>33.2</ele>
        <time>2026-04-01T19:38:19.000Z</time>
      </trkpt>
      <trkpt lat="40.655863" lon="-73.972839">
        <ele>32.6</ele>
        <time>2026-04-01T19:38:20.000Z</time>
      </trkpt>
      <trkpt lat="40.655773" lon="-73.972757">
        <ele>32.2</ele>
        <time>2026-04-01T19:38:21.000Z</time>
      </trkpt>
      <trkpt lat="40.655688" lon="-73.972665">
        <ele>31.8</ele>
        <time>2026-04-01T19:38:22.000Z</time>
      </trkpt>
      <trkpt lat="40.655606" lon="-73.972567">
        <ele>31.4</ele>
        <time>2026-04-01T19:38:23.000Z</time>
      </trkpt>
      <trkpt lat="40.655526" lon="-73.972466">
        <ele>31</ele>
        <time>2026-04-01T19:38:24.000Z</time>
      </trkpt>
      <trkpt lat="40.655444" lon="-73.972367">
        <ele>30.6</ele>
        <time>2026-04-01T19:38:25.000Z</time>
      </trkpt>
      <trkpt lat="40.655359" lon="-73.972272">
        <ele>30</ele>
        <time>2026-04-01T19:38:26.000Z</time>
      </trkpt>
      <trkpt lat="40.655271" lon="-73.97218">
        <ele>29.6</ele>
        <time>2026-04-01T19:38:27.000Z</time>
      </trkpt>
      <trkpt lat="40.655178" lon="-73.972096">
        <ele>29.2</ele>
        <time>2026-04-01T19:38:28.000Z</time>
      </trkpt>
      <trkpt lat="40.655081" lon="-73.97202">
        <ele>28.8</ele>
        <time>2026-04-01T19:38:29.000Z</time>
      </trkpt>
      <trkpt lat="40.654981" lon="-73.971955">
        <ele>28.4</ele>
        <time>2026-04-01T19:38:30.000Z</time>
      </trkpt>
      <trkpt lat="40.654878" lon="-73.971902">
        <ele>28.2</ele>
        <time>2026-04-01T19:38:31.000Z</time>
      </trkpt>
      <trkpt lat="40.654772" lon="-73.971865">
        <ele>27.8</ele>
        <time>2026-04-01T19:38:32.000Z</time>
      </trkpt>
      <trkpt lat="40.654665" lon="-73.971841">
        <ele>27.4</ele>
        <time>2026-04-01T19:38:33.000Z</time>
      </trkpt>
      <trkpt lat="40.654561" lon="-73.971828">
        <ele>27.2</ele>
        <time>2026-04-01T19:38:34.000Z</time>
      </trkpt>
      <trkpt lat="40.654457" lon="-73.971824">
        <ele>27</ele>
        <time>2026-04-01T19:38:35.000Z</time>
      </trkpt>
      <trkpt lat="40.654355" lon="-73.97183">
        <ele>26.8</ele>
        <time>2026-04-01T19:38:36.000Z</time>
      </trkpt>
      <trkpt lat="40.654255" lon="-73.971844">
        <ele>26.4</ele>
        <time>2026-04-01T19:38:37.000Z</time>
      </trkpt>
      <trkpt lat="40.654158" lon="-73.971866">
        <ele>26.2</ele>
        <time>2026-04-01T19:38:38.000Z</time>
      </trkpt>
      <trkpt lat="40.654064" lon="-73.971894">
        <ele>26.2</ele>
        <time>2026-04-01T19:38:39.000Z</time>
      </trkpt>
      <trkpt lat="40.65397" lon="-73.971927">
        <ele>26</ele>
        <time>2026-04-01T19:38:40.000Z</time>
      </trkpt>
      <trkpt lat="40.653878" lon="-73.971962">
        <ele>25.8</ele>
        <time>2026-04-01T19:38:41.000Z</time>
      </trkpt>
      <trkpt lat="40.653788" lon="-73.971996">
        <ele>25.6</ele>
        <time>2026-04-01T19:38:42.000Z</time>
      </trkpt>
      <trkpt lat="40.653699" lon="-73.972026">
        <ele>25.4</ele>
        <time>2026-04-01T19:38:43.000Z</time>
      </trkpt>
      <trkpt lat="40.653613" lon="-73.972051">
        <ele>25.4</ele>
        <time>2026-04-01T19:38:44.000Z</time>
      </trkpt>
      <trkpt lat="40.653528" lon="-73.972066">
        <ele>25.2</ele>
        <time>2026-04-01T19:38:45.000Z</time>
      </trkpt>
      <trkpt lat="40.653441" lon="-73.972073">
        <ele>25</ele>
        <time>2026-04-01T19:38:46.000Z</time>
      </trkpt>
      <trkpt lat="40.653356" lon="-73.972073">
        <ele>25</ele>
        <time>2026-04-01T19:38:47.000Z</time>
      </trkpt>
      <trkpt lat="40.653271" lon="-73.972068">
        <ele>24.8</ele>
        <time>2026-04-01T19:38:48.000Z</time>
      </trkpt>
      <trkpt lat="40.65319" lon="-73.97206">
        <ele>24.6</ele>
        <time>2026-04-01T19:38:49.000Z</time>
      </trkpt>
      <trkpt lat="40.653111" lon="-73.972052">
        <ele>24.4</ele>
        <time>2026-04-01T19:38:50.000Z</time>
      </trkpt>
      <trkpt lat="40.653038" lon="-73.972039">
        <ele>24.4</ele>
        <time>2026-04-01T19:38:51.000Z</time>
      </trkpt>
      <trkpt lat="40.652968" lon="-73.972016">
        <ele>24.2</ele>
        <time>2026-04-01T19:38:52.000Z</time>
      </trkpt>
      <trkpt lat="40.652902" lon="-73.971989">
        <ele>24</ele>
        <time>2026-04-01T19:38:53.000Z</time>
      </trkpt>
      <trkpt lat="40.65284" lon="-73.971962">
        <ele>23.8</ele>
        <time>2026-04-01T19:38:54.000Z</time>
      </trkpt>
      <trkpt lat="40.652779" lon="-73.971942">
        <ele>23.6</ele>
        <time>2026-04-01T19:38:55.000Z</time>
      </trkpt>
      <trkpt lat="40.652717" lon="-73.971936">
        <ele>23.2</ele>
        <time>2026-04-01T19:38:56.000Z</time>
      </trkpt>
      <trkpt lat="40.652655" lon="-73.971945">
        <ele>23</ele>
        <time>2026-04-01T19:38:57.000Z</time>
      </trkpt>
      <trkpt lat="40.652594" lon="-73.971958">
        <ele>22.8</ele>
        <time>2026-04-01T19:38:58.000Z</time>
      </trkpt>
      <trkpt lat="40.652533" lon="-73.971968">
        <ele>22.6</ele>
        <time>2026-04-01T19:38:59.000Z</time>
      </trkpt>
      <trkpt lat="40.652474" lon="-73.971986">
        <ele>22.4</ele>
        <time>2026-04-01T19:39:00.000Z</time>
      </trkpt>
      <trkpt lat="40.652419" lon="-73.972014">
        <ele>22.2</ele>
        <time>2026-04-01T19:39:01.000Z</time>
      </trkpt>
      <trkpt lat="40.652365" lon="-73.972046">
        <ele>22</ele>
        <time>2026-04-01T19:39:02.000Z</time>
      </trkpt>
      <trkpt lat="40.652311" lon="-73.972082">
        <ele>22</ele>
        <time>2026-04-01T19:39:03.000Z</time>
      </trkpt>
      <trkpt lat="40.652258" lon="-73.972123">
        <ele>21.8</ele>
        <time>2026-04-01T19:39:04.000Z</time>
      </trkpt>
      <trkpt lat="40.652205" lon="-73.972165">
        <ele>21.6</ele>
        <time>2026-04-01T19:39:05.000Z</time>
      </trkpt>
      <trkpt lat="40.652153" lon="-73.9722">
        <ele>21.6</ele>
        <time>2026-04-01T19:39:06.000Z</time>
      </trkpt>
      <trkpt lat="40.6521" lon="-73.97223">
        <ele>21.4</ele>
        <time>2026-04-01T19:39:07.000Z</time>
      </trkpt>
      <trkpt lat="40.652047" lon="-73.972258">
        <ele>21.4</ele>
        <time>2026-04-01T19:39:08.000Z</time>
      </trkpt>
      <trkpt lat="40.651994" lon="-73.972283">
        <ele>21.2</ele>
        <time>2026-04-01T19:39:09.000Z</time>
      </trkpt>
      <trkpt lat="40.65194" lon="-73.972306">
        <ele>21.2</ele>
        <time>2026-04-01T19:39:10.000Z</time>
      </trkpt>
      <trkpt lat="40.651884" lon="-73.972319">
        <ele>21</ele>
        <time>2026-04-01T19:39:11.000Z</time>
      </trkpt>
      <trkpt lat="40.651825" lon="-73.972322">
        <ele>21</ele>
        <time>2026-04-01T19:39:12.000Z</time>
      </trkpt>
      <trkpt lat="40.651766" lon="-73.972325">
        <ele>20.8</ele>
        <time>2026-04-01T19:39:13.000Z</time>
      </trkpt>
      <trkpt lat="40.651711" lon="-73.972304">
        <ele>20.6</ele>
        <time>2026-04-01T19:39:14.000Z</time>
      </trkpt>
    </trkseg>
  </trk>
</gpx>
